pair_id,scene,group,roma__D_strict,roma__D_ignore,roma__D_raw,roma__D_no_seed0,roma__D2_seeds01,roma__y,roma__S1,roma__n_success_seeds,roma__any_failed,roma__comb_D_strict,roma__comb_D_ignore,roma__comb_D_raw_median_with_inf,roma__comb_D_no_seed0,roma__comb_D2_seeds01,roma__fa42,ma_roma__D_strict,ma_roma__D_ignore,ma_roma__D_raw,ma_roma__D_no_seed0,ma_roma__D2_seeds01,ma_roma__y,ma_roma__S1,ma_roma__n_success_seeds,ma_roma__any_failed,ma_roma__comb_D_strict,ma_roma__comb_D_ignore,ma_roma__comb_D_raw_median_with_inf,ma_roma__comb_D_no_seed0,ma_roma__comb_D2_seeds01,ma_roma__fa42
eval_5842WCu-Spalled_SEM-SE_SEM-BSE_Multiscale_0#0,eval_5842WCu-Spalled_SEM-SE_SEM-BSE_Multiscale_0,Multiscale,1.8655398261713863,1.8655398261713863,1.8655398261713863,1.8813939561586244,2.7964548640584828,True,0.2126,6,False,0.7994652406417113,0.7994652406417113,0.7994652406417113,0.7967914438502675,0.7620320855614974,False,3.8269022080846202,3.8269022080846202,3.8269022080846202,3.9778097477257797,0.9402496351291739,False,0.112,0,False,0.6096256684491979,0.6096256684491979,0.6096256684491979,0.5989304812834224,0.660427807486631,False
eval_AF9628-Martensitic_SEM-SE-Stitch_EBSD_SameSlice_0#0,eval_AF9628-Martensitic_SEM-SE-Stitch_EBSD_SameSlice_0,SameSlice,5.766896587574129,5.766896587574129,5.766896587574129,6.26483364257871,7.895449880767022,True,0.304,6,False,0.7807486631016043,0.7807486631016043,0.7807486631016043,0.7700534759358288,0.7406417112299466,False,8.334016921450186,8.334016921450186,8.334016921450186,8.687177189907786,8.334016921450186,True,0.1246,5,False,0.5588235294117647,0.5588235294117647,0.5588235294117647,0.5427807486631016,0.5481283422459893,False
eval_AF9628-Martensitic_SEM-SE-Stitch_EBSD_SameSlice_0#1,eval_AF9628-Martensitic_SEM-SE-Stitch_EBSD_SameSlice_0,SameSlice,7605.109083963342,7605.109083963342,7605.109083963342,7980.293558529198,775.1973193093701,False,0.0079,0,False,0.010695187165775402,0.010695187165775402,0.010695187165775402,0.010695187165775402,0.05080213903743315,False,33.21128895003107,33.21128895003107,33.21128895003107,45.667135757951314,102.82183684442211,False,0.049,2,False,0.339572192513369,0.339572192513369,0.339572192513369,0.3074866310160428,0.27005347593582885,False
eval_AF9628-Martensitic_SEM-SE-Stitch_EBSD_SameSlice_0#2,eval_AF9628-Martensitic_SEM-SE-Stitch_EBSD_SameSlice_0,SameSlice,8.767498457978313,8.767498457978313,8.767498457978313,9.634687902875648,1.1254165675173646,True,0.1461,6,False,0.6363636363636364,0.6363636363636364,0.6363636363636364,0.6176470588235294,0.7379679144385026,False,0.6112817878453382,0.6112817878453382,0.6112817878453382,0.5964351754353112,1.0053684524963489,True,0.7646,6,False,0.9304812834224598,0.9304812834224598,0.9304812834224598,0.9278074866310161,0.8983957219251337,False
eval_AF9628-Martensitic_SEM-SE-Stitch_EBSD_SameSlice_1#0,eval_AF9628-Martensitic_SEM-SE-Stitch_EBSD_SameSlice_1,SameSlice,0.2163518826359335,0.2163518826359335,0.2163518826359335,0.2656851010921957,0.35188096375665706,True,0.6925,6,False,0.9411764705882353,0.9411764705882353,0.9411764705882353,0.9411764705882353,0.9331550802139037,False,0.6864300413408181,0.6864300413408181,0.6864300413408181,0.8299342544684508,0.5437199934104816,True,0.402,6,False,0.8502673796791445,0.8502673796791445,0.8502673796791445,0.8449197860962567,0.8449197860962567,False
eval_AF9628-Martensitic_SEM-SE-Stitch_EBSD_SameSlice_1#1,eval_AF9628-Martensitic_SEM-SE-Stitch_EBSD_SameSlice_1,SameSlice,46.395689084032114,46.395689084032114,46.395689084032114,53.35407062185163,8.49123066989625,False,0.1568,0,False,0.5,0.5,0.5,0.4732620320855615,0.6363636363636364,False,3.0777306313523325,3.0777306313523325,3.0777306313523325,2.645893903831177,15.983465040781095,True,0.1366,6,False,0.6577540106951871,0.6577540106951871,0.6577540106951871,0.6550802139037433,0.5053475935828877,False
eval_AF9628-Martensitic_SEM-SE-Stitch_EBSD_SameSlice_1#2,eval_AF9628-Martensitic_SEM-SE-Stitch_EBSD_SameSlice_1,SameSlice,1.3702992308223523,1.3702992308223523,1.3702992308223523,1.2701662604495865,0.7200081947541223,True,0.8106,6,False,0.9304812834224598,0.9304812834224598,0.9304812834224598,0.9358288770053476,0.9304812834224598,False,1.3825160797634972,1.3825160797634972,1.3825160797634972,1.3693743825569227,1.4587288269485952,True,0.8041,6,False,0.9117647058823529,0.9117647058823529,0.9117647058823529,0.9090909090909091,0.8903743315508021,False
eval_AF9628-Martensitic_SEM-SE-Stitch_EBSD_SameSlice_2#0,eval_AF9628-Martensitic_SEM-SE-Stitch_EBSD_SameSlice_2,SameSlice,0.9329634352064139,0.9329634352064139,0.9329634352064139,0.9379323767795902,0.09316685057420596,True,0.8984,6,False,0.9491978609625669,0.9491978609625669,0.9491978609625669,0.9518716577540107,0.9679144385026738,False,1.4409749915613674,1.4409749915613674,1.4409749915613674,1.5569093369969345,2.0677012196674305,True,0.5086,6,False,0.8609625668449198,0.8609625668449198,0.8609625668449198,0.8529411764705883,0.8288770053475936,False
eval_AF9628-Martensitic_SEM-SE-Stitch_EBSD_SameSlice_2#1,eval_AF9628-Martensitic_SEM-SE-Stitch_EBSD_SameSlice_2,SameSlice,455.9465797629182,455.9465797629182,455.9465797629182,381.79537015255977,512.2172998189532,False,0.0167,1,False,0.08556149732620322,0.08556149732620322,0.08556149732620322,0.0962566844919786,0.08556149732620322,False,17.52432919940536,17.52432919940536,17.52432919940536,17.330873437950473,19.639790345563757,False,0.0805,1,False,0.4411764705882353,0.4411764705882353,0.4411764705882353,0.43315508021390375,0.4251336898395722,False
eval_AF9628-Martensitic_SEM-SE-Stitch_EBSD_SameSlice_2#2,eval_AF9628-Martensitic_SEM-SE-Stitch_EBSD_SameSlice_2,SameSlice,0.061107391473789796,0.061107391473789796,0.061107391473789796,0.06465901454984632,0.052254930862529594,True,0.9728,6,False,0.983957219251337,0.983957219251337,0.983957219251337,0.9812834224598931,0.983957219251337,False,0.08921638523571347,0.08921638523571347,0.08921638523571347,0.09564646835967669,0.07397885374162186,True,0.932,6,False,0.9786096256684492,0.9786096256684492,0.9786096256684492,0.9759358288770054,0.9786096256684492,False
eval_AF9628-Martensitic_SEM-SE-Stitch_EBSD_SameSlice_3#0,eval_AF9628-Martensitic_SEM-SE-Stitch_EBSD_SameSlice_3,SameSlice,3.0590987497905893,3.0590987497905893,3.0590987497905893,3.3113587169662733,3.1674421925746863,True,0.272,6,False,0.8128342245989304,0.8128342245989304,0.8128342245989304,0.8048128342245989,0.7834224598930482,False,15.531467408672883,15.531467408672883,15.531467408672883,17.206892235021485,18.000489262167477,False,0.1121,1,False,0.4839572192513369,0.4839572192513369,0.4839572192513369,0.4679144385026738,0.4732620320855615,False
eval_AF9628-Martensitic_SEM-SE-Stitch_EBSD_SameSlice_3#1,eval_AF9628-Martensitic_SEM-SE-Stitch_EBSD_SameSlice_3,SameSlice,42.03234464478244,42.03234464478244,42.03234464478244,51.504092105874165,64.85898996919194,False,0.1369,0,False,0.4732620320855615,0.4732620320855615,0.4732620320855615,0.446524064171123,0.446524064171123,False,29.028695766361146,29.028695766361146,29.028695766361146,27.513722679853657,30.969143827794255,False,0.0434,0,False,0.3342245989304813,0.3342245989304813,0.3342245989304813,0.3235294117647059,0.3235294117647059,False
eval_AF9628-Martensitic_SEM-SE-Stitch_EBSD_SameSlice_3#2,eval_AF9628-Martensitic_SEM-SE-Stitch_EBSD_SameSlice_3,SameSlice,1.1156725358729167,1.1156725358729167,1.1156725358729167,1.1805523897482706,0.25887180563181356,True,0.4675,6,False,0.8983957219251337,0.8983957219251337,0.8983957219251337,0.9010695187165776,0.9117647058823529,False,0.24043157730540388,0.24043157730540388,0.24043157730540388,0.2308182444280919,0.28705554701551955,True,0.4716,6,False,0.8903743315508021,0.8903743315508021,0.8903743315508021,0.8903743315508021,0.8877005347593583,False
eval_AF9628-Martensitic_SEM-SE-Stitch_EBSD_SameSlice_4#0,eval_AF9628-Martensitic_SEM-SE-Stitch_EBSD_SameSlice_4,SameSlice,1.8786002341261794,1.8786002341261794,1.8786002341261794,1.9269844711300896,1.328589720411525,True,0.697,6,False,0.9117647058823529,0.9117647058823529,0.9117647058823529,0.9090909090909091,0.9117647058823529,False,2.6175907484930643,2.6175907484930643,2.6175907484930643,2.022207956551905,4.05095153528573,True,0.397,6,False,0.7994652406417112,0.7994652406417112,0.7994652406417112,0.8101604278074865,0.7459893048128342,False
eval_AF9628-Martensitic_SEM-SE-Stitch_EBSD_SameSlice_4#1,eval_AF9628-Martensitic_SEM-SE-Stitch_EBSD_SameSlice_4,SameSlice,73.3447895197491,73.3447895197491,73.3447895197491,14.252354580242265,154.92005362756433,False,0.1015,0,False,0.38235294117647056,0.38235294117647056,0.38235294117647056,0.5080213903743316,0.35294117647058826,False,6.707598640464924,6.707598640464924,6.707598640464924,7.838119811371316,3.179267400594102,True,0.1711,6,False,0.6149732620320856,0.6149732620320856,0.6149732620320856,0.5909090909090909,0.6497326203208555,False
eval_AF9628-Martensitic_SEM-SE-Stitch_EBSD_SameSlice_4#2,eval_AF9628-Martensitic_SEM-SE-Stitch_EBSD_SameSlice_4,SameSlice,0.9142570123391482,0.9142570123391482,0.9142570123391482,0.9409090133181167,0.6239675543232441,True,0.735,6,False,0.9411764705882353,0.9411764705882353,0.9411764705882353,0.9385026737967914,0.927807486631016,False,0.7458690565496607,0.7458690565496607,0.7458690565496607,0.38205501181946244,0.9228822860283923,True,0.7645,6,False,0.9171122994652406,0.9171122994652406,0.9171122994652406,0.9331550802139037,0.9037433155080214,False
eval_C103_SEM-SE_LOM-DC-Height_FractureSurfaces_0#0,eval_C103_SEM-SE_LOM-DC-Height_FractureSurfaces_0,FractureSurfaces,331.8659291219259,331.8659291219259,331.8659291219259,320.05753627352135,374.2898749130267,False,0.0331,0,False,0.15508021390374332,0.15508021390374332,0.15508021390374332,0.15508021390374332,0.15775401069518719,False,13.763073855326892,13.763073855326892,13.763073855326892,14.362559752020136,8.373398178585328,True,0.4628,6,False,0.6844919786096257,0.6844919786096257,0.6844919786096257,0.679144385026738,0.7165775401069518,False
eval_C103_SEM-SE_LOM-DC-Height_FractureSurfaces_0#1,eval_C103_SEM-SE_LOM-DC-Height_FractureSurfaces_0,FractureSurfaces,2957.023512237737,2957.023512237737,2957.023512237737,3430.5819687075323,2408.305135262227,False,0.0152,0,False,0.0320855614973262,0.0320855614973262,0.0320855614973262,0.0320855614973262,0.0427807486631016,False,19.266030817837276,19.266030817837276,19.266030817837276,20.543269340963278,19.266030817837276,True,0.2065,5,False,0.5133689839572193,0.5133689839572193,0.5133689839572193,0.5080213903743316,0.5187165775401069,False
eval_C103_SEM-SE_LOM-DC-Height_FractureSurfaces_1#0,eval_C103_SEM-SE_LOM-DC-Height_FractureSurfaces_1,FractureSurfaces,209.5726690452618,209.5726690452618,209.5726690452618,200.52959944094465,502.6450969134341,False,0.0307,0,False,0.16844919786096257,0.16844919786096257,0.16844919786096257,0.17112299465240643,0.14171122994652408,False,1.980534672121773,1.980534672121773,1.980534672121773,2.032664836779742,0.9806496174286161,True,0.5832,6,False,0.8689839572192513,0.8689839572192513,0.8689839572192513,0.8609625668449198,0.8770053475935828,False
eval_C103_SEM-SE_LOM-DC-Height_FractureSurfaces_1#1,eval_C103_SEM-SE_LOM-DC-Height_FractureSurfaces_1,FractureSurfaces,452.80970430939493,452.80970430939493,452.80970430939493,386.7899460635192,201.06167631906942,False,0.0887,0,False,0.27005347593582885,0.27005347593582885,0.27005347593582885,0.27540106951871657,0.3048128342245989,False,4.758659279748183,4.758659279748183,4.758659279748183,4.656182694941121,4.758659279748183,True,0.3534,6,False,0.7272727272727273,0.7272727272727273,0.7272727272727273,0.7219251336898396,0.6978609625668448,False
eval_C103_SEM-SE_LOM-DC-Height_FractureSurfaces_2#0,eval_C103_SEM-SE_LOM-DC-Height_FractureSurfaces_2,FractureSurfaces,2248.000436865791,2248.000436865791,2248.000436865791,2412.7188370489766,2154.0571399515347,False,0.0122,0,False,0.034759358288770054,0.034759358288770054,0.034759358288770054,0.03208556149732621,0.040106951871657755,False,4.182315931323361,4.182315931323361,4.182315931323361,4.177655610286311,4.243199046542578,True,0.5394,6,False,0.8155080213903743,0.8155080213903743,0.8155080213903743,0.8101604278074866,0.7834224598930482,False
eval_C103_SEM-SE_LOM-DC-Height_FractureSurfaces_2#1,eval_C103_SEM-SE_LOM-DC-Height_FractureSurfaces_2,FractureSurfaces,74.20319356144824,74.20319356144824,74.20319356144824,89.35004995845786,78.17894190138212,False,0.0594,0,False,0.2887700534759359,0.2887700534759359,0.2887700534759359,0.2727272727272727,0.3048128342245989,False,8.75757668671654,8.75757668671654,8.75757668671654,9.018697524011003,10.234847718235182,True,0.4999,6,False,0.732620320855615,0.732620320855615,0.732620320855615,0.7165775401069518,0.7165775401069518,False
eval_CoNi-AM67_OM-SEM_Multiscale_0#0,eval_CoNi-AM67_OM-SEM_Multiscale_0,Multiscale,0.1651785325452653,0.1651785325452653,0.1651785325452653,0.20776951023582035,0.08448254285774494,True,0.8533,6,False,0.9598930481283423,0.9598930481283423,0.9598930481283423,0.9598930481283423,0.9679144385026739,False,0.07636455917436953,0.07636455917436953,0.07636455917436953,0.07997949096874155,0.08810962961274386,True,0.8743,6,False,0.9786096256684491,0.9786096256684491,0.9786096256684491,0.9759358288770054,0.9732620320855615,False
eval_CoNi-AM67_OM-SEM_Multiscale_0#1,eval_CoNi-AM67_OM-SEM_Multiscale_0,Multiscale,64.40486835047653,64.40486835047653,64.40486835047653,60.370092052739594,65.75871187383507,False,0.0344,0,False,0.25133689839572193,0.25133689839572193,0.25133689839572193,0.24331550802139038,0.25668449197860965,False,66.76597049802258,66.76597049802258,66.76597049802258,68.83448348376761,108.53433777547487,False,0.0383,0,False,0.2540106951871658,0.2540106951871658,0.2540106951871658,0.24866310160427807,0.23262032085561496,False
eval_CoNi-AM67_OM-SEM_Multiscale_0#2,eval_CoNi-AM67_OM-SEM_Multiscale_0,Multiscale,33.96462481050856,33.96462481050856,33.96462481050856,13.633571565781786,227.33219528905508,False,0.1435,0,False,0.49732620320855614,0.49732620320855614,0.49732620320855614,0.5614973262032086,0.36898395721925137,False,727.4979592821078,727.4979592821078,727.4979592821078,821.8040233049129,114.18254015528724,False,0.0264,0,False,0.12566844919786097,0.12566844919786097,0.12566844919786097,0.10695187165775401,0.1925133689839572,False
eval_CoNi-AM67_SEM-EBSD_SameSliceSerialSectioning_0#0,eval_CoNi-AM67_SEM-EBSD_SameSliceSerialSectioning_0,SerialSectioning,11.432407530432036,11.432407530432036,11.432407530432036,11.802776973972232,17.00420992363427,False,0.1877,0,False,0.6550802139037433,0.6550802139037433,0.6550802139037433,0.6443850267379678,0.5989304812834224,False,106.37226097227716,106.37226097227716,106.37226097227716,7.493331554756539,117.3149874988281,False,0.0636,0,False,0.26737967914438504,0.26737967914438504,0.26737967914438504,0.4839572192513369,0.26737967914438504,False
eval_CoNi-AM67_SEM-EBSD_SameSliceSerialSectioning_0#1,eval_CoNi-AM67_SEM-EBSD_SameSliceSerialSectioning_0,SerialSectioning,257.91957531064486,257.91957531064486,257.91957531064486,240.59596939524434,541.8577371287812,False,0.0246,0,False,0.13368983957219252,0.13368983957219252,0.13368983957219252,0.13636363636363635,0.10427807486631016,False,57.32408646933185,57.32408646933185,57.32408646933185,61.47258539408293,21.448500733881975,False,0.0317,0,False,0.25133689839572193,0.25133689839572193,0.25133689839572193,0.23796791443850268,0.31016042780748665,False
eval_CoNi-AM67_SEM-EBSD_SameSliceSerialSectioning_0#2,eval_CoNi-AM67_SEM-EBSD_SameSliceSerialSectioning_0,SerialSectioning,8.871735446095974,8.871735446095974,8.871735446095974,8.601154149354477,7.3823222801922705,False,0.1612,0,False,0.660427807486631,0.660427807486631,0.660427807486631,0.6550802139037433,0.6631016042780749,False,6.225147410240405,6.225147410240405,6.225147410240405,6.212395034928345,2.2033356000774074,False,0.1631,0,False,0.6203208556149733,0.6203208556149733,0.6203208556149733,0.606951871657754,0.6657754010695187,False
eval_CoNi-AM67_SEM-EBSD_SameSliceSerialSectioning_0#3,eval_CoNi-AM67_SEM-EBSD_SameSliceSerialSectioning_0,SerialSectioning,4.706823758960134,4.706823758960134,4.706823758960134,6.102331223318519,3.1229352942910458,False,0.2747,0,False,0.7967914438502675,0.7967914438502675,0.7967914438502675,0.7727272727272727,0.7914438502673797,False,54.478666188678034,54.478666188678034,54.478666188678034,54.782215125582475,74.54618869333835,False,0.0777,0,False,0.3529411764705882,0.3529411764705882,0.3529411764705882,0.3449197860962567,0.3449197860962567,False
eval_CoNi-AM67_SEM-EBSD_SameSliceSerialSectioning_0#4,eval_CoNi-AM67_SEM-EBSD_SameSliceSerialSectioning_0,SerialSectioning,39.799245425195906,39.799245425195906,39.799245425195906,43.30642433855145,11.86535674669768,False,0.0486,0,False,0.3181818181818182,0.3181818181818182,0.3181818181818182,0.30213903743315507,0.4144385026737968,False,54.37423493799571,54.37423493799571,54.37423493799571,55.813258066468286,45.49342366607009,False,0.055,0,False,0.3128342245989305,0.3128342245989305,0.3128342245989305,0.2967914438502674,0.31818181818181823,False
eval_CoNi-AM67_SEM-EBSD_SameSliceSerialSectioning_0#5,eval_CoNi-AM67_SEM-EBSD_SameSliceSerialSectioning_0,SerialSectioning,10.770047509978463,10.770047509978463,10.770047509978463,12.82318557027839,10.770047509978463,False,0.1534,0,False,0.625668449197861,0.625668449197861,0.625668449197861,0.5882352941176471,0.6122994652406417,False,54.18922991871101,54.18922991871101,54.18922991871101,47.92255155968934,50.20027902134231,False,0.0891,0,False,0.3796791443850267,0.3796791443850267,0.3796791443850267,0.37700534759358284,0.37700534759358284,False
eval_CoNi-AM67_SEM-EBSD_SameSliceSerialSectioning_1#0,eval_CoNi-AM67_SEM-EBSD_SameSliceSerialSectioning_1,SerialSectioning,23.819075038149872,23.819075038149872,23.819075038149872,24.13272298007574,15.750166923647095,False,0.1561,0,False,0.5561497326203209,0.5561497326203209,0.5561497326203209,0.5401069518716577,0.5802139037433155,False,82.15785704819126,82.15785704819126,82.15785704819126,53.7339340995987,10.50046226916514,False,0.1416,0,False,0.37967914438502676,0.37967914438502676,0.37967914438502676,0.4144385026737968,0.5401069518716577,False
eval_CoNi-AM67_SEM-EBSD_SameSliceSerialSectioning_1#1,eval_CoNi-AM67_SEM-EBSD_SameSliceSerialSectioning_1,SerialSectioning,204.86648632380155,204.86648632380155,204.86648632380155,193.8128691863073,439.56059602721143,False,0.0292,0,False,0.16310160427807485,0.16310160427807485,0.16310160427807485,0.1657754010695187,0.14171122994652408,False,90.47688435806647,90.47688435806647,90.47688435806647,97.777067890404,82.10750096241523,False,0.0564,0,False,0.2700534759358289,0.2700534759358289,0.2700534759358289,0.2540106951871658,0.2914438502673797,False
eval_CoNi-AM67_SEM-EBSD_SameSliceSerialSectioning_1#2,eval_CoNi-AM67_SEM-EBSD_SameSliceSerialSectioning_1,SerialSectioning,19.628163306592402,19.628163306592402,19.628163306592402,22.849296333932205,28.867888409964436,False,0.1836,0,False,0.5909090909090909,0.5909090909090909,0.5909090909090909,0.5695187165775402,0.5481283422459893,False,16.36973133993903,16.36973133993903,16.36973133993903,18.541394132393272,2.6681944796776658,False,0.3726,0,False,0.6203208556149733,0.6203208556149733,0.6203208556149733,0.6042780748663101,0.7566844919786097,False
eval_CoNi-AM67_SEM-EBSD_SameSliceSerialSectioning_1#3,eval_CoNi-AM67_SEM-EBSD_SameSliceSerialSectioning_1,SerialSectioning,257.81467441242734,257.81467441242734,257.81467441242734,222.9848587857678,497.04826104987626,False,0.0537,0,False,0.20053475935828877,0.20053475935828877,0.20053475935828877,0.20588235294117646,0.18449197860962568,False,7.9218863225691765,7.9218863225691765,7.9218863225691765,9.463013456841963,35.66781383339559,False,0.1362,0,False,0.572192513368984,0.572192513368984,0.572192513368984,0.5401069518716578,0.43315508021390375,False
eval_CoNi-AM67_SEM-EBSD_SameSliceSerialSectioning_1#4,eval_CoNi-AM67_SEM-EBSD_SameSliceSerialSectioning_1,SerialSectioning,137.8852870790589,137.8852870790589,137.8852870790589,143.12391641691931,74.72508813190326,False,0.0207,0,False,0.15508021390374332,0.15508021390374332,0.15508021390374332,0.14705882352941177,0.20053475935828877,False,20.32173827896068,20.32173827896068,20.32173827896068,19.958981082255153,20.32173827896068,False,0.0506,0,False,0.36363636363636365,0.36363636363636365,0.36363636363636365,0.36898395721925137,0.36363636363636365,False
eval_CoNi-AM67_SEM-EBSD_SameSliceSerialSectioning_1#5,eval_CoNi-AM67_SEM-EBSD_SameSliceSerialSectioning_1,SerialSectioning,76.61081289443685,76.61081289443685,76.61081289443685,76.80745455014906,24.154253167608836,False,0.0969,0,False,0.37433155080213903,0.37433155080213903,0.37433155080213903,0.36898395721925137,0.4679144385026738,False,13.496321800254778,13.496321800254778,13.496321800254778,8.821572770217394,18.17929268110492,False,0.1101,0,False,0.49732620320855614,0.49732620320855614,0.49732620320855614,0.516042780748663,0.4625668449197861,False
eval_CoNi-AM67_SEM-EBSD_SameSliceSerialSectioning_2#0,eval_CoNi-AM67_SEM-EBSD_SameSliceSerialSectioning_2,SerialSectioning,27.476354495274105,27.476354495274105,27.476354495274105,30.256147009005446,27.350429745665505,False,0.163,0,False,0.5561497326203209,0.5561497326203209,0.5561497326203209,0.5320855614973262,0.5454545454545454,False,15.004869977714382,15.004869977714382,15.004869977714382,24.693942156536295,11.678004177002054,False,0.1243,0,False,0.5026737967914439,0.5026737967914439,0.5026737967914439,0.44385026737967914,0.518716577540107,False
eval_CoNi-AM67_SEM-EBSD_SameSliceSerialSectioning_2#1,eval_CoNi-AM67_SEM-EBSD_SameSliceSerialSectioning_2,SerialSectioning,221.97923181232062,221.97923181232062,221.97923181232062,257.87524852909485,171.71336909995065,False,0.0218,0,False,0.12566844919786097,0.12566844919786097,0.12566844919786097,0.12032085561497327,0.15508021390374332,False,35.65145315887503,35.65145315887503,35.65145315887503,45.316323474459026,25.510543518678848,False,0.0436,0,False,0.3235294117647059,0.3235294117647059,0.3235294117647059,0.30213903743315507,0.339572192513369,False
eval_CoNi-AM67_SEM-EBSD_SameSliceSerialSectioning_2#2,eval_CoNi-AM67_SEM-EBSD_SameSliceSerialSectioning_2,SerialSectioning,6.300919235486801,6.300919235486801,6.300919235486801,6.51645295780328,4.537798763509306,False,0.2433,0,False,0.7406417112299466,0.7406417112299466,0.7406417112299466,0.732620320855615,0.7352941176470589,False,6.212937993211519,6.212937993211519,6.212937993211519,6.9217502340963675,6.463646541986715,False,0.3495,0,False,0.713903743315508,0.713903743315508,0.713903743315508,0.6925133689839573,0.6844919786096257,False
eval_CoNi-AM67_SEM-EBSD_SameSliceSerialSectioning_2#3,eval_CoNi-AM67_SEM-EBSD_SameSliceSerialSectioning_2,SerialSectioning,45.71313968601831,45.71313968601831,45.71313968601831,64.07394928543822,22.844231084787936,False,0.1607,0,False,0.5106951871657754,0.5106951871657754,0.5106951871657754,0.46524064171123,0.5561497326203209,False,39.594828318245625,39.594828318245625,39.594828318245625,39.43673825436029,13.018849995543885,False,0.1258,0,False,0.4331550802139037,0.4331550802139037,0.4331550802139037,0.42513368983957217,0.5187165775401069,False
eval_CoNi-AM67_SEM-EBSD_SameSliceSerialSectioning_2#4,eval_CoNi-AM67_SEM-EBSD_SameSliceSerialSectioning_2,SerialSectioning,168.33348247297496,168.33348247297496,168.33348247297496,173.16757483970935,64.55657867508731,False,0.0257,0,False,0.1711229946524064,0.1711229946524064,0.1711229946524064,0.16310160427807488,0.24331550802139038,False,59.63861449937539,59.63861449937539,59.63861449937539,48.589654351623366,84.85976951249248,False,0.0335,0,False,0.25133689839572193,0.25133689839572193,0.25133689839572193,0.2620320855614973,0.23529411764705882,False
eval_CoNi-AM67_SEM-EBSD_SameSliceSerialSectioning_2#5,eval_CoNi-AM67_SEM-EBSD_SameSliceSerialSectioning_2,SerialSectioning,17.70220653858706,17.70220653858706,17.70220653858706,13.429825298433986,86.28714020853944,False,0.0705,0,False,0.42914438502673796,0.42914438502673796,0.42914438502673796,0.43983957219251335,0.30080213903743314,False,21.168955233269998,21.168955233269998,21.168955233269998,21.31785385669105,19.99134156129707,False,0.2103,0,False,0.5106951871657754,0.5106951871657754,0.5106951871657754,0.5133689839572192,0.516042780748663,False
eval_CoNi-AM90_OM-SEM_Multiscale_0#0,eval_CoNi-AM90_OM-SEM_Multiscale_0,Multiscale,697.966904402075,697.966904402075,697.966904402075,456.87440526903487,1513.7966521736075,False,0.0295,0,False,0.10695187165775401,0.10695187165775401,0.10695187165775401,0.12834224598930483,0.0962566844919786,False,475.4697614448215,475.4697614448215,475.4697614448215,502.4255712818791,77.42407109660208,False,0.0687,0,False,0.2272727272727273,0.2272727272727273,0.2272727272727273,0.21657754010695188,0.32085561497326204,False
eval_CoNi-AM90_OM-SEM_Multiscale_0#1,eval_CoNi-AM90_OM-SEM_Multiscale_0,Multiscale,38.706466935073685,38.706466935073685,38.706466935073685,40.23368955041765,47.65907226377496,False,0.1206,0,False,0.4679144385026738,0.4679144385026738,0.4679144385026738,0.44919786096256686,0.44919786096256686,False,0.11959880504050592,0.11959880504050592,0.11959880504050592,0.10512109966292685,0.1443394124585418,True,0.8123,3,False,0.9598930481283423,0.9598930481283423,0.9598930481283423,0.9598930481283423,0.9545454545454546,False
eval_CoNi-AM90_SEM-DIC_EBSD_SlipPartitioning_0#0,eval_CoNi-AM90_SEM-DIC_EBSD_SlipPartitioning_0,SlipPartitioning,50.707601208467494,50.707601208467494,50.707601208467494,60.901053206377625,41.16947418874413,False,0.1663,0,False,0.5053475935828877,0.5053475935828877,0.5053475935828877,0.4786096256684492,0.5213903743315508,False,164.84751863159386,164.84751863159386,164.84751863159386,165.94610016513667,33.178341521036984,False,0.0352,0,False,0.1925133689839572,0.1925133689839572,0.1925133689839572,0.18983957219251338,0.29946524064171126,False
eval_CoNi-AM90_SEM-DIC_EBSD_SlipPartitioning_0#1,eval_CoNi-AM90_SEM-DIC_EBSD_SlipPartitioning_0,SlipPartitioning,212.89921293051663,212.89921293051663,212.89921293051663,150.013631715909,213.75485972556925,False,0.0273,0,False,0.15240641711229946,0.15240641711229946,0.15240641711229946,0.17112299465240643,0.15775401069518719,False,123.16723576122786,123.16723576122786,123.16723576122786,135.94863198926697,284.9038233063198,False,0.013,0,False,0.12967914438502673,0.12967914438502673,0.12967914438502673,0.11898395721925134,0.09224598930481284,False
eval_CoNi-AM90_SEM-DIC_EBSD_SlipPartitioning_0#10,eval_CoNi-AM90_SEM-DIC_EBSD_SlipPartitioning_0,SlipPartitioning,39.23877249186394,39.23877249186394,39.23877249186394,38.85283077913134,40.908946625432776,False,0.0451,0,False,0.3088235294117647,0.3088235294117647,0.3088235294117647,0.29545454545454547,0.30080213903743314,False,206.34826287445375,206.34826287445375,206.34826287445375,215.87162983459666,56.549027405440256,False,0.0215,0,False,0.13368983957219252,0.13368983957219252,0.13368983957219252,0.12834224598930483,0.21657754010695188,False
eval_CoNi-AM90_SEM-DIC_EBSD_SlipPartitioning_0#11,eval_CoNi-AM90_SEM-DIC_EBSD_SlipPartitioning_0,SlipPartitioning,437.65188577084916,437.65188577084916,437.65188577084916,440.76617998857733,188.0319987090367,False,0.0538,0,False,0.18983957219251335,0.18983957219251335,0.18983957219251335,0.18181818181818182,0.22727272727272727,False,2453.7988359480296,2453.7988359480296,2453.7988359480296,1364.6517435461228,5801.041193090376,False,0.0104,0,False,0.034759358288770054,0.034759358288770054,0.034759358288770054,0.04010695187165775,0.029411764705882353,False
eval_CoNi-AM90_SEM-DIC_EBSD_SlipPartitioning_0#12,eval_CoNi-AM90_SEM-DIC_EBSD_SlipPartitioning_0,SlipPartitioning,204.6718450354574,204.6718450354574,204.6718450354574,208.62266884348224,188.69375734277313,False,0.0556,0,False,0.2272727272727273,0.2272727272727273,0.2272727272727273,0.21925133689839574,0.232620320855615,False,135.95371404210684,135.95371404210684,135.95371404210684,71.18736064126276,653.308048207625,False,0.0234,0,False,0.15775401069518716,0.15775401069518716,0.15775401069518716,0.1978609625668449,0.11229946524064172,False
eval_CoNi-AM90_SEM-DIC_EBSD_SlipPartitioning_0#13,eval_CoNi-AM90_SEM-DIC_EBSD_SlipPartitioning_0,SlipPartitioning,927.1741822014909,927.1741822014909,927.1741822014909,960.2698075862188,91.33945562603697,False,0.0206,0,False,0.06149732620320856,0.06149732620320856,0.06149732620320856,0.06149732620320856,0.1764705882352941,False,42.44068487399955,42.44068487399955,42.44068487399955,38.54160467361969,152.5079408395759,False,0.025,0,False,0.2540106951871658,0.2540106951871658,0.2540106951871658,0.2593582887700535,0.16844919786096257,False
eval_CoNi-AM90_SEM-DIC_EBSD_SlipPartitioning_0#14,eval_CoNi-AM90_SEM-DIC_EBSD_SlipPartitioning_0,SlipPartitioning,151.58693089169083,151.58693089169083,151.58693089169083,25.864383185534763,189.8642160721551,False,0.0915,0,False,0.32887700534759357,0.32887700534759357,0.32887700534759357,0.44919786096256686,0.3155080213903743,False,594.8321512965224,594.8321512965224,594.8321512965224,537.0488058065733,648.4825657370175,False,0.0165,0,False,0.09358288770053476,0.09358288770053476,0.09358288770053476,0.0802139037433155,0.09090909090909091,False
eval_CoNi-AM90_SEM-DIC_EBSD_SlipPartitioning_0#15,eval_CoNi-AM90_SEM-DIC_EBSD_SlipPartitioning_0,SlipPartitioning,70.24695603612777,70.24695603612777,70.24695603612777,66.67508899907372,85.33236816111106,False,0.0741,0,False,0.32085561497326204,0.32085561497326204,0.32085561497326204,0.3128342245989305,0.3155080213903743,False,34.19544514444357,34.19544514444357,34.19544514444357,30.56282945840275,159.0268845907906,False,0.0773,0,False,0.3850267379679144,0.3850267379679144,0.3850267379679144,0.38235294117647056,0.27540106951871657,False
eval_CoNi-AM90_SEM-DIC_EBSD_SlipPartitioning_0#16,eval_CoNi-AM90_SEM-DIC_EBSD_SlipPartitioning_0,SlipPartitioning,25.313112406273767,25.313112406273767,25.313112406273767,25.47893924170262,4.363419413684741,False,0.1585,0,False,0.5508021390374331,0.5508021390374331,0.5508021390374331,0.5427807486631016,0.6844919786096257,False,36.26416905183194,36.26416905183194,36.26416905183194,37.6191867050698,15.437686214640546,False,0.0853,0,False,0.39839572192513373,0.39839572192513373,0.39839572192513373,0.393048128342246,0.46256684491978606,False
eval_CoNi-AM90_SEM-DIC_EBSD_SlipPartitioning_0#17,eval_CoNi-AM90_SEM-DIC_EBSD_SlipPartitioning_0,SlipPartitioning,26.966355770558764,26.966355770558764,26.966355770558764,27.162797829935776,20.56476877762168,False,0.1466,0,False,0.5320855614973262,0.5320855614973262,0.5320855614973262,0.516042780748663,0.5427807486631016,False,26.62135955858386,26.62135955858386,26.62135955858386,24.49759056279558,37.02373202214467,False,0.0569,0,False,0.3689839572192513,0.3689839572192513,0.3689839572192513,0.3609625668449198,0.3315508021390374,False
eval_CoNi-AM90_SEM-DIC_EBSD_SlipPartitioning_0#18,eval_CoNi-AM90_SEM-DIC_EBSD_SlipPartitioning_0,SlipPartitioning,48.650679918493935,48.650679918493935,48.650679918493935,47.92178931011574,28.503678668938363,False,0.0752,0,False,0.3609625668449198,0.3609625668449198,0.3609625668449198,0.3529411764705882,0.393048128342246,False,2326.216693964121,2326.216693964121,2326.216693964121,292.88166339400743,2448.2162508495526,False,0.0181,0,False,0.058823529411764705,0.058823529411764705,0.058823529411764705,0.10962566844919786,0.0641711229946524,False
eval_CoNi-AM90_SEM-DIC_EBSD_SlipPartitioning_0#19,eval_CoNi-AM90_SEM-DIC_EBSD_SlipPartitioning_0,SlipPartitioning,33.95337656367087,33.95337656367087,33.95337656367087,35.767115030506204,14.316837390085183,False,0.0871,0,False,0.42245989304812837,0.42245989304812837,0.42245989304812837,0.40106951871657753,0.4866310160427807,False,134.24214027331496,134.24214027331496,134.24214027331496,147.37006005351472,134.24214027331496,False,0.0306,0,False,0.18449197860962568,0.18449197860962568,0.18449197860962568,0.1764705882352941,0.18983957219251335,False
eval_CoNi-AM90_SEM-DIC_EBSD_SlipPartitioning_0#2,eval_CoNi-AM90_SEM-DIC_EBSD_SlipPartitioning_0,SlipPartitioning,73.13824180952238,73.13824180952238,73.13824180952238,43.65452895181268,104.97317279961652,False,0.0705,0,False,0.30614973262032086,0.30614973262032086,0.30614973262032086,0.3435828877005348,0.29545454545454547,False,1046.9670791626843,1046.9670791626843,1046.9670791626843,232.88425628427504,1219.7802540922407,False,0.0308,0,False,0.13101604278074866,0.13101604278074866,0.13101604278074866,0.16310160427807485,0.13368983957219252,False
eval_CoNi-AM90_SEM-DIC_EBSD_SlipPartitioning_0#20,eval_CoNi-AM90_SEM-DIC_EBSD_SlipPartitioning_0,SlipPartitioning,24.334701741185928,24.334701741185928,24.334701741185928,12.051767626505566,8.050900370585012,False,0.1129,0,False,0.5,0.5,0.5,0.553475935828877,0.5882352941176471,False,121.64357890358866,121.64357890358866,121.64357890358866,131.55474901637962,193.68129652925978,False,0.0346,0,False,0.20588235294117646,0.20588235294117646,0.20588235294117646,0.19518716577540107,0.18449197860962568,False
eval_CoNi-AM90_SEM-DIC_EBSD_SlipPartitioning_0#21,eval_CoNi-AM90_SEM-DIC_EBSD_SlipPartitioning_0,SlipPartitioning,50.85214403244719,50.85214403244719,50.85214403244719,73.22903200856658,1155.0309039980186,False,0.0462,0,False,0.28342245989304815,0.28342245989304815,0.28342245989304815,0.2433155080213904,0.13101604278074866,False,114.41858569301218,114.41858569301218,114.41858569301218,117.03287493619152,35.685318750814716,False,0.0392,0,False,0.2192513368983957,0.2192513368983957,0.2192513368983957,0.21122994652406418,0.2941176470588235,False
eval_CoNi-AM90_SEM-DIC_EBSD_SlipPartitioning_0#22,eval_CoNi-AM90_SEM-DIC_EBSD_SlipPartitioning_0,SlipPartitioning,169.32916501662058,169.32916501662058,169.32916501662058,146.98245829438378,447.9463588898616,False,0.0451,0,False,0.20454545454545453,0.20454545454545453,0.20454545454545453,0.2072192513368984,0.1697860962566845,False,1522.9787799641606,1522.9787799641606,1522.9787799641606,319.2237517445658,2206.9063709492398,False,0.0364,0,False,0.13101604278074866,0.13101604278074866,0.13101604278074866,0.16844919786096257,0.13368983957219252,False
eval_CoNi-AM90_SEM-DIC_EBSD_SlipPartitioning_0#23,eval_CoNi-AM90_SEM-DIC_EBSD_SlipPartitioning_0,SlipPartitioning,190.8643489049409,190.8643489049409,190.8643489049409,116.21573617574371,182.66534131516525,False,0.0846,0,False,0.29411764705882354,0.29411764705882354,0.29411764705882354,0.31016042780748665,0.30213903743315507,False,27.292054613649256,27.292054613649256,27.292054613649256,24.820887970565945,272.12318271389216,False,0.0405,0,False,0.3315508021390374,0.3315508021390374,0.3315508021390374,0.32085561497326204,0.18449197860962568,False
eval_CoNi-AM90_SEM-DIC_EBSD_SlipPartitioning_0#24,eval_CoNi-AM90_SEM-DIC_EBSD_SlipPartitioning_0,SlipPartitioning,140.087116626653,140.087116626653,140.087116626653,13.93272752704758,917.6117302859519,False,0.0366,0,False,0.20855614973262032,0.20855614973262032,0.20855614973262032,0.36898395721925137,0.12834224598930483,False,188.69675553495824,188.69675553495824,188.69675553495824,184.475760126924,158.39710248912152,False,0.026,0,False,0.16042780748663102,0.16042780748663102,0.16042780748663102,0.15775401069518716,0.16844919786096257,False
eval_CoNi-AM90_SEM-DIC_EBSD_SlipPartitioning_0#25,eval_CoNi-AM90_SEM-DIC_EBSD_SlipPartitioning_0,SlipPartitioning,594.0215902186508,594.0215902186508,594.0215902186508,543.5601855531522,2827.6183365102356,False,0.0238,0,False,0.0962566844919786,0.0962566844919786,0.0962566844919786,0.10160427807486631,0.06684491978609626,False,211.67671231574474,211.67671231574474,211.67671231574474,213.9521379412385,196.28152745259908,False,0.0162,0,False,0.11497326203208556,0.11497326203208556,0.11497326203208556,0.11497326203208556,0.11764705882352941,False
eval_CoNi-AM90_SEM-DIC_EBSD_SlipPartitioning_0#26,eval_CoNi-AM90_SEM-DIC_EBSD_SlipPartitioning_0,SlipPartitioning,167.18952718498636,167.18952718498636,167.18952718498636,153.3478388075136,167.18952718498636,False,0.0499,0,False,0.2272727272727273,0.2272727272727273,0.2272727272727273,0.2192513368983957,0.23262032085561496,False,33.960426615753214,33.960426615753214,33.960426615753214,37.12651928935554,13.803850441941687,False,0.0281,0,False,0.2887700534759358,0.2887700534759358,0.2887700534759358,0.2807486631016043,0.35294117647058826,False
eval_CoNi-AM90_SEM-DIC_EBSD_SlipPartitioning_0#3,eval_CoNi-AM90_SEM-DIC_EBSD_SlipPartitioning_0,SlipPartitioning,86.81566893338821,86.81566893338821,86.81566893338821,92.69885468386157,51.0553475286326,False,0.0562,0,False,0.267379679144385,0.267379679144385,0.267379679144385,0.2593582887700535,0.32352941176470584,False,99.76513538485551,99.76513538485551,99.76513538485551,69.05149302089919,252.45004214681762,False,0.0271,0,False,0.1925133689839572,0.1925133689839572,0.1925133689839572,0.21657754010695188,0.1497326203208556,False
eval_CoNi-AM90_SEM-DIC_EBSD_SlipPartitioning_0#4,eval_CoNi-AM90_SEM-DIC_EBSD_SlipPartitioning_0,SlipPartitioning,2840.6110861911484,2840.6110861911484,2840.6110861911484,2881.036728311419,2852.5393250144775,False,0.0172,0,False,0.040106951871657755,0.040106951871657755,0.040106951871657755,0.040106951871657755,0.040106951871657755,False,286.8450364244827,286.8450364244827,286.8450364244827,189.85042644327586,29447.886160078444,False,0.022,0,False,0.12566844919786097,0.12566844919786097,0.12566844919786097,0.13636363636363635,0.058823529411764705,False
eval_CoNi-AM90_SEM-DIC_EBSD_SlipPartitioning_0#5,eval_CoNi-AM90_SEM-DIC_EBSD_SlipPartitioning_0,SlipPartitioning,63.95143886339341,63.95143886339341,63.95143886339341,65.381952073784,118.25545945428328,False,0.058,0,False,0.3048128342245989,0.3048128342245989,0.3048128342245989,0.28342245989304815,0.2727272727272727,False,2613.066509146181,2613.066509146181,2613.066509146181,2635.708490220236,76.37238087719817,False,0.0336,0,False,0.10695187165775401,0.10695187165775401,0.10695187165775401,0.10427807486631016,0.2540106951871658,False
eval_CoNi-AM90_SEM-DIC_EBSD_SlipPartitioning_0#6,eval_CoNi-AM90_SEM-DIC_EBSD_SlipPartitioning_0,SlipPartitioning,10.827259616400392,10.827259616400392,10.827259616400392,10.41272316682684,16.434100329785874,False,0.1163,0,False,0.5802139037433155,0.5802139037433155,0.5802139037433155,0.5775401069518717,0.5240641711229946,False,380.5067001602828,380.5067001602828,380.5067001602828,519.5078881964913,109.2838199402363,False,0.0248,0,False,0.1310160427807487,0.1310160427807487,0.1310160427807487,0.11229946524064172,0.18983957219251338,False
eval_CoNi-AM90_SEM-DIC_EBSD_SlipPartitioning_0#7,eval_CoNi-AM90_SEM-DIC_EBSD_SlipPartitioning_0,SlipPartitioning,89.55234456205216,89.55234456205216,89.55234456205216,80.7248091967906,119.1406207532561,False,0.0604,0,False,0.27807486631016043,0.27807486631016043,0.27807486631016043,0.2807486631016043,0.2807486631016043,False,125.04086205085338,125.04086205085338,125.04086205085338,128.77601763591446,112.11135342202331,False,0.0231,0,False,0.16042780748663102,0.16042780748663102,0.16042780748663102,0.15775401069518719,0.17914438502673796,False
eval_CoNi-AM90_SEM-DIC_EBSD_SlipPartitioning_0#8,eval_CoNi-AM90_SEM-DIC_EBSD_SlipPartitioning_0,SlipPartitioning,2658.721702258169,2658.721702258169,2658.721702258169,1447.2354838363683,2658.721702258169,False,0.047,0,False,0.1229946524064171,0.1229946524064171,0.1229946524064171,0.13101604278074866,0.12566844919786097,False,1162.0890125055807,1162.0890125055807,1162.0890125055807,661.6913521350713,1185.1029320297412,False,0.0146,0,False,0.06684491978609626,0.06684491978609626,0.06684491978609626,0.07219251336898397,0.08021390374331551,False
eval_CoNi-AM90_SEM-DIC_EBSD_SlipPartitioning_0#9,eval_CoNi-AM90_SEM-DIC_EBSD_SlipPartitioning_0,SlipPartitioning,206.45302013110629,206.45302013110629,206.45302013110629,239.50514592421237,133.3962602393109,False,0.063,0,False,0.24064171122994654,0.24064171122994654,0.24064171122994654,0.23262032085561496,0.27540106951871657,False,65.82108966847244,65.82108966847244,65.82108966847244,52.95216764187371,116.05735378471802,False,0.0408,0,False,0.267379679144385,0.267379679144385,0.267379679144385,0.28342245989304815,0.23262032085561496,False
eval_CoNi-AM90_SEM-EBSD_SameSlice_0#0,eval_CoNi-AM90_SEM-EBSD_SameSlice_0,SameSlice,0.21527527177796507,0.21527527177796507,0.21527527177796507,0.2081012666190695,0.20215974421887492,True,0.4543,6,False,0.911764705882353,0.911764705882353,0.911764705882353,0.911764705882353,0.911764705882353,False,7.94298351809824,7.94298351809824,7.94298351809824,8.0666970670455,0.545665335802655,True,0.3604,6,False,0.6844919786096257,0.6844919786096257,0.6844919786096257,0.679144385026738,0.8155080213903743,False
eval_CoNi-AM90_SEM-EBSD_SameSlice_0#1,eval_CoNi-AM90_SEM-EBSD_SameSlice_0,SameSlice,48.96311256183312,48.96311256183312,48.96311256183312,14.39261755537027,128.94283523797782,False,0.0542,2,False,0.3128342245989305,0.3128342245989305,0.3128342245989305,0.3957219251336898,0.2540106951871658,False,68.65523192742931,68.65523192742931,68.65523192742931,79.78104490407915,26.080124019939397,True,0.0875,1,False,0.34759358288770054,0.34759358288770054,0.34759358288770054,0.32620320855614976,0.41711229946524064,False
eval_CoNi-AM90_SEM-EBSD_SameSlice_0#2,eval_CoNi-AM90_SEM-EBSD_SameSlice_0,SameSlice,47.10438883757741,47.10438883757741,47.10438883757741,44.808058544661215,83.00954489852889,False,0.1313,0,False,0.45454545454545453,0.45454545454545453,0.45454545454545453,0.446524064171123,0.4144385026737968,False,0.653243525848923,0.653243525848923,0.653243525848923,0.7807709524097488,0.3796668351713693,True,0.7293,6,False,0.9197860962566845,0.9197860962566845,0.9197860962566845,0.9144385026737968,0.927807486631016,False
eval_CoNi-AM90_SEM-EBSD_SameSlice_0#3,eval_CoNi-AM90_SEM-EBSD_SameSlice_0,SameSlice,31.006373156417048,31.006373156417048,31.006373156417048,32.875166584962685,12.689304159568264,False,0.1445,0,False,0.5106951871657754,0.5106951871657754,0.5106951871657754,0.4893048128342246,0.5802139037433155,False,38.443087024614954,38.443087024614954,38.443087024614954,38.54731211522759,39.26072601425378,True,0.0786,3,False,0.38235294117647056,0.38235294117647056,0.38235294117647056,0.37433155080213903,0.3663101604278075,False
eval_CoNi-AM90_SEM-EBSD_SameSlice_0#4,eval_CoNi-AM90_SEM-EBSD_SameSlice_0,SameSlice,81.89722715861595,81.89722715861595,81.89722715861595,54.700978436388304,85.0135433596123,False,0.1083,0,False,0.38235294117647056,0.38235294117647056,0.38235294117647056,0.40909090909090906,0.393048128342246,False,235.6586317949043,235.6586317949043,235.6586317949043,254.59857042716288,161.2245383737749,False,0.0133,0,False,0.10695187165775402,0.10695187165775402,0.10695187165775402,0.1016042780748663,0.12032085561497327,False
eval_CoNi-AM90_SEM-EBSD_SameSlice_0#5,eval_CoNi-AM90_SEM-EBSD_SameSlice_0,SameSlice,84.77477709848607,84.77477709848607,84.77477709848607,102.36274907148928,180.6862916980771,False,0.0299,0,False,0.21122994652406418,0.21122994652406418,0.21122994652406418,0.19518716577540107,0.18449197860962568,False,5937.209817250998,5937.209817250998,5937.209817250998,457.2288089258617,40329.42476361783,False,0.024,0,False,0.06684491978609626,0.06684491978609626,0.06684491978609626,0.11764705882352941,0.06684491978609626,False
eval_CoNi_SEM-SE_SEM-BSE_Cracks-SameSliceSerialSectioning_0#0,eval_CoNi_SEM-SE_SEM-BSE_Cracks-SameSliceSerialSectioning_0,SerialSectioning,4.942830403069626,4.942830403069626,4.942830403069626,1.7005866002891332,4.942830403069626,True,0.4564,6,False,0.8368983957219251,0.8368983957219251,0.8368983957219251,0.8823529411764706,0.8021390374331552,False,8.45519978791308,8.45519978791308,8.45519978791308,4.812398012829163,9.507666667401926,True,0.2087,6,False,0.5989304812834224,0.5989304812834224,0.5989304812834224,0.6470588235294118,0.5828877005347594,False
eval_In718-PrecipitationStrengthened_SEM-BSE_EBSD_SameSliceSerialSectioning_0#0,eval_In718-PrecipitationStrengthened_SEM-BSE_EBSD_SameSliceSerialSectioning_0,SerialSectioning,25.039499011818847,25.039499011818847,25.039499011818847,30.38142054923493,79.45028283440644,False,0.0859,1,False,0.446524064171123,0.446524064171123,0.446524064171123,0.40909090909090906,0.35561497326203206,False,8.351289882671875,8.351289882671875,8.351289882671875,8.766377226030468,10.344045017599376,False,0.1436,1,False,0.5748663101604279,0.5748663101604279,0.5748663101604279,0.5588235294117647,0.5508021390374331,False
eval_In718-PrecipitationStrengthened_SEM-BSE_EBSD_SameSliceSerialSectioning_1#0,eval_In718-PrecipitationStrengthened_SEM-BSE_EBSD_SameSliceSerialSectioning_1,SerialSectioning,128.79995054506716,128.79995054506716,128.79995054506716,12.842685099469342,150.28444742143407,False,0.0865,0,False,0.3235294117647059,0.3235294117647059,0.3235294117647059,0.48663101604278075,0.32085561497326204,False,17.673606745598864,17.673606745598864,17.673606745598864,17.014174386506365,19.952569951399752,False,0.0939,0,False,0.4545454545454546,0.4545454545454546,0.4545454545454546,0.4572192513368984,0.4411764705882353,False
eval_In718-PrecipitationStrengthened_SEM-BSE_EBSD_SameSliceSerialSectioning_2#0,eval_In718-PrecipitationStrengthened_SEM-BSE_EBSD_SameSliceSerialSectioning_2,SerialSectioning,99.1021652237635,99.1021652237635,99.1021652237635,101.94333723465013,16.167977974100666,False,0.0883,0,False,0.3342245989304813,0.3342245989304813,0.3342245989304813,0.32887700534759357,0.4786096256684492,False,4.219452620149068,4.219452620149068,4.219452620149068,4.232965506310098,4.155747328347346,True,0.1182,5,False,0.6096256684491979,0.6096256684491979,0.6096256684491979,0.6016042780748663,0.5855614973262032,False
eval_In718-PrecipitationStrengthened_SEM-BSE_EBSD_SameSliceSerialSectioning_3#0,eval_In718-PrecipitationStrengthened_SEM-BSE_EBSD_SameSliceSerialSectioning_3,SerialSectioning,521.9068315359941,521.9068315359941,521.9068315359941,404.1031931623339,516.1266697034754,False,0.0256,0,False,0.11229946524064172,0.11229946524064172,0.11229946524064172,0.12566844919786097,0.11497326203208556,False,3.6448006074413115,3.6448006074413115,3.6448006074413115,3.5990366854514173,4.766948658792966,True,0.239,6,False,0.6951871657754011,0.6951871657754011,0.6951871657754011,0.6925133689839572,0.6417112299465241,False
eval_In718-PrecipitationStrengthened_SEM-DIC_EBSD_SlipPartitioning_0#0,eval_In718-PrecipitationStrengthened_SEM-DIC_EBSD_SlipPartitioning_0,SlipPartitioning,7.779315156070066,7.779315156070066,7.779315156070066,9.400684218345324,1.2852568804958502,False,0.0898,0,False,0.5695187165775402,0.5695187165775402,0.5695187165775402,0.5454545454545454,0.6577540106951871,False,349.69513432299436,349.69513432299436,349.69513432299436,352.486986661708,392.0450656076934,False,0.1139,0,False,0.2914438502673797,0.2914438502673797,0.2914438502673797,0.28342245989304815,0.2887700534759359,False
eval_In718-PrecipitationStrengthened_SEM-DIC_EBSD_SlipPartitioning_0#1,eval_In718-PrecipitationStrengthened_SEM-DIC_EBSD_SlipPartitioning_0,SlipPartitioning,50.49275916470271,50.49275916470271,50.49275916470271,48.33210950156541,67.12671459251615,False,0.0586,0,False,0.3262032085561497,0.3262032085561497,0.3262032085561497,0.32085561497326204,0.31016042780748665,False,412.62431183577553,412.62431183577553,412.62431183577553,409.3300565494154,555.0559530247593,False,0.0702,0,False,0.23529411764705882,0.23529411764705882,0.23529411764705882,0.22994652406417113,0.22994652406417113,False
eval_In718-PrecipitationStrengthened_SEM-DIC_EBSD_SlipPartitioning_0#2,eval_In718-PrecipitationStrengthened_SEM-DIC_EBSD_SlipPartitioning_0,SlipPartitioning,22.621062613791192,22.621062613791192,22.621062613791192,26.09995698722029,30.01444450169076,False,0.1513,0,False,0.5508021390374331,0.5508021390374331,0.5508021390374331,0.5213903743315508,0.5106951871657754,False,341.26365890835456,341.26365890835456,341.26365890835456,341.6991358623809,21.156478555027533,False,0.0961,0,False,0.2807486631016043,0.2807486631016043,0.2807486631016043,0.27272727272727276,0.43315508021390375,False
eval_In718-PrecipitationStrengthened_SEM-DIC_EBSD_SlipPartitioning_0#3,eval_In718-PrecipitationStrengthened_SEM-DIC_EBSD_SlipPartitioning_0,SlipPartitioning,68.16422081112388,68.16422081112388,68.16422081112388,25.87310379457962,10324.17924915254,False,0.1119,0,False,0.40106951871657753,0.40106951871657753,0.40106951871657753,0.47593582887700536,0.25133689839572193,False,18.55762404570011,18.55762404570011,18.55762404570011,13.828950223816248,34.34876321346933,False,0.0497,0,False,0.37165775401069523,0.37165775401069523,0.37165775401069523,0.40909090909090906,0.3262032085561497,False
eval_In718-SolutionStrengthened_SEM-SE_EBSD_SameSliceSerialSectioning_0#0,eval_In718-SolutionStrengthened_SEM-SE_EBSD_SameSliceSerialSectioning_0,SerialSectioning,67.67990523413513,67.67990523413513,67.67990523413513,83.43095450047696,2.208292645298559,False,0.0831,0,False,0.3516042780748663,0.3516042780748663,0.3516042780748663,0.32219251336898397,0.6109625668449198,False,2.013078160704663,2.013078160704663,2.013078160704663,0.8937656381941906,2.937644582585742,True,0.794,6,False,0.8957219251336899,0.8957219251336899,0.8957219251336899,0.9224598930481283,0.8582887700534759,False
eval_In718-SolutionStrengthened_SEM-SE_EBSD_SameSliceSerialSectioning_0#1,eval_In718-SolutionStrengthened_SEM-SE_EBSD_SameSliceSerialSectioning_0,SerialSectioning,61.38133560613313,61.38133560613313,61.38133560613313,69.93010457805306,69.75754069836029,False,0.0763,0,False,0.3449197860962567,0.3449197860962567,0.3449197860962567,0.3155080213903743,0.339572192513369,False,199.9481773632051,199.9481773632051,199.9481773632051,81.50279951909226,208.015826303197,False,0.0272,0,False,0.1657754010695187,0.1657754010695187,0.1657754010695187,0.20053475935828877,0.16042780748663102,False
eval_In718-SolutionStrengthened_SEM-SE_EBSD_SameSliceSerialSectioning_0#2,eval_In718-SolutionStrengthened_SEM-SE_EBSD_SameSliceSerialSectioning_0,SerialSectioning,16.393475843545904,16.393475843545904,16.393475843545904,8.146057115521565,31.734367165742015,False,0.5402,0,False,0.7352941176470589,0.7352941176470589,0.7352941176470589,0.8048128342245989,0.6631016042780749,False,78.31551863573807,78.31551863573807,78.31551863573807,90.47309147396525,107.1741725699332,False,0.1425,0,False,0.3877005347593583,0.3877005347593583,0.3877005347593583,0.3663101604278075,0.3850267379679144,False
eval_In718-SolutionStrengthened_SEM-SE_EBSD_SameSliceSerialSectioning_0#3,eval_In718-SolutionStrengthened_SEM-SE_EBSD_SameSliceSerialSectioning_0,SerialSectioning,28.414742952983183,28.414742952983183,28.414742952983183,29.19016400533902,2.0063957145340834,False,0.0805,0,False,0.4144385026737968,0.4144385026737968,0.4144385026737968,0.39839572192513373,0.606951871657754,False,1055.9727161477222,1055.9727161477222,1055.9727161477222,1100.9717308648055,2770.5403016607374,False,0.1153,0,False,0.26737967914438504,0.26737967914438504,0.26737967914438504,0.2540106951871658,0.2459893048128342,False
eval_In718-SolutionStrengthened_SEM-SE_EBSD_SameSliceSerialSectioning_1#0,eval_In718-SolutionStrengthened_SEM-SE_EBSD_SameSliceSerialSectioning_1,SerialSectioning,11.698022166039047,11.698022166039047,11.698022166039047,12.601222479755922,1.3522018572534313,True,0.2835,6,False,0.7058823529411764,0.7058823529411764,0.7058823529411764,0.6898395721925135,0.8342245989304813,False,7.646316971411928,7.646316971411928,7.646316971411928,7.915531422901065,1.2794591499739463,True,0.3438,6,False,0.6818181818181819,0.6818181818181819,0.6818181818181819,0.6684491978609626,0.7700534759358288,False
eval_In718-SolutionStrengthened_SEM-SE_EBSD_SameSliceSerialSectioning_1#1,eval_In718-SolutionStrengthened_SEM-SE_EBSD_SameSliceSerialSectioning_1,SerialSectioning,107.38302890090758,107.38302890090758,107.38302890090758,107.47756636298345,121.94098714294631,False,0.0432,0,False,0.22192513368983957,0.22192513368983957,0.22192513368983957,0.21390374331550802,0.2272727272727273,False,3.8658530759298566,3.8658530759298566,3.8658530759298566,3.7566546736691078,4.69064257445236,True,0.434,6,False,0.7941176470588236,0.7941176470588236,0.7941176470588236,0.7914438502673797,0.7513368983957219,False
eval_In718-SolutionStrengthened_SEM-SE_EBSD_SameSliceSerialSectioning_2#0,eval_In718-SolutionStrengthened_SEM-SE_EBSD_SameSliceSerialSectioning_2,SerialSectioning,11.563716145023337,11.563716145023337,11.563716145023337,12.518233536075623,9.400175644943573,True,0.3266,5,False,0.7205882352941176,0.7205882352941176,0.7205882352941176,0.6991978609625669,0.7286096256684491,False,6.396801716131425,6.396801716131425,6.396801716131425,7.492717788435822,7.2790090965040815,True,0.3358,6,False,0.6951871657754011,0.6951871657754011,0.6951871657754011,0.6711229946524064,0.6631016042780749,False
eval_In718-SolutionStrengthened_SEM-SE_EBSD_SameSliceSerialSectioning_2#1,eval_In718-SolutionStrengthened_SEM-SE_EBSD_SameSliceSerialSectioning_2,SerialSectioning,15.603975970567864,15.603975970567864,15.603975970567864,13.9202173106725,23.959667400969384,True,0.3266,5,False,0.6858288770053476,0.6858288770053476,0.6858288770053476,0.6804812834224598,0.6403743315508021,False,2.4774167712968986,2.4774167712968986,2.4774167712968986,3.033813991415874,1.305669129784569,True,0.3796,6,False,0.7914438502673797,0.7914438502673797,0.7914438502673797,0.7727272727272727,0.7967914438502675,False
eval_In718-SolutionStrengthened_SEM-SE_EBSD_SameSliceSerialSectioning_3#0,eval_In718-SolutionStrengthened_SEM-SE_EBSD_SameSliceSerialSectioning_3,SerialSectioning,13.537979037625924,13.537979037625924,13.537979037625924,6.153716247012376,9.991506127474127,False,0.3832,0,False,0.7032085561497327,0.7032085561497327,0.7032085561497327,0.7887700534759359,0.7299465240641712,False,12.143380467524567,12.143380467524567,12.143380467524567,14.62648453759244,18.232642718054752,True,0.2698,6,False,0.606951871657754,0.606951871657754,0.606951871657754,0.5802139037433155,0.5561497326203209,False
eval_In718-SolutionStrengthened_SEM-SE_EBSD_SameSliceSerialSectioning_3#1,eval_In718-SolutionStrengthened_SEM-SE_EBSD_SameSliceSerialSectioning_3,SerialSectioning,35.21367132228629,35.21367132228629,35.21367132228629,35.58327187170823,34.514948506627,False,0.4181,0,False,0.6390374331550802,0.6390374331550802,0.6390374331550802,0.625668449197861,0.6310160427807487,False,7.4935945382419336,7.4935945382419336,7.4935945382419336,7.422695627667733,6.368953991076008,False,0.2772,5,False,0.6657754010695187,0.6657754010695187,0.6657754010695187,0.6550802139037433,0.6550802139037433,False
eval_MoTaTiZrHf-HEA-DDRX-1100C_TEM_DislocationCharacterization_0#0,eval_MoTaTiZrHf-HEA-DDRX-1100C_TEM_DislocationCharacterization_0,DislocationCharacterization,2.197383276433551,2.197383276433551,2.197383276433551,2.2327094839630357,3.3974050062171632,False,0.7704,0,False,0.9144385026737968,0.9144385026737968,0.9144385026737968,0.9117647058823529,0.8636363636363636,True,0.20439013258575212,0.20439013258575212,0.20439013258575212,0.18399688025127608,0.4109337465971949,False,0.7615,0,False,0.9385026737967914,0.9385026737967914,0.9385026737967914,0.9385026737967914,0.927807486631016,True
eval_MoTaTiZrHf-HEA-DDRX-1100C_TEM_DislocationCharacterization_0#1,eval_MoTaTiZrHf-HEA-DDRX-1100C_TEM_DislocationCharacterization_0,DislocationCharacterization,1.8143720633074347,1.8143720633074347,1.8143720633074347,1.383114038544716,2.13316569045505,True,0.5025,6,False,0.893048128342246,0.893048128342246,0.893048128342246,0.8957219251336899,0.8689839572192513,False,60.45962858872397,60.45962858872397,60.45962858872397,60.623541494201845,65.64545273524008,False,0.4873,0,False,0.5695187165775402,0.5695187165775402,0.5695187165775402,0.5668449197860963,0.5775401069518716,True
eval_MoTaTiZrHf-HEA-DDRX-1100C_TEM_DislocationCharacterization_0#10,eval_MoTaTiZrHf-HEA-DDRX-1100C_TEM_DislocationCharacterization_0,DislocationCharacterization,31.55142933355536,31.55142933355536,31.55142933355536,16.536823749642576,60.32426599155364,False,0.2024,1,False,0.5721925133689839,0.5721925133689839,0.5721925133689839,0.6042780748663101,0.5294117647058824,False,13.315214170514595,13.315214170514595,13.315214170514595,16.225237311934965,1.9925816195208197,False,0.348,0,False,0.6336898395721926,0.6336898395721926,0.6336898395721926,0.6016042780748663,0.7593582887700535,True
eval_MoTaTiZrHf-HEA-DDRX-1100C_TEM_DislocationCharacterization_0#11,eval_MoTaTiZrHf-HEA-DDRX-1100C_TEM_DislocationCharacterization_0,DislocationCharacterization,5.173310184548192,5.173310184548192,5.173310184548192,5.2701677691198245,0.4794752373985062,False,0.6795,0,False,0.8556149732620322,0.8556149732620322,0.8556149732620322,0.858288770053476,0.9251336898395722,True,3.162164776920649,3.162164776920649,3.162164776920649,2.7764677859843214,4.1587953279331975,False,0.8259,0,False,0.8796791443850267,0.8796791443850267,0.8796791443850267,0.8796791443850267,0.8288770053475936,True
eval_MoTaTiZrHf-HEA-DDRX-1100C_TEM_DislocationCharacterization_0#12,eval_MoTaTiZrHf-HEA-DDRX-1100C_TEM_DislocationCharacterization_0,DislocationCharacterization,12.552696363406772,12.552696363406772,12.552696363406772,14.929312805353106,11.997031008921976,True,0.1978,5,False,0.6497326203208555,0.6497326203208555,0.6497326203208555,0.6096256684491979,0.6443850267379678,False,4.869977289425213,4.869977289425213,4.869977289425213,6.052557167620201,3.7223531925893223,False,0.4304,0,False,0.7727272727272727,0.7727272727272727,0.7727272727272727,0.7540106951871658,0.7700534759358288,True
eval_MoTaTiZrHf-HEA-DDRX-1100C_TEM_DislocationCharacterization_0#13,eval_MoTaTiZrHf-HEA-DDRX-1100C_TEM_DislocationCharacterization_0,DislocationCharacterization,6.510346428870199,6.510346428870199,6.510346428870199,6.586266403337706,4.0397266868341095,True,0.5363,6,False,0.8181818181818181,0.8181818181818181,0.8181818181818181,0.8128342245989305,0.8315508021390374,False,11.704191380267114,11.704191380267114,11.704191380267114,11.700081336918089,11.704191380267114,False,0.3126,0,False,0.6336898395721926,0.6336898395721926,0.6336898395721926,0.625668449197861,0.6176470588235294,True
eval_MoTaTiZrHf-HEA-DDRX-1100C_TEM_DislocationCharacterization_0#14,eval_MoTaTiZrHf-HEA-DDRX-1100C_TEM_DislocationCharacterization_0,DislocationCharacterization,2.788015406986818,2.788015406986818,2.788015406986818,2.8711915050196,2.5235316059753257,True,0.545,6,False,0.8877005347593583,0.8877005347593583,0.8877005347593583,0.8796791443850267,0.8663101604278074,False,3.0549172722297437,3.0549172722297437,3.0549172722297437,2.475161649642697,18.079816906167494,True,0.3399,6,False,0.7540106951871657,0.7540106951871657,0.7540106951871657,0.7513368983957219,0.5909090909090908,False
eval_MoTaTiZrHf-HEA-DDRX-1100C_TEM_DislocationCharacterization_0#15,eval_MoTaTiZrHf-HEA-DDRX-1100C_TEM_DislocationCharacterization_0,DislocationCharacterization,11.609770631799881,11.609770631799881,11.609770631799881,10.43015201873133,42.42833953795312,False,0.2035,0,False,0.6657754010695187,0.6657754010695187,0.6657754010695187,0.6711229946524064,0.5454545454545454,False,7.7735448765397805,7.7735448765397805,7.7735448765397805,8.398194216869422,2.2048163365496127,False,0.3045,0,False,0.6657754010695187,0.6657754010695187,0.6657754010695187,0.6443850267379678,0.732620320855615,True
eval_MoTaTiZrHf-HEA-DDRX-1100C_TEM_DislocationCharacterization_0#16,eval_MoTaTiZrHf-HEA-DDRX-1100C_TEM_DislocationCharacterization_0,DislocationCharacterization,4.910059274025915,4.910059274025915,4.910059274025915,4.510620837473633,7.634144011985834,False,0.3817,4,False,0.8101604278074866,0.8101604278074866,0.8101604278074866,0.8155080213903744,0.7540106951871658,True,21.40234033731628,21.40234033731628,21.40234033731628,22.638788876250015,15.758082692307132,False,0.2759,0,False,0.5401069518716577,0.5401069518716577,0.5401069518716577,0.5347593582887701,0.5775401069518716,True
eval_MoTaTiZrHf-HEA-DDRX-1100C_TEM_DislocationCharacterization_0#17,eval_MoTaTiZrHf-HEA-DDRX-1100C_TEM_DislocationCharacterization_0,DislocationCharacterization,15.236425074906103,15.236425074906103,15.236425074906103,15.998753238439534,3.171294415353108,False,0.265,0,False,0.6684491978609626,0.6684491978609626,0.6684491978609626,0.6417112299465241,0.7754010695187166,False,7.634026165004038,7.634026165004038,7.634026165004038,7.40411701313468,7.5039010635203285,False,0.2699,0,False,0.6550802139037433,0.6550802139037433,0.6550802139037433,0.6524064171122994,0.6336898395721925,True
eval_MoTaTiZrHf-HEA-DDRX-1100C_TEM_DislocationCharacterization_0#18,eval_MoTaTiZrHf-HEA-DDRX-1100C_TEM_DislocationCharacterization_0,DislocationCharacterization,12.379769209956358,12.379769209956358,12.379769209956358,12.413782720360075,16.729427769433453,True,0.2687,4,False,0.6925133689839572,0.6925133689839572,0.6925133689839572,0.6844919786096256,0.6524064171122994,False,19.736717241094894,19.736717241094894,19.736717241094894,21.564381862218152,3.3555131758962222,False,0.3043,0,False,0.5588235294117647,0.5588235294117647,0.5588235294117647,0.5508021390374331,0.7058823529411764,True
eval_MoTaTiZrHf-HEA-DDRX-1100C_TEM_DislocationCharacterization_0#19,eval_MoTaTiZrHf-HEA-DDRX-1100C_TEM_DislocationCharacterization_0,DislocationCharacterization,0.08982514883534952,0.08982514883534952,0.08982514883534952,0.10873944332952296,0.4199786217095638,False,0.9471,0,False,0.9759358288770054,0.9759358288770054,0.9759358288770054,0.9732620320855615,0.9518716577540107,True,0.37820514540066574,0.37820514540066574,0.37820514540066574,0.382971133318633,0.2564115499552587,False,0.865,0,False,0.9518716577540107,0.9518716577540107,0.9518716577540107,0.9491978609625669,0.9572192513368984,True
eval_MoTaTiZrHf-HEA-DDRX-1100C_TEM_DislocationCharacterization_0#2,eval_MoTaTiZrHf-HEA-DDRX-1100C_TEM_DislocationCharacterization_0,DislocationCharacterization,4.486712684059582,4.486712684059582,4.486712684059582,4.546593871408151,4.011178775615103,True,0.4528,5,False,0.8475935828877006,0.8475935828877006,0.8475935828877006,0.8368983957219251,0.8181818181818181,False,60.53682883749564,60.53682883749564,60.53682883749564,60.7679609669356,107.98653015272252,True,0.3921,4,False,0.5320855614973262,0.5320855614973262,0.5320855614973262,0.5294117647058824,0.5080213903743316,False
eval_MoTaTiZrHf-HEA-DDRX-1100C_TEM_DislocationCharacterization_0#20,eval_MoTaTiZrHf-HEA-DDRX-1100C_TEM_DislocationCharacterization_0,DislocationCharacterization,6.181292634158557,6.181292634158557,6.181292634158557,7.249897021167328,6.730150079661802,True,0.16,5,False,0.6871657754010696,0.6871657754010696,0.6871657754010696,0.6657754010695187,0.6631016042780749,False,47.12026877737865,47.12026877737865,47.12026877737865,5.290506562495837,47.12026877737865,False,0.2477,0,False,0.4839572192513369,0.4839572192513369,0.4839572192513369,0.6631016042780749,0.4786096256684492,True
eval_MoTaTiZrHf-HEA-DDRX-1100C_TEM_DislocationCharacterization_0#21,eval_MoTaTiZrHf-HEA-DDRX-1100C_TEM_DislocationCharacterization_0,DislocationCharacterization,2.9887760049650707,2.9887760049650707,2.9887760049650707,2.5583469614661745,2.432110115629574,True,0.4177,6,False,0.8502673796791445,0.8502673796791445,0.8502673796791445,0.8502673796791445,0.8342245989304813,False,78.42692419010835,78.42692419010835,78.42692419010835,84.15560868463191,78.42692419010835,False,0.207,0,False,0.4117647058823529,0.4117647058823529,0.4117647058823529,0.39572192513368987,0.4304812834224599,True
eval_MoTaTiZrHf-HEA-DDRX-1100C_TEM_DislocationCharacterization_0#22,eval_MoTaTiZrHf-HEA-DDRX-1100C_TEM_DislocationCharacterization_0,DislocationCharacterization,0.9447620390192344,0.9447620390192344,0.9447620390192344,1.023355212101451,2.881494553781483,True,0.3703,6,False,0.8689839572192514,0.8689839572192514,0.8689839572192514,0.8689839572192514,0.8101604278074866,False,12.872671584167069,12.872671584167069,12.872671584167069,12.927514776432846,4.286017471633338,False,0.2364,0,False,0.5855614973262031,0.5855614973262031,0.5855614973262031,0.5802139037433155,0.6470588235294117,True
eval_MoTaTiZrHf-HEA-DDRX-1100C_TEM_DislocationCharacterization_0#23,eval_MoTaTiZrHf-HEA-DDRX-1100C_TEM_DislocationCharacterization_0,DislocationCharacterization,5.344474839450674,5.344474839450674,5.344474839450674,6.003206275892676,4.436460498738513,False,0.1322,0,False,0.6497326203208555,0.6497326203208555,0.6497326203208555,0.6497326203208555,0.6390374331550802,False,4.092989056703326,4.092989056703326,4.092989056703326,6.078460064173995,1.9253969553972603,False,0.2693,0,False,0.6951871657754011,0.6951871657754011,0.6951871657754011,0.6577540106951871,0.7272727272727273,True
eval_MoTaTiZrHf-HEA-DDRX-1100C_TEM_DislocationCharacterization_0#24,eval_MoTaTiZrHf-HEA-DDRX-1100C_TEM_DislocationCharacterization_0,DislocationCharacterization,375.2570712771318,375.2570712771318,375.2570712771318,528.4349404642692,269.135631177824,False,0.0585,0,False,0.20855614973262032,0.20855614973262032,0.20855614973262032,0.18983957219251335,0.2192513368983957,False,0.1537294415419373,0.1537294415419373,0.1537294415419373,0.16747628717288762,0.10671886992583607,False,0.5726,0,False,0.9197860962566845,0.9197860962566845,0.9197860962566845,0.9197860962566845,0.9224598930481284,True
eval_MoTaTiZrHf-HEA-DDRX-1100C_TEM_DislocationCharacterization_0#25,eval_MoTaTiZrHf-HEA-DDRX-1100C_TEM_DislocationCharacterization_0,DislocationCharacterization,2.624944309599604,2.624944309599604,2.624944309599604,2.6660160781641435,0.22232607758376208,False,0.5601,0,False,0.893048128342246,0.893048128342246,0.893048128342246,0.8850267379679144,0.9331550802139037,True,0.7182335954406368,0.7182335954406368,0.7182335954406368,0.7406183019355228,0.4552972356050622,False,0.7177,0,False,0.9117647058823529,0.9117647058823529,0.9117647058823529,0.9144385026737968,0.9197860962566844,True
eval_MoTaTiZrHf-HEA-DDRX-1100C_TEM_DislocationCharacterization_0#26,eval_MoTaTiZrHf-HEA-DDRX-1100C_TEM_DislocationCharacterization_0,DislocationCharacterization,10.348872169143458,10.348872169143458,10.348872169143458,8.389509847533152,20.567119638130833,False,0.1365,0,False,0.6042780748663101,0.6042780748663101,0.6042780748663101,0.6122994652406417,0.518716577540107,False,1.9745480046166433,1.9745480046166433,1.9745480046166433,2.048352506047314,1.9745480046166433,True,0.4113,2,False,0.8235294117647058,0.8235294117647058,0.8235294117647058,0.8101604278074866,0.8021390374331551,False
eval_MoTaTiZrHf-HEA-DDRX-1100C_TEM_DislocationCharacterization_0#27,eval_MoTaTiZrHf-HEA-DDRX-1100C_TEM_DislocationCharacterization_0,DislocationCharacterization,5.302570987038312,5.302570987038312,5.302570987038312,8.172073127546538,4.771628629365233,False,0.3951,0,False,0.8048128342245989,0.8048128342245989,0.8048128342245989,0.7620320855614973,0.7834224598930482,True,5.660092876585075,5.660092876585075,5.660092876585075,4.1932274338832665,9.005500828811513,False,0.3545,0,False,0.7219251336898396,0.7219251336898396,0.7219251336898396,0.732620320855615,0.660427807486631,True
eval_MoTaTiZrHf-HEA-DDRX-1100C_TEM_DislocationCharacterization_0#28,eval_MoTaTiZrHf-HEA-DDRX-1100C_TEM_DislocationCharacterization_0,DislocationCharacterization,8.131479016349152,8.131479016349152,8.131479016349152,10.692622461876816,8.430122236386605,False,0.1158,0,False,0.6042780748663101,0.6042780748663101,0.6042780748663101,0.5695187165775402,0.5855614973262032,False,47.24815918212773,47.24815918212773,47.24815918212773,15.390777088042435,5.976842256005178,False,0.4905,0,False,0.5935828877005348,0.5935828877005348,0.5935828877005348,0.6764705882352942,0.7540106951871658,True
eval_MoTaTiZrHf-HEA-DDRX-1100C_TEM_DislocationCharacterization_0#29,eval_MoTaTiZrHf-HEA-DDRX-1100C_TEM_DislocationCharacterization_0,DislocationCharacterization,5.106525914651762,5.106525914651762,5.106525914651762,5.9856958746175,1.630580172143879,False,0.0927,0,False,0.6149732620320856,0.6149732620320856,0.6149732620320856,0.6096256684491979,0.6577540106951871,False,16.70508628304234,16.70508628304234,16.70508628304234,22.522111312829143,32.48298403821293,False,0.3791,0,False,0.625668449197861,0.625668449197861,0.625668449197861,0.5909090909090908,0.5721925133689839,True
eval_MoTaTiZrHf-HEA-DDRX-1100C_TEM_DislocationCharacterization_0#3,eval_MoTaTiZrHf-HEA-DDRX-1100C_TEM_DislocationCharacterization_0,DislocationCharacterization,6.091360835654908,6.091360835654908,6.091360835654908,5.9393962479976254,6.254145041379591,False,0.4319,2,False,0.8101604278074865,0.8101604278074865,0.8101604278074865,0.820855614973262,0.7887700534759359,True,5.0261364227151315,5.0261364227151315,5.0261364227151315,5.38881687636677,0.5224116646153197,False,0.5251,0,False,0.7941176470588236,0.7941176470588236,0.7941176470588236,0.7834224598930482,0.8877005347593583,True
eval_MoTaTiZrHf-HEA-DDRX-1100C_TEM_DislocationCharacterization_0#30,eval_MoTaTiZrHf-HEA-DDRX-1100C_TEM_DislocationCharacterization_0,DislocationCharacterization,6860.601146622444,6860.601146622444,6860.601146622444,7325.824543234121,7166.633811086719,False,0.0235,0,False,0.053475935828877004,0.053475935828877004,0.053475935828877004,0.053475935828877004,0.058823529411764705,False,7.777464460085141,7.777464460085141,7.777464460085141,8.06773693222114,8.825264130903365,False,0.4283,0,False,0.732620320855615,0.732620320855615,0.732620320855615,0.7165775401069518,0.7058823529411764,True
eval_MoTaTiZrHf-HEA-DDRX-1100C_TEM_DislocationCharacterization_0#31,eval_MoTaTiZrHf-HEA-DDRX-1100C_TEM_DislocationCharacterization_0,DislocationCharacterization,1.77612248456944,1.77612248456944,1.77612248456944,1.3801192465622418,2.272978812515382,True,0.6022,6,False,0.9117647058823529,0.9117647058823529,0.9117647058823529,0.9144385026737968,0.8796791443850267,False,3.0850800651784844,3.0850800651784844,3.0850800651784844,3.086827976385729,4.077925808616751,True,0.5907,6,False,0.8475935828877006,0.8475935828877006,0.8475935828877006,0.8368983957219251,0.7994652406417112,False
eval_MoTaTiZrHf-HEA-DDRX-1100C_TEM_DislocationCharacterization_0#4,eval_MoTaTiZrHf-HEA-DDRX-1100C_TEM_DislocationCharacterization_0,DislocationCharacterization,17.805546660055132,17.805546660055132,17.805546660055132,17.73424988295278,17.41333189171033,True,0.4724,6,False,0.7112299465240641,0.7112299465240641,0.7112299465240641,0.6951871657754011,0.7058823529411764,False,1.080501852294214,1.080501852294214,1.080501852294214,1.1056149396608443,0.9005373980231974,False,0.1876,0,False,0.7245989304812834,0.7245989304812834,0.7245989304812834,0.7165775401069518,0.7192513368983957,True
eval_MoTaTiZrHf-HEA-DDRX-1100C_TEM_DislocationCharacterization_0#5,eval_MoTaTiZrHf-HEA-DDRX-1100C_TEM_DislocationCharacterization_0,DislocationCharacterization,13.330653715402654,13.330653715402654,13.330653715402654,8.96350302448875,9.695029685512921,False,0.1847,2,False,0.6283422459893048,0.6283422459893048,0.6283422459893048,0.6684491978609626,0.6550802139037433,False,1.1854342580386226,1.1854342580386226,1.1854342580386226,1.0615816813612513,0.6660286921205182,False,0.5223,0,False,0.8689839572192513,0.8689839572192513,0.8689839572192513,0.874331550802139,0.8770053475935828,True
eval_MoTaTiZrHf-HEA-DDRX-1100C_TEM_DislocationCharacterization_0#6,eval_MoTaTiZrHf-HEA-DDRX-1100C_TEM_DislocationCharacterization_0,DislocationCharacterization,8.299803344633588,8.299803344633588,8.299803344633588,8.165748455188272,11.57283632326319,True,0.2177,6,False,0.7085561497326203,0.7085561497326203,0.7085561497326203,0.7058823529411764,0.6631016042780749,False,11.64666502552121,11.64666502552121,11.64666502552121,14.164182142394171,15.269503088410268,False,0.1618,0,False,0.5588235294117647,0.5588235294117647,0.5588235294117647,0.5320855614973261,0.5240641711229946,False
eval_MoTaTiZrHf-HEA-DDRX-1100C_TEM_DislocationCharacterization_0#7,eval_MoTaTiZrHf-HEA-DDRX-1100C_TEM_DislocationCharacterization_0,DislocationCharacterization,11.672175778949823,11.672175778949823,11.672175778949823,11.937082932344268,18.726102050189695,True,0.3862,6,False,0.7272727272727273,0.7272727272727273,0.7272727272727273,0.7219251336898396,0.6684491978609626,False,4.5749866206167,4.5749866206167,4.5749866206167,5.01989137013875,3.3841230720713678,False,0.1816,0,False,0.6417112299465241,0.6417112299465241,0.6417112299465241,0.6283422459893049,0.6417112299465241,True
eval_MoTaTiZrHf-HEA-DDRX-1100C_TEM_DislocationCharacterization_0#8,eval_MoTaTiZrHf-HEA-DDRX-1100C_TEM_DislocationCharacterization_0,DislocationCharacterization,12.877800724199664,12.877800724199664,12.877800724199664,14.73251969731231,9.987335252283286,False,0.2543,0,False,0.6764705882352942,0.6764705882352942,0.6764705882352942,0.6443850267379679,0.6978609625668449,False,17.623864766483113,17.623864766483113,17.623864766483113,11.601082636614244,13.513865590813714,False,0.3925,0,False,0.6310160427807486,0.6310160427807486,0.6310160427807486,0.6737967914438503,0.6577540106951871,True
eval_MoTaTiZrHf-HEA-DDRX-1100C_TEM_DislocationCharacterization_0#9,eval_MoTaTiZrHf-HEA-DDRX-1100C_TEM_DislocationCharacterization_0,DislocationCharacterization,4.650128558347234,4.650128558347234,4.650128558347234,3.8444003542954985,6.389823712938708,True,0.2637,5,False,0.7887700534759359,0.7887700534759359,0.7887700534759359,0.7914438502673797,0.7352941176470589,False,7.84305384642021,7.84305384642021,7.84305384642021,2.1909182358945216,7.846878527722265,False,0.4145,0,False,0.7219251336898396,0.7219251336898396,0.7219251336898396,0.8074866310160428,0.7058823529411764,True
eval_MoTaTiZrHf-HEA-DDRX-900C_TEM_DislocationCharacterization_0#0,eval_MoTaTiZrHf-HEA-DDRX-900C_TEM_DislocationCharacterization_0,DislocationCharacterization,55.0268008547429,55.0268008547429,55.0268008547429,55.192239233366735,59.32829784001469,False,0.1881,0,False,0.5106951871657754,0.5106951871657754,0.5106951871657754,0.49732620320855614,0.5240641711229946,False,3.590233742398985,3.590233742398985,3.590233742398985,3.8149306070074696,2.333148823376646,False,0.3851,0,False,0.7727272727272727,0.7727272727272727,0.7727272727272727,0.7593582887700534,0.7754010695187166,True
eval_MoTaTiZrHf-HEA-DDRX-900C_TEM_DislocationCharacterization_0#1,eval_MoTaTiZrHf-HEA-DDRX-900C_TEM_DislocationCharacterization_0,DislocationCharacterization,12.743436360954556,12.743436360954556,12.743436360954556,15.074819297437097,23.759813136853623,False,0.0819,0,False,0.48930481283422456,0.48930481283422456,0.48930481283422456,0.44919786096256686,0.42780748663101603,False,1501.0100071903469,1501.0100071903469,1501.0100071903469,981.8874920361754,2322.6029728955496,False,0.0066,0,False,0.03877005347593583,0.03877005347593583,0.03877005347593583,0.03877005347593583,0.03342245989304812,False
eval_MoTaTiZrHf-HEA-DDRX-900C_TEM_DislocationCharacterization_0#10,eval_MoTaTiZrHf-HEA-DDRX-900C_TEM_DislocationCharacterization_0,DislocationCharacterization,14.181299946054438,14.181299946054438,14.181299946054438,2.4798840972719676,16.160914485588865,False,0.0466,0,False,0.39572192513368987,0.39572192513368987,0.39572192513368987,0.5374331550802139,0.38235294117647056,False,3983.412569391413,3983.412569391413,3983.412569391413,4186.799670006816,4355.594376368813,False,0.0094,0,False,0.02406417112299465,0.02406417112299465,0.02406417112299465,0.0213903743315508,0.029411764705882353,False
eval_MoTaTiZrHf-HEA-DDRX-900C_TEM_DislocationCharacterization_0#11,eval_MoTaTiZrHf-HEA-DDRX-900C_TEM_DislocationCharacterization_0,DislocationCharacterization,269.81369311506,269.81369311506,269.81369311506,282.7152720701719,227.35463197191254,False,0.0209,0,False,0.11497326203208556,0.11497326203208556,0.11497326203208556,0.11497326203208556,0.12566844919786097,False,1451.2112730985127,1451.2112730985127,1451.2112730985127,1629.59421749578,227.9729936758006,False,0.0079,0,False,0.04812834224598931,0.04812834224598931,0.04812834224598931,0.03208556149732621,0.09358288770053477,False
eval_MoTaTiZrHf-HEA-DDRX-900C_TEM_DislocationCharacterization_0#12,eval_MoTaTiZrHf-HEA-DDRX-900C_TEM_DislocationCharacterization_0,DislocationCharacterization,9.46176338445439,9.46176338445439,9.46176338445439,12.839908620565073,1.7216758972227415,False,0.074,0,False,0.5053475935828877,0.5053475935828877,0.5053475935828877,0.4545454545454546,0.5989304812834225,False,3013.1479353517807,3013.1479353517807,3013.1479353517807,3052.0714825086616,3101.363490219257,False,0.0179,0,False,0.0481283422459893,0.0481283422459893,0.0481283422459893,0.045454545454545456,0.05614973262032086,False
eval_MoTaTiZrHf-HEA-DDRX-900C_TEM_DislocationCharacterization_0#13,eval_MoTaTiZrHf-HEA-DDRX-900C_TEM_DislocationCharacterization_0,DislocationCharacterization,4.274056080787958,4.274056080787958,4.274056080787958,2.95463802747002,81.17159575917623,False,0.0255,0,False,0.47593582887700536,0.47593582887700536,0.47593582887700536,0.4786096256684492,0.21390374331550802,False,1149.770622970534,1149.770622970534,1149.770622970534,1164.556110302622,1690.7005991618698,False,0.0397,0,False,0.1497326203208556,0.1497326203208556,0.1497326203208556,0.13636363636363635,0.14705882352941177,False
eval_MoTaTiZrHf-HEA-DDRX-900C_TEM_DislocationCharacterization_0#14,eval_MoTaTiZrHf-HEA-DDRX-900C_TEM_DislocationCharacterization_0,DislocationCharacterization,7.50611641891565,7.50611641891565,7.50611641891565,3.339618096482649,8.635376270911767,False,0.0888,0,False,0.572192513368984,0.572192513368984,0.572192513368984,0.625668449197861,0.5401069518716577,False,13.549095113763837,13.549095113763837,13.549095113763837,5.926782816143092,13.549095113763837,False,0.0762,0,False,0.4572192513368984,0.4572192513368984,0.4572192513368984,0.5320855614973262,0.45187165775401067,False
eval_MoTaTiZrHf-HEA-DDRX-900C_TEM_DislocationCharacterization_0#15,eval_MoTaTiZrHf-HEA-DDRX-900C_TEM_DislocationCharacterization_0,DislocationCharacterization,3498.108379032228,3498.108379032228,3498.108379032228,3657.238321175478,13213.122839827069,False,0.0183,0,False,0.0374331550802139,0.0374331550802139,0.0374331550802139,0.0374331550802139,0.034759358288770054,False,1698.7633261964909,1698.7633261964909,1698.7633261964909,1266.6686196754606,2305.725534485615,False,0.0075,0,False,0.0374331550802139,0.0374331550802139,0.0374331550802139,0.034759358288770054,0.040106951871657755,False
eval_MoTaTiZrHf-HEA-DDRX-900C_TEM_DislocationCharacterization_0#2,eval_MoTaTiZrHf-HEA-DDRX-900C_TEM_DislocationCharacterization_0,DislocationCharacterization,130.70503521912102,130.70503521912102,130.70503521912102,132.08476206615322,145.05750513812268,False,0.0346,0,False,0.20855614973262032,0.20855614973262032,0.20855614973262032,0.20053475935828877,0.21122994652406418,False,15.568782275267973,15.568782275267973,15.568782275267973,14.852333195628479,7.426916044039205,False,0.1276,0,False,0.5026737967914439,0.5026737967914439,0.5026737967914439,0.5080213903743316,0.5641711229946524,False
eval_MoTaTiZrHf-HEA-DDRX-900C_TEM_DislocationCharacterization_0#3,eval_MoTaTiZrHf-HEA-DDRX-900C_TEM_DislocationCharacterization_0,DislocationCharacterization,17.01945685239037,17.01945685239037,17.01945685239037,18.482565434015466,10.92162583698559,False,0.0932,0,False,0.5026737967914439,0.5026737967914439,0.5026737967914439,0.4732620320855615,0.5374331550802138,False,14.109797317945183,14.109797317945183,14.109797317945183,21.411082107863052,27.36462109260253,False,0.0679,0,False,0.4385026737967914,0.4385026737967914,0.4385026737967914,0.39037433155080214,0.37433155080213903,False
eval_MoTaTiZrHf-HEA-DDRX-900C_TEM_DislocationCharacterization_0#4,eval_MoTaTiZrHf-HEA-DDRX-900C_TEM_DislocationCharacterization_0,DislocationCharacterization,1028.1005829215067,1028.1005829215067,1028.1005829215067,1096.4761179997095,1028.1005829215067,False,0.0142,0,False,0.045454545454545456,0.045454545454545456,0.045454545454545456,0.045454545454545456,0.05080213903743316,False,1710.174453560004,1710.174453560004,1710.174453560004,1794.798736966711,550.8022644303912,False,0.0056,0,False,0.02406417112299465,0.02406417112299465,0.02406417112299465,0.0160427807486631,0.06149732620320855,False
eval_MoTaTiZrHf-HEA-DDRX-900C_TEM_DislocationCharacterization_0#5,eval_MoTaTiZrHf-HEA-DDRX-900C_TEM_DislocationCharacterization_0,DislocationCharacterization,10.011211542614358,10.011211542614358,10.011211542614358,9.689914672342395,13.331492805223816,False,0.0831,0,False,0.5280748663101604,0.5280748663101604,0.5280748663101604,0.517379679144385,0.482620320855615,False,29.356168425592116,29.356168425592116,29.356168425592116,19.7037702904652,54.46308784744064,False,0.0641,0,False,0.36898395721925137,0.36898395721925137,0.36898395721925137,0.393048128342246,0.3262032085561497,False
eval_MoTaTiZrHf-HEA-DDRX-900C_TEM_DislocationCharacterization_0#6,eval_MoTaTiZrHf-HEA-DDRX-900C_TEM_DislocationCharacterization_0,DislocationCharacterization,774.5777037622925,774.5777037622925,774.5777037622925,732.0914159839651,673.3141499319277,False,0.0121,0,False,0.0481283422459893,0.0481283422459893,0.0481283422459893,0.0481283422459893,0.058823529411764705,False,252.38087691628022,252.38087691628022,252.38087691628022,276.12791935027326,237.66147618895965,False,0.013,0,False,0.10026737967914438,0.10026737967914438,0.10026737967914438,0.09491978609625669,0.10026737967914438,False
eval_MoTaTiZrHf-HEA-DDRX-900C_TEM_DislocationCharacterization_0#7,eval_MoTaTiZrHf-HEA-DDRX-900C_TEM_DislocationCharacterization_0,DislocationCharacterization,1498.7375680459525,1498.7375680459525,1498.7375680459525,1596.9300905835853,512.7146919713136,False,0.0091,0,False,0.0320855614973262,0.0320855614973262,0.0320855614973262,0.029411764705882353,0.06951871657754011,False,6.418107636025103,6.418107636025103,6.418107636025103,4.323387939817176,1246.6546391838567,False,0.0229,0,False,0.4090909090909091,0.4090909090909091,0.4090909090909091,0.42513368983957217,0.09893048128342247,False
eval_MoTaTiZrHf-HEA-DDRX-900C_TEM_DislocationCharacterization_0#8,eval_MoTaTiZrHf-HEA-DDRX-900C_TEM_DislocationCharacterization_0,DislocationCharacterization,10.667869171545497,10.667869171545497,10.667869171545497,10.784363159059538,18.697372014797757,False,0.081,0,False,0.5133689839572193,0.5133689839572193,0.5133689839572193,0.49732620320855614,0.4385026737967914,False,625.8422730419313,625.8422730419313,625.8422730419313,730.7622934978583,1275.4737003387786,False,0.0205,0,False,0.09893048128342247,0.09893048128342247,0.09893048128342247,0.08021390374331551,0.08556149732620322,False
eval_MoTaTiZrHf-HEA-DDRX-900C_TEM_DislocationCharacterization_0#9,eval_MoTaTiZrHf-HEA-DDRX-900C_TEM_DislocationCharacterization_0,DislocationCharacterization,30.065737745722018,30.065737745722018,30.065737745722018,34.91568168676251,30.065737745722018,False,0.0549,0,False,0.3582887700534759,0.3582887700534759,0.3582887700534759,0.3315508021390374,0.34224598930481287,False,55.40053849757074,55.40053849757074,55.40053849757074,68.39068657016034,118.44521140217884,False,0.0648,0,False,0.32887700534759357,0.32887700534759357,0.32887700534759357,0.3074866310160428,0.2727272727272727,False
eval_MoTaTiZrHf-HEA-DDRX-900C_TEM_largeFOV-DislocationCharacterization_0#0,eval_MoTaTiZrHf-HEA-DDRX-900C_TEM_largeFOV-DislocationCharacterization_0,DislocationCharacterization,1.2390170100574835,1.2390170100574835,1.2390170100574835,1.3402027655809017,0.33242246725673114,False,0.4046,0,False,0.874331550802139,0.874331550802139,0.874331550802139,0.874331550802139,0.8877005347593583,True,1.1688013145198475,1.1688013145198475,1.1688013145198475,1.1597247964947233,1.1620108432036569,True,0.3784,2,False,0.8155080213903743,0.8155080213903743,0.8155080213903743,0.8101604278074865,0.7967914438502673,False
eval_MoTaTiZrHf-HEA-DDRX-900C_TEM_largeFOV-DislocationCharacterization_0#1,eval_MoTaTiZrHf-HEA-DDRX-900C_TEM_largeFOV-DislocationCharacterization_0,DislocationCharacterization,6.337248830378242,6.337248830378242,6.337248830378242,6.730155910814002,3.2209386178817305,False,0.1939,0,False,0.713903743315508,0.713903743315508,0.713903743315508,0.7032085561497327,0.732620320855615,False,10.349511797290301,10.349511797290301,10.349511797290301,15.442236006081679,10.45174393183504,False,0.6473,0,False,0.7566844919786097,0.7566844919786097,0.7566844919786097,0.7032085561497327,0.7379679144385027,True
eval_MoTaTiZrHf-HEA-DDRX-900C_TEM_largeFOV-DislocationCharacterization_0#10,eval_MoTaTiZrHf-HEA-DDRX-900C_TEM_largeFOV-DislocationCharacterization_0,DislocationCharacterization,4.505680555802891,4.505680555802891,4.505680555802891,5.029528432117573,1.9015807787840078,False,0.1717,0,False,0.7379679144385027,0.7379679144385027,0.7379679144385027,0.7272727272727273,0.7566844919786097,False,2.149505631713465,2.149505631713465,2.149505631713465,1.5450841987462223,6.829302740988998,False,0.2932,0,False,0.7486631016042781,0.7486631016042781,0.7486631016042781,0.7593582887700535,0.6497326203208557,True
eval_MoTaTiZrHf-HEA-DDRX-900C_TEM_largeFOV-DislocationCharacterization_0#11,eval_MoTaTiZrHf-HEA-DDRX-900C_TEM_largeFOV-DislocationCharacterization_0,DislocationCharacterization,440.0339470147046,440.0339470147046,440.0339470147046,440.126454588633,1.2068671239772484,False,0.1338,0,False,0.3315508021390374,0.3315508021390374,0.3315508021390374,0.32887700534759357,0.713903743315508,False,12.525218219308314,12.525218219308314,12.525218219308314,8.624331962906295,3.2120286944527954,False,0.2353,0,False,0.5855614973262032,0.5855614973262032,0.5855614973262032,0.6042780748663101,0.6764705882352942,True
eval_MoTaTiZrHf-HEA-DDRX-900C_TEM_largeFOV-DislocationCharacterization_0#12,eval_MoTaTiZrHf-HEA-DDRX-900C_TEM_largeFOV-DislocationCharacterization_0,DislocationCharacterization,17.736291160472078,17.736291160472078,17.736291160472078,6.748911577839326,21.63693609099046,False,0.2536,0,False,0.6443850267379678,0.6443850267379678,0.6443850267379678,0.732620320855615,0.6203208556149733,False,15.082118115463402,15.082118115463402,15.082118115463402,15.323684778575192,21.155455665605768,False,0.4231,0,False,0.6631016042780749,0.6631016042780749,0.6631016042780749,0.660427807486631,0.6229946524064172,True
eval_MoTaTiZrHf-HEA-DDRX-900C_TEM_largeFOV-DislocationCharacterization_0#13,eval_MoTaTiZrHf-HEA-DDRX-900C_TEM_largeFOV-DislocationCharacterization_0,DislocationCharacterization,11.179963869951562,11.179963869951562,11.179963869951562,12.405037901507836,11.4723305397537,False,0.1373,0,False,0.5989304812834224,0.5989304812834224,0.5989304812834224,0.5775401069518716,0.5828877005347594,False,40.68843395703293,40.68843395703293,40.68843395703293,44.052786001504074,0.7732295873368025,False,0.1071,0,False,0.4037433155080214,0.4037433155080214,0.4037433155080214,0.39572192513368987,0.6631016042780749,False
eval_MoTaTiZrHf-HEA-DDRX-900C_TEM_largeFOV-DislocationCharacterization_0#14,eval_MoTaTiZrHf-HEA-DDRX-900C_TEM_largeFOV-DislocationCharacterization_0,DislocationCharacterization,9.106182323585777,9.106182323585777,9.106182323585777,9.279763188250291,11.081374530627818,False,0.1549,0,False,0.6417112299465241,0.6417112299465241,0.6417112299465241,0.6336898395721926,0.6096256684491979,False,4.34659489578342,4.34659489578342,4.34659489578342,6.284696263236419,3.114547844532345,False,0.377,0,False,0.7433155080213905,0.7433155080213905,0.7433155080213905,0.7085561497326203,0.7540106951871658,True
eval_MoTaTiZrHf-HEA-DDRX-900C_TEM_largeFOV-DislocationCharacterization_0#15,eval_MoTaTiZrHf-HEA-DDRX-900C_TEM_largeFOV-DislocationCharacterization_0,DislocationCharacterization,7.270398535318613,7.270398535318613,7.270398535318613,6.455796027187897,14.27689139385656,False,0.1377,0,False,0.6417112299465241,0.6417112299465241,0.6417112299465241,0.6470588235294117,0.5641711229946524,False,7.48594069161019,7.48594069161019,7.48594069161019,8.058028753079501,6.539812477827556,False,0.6788,0,False,0.7967914438502675,0.7967914438502675,0.7967914438502675,0.7700534759358288,0.7780748663101604,True
eval_MoTaTiZrHf-HEA-DDRX-900C_TEM_largeFOV-DislocationCharacterization_0#16,eval_MoTaTiZrHf-HEA-DDRX-900C_TEM_largeFOV-DislocationCharacterization_0,DislocationCharacterization,21.030091017014957,21.030091017014957,21.030091017014957,21.505064086034704,15.008973603537308,False,0.1634,0,False,0.5802139037433155,0.5802139037433155,0.5802139037433155,0.5641711229946524,0.6016042780748663,False,10.573195834025425,10.573195834025425,10.573195834025425,12.847757976875272,17.724246347890855,False,0.2975,0,False,0.6336898395721926,0.6336898395721926,0.6336898395721926,0.6096256684491979,0.5802139037433156,True
eval_MoTaTiZrHf-HEA-DDRX-900C_TEM_largeFOV-DislocationCharacterization_0#17,eval_MoTaTiZrHf-HEA-DDRX-900C_TEM_largeFOV-DislocationCharacterization_0,DislocationCharacterization,17.213006465299053,17.213006465299053,17.213006465299053,16.788746219774215,25.83121776605971,False,0.2105,0,False,0.6283422459893049,0.6283422459893049,0.6283422459893049,0.606951871657754,0.5855614973262032,False,0.8477495826204955,0.8477495826204955,0.8477495826204955,1.0893777372844045,0.47688319418088065,False,0.3462,0,False,0.8021390374331551,0.8021390374331551,0.8021390374331551,0.7941176470588236,0.8128342245989305,True
eval_MoTaTiZrHf-HEA-DDRX-900C_TEM_largeFOV-DislocationCharacterization_0#2,eval_MoTaTiZrHf-HEA-DDRX-900C_TEM_largeFOV-DislocationCharacterization_0,DislocationCharacterization,13.42141765245534,13.42141765245534,13.42141765245534,11.18252951918755,17.509823366637796,False,0.145,0,False,0.5802139037433156,0.5802139037433156,0.5802139037433156,0.5989304812834224,0.5454545454545454,False,91.9958374424745,91.9958374424745,91.9958374424745,92.64234127659142,105.24082639930766,False,0.1183,0,False,0.35294117647058826,0.35294117647058826,0.35294117647058826,0.34224598930481287,0.36898395721925137,False
eval_MoTaTiZrHf-HEA-DDRX-900C_TEM_largeFOV-DislocationCharacterization_0#3,eval_MoTaTiZrHf-HEA-DDRX-900C_TEM_largeFOV-DislocationCharacterization_0,DislocationCharacterization,17.950489897556217,17.950489897556217,17.950489897556217,18.954217483111073,27.612201284134617,False,0.2449,0,False,0.6363636363636364,0.6363636363636364,0.6363636363636364,0.6176470588235294,0.5962566844919786,False,11.503970891094218,11.503970891094218,11.503970891094218,3.1158865212325937,11.585494186767969,False,0.1867,0,False,0.5748663101604279,0.5748663101604279,0.5748663101604279,0.6631016042780749,0.5561497326203209,True
eval_MoTaTiZrHf-HEA-DDRX-900C_TEM_largeFOV-DislocationCharacterization_0#4,eval_MoTaTiZrHf-HEA-DDRX-900C_TEM_largeFOV-DislocationCharacterization_0,DislocationCharacterization,7.6049686771564815,7.6049686771564815,7.6049686771564815,6.17473543731813,13.004566374834296,False,0.1031,0,False,0.5962566844919786,0.5962566844919786,0.5962566844919786,0.6122994652406417,0.5320855614973262,False,3.4168621332859423,3.4168621332859423,3.4168621332859423,2.89816084882445,3.4927248182804704,False,0.2166,0,False,0.6871657754010695,0.6871657754010695,0.6871657754010695,0.6898395721925134,0.660427807486631,True
eval_MoTaTiZrHf-HEA-DDRX-900C_TEM_largeFOV-DislocationCharacterization_0#5,eval_MoTaTiZrHf-HEA-DDRX-900C_TEM_largeFOV-DislocationCharacterization_0,DislocationCharacterization,4.200445522988835,4.200445522988835,4.200445522988835,4.428262091426872,5.969532131145975,False,0.1075,0,False,0.660427807486631,0.660427807486631,0.660427807486631,0.6497326203208555,0.6016042780748663,False,1.467572881741514,1.467572881741514,1.467572881741514,1.5547883193029461,1.0094000233730651,False,0.6135,0,False,0.8796791443850267,0.8796791443850267,0.8796791443850267,0.8770053475935828,0.8770053475935828,True
eval_MoTaTiZrHf-HEA-DDRX-900C_TEM_largeFOV-DislocationCharacterization_0#6,eval_MoTaTiZrHf-HEA-DDRX-900C_TEM_largeFOV-DislocationCharacterization_0,DislocationCharacterization,5.050060631482631,5.050060631482631,5.050060631482631,6.081025923025766,2.024484076545556,False,0.2446,0,False,0.7647058823529411,0.7647058823529411,0.7647058823529411,0.7513368983957219,0.7941176470588236,False,7.540242608423552,7.540242608423552,7.540242608423552,2.0766803273603056,7.68227402721608,False,0.7707,0,False,0.8074866310160428,0.8074866310160428,0.8074866310160428,0.8823529411764706,0.7807486631016043,True
eval_MoTaTiZrHf-HEA-DDRX-900C_TEM_largeFOV-DislocationCharacterization_0#7,eval_MoTaTiZrHf-HEA-DDRX-900C_TEM_largeFOV-DislocationCharacterization_0,DislocationCharacterization,1.1052556157939377,1.1052556157939377,1.1052556157939377,1.588528901894756,518.3384563573403,False,0.126,1,False,0.7192513368983957,0.7192513368983957,0.7192513368983957,0.7058823529411765,0.31016042780748665,False,42.341695796471214,42.341695796471214,42.341695796471214,54.923729309748055,106.57450882348509,False,0.1938,0,False,0.46256684491978606,0.46256684491978606,0.46256684491978606,0.4331550802139037,0.40909090909090906,True
eval_MoTaTiZrHf-HEA-DDRX-900C_TEM_largeFOV-DislocationCharacterization_0#8,eval_MoTaTiZrHf-HEA-DDRX-900C_TEM_largeFOV-DislocationCharacterization_0,DislocationCharacterization,492.85133222227,492.85133222227,492.85133222227,495.87286089660347,492.85133222227,False,0.0725,0,False,0.21657754010695188,0.21657754010695188,0.21657754010695188,0.21657754010695188,0.22994652406417113,False,14.619400671410144,14.619400671410144,14.619400671410144,16.223869369383713,486.6250051085154,False,0.0545,0,False,0.4090909090909091,0.4090909090909091,0.4090909090909091,0.393048128342246,0.20053475935828877,False
eval_MoTaTiZrHf-HEA-DDRX-900C_TEM_largeFOV-DislocationCharacterization_0#9,eval_MoTaTiZrHf-HEA-DDRX-900C_TEM_largeFOV-DislocationCharacterization_0,DislocationCharacterization,2.209043710329326,2.209043710329326,2.209043710329326,2.322871976273823,3.033273376462256,False,0.274,0,False,0.8262032085561497,0.8262032085561497,0.8262032085561497,0.8235294117647058,0.7914438502673797,True,2.286995968615997,2.286995968615997,2.286995968615997,2.214632469557908,2.5549992831009845,False,0.87,0,False,0.9010695187165776,0.9010695187165776,0.9010695187165776,0.893048128342246,0.8770053475935828,True
eval_TRIP1-Bainitic_LOM_SEM_EBSD_Multiscale_0#0,eval_TRIP1-Bainitic_LOM_SEM_EBSD_Multiscale_0,Multiscale,0.0282357822224421,0.0282357822224421,0.0282357822224421,0.028350898807162232,0.022071905862145004,True,0.9998,6,False,0.9919786096256684,0.9919786096256684,0.9919786096256684,0.9919786096256684,0.9973262032085561,False,0.044879245700603684,0.044879245700603684,0.044879245700603684,0.04761882827369731,0.04017790106694173,True,0.9989,6,False,0.9973262032085561,0.9973262032085561,0.9973262032085561,0.9946524064171123,0.9919786096256684,False
eval_TRIP1-Bainitic_LOM_SEM_EBSD_Multiscale_0#1,eval_TRIP1-Bainitic_LOM_SEM_EBSD_Multiscale_0,Multiscale,0.12295374915888756,0.12295374915888756,0.12295374915888756,0.04397172120136758,0.13060751731977965,True,0.9795,6,False,0.9786096256684491,0.9786096256684491,0.9786096256684491,0.9866310160427807,0.9759358288770053,False,0.05980641422045269,0.05980641422045269,0.05980641422045269,0.06194527803220917,0.03290047632767323,True,0.9858,6,False,0.9866310160427807,0.9866310160427807,0.9866310160427807,0.9839572192513368,0.9866310160427807,False
eval_TRIP1-Bainitic_LOM_SEM_EBSD_Multiscale_0#2,eval_TRIP1-Bainitic_LOM_SEM_EBSD_Multiscale_0,Multiscale,0.6736568123501024,0.6736568123501024,0.6736568123501024,0.6983714862613093,0.6081004361698218,True,0.5378,6,False,0.9224598930481284,0.9224598930481284,0.9224598930481284,0.9224598930481284,0.9090909090909092,False,1.1567257591941518,1.1567257591941518,1.1567257591941518,0.9497927696426576,1.1390759808157351,True,0.5312,6,False,0.8796791443850267,0.8796791443850267,0.8796791443850267,0.8823529411764706,0.8609625668449198,False
eval_TRIP1-Bainitic_LOM_SEM_EBSD_Multiscale_0#3,eval_TRIP1-Bainitic_LOM_SEM_EBSD_Multiscale_0,Multiscale,470.1732335887677,470.1732335887677,470.1732335887677,588.6378574537881,31233.029953135025,False,0.0302,0,False,0.1336898395721925,0.1336898395721925,0.1336898395721925,0.1229946524064171,0.07754010695187165,False,1822.5268400163131,1822.5268400163131,1822.5268400163131,1898.2193740249227,1954.2482067382946,False,0.0064,1,False,0.02406417112299465,0.02406417112299465,0.02406417112299465,0.0160427807486631,0.03743315508021391,False
eval_TRIP1-Bainitic_LOM_SEM_EBSD_Multiscale_0#4,eval_TRIP1-Bainitic_LOM_SEM_EBSD_Multiscale_0,Multiscale,190.75193569388145,190.75193569388145,190.75193569388145,198.39078724666666,345.06939855572745,False,0.0933,0,False,0.32887700534759357,0.32887700534759357,0.32887700534759357,0.32085561497326204,0.3048128342245989,False,738.8525057632886,738.8525057632886,738.8525057632886,717.3084825872286,1300.611446565162,False,0.0212,0,False,0.09358288770053476,0.09358288770053476,0.09358288770053476,0.0855614973262032,0.0855614973262032,False
eval_TRIP1-Bainitic_LOM_SEM_EBSD_Multiscale_0#5,eval_TRIP1-Bainitic_LOM_SEM_EBSD_Multiscale_0,Multiscale,614.214329689103,614.214329689103,614.214329689103,620.1788586895608,817.3259241829879,False,0.0224,0,False,0.08823529411764705,0.08823529411764705,0.08823529411764705,0.08556149732620322,0.08556149732620322,False,733.5475896845768,733.5475896845768,733.5475896845768,498.4830151017221,3161.1011335599123,False,0.0066,0,False,0.057486631016042775,0.057486631016042775,0.057486631016042775,0.060160427807486636,0.022727272727272728,False
eval_TRIP1-Bainitic_LOM_SEM_EBSD_Multiscale_0#6,eval_TRIP1-Bainitic_LOM_SEM_EBSD_Multiscale_0,Multiscale,558.9518445099287,558.9518445099287,558.9518445099287,618.9798070460247,252.3694429472676,False,0.0068,0,False,0.053475935828877004,0.053475935828877004,0.053475935828877004,0.0481283422459893,0.0909090909090909,False,42.7610543312251,42.7610543312251,42.7610543312251,46.70437646527712,127.29263503272797,False,0.0836,0,False,0.3770053475935829,0.3770053475935829,0.3770053475935829,0.36898395721925137,0.30213903743315507,False
eval_Ta-AM-Spalled_SEM-BSE_EBSD_SameSliceSerialSectioning_0#0,eval_Ta-AM-Spalled_SEM-BSE_EBSD_SameSliceSerialSectioning_0,SerialSectioning,64.67446733717506,64.67446733717506,64.67446733717506,49.87177998777078,64.67446733717506,False,0.0714,0,False,0.32352941176470584,0.32352941176470584,0.32352941176470584,0.33689839572192515,0.33689839572192515,False,77.19099791537158,77.19099791537158,77.19099791537158,78.56615123067581,79.227749381996,False,0.0743,0,False,0.3128342245989305,0.3128342245989305,0.3128342245989305,0.3048128342245989,0.3235294117647059,False
eval_Ta-AM-Spalled_SEM-BSE_EBSD_SameSliceSerialSectioning_0#1,eval_Ta-AM-Spalled_SEM-BSE_EBSD_SameSliceSerialSectioning_0,SerialSectioning,554.2648122537972,554.2648122537972,554.2648122537972,589.8991943065041,638.1862840877803,False,0.0221,0,False,0.09358288770053476,0.09358288770053476,0.09358288770053476,0.08823529411764705,0.09090909090909091,False,18.440545931357807,18.440545931357807,18.440545931357807,18.876946147249726,33.24805141136026,False,0.0644,0,False,0.40106951871657753,0.40106951871657753,0.40106951871657753,0.39839572192513373,0.35561497326203206,False
eval_Ta-AM-Spalled_SEM-BSE_EBSD_SameSliceSerialSectioning_0#2,eval_Ta-AM-Spalled_SEM-BSE_EBSD_SameSliceSerialSectioning_0,SerialSectioning,25.274449965097688,25.274449965097688,25.274449965097688,27.799657278001376,26.747593077064824,False,0.0791,0,False,0.42245989304812837,0.42245989304812837,0.42245989304812837,0.39839572192513373,0.40641711229946526,False,83.34606534490118,83.34606534490118,83.34606534490118,83.13027022313267,13.897588937874298,False,0.0559,0,False,0.27005347593582885,0.27005347593582885,0.27005347593582885,0.2620320855614973,0.4117647058823529,False
eval_Ta-AM-Spalled_SEM-BSE_EBSD_SameSliceSerialSectioning_1#0,eval_Ta-AM-Spalled_SEM-BSE_EBSD_SameSliceSerialSectioning_1,SerialSectioning,68.05027782902414,68.05027782902414,68.05027782902414,64.57091706395869,30.505169777766294,False,0.0923,0,False,0.3770053475935829,0.3770053475935829,0.3770053475935829,0.36898395721925137,0.4304812834224599,False,75.55479747787882,75.55479747787882,75.55479747787882,79.69306775850038,30.210309249268665,False,0.0689,0,False,0.3128342245989305,0.3128342245989305,0.3128342245989305,0.29679144385026734,0.37700534759358284,False
eval_Ta-AM-Spalled_SEM-BSE_EBSD_SameSliceSerialSectioning_1#1,eval_Ta-AM-Spalled_SEM-BSE_EBSD_SameSliceSerialSectioning_1,SerialSectioning,40.22633501053458,40.22633501053458,40.22633501053458,51.75854195642101,13.796648971848049,False,0.0948,0,False,0.4331550802139037,0.4331550802139037,0.4331550802139037,0.40106951871657753,0.5187165775401069,False,55.83378990301034,55.83378990301034,55.83378990301034,75.6305775047064,35.588833185411815,False,0.0584,0,False,0.31550802139037437,0.31550802139037437,0.31550802139037437,0.286096256684492,0.34224598930481287,False
eval_Ta-AM-Spalled_SEM-BSE_EBSD_SameSliceSerialSectioning_1#2,eval_Ta-AM-Spalled_SEM-BSE_EBSD_SameSliceSerialSectioning_1,SerialSectioning,29.05277089205673,29.05277089205673,29.05277089205673,29.900416491095967,37.172757841829636,False,0.0638,0,False,0.3850267379679144,0.3850267379679144,0.3850267379679144,0.3689839572192513,0.35561497326203206,False,76.84523697920224,76.84523697920224,76.84523697920224,78.24030557574622,76.84523697920224,False,0.0482,0,False,0.26737967914438504,0.26737967914438504,0.26737967914438504,0.2593582887700535,0.28342245989304815,False
eval_Ta-AM-Spalled_SEM-BSE_EBSD_SameSliceSerialSectioning_2#0,eval_Ta-AM-Spalled_SEM-BSE_EBSD_SameSliceSerialSectioning_2,SerialSectioning,665.5492064612326,665.5492064612326,665.5492064612326,683.732553811371,205.0283669507631,False,0.0354,0,False,0.12834224598930483,0.12834224598930483,0.12834224598930483,0.12566844919786097,0.18449197860962568,False,147.28755685351686,147.28755685351686,147.28755685351686,37.45326386463918,147.28755685351686,False,0.0835,0,False,0.28609625668449196,0.28609625668449196,0.28609625668449196,0.3877005347593583,0.29411764705882354,False
eval_Ta-AM-Spalled_SEM-BSE_EBSD_SameSliceSerialSectioning_2#1,eval_Ta-AM-Spalled_SEM-BSE_EBSD_SameSliceSerialSectioning_2,SerialSectioning,843.2386345186121,843.2386345186121,843.2386345186121,845.842364768111,59.941471799406436,False,0.0492,0,False,0.14438502673796794,0.14438502673796794,0.14438502673796794,0.14438502673796794,0.2994652406417112,False,99.26601815423336,99.26601815423336,99.26601815423336,108.52541385268626,171.89325904305028,False,0.0474,0,False,0.24331550802139038,0.24331550802139038,0.24331550802139038,0.22994652406417113,0.21390374331550804,False
eval_Ta-AM-Spalled_SEM-BSE_EBSD_SameSliceSerialSectioning_2#2,eval_Ta-AM-Spalled_SEM-BSE_EBSD_SameSliceSerialSectioning_2,SerialSectioning,32.5119114030059,32.5119114030059,32.5119114030059,31.947931005035667,2.3463635735535493,False,0.0811,0,False,0.40641711229946526,0.40641711229946526,0.40641711229946526,0.393048128342246,0.5989304812834224,False,11.504114456284581,11.504114456284581,11.504114456284581,12.362838693040178,3.211639460216282,False,0.084,0,False,0.5,0.5,0.5,0.4839572192513369,0.5802139037433155,False
eval_Ti3AlC2-MAX-Phase_TEM_DislocationCharacterization_0#0,eval_Ti3AlC2-MAX-Phase_TEM_DislocationCharacterization_0,DislocationCharacterization,0.12017738390164175,0.12017738390164175,0.12017738390164175,0.13893208589866524,0.11515793265064551,True,0.9149,6,False,0.9705882352941176,0.9705882352941176,0.9705882352941176,0.9679144385026738,0.9679144385026738,False,0.4585501347464415,0.4585501347464415,0.4585501347464415,0.4594010073004065,0.49450118646100405,True,0.9913,6,False,0.9625668449197862,0.9625668449197862,0.9625668449197862,0.9598930481283423,0.9545454545454546,False
eval_Ti3AlC2-MAX-Phase_TEM_DislocationCharacterization_0#1,eval_Ti3AlC2-MAX-Phase_TEM_DislocationCharacterization_0,DislocationCharacterization,0.021723448666511092,0.021723448666511092,0.021723448666511092,0.019196000740049582,0.036074577263000694,True,0.9999,6,False,1.0,1.0,1.0,1.0,0.9946524064171123,False,0.31395370411471657,0.31395370411471657,0.31395370411471657,0.3167541444626558,0.031175837035330285,True,0.9988,6,False,0.9705882352941176,0.9705882352941176,0.9705882352941176,0.9705882352941176,0.9946524064171123,False
eval_Ti3AlC2-MAX-Phase_TEM_DislocationCharacterization_0#2,eval_Ti3AlC2-MAX-Phase_TEM_DislocationCharacterization_0,DislocationCharacterization,0.02393612811836803,0.02393612811836803,0.02393612811836803,0.024198427468325165,0.025493053020105766,True,0.9657,6,False,0.9866310160427807,0.9866310160427807,0.9866310160427807,0.9866310160427807,0.9866310160427807,False,0.09048090384166342,0.09048090384166342,0.09048090384166342,0.013060312882968099,0.11124091747296345,True,0.999,6,False,0.9893048128342246,0.9893048128342246,0.9893048128342246,1.0,0.9839572192513368,False
eval_X2CrNi12-Ferritic_SEM-SE-Stitch_EBSD_Fatigue-SameSlice_0#0,eval_X2CrNi12-Ferritic_SEM-SE-Stitch_EBSD_Fatigue-SameSlice_0,SameSlice,4.655597521130193,4.655597521130193,4.655597521130193,5.170987269280757,4.4454853275543575,True,0.4314,6,False,0.8342245989304813,0.8342245989304813,0.8342245989304813,0.8235294117647058,0.7994652406417112,False,3.3503841064317417,3.3503841064317417,3.3503841064317417,3.6222510302104727,1.9589986182786452,True,0.4181,6,False,0.7967914438502675,0.7967914438502675,0.7967914438502675,0.7834224598930482,0.8101604278074866,False
eval_X2CrNi12-Ferritic_SEM-SE-Stitch_EBSD_Fatigue-SameSlice_0#1,eval_X2CrNi12-Ferritic_SEM-SE-Stitch_EBSD_Fatigue-SameSlice_0,SameSlice,6.893706261327719,6.893706261327719,6.893706261327719,7.288503384755426,7.339457335888106,False,0.2431,0,False,0.7299465240641712,0.7299465240641712,0.7299465240641712,0.7165775401069518,0.713903743315508,False,17.836062089849097,17.836062089849097,17.836062089849097,8.617754939552732,19.358630535169574,False,0.3051,3,False,0.5775401069518716,0.5775401069518716,0.5775401069518716,0.6443850267379679,0.572192513368984,False
eval_X2CrNi12-Ferritic_SEM-SE-Stitch_EBSD_Fatigue-SameSlice_0#2,eval_X2CrNi12-Ferritic_SEM-SE-Stitch_EBSD_Fatigue-SameSlice_0,SameSlice,54.088198704772346,54.088198704772346,54.088198704772346,54.97841184072295,8.128823494189666,False,0.2312,1,False,0.5374331550802138,0.5374331550802138,0.5374331550802138,0.5240641711229946,0.6978609625668449,False,19.32136904845605,19.32136904845605,19.32136904845605,24.00817143530768,27.058386289461883,False,0.23,0,False,0.5267379679144385,0.5267379679144385,0.5267379679144385,0.5080213903743316,0.5053475935828877,False
eval_X2CrNi12-Ferritic_SEM-SE-Stitch_EBSD_Fatigue-SameSlice_0#3,eval_X2CrNi12-Ferritic_SEM-SE-Stitch_EBSD_Fatigue-SameSlice_0,SameSlice,4.098223079699563,4.098223079699563,4.098223079699563,5.104718030057921,4.288093195272976,False,0.1902,0,False,0.7620320855614973,0.7620320855614973,0.7620320855614973,0.7379679144385027,0.7192513368983957,False,2.1892776696562146,2.1892776696562146,2.1892776696562146,2.0105492837615597,3.887501349506726,False,0.2559,0,False,0.7299465240641712,0.7299465240641712,0.7299465240641712,0.7352941176470589,0.6711229946524064,False
eval_X2CrNi12-Ferritic_SEM-SE-Stitch_EBSD_Fatigue-SameSlice_0#4,eval_X2CrNi12-Ferritic_SEM-SE-Stitch_EBSD_Fatigue-SameSlice_0,SameSlice,1441.647897562224,1441.647897562224,1441.647897562224,1552.0705756023167,949.7180288436491,False,0.0032,0,False,0.026737967914438502,0.026737967914438502,0.026737967914438502,0.02406417112299465,0.0374331550802139,False,12.256534430300382,12.256534430300382,12.256534430300382,13.727103180825189,3.6246037843415615,False,0.2181,0,False,0.5828877005347594,0.5828877005347594,0.5828877005347594,0.5695187165775402,0.660427807486631,False
