pair_id,scene,cand,backbone,pool,n_matches,n_inliers,err,S1,nfa4,nfa1,nfa4t,wilson,ninl
eval_5842WCu-Spalled_SEM-SE_SEM-BSE_Multiscale_0#0,eval_5842WCu-Spalled_SEM-SE_SEM-BSE_Multiscale_0,sift|direct|none|s0,sift,core,12.0,4.0,220.267,0.3333333333333333,20.903984496183277,27.108542258751964,31.992889188426773,0.13812009109121315,4.0
eval_AF9628-Martensitic_SEM-SE-Stitch_EBSD_SameSlice_0#0,eval_AF9628-Martensitic_SEM-SE-Stitch_EBSD_SameSlice_0,sift|direct|none|s0,sift,core,8.0,4.0,2876.805,0.5,37.01642797026244,41.2649232123118,45.11030440426582,0.2152160622138776,4.0
eval_AF9628-Martensitic_SEM-SE-Stitch_EBSD_SameSlice_0#1,eval_AF9628-Martensitic_SEM-SE-Stitch_EBSD_SameSlice_0,sift|direct|none|s0,sift,core,,,inf,-inf,-inf,-inf,-inf,-inf,-inf
eval_AF9628-Martensitic_SEM-SE-Stitch_EBSD_SameSlice_0#2,eval_AF9628-Martensitic_SEM-SE-Stitch_EBSD_SameSlice_0,sift|direct|none|s0,sift,core,42.0,5.0,9944.564,0.11904761904761904,31.61267389907065,43.23830285395395,41.7297530357305,0.051938033277582375,5.0
eval_AF9628-Martensitic_SEM-SE-Stitch_EBSD_SameSlice_1#0,eval_AF9628-Martensitic_SEM-SE-Stitch_EBSD_SameSlice_1,sift|direct|none|s0,sift,core,13.0,5.0,2505.663,0.38461538461538464,43.07240794287294,49.64469048556695,51.9303201855427,0.17709707797762572,5.0
eval_AF9628-Martensitic_SEM-SE-Stitch_EBSD_SameSlice_1#1,eval_AF9628-Martensitic_SEM-SE-Stitch_EBSD_SameSlice_1,sift|direct|none|s0,sift,core,6.0,3.0,2151.284,0.5,28.37905296857902,31.08710316968123,33.693817222250104,0.1876163064826506,3.0
eval_AF9628-Martensitic_SEM-SE-Stitch_EBSD_SameSlice_1#2,eval_AF9628-Martensitic_SEM-SE-Stitch_EBSD_SameSlice_1,sift|direct|none|s0,sift,core,65.0,7.0,2602.196,0.1076923076923077,45.74052611310574,59.16601174744968,58.14120309721163,0.053154219531127755,7.0
eval_AF9628-Martensitic_SEM-SE-Stitch_EBSD_SameSlice_2#0,eval_AF9628-Martensitic_SEM-SE-Stitch_EBSD_SameSlice_2,sift|direct|none|s0,sift,core,22.0,4.0,5919.615,0.18181818181818182,27.65256054536774,36.55024285882197,34.51264492967883,0.07306884583422053,4.0
eval_AF9628-Martensitic_SEM-SE-Stitch_EBSD_SameSlice_2#1,eval_AF9628-Martensitic_SEM-SE-Stitch_EBSD_SameSlice_2,sift|direct|none|s0,sift,core,9.0,3.0,17065.601,0.3333333333333333,24.818771905627525,29.655053812579002,29.963895276836034,0.1205838183869109,3.0
eval_AF9628-Martensitic_SEM-SE-Stitch_EBSD_SameSlice_2#2,eval_AF9628-Martensitic_SEM-SE-Stitch_EBSD_SameSlice_2,sift|direct|none|s0,sift,core,48.0,5.0,1337.004,0.10416666666666667,30.27816480428948,42.4567634728189,38.85310020924732,0.0453217190418131,5.0
eval_AF9628-Martensitic_SEM-SE-Stitch_EBSD_SameSlice_3#0,eval_AF9628-Martensitic_SEM-SE-Stitch_EBSD_SameSlice_3,sift|direct|none|s0,sift,core,27.0,4.0,9845.532,0.14814814814814814,32.96702009371686,42.73982932261086,25.89633399111503,0.05915927776244328,4.0
eval_AF9628-Martensitic_SEM-SE-Stitch_EBSD_SameSlice_3#1,eval_AF9628-Martensitic_SEM-SE-Stitch_EBSD_SameSlice_3,sift|direct|none|s0,sift,core,25.0,4.0,5876.137,0.16,33.62181038166083,43.06722287581649,26.551108824950077,0.0640345145667644,4.0
eval_AF9628-Martensitic_SEM-SE-Stitch_EBSD_SameSlice_3#2,eval_AF9628-Martensitic_SEM-SE-Stitch_EBSD_SameSlice_3,sift|direct|none|s0,sift,core,60.0,4.0,5804.371,0.06666666666666667,26.318046138412072,39.41536859257293,19.24761502657897,0.026228698724506207,4.0
eval_AF9628-Martensitic_SEM-SE-Stitch_EBSD_SameSlice_4#0,eval_AF9628-Martensitic_SEM-SE-Stitch_EBSD_SameSlice_4,sift|direct|none|s0,sift,core,9.0,4.0,7740.282,0.4444444444444444,35.777244895245865,40.61352680219734,43.184956842114055,0.18877852109766458,4.0
eval_AF9628-Martensitic_SEM-SE-Stitch_EBSD_SameSlice_4#1,eval_AF9628-Martensitic_SEM-SE-Stitch_EBSD_SameSlice_4,sift|direct|none|s0,sift,core,5.0,3.0,36412.823,0.6,30.175316090402795,31.784754002836895,35.73111475030852,0.23072428127601285,3.0
eval_AF9628-Martensitic_SEM-SE-Stitch_EBSD_SameSlice_4#2,eval_AF9628-Martensitic_SEM-SE-Stitch_EBSD_SameSlice_4,sift|direct|none|s0,sift,core,59.0,7.0,2751.314,0.11864406779661017,46.8614519843683,59.88978156704215,59.824570599101165,0.058675827757903046,7.0
eval_C103_SEM-SE_LOM-DC-Height_FractureSurfaces_0#0,eval_C103_SEM-SE_LOM-DC-Height_FractureSurfaces_0,sift|direct|none|s0,sift,core,45.0,5.0,465.991,0.1111111111111111,31.663036646862928,43.57470467418053,22.975949065858117,0.048404717945671846,5.0
eval_C103_SEM-SE_LOM-DC-Height_FractureSurfaces_0#1,eval_C103_SEM-SE_LOM-DC-Height_FractureSurfaces_0,sift|direct|none|s0,sift,core,64.0,5.0,73358.029,0.078125,28.381813273941454,41.74378550256308,19.695463575048407,0.03383117690855045,5.0
eval_C103_SEM-SE_LOM-DC-Height_FractureSurfaces_1#0,eval_C103_SEM-SE_LOM-DC-Height_FractureSurfaces_1,sift|direct|none|s0,sift,core,49.0,4.0,29811.986,0.08163265306122448,14.595750273190621,26.859506750060294,23.107860586473343,0.03220281766776368,4.0
eval_C103_SEM-SE_LOM-DC-Height_FractureSurfaces_1#1,eval_C103_SEM-SE_LOM-DC-Height_FractureSurfaces_1,sift|direct|none|s0,sift,core,73.0,6.0,987.362,0.0821917808219178,25.832178243459317,39.732425092366476,38.60017286259823,0.038213750478704914,6.0
eval_C103_SEM-SE_LOM-DC-Height_FractureSurfaces_2#0,eval_C103_SEM-SE_LOM-DC-Height_FractureSurfaces_2,sift|direct|none|s0,sift,core,184.0,10.0,903.08,0.05434782608695652,57.223317576835825,74.87218937528075,61.357913762002966,0.029785256960549615,10.0
eval_C103_SEM-SE_LOM-DC-Height_FractureSurfaces_2#1,eval_C103_SEM-SE_LOM-DC-Height_FractureSurfaces_2,sift|direct|none|s0,sift,core,114.0,6.0,3236.653,0.05263157894736842,29.583162061405737,45.29672357077208,32.06393097005304,0.024342161507909528,6.0
eval_CoNi-AM67_OM-SEM_Multiscale_0#0,eval_CoNi-AM67_OM-SEM_Multiscale_0,sift|direct|none|s0,sift,core,44.0,5.0,1531.48,0.11363636363636363,29.786279216351872,41.604856820603416,24.93563010018157,0.04952780601092493,5.0
eval_CoNi-AM67_OM-SEM_Multiscale_0#1,eval_CoNi-AM67_OM-SEM_Multiscale_0,sift|direct|none|s0,sift,core,5.0,4.0,13921.408,0.8,41.183044299701095,42.7924822121352,37.30190123467748,0.37553462976252533,4.0
eval_CoNi-AM67_OM-SEM_Multiscale_0#2,eval_CoNi-AM67_OM-SEM_Multiscale_0,sift|direct|none|s0,sift,core,144.0,5.0,70349.804,0.034722222222222224,13.965814239043702,30.62500528651099,14.004961525090643,0.014920742375757768,5.0
eval_CoNi-AM67_SEM-EBSD_SameSliceSerialSectioning_0#0,eval_CoNi-AM67_SEM-EBSD_SameSliceSerialSectioning_0,sift|direct|none|s0,sift,core,89.0,7.0,1806.59,0.07865168539325842,40.342872190835145,55.05104695960559,21.74449730156094,0.03861982216517404,7.0
eval_CoNi-AM67_SEM-EBSD_SameSliceSerialSectioning_0#1,eval_CoNi-AM67_SEM-EBSD_SameSliceSerialSectioning_0,sift|direct|none|s0,sift,core,122.0,8.0,2372.101,0.06557377049180328,45.22376893031508,61.212141926190604,23.972361589875653,0.03359886877221733,8.0
eval_CoNi-AM67_SEM-EBSD_SameSliceSerialSectioning_0#2,eval_CoNi-AM67_SEM-EBSD_SameSliceSerialSectioning_0,sift|direct|none|s0,sift,core,106.0,5.0,15389.942,0.04716981132075472,21.651190479536936,37.06965598082952,8.373237972348885,0.020314072962303895,5.0
eval_CoNi-AM67_SEM-EBSD_SameSliceSerialSectioning_0#3,eval_CoNi-AM67_SEM-EBSD_SameSliceSerialSectioning_0,sift|direct|none|s0,sift,core,53.0,5.0,2418.196,0.09433962264150944,28.045945988319062,40.633276428257176,14.759135564521348,0.04097264149725047,5.0
eval_CoNi-AM67_SEM-EBSD_SameSliceSerialSectioning_0#4,eval_CoNi-AM67_SEM-EBSD_SameSliceSerialSectioning_0,sift|direct|none|s0,sift,core,46.0,5.0,1195.115,0.10869565217391304,29.369389824634418,41.372029630157705,16.08140929386436,0.04733145858098942,5.0
eval_CoNi-AM67_SEM-EBSD_SameSliceSerialSectioning_0#5,eval_CoNi-AM67_SEM-EBSD_SameSliceSerialSectioning_0,sift|direct|none|s0,sift,core,81.0,5.0,1266.091,0.06172839506172839,24.119816915289576,38.44439555344458,10.837686468115425,0.02665251209702916,5.0
eval_CoNi-AM67_SEM-EBSD_SameSliceSerialSectioning_1#0,eval_CoNi-AM67_SEM-EBSD_SameSliceSerialSectioning_1,sift|direct|none|s0,sift,core,81.0,6.0,1597.655,0.07407407407407407,32.681334443634,47.005913081789004,14.70415743004968,0.03438963041238104,6.0
eval_CoNi-AM67_SEM-EBSD_SameSliceSerialSectioning_1#1,eval_CoNi-AM67_SEM-EBSD_SameSliceSerialSectioning_1,sift|direct|none|s0,sift,core,161.0,5.0,2636.314,0.031055900621118012,17.837493610157587,34.94751719527505,2.8785137189191303,0.013336707248041379,5.0
eval_CoNi-AM67_SEM-EBSD_SameSliceSerialSectioning_1#2,eval_CoNi-AM67_SEM-EBSD_SameSliceSerialSectioning_1,sift|direct|none|s0,sift,core,170.0,5.0,126762.777,0.029411764705882353,17.34270985306219,34.67231096650758,2.3858881540818366,0.01262702131586935,5.0
eval_CoNi-AM67_SEM-EBSD_SameSliceSerialSectioning_1#3,eval_CoNi-AM67_SEM-EBSD_SameSliceSerialSectioning_1,sift|direct|none|s0,sift,core,39.0,5.0,1318.654,0.1282051282051282,30.921841226694767,42.239372053303185,15.933591209081577,0.05602817536971394,5.0
eval_CoNi-AM67_SEM-EBSD_SameSliceSerialSectioning_1#4,eval_CoNi-AM67_SEM-EBSD_SameSliceSerialSectioning_1,sift|direct|none|s0,sift,core,75.0,4.0,101403.88,0.05333333333333334,16.381516127986536,30.392141064543516,4.400744907597883,0.020933427746654343,4.0
eval_CoNi-AM67_SEM-EBSD_SameSliceSerialSectioning_1#5,eval_CoNi-AM67_SEM-EBSD_SameSliceSerialSectioning_1,sift|direct|none|s0,sift,core,51.0,6.0,811.453,0.11764705882352941,37.46822083666932,49.89703695349236,19.483637766151293,0.05505073677918174,6.0
eval_CoNi-AM67_SEM-EBSD_SameSliceSerialSectioning_2#0,eval_CoNi-AM67_SEM-EBSD_SameSliceSerialSectioning_2,sift|direct|none|s0,sift,core,81.0,6.0,4036.079,0.07407407407407407,32.681334443634,47.005913081789004,14.70415743004968,0.03438963041238104,6.0
eval_CoNi-AM67_SEM-EBSD_SameSliceSerialSectioning_2#1,eval_CoNi-AM67_SEM-EBSD_SameSliceSerialSectioning_2,sift|direct|none|s0,sift,core,127.0,9.0,1956.223,0.07086614173228346,53.24903878852635,69.40004925449566,26.286089394396484,0.037728059261201326,9.0
eval_CoNi-AM67_SEM-EBSD_SameSliceSerialSectioning_2#2,eval_CoNi-AM67_SEM-EBSD_SameSliceSerialSectioning_2,sift|direct|none|s0,sift,core,179.0,6.0,1115.559,0.0335195530726257,24.606959497902807,42.14470875129982,6.653966755829771,0.01545112770787544,6.0
eval_CoNi-AM67_SEM-EBSD_SameSliceSerialSectioning_2#3,eval_CoNi-AM67_SEM-EBSD_SameSliceSerialSectioning_2,sift|direct|none|s0,sift,core,46.0,4.0,1026.873,0.08695652173913043,20.397135959108596,32.39977576463188,8.409684604279295,0.034335867894725876,4.0
eval_CoNi-AM67_SEM-EBSD_SameSliceSerialSectioning_2#4,eval_CoNi-AM67_SEM-EBSD_SameSliceSerialSectioning_2,sift|direct|none|s0,sift,core,42.0,6.0,4436.307,0.14285714285714285,39.50476356169352,51.13039251657682,21.51795842706546,0.06715967015962647,6.0
eval_CoNi-AM67_SEM-EBSD_SameSliceSerialSectioning_2#5,eval_CoNi-AM67_SEM-EBSD_SameSliceSerialSectioning_2,sift|direct|none|s0,sift,core,142.0,5.0,1325.119,0.035211267605633804,18.980994800546746,35.5836442739182,4.0174582377664905,0.015132189304854042,5.0
eval_CoNi-AM90_OM-SEM_Multiscale_0#0,eval_CoNi-AM90_OM-SEM_Multiscale_0,sift|direct|none|s0,sift,core,44.0,4.0,1215.031,0.09090909090909091,20.76523619381203,32.583813798063574,1.006668932193275,0.03592219322731624,4.0
eval_CoNi-AM90_OM-SEM_Multiscale_0#1,eval_CoNi-AM90_OM-SEM_Multiscale_0,sift|direct|none|s0,sift,core,20.0,4.0,2665.474,0.2,27.430696337686317,35.91639886201118,22.825355033474104,0.08065766257979808,4.0
eval_CoNi-AM90_SEM-DIC_EBSD_SlipPartitioning_0#0,eval_CoNi-AM90_SEM-DIC_EBSD_SlipPartitioning_0,sift|direct|none|s0,sift,core,7.0,4.0,12107.679,0.5714285714285714,32.61476255594206,36.17011061743147,50.65638043165214,0.2504583645276572,4.0
eval_CoNi-AM90_SEM-DIC_EBSD_SlipPartitioning_0#1,eval_CoNi-AM90_SEM-DIC_EBSD_SlipPartitioning_0,sift|direct|none|s0,sift,core,,,inf,-inf,-inf,-inf,-inf,-inf,-inf
eval_CoNi-AM90_SEM-DIC_EBSD_SlipPartitioning_0#2,eval_CoNi-AM90_SEM-DIC_EBSD_SlipPartitioning_0,sift|direct|none|s0,sift,core,,,inf,-inf,-inf,-inf,-inf,-inf,-inf
eval_CoNi-AM90_SEM-DIC_EBSD_SlipPartitioning_0#3,eval_CoNi-AM90_SEM-DIC_EBSD_SlipPartitioning_0,sift|direct|none|s0,sift,core,8.0,4.0,1358.485,0.5,31.228507096839216,35.477002338888575,49.270086498203,0.2152160622138776,4.0
eval_CoNi-AM90_SEM-DIC_EBSD_SlipPartitioning_0#4,eval_CoNi-AM90_SEM-DIC_EBSD_SlipPartitioning_0,sift|direct|none|s0,sift,core,7.0,5.0,926.875,0.7142857142857143,43.05688801268312,46.61223607417253,65.60897448129128,0.35893445183261935,5.0
eval_CoNi-AM90_SEM-DIC_EBSD_SlipPartitioning_0#5,eval_CoNi-AM90_SEM-DIC_EBSD_SlipPartitioning_0,sift|direct|none|s0,sift,core,,,inf,-inf,-inf,-inf,-inf,-inf,-inf
eval_CoNi-AM90_SEM-DIC_EBSD_SlipPartitioning_0#6,eval_CoNi-AM90_SEM-DIC_EBSD_SlipPartitioning_0,sift|direct|none|s0,sift,core,8.0,4.0,670.041,0.5,31.228507096839216,35.477002338888575,49.270086498203,0.2152160622138776,4.0
eval_CoNi-AM90_SEM-DIC_EBSD_SlipPartitioning_0#7,eval_CoNi-AM90_SEM-DIC_EBSD_SlipPartitioning_0,sift|direct|none|s0,sift,core,5.0,3.0,1512.321,0.6,25.88205641539971,27.49149432783381,39.41328425016853,0.23072428127601285,3.0
eval_CoNi-AM90_SEM-DIC_EBSD_SlipPartitioning_0#8,eval_CoNi-AM90_SEM-DIC_EBSD_SlipPartitioning_0,sift|direct|none|s0,sift,core,,,inf,-inf,-inf,-inf,-inf,-inf,-inf
eval_CoNi-AM90_SEM-DIC_EBSD_SlipPartitioning_0#9,eval_CoNi-AM90_SEM-DIC_EBSD_SlipPartitioning_0,sift|direct|none|s0,sift,core,7.0,3.0,383.596,0.42857142857142855,22.68345623895365,26.238804300443064,36.214611934500496,0.15821985525146973,3.0
eval_CoNi-AM90_SEM-DIC_EBSD_SlipPartitioning_0#10,eval_CoNi-AM90_SEM-DIC_EBSD_SlipPartitioning_0,sift|direct|none|s0,sift,core,6.0,4.0,3754.215,0.6666666666666666,34.309319374636345,37.017369575738556,52.350975724755784,0.299993315138392,4.0
eval_CoNi-AM90_SEM-DIC_EBSD_SlipPartitioning_0#11,eval_CoNi-AM90_SEM-DIC_EBSD_SlipPartitioning_0,sift|direct|none|s0,sift,core,,,inf,-inf,-inf,-inf,-inf,-inf,-inf
eval_CoNi-AM90_SEM-DIC_EBSD_SlipPartitioning_0#12,eval_CoNi-AM90_SEM-DIC_EBSD_SlipPartitioning_0,sift|direct|none|s0,sift,core,6.0,4.0,1024.676,0.6666666666666666,34.309319374636345,37.017369575738556,52.350975724755784,0.299993315138392,4.0
eval_CoNi-AM90_SEM-DIC_EBSD_SlipPartitioning_0#13,eval_CoNi-AM90_SEM-DIC_EBSD_SlipPartitioning_0,sift|direct|none|s0,sift,core,10.0,4.0,564.87,0.4,29.031360323347922,34.37846785406539,47.07286277620827,0.16818032970623617,4.0
eval_CoNi-AM90_SEM-DIC_EBSD_SlipPartitioning_0#14,eval_CoNi-AM90_SEM-DIC_EBSD_SlipPartitioning_0,sift|direct|none|s0,sift,core,,,inf,-inf,-inf,-inf,-inf,-inf,-inf
eval_CoNi-AM90_SEM-DIC_EBSD_SlipPartitioning_0#15,eval_CoNi-AM90_SEM-DIC_EBSD_SlipPartitioning_0,sift|direct|none|s0,sift,core,12.0,4.0,1501.982,0.3333333333333333,27.316537663238144,33.521095425806834,45.35796316784727,0.13812009109121315,4.0
eval_CoNi-AM90_SEM-DIC_EBSD_SlipPartitioning_0#16,eval_CoNi-AM90_SEM-DIC_EBSD_SlipPartitioning_0,sift|direct|none|s0,sift,core,19.0,5.0,12237.613,0.2631578947368421,32.03351455095566,40.296073523966314,54.58512009169891,0.11806412346782508,5.0
eval_CoNi-AM90_SEM-DIC_EBSD_SlipPartitioning_0#17,eval_CoNi-AM90_SEM-DIC_EBSD_SlipPartitioning_0,sift|direct|none|s0,sift,core,,,inf,-inf,-inf,-inf,-inf,-inf,-inf
eval_CoNi-AM90_SEM-DIC_EBSD_SlipPartitioning_0#18,eval_CoNi-AM90_SEM-DIC_EBSD_SlipPartitioning_0,sift|direct|none|s0,sift,core,16.0,5.0,1881.247,0.3125,33.76847092034568,41.27506270041652,56.320196692421774,0.14164643854782036,5.0
eval_CoNi-AM90_SEM-DIC_EBSD_SlipPartitioning_0#19,eval_CoNi-AM90_SEM-DIC_EBSD_SlipPartitioning_0,sift|direct|none|s0,sift,core,14.0,4.0,2515.846,0.2857142857142857,25.9082214330855,32.816976212400725,43.949569989695625,0.1172137864457692,4.0
eval_CoNi-AM90_SEM-DIC_EBSD_SlipPartitioning_0#20,eval_CoNi-AM90_SEM-DIC_EBSD_SlipPartitioning_0,sift|direct|none|s0,sift,core,,,inf,-inf,-inf,-inf,-inf,-inf,-inf
eval_CoNi-AM90_SEM-DIC_EBSD_SlipPartitioning_0#21,eval_CoNi-AM90_SEM-DIC_EBSD_SlipPartitioning_0,sift|direct|none|s0,sift,core,9.0,4.0,4819.002,0.4444444444444444,30.05297266898897,34.88925457594045,48.094513596069504,0.18877852109766458,4.0
eval_CoNi-AM90_SEM-DIC_EBSD_SlipPartitioning_0#22,eval_CoNi-AM90_SEM-DIC_EBSD_SlipPartitioning_0,sift|direct|none|s0,sift,core,24.0,4.0,661.156,0.16666666666666666,21.184001790612278,30.455060897623163,39.22496561101094,0.0667867632863295,4.0
eval_CoNi-AM90_SEM-DIC_EBSD_SlipPartitioning_0#23,eval_CoNi-AM90_SEM-DIC_EBSD_SlipPartitioning_0,sift|direct|none|s0,sift,core,,,inf,-inf,-inf,-inf,-inf,-inf,-inf
eval_CoNi-AM90_SEM-DIC_EBSD_SlipPartitioning_0#24,eval_CoNi-AM90_SEM-DIC_EBSD_SlipPartitioning_0,sift|direct|none|s0,sift,core,17.0,4.0,4265.87,0.23529411764705882,24.176136162922536,31.95099192958806,42.2173692980071,0.09555044322080115,4.0
eval_CoNi-AM90_SEM-DIC_EBSD_SlipPartitioning_0#25,eval_CoNi-AM90_SEM-DIC_EBSD_SlipPartitioning_0,sift|direct|none|s0,sift,core,23.0,6.0,1256.082,0.2608695652173913,38.977633074863725,48.06637062508066,66.03953224131088,0.12548616044986347,6.0
eval_CoNi-AM90_SEM-DIC_EBSD_SlipPartitioning_0#26,eval_CoNi-AM90_SEM-DIC_EBSD_SlipPartitioning_0,sift|direct|none|s0,sift,core,,,inf,-inf,-inf,-inf,-inf,-inf,-inf
eval_CoNi-AM90_SEM-EBSD_SameSlice_0#0,eval_CoNi-AM90_SEM-EBSD_SameSlice_0,sift|direct|none|s0,sift,core,30.0,4.0,6104.229,0.13333333333333333,19.289391894397166,29.507872651877374,36.883935787172696,0.05309655484054744,4.0
eval_CoNi-AM90_SEM-EBSD_SameSlice_0#1,eval_CoNi-AM90_SEM-EBSD_SameSlice_0,sift|direct|none|s0,sift,core,15.0,4.0,998.899,0.26666666666666666,25.287950478053432,32.506860185672494,42.88307071481385,0.10897453325692374,4.0
eval_CoNi-AM90_SEM-EBSD_SameSlice_0#2,eval_CoNi-AM90_SEM-EBSD_SameSlice_0,sift|direct|none|s0,sift,core,,,inf,-inf,-inf,-inf,-inf,-inf,-inf
eval_CoNi-AM90_SEM-EBSD_SameSlice_0#3,eval_CoNi-AM90_SEM-EBSD_SameSlice_0,sift|direct|none|s0,sift,core,23.0,4.0,781.765,0.17391304347826086,21.54860600319218,30.637343553409114,39.14341885472832,0.06978653563062566,4.0
eval_CoNi-AM90_SEM-EBSD_SameSlice_0#4,eval_CoNi-AM90_SEM-EBSD_SameSlice_0,sift|direct|none|s0,sift,core,27.0,5.0,111486.667,0.18518518518518517,28.585894203107507,38.358703432001505,50.57944228422109,0.08180707142976527,5.0
eval_CoNi-AM90_SEM-EBSD_SameSlice_0#5,eval_CoNi-AM90_SEM-EBSD_SameSlice_0,sift|direct|none|s0,sift,core,,,inf,-inf,-inf,-inf,-inf,-inf,-inf
eval_CoNi_SEM-SE_SEM-BSE_Cracks-SameSliceSerialSectioning_0#0,eval_CoNi_SEM-SE_SEM-BSE_Cracks-SameSliceSerialSectioning_0,sift|direct|none|s0,sift,core,245.0,8.0,2987.218,0.0326530612244898,36.71463362373058,55.51700539871783,25.63382454296793,0.01663690566134272,8.0
eval_In718-PrecipitationStrengthened_SEM-BSE_EBSD_SameSliceSerialSectioning_0#0,eval_In718-PrecipitationStrengthened_SEM-BSE_EBSD_SameSliceSerialSectioning_0,sift|direct|none|s0,sift,core,45.0,6.0,1866.386,0.13333333333333333,47.096164269193935,59.00783229651154,20.581970232765592,0.06257148747568077,6.0
eval_In718-PrecipitationStrengthened_SEM-BSE_EBSD_SameSliceSerialSectioning_1#0,eval_In718-PrecipitationStrengthened_SEM-BSE_EBSD_SameSliceSerialSectioning_1,sift|direct|none|s0,sift,core,63.0,6.0,1535.999,0.09523809523809523,43.58916223772812,56.88659594521221,17.079754388838168,0.04438348427689202,6.0
eval_In718-PrecipitationStrengthened_SEM-BSE_EBSD_SameSliceSerialSectioning_2#0,eval_In718-PrecipitationStrengthened_SEM-BSE_EBSD_SameSliceSerialSectioning_2,sift|direct|none|s0,sift,core,42.0,6.0,93832.559,0.14285714285714285,47.82218015208642,59.447809106969714,21.307188370066626,0.06715967015962647,6.0
eval_In718-PrecipitationStrengthened_SEM-BSE_EBSD_SameSliceSerialSectioning_3#0,eval_In718-PrecipitationStrengthened_SEM-BSE_EBSD_SameSliceSerialSectioning_3,sift|direct|none|s0,sift,core,40.0,5.0,2312.443,0.125,37.61410328703018,49.03699462929642,15.519347668203714,0.05459500250945402,5.0
eval_In718-PrecipitationStrengthened_SEM-DIC_EBSD_SlipPartitioning_0#0,eval_In718-PrecipitationStrengthened_SEM-DIC_EBSD_SlipPartitioning_0,sift|direct|none|s0,sift,core,,,inf,-inf,-inf,-inf,-inf,-inf,-inf
eval_In718-PrecipitationStrengthened_SEM-DIC_EBSD_SlipPartitioning_0#1,eval_In718-PrecipitationStrengthened_SEM-DIC_EBSD_SlipPartitioning_0,sift|direct|none|s0,sift,core,,,inf,-inf,-inf,-inf,-inf,-inf,-inf
eval_In718-PrecipitationStrengthened_SEM-DIC_EBSD_SlipPartitioning_0#2,eval_In718-PrecipitationStrengthened_SEM-DIC_EBSD_SlipPartitioning_0,sift|direct|none|s0,sift,core,,,inf,-inf,-inf,-inf,-inf,-inf,-inf
eval_In718-PrecipitationStrengthened_SEM-DIC_EBSD_SlipPartitioning_0#3,eval_In718-PrecipitationStrengthened_SEM-DIC_EBSD_SlipPartitioning_0,sift|direct|none|s0,sift,core,,,inf,-inf,-inf,-inf,-inf,-inf,-inf
eval_In718-SolutionStrengthened_SEM-SE_EBSD_SameSliceSerialSectioning_0#0,eval_In718-SolutionStrengthened_SEM-SE_EBSD_SameSliceSerialSectioning_0,sift|direct|none|s0,sift,core,60.0,5.0,2958.095,0.08333333333333333,19.963123791822127,33.06044624598299,19.963123791822127,0.03612045660173077,5.0
eval_In718-SolutionStrengthened_SEM-SE_EBSD_SameSliceSerialSectioning_0#1,eval_In718-SolutionStrengthened_SEM-SE_EBSD_SameSliceSerialSectioning_0,sift|direct|none|s0,sift,core,11.0,4.0,457.875,0.36363636363636365,19.42356065117053,25.222653305631056,27.25888364775182,0.15166471095367573,4.0
eval_In718-SolutionStrengthened_SEM-SE_EBSD_SameSliceSerialSectioning_0#2,eval_In718-SolutionStrengthened_SEM-SE_EBSD_SameSliceSerialSectioning_0,sift|direct|none|s0,sift,core,14.0,4.0,316.469,0.2857142857142857,17.205265254696464,24.114020034011688,25.039704408331787,0.1172137864457692,4.0
eval_In718-SolutionStrengthened_SEM-SE_EBSD_SameSliceSerialSectioning_0#3,eval_In718-SolutionStrengthened_SEM-SE_EBSD_SameSliceSerialSectioning_0,sift|direct|none|s0,sift,core,22.0,5.0,907.973,0.22727272727272727,19.703956275090885,28.60163858854511,29.49547074084989,0.10123039985248515,5.0
eval_In718-SolutionStrengthened_SEM-SE_EBSD_SameSliceSerialSectioning_1#0,eval_In718-SolutionStrengthened_SEM-SE_EBSD_SameSliceSerialSectioning_1,sift|direct|none|s0,sift,core,6.0,3.0,1264.659,0.5,23.43890142100711,26.14695162210932,17.56169100272871,0.1876163064826506,3.0
eval_In718-SolutionStrengthened_SEM-SE_EBSD_SameSliceSerialSectioning_1#1,eval_In718-SolutionStrengthened_SEM-SE_EBSD_SameSliceSerialSectioning_1,sift|direct|none|s0,sift,core,56.0,7.0,1367.273,0.125,35.92607024920345,48.73997725493952,22.22643494360385,0.061890686957171204,7.0
eval_In718-SolutionStrengthened_SEM-SE_EBSD_SameSliceSerialSectioning_2#0,eval_In718-SolutionStrengthened_SEM-SE_EBSD_SameSliceSerialSectioning_2,sift|direct|none|s0,sift,core,34.0,6.0,592.36,0.17647058823529413,33.430175445498065,44.174712808517626,21.682935911264806,0.0834896904537232,6.0
eval_In718-SolutionStrengthened_SEM-SE_EBSD_SameSliceSerialSectioning_2#1,eval_In718-SolutionStrengthened_SEM-SE_EBSD_SameSliceSerialSectioning_2,sift|direct|none|s0,sift,core,52.0,5.0,9944.721,0.09615384615384616,21.293798946995317,33.802657771491916,11.511489072088658,0.04177435105257249,5.0
eval_In718-SolutionStrengthened_SEM-SE_EBSD_SameSliceSerialSectioning_3#0,eval_In718-SolutionStrengthened_SEM-SE_EBSD_SameSliceSerialSectioning_3,sift|direct|none|s0,sift,core,31.0,5.0,654.157,0.16129032258064516,26.172561218948303,36.52919231490934,16.383808469095943,0.07092624443365302,5.0
eval_In718-SolutionStrengthened_SEM-SE_EBSD_SameSliceSerialSectioning_3#1,eval_In718-SolutionStrengthened_SEM-SE_EBSD_SameSliceSerialSectioning_3,sift|direct|none|s0,sift,core,41.0,5.0,731.171,0.12195121951219512,23.520154866049964,35.04570036237631,13.734470349075192,0.05323336468577717,5.0
eval_MoTaTiZrHf-HEA-DDRX-1100C_TEM_DislocationCharacterization_0#0,eval_MoTaTiZrHf-HEA-DDRX-1100C_TEM_DislocationCharacterization_0,sift|direct|none|s0,sift,core,742.0,686.0,73.703,0.9245283018867925,7164.500743143107,7187.751987288368,7164.500743143107,0.9032587644337396,686.0
eval_MoTaTiZrHf-HEA-DDRX-1100C_TEM_DislocationCharacterization_0#1,eval_MoTaTiZrHf-HEA-DDRX-1100C_TEM_DislocationCharacterization_0,sift|direct|none|s0,sift,core,779.0,636.0,73.689,0.8164313222079589,6453.702961595561,6477.149238205812,6453.702961595561,0.7877153647355194,636.0
eval_MoTaTiZrHf-HEA-DDRX-1100C_TEM_DislocationCharacterization_0#2,eval_MoTaTiZrHf-HEA-DDRX-1100C_TEM_DislocationCharacterization_0,sift|direct|none|s0,sift,core,714.0,358.0,73.693,0.5014005602240896,3338.658345568793,3361.7554064624146,3338.658345568793,0.4648165664031355,358.0
eval_MoTaTiZrHf-HEA-DDRX-1100C_TEM_DislocationCharacterization_0#3,eval_MoTaTiZrHf-HEA-DDRX-1100C_TEM_DislocationCharacterization_0,sift|direct|none|s0,sift,core,672.0,347.0,73.688,0.5163690476190477,3249.946869518056,3272.8009049377156,3249.946869518056,0.4786000623084327,347.0
eval_MoTaTiZrHf-HEA-DDRX-1100C_TEM_DislocationCharacterization_0#4,eval_MoTaTiZrHf-HEA-DDRX-1100C_TEM_DislocationCharacterization_0,sift|direct|none|s0,sift,core,769.0,716.0,187.564,0.9310793237971391,7492.863295155992,7516.257790999404,7492.863295155992,0.9109489694118567,716.0
eval_MoTaTiZrHf-HEA-DDRX-1100C_TEM_DislocationCharacterization_0#5,eval_MoTaTiZrHf-HEA-DDRX-1100C_TEM_DislocationCharacterization_0,sift|direct|none|s0,sift,core,718.0,628.0,187.488,0.8746518105849582,6468.118703578926,6491.2381578678815,6468.118703578926,0.848421040239504,628.0
eval_MoTaTiZrHf-HEA-DDRX-1100C_TEM_DislocationCharacterization_0#6,eval_MoTaTiZrHf-HEA-DDRX-1100C_TEM_DislocationCharacterization_0,sift|direct|none|s0,sift,core,829.0,367.0,187.494,0.4427020506634499,3360.73730375977,3384.432882707486,3360.73730375977,0.4092314116143896,367.0
eval_MoTaTiZrHf-HEA-DDRX-1100C_TEM_DislocationCharacterization_0#7,eval_MoTaTiZrHf-HEA-DDRX-1100C_TEM_DislocationCharacterization_0,sift|direct|none|s0,sift,core,645.0,350.0,187.492,0.5426356589147286,3303.07853518542,3325.7681634258997,3303.07853518542,0.5040501716179436,350.0
eval_MoTaTiZrHf-HEA-DDRX-1100C_TEM_DislocationCharacterization_0#8,eval_MoTaTiZrHf-HEA-DDRX-1100C_TEM_DislocationCharacterization_0,sift|direct|none|s0,sift,core,678.0,634.0,73.689,0.9351032448377581,6640.730431406568,6663.620101903987,6640.730431406568,0.9139996539482057,634.0
eval_MoTaTiZrHf-HEA-DDRX-1100C_TEM_DislocationCharacterization_0#9,eval_MoTaTiZrHf-HEA-DDRX-1100C_TEM_DislocationCharacterization_0,sift|direct|none|s0,sift,core,708.0,677.0,73.615,0.9562146892655368,7138.785953035139,7161.849187004687,7138.785953035139,0.9385210724455976,677.0
eval_MoTaTiZrHf-HEA-DDRX-1100C_TEM_DislocationCharacterization_0#10,eval_MoTaTiZrHf-HEA-DDRX-1100C_TEM_DislocationCharacterization_0,sift|direct|none|s0,sift,core,635.0,368.0,73.689,0.5795275590551181,3509.5071183980594,3532.134098337332,3509.5071183980594,0.540767643939178,368.0
eval_MoTaTiZrHf-HEA-DDRX-1100C_TEM_DislocationCharacterization_0#11,eval_MoTaTiZrHf-HEA-DDRX-1100C_TEM_DislocationCharacterization_0,sift|direct|none|s0,sift,core,632.0,357.0,73.686,0.564873417721519,3390.4832288731586,3413.091221375584,3390.4832288731586,0.5259443401791564,357.0
eval_MoTaTiZrHf-HEA-DDRX-1100C_TEM_DislocationCharacterization_0#12,eval_MoTaTiZrHf-HEA-DDRX-1100C_TEM_DislocationCharacterization_0,sift|direct|none|s0,sift,core,676.0,630.0,187.488,0.9319526627218935,6592.563874347581,6615.441701724705,6592.563874347581,0.9104253692271151,630.0
eval_MoTaTiZrHf-HEA-DDRX-1100C_TEM_DislocationCharacterization_0#13,eval_MoTaTiZrHf-HEA-DDRX-1100C_TEM_DislocationCharacterization_0,sift|direct|none|s0,sift,core,738.0,689.0,187.492,0.9336043360433605,7215.054757695842,7238.284336200226,7215.054757695842,0.9133027507479773,689.0
eval_MoTaTiZrHf-HEA-DDRX-1100C_TEM_DislocationCharacterization_0#14,eval_MoTaTiZrHf-HEA-DDRX-1100C_TEM_DislocationCharacterization_0,sift|direct|none|s0,sift,core,625.0,367.0,187.492,0.5872,3507.2156032413045,3529.7789380405893,3507.2156032413045,0.5481831562359224,367.0
eval_MoTaTiZrHf-HEA-DDRX-1100C_TEM_DislocationCharacterization_0#15,eval_MoTaTiZrHf-HEA-DDRX-1100C_TEM_DislocationCharacterization_0,sift|direct|none|s0,sift,core,634.0,359.0,187.492,0.5662460567823344,3410.857821789116,3433.478482592038,3410.857821789116,0.5273844165211058,359.0
eval_MoTaTiZrHf-HEA-DDRX-1100C_TEM_DislocationCharacterization_0#16,eval_MoTaTiZrHf-HEA-DDRX-1100C_TEM_DislocationCharacterization_0,sift|direct|none|s0,sift,core,640.0,363.0,73.69,0.5671875,3449.9320917845066,3472.5905185238066,3449.9320917845066,0.5285133493031936,363.0
eval_MoTaTiZrHf-HEA-DDRX-1100C_TEM_DislocationCharacterization_0#17,eval_MoTaTiZrHf-HEA-DDRX-1100C_TEM_DislocationCharacterization_0,sift|direct|none|s0,sift,core,648.0,372.0,73.687,0.5740740740740741,3542.5496872726976,3565.257920253782,3542.5496872726976,0.5356748614224678,372.0
eval_MoTaTiZrHf-HEA-DDRX-1100C_TEM_DislocationCharacterization_0#18,eval_MoTaTiZrHf-HEA-DDRX-1100C_TEM_DislocationCharacterization_0,sift|direct|none|s0,sift,core,701.0,622.0,73.82,0.8873038516405135,6427.753017935978,6450.776422172704,6427.753017935978,0.8617528111012932,622.0
eval_MoTaTiZrHf-HEA-DDRX-1100C_TEM_DislocationCharacterization_0#19,eval_MoTaTiZrHf-HEA-DDRX-1100C_TEM_DislocationCharacterization_0,sift|direct|none|s0,sift,core,595.0,335.0,73.689,0.5630252100840336,3178.961267701532,3201.3273556299746,3178.961267701532,0.5228919946453846,335.0
eval_MoTaTiZrHf-HEA-DDRX-1100C_TEM_DislocationCharacterization_0#20,eval_MoTaTiZrHf-HEA-DDRX-1100C_TEM_DislocationCharacterization_0,sift|direct|none|s0,sift,core,635.0,370.0,187.492,0.5826771653543307,3531.6865560661818,3554.3135360054544,3531.6865560661818,0.5439382144226743,370.0
eval_MoTaTiZrHf-HEA-DDRX-1100C_TEM_DislocationCharacterization_0#21,eval_MoTaTiZrHf-HEA-DDRX-1100C_TEM_DislocationCharacterization_0,sift|direct|none|s0,sift,core,655.0,367.0,187.49,0.5603053435114503,3481.487539179537,3504.2388496274843,3481.487539179537,0.5220515362764072,367.0
eval_MoTaTiZrHf-HEA-DDRX-1100C_TEM_DislocationCharacterization_0#22,eval_MoTaTiZrHf-HEA-DDRX-1100C_TEM_DislocationCharacterization_0,sift|direct|none|s0,sift,core,714.0,638.0,187.562,0.8935574229691877,6604.6489280119495,6627.745988905572,6604.6489280119495,0.8687925393293255,638.0
eval_MoTaTiZrHf-HEA-DDRX-1100C_TEM_DislocationCharacterization_0#23,eval_MoTaTiZrHf-HEA-DDRX-1100C_TEM_DislocationCharacterization_0,sift|direct|none|s0,sift,core,593.0,338.0,187.492,0.5699831365935919,3213.734510077549,3236.08709583539,3213.734510077549,0.5298116941734724,338.0
eval_MoTaTiZrHf-HEA-DDRX-1100C_TEM_DislocationCharacterization_0#24,eval_MoTaTiZrHf-HEA-DDRX-1100C_TEM_DislocationCharacterization_0,sift|direct|none|s0,sift,core,631.0,341.0,73.689,0.5404120443740095,3215.708672328251,3238.3103156029993,3215.708672328251,0.5013997301163919,341.0
eval_MoTaTiZrHf-HEA-DDRX-1100C_TEM_DislocationCharacterization_0#25,eval_MoTaTiZrHf-HEA-DDRX-1100C_TEM_DislocationCharacterization_0,sift|direct|none|s0,sift,core,630.0,358.0,73.689,0.5682539682539682,3403.196193944385,3425.7914778972236,3403.196193944385,0.5292775426436,358.0
eval_MoTaTiZrHf-HEA-DDRX-1100C_TEM_DislocationCharacterization_0#26,eval_MoTaTiZrHf-HEA-DDRX-1100C_TEM_DislocationCharacterization_0,sift|direct|none|s0,sift,core,594.0,336.0,73.691,0.5656565656565656,3190.8190963617367,3213.1784389020395,3190.8190963617367,0.5254997424561647,336.0
eval_MoTaTiZrHf-HEA-DDRX-1100C_TEM_DislocationCharacterization_0#27,eval_MoTaTiZrHf-HEA-DDRX-1100C_TEM_DislocationCharacterization_0,sift|direct|none|s0,sift,core,800.0,768.0,73.698,0.96,8110.6817292200085,8134.234611339333,8110.6817292200085,0.9440779676513313,768.0
eval_MoTaTiZrHf-HEA-DDRX-1100C_TEM_DislocationCharacterization_0#28,eval_MoTaTiZrHf-HEA-DDRX-1100C_TEM_DislocationCharacterization_0,sift|direct|none|s0,sift,core,635.0,348.0,187.503,0.5480314960629922,3289.124402077311,3311.7513820165836,3289.124402077311,0.5091486073597759,348.0
eval_MoTaTiZrHf-HEA-DDRX-1100C_TEM_DislocationCharacterization_0#29,eval_MoTaTiZrHf-HEA-DDRX-1100C_TEM_DislocationCharacterization_0,sift|direct|none|s0,sift,core,634.0,353.0,187.494,0.556782334384858,3344.7986317392247,3367.4192925421466,3344.7986317392247,0.5178871905358112,353.0
eval_MoTaTiZrHf-HEA-DDRX-1100C_TEM_DislocationCharacterization_0#30,eval_MoTaTiZrHf-HEA-DDRX-1100C_TEM_DislocationCharacterization_0,sift|direct|none|s0,sift,core,594.0,339.0,187.49,0.5707070707070707,3223.9298366938424,3246.289179234145,3223.9298366938424,0.5305731613577672,339.0
eval_MoTaTiZrHf-HEA-DDRX-1100C_TEM_DislocationCharacterization_0#31,eval_MoTaTiZrHf-HEA-DDRX-1100C_TEM_DislocationCharacterization_0,sift|direct|none|s0,sift,core,814.0,767.0,187.352,0.9422604422604423,8054.735504991653,8078.357911031132,8054.735504991653,0.924062856552397,767.0
eval_MoTaTiZrHf-HEA-DDRX-900C_TEM_DislocationCharacterization_0#0,eval_MoTaTiZrHf-HEA-DDRX-900C_TEM_DislocationCharacterization_0,sift|direct|none|s0,sift,core,844.0,734.0,59.227,0.8696682464454977,7552.807301231917,7576.574738528382,7552.807301231917,0.8452698051832701,734.0
eval_MoTaTiZrHf-HEA-DDRX-900C_TEM_DislocationCharacterization_0#1,eval_MoTaTiZrHf-HEA-DDRX-900C_TEM_DislocationCharacterization_0,sift|direct|none|s0,sift,core,680.0,344.0,59.227,0.5058823529411764,3211.7588490255193,3234.6603276817536,3211.7588490255193,0.4683769966323638,344.0
eval_MoTaTiZrHf-HEA-DDRX-900C_TEM_DislocationCharacterization_0#2,eval_MoTaTiZrHf-HEA-DDRX-900C_TEM_DislocationCharacterization_0,sift|direct|none|s0,sift,core,682.0,349.0,59.226,0.5117302052785924,3264.31743313482,3287.230685194195,3264.31743313482,0.4742545342879682,349.0
eval_MoTaTiZrHf-HEA-DDRX-900C_TEM_DislocationCharacterization_0#3,eval_MoTaTiZrHf-HEA-DDRX-900C_TEM_DislocationCharacterization_0,sift|direct|none|s0,sift,core,679.0,342.0,59.227,0.5036818851251841,3190.9026482313275,3213.798227165433,3190.9026482313275,0.46615986136246096,342.0
eval_MoTaTiZrHf-HEA-DDRX-900C_TEM_DislocationCharacterization_0#4,eval_MoTaTiZrHf-HEA-DDRX-900C_TEM_DislocationCharacterization_0,sift|direct|none|s0,sift,core,698.0,346.0,59.227,0.49570200573065903,3220.695543499116,3243.7017556881906,3220.695543499116,0.45873567546107497,346.0
eval_MoTaTiZrHf-HEA-DDRX-900C_TEM_DislocationCharacterization_0#5,eval_MoTaTiZrHf-HEA-DDRX-900C_TEM_DislocationCharacterization_0,sift|direct|none|s0,sift,core,800.0,672.0,59.222,0.84,6860.683210816152,6884.236092935476,6860.683210816152,0.8129798873431434,672.0
eval_MoTaTiZrHf-HEA-DDRX-900C_TEM_DislocationCharacterization_0#6,eval_MoTaTiZrHf-HEA-DDRX-900C_TEM_DislocationCharacterization_0,sift|direct|none|s0,sift,core,737.0,601.0,59.227,0.8154681139755766,6096.162482857536,6119.3866265659335,6096.162482857536,0.7858510186064825,601.0
eval_MoTaTiZrHf-HEA-DDRX-900C_TEM_DislocationCharacterization_0#7,eval_MoTaTiZrHf-HEA-DDRX-900C_TEM_DislocationCharacterization_0,sift|direct|none|s0,sift,core,705.0,365.0,59.226,0.5177304964539007,3420.7215105275786,3443.767723152038,3420.7215105275786,0.4808493214147248,365.0
eval_MoTaTiZrHf-HEA-DDRX-900C_TEM_DislocationCharacterization_0#8,eval_MoTaTiZrHf-HEA-DDRX-900C_TEM_DislocationCharacterization_0,sift|direct|none|s0,sift,core,698.0,359.0,59.227,0.5143266475644699,3360.8741936855704,3383.880405874645,3360.8741936855704,0.4772721230548391,359.0
eval_MoTaTiZrHf-HEA-DDRX-900C_TEM_DislocationCharacterization_0#9,eval_MoTaTiZrHf-HEA-DDRX-900C_TEM_DislocationCharacterization_0,sift|direct|none|s0,sift,core,743.0,599.0,59.227,0.8061911170928667,6061.725361636265,6084.982003905297,6061.725361636265,0.7762233474750244,599.0
eval_MoTaTiZrHf-HEA-DDRX-900C_TEM_DislocationCharacterization_0#10,eval_MoTaTiZrHf-HEA-DDRX-900C_TEM_DislocationCharacterization_0,sift|direct|none|s0,sift,core,766.0,647.0,59.22,0.8446475195822454,6612.663472956889,6636.042302950558,6612.663472956889,0.8172815556875845,647.0
eval_MoTaTiZrHf-HEA-DDRX-900C_TEM_DislocationCharacterization_0#11,eval_MoTaTiZrHf-HEA-DDRX-900C_TEM_DislocationCharacterization_0,sift|direct|none|s0,sift,core,725.0,365.0,59.227,0.503448275862069,3406.3353262787646,3429.493669856709,3406.3353262787646,0.4671313832290884,365.0
eval_MoTaTiZrHf-HEA-DDRX-900C_TEM_DislocationCharacterization_0#12,eval_MoTaTiZrHf-HEA-DDRX-900C_TEM_DislocationCharacterization_0,sift|direct|none|s0,sift,core,673.0,340.0,59.227,0.5052005943536404,3173.584637533811,3196.444634222988,3173.584637533811,0.46750492565679685,340.0
eval_MoTaTiZrHf-HEA-DDRX-900C_TEM_DislocationCharacterization_0#13,eval_MoTaTiZrHf-HEA-DDRX-900C_TEM_DislocationCharacterization_0,sift|direct|none|s0,sift,core,722.0,361.0,59.225,0.5,3365.360269426836,3388.501992442397,3365.360269426836,0.4636254851148308,361.0
eval_MoTaTiZrHf-HEA-DDRX-900C_TEM_DislocationCharacterization_0#14,eval_MoTaTiZrHf-HEA-DDRX-900C_TEM_DislocationCharacterization_0,sift|direct|none|s0,sift,core,717.0,360.0,59.227,0.502092050209205,3358.093608786537,3381.2074764687827,3358.093608786537,0.465580769353167,360.0
eval_MoTaTiZrHf-HEA-DDRX-900C_TEM_DislocationCharacterization_0#15,eval_MoTaTiZrHf-HEA-DDRX-900C_TEM_DislocationCharacterization_0,sift|direct|none|s0,sift,core,755.0,620.0,59.226,0.8211920529801324,6298.45877394553,6321.779631784189,6298.45877394553,0.7922537286321084,620.0
eval_MoTaTiZrHf-HEA-DDRX-900C_TEM_largeFOV-DislocationCharacterization_0#0,eval_MoTaTiZrHf-HEA-DDRX-900C_TEM_largeFOV-DislocationCharacterization_0,sift|direct|none|s0,sift,core,955.0,947.0,510.141,0.9916230366492147,11436.824157773055,11461.08665889308,11436.824157773055,0.9835575749199837,947.0
eval_MoTaTiZrHf-HEA-DDRX-900C_TEM_largeFOV-DislocationCharacterization_0#1,eval_MoTaTiZrHf-HEA-DDRX-900C_TEM_largeFOV-DislocationCharacterization_0,sift|direct|none|s0,sift,core,878.0,836.0,510.141,0.9521640091116174,9966.960510101324,9990.886199834276,9966.960510101324,0.9359713030853737,836.0
eval_MoTaTiZrHf-HEA-DDRX-900C_TEM_largeFOV-DislocationCharacterization_0#2,eval_MoTaTiZrHf-HEA-DDRX-900C_TEM_largeFOV-DislocationCharacterization_0,sift|direct|none|s0,sift,core,851.0,810.0,510.141,0.9518213866039953,9655.508338506192,9679.308872976004,9655.508338506192,0.935292899663891,810.0
eval_MoTaTiZrHf-HEA-DDRX-900C_TEM_largeFOV-DislocationCharacterization_0#3,eval_MoTaTiZrHf-HEA-DDRX-900C_TEM_largeFOV-DislocationCharacterization_0,sift|direct|none|s0,sift,core,947.0,944.0,434.075,0.996832101372756,11425.90478703389,11450.13358595942,11425.90478703389,0.9907276810135892,944.0
eval_MoTaTiZrHf-HEA-DDRX-900C_TEM_largeFOV-DislocationCharacterization_0#4,eval_MoTaTiZrHf-HEA-DDRX-900C_TEM_largeFOV-DislocationCharacterization_0,sift|direct|none|s0,sift,core,870.0,828.0,434.076,0.9517241379310345,9870.196886655034,9894.08589985304,9870.196886655034,0.9353883597157588,828.0
eval_MoTaTiZrHf-HEA-DDRX-900C_TEM_largeFOV-DislocationCharacterization_0#5,eval_MoTaTiZrHf-HEA-DDRX-900C_TEM_largeFOV-DislocationCharacterization_0,sift|direct|none|s0,sift,core,858.0,820.0,434.076,0.9557109557109557,9785.682314234426,9809.51567426724,9785.682314234426,0.9397948088505186,820.0
eval_MoTaTiZrHf-HEA-DDRX-900C_TEM_largeFOV-DislocationCharacterization_0#6,eval_MoTaTiZrHf-HEA-DDRX-900C_TEM_largeFOV-DislocationCharacterization_0,sift|direct|none|s0,sift,core,855.0,829.0,510.121,0.9695906432748538,9934.0318201973,9957.851145104,9934.0318201973,0.9558158384480899,829.0
eval_MoTaTiZrHf-HEA-DDRX-900C_TEM_largeFOV-DislocationCharacterization_0#7,eval_MoTaTiZrHf-HEA-DDRX-900C_TEM_largeFOV-DislocationCharacterization_0,sift|direct|none|s0,sift,core,906.0,887.0,510.136,0.9790286975717439,10662.49769763041,10686.549169963613,10662.49769763041,0.9674784831573078,887.0
eval_MoTaTiZrHf-HEA-DDRX-900C_TEM_largeFOV-DislocationCharacterization_0#8,eval_MoTaTiZrHf-HEA-DDRX-900C_TEM_largeFOV-DislocationCharacterization_0,sift|direct|none|s0,sift,core,844.0,814.0,510.128,0.9644549763033176,9738.763034655845,9762.53047195231,9738.763034655845,0.9497112177082834,814.0
eval_MoTaTiZrHf-HEA-DDRX-900C_TEM_largeFOV-DislocationCharacterization_0#9,eval_MoTaTiZrHf-HEA-DDRX-900C_TEM_largeFOV-DislocationCharacterization_0,sift|direct|none|s0,sift,core,851.0,831.0,434.071,0.9764982373678026,9979.864441701333,10003.664976171145,9979.864441701333,0.9639784078049629,831.0
eval_MoTaTiZrHf-HEA-DDRX-900C_TEM_largeFOV-DislocationCharacterization_0#10,eval_MoTaTiZrHf-HEA-DDRX-900C_TEM_largeFOV-DislocationCharacterization_0,sift|direct|none|s0,sift,core,894.0,882.0,434.076,0.9865771812080537,10630.159511515774,10654.157560601527,10630.159511515774,0.9766855102433352,882.0
eval_MoTaTiZrHf-HEA-DDRX-900C_TEM_largeFOV-DislocationCharacterization_0#11,eval_MoTaTiZrHf-HEA-DDRX-900C_TEM_largeFOV-DislocationCharacterization_0,sift|direct|none|s0,sift,core,861.0,822.0,434.077,0.9547038327526133,9806.781876653946,9830.629222738744,9806.781876653946,0.9386783201207695,822.0
eval_MoTaTiZrHf-HEA-DDRX-900C_TEM_largeFOV-DislocationCharacterization_0#12,eval_MoTaTiZrHf-HEA-DDRX-900C_TEM_largeFOV-DislocationCharacterization_0,sift|direct|none|s0,sift,core,843.0,818.0,510.141,0.970344009489917,9804.26841179877,9828.031098492478,9804.26841179877,0.9565876567239658,818.0
eval_MoTaTiZrHf-HEA-DDRX-900C_TEM_largeFOV-DislocationCharacterization_0#13,eval_MoTaTiZrHf-HEA-DDRX-900C_TEM_largeFOV-DislocationCharacterization_0,sift|direct|none|s0,sift,core,873.0,835.0,510.141,0.9564719358533792,9967.178627967727,9991.081434305628,9967.178627967727,0.9408194380152115,835.0
eval_MoTaTiZrHf-HEA-DDRX-900C_TEM_largeFOV-DislocationCharacterization_0#14,eval_MoTaTiZrHf-HEA-DDRX-900C_TEM_largeFOV-DislocationCharacterization_0,sift|direct|none|s0,sift,core,873.0,869.0,510.076,0.995418098510882,10509.898676312338,10533.801482650239,10509.898676312338,0.9882785364854825,869.0
eval_MoTaTiZrHf-HEA-DDRX-900C_TEM_largeFOV-DislocationCharacterization_0#15,eval_MoTaTiZrHf-HEA-DDRX-900C_TEM_largeFOV-DislocationCharacterization_0,sift|direct|none|s0,sift,core,847.0,820.0,434.084,0.9681227863046045,9821.55958022072,9845.341235566582,9821.55958022072,0.954017540293712,820.0
eval_MoTaTiZrHf-HEA-DDRX-900C_TEM_largeFOV-DislocationCharacterization_0#16,eval_MoTaTiZrHf-HEA-DDRX-900C_TEM_largeFOV-DislocationCharacterization_0,sift|direct|none|s0,sift,core,867.0,833.0,434.079,0.9607843137254902,9955.681085789041,9979.556258119774,9955.681085789041,0.9457004158221984,833.0
eval_MoTaTiZrHf-HEA-DDRX-900C_TEM_largeFOV-DislocationCharacterization_0#17,eval_MoTaTiZrHf-HEA-DDRX-900C_TEM_largeFOV-DislocationCharacterization_0,sift|direct|none|s0,sift,core,873.0,864.0,434.069,0.9896907216494846,10424.951003535622,10448.853809873523,10424.951003535622,0.9805238375214456,864.0
eval_TRIP1-Bainitic_LOM_SEM_EBSD_Multiscale_0#0,eval_TRIP1-Bainitic_LOM_SEM_EBSD_Multiscale_0,sift|direct|none|s0,sift,core,21.0,5.0,946.078,0.23809523809523808,31.531625492494783,40.22863711048685,39.823421524414464,0.1062801302263647,5.0
eval_TRIP1-Bainitic_LOM_SEM_EBSD_Multiscale_0#1,eval_TRIP1-Bainitic_LOM_SEM_EBSD_Multiscale_0,sift|direct|none|s0,sift,core,426.0,216.0,4.582,0.5070422535211268,1853.4284264845876,1874.454006803712,1867.7361161060928,0.4597163213466195,216.0
eval_TRIP1-Bainitic_LOM_SEM_EBSD_Multiscale_0#2,eval_TRIP1-Bainitic_LOM_SEM_EBSD_Multiscale_0,sift|direct|none|s0,sift,core,70.0,17.0,11.158,0.24285714285714285,120.17666012285633,133.90540836372205,119.88469528410829,0.15751861122890573,17.0
eval_TRIP1-Bainitic_LOM_SEM_EBSD_Multiscale_0#3,eval_TRIP1-Bainitic_LOM_SEM_EBSD_Multiscale_0,sift|direct|none|s0,sift,core,28.0,5.0,1378.875,0.17857142857142858,37.018733410473864,46.945693319195136,33.378747838241885,0.07878501945604276,5.0
eval_TRIP1-Bainitic_LOM_SEM_EBSD_Multiscale_0#4,eval_TRIP1-Bainitic_LOM_SEM_EBSD_Multiscale_0,sift|direct|none|s0,sift,core,30.0,5.0,1857.747,0.16666666666666666,36.355662992072595,46.5741437495528,32.71793388724986,0.0733654237184855,5.0
eval_TRIP1-Bainitic_LOM_SEM_EBSD_Multiscale_0#5,eval_TRIP1-Bainitic_LOM_SEM_EBSD_Multiscale_0,sift|direct|none|s0,sift,core,16.0,5.0,2275.506,0.3125,42.552532927476406,50.05912470754725,38.90348109916353,0.14164643854782036,5.0
eval_TRIP1-Bainitic_LOM_SEM_EBSD_Multiscale_0#6,eval_TRIP1-Bainitic_LOM_SEM_EBSD_Multiscale_0,sift|direct|none|s0,sift,core,13.0,4.0,3559.445,0.3076923076923077,33.608381975626536,40.18066451832054,30.689139310361426,0.12680703655710512,4.0
eval_Ta-AM-Spalled_SEM-BSE_EBSD_SameSliceSerialSectioning_0#0,eval_Ta-AM-Spalled_SEM-BSE_EBSD_SameSliceSerialSectioning_0,sift|direct|none|s0,sift,core,38.0,4.0,1621.652,0.10526315789473684,27.52855371568213,38.73787095765032,11.766139768954371,0.04170257347553525,4.0
eval_Ta-AM-Spalled_SEM-BSE_EBSD_SameSliceSerialSectioning_0#1,eval_Ta-AM-Spalled_SEM-BSE_EBSD_SameSliceSerialSectioning_0,sift|direct|none|s0,sift,core,36.0,5.0,3237.17,0.1388888888888889,38.610293908278244,49.59397516395847,18.90571881927385,0.06081815009132838,5.0
eval_Ta-AM-Spalled_SEM-BSE_EBSD_SameSliceSerialSectioning_0#2,eval_Ta-AM-Spalled_SEM-BSE_EBSD_SameSliceSerialSectioning_0,sift|direct|none|s0,sift,core,99.0,6.0,2255.227,0.06060606060606061,38.942769621210935,54.08386228963942,15.306571194723123,0.028069797446221498,6.0
eval_Ta-AM-Spalled_SEM-BSE_EBSD_SameSliceSerialSectioning_1#0,eval_Ta-AM-Spalled_SEM-BSE_EBSD_SameSliceSerialSectioning_1,sift|direct|none|s0,sift,core,29.0,4.0,2259.163,0.13793103448275862,29.796401182787363,39.8717810966269,13.902937321058289,0.054974399641119644,4.0
eval_Ta-AM-Spalled_SEM-BSE_EBSD_SameSliceSerialSectioning_1#1,eval_Ta-AM-Spalled_SEM-BSE_EBSD_SameSliceSerialSectioning_1,sift|direct|none|s0,sift,core,73.0,6.0,1974.359,0.0821917808219178,42.06793456758631,55.96818141649347,18.233146787370345,0.038213750478704914,6.0
eval_Ta-AM-Spalled_SEM-BSE_EBSD_SameSliceSerialSectioning_1#2,eval_Ta-AM-Spalled_SEM-BSE_EBSD_SameSliceSerialSectioning_1,sift|direct|none|s0,sift,core,90.0,4.0,1449.022,0.044444444444444446,20.440071006199503,35.193708149046756,4.556226736134647,0.017417241852708733,4.0
eval_Ta-AM-Spalled_SEM-BSE_EBSD_SameSliceSerialSectioning_2#0,eval_Ta-AM-Spalled_SEM-BSE_EBSD_SameSliceSerialSectioning_2,sift|direct|none|s0,sift,core,51.0,5.0,2743.835,0.09803921568627451,35.335659690485286,47.76447580730833,15.47145875522601,0.04260807310761861,5.0
eval_Ta-AM-Spalled_SEM-BSE_EBSD_SameSliceSerialSectioning_2#1,eval_Ta-AM-Spalled_SEM-BSE_EBSD_SameSliceSerialSectioning_2,sift|direct|none|s0,sift,core,55.0,4.0,3589.327,0.07272727272727272,24.467641489657005,37.20744052323936,8.578278272621283,0.028644060233040534,4.0
eval_Ta-AM-Spalled_SEM-BSE_EBSD_SameSliceSerialSectioning_2#2,eval_Ta-AM-Spalled_SEM-BSE_EBSD_SameSliceSerialSectioning_2,sift|direct|none|s0,sift,core,108.0,4.0,2557.324,0.037037037037037035,18.958788318734214,34.45309399424202,3.077781849183932,0.014495541339902768,4.0
eval_Ti3AlC2-MAX-Phase_TEM_DislocationCharacterization_0#0,eval_Ti3AlC2-MAX-Phase_TEM_DislocationCharacterization_0,sift|direct|none|s0,sift,core,9.0,4.0,68.362,0.4444444444444444,17.569955894955942,22.40623780190742,17.556295791639243,0.18877852109766458,4.0
eval_Ti3AlC2-MAX-Phase_TEM_DislocationCharacterization_0#1,eval_Ti3AlC2-MAX-Phase_TEM_DislocationCharacterization_0,sift|direct|none|s0,sift,core,,,inf,-inf,-inf,-inf,-inf,-inf,-inf
eval_Ti3AlC2-MAX-Phase_TEM_DislocationCharacterization_0#2,eval_Ti3AlC2-MAX-Phase_TEM_DislocationCharacterization_0,sift|direct|none|s0,sift,core,11.0,7.0,2.148,0.6363636363636364,36.07236186298796,41.871454517448484,36.07236186298796,0.35380117450784887,7.0
eval_X2CrNi12-Ferritic_SEM-SE-Stitch_EBSD_Fatigue-SameSlice_0#0,eval_X2CrNi12-Ferritic_SEM-SE-Stitch_EBSD_Fatigue-SameSlice_0,sift|direct|none|s0,sift,core,1170.0,559.0,8.935,0.4777777777777778,6280.635027521546,6305.710876476137,6286.501262622075,0.4492755549008565,559.0
eval_X2CrNi12-Ferritic_SEM-SE-Stitch_EBSD_Fatigue-SameSlice_0#1,eval_X2CrNi12-Ferritic_SEM-SE-Stitch_EBSD_Fatigue-SameSlice_0,sift|direct|none|s0,sift,core,177.0,6.0,2268.686,0.03389830508474576,34.51289811677747,52.00531928717941,19.637207130338297,0.01562674518973893,6.0
eval_X2CrNi12-Ferritic_SEM-SE-Stitch_EBSD_Fatigue-SameSlice_0#2,eval_X2CrNi12-Ferritic_SEM-SE-Stitch_EBSD_Fatigue-SameSlice_0,sift|direct|none|s0,sift,core,130.0,5.0,4850.695,0.038461538461538464,27.946523135067245,44.19203350991477,15.54953323383447,0.01653842636016352,5.0
eval_X2CrNi12-Ferritic_SEM-SE-Stitch_EBSD_Fatigue-SameSlice_0#3,eval_X2CrNi12-Ferritic_SEM-SE-Stitch_EBSD_Fatigue-SameSlice_0,sift|direct|none|s0,sift,core,208.0,6.0,6472.481,0.028846153846153848,32.81814086253843,50.96123005308499,18.00626801673421,0.013286106595828018,6.0
eval_X2CrNi12-Ferritic_SEM-SE-Stitch_EBSD_Fatigue-SameSlice_0#4,eval_X2CrNi12-Ferritic_SEM-SE-Stitch_EBSD_Fatigue-SameSlice_0,sift|direct|none|s0,sift,core,120.0,6.0,5694.492,0.05,38.394057907277784,54.31547787208689,23.57975069040429,0.023114364414465797,6.0
eval_5842WCu-Spalled_SEM-SE_SEM-BSE_Multiscale_0#0,eval_5842WCu-Spalled_SEM-SE_SEM-BSE_Multiscale_0,loftr|direct|none|s0,loftr,core,124.0,8.0,31.467,0.06451612903225806,22.86665312688585,38.920876807845374,45.02400149692839,0.033050909778555196,8.0
eval_AF9628-Martensitic_SEM-SE-Stitch_EBSD_SameSlice_0#0,eval_AF9628-Martensitic_SEM-SE-Stitch_EBSD_SameSlice_0,loftr|direct|none|s0,loftr,core,220.0,4.0,5134.227,0.01818181818181818,8.777282977191494,27.146320839341815,16.86947566334277,0.007092701639912885,4.0
eval_AF9628-Martensitic_SEM-SE-Stitch_EBSD_SameSlice_0#1,eval_AF9628-Martensitic_SEM-SE-Stitch_EBSD_SameSlice_0,loftr|direct|none|s0,loftr,core,245.0,4.0,1636.741,0.0163265306122449,7.9108439439022185,26.71321571888947,16.00283808504487,0.006366914749716129,4.0
eval_AF9628-Martensitic_SEM-SE-Stitch_EBSD_SameSlice_0#2,eval_AF9628-Martensitic_SEM-SE-Stitch_EBSD_SameSlice_0,loftr|direct|none|s0,loftr,core,328.0,50.0,9.903,0.1524390243902439,411.710071127641,431.685713640271,512.8812177514018,0.11757997579711632,50.0
eval_AF9628-Martensitic_SEM-SE-Stitch_EBSD_SameSlice_1#0,eval_AF9628-Martensitic_SEM-SE-Stitch_EBSD_SameSlice_1,loftr|direct|none|s0,loftr,core,190.0,9.0,252.659,0.04736842105263158,50.24303101788051,68.02129885443718,66.18581511128534,0.025117942350775583,9.0
eval_AF9628-Martensitic_SEM-SE-Stitch_EBSD_SameSlice_1#1,eval_AF9628-Martensitic_SEM-SE-Stitch_EBSD_SameSlice_1,loftr|direct|none|s0,loftr,core,172.0,4.0,488.166,0.023255813953488372,10.691707527345546,28.06850888228711,17.776790359358614,0.009080035264397492,4.0
eval_AF9628-Martensitic_SEM-SE-Stitch_EBSD_SameSlice_1#2,eval_AF9628-Martensitic_SEM-SE-Stitch_EBSD_SameSlice_1,loftr|direct|none|s0,loftr,core,416.0,50.0,32.988,0.1201923076923077,397.1332746796858,418.0634981966161,485.7095743549463,0.09236841037276422,50.0
eval_AF9628-Martensitic_SEM-SE-Stitch_EBSD_SameSlice_2#0,eval_AF9628-Martensitic_SEM-SE-Stitch_EBSD_SameSlice_2,loftr|direct|none|s0,loftr,core,270.0,20.0,12.325,0.07407407407407407,139.13670354234551,158.3300186895088,173.43554141202992,0.048460340555254514,20.0
eval_AF9628-Martensitic_SEM-SE-Stitch_EBSD_SameSlice_2#1,eval_AF9628-Martensitic_SEM-SE-Stitch_EBSD_SameSlice_2,loftr|direct|none|s0,loftr,core,169.0,4.0,436.794,0.023668639053254437,10.837711865857887,28.143502330609568,17.696674742162863,0.009241881068595198,4.0
eval_AF9628-Martensitic_SEM-SE-Stitch_EBSD_SameSlice_2#2,eval_AF9628-Martensitic_SEM-SE-Stitch_EBSD_SameSlice_2,loftr|direct|none|s0,loftr,core,485.0,51.0,10.62,0.10515463917525773,397.6608965631135,419.2070372981234,485.1246639808842,0.08088830198898413,51.0
eval_AF9628-Martensitic_SEM-SE-Stitch_EBSD_SameSlice_3#0,eval_AF9628-Martensitic_SEM-SE-Stitch_EBSD_SameSlice_3,loftr|direct|none|s0,loftr,core,170.0,5.0,77.847,0.029411764705882353,27.47927376430816,44.80887487775355,18.642022047584724,0.01262702131586935,5.0
eval_AF9628-Martensitic_SEM-SE-Stitch_EBSD_SameSlice_3#1,eval_AF9628-Martensitic_SEM-SE-Stitch_EBSD_SameSlice_3,loftr|direct|none|s0,loftr,core,188.0,4.0,2330.39,0.02127659574468085,17.041696167248546,34.777295415376756,9.972254074321981,0.008304416898572635,4.0
eval_AF9628-Martensitic_SEM-SE-Stitch_EBSD_SameSlice_3#2,eval_AF9628-Martensitic_SEM-SE-Stitch_EBSD_SameSlice_3,loftr|direct|none|s0,loftr,core,348.0,9.0,64.144,0.02586206896551724,58.176810566573835,78.39026718803606,42.27031383319724,0.013664609378990998,9.0
eval_AF9628-Martensitic_SEM-SE-Stitch_EBSD_SameSlice_4#0,eval_AF9628-Martensitic_SEM-SE-Stitch_EBSD_SameSlice_4,loftr|direct|none|s0,loftr,core,227.0,15.0,26.639,0.06607929515418502,98.94149267536999,117.43667031583537,126.71861176239844,0.040450381770308824,15.0
eval_AF9628-Martensitic_SEM-SE-Stitch_EBSD_SameSlice_4#1,eval_AF9628-Martensitic_SEM-SE-Stitch_EBSD_SameSlice_4,loftr|direct|none|s0,loftr,core,181.0,5.0,9555.913,0.027624309392265192,18.082056947324332,35.664626355265256,27.34030860910636,0.011855936781179247,5.0
eval_AF9628-Martensitic_SEM-SE-Stitch_EBSD_SameSlice_4#2,eval_AF9628-Martensitic_SEM-SE-Stitch_EBSD_SameSlice_4,loftr|direct|none|s0,loftr,core,722.0,123.0,6.361,0.1703601108033241,1048.1159445332987,1071.2576675488594,1275.8984695046454,0.14469920389076202,123.0
eval_C103_SEM-SE_LOM-DC-Height_FractureSurfaces_0#0,eval_C103_SEM-SE_LOM-DC-Height_FractureSurfaces_0,loftr|direct|none|s0,loftr,core,120.0,5.0,1298.293,0.041666666666666664,22.604136453370536,38.52555641817964,13.919961435669201,0.017926716880109512,5.0
eval_C103_SEM-SE_LOM-DC-Height_FractureSurfaces_0#1,eval_C103_SEM-SE_LOM-DC-Height_FractureSurfaces_0,loftr|direct|none|s0,loftr,core,29.0,4.0,1379.497,0.13793103448275862,25.921579330164462,35.996959244003996,18.97159856659048,0.054974399641119644,4.0
eval_C103_SEM-SE_LOM-DC-Height_FractureSurfaces_1#0,eval_C103_SEM-SE_LOM-DC-Height_FractureSurfaces_1,loftr|direct|none|s0,loftr,core,241.0,8.0,767.338,0.03319502074688797,26.361685096594385,45.097801348682026,43.37917450270221,0.016914588944565673,8.0
eval_C103_SEM-SE_LOM-DC-Height_FractureSurfaces_1#1,eval_C103_SEM-SE_LOM-DC-Height_FractureSurfaces_1,loftr|direct|none|s0,loftr,core,98.0,5.0,298.285,0.05102040816326531,15.772360643066826,30.87221035296121,26.410879392319877,0.02198731140402473,5.0
eval_C103_SEM-SE_LOM-DC-Height_FractureSurfaces_2#0,eval_C103_SEM-SE_LOM-DC-Height_FractureSurfaces_2,loftr|direct|none|s0,loftr,core,177.0,5.0,1445.22,0.02824858757062147,17.306336402285112,34.79875757268705,19.373326885854688,0.012125187155558284,5.0
eval_C103_SEM-SE_LOM-DC-Height_FractureSurfaces_2#1,eval_C103_SEM-SE_LOM-DC-Height_FractureSurfaces_2,loftr|direct|none|s0,loftr,core,51.0,4.0,7213.437,0.0784313725490196,19.809304125275688,32.23812024209873,21.463265536710225,0.03092219678848919,4.0
eval_CoNi-AM67_OM-SEM_Multiscale_0#0,eval_CoNi-AM67_OM-SEM_Multiscale_0,loftr|direct|none|s0,loftr,core,186.0,12.0,13.27,0.06451612903225806,73.15632011547373,90.84879069436764,61.51680721010088,0.03728769572906237,12.0
eval_CoNi-AM67_OM-SEM_Multiscale_0#1,eval_CoNi-AM67_OM-SEM_Multiscale_0,loftr|direct|none|s0,loftr,core,136.0,5.0,981.332,0.03676470588235294,19.374540463429767,35.80260522542882,14.525788905271519,0.015804086419506366,5.0
eval_CoNi-AM67_OM-SEM_Multiscale_0#2,eval_CoNi-AM67_OM-SEM_Multiscale_0,loftr|direct|none|s0,loftr,core,77.0,5.0,300.988,0.06493506493506493,19.697060310260582,33.81509844879312,19.736225101798972,0.02805308044771617,5.0
eval_CoNi-AM67_SEM-EBSD_SameSliceSerialSectioning_0#0,eval_CoNi-AM67_SEM-EBSD_SameSliceSerialSectioning_0,loftr|direct|none|s0,loftr,core,64.0,7.0,81.772,0.109375,44.09493049575863,57.45690272438026,25.492167594026412,0.054001133444167966,7.0
eval_CoNi-AM67_SEM-EBSD_SameSliceSerialSectioning_0#1,eval_CoNi-AM67_SEM-EBSD_SameSliceSerialSectioning_0,loftr|direct|none|s0,loftr,core,58.0,5.0,1370.26,0.08620689655172414,27.20725540899128,40.16538073299191,13.921280748267232,0.03738538312619114,5.0
eval_CoNi-AM67_SEM-EBSD_SameSliceSerialSectioning_0#2,eval_CoNi-AM67_SEM-EBSD_SameSliceSerialSectioning_0,loftr|direct|none|s0,loftr,core,77.0,8.0,59.56,0.1038961038961039,50.916914644979585,65.03495278351213,29.657483595929698,0.05359292364758093,8.0
eval_CoNi-AM67_SEM-EBSD_SameSliceSerialSectioning_0#3,eval_CoNi-AM67_SEM-EBSD_SameSliceSerialSectioning_0,loftr|direct|none|s0,loftr,core,280.0,5.0,327.111,0.017857142857142856,12.815711188633415,32.15529736315413,-0.4331788558512777,0.007651017654096146,5.0
eval_CoNi-AM67_SEM-EBSD_SameSliceSerialSectioning_0#4,eval_CoNi-AM67_SEM-EBSD_SameSliceSerialSectioning_0,loftr|direct|none|s0,loftr,core,220.0,5.0,795.823,0.022727272727272728,15.001175077247431,33.37021293939775,1.742266659739201,0.00974589223845259,5.0
eval_CoNi-AM67_SEM-EBSD_SameSliceSerialSectioning_0#5,eval_CoNi-AM67_SEM-EBSD_SameSliceSerialSectioning_0,loftr|direct|none|s0,loftr,core,210.0,10.0,378.94,0.047619047619047616,54.6768008393138,72.85844566461499,28.123604655387254,0.02606841646670097,10.0
eval_CoNi-AM67_SEM-EBSD_SameSliceSerialSectioning_1#0,eval_CoNi-AM67_SEM-EBSD_SameSliceSerialSectioning_1,loftr|direct|none|s0,loftr,core,62.0,5.0,114.995,0.08064516129032258,26.58842459273314,39.82026101773139,11.605694794468171,0.03493834698599271,5.0
eval_CoNi-AM67_SEM-EBSD_SameSliceSerialSectioning_1#1,eval_CoNi-AM67_SEM-EBSD_SameSliceSerialSectioning_1,loftr|direct|none|s0,loftr,core,46.0,5.0,1405.994,0.10869565217391304,29.369389824634418,41.372029630157705,14.382819975928758,0.04733145858098942,5.0
eval_CoNi-AM67_SEM-EBSD_SameSliceSerialSectioning_1#2,eval_CoNi-AM67_SEM-EBSD_SameSliceSerialSectioning_1,loftr|direct|none|s0,loftr,core,79.0,10.0,389.406,0.12658227848101267,68.78693924144223,83.00958085239084,38.812186104203946,0.07023263469675516,10.0
eval_CoNi-AM67_SEM-EBSD_SameSliceSerialSectioning_1#3,eval_CoNi-AM67_SEM-EBSD_SameSliceSerialSectioning_1,loftr|direct|none|s0,loftr,core,116.0,5.0,390.643,0.04310344827586207,20.82661178364323,36.61066653987167,5.856838703590139,0.018549566366104896,5.0
eval_CoNi-AM67_SEM-EBSD_SameSliceSerialSectioning_1#4,eval_CoNi-AM67_SEM-EBSD_SameSliceSerialSectioning_1,loftr|direct|none|s0,loftr,core,127.0,6.0,603.615,0.047244094488188976,28.087399711406825,44.23841017737613,10.121576187975599,0.021829790121226596,6.0
eval_CoNi-AM67_SEM-EBSD_SameSliceSerialSectioning_1#5,eval_CoNi-AM67_SEM-EBSD_SameSliceSerialSectioning_1,loftr|direct|none|s0,loftr,core,108.0,6.0,316.551,0.05555555555555555,29.737648813222044,45.23195448872985,11.767136166596668,0.025707729609183865,6.0
eval_CoNi-AM67_SEM-EBSD_SameSliceSerialSectioning_2#0,eval_CoNi-AM67_SEM-EBSD_SameSliceSerialSectioning_2,loftr|direct|none|s0,loftr,core,66.0,4.0,1225.402,0.06060606060606061,17.426645264566215,30.914651255891552,5.443801119822766,0.023818614832318338,4.0
eval_CoNi-AM67_SEM-EBSD_SameSliceSerialSectioning_2#1,eval_CoNi-AM67_SEM-EBSD_SameSliceSerialSectioning_2,loftr|direct|none|s0,loftr,core,43.0,4.0,1802.331,0.09302325581395349,20.95584446949151,32.67911189393875,8.967701948550005,0.03677164063171277,4.0
eval_CoNi-AM67_SEM-EBSD_SameSliceSerialSectioning_2#2,eval_CoNi-AM67_SEM-EBSD_SameSliceSerialSectioning_2,loftr|direct|none|s0,loftr,core,54.0,4.0,586.711,0.07407407407407407,19.07392927912352,31.73822076019775,7.0883209260544255,0.029181527765504804,4.0
eval_CoNi-AM67_SEM-EBSD_SameSliceSerialSectioning_2#3,eval_CoNi-AM67_SEM-EBSD_SameSliceSerialSectioning_2,loftr|direct|none|s0,loftr,core,123.0,5.0,310.465,0.04065040650406504,20.291317068133402,36.31275092626996,5.32322317220531,0.017486356481482165,5.0
eval_CoNi-AM67_SEM-EBSD_SameSliceSerialSectioning_2#4,eval_CoNi-AM67_SEM-EBSD_SameSliceSerialSectioning_2,loftr|direct|none|s0,loftr,core,149.0,5.0,3703.679,0.03355704697986577,18.542613883627475,35.33975784147615,3.5807561715804503,0.014417106348108081,5.0
eval_CoNi-AM67_SEM-EBSD_SameSliceSerialSectioning_2#5,eval_CoNi-AM67_SEM-EBSD_SameSliceSerialSectioning_2,loftr|direct|none|s0,loftr,core,103.0,6.0,871.125,0.05825242718446602,30.22135063990786,45.52328931390313,12.249603928816867,0.026968497328357165,6.0
eval_CoNi-AM90_OM-SEM_Multiscale_0#0,eval_CoNi-AM90_OM-SEM_Multiscale_0,loftr|direct|none|s0,loftr,core,49.0,4.0,629.902,0.08163265306122448,19.8749388681302,32.138695344999874,0.12487955241331505,0.03220281766776368,4.0
eval_CoNi-AM90_OM-SEM_Multiscale_0#1,eval_CoNi-AM90_OM-SEM_Multiscale_0,loftr|direct|none|s0,loftr,core,192.0,5.0,956.514,0.026041666666666668,16.236762702987583,34.057248759934076,10.484653636359216,0.01117360901615741,5.0
eval_CoNi-AM90_SEM-DIC_EBSD_SlipPartitioning_0#0,eval_CoNi-AM90_SEM-DIC_EBSD_SlipPartitioning_0,loftr|direct|none|s0,loftr,core,125.0,5.0,666.833,0.04,14.301693531727686,30.388440404392746,36.849051169837395,0.017204609071915906,5.0
eval_CoNi-AM90_SEM-DIC_EBSD_SlipPartitioning_0#1,eval_CoNi-AM90_SEM-DIC_EBSD_SlipPartitioning_0,loftr|direct|none|s0,loftr,core,122.0,5.0,1215.672,0.040983606557377046,14.523425653562214,30.511798649437736,37.07090350807827,0.01763071945527446,5.0
eval_CoNi-AM90_SEM-DIC_EBSD_SlipPartitioning_0#2,eval_CoNi-AM90_SEM-DIC_EBSD_SlipPartitioning_0,loftr|direct|none|s0,loftr,core,219.0,8.0,587.802,0.0365296803652968,28.730482995029533,47.08117171851187,64.8049299501161,0.018624296867885675,8.0
eval_CoNi-AM90_SEM-DIC_EBSD_SlipPartitioning_0#3,eval_CoNi-AM90_SEM-DIC_EBSD_SlipPartitioning_0,loftr|direct|none|s0,loftr,core,128.0,5.0,646.313,0.0390625,14.08529948093437,30.268058645218307,36.63253690306036,0.016798610797803704,5.0
eval_CoNi-AM90_SEM-DIC_EBSD_SlipPartitioning_0#4,eval_CoNi-AM90_SEM-DIC_EBSD_SlipPartitioning_0,loftr|direct|none|s0,loftr,core,133.0,5.0,772.02,0.03759398496240601,13.735831568993824,30.07366056311087,36.28286863208618,0.016162919317876417,5.0
eval_CoNi-AM90_SEM-DIC_EBSD_SlipPartitioning_0#5,eval_CoNi-AM90_SEM-DIC_EBSD_SlipPartitioning_0,loftr|direct|none|s0,loftr,core,207.0,8.0,429.969,0.03864734299516908,29.41539612524688,47.53906722993637,65.49035601791223,0.019711053349420447,8.0
eval_CoNi-AM90_SEM-DIC_EBSD_SlipPartitioning_0#6,eval_CoNi-AM90_SEM-DIC_EBSD_SlipPartitioning_0,loftr|direct|none|s0,loftr,core,140.0,5.0,741.656,0.03571428571428571,13.268336422200754,29.81363355857824,35.81509298461845,0.015349715646256057,5.0
eval_CoNi-AM90_SEM-DIC_EBSD_SlipPartitioning_0#7,eval_CoNi-AM90_SEM-DIC_EBSD_SlipPartitioning_0,loftr|direct|none|s0,loftr,core,139.0,5.0,2201.248,0.03597122302158273,13.333651086371436,29.84996068587542,35.88044772017319,0.015460841127593335,5.0
eval_CoNi-AM90_SEM-DIC_EBSD_SlipPartitioning_0#8,eval_CoNi-AM90_SEM-DIC_EBSD_SlipPartitioning_0,loftr|direct|none|s0,loftr,core,196.0,9.0,752.473,0.04591836734693878,36.97177750180276,54.87538623721741,77.55758366112282,0.024343087125189632,9.0
eval_CoNi-AM90_SEM-DIC_EBSD_SlipPartitioning_0#9,eval_CoNi-AM90_SEM-DIC_EBSD_SlipPartitioning_0,loftr|direct|none|s0,loftr,core,153.0,5.0,2276.509,0.032679738562091505,12.459806504225739,29.363986247027796,35.006042142924635,0.01403803449953445,5.0
eval_CoNi-AM90_SEM-DIC_EBSD_SlipPartitioning_0#10,eval_CoNi-AM90_SEM-DIC_EBSD_SlipPartitioning_0,loftr|direct|none|s0,loftr,core,148.0,4.0,816.184,0.02702702702702703,6.191080452019293,22.961011846343155,24.227274067484068,0.010559385113516857,4.0
eval_CoNi-AM90_SEM-DIC_EBSD_SlipPartitioning_0#11,eval_CoNi-AM90_SEM-DIC_EBSD_SlipPartitioning_0,loftr|direct|none|s0,loftr,core,192.0,7.0,690.516,0.036458333333333336,23.540057758586805,41.3605438155333,55.10530642521023,0.017770646576572725,7.0
eval_CoNi-AM90_SEM-DIC_EBSD_SlipPartitioning_0#12,eval_CoNi-AM90_SEM-DIC_EBSD_SlipPartitioning_0,loftr|direct|none|s0,loftr,core,152.0,4.0,975.937,0.02631578947368421,5.975722558058909,22.853410685413895,24.01176231210046,0.010280235864764092,4.0
eval_CoNi-AM90_SEM-DIC_EBSD_SlipPartitioning_0#13,eval_CoNi-AM90_SEM-DIC_EBSD_SlipPartitioning_0,loftr|direct|none|s0,loftr,core,145.0,5.0,1171.383,0.034482758620689655,12.948698474957851,29.635863374467604,35.495254681159736,0.014817219595970153,5.0
eval_CoNi-AM90_SEM-DIC_EBSD_SlipPartitioning_0#14,eval_CoNi-AM90_SEM-DIC_EBSD_SlipPartitioning_0,loftr|direct|none|s0,loftr,core,171.0,5.0,853.746,0.029239766081871343,11.44830605299746,28.801576910528702,33.99382042580592,0.01255280235097693,5.0
eval_CoNi-AM90_SEM-DIC_EBSD_SlipPartitioning_0#15,eval_CoNi-AM90_SEM-DIC_EBSD_SlipPartitioning_0,loftr|direct|none|s0,loftr,core,32.0,5.0,791.247,0.15625,26.954679999669146,37.444842488254686,49.50576454284979,0.06864420282505708,5.0
eval_CoNi-AM90_SEM-DIC_EBSD_SlipPartitioning_0#16,eval_CoNi-AM90_SEM-DIC_EBSD_SlipPartitioning_0,loftr|direct|none|s0,loftr,core,32.0,5.0,579.685,0.15625,26.954679999669146,37.444842488254686,49.50576454284979,0.06864420282505708,5.0
eval_CoNi-AM90_SEM-DIC_EBSD_SlipPartitioning_0#17,eval_CoNi-AM90_SEM-DIC_EBSD_SlipPartitioning_0,loftr|direct|none|s0,loftr,core,151.0,8.0,581.352,0.052980132450331126,33.26078791082596,50.11180779109889,69.3381415567124,0.02708730604785466,8.0
eval_CoNi-AM90_SEM-DIC_EBSD_SlipPartitioning_0#18,eval_CoNi-AM90_SEM-DIC_EBSD_SlipPartitioning_0,loftr|direct|none|s0,loftr,core,82.0,4.0,626.936,0.04878048780487805,10.979198037709068,25.353787096438793,29.01793051245683,0.019131065567745804,4.0
eval_CoNi-AM90_SEM-DIC_EBSD_SlipPartitioning_0#19,eval_CoNi-AM90_SEM-DIC_EBSD_SlipPartitioning_0,loftr|direct|none|s0,loftr,core,78.0,5.0,659.604,0.0641025641025641,18.623644608475914,32.79432648049389,41.172885685501186,0.027689315373790938,5.0
eval_CoNi-AM90_SEM-DIC_EBSD_SlipPartitioning_0#20,eval_CoNi-AM90_SEM-DIC_EBSD_SlipPartitioning_0,loftr|direct|none|s0,loftr,core,112.0,4.0,962.687,0.03571428571428571,8.44593606573443,24.08773955601555,26.483514479456133,0.013974612394676891,4.0
eval_CoNi-AM90_SEM-DIC_EBSD_SlipPartitioning_0#21,eval_CoNi-AM90_SEM-DIC_EBSD_SlipPartitioning_0,loftr|direct|none|s0,loftr,core,107.0,4.0,508.093,0.037383177570093455,8.816217873336427,24.272783220861356,26.853988626618573,0.014631899269525924,4.0
eval_CoNi-AM90_SEM-DIC_EBSD_SlipPartitioning_0#22,eval_CoNi-AM90_SEM-DIC_EBSD_SlipPartitioning_0,loftr|direct|none|s0,loftr,core,105.0,4.0,831.083,0.0380952380952381,8.969272335850633,24.3492715563155,27.0071200253987,0.014912459331107637,4.0
eval_CoNi-AM90_SEM-DIC_EBSD_SlipPartitioning_0#23,eval_CoNi-AM90_SEM-DIC_EBSD_SlipPartitioning_0,loftr|direct|none|s0,loftr,core,136.0,4.0,552.73,0.029411764705882353,6.874346994302183,23.302411756301236,24.91100220009678,0.011495862973155338,4.0
eval_CoNi-AM90_SEM-DIC_EBSD_SlipPartitioning_0#24,eval_CoNi-AM90_SEM-DIC_EBSD_SlipPartitioning_0,loftr|direct|none|s0,loftr,core,120.0,5.0,357.06,0.041666666666666664,14.674345113569341,30.595765078378445,37.22190311259108,0.017926716880109512,5.0
eval_CoNi-AM90_SEM-DIC_EBSD_SlipPartitioning_0#25,eval_CoNi-AM90_SEM-DIC_EBSD_SlipPartitioning_0,loftr|direct|none|s0,loftr,core,109.0,4.0,991.752,0.03669724770642202,8.666039944580906,24.197733152160357,26.703733761849556,0.014361701565631893,4.0
eval_CoNi-AM90_SEM-DIC_EBSD_SlipPartitioning_0#26,eval_CoNi-AM90_SEM-DIC_EBSD_SlipPartitioning_0,loftr|direct|none|s0,loftr,core,128.0,4.0,438.19,0.03125,7.364647036437734,23.54740620072167,25.40160997416863,0.012218265245053381,4.0
eval_CoNi-AM90_SEM-EBSD_SameSlice_0#0,eval_CoNi-AM90_SEM-EBSD_SameSlice_0,loftr|direct|none|s0,loftr,core,374.0,79.0,6.221,0.21122994652406418,574.2453725628733,594.7482488664642,921.7433529861931,0.1729040096470419,79.0
eval_CoNi-AM90_SEM-EBSD_SameSlice_0#1,eval_CoNi-AM90_SEM-EBSD_SameSlice_0,loftr|direct|none|s0,loftr,core,390.0,84.0,2.352,0.2153846153846154,613.3983250943743,634.0694273794215,982.8902016032476,0.17746617507946894,84.0
eval_CoNi-AM90_SEM-EBSD_SameSlice_0#2,eval_CoNi-AM90_SEM-EBSD_SameSlice_0,loftr|direct|none|s0,loftr,core,197.0,12.0,30.161,0.06091370558375635,58.1907186481355,76.11484092338306,110.96914546103613,0.03518509455234576,12.0
eval_CoNi-AM90_SEM-EBSD_SameSlice_0#3,eval_CoNi-AM90_SEM-EBSD_SameSlice_0,loftr|direct|none|s0,loftr,core,127.0,5.0,804.65,0.03937007874015748,14.156853570358884,30.30786403632819,36.146399476713846,0.016931797475218998,5.0
eval_CoNi-AM90_SEM-EBSD_SameSlice_0#4,eval_CoNi-AM90_SEM-EBSD_SameSlice_0,loftr|direct|none|s0,loftr,core,112.0,7.0,478.358,0.0625,29.568917372759884,45.210720863041004,60.3567048291184,0.030601922337250242,7.0
eval_CoNi-AM90_SEM-EBSD_SameSlice_0#5,eval_CoNi-AM90_SEM-EBSD_SameSlice_0,loftr|direct|none|s0,loftr,core,168.0,5.0,551.394,0.02976190476190476,11.609179158800952,28.891016382530164,33.59708430921752,0.01277812377684728,5.0
eval_CoNi_SEM-SE_SEM-BSE_Cracks-SameSliceSerialSectioning_0#0,eval_CoNi_SEM-SE_SEM-BSE_Cracks-SameSliceSerialSectioning_0,loftr|direct|none|s0,loftr,core,386.0,52.0,10.026,0.13471502590673576,406.856438827806,427.48614324297915,334.78398228934446,0.10423233124151458,52.0
eval_In718-PrecipitationStrengthened_SEM-BSE_EBSD_SameSliceSerialSectioning_0#0,eval_In718-PrecipitationStrengthened_SEM-BSE_EBSD_SameSliceSerialSectioning_0,loftr|direct|none|s0,loftr,core,259.0,9.0,71.965,0.03474903474903475,56.286721632507636,75.31270897815585,16.569665629554265,0.01838735437743096,9.0
eval_In718-PrecipitationStrengthened_SEM-BSE_EBSD_SameSliceSerialSectioning_1#0,eval_In718-PrecipitationStrengthened_SEM-BSE_EBSD_SameSliceSerialSectioning_1,loftr|direct|none|s0,loftr,core,274.0,9.0,42.698,0.032846715328467155,55.54581742766244,74.79828438606377,15.832947369824232,0.017375231618858816,9.0
eval_In718-PrecipitationStrengthened_SEM-BSE_EBSD_SameSliceSerialSectioning_2#0,eval_In718-PrecipitationStrengthened_SEM-BSE_EBSD_SameSliceSerialSectioning_2,loftr|direct|none|s0,loftr,core,238.0,6.0,647.929,0.025210084033613446,30.04482836826424,48.73052267189292,3.5819272592369806,0.011604083050170326,6.0
eval_In718-PrecipitationStrengthened_SEM-BSE_EBSD_SameSliceSerialSectioning_3#0,eval_In718-PrecipitationStrengthened_SEM-BSE_EBSD_SameSliceSerialSectioning_3,loftr|direct|none|s0,loftr,core,251.0,8.0,1222.448,0.03187250996015936,47.508906068747336,66.40864773802329,12.20981465548386,0.016237065545536333,8.0
eval_In718-PrecipitationStrengthened_SEM-DIC_EBSD_SlipPartitioning_0#0,eval_In718-PrecipitationStrengthened_SEM-DIC_EBSD_SlipPartitioning_0,loftr|direct|none|s0,loftr,core,,,inf,-inf,-inf,-inf,-inf,-inf,-inf
eval_In718-PrecipitationStrengthened_SEM-DIC_EBSD_SlipPartitioning_0#1,eval_In718-PrecipitationStrengthened_SEM-DIC_EBSD_SlipPartitioning_0,loftr|direct|none|s0,loftr,core,,,inf,-inf,-inf,-inf,-inf,-inf,-inf
eval_In718-PrecipitationStrengthened_SEM-DIC_EBSD_SlipPartitioning_0#2,eval_In718-PrecipitationStrengthened_SEM-DIC_EBSD_SlipPartitioning_0,loftr|direct|none|s0,loftr,core,,,inf,-inf,-inf,-inf,-inf,-inf,-inf
eval_In718-PrecipitationStrengthened_SEM-DIC_EBSD_SlipPartitioning_0#3,eval_In718-PrecipitationStrengthened_SEM-DIC_EBSD_SlipPartitioning_0,loftr|direct|none|s0,loftr,core,,,inf,-inf,-inf,-inf,-inf,-inf,-inf
eval_In718-SolutionStrengthened_SEM-SE_EBSD_SameSliceSerialSectioning_0#0,eval_In718-SolutionStrengthened_SEM-SE_EBSD_SameSliceSerialSectioning_0,loftr|direct|none|s0,loftr,core,123.0,13.0,498.286,0.10569105691056911,70.91966862717305,86.94110248530961,70.91966862717305,0.06281312469090619,13.0
eval_In718-SolutionStrengthened_SEM-SE_EBSD_SameSliceSerialSectioning_0#1,eval_In718-SolutionStrengthened_SEM-SE_EBSD_SameSliceSerialSectioning_0,loftr|direct|none|s0,loftr,core,125.0,8.0,281.258,0.064,18.20323242006541,34.28997929273047,33.83970976551622,0.0327835795958678,8.0
eval_In718-SolutionStrengthened_SEM-SE_EBSD_SameSliceSerialSectioning_0#2,eval_In718-SolutionStrengthened_SEM-SE_EBSD_SameSliceSerialSectioning_0,loftr|direct|none|s0,loftr,core,147.0,9.0,319.733,0.061224489795918366,21.24192354829139,37.984455968427106,38.830308859897755,0.032541501783968876,9.0
eval_In718-SolutionStrengthened_SEM-SE_EBSD_SameSliceSerialSectioning_0#3,eval_In718-SolutionStrengthened_SEM-SE_EBSD_SameSliceSerialSectioning_0,loftr|direct|none|s0,loftr,core,116.0,6.0,863.758,0.05172413793103448,8.974483931793248,24.75853868802169,20.695851289780315,0.023918653463045968,6.0
eval_In718-SolutionStrengthened_SEM-SE_EBSD_SameSliceSerialSectioning_1#0,eval_In718-SolutionStrengthened_SEM-SE_EBSD_SameSliceSerialSectioning_1,loftr|direct|none|s0,loftr,core,184.0,8.0,30.897,0.043478260869565216,29.11344287243505,46.76231467087998,13.496266669146586,0.022193174201247425,8.0
eval_In718-SolutionStrengthened_SEM-SE_EBSD_SameSliceSerialSectioning_1#1,eval_In718-SolutionStrengthened_SEM-SE_EBSD_SameSliceSerialSectioning_1,loftr|direct|none|s0,loftr,core,177.0,4.0,345.327,0.022598870056497175,3.8802492005177065,21.372670370919646,-3.9062331449308108,0.008822532035141908,4.0
eval_In718-SolutionStrengthened_SEM-SE_EBSD_SameSliceSerialSectioning_2#0,eval_In718-SolutionStrengthened_SEM-SE_EBSD_SameSliceSerialSectioning_2,loftr|direct|none|s0,loftr,core,128.0,11.0,26.458,0.0859375,55.25164758302361,71.43440674730755,33.73833336730969,0.0486631313713862,11.0
eval_In718-SolutionStrengthened_SEM-SE_EBSD_SameSliceSerialSectioning_2#1,eval_In718-SolutionStrengthened_SEM-SE_EBSD_SameSliceSerialSectioning_2,loftr|direct|none|s0,loftr,core,178.0,6.0,119.373,0.033707865168539325,16.352554650453257,33.867704071932835,4.65073677925302,0.01553844023022858,6.0
eval_In718-SolutionStrengthened_SEM-SE_EBSD_SameSliceSerialSectioning_3#0,eval_In718-SolutionStrengthened_SEM-SE_EBSD_SameSliceSerialSectioning_3,loftr|direct|none|s0,loftr,core,202.0,20.0,20.018,0.09900990099009901,113.41165853415393,131.43679950053885,74.28856889008908,0.06501073544988206,20.0
eval_In718-SolutionStrengthened_SEM-SE_EBSD_SameSliceSerialSectioning_3#1,eval_In718-SolutionStrengthened_SEM-SE_EBSD_SameSliceSerialSectioning_3,loftr|direct|none|s0,loftr,core,128.0,7.0,87.532,0.0546875,26.550777643134836,42.73353680741877,12.87433330398612,0.02674020138134635,7.0
eval_MoTaTiZrHf-HEA-DDRX-1100C_TEM_DislocationCharacterization_0#0,eval_MoTaTiZrHf-HEA-DDRX-1100C_TEM_DislocationCharacterization_0,loftr|direct|none|s0,loftr,core,1366.0,364.0,59.347,0.2664714494875549,3103.862000129849,3129.5581183173485,3103.862000129849,0.24370473223105102,364.0
eval_MoTaTiZrHf-HEA-DDRX-1100C_TEM_DislocationCharacterization_0#1,eval_MoTaTiZrHf-HEA-DDRX-1100C_TEM_DislocationCharacterization_0,loftr|direct|none|s0,loftr,core,810.0,356.0,70.072,0.43950617283950616,3256.082569304161,3279.6852343653286,3256.082569304161,0.4056911682776427,356.0
eval_MoTaTiZrHf-HEA-DDRX-1100C_TEM_DislocationCharacterization_0#2,eval_MoTaTiZrHf-HEA-DDRX-1100C_TEM_DislocationCharacterization_0,loftr|direct|none|s0,loftr,core,723.0,214.0,65.918,0.2959889349930844,1844.3943667430672,1867.5416376230655,1844.3943667430672,0.26386358821715933,214.0
eval_MoTaTiZrHf-HEA-DDRX-1100C_TEM_DislocationCharacterization_0#3,eval_MoTaTiZrHf-HEA-DDRX-1100C_TEM_DislocationCharacterization_0,loftr|direct|none|s0,loftr,core,565.0,205.0,68.201,0.36283185840707965,1817.5198340843476,1839.6784417146778,1817.5198340843476,0.3242350254755483,205.0
eval_MoTaTiZrHf-HEA-DDRX-1100C_TEM_DislocationCharacterization_0#4,eval_MoTaTiZrHf-HEA-DDRX-1100C_TEM_DislocationCharacterization_0,loftr|direct|none|s0,loftr,core,907.0,338.0,192.008,0.37265711135611906,3018.4933732818718,3042.549265511775,3018.4933732818718,0.3417892784105782,338.0
eval_MoTaTiZrHf-HEA-DDRX-1100C_TEM_DislocationCharacterization_0#5,eval_MoTaTiZrHf-HEA-DDRX-1100C_TEM_DislocationCharacterization_0,loftr|direct|none|s0,loftr,core,635.0,324.0,171.5,0.510236220472441,3028.016862878284,3050.6438428175566,3028.016862878284,0.47141044689519035,324.0
eval_MoTaTiZrHf-HEA-DDRX-1100C_TEM_DislocationCharacterization_0#6,eval_MoTaTiZrHf-HEA-DDRX-1100C_TEM_DislocationCharacterization_0,loftr|direct|none|s0,loftr,core,565.0,196.0,189.492,0.34690265486725663,1726.0232083579128,1748.181815988243,1726.0232083579128,0.30880770765084703,196.0
eval_MoTaTiZrHf-HEA-DDRX-1100C_TEM_DislocationCharacterization_0#7,eval_MoTaTiZrHf-HEA-DDRX-1100C_TEM_DislocationCharacterization_0,loftr|direct|none|s0,loftr,core,571.0,201.0,173.636,0.3520140105078809,1774.1175973200814,1796.3185709130655,1774.1175973200814,0.3139479956308582,201.0
eval_MoTaTiZrHf-HEA-DDRX-1100C_TEM_DislocationCharacterization_0#8,eval_MoTaTiZrHf-HEA-DDRX-1100C_TEM_DislocationCharacterization_0,loftr|direct|none|s0,loftr,core,755.0,349.0,84.328,0.46225165562913906,3215.3258560178983,3238.6467138565577,3215.3258560178983,0.42696895336263957,349.0
eval_MoTaTiZrHf-HEA-DDRX-1100C_TEM_DislocationCharacterization_0#9,eval_MoTaTiZrHf-HEA-DDRX-1100C_TEM_DislocationCharacterization_0,loftr|direct|none|s0,loftr,core,749.0,354.0,68.323,0.472630173564753,3272.297688304763,3295.586567221243,3272.297688304763,0.43710681931116757,354.0
eval_MoTaTiZrHf-HEA-DDRX-1100C_TEM_DislocationCharacterization_0#10,eval_MoTaTiZrHf-HEA-DDRX-1100C_TEM_DislocationCharacterization_0,loftr|direct|none|s0,loftr,core,726.0,210.0,71.945,0.2892561983471074,1803.8137175139493,1826.977585967825,1803.8137175139493,0.2574515967445352,210.0
eval_MoTaTiZrHf-HEA-DDRX-1100C_TEM_DislocationCharacterization_0#11,eval_MoTaTiZrHf-HEA-DDRX-1100C_TEM_DislocationCharacterization_0,loftr|direct|none|s0,loftr,core,1497.0,569.0,22.999,0.3800935203740815,5107.7619606480175,5133.8247692121395,5107.7619606480175,0.35584073348673423,569.0
eval_MoTaTiZrHf-HEA-DDRX-1100C_TEM_DislocationCharacterization_0#12,eval_MoTaTiZrHf-HEA-DDRX-1100C_TEM_DislocationCharacterization_0,loftr|direct|none|s0,loftr,core,791.0,350.0,189.175,0.4424778761061947,3204.06146690528,3227.5690083988648,3204.06146690528,0.40822570759839394,350.0
eval_MoTaTiZrHf-HEA-DDRX-1100C_TEM_DislocationCharacterization_0#13,eval_MoTaTiZrHf-HEA-DDRX-1100C_TEM_DislocationCharacterization_0,loftr|direct|none|s0,loftr,core,668.0,341.0,189.75,0.5104790419161677,3187.9495263108606,3210.7796274111615,3187.9495263108606,0.47261929538732256,341.0
eval_MoTaTiZrHf-HEA-DDRX-1100C_TEM_DislocationCharacterization_0#14,eval_MoTaTiZrHf-HEA-DDRX-1100C_TEM_DislocationCharacterization_0,loftr|direct|none|s0,loftr,core,600.0,196.0,188.963,0.32666666666666666,1711.4345480741247,1733.8341933644513,1711.4345480741247,0.29034600761521895,196.0
eval_MoTaTiZrHf-HEA-DDRX-1100C_TEM_DislocationCharacterization_0#15,eval_MoTaTiZrHf-HEA-DDRX-1100C_TEM_DislocationCharacterization_0,loftr|direct|none|s0,loftr,core,576.0,223.0,177.802,0.3871527777777778,1996.834838492905,2019.0707774770844,1996.834838492905,0.3482463050882525,223.0
eval_MoTaTiZrHf-HEA-DDRX-1100C_TEM_DislocationCharacterization_0#16,eval_MoTaTiZrHf-HEA-DDRX-1100C_TEM_DislocationCharacterization_0,loftr|direct|none|s0,loftr,core,754.0,210.0,78.097,0.27851458885941643,1794.3228907617038,1817.6384365028778,1794.3228907617038,0.24770241278022415,210.0
eval_MoTaTiZrHf-HEA-DDRX-1100C_TEM_DislocationCharacterization_0#17,eval_MoTaTiZrHf-HEA-DDRX-1100C_TEM_DislocationCharacterization_0,loftr|direct|none|s0,loftr,core,931.0,220.0,67.751,0.23630504833512353,1838.1323529246306,1862.2928834293066,1838.1323529246306,0.2101353251206954,220.0
eval_MoTaTiZrHf-HEA-DDRX-1100C_TEM_DislocationCharacterization_0#18,eval_MoTaTiZrHf-HEA-DDRX-1100C_TEM_DislocationCharacterization_0,loftr|direct|none|s0,loftr,core,969.0,318.0,71.103,0.3281733746130031,2788.658126906561,2812.9789321050457,2788.658126906561,0.29933827052659456,318.0
eval_MoTaTiZrHf-HEA-DDRX-1100C_TEM_DislocationCharacterization_0#19,eval_MoTaTiZrHf-HEA-DDRX-1100C_TEM_DislocationCharacterization_0,loftr|direct|none|s0,loftr,core,1229.0,538.0,24.501,0.4377542717656631,4926.661208663181,4951.934092612312,4926.661208663181,0.41025437120607033,538.0
eval_MoTaTiZrHf-HEA-DDRX-1100C_TEM_DislocationCharacterization_0#20,eval_MoTaTiZrHf-HEA-DDRX-1100C_TEM_DislocationCharacterization_0,loftr|direct|none|s0,loftr,core,633.0,191.0,181.807,0.30173775671406006,1648.8822297773652,1671.4965614452346,1648.8822297773652,0.2672638764481931,191.0
eval_MoTaTiZrHf-HEA-DDRX-1100C_TEM_DislocationCharacterization_0#21,eval_MoTaTiZrHf-HEA-DDRX-1100C_TEM_DislocationCharacterization_0,loftr|direct|none|s0,loftr,core,702.0,196.0,170.769,0.2792022792022792,1674.193748235943,1697.2228667739323,1674.193748235943,0.24728726496541545,196.0
eval_MoTaTiZrHf-HEA-DDRX-1100C_TEM_DislocationCharacterization_0#22,eval_MoTaTiZrHf-HEA-DDRX-1100C_TEM_DislocationCharacterization_0,loftr|direct|none|s0,loftr,core,700.0,296.0,187.309,0.4228571428571429,2689.479189742775,2712.4968715032273,2689.479189742775,0.38677942060096737,296.0
eval_MoTaTiZrHf-HEA-DDRX-1100C_TEM_DislocationCharacterization_0#23,eval_MoTaTiZrHf-HEA-DDRX-1100C_TEM_DislocationCharacterization_0,loftr|direct|none|s0,loftr,core,551.0,190.0,178.853,0.3448275862068966,1671.2976934759988,1693.3556664614873,1671.2976934759988,0.3063377056582509,190.0
eval_MoTaTiZrHf-HEA-DDRX-1100C_TEM_DislocationCharacterization_0#24,eval_MoTaTiZrHf-HEA-DDRX-1100C_TEM_DislocationCharacterization_0,loftr|direct|none|s0,loftr,core,1207.0,317.0,61.589,0.2626346313173157,2695.339558361215,2720.540101601045,2695.339558361215,0.23858937172395003,317.0
eval_MoTaTiZrHf-HEA-DDRX-1100C_TEM_DislocationCharacterization_0#25,eval_MoTaTiZrHf-HEA-DDRX-1100C_TEM_DislocationCharacterization_0,loftr|direct|none|s0,loftr,core,783.0,214.0,58.648,0.27330779054916987,1824.015838499375,1847.4826411750857,1824.015838499375,0.24325579210102888,214.0
eval_MoTaTiZrHf-HEA-DDRX-1100C_TEM_DislocationCharacterization_0#26,eval_MoTaTiZrHf-HEA-DDRX-1100C_TEM_DislocationCharacterization_0,loftr|direct|none|s0,loftr,core,618.0,213.0,62.243,0.3446601941747573,1875.3497596264488,1897.8679325088042,1875.3497596264488,0.30825349177953315,213.0
eval_MoTaTiZrHf-HEA-DDRX-1100C_TEM_DislocationCharacterization_0#27,eval_MoTaTiZrHf-HEA-DDRX-1100C_TEM_DislocationCharacterization_0,loftr|direct|none|s0,loftr,core,703.0,375.0,66.208,0.5334281650071123,3530.8744778819855,3553.9093025695524,3530.8744778819855,0.49646836613975837,375.0
eval_MoTaTiZrHf-HEA-DDRX-1100C_TEM_DislocationCharacterization_0#28,eval_MoTaTiZrHf-HEA-DDRX-1100C_TEM_DislocationCharacterization_0,loftr|direct|none|s0,loftr,core,601.0,210.0,189.571,0.34941763727121466,1852.3037549850742,1874.7100780965443,1852.3037549850742,0.3123648429832529,210.0
eval_MoTaTiZrHf-HEA-DDRX-1100C_TEM_DislocationCharacterization_0#29,eval_MoTaTiZrHf-HEA-DDRX-1100C_TEM_DislocationCharacterization_0,loftr|direct|none|s0,loftr,core,555.0,204.0,185.245,0.3675675675675676,1811.9193156432368,1834.0063006611824,1811.9193156432368,0.3284933710326071,204.0
eval_MoTaTiZrHf-HEA-DDRX-1100C_TEM_DislocationCharacterization_0#30,eval_MoTaTiZrHf-HEA-DDRX-1100C_TEM_DislocationCharacterization_0,loftr|direct|none|s0,loftr,core,489.0,195.0,184.983,0.3987730061349693,1751.6484907053537,1773.2275875173164,1751.6484907053537,0.35632568227788575,195.0
eval_MoTaTiZrHf-HEA-DDRX-1100C_TEM_DislocationCharacterization_0#31,eval_MoTaTiZrHf-HEA-DDRX-1100C_TEM_DislocationCharacterization_0,loftr|direct|none|s0,loftr,core,664.0,373.0,184.241,0.5617469879518072,3540.0792640689933,3562.885286774097,3540.0792640689933,0.5237592721564946,373.0
eval_MoTaTiZrHf-HEA-DDRX-900C_TEM_DislocationCharacterization_0#0,eval_MoTaTiZrHf-HEA-DDRX-900C_TEM_DislocationCharacterization_0,loftr|direct|none|s0,loftr,core,885.0,360.0,57.395,0.4067796610169492,3256.3577632964725,3280.3152714303797,3256.3577632964725,0.37488590573513547,360.0
eval_MoTaTiZrHf-HEA-DDRX-900C_TEM_DislocationCharacterization_0#1,eval_MoTaTiZrHf-HEA-DDRX-900C_TEM_DislocationCharacterization_0,loftr|direct|none|s0,loftr,core,618.0,197.0,62.979,0.3187702265372168,1714.333109054437,1736.8512819367925,1714.333109054437,0.2832463012067676,197.0
eval_MoTaTiZrHf-HEA-DDRX-900C_TEM_DislocationCharacterization_0#2,eval_MoTaTiZrHf-HEA-DDRX-900C_TEM_DislocationCharacterization_0,loftr|direct|none|s0,loftr,core,610.0,196.0,61.096,0.32131147540983607,1707.4571668330548,1729.92309390061,1707.4571668330548,0.28547097297303226,196.0
eval_MoTaTiZrHf-HEA-DDRX-900C_TEM_DislocationCharacterization_0#3,eval_MoTaTiZrHf-HEA-DDRX-900C_TEM_DislocationCharacterization_0,loftr|direct|none|s0,loftr,core,619.0,212.0,79.967,0.34248788368336025,1864.806124916312,1887.3307808035456,1864.806124916312,0.30617889559205763,212.0
eval_MoTaTiZrHf-HEA-DDRX-900C_TEM_DislocationCharacterization_0#4,eval_MoTaTiZrHf-HEA-DDRX-900C_TEM_DislocationCharacterization_0,loftr|direct|none|s0,loftr,core,620.0,193.0,75.512,0.31129032258064515,1673.6138513336082,1696.144979735347,1673.6138513336082,0.27609988384711637,193.0
eval_MoTaTiZrHf-HEA-DDRX-900C_TEM_DislocationCharacterization_0#5,eval_MoTaTiZrHf-HEA-DDRX-900C_TEM_DislocationCharacterization_0,loftr|direct|none|s0,loftr,core,735.0,308.0,57.316,0.41904761904761906,2795.513715273041,2818.7269671863683,2795.513715273041,0.38388860780039613,308.0
eval_MoTaTiZrHf-HEA-DDRX-900C_TEM_DislocationCharacterization_0#6,eval_MoTaTiZrHf-HEA-DDRX-900C_TEM_DislocationCharacterization_0,loftr|direct|none|s0,loftr,core,788.0,313.0,59.483,0.39720812182741116,2819.4359131009574,2842.928226119096,2819.4359131009574,0.36362141018978633,313.0
eval_MoTaTiZrHf-HEA-DDRX-900C_TEM_DislocationCharacterization_0#7,eval_MoTaTiZrHf-HEA-DDRX-900C_TEM_DislocationCharacterization_0,loftr|direct|none|s0,loftr,core,773.0,200.0,63.217,0.258732212160414,1690.6634331351045,1714.0787217917798,1690.6634331351045,0.2291061448785485,200.0
eval_MoTaTiZrHf-HEA-DDRX-900C_TEM_DislocationCharacterization_0#8,eval_MoTaTiZrHf-HEA-DDRX-900C_TEM_DislocationCharacterization_0,loftr|direct|none|s0,loftr,core,618.0,195.0,61.876,0.3155339805825243,1694.3382846952702,1716.8564575776256,1694.3382846952702,0.28012932436368426,195.0
eval_MoTaTiZrHf-HEA-DDRX-900C_TEM_DislocationCharacterization_0#9,eval_MoTaTiZrHf-HEA-DDRX-900C_TEM_DislocationCharacterization_0,loftr|direct|none|s0,loftr,core,723.0,318.0,64.043,0.43983402489626555,2907.0956611698175,2930.242932049816,2907.0956611698175,0.4040652513554902,318.0
eval_MoTaTiZrHf-HEA-DDRX-900C_TEM_DislocationCharacterization_0#10,eval_MoTaTiZrHf-HEA-DDRX-900C_TEM_DislocationCharacterization_0,loftr|direct|none|s0,loftr,core,839.0,320.0,49.199,0.3814064362336114,2866.254664066501,2889.9982917266757,2866.254664066501,0.34915020327360674,320.0
eval_MoTaTiZrHf-HEA-DDRX-900C_TEM_DislocationCharacterization_0#11,eval_MoTaTiZrHf-HEA-DDRX-900C_TEM_DislocationCharacterization_0,loftr|direct|none|s0,loftr,core,817.0,194.0,71.33,0.23745410036719705,1619.9883164238947,1643.6254645226138,1619.9883164238947,0.2095469327189746,194.0
eval_MoTaTiZrHf-HEA-DDRX-900C_TEM_DislocationCharacterization_0#12,eval_MoTaTiZrHf-HEA-DDRX-900C_TEM_DislocationCharacterization_0,loftr|direct|none|s0,loftr,core,554.0,180.0,68.366,0.3249097472924188,1569.2755462221244,1591.3552979354763,1569.2755462221244,0.28723210121576465,180.0
eval_MoTaTiZrHf-HEA-DDRX-900C_TEM_DislocationCharacterization_0#13,eval_MoTaTiZrHf-HEA-DDRX-900C_TEM_DislocationCharacterization_0,loftr|direct|none|s0,loftr,core,674.0,202.0,57.662,0.2997032640949555,1743.1049051625694,1765.9708542502733,1743.1049051625694,0.26633148655659505,202.0
eval_MoTaTiZrHf-HEA-DDRX-900C_TEM_DislocationCharacterization_0#14,eval_MoTaTiZrHf-HEA-DDRX-900C_TEM_DislocationCharacterization_0,loftr|direct|none|s0,loftr,core,802.0,199.0,58.032,0.24812967581047382,1672.3654376902105,1695.9283260882312,1672.3654376902105,0.21948436714722322,199.0
eval_MoTaTiZrHf-HEA-DDRX-900C_TEM_DislocationCharacterization_0#15,eval_MoTaTiZrHf-HEA-DDRX-900C_TEM_DislocationCharacterization_0,loftr|direct|none|s0,loftr,core,743.0,300.0,61.269,0.4037685060565276,2707.9930834713928,2731.2497257404243,2707.9930834713928,0.36907095066468004,300.0
eval_MoTaTiZrHf-HEA-DDRX-900C_TEM_largeFOV-DislocationCharacterization_0#0,eval_MoTaTiZrHf-HEA-DDRX-900C_TEM_largeFOV-DislocationCharacterization_0,loftr|direct|none|s0,loftr,core,1236.0,379.0,535.087,0.30663430420711973,3821.134995243408,3846.4306250077675,3821.134995243408,0.28156052303506773,379.0
eval_MoTaTiZrHf-HEA-DDRX-900C_TEM_largeFOV-DislocationCharacterization_0#1,eval_MoTaTiZrHf-HEA-DDRX-900C_TEM_largeFOV-DislocationCharacterization_0,loftr|direct|none|s0,loftr,core,676.0,328.0,552.45,0.48520710059171596,3497.2925075584026,3520.170334935527,3497.2925075584026,0.4477220726425128,328.0
eval_MoTaTiZrHf-HEA-DDRX-900C_TEM_largeFOV-DislocationCharacterization_0#2,eval_MoTaTiZrHf-HEA-DDRX-900C_TEM_largeFOV-DislocationCharacterization_0,loftr|direct|none|s0,loftr,core,623.0,306.0,548.682,0.4911717495987159,3266.8335403896936,3289.384023730845,3266.8335403896936,0.45209025600077984,306.0
eval_MoTaTiZrHf-HEA-DDRX-900C_TEM_largeFOV-DislocationCharacterization_0#3,eval_MoTaTiZrHf-HEA-DDRX-900C_TEM_largeFOV-DislocationCharacterization_0,loftr|direct|none|s0,loftr,core,1217.0,359.0,447.7,0.294987674609696,3601.859960794841,3627.093548447401,3601.859960794841,0.2700435547987348,359.0
eval_MoTaTiZrHf-HEA-DDRX-900C_TEM_largeFOV-DislocationCharacterization_0#4,eval_MoTaTiZrHf-HEA-DDRX-900C_TEM_largeFOV-DislocationCharacterization_0,loftr|direct|none|s0,loftr,core,683.0,357.0,461.336,0.5226939970717424,3845.139922975953,3868.05904876734,3845.139922975953,0.48521243137380543,357.0
eval_MoTaTiZrHf-HEA-DDRX-900C_TEM_largeFOV-DislocationCharacterization_0#5,eval_MoTaTiZrHf-HEA-DDRX-900C_TEM_largeFOV-DislocationCharacterization_0,loftr|direct|none|s0,loftr,core,646.0,339.0,462.743,0.5247678018575851,3652.3840445468645,3675.0798839874374,3652.3840445468645,0.48622556003927125,339.0
eval_MoTaTiZrHf-HEA-DDRX-900C_TEM_largeFOV-DislocationCharacterization_0#6,eval_MoTaTiZrHf-HEA-DDRX-900C_TEM_largeFOV-DislocationCharacterization_0,loftr|direct|none|s0,loftr,core,670.0,360.0,519.074,0.5373134328358209,3891.8278529242943,3914.669939085913,3891.8278529242943,0.49945344809910996,360.0
eval_MoTaTiZrHf-HEA-DDRX-900C_TEM_largeFOV-DislocationCharacterization_0#7,eval_MoTaTiZrHf-HEA-DDRX-900C_TEM_largeFOV-DislocationCharacterization_0,loftr|direct|none|s0,loftr,core,1076.0,352.0,532.366,0.3271375464684015,3575.2797577465208,3600.020144615156,3575.2797577465208,0.29976259682356576,352.0
eval_MoTaTiZrHf-HEA-DDRX-900C_TEM_largeFOV-DislocationCharacterization_0#8,eval_MoTaTiZrHf-HEA-DDRX-900C_TEM_largeFOV-DislocationCharacterization_0,loftr|direct|none|s0,loftr,core,1075.0,335.0,543.41,0.3116279069767442,3381.981116687264,3406.7177791568074,3381.981116687264,0.2846529899802139,335.0
eval_MoTaTiZrHf-HEA-DDRX-900C_TEM_largeFOV-DislocationCharacterization_0#9,eval_MoTaTiZrHf-HEA-DDRX-900C_TEM_largeFOV-DislocationCharacterization_0,loftr|direct|none|s0,loftr,core,664.0,339.0,429.025,0.5105421686746988,3639.1667500606454,3661.972772765749,3639.1667500606454,0.4725687689548058,339.0
eval_MoTaTiZrHf-HEA-DDRX-900C_TEM_largeFOV-DislocationCharacterization_0#10,eval_MoTaTiZrHf-HEA-DDRX-900C_TEM_largeFOV-DislocationCharacterization_0,loftr|direct|none|s0,loftr,core,1446.0,360.0,455.146,0.24896265560165975,3540.0487492026627,3565.9727682538073,3540.0487492026627,0.2273598831987929,360.0
eval_MoTaTiZrHf-HEA-DDRX-900C_TEM_largeFOV-DislocationCharacterization_0#11,eval_MoTaTiZrHf-HEA-DDRX-900C_TEM_largeFOV-DislocationCharacterization_0,loftr|direct|none|s0,loftr,core,1247.0,368.0,457.842,0.2951082598235766,3692.7904548046677,3718.121568701545,3692.7904548046677,0.2704542240231677,368.0
eval_MoTaTiZrHf-HEA-DDRX-900C_TEM_largeFOV-DislocationCharacterization_0#12,eval_MoTaTiZrHf-HEA-DDRX-900C_TEM_largeFOV-DislocationCharacterization_0,loftr|direct|none|s0,loftr,core,681.0,349.0,498.843,0.5124816446402349,3748.851657451218,3771.75902714069,3748.851657451218,0.4749757150714907,349.0
eval_MoTaTiZrHf-HEA-DDRX-900C_TEM_largeFOV-DislocationCharacterization_0#13,eval_MoTaTiZrHf-HEA-DDRX-900C_TEM_largeFOV-DislocationCharacterization_0,loftr|direct|none|s0,loftr,core,928.0,371.0,534.727,0.39978448275862066,3862.3781062288517,3886.5257056690134,3862.3781062288517,0.36874323597400493,371.0
eval_MoTaTiZrHf-HEA-DDRX-900C_TEM_largeFOV-DislocationCharacterization_0#14,eval_MoTaTiZrHf-HEA-DDRX-900C_TEM_largeFOV-DislocationCharacterization_0,loftr|direct|none|s0,loftr,core,1168.0,380.0,535.375,0.3253424657534247,3858.5346130415014,3883.6036097397377,3858.5346130415014,0.2990847726327836,380.0
eval_MoTaTiZrHf-HEA-DDRX-900C_TEM_largeFOV-DislocationCharacterization_0#15,eval_MoTaTiZrHf-HEA-DDRX-900C_TEM_largeFOV-DislocationCharacterization_0,loftr|direct|none|s0,loftr,core,623.0,308.0,430.5,0.4943820224719101,3291.0743472678214,3313.624830608973,3291.0743472678214,0.45527724679141107,308.0
eval_MoTaTiZrHf-HEA-DDRX-900C_TEM_largeFOV-DislocationCharacterization_0#16,eval_MoTaTiZrHf-HEA-DDRX-900C_TEM_largeFOV-DislocationCharacterization_0,loftr|direct|none|s0,loftr,core,1270.0,368.0,451.135,0.28976377952755905,3684.765307839351,3710.169613971488,3684.765307839351,0.26547741020124166,368.0
eval_MoTaTiZrHf-HEA-DDRX-900C_TEM_largeFOV-DislocationCharacterization_0#17,eval_MoTaTiZrHf-HEA-DDRX-900C_TEM_largeFOV-DislocationCharacterization_0,loftr|direct|none|s0,loftr,core,1460.0,382.0,446.178,0.26164383561643834,3779.63627326653,3805.598873418169,3779.63627326653,0.23974475252387048,382.0
eval_TRIP1-Bainitic_LOM_SEM_EBSD_Multiscale_0#0,eval_TRIP1-Bainitic_LOM_SEM_EBSD_Multiscale_0,loftr|direct|none|s0,loftr,core,707.0,177.0,1.814,0.25035360678925034,1357.7525541597033,1380.8101223917156,1651.2801704179994,0.21982727943993,177.0
eval_TRIP1-Bainitic_LOM_SEM_EBSD_Multiscale_0#1,eval_TRIP1-Bainitic_LOM_SEM_EBSD_Multiscale_0,loftr|direct|none|s0,loftr,core,9172.0,8837.0,1.884,0.963475795900567,87165.97657889065,87199.29351338814,87751.35651720397,0.9594385872505297,8837.0
eval_TRIP1-Bainitic_LOM_SEM_EBSD_Multiscale_0#2,eval_TRIP1-Bainitic_LOM_SEM_EBSD_Multiscale_0,loftr|direct|none|s0,loftr,core,7520.0,3981.0,9.681,0.5293882978723404,34701.35424415333,34733.87667799459,34632.976700327,0.5180949009959299,3981.0
eval_TRIP1-Bainitic_LOM_SEM_EBSD_Multiscale_0#3,eval_TRIP1-Bainitic_LOM_SEM_EBSD_Multiscale_0,loftr|direct|none|s0,loftr,core,336.0,5.0,897.851,0.01488095238095238,14.102783300373659,34.175254644771286,10.465104402915909,0.0063725635672713,5.0
eval_TRIP1-Bainitic_LOM_SEM_EBSD_Multiscale_0#4,eval_TRIP1-Bainitic_LOM_SEM_EBSD_Multiscale_0,loftr|direct|none|s0,loftr,core,269.0,5.0,1073.666,0.01858736059479554,16.115883606347552,35.29427310329447,12.479942905569477,0.007964892560169641,5.0
eval_TRIP1-Bainitic_LOM_SEM_EBSD_Multiscale_0#5,eval_TRIP1-Bainitic_LOM_SEM_EBSD_Multiscale_0,loftr|direct|none|s0,loftr,core,242.0,5.0,19268.6,0.02066115702479339,17.074366330290253,35.82714963486334,13.427012998431735,0.008856723171189875,5.0
eval_TRIP1-Bainitic_LOM_SEM_EBSD_Multiscale_0#6,eval_TRIP1-Bainitic_LOM_SEM_EBSD_Multiscale_0,loftr|direct|none|s0,loftr,core,16.0,4.0,19095.73,0.25,31.73978364188609,39.246375421956934,28.82056262262493,0.10182067491213048,4.0
eval_Ta-AM-Spalled_SEM-BSE_EBSD_SameSliceSerialSectioning_0#0,eval_Ta-AM-Spalled_SEM-BSE_EBSD_SameSliceSerialSectioning_0,loftr|direct|none|s0,loftr,core,116.0,5.0,1005.924,0.04310344827586207,27.757035689433444,43.54109044566189,8.065175018961764,0.018549566366104896,5.0
eval_Ta-AM-Spalled_SEM-BSE_EBSD_SameSliceSerialSectioning_0#1,eval_Ta-AM-Spalled_SEM-BSE_EBSD_SameSliceSerialSectioning_0,loftr|direct|none|s0,loftr,core,105.0,4.0,1697.842,0.0380952380952381,19.18739216585265,34.56739138631752,3.4351994514273407,0.014912459331107637,4.0
eval_Ta-AM-Spalled_SEM-BSE_EBSD_SameSliceSerialSectioning_0#2,eval_Ta-AM-Spalled_SEM-BSE_EBSD_SameSliceSerialSectioning_0,loftr|direct|none|s0,loftr,core,284.0,15.0,92.872,0.0528169014084507,111.44672764467083,130.8433566903994,52.366326073150915,0.032265688479719015,15.0
eval_Ta-AM-Spalled_SEM-BSE_EBSD_SameSliceSerialSectioning_1#0,eval_Ta-AM-Spalled_SEM-BSE_EBSD_SameSliceSerialSectioning_1,loftr|direct|none|s0,loftr,core,156.0,7.0,69.907,0.04487179487179487,43.73796817355402,60.72058599118078,15.94320941261013,0.0219033374935471,7.0
eval_Ta-AM-Spalled_SEM-BSE_EBSD_SameSliceSerialSectioning_1#1,eval_Ta-AM-Spalled_SEM-BSE_EBSD_SameSliceSerialSectioning_1,loftr|direct|none|s0,loftr,core,139.0,6.0,513.196,0.04316546762589928,35.486522326198006,52.00283192570199,11.662886255287749,0.019930971536903982,6.0
eval_Ta-AM-Spalled_SEM-BSE_EBSD_SameSliceSerialSectioning_1#2,eval_Ta-AM-Spalled_SEM-BSE_EBSD_SameSliceSerialSectioning_1,loftr|direct|none|s0,loftr,core,403.0,38.0,68.851,0.09429280397022333,330.50569444488843,351.30845523952104,179.55045429795814,0.06946957968561622,38.0
eval_Ta-AM-Spalled_SEM-BSE_EBSD_SameSliceSerialSectioning_2#0,eval_Ta-AM-Spalled_SEM-BSE_EBSD_SameSliceSerialSectioning_2,loftr|direct|none|s0,loftr,core,133.0,8.0,632.123,0.06015037593984962,55.25316997842744,71.59099897254448,23.48026289593927,0.03079118193110071,8.0
eval_Ta-AM-Spalled_SEM-BSE_EBSD_SameSliceSerialSectioning_2#1,eval_Ta-AM-Spalled_SEM-BSE_EBSD_SameSliceSerialSectioning_2,loftr|direct|none|s0,loftr,core,66.0,4.0,9245.317,0.06060606060606061,22.971260805243972,36.45926679656931,7.083632256865609,0.023818614832318338,4.0
eval_Ta-AM-Spalled_SEM-BSE_EBSD_SameSliceSerialSectioning_2#2,eval_Ta-AM-Spalled_SEM-BSE_EBSD_SameSliceSerialSectioning_2,loftr|direct|none|s0,loftr,core,245.0,8.0,86.282,0.0326530612244898,47.80260194330009,66.60497371828734,16.04931900097354,0.01663690566134272,8.0
eval_Ti3AlC2-MAX-Phase_TEM_DislocationCharacterization_0#0,eval_Ti3AlC2-MAX-Phase_TEM_DislocationCharacterization_0,loftr|direct|none|s0,loftr,core,147.0,95.0,2.555,0.6462585034013606,537.3868503137948,554.1293827339305,537.0622583008443,0.5661412591598672,95.0
eval_Ti3AlC2-MAX-Phase_TEM_DislocationCharacterization_0#1,eval_Ti3AlC2-MAX-Phase_TEM_DislocationCharacterization_0,loftr|direct|none|s0,loftr,core,187.0,124.0,1.896,0.6631016042780749,710.4601380189871,728.1742310618941,710.0378851228387,0.5926801038486336,124.0
eval_Ti3AlC2-MAX-Phase_TEM_DislocationCharacterization_0#2,eval_Ti3AlC2-MAX-Phase_TEM_DislocationCharacterization_0,loftr|direct|none|s0,loftr,core,287.0,258.0,1.261,0.8989547038327527,1646.0467778534835,1665.485661468145,1646.0467778534835,0.8586492201741608,258.0
eval_X2CrNi12-Ferritic_SEM-SE-Stitch_EBSD_Fatigue-SameSlice_0#0,eval_X2CrNi12-Ferritic_SEM-SE-Stitch_EBSD_Fatigue-SameSlice_0,loftr|direct|none|s0,loftr,core,4275.0,1325.0,9.176,0.30994152046783624,14184.6954011636,14214.958100966789,14198.600115570376,0.2962541452080679,1325.0
eval_X2CrNi12-Ferritic_SEM-SE-Stitch_EBSD_Fatigue-SameSlice_0#1,eval_X2CrNi12-Ferritic_SEM-SE-Stitch_EBSD_Fatigue-SameSlice_0,loftr|direct|none|s0,loftr,core,289.0,17.0,29.455,0.058823529411764705,134.6474525328842,154.11425989736443,92.49454451046176,0.03704740769707574,17.0
eval_X2CrNi12-Ferritic_SEM-SE-Stitch_EBSD_Fatigue-SameSlice_0#2,eval_X2CrNi12-Ferritic_SEM-SE-Stitch_EBSD_Fatigue-SameSlice_0,loftr|direct|none|s0,loftr,core,383.0,32.0,25.074,0.0835509138381201,279.4056650788326,300.00403747411895,200.05438853891428,0.05980326948589706,32.0
eval_X2CrNi12-Ferritic_SEM-SE-Stitch_EBSD_Fatigue-SameSlice_0#3,eval_X2CrNi12-Ferritic_SEM-SE-Stitch_EBSD_Fatigue-SameSlice_0,loftr|direct|none|s0,loftr,core,175.0,8.0,71.006,0.045714285714285714,53.781095237494895,71.22766875159616,34.0292717265347,0.02334343902195597,8.0
eval_X2CrNi12-Ferritic_SEM-SE-Stitch_EBSD_Fatigue-SameSlice_0#4,eval_X2CrNi12-Ferritic_SEM-SE-Stitch_EBSD_Fatigue-SameSlice_0,loftr|direct|none|s0,loftr,core,204.0,8.0,41.71,0.0392156862745098,51.9128614215589,69.97770616955735,32.16186988497918,0.020002853883823002,8.0
eval_5842WCu-Spalled_SEM-SE_SEM-BSE_Multiscale_0#0,eval_5842WCu-Spalled_SEM-SE_SEM-BSE_Multiscale_0,matchanything|direct|none|s0,matchanything,core,83.0,5.0,122.518,0.060240963855421686,10.04717528955885,24.47115710361814,23.895393307528117,0.02600340104188201,5.0
eval_AF9628-Martensitic_SEM-SE-Stitch_EBSD_SameSlice_0#0,eval_AF9628-Martensitic_SEM-SE-Stitch_EBSD_SameSlice_0,matchanything|direct|none|s0,matchanything,core,214.0,5.0,1720.685,0.02336448598130841,16.640732687738193,34.8983914462695,26.756388831844028,0.010020251388798555,5.0
eval_AF9628-Martensitic_SEM-SE-Stitch_EBSD_SameSlice_0#1,eval_AF9628-Martensitic_SEM-SE-Stitch_EBSD_SameSlice_0,matchanything|direct|none|s0,matchanything,core,50.0,4.0,3589.916,0.08,20.81952668378895,33.16666476959773,28.913069532859637,0.03154951408859299,4.0
eval_AF9628-Martensitic_SEM-SE-Stitch_EBSD_SameSlice_0#2,eval_AF9628-Martensitic_SEM-SE-Stitch_EBSD_SameSlice_0,matchanything|direct|none|s0,matchanything,core,624.0,20.0,155.138,0.03205128205128205,118.93689451204014,141.49380874352133,159.40072448127447,0.020842529543927967,20.0
eval_AF9628-Martensitic_SEM-SE-Stitch_EBSD_SameSlice_1#0,eval_AF9628-Martensitic_SEM-SE-Stitch_EBSD_SameSlice_1,matchanything|direct|none|s0,matchanything,core,738.0,5.0,451.122,0.006775067750677507,5.363564271729135,28.59314277611256,14.215639899819145,0.0028972743211361112,5.0
eval_AF9628-Martensitic_SEM-SE-Stitch_EBSD_SameSlice_1#1,eval_AF9628-Martensitic_SEM-SE-Stitch_EBSD_SameSlice_1,matchanything|direct|none|s0,matchanything,core,342.0,4.0,1810.258,0.011695906432748537,5.159723112032797,25.30330822102167,12.243492095208111,0.00455745201937219,4.0
eval_AF9628-Martensitic_SEM-SE-Stitch_EBSD_SameSlice_1#2,eval_AF9628-Martensitic_SEM-SE-Stitch_EBSD_SameSlice_1,matchanything|direct|none|s0,matchanything,core,1791.0,18.0,253.959,0.010050251256281407,79.38732027864603,106.16803178843543,111.2598080260085,0.006366674683743925,18.0
eval_AF9628-Martensitic_SEM-SE-Stitch_EBSD_SameSlice_2#0,eval_AF9628-Martensitic_SEM-SE-Stitch_EBSD_SameSlice_2,matchanything|direct|none|s0,matchanything,core,1631.0,6.0,1664.408,0.003678724708767627,3.9885400983774275,30.394599319614656,14.265591594610392,0.0016870499092246317,6.0
eval_AF9628-Martensitic_SEM-SE-Stitch_EBSD_SameSlice_2#1,eval_AF9628-Martensitic_SEM-SE-Stitch_EBSD_SameSlice_2,matchanything|direct|none|s0,matchanything,core,514.0,5.0,487.844,0.009727626459143969,8.631377976382389,30.410517471903965,17.202610167433868,0.0041620164503219865,5.0
eval_AF9628-Martensitic_SEM-SE-Stitch_EBSD_SameSlice_2#2,eval_AF9628-Martensitic_SEM-SE-Stitch_EBSD_SameSlice_2,matchanything|direct|none|s0,matchanything,core,3085.0,12.0,244.8,0.0038897893030794164,31.015982774166957,59.97321105860891,51.569598154518516,0.002226555675759991,12.0
eval_AF9628-Martensitic_SEM-SE-Stitch_EBSD_SameSlice_3#0,eval_AF9628-Martensitic_SEM-SE-Stitch_EBSD_SameSlice_3,matchanything|direct|none|s0,matchanything,core,518.0,3.0,7531.125,0.005791505791505791,0.6226161306155227,22.432854083180853,-4.676801638924978,0.001971548958556742,3.0
eval_AF9628-Martensitic_SEM-SE-Stitch_EBSD_SameSlice_3#1,eval_AF9628-Martensitic_SEM-SE-Stitch_EBSD_SameSlice_3,matchanything|direct|none|s0,matchanything,core,315.0,5.0,2177.28,0.015873015873015872,21.884674791561288,41.69779296429687,13.048590103866282,0.006798568059109718,5.0
eval_AF9628-Martensitic_SEM-SE-Stitch_EBSD_SameSlice_3#2,eval_AF9628-Martensitic_SEM-SE-Stitch_EBSD_SameSlice_3,matchanything|direct|none|s0,matchanything,core,693.0,10.0,1733.404,0.01443001443001443,58.06469242310956,81.04208596892883,40.39352995853812,0.007856653428642443,10.0
eval_AF9628-Martensitic_SEM-SE-Stitch_EBSD_SameSlice_4#0,eval_AF9628-Martensitic_SEM-SE-Stitch_EBSD_SameSlice_4,matchanything|direct|none|s0,matchanything,core,1560.0,8.0,55.165,0.005128205128205128,16.490748938904957,42.71861047612104,31.292733357373386,0.002600804251118435,8.0
eval_AF9628-Martensitic_SEM-SE-Stitch_EBSD_SameSlice_4#1,eval_AF9628-Martensitic_SEM-SE-Stitch_EBSD_SameSlice_4,matchanything|direct|none|s0,matchanything,core,371.0,3.0,2259.409,0.008086253369272238,-2.3287435137954056,18.141787306311937,3.2243654227216823,0.0027537908626446696,3.0
eval_AF9628-Martensitic_SEM-SE-Stitch_EBSD_SameSlice_4#2,eval_AF9628-Martensitic_SEM-SE-Stitch_EBSD_SameSlice_4,matchanything|direct|none|s0,matchanything,core,2785.0,24.0,226.478,0.008617594254937163,108.69761526279169,137.24541874026679,153.1181477709152,0.0057978677387030475,24.0
eval_C103_SEM-SE_LOM-DC-Height_FractureSurfaces_0#0,eval_C103_SEM-SE_LOM-DC-Height_FractureSurfaces_0,matchanything|direct|none|s0,matchanything,core,82.0,4.0,1044.422,0.04878048780487805,17.323582873991572,31.698171932721298,10.375578008731907,0.019131065567745804,4.0
eval_C103_SEM-SE_LOM-DC-Height_FractureSurfaces_0#1,eval_C103_SEM-SE_LOM-DC-Height_FractureSurfaces_0,matchanything|direct|none|s0,matchanything,core,4.0,3.0,1875.733,0.75,33.16781823354865,33.16781823354865,27.95466853470031,0.3006418425824019,3.0
eval_C103_SEM-SE_LOM-DC-Height_FractureSurfaces_1#0,eval_C103_SEM-SE_LOM-DC-Height_FractureSurfaces_1,matchanything|direct|none|s0,matchanything,core,249.0,6.0,628.195,0.024096385542168676,13.361294861366062,32.228842546208355,26.121774372255807,0.011089318476222111,6.0
eval_C103_SEM-SE_LOM-DC-Height_FractureSurfaces_1#1,eval_C103_SEM-SE_LOM-DC-Height_FractureSurfaces_1,matchanything|direct|none|s0,matchanything,core,15.0,5.0,700.973,0.3333333333333333,33.6757286514722,40.89463835909126,44.31769334613183,0.1517632443971473,5.0
eval_C103_SEM-SE_LOM-DC-Height_FractureSurfaces_2#0,eval_C103_SEM-SE_LOM-DC-Height_FractureSurfaces_2,matchanything|direct|none|s0,matchanything,core,573.0,5.0,839.919,0.008726003490401396,6.6752621952233895,28.890258643454366,8.740672741484445,0.0037328221380023285,5.0
eval_C103_SEM-SE_LOM-DC-Height_FractureSurfaces_2#1,eval_C103_SEM-SE_LOM-DC-Height_FractureSurfaces_2,matchanything|direct|none|s0,matchanything,core,129.0,5.0,11409.637,0.03875968992248062,20.187075417942985,36.401333249286374,22.25425743286724,0.016667503195434634,5.0
eval_CoNi-AM67_OM-SEM_Multiscale_0#0,eval_CoNi-AM67_OM-SEM_Multiscale_0,matchanything|direct|none|s0,matchanything,core,83.0,4.0,420.716,0.04819277108433735,15.554899042686927,29.978880856746215,11.675300482527994,0.01889861550329229,4.0
eval_CoNi-AM67_OM-SEM_Multiscale_0#1,eval_CoNi-AM67_OM-SEM_Multiscale_0,matchanything|direct|none|s0,matchanything,core,98.0,5.0,3112.039,0.05102040816326531,22.36999939543057,37.469849105324954,17.52046409102634,0.02198731140402473,5.0
eval_CoNi-AM67_OM-SEM_Multiscale_0#2,eval_CoNi-AM67_OM-SEM_Multiscale_0,matchanything|direct|none|s0,matchanything,core,10.0,4.0,970.529,0.4,29.795376052713056,35.142483583430526,29.826721432196816,0.16818032970623617,4.0
eval_CoNi-AM67_SEM-EBSD_SameSliceSerialSectioning_0#0,eval_CoNi-AM67_SEM-EBSD_SameSliceSerialSectioning_0,matchanything|direct|none|s0,matchanything,core,18.0,4.0,20760.531,0.2222222222222222,28.349736828286733,36.375907023233154,17.716115920689546,0.09000928108601693,4.0
eval_CoNi-AM67_SEM-EBSD_SameSliceSerialSectioning_0#1,eval_CoNi-AM67_SEM-EBSD_SameSliceSerialSectioning_0,matchanything|direct|none|s0,matchanything,core,6.0,4.0,492.508,0.6666666666666666,38.985831806525255,41.693882007627465,28.350284889510554,0.299993315138392,4.0
eval_CoNi-AM67_SEM-EBSD_SameSliceSerialSectioning_0#2,eval_CoNi-AM67_SEM-EBSD_SameSliceSerialSectioning_0,matchanything|direct|none|s0,matchanything,core,520.0,6.0,1558.956,0.011538461538461539,13.869046279140058,35.69474326030146,-1.9964538993072445,0.005298614511011893,6.0
eval_CoNi-AM67_SEM-EBSD_SameSliceSerialSectioning_0#3,eval_CoNi-AM67_SEM-EBSD_SameSliceSerialSectioning_0,matchanything|direct|none|s0,matchanything,core,396.0,5.0,1509.677,0.012626262626262626,9.680669225446177,30.41307589242079,-3.5488614469187745,0.005404916650557172,5.0
eval_CoNi-AM67_SEM-EBSD_SameSliceSerialSectioning_0#4,eval_CoNi-AM67_SEM-EBSD_SameSliceSerialSectioning_0,matchanything|direct|none|s0,matchanything,core,190.0,5.0,3271.671,0.02631578947368421,16.331869259210883,34.11013709576755,3.0679504042548373,0.011291765010824347,5.0
eval_CoNi-AM67_SEM-EBSD_SameSliceSerialSectioning_0#5,eval_CoNi-AM67_SEM-EBSD_SameSliceSerialSectioning_0,matchanything|direct|none|s0,matchanything,core,411.0,8.0,343.697,0.019464720194647202,30.451949956744308,51.33362883103812,9.252050441439987,0.009895350680192944,8.0
eval_CoNi-AM67_SEM-EBSD_SameSliceSerialSectioning_1#0,eval_CoNi-AM67_SEM-EBSD_SameSliceSerialSectioning_1,matchanything|direct|none|s0,matchanything,core,14.0,4.0,1038.903,0.2857142857142857,30.584519323163185,37.49327410247841,18.589694393030527,0.1172137864457692,4.0
eval_CoNi-AM67_SEM-EBSD_SameSliceSerialSectioning_1#1,eval_CoNi-AM67_SEM-EBSD_SameSliceSerialSectioning_1,matchanything|direct|none|s0,matchanything,core,5.0,3.0,2597.671,0.6,29.389430682668984,30.998868595103083,20.392015573345553,0.23072428127601285,3.0
eval_CoNi-AM67_SEM-EBSD_SameSliceSerialSectioning_1#2,eval_CoNi-AM67_SEM-EBSD_SameSliceSerialSectioning_1,matchanything|direct|none|s0,matchanything,core,410.0,7.0,164.713,0.01707317073170732,23.300320058605976,44.17221890384566,2.4068476546480646,0.00829431613374815,7.0
eval_CoNi-AM67_SEM-EBSD_SameSliceSerialSectioning_1#3,eval_CoNi-AM67_SEM-EBSD_SameSliceSerialSectioning_1,matchanything|direct|none|s0,matchanything,core,133.0,5.0,2231.568,0.03759398496240601,19.577963756141372,35.91579275025842,4.61226853903959,0.016162919317876417,5.0
eval_CoNi-AM67_SEM-EBSD_SameSliceSerialSectioning_1#4,eval_CoNi-AM67_SEM-EBSD_SameSliceSerialSectioning_1,matchanything|direct|none|s0,matchanything,core,45.0,4.0,292.047,0.08888888888888889,20.57906743160303,32.49073545892063,8.59138569052092,0.03511111672637022,4.0
eval_CoNi-AM67_SEM-EBSD_SameSliceSerialSectioning_1#5,eval_CoNi-AM67_SEM-EBSD_SameSliceSerialSectioning_1,matchanything|direct|none|s0,matchanything,core,255.0,5.0,868.816,0.0196078431372549,13.662791685872953,32.62615424394091,-1.2736544276622048,0.00840366782829046,5.0
eval_CoNi-AM67_SEM-EBSD_SameSliceSerialSectioning_2#0,eval_CoNi-AM67_SEM-EBSD_SameSliceSerialSectioning_2,matchanything|direct|none|s0,matchanything,core,11.0,4.0,1885.836,0.36363636363636365,32.803807320519226,38.602899974979756,20.808290989151327,0.15166471095367573,4.0
eval_CoNi-AM67_SEM-EBSD_SameSliceSerialSectioning_2#1,eval_CoNi-AM67_SEM-EBSD_SameSliceSerialSectioning_2,matchanything|direct|none|s0,matchanything,core,4.0,3.0,2074.294,0.75,31.91514799808402,31.91514799808402,22.91751681268423,0.3006418425824019,3.0
eval_CoNi-AM67_SEM-EBSD_SameSliceSerialSectioning_2#2,eval_CoNi-AM67_SEM-EBSD_SameSliceSerialSectioning_2,matchanything|direct|none|s0,matchanything,core,66.0,6.0,446.21,0.09090909090909091,34.790816043823185,48.27882203514852,16.80993616018563,0.04233297507051135,6.0
eval_CoNi-AM67_SEM-EBSD_SameSliceSerialSectioning_2#3,eval_CoNi-AM67_SEM-EBSD_SameSliceSerialSectioning_2,matchanything|direct|none|s0,matchanything,core,53.0,5.0,1822.048,0.09433962264150944,28.045945988319062,40.633276428257176,13.061056219153798,0.04097264149725047,5.0
eval_CoNi-AM67_SEM-EBSD_SameSliceSerialSectioning_2#4,eval_CoNi-AM67_SEM-EBSD_SameSliceSerialSectioning_2,matchanything|direct|none|s0,matchanything,core,20.0,4.0,1178.612,0.2,27.430696337686317,35.91639886201118,15.437254143942258,0.08065766257979808,4.0
eval_CoNi-AM67_SEM-EBSD_SameSliceSerialSectioning_2#5,eval_CoNi-AM67_SEM-EBSD_SameSliceSerialSectioning_2,matchanything|direct|none|s0,matchanything,core,152.0,5.0,478.794,0.03289473684210526,18.361084774331367,35.23877290168635,3.3999465422430113,0.014130921205538823,5.0
eval_CoNi-AM90_OM-SEM_Multiscale_0#0,eval_CoNi-AM90_OM-SEM_Multiscale_0,matchanything|direct|none|s0,matchanything,core,81.0,4.0,653.352,0.04938271604938271,15.75368122710573,30.078259865260733,-3.942001670129203,0.019369305554033826,4.0
eval_CoNi-AM90_OM-SEM_Multiscale_0#1,eval_CoNi-AM90_OM-SEM_Multiscale_0,matchanything|direct|none|s0,matchanything,core,65.0,4.0,1284.777,0.06153846153846154,17.55167389473367,30.977159529077614,12.947508592195643,0.024189054966350283,4.0
eval_CoNi-AM90_SEM-DIC_EBSD_SlipPartitioning_0#0,eval_CoNi-AM90_SEM-DIC_EBSD_SlipPartitioning_0,matchanything|direct|none|s0,matchanything,core,57.0,4.0,2478.216,0.07017543859649122,13.954070982475823,26.84073734249429,31.993765218122256,0.027626420229066022,4.0
eval_CoNi-AM90_SEM-DIC_EBSD_SlipPartitioning_0#1,eval_CoNi-AM90_SEM-DIC_EBSD_SlipPartitioning_0,matchanything|direct|none|s0,matchanything,core,43.0,4.0,729.286,0.09302325581395349,16.28032426290777,28.003591687355012,34.32055710187876,0.03677164063171277,4.0
eval_CoNi-AM90_SEM-DIC_EBSD_SlipPartitioning_0#2,eval_CoNi-AM90_SEM-DIC_EBSD_SlipPartitioning_0,matchanything|direct|none|s0,matchanything,core,108.0,5.0,1423.511,0.046296296296296294,15.637286767281097,31.1315924427889,38.1853256372813,0.01993481541494294,5.0
eval_CoNi-AM90_SEM-DIC_EBSD_SlipPartitioning_0#3,eval_CoNi-AM90_SEM-DIC_EBSD_SlipPartitioning_0,matchanything|direct|none|s0,matchanything,core,79.0,4.0,2247.757,0.05063291139240506,11.282976241034621,25.505617851983235,29.32182412500832,0.01986404278001855,4.0
eval_CoNi-AM90_SEM-DIC_EBSD_SlipPartitioning_0#4,eval_CoNi-AM90_SEM-DIC_EBSD_SlipPartitioning_0,matchanything|direct|none|s0,matchanything,core,85.0,5.0,844.479,0.058823529411764705,17.83295976813202,32.35393384817849,40.38192032640561,0.025385160033412502,5.0
eval_CoNi-AM90_SEM-DIC_EBSD_SlipPartitioning_0#5,eval_CoNi-AM90_SEM-DIC_EBSD_SlipPartitioning_0,matchanything|direct|none|s0,matchanything,core,142.0,5.0,588.196,0.035211267605633804,13.139113982398005,29.741763455769462,35.685790402188466,0.015132189304854042,5.0
eval_CoNi-AM90_SEM-DIC_EBSD_SlipPartitioning_0#6,eval_CoNi-AM90_SEM-DIC_EBSD_SlipPartitioning_0,matchanything|direct|none|s0,matchanything,core,148.0,5.0,1879.475,0.033783783783783786,12.762233625766562,29.532165020090424,35.30866961880256,0.014515094986352802,5.0
eval_CoNi-AM90_SEM-DIC_EBSD_SlipPartitioning_0#7,eval_CoNi-AM90_SEM-DIC_EBSD_SlipPartitioning_0,matchanything|direct|none|s0,matchanything,core,136.0,5.0,714.833,0.03676470588235294,13.532492066330452,29.960556828329505,36.07940891456617,0.015804086419506366,5.0
eval_CoNi-AM90_SEM-DIC_EBSD_SlipPartitioning_0#8,eval_CoNi-AM90_SEM-DIC_EBSD_SlipPartitioning_0,matchanything|direct|none|s0,matchanything,core,116.0,5.0,602.2,0.04310344827586207,14.984004779007925,30.768059535236368,37.531723067604545,0.018549566366104896,5.0
eval_CoNi-AM90_SEM-DIC_EBSD_SlipPartitioning_0#9,eval_CoNi-AM90_SEM-DIC_EBSD_SlipPartitioning_0,matchanything|direct|none|s0,matchanything,core,114.0,4.0,674.251,0.03508771929824561,8.302497818286245,24.016059327652588,26.339999296625535,0.013727941234497625,4.0
eval_CoNi-AM90_SEM-DIC_EBSD_SlipPartitioning_0#10,eval_CoNi-AM90_SEM-DIC_EBSD_SlipPartitioning_0,matchanything|direct|none|s0,matchanything,core,92.0,4.0,857.377,0.043478260869565216,10.042684538627817,24.885724831908227,28.081032320056906,0.01703571627301368,4.0
eval_CoNi-AM90_SEM-DIC_EBSD_SlipPartitioning_0#11,eval_CoNi-AM90_SEM-DIC_EBSD_SlipPartitioning_0,matchanything|direct|none|s0,matchanything,core,102.0,5.0,880.792,0.049019607843137254,16.160419356003224,31.422748891903503,38.70869866402816,0.021117596548914302,5.0
eval_CoNi-AM90_SEM-DIC_EBSD_SlipPartitioning_0#12,eval_CoNi-AM90_SEM-DIC_EBSD_SlipPartitioning_0,matchanything|direct|none|s0,matchanything,core,77.0,5.0,1559.745,0.06493506493506493,18.742497207717413,32.860535346249954,41.29177835903784,0.02805308044771617,5.0
eval_CoNi-AM90_SEM-DIC_EBSD_SlipPartitioning_0#13,eval_CoNi-AM90_SEM-DIC_EBSD_SlipPartitioning_0,matchanything|direct|none|s0,matchanything,core,77.0,5.0,1533.166,0.06493506493506493,18.742497207717413,32.860535346249954,41.29177835903784,0.02805308044771617,5.0
eval_CoNi-AM90_SEM-DIC_EBSD_SlipPartitioning_0#14,eval_CoNi-AM90_SEM-DIC_EBSD_SlipPartitioning_0,matchanything|direct|none|s0,matchanything,core,68.0,4.0,764.663,0.058823529411764705,12.507454574257086,26.1176430803983,30.546725630250478,0.023110765539635765,4.0
eval_CoNi-AM90_SEM-DIC_EBSD_SlipPartitioning_0#15,eval_CoNi-AM90_SEM-DIC_EBSD_SlipPartitioning_0,matchanything|direct|none|s0,matchanything,core,,,inf,-inf,-inf,-inf,-inf,-inf,-inf
eval_CoNi-AM90_SEM-DIC_EBSD_SlipPartitioning_0#16,eval_CoNi-AM90_SEM-DIC_EBSD_SlipPartitioning_0,matchanything|direct|none|s0,matchanything,core,,,inf,-inf,-inf,-inf,-inf,-inf,-inf
eval_CoNi-AM90_SEM-DIC_EBSD_SlipPartitioning_0#17,eval_CoNi-AM90_SEM-DIC_EBSD_SlipPartitioning_0,matchanything|direct|none|s0,matchanything,core,4.0,3.0,863.556,0.75,28.407748589022635,28.407748589022635,41.93901249353545,0.3006418425824019,3.0
eval_CoNi-AM90_SEM-DIC_EBSD_SlipPartitioning_0#18,eval_CoNi-AM90_SEM-DIC_EBSD_SlipPartitioning_0,matchanything|direct|none|s0,matchanything,core,4.0,4.0,973.409,1.0,39.72534197249136,39.72534197249136,57.767075271618666,0.5101091635454027,4.0
eval_CoNi-AM90_SEM-DIC_EBSD_SlipPartitioning_0#19,eval_CoNi-AM90_SEM-DIC_EBSD_SlipPartitioning_0,matchanything|direct|none|s0,matchanything,core,,,inf,-inf,-inf,-inf,-inf,-inf,-inf
eval_CoNi-AM90_SEM-DIC_EBSD_SlipPartitioning_0#20,eval_CoNi-AM90_SEM-DIC_EBSD_SlipPartitioning_0,matchanything|direct|none|s0,matchanything,core,40.0,4.0,19765.642,0.1,16.88095972765176,28.303851069918,34.92130798322926,0.03957952868260636,4.0
eval_CoNi-AM90_SEM-DIC_EBSD_SlipPartitioning_0#21,eval_CoNi-AM90_SEM-DIC_EBSD_SlipPartitioning_0,matchanything|direct|none|s0,matchanything,core,5.0,4.0,386.115,0.8,36.50650504982939,38.115942962263496,54.548199874421236,0.37553462976252533,4.0
eval_CoNi-AM90_SEM-DIC_EBSD_SlipPartitioning_0#22,eval_CoNi-AM90_SEM-DIC_EBSD_SlipPartitioning_0,matchanything|direct|none|s0,matchanything,core,6.0,4.0,485.341,0.6666666666666666,34.309319374636345,37.017369575738556,52.350975724755784,0.299993315138392,4.0
eval_CoNi-AM90_SEM-DIC_EBSD_SlipPartitioning_0#23,eval_CoNi-AM90_SEM-DIC_EBSD_SlipPartitioning_0,matchanything|direct|none|s0,matchanything,core,,,inf,-inf,-inf,-inf,-inf,-inf,-inf
eval_CoNi-AM90_SEM-DIC_EBSD_SlipPartitioning_0#24,eval_CoNi-AM90_SEM-DIC_EBSD_SlipPartitioning_0,matchanything|direct|none|s0,matchanything,core,31.0,5.0,433.861,0.16129032258064516,27.25806990714475,37.614701003105786,49.80919452677944,0.07092624443365302,5.0
eval_CoNi-AM90_SEM-DIC_EBSD_SlipPartitioning_0#25,eval_CoNi-AM90_SEM-DIC_EBSD_SlipPartitioning_0,matchanything|direct|none|s0,matchanything,core,37.0,5.0,801.446,0.13513513513513514,25.574721320850628,36.67281292770855,48.12560548246487,0.05913294425732018,5.0
eval_CoNi-AM90_SEM-DIC_EBSD_SlipPartitioning_0#26,eval_CoNi-AM90_SEM-DIC_EBSD_SlipPartitioning_0,matchanything|direct|none|s0,matchanything,core,37.0,4.0,996.105,0.10810810810810811,17.530442498282667,28.628534105140588,35.57090617103432,0.04285189940411472,4.0
eval_CoNi-AM90_SEM-EBSD_SameSlice_0#0,eval_CoNi-AM90_SEM-EBSD_SameSlice_0,matchanything|direct|none|s0,matchanything,core,400.0,5.0,336.049,0.0125,3.7551833225199616,24.527943742141552,25.733805683783473,0.005350750779971612,5.0
eval_CoNi-AM90_SEM-EBSD_SameSlice_0#1,eval_CoNi-AM90_SEM-EBSD_SameSlice_0,matchanything|direct|none|s0,matchanything,core,366.0,5.0,543.314,0.01366120218579235,4.557029859665082,24.973063418202802,26.53701247138431,0.005848988527235736,5.0
eval_CoNi-AM90_SEM-EBSD_SameSlice_0#2,eval_CoNi-AM90_SEM-EBSD_SameSlice_0,matchanything|direct|none|s0,matchanything,core,67.0,4.0,897.817,0.05970149253731343,12.62866491965752,26.178228803982304,30.221787224607922,0.023459351139819028,4.0
eval_CoNi-AM90_SEM-EBSD_SameSlice_0#3,eval_CoNi-AM90_SEM-EBSD_SameSlice_0,matchanything|direct|none|s0,matchanything,core,70.0,4.0,6015.424,0.05714285714285714,12.270412901083603,25.999161141949315,29.86341994594092,0.022443779100711252,4.0
eval_CoNi-AM90_SEM-EBSD_SameSlice_0#4,eval_CoNi-AM90_SEM-EBSD_SameSlice_0,matchanything|direct|none|s0,matchanything,core,100.0,4.0,1220.267,0.04,9.365246970763746,24.547161633712403,26.957101445919477,0.015663303991547622,4.0
eval_CoNi-AM90_SEM-EBSD_SameSlice_0#5,eval_CoNi-AM90_SEM-EBSD_SameSlice_0,matchanything|direct|none|s0,matchanything,core,141.0,5.0,717.578,0.03546099290780142,13.203492969835434,29.777569070762848,35.19247860918856,0.015240176278430606,5.0
eval_CoNi_SEM-SE_SEM-BSE_Cracks-SameSliceSerialSectioning_0#0,eval_CoNi_SEM-SE_SEM-BSE_Cracks-SameSliceSerialSectioning_0,matchanything|direct|none|s0,matchanything,core,1653.0,10.0,674.728,0.006049606775559589,25.59584458048147,52.055546812850196,11.800556010480484,0.003289342057190376,10.0
eval_In718-PrecipitationStrengthened_SEM-BSE_EBSD_SameSliceSerialSectioning_0#0,eval_In718-PrecipitationStrengthened_SEM-BSE_EBSD_SameSliceSerialSectioning_0,matchanything|direct|none|s0,matchanything,core,370.0,5.0,661.999,0.013513513513513514,17.222428825294095,37.68211943084854,-4.787124409679478,0.005785608526130592,5.0
eval_In718-PrecipitationStrengthened_SEM-BSE_EBSD_SameSliceSerialSectioning_1#0,eval_In718-PrecipitationStrengthened_SEM-BSE_EBSD_SameSliceSerialSectioning_1,matchanything|direct|none|s0,matchanything,core,219.0,4.0,533.807,0.0182648401826484,13.246357550172977,31.597046273655312,-4.383376008778276,0.007125190697010394,4.0
eval_In718-PrecipitationStrengthened_SEM-BSE_EBSD_SameSliceSerialSectioning_2#0,eval_In718-PrecipitationStrengthened_SEM-BSE_EBSD_SameSliceSerialSectioning_2,matchanything|direct|none|s0,matchanything,core,363.0,4.0,1348.274,0.011019283746556474,9.182219598417326,29.56519480394288,-8.411877155017867,0.004293297407546585,4.0
eval_In718-PrecipitationStrengthened_SEM-BSE_EBSD_SameSliceSerialSectioning_3#0,eval_In718-PrecipitationStrengthened_SEM-BSE_EBSD_SameSliceSerialSectioning_3,matchanything|direct|none|s0,matchanything,core,156.0,4.0,1330.262,0.02564102564102564,15.982309041509133,32.96492685913589,-1.6630329970783873,0.010015466073008985,4.0
eval_In718-PrecipitationStrengthened_SEM-DIC_EBSD_SlipPartitioning_0#0,eval_In718-PrecipitationStrengthened_SEM-DIC_EBSD_SlipPartitioning_0,matchanything|direct|none|s0,matchanything,core,,,inf,-inf,-inf,-inf,-inf,-inf,-inf
eval_In718-PrecipitationStrengthened_SEM-DIC_EBSD_SlipPartitioning_0#1,eval_In718-PrecipitationStrengthened_SEM-DIC_EBSD_SlipPartitioning_0,matchanything|direct|none|s0,matchanything,core,,,inf,-inf,-inf,-inf,-inf,-inf,-inf
eval_In718-PrecipitationStrengthened_SEM-DIC_EBSD_SlipPartitioning_0#2,eval_In718-PrecipitationStrengthened_SEM-DIC_EBSD_SlipPartitioning_0,matchanything|direct|none|s0,matchanything,core,,,inf,-inf,-inf,-inf,-inf,-inf,-inf
eval_In718-PrecipitationStrengthened_SEM-DIC_EBSD_SlipPartitioning_0#3,eval_In718-PrecipitationStrengthened_SEM-DIC_EBSD_SlipPartitioning_0,matchanything|direct|none|s0,matchanything,core,,,inf,-inf,-inf,-inf,-inf,-inf,-inf
eval_In718-SolutionStrengthened_SEM-SE_EBSD_SameSliceSerialSectioning_0#0,eval_In718-SolutionStrengthened_SEM-SE_EBSD_SameSliceSerialSectioning_0,matchanything|direct|none|s0,matchanything,core,22.0,5.0,425.264,0.22727272727272727,29.49547074084989,38.393153054304115,29.49547074084989,0.10123039985248515,5.0
eval_In718-SolutionStrengthened_SEM-SE_EBSD_SameSliceSerialSectioning_0#1,eval_In718-SolutionStrengthened_SEM-SE_EBSD_SameSliceSerialSectioning_0,matchanything|direct|none|s0,matchanything,core,84.0,7.0,126.769,0.08333333333333333,17.60611437010548,32.07888634833407,31.29672961003095,0.04095255062240715,7.0
eval_In718-SolutionStrengthened_SEM-SE_EBSD_SameSliceSerialSectioning_0#2,eval_In718-SolutionStrengthened_SEM-SE_EBSD_SameSliceSerialSectioning_0,matchanything|direct|none|s0,matchanything,core,21.0,5.0,218.837,0.23809523809523808,20.162098854129745,28.859110472121813,29.953920195116297,0.1062801302263647,5.0
eval_In718-SolutionStrengthened_SEM-SE_EBSD_SameSliceSerialSectioning_0#3,eval_In718-SolutionStrengthened_SEM-SE_EBSD_SameSliceSerialSectioning_0,matchanything|direct|none|s0,matchanything,core,30.0,5.0,400.078,0.16666666666666666,16.697492281198514,26.91597303867872,26.486551874047038,0.0733654237184855,5.0
eval_In718-SolutionStrengthened_SEM-SE_EBSD_SameSliceSerialSectioning_1#0,eval_In718-SolutionStrengthened_SEM-SE_EBSD_SameSliceSerialSectioning_1,matchanything|direct|none|s0,matchanything,core,135.0,11.0,73.543,0.08148148148148149,54.42735020361471,70.82556200246438,32.91639852370521,0.046105544792879184,11.0
eval_In718-SolutionStrengthened_SEM-SE_EBSD_SameSliceSerialSectioning_1#1,eval_In718-SolutionStrengthened_SEM-SE_EBSD_SameSliceSerialSectioning_1,matchanything|direct|none|s0,matchanything,core,43.0,9.0,254.733,0.20930232558139536,55.55579882302929,67.27906624747654,37.932951443116465,0.11422834220995602,9.0
eval_In718-SolutionStrengthened_SEM-SE_EBSD_SameSliceSerialSectioning_2#0,eval_In718-SolutionStrengthened_SEM-SE_EBSD_SameSliceSerialSectioning_2,matchanything|direct|none|s0,matchanything,core,214.0,8.0,139.133,0.037383177570093455,27.276057285690698,45.533716044222004,11.668692821578851,0.019062205524175337,8.0
eval_In718-SolutionStrengthened_SEM-SE_EBSD_SameSliceSerialSectioning_2#1,eval_In718-SolutionStrengthened_SEM-SE_EBSD_SameSliceSerialSectioning_2,matchanything|direct|none|s0,matchanything,core,34.0,11.0,19.189,0.3235294117647059,76.64090154191084,87.3854389049304,55.09585679486659,0.19131643564025508,11.0
eval_In718-SolutionStrengthened_SEM-SE_EBSD_SameSliceSerialSectioning_3#0,eval_In718-SolutionStrengthened_SEM-SE_EBSD_SameSliceSerialSectioning_3,matchanything|direct|none|s0,matchanything,core,164.0,7.0,155.592,0.042682926829268296,23.778885963594988,40.96344946209486,10.114032819291516,0.020826999592029063,7.0
eval_In718-SolutionStrengthened_SEM-SE_EBSD_SameSliceSerialSectioning_3#1,eval_In718-SolutionStrengthened_SEM-SE_EBSD_SameSliceSerialSectioning_3,matchanything|direct|none|s0,matchanything,core,25.0,5.0,644.534,0.2,28.24601075067858,37.69142324483424,18.455416889119835,0.08860584686802572,5.0
eval_MoTaTiZrHf-HEA-DDRX-1100C_TEM_DislocationCharacterization_0#0,eval_MoTaTiZrHf-HEA-DDRX-1100C_TEM_DislocationCharacterization_0,matchanything|direct|none|s0,matchanything,core,3777.0,365.0,73.689,0.09663754302356367,2702.9105786994933,2732.67767710674,2702.9105786994933,0.08762047858011451,365.0
eval_MoTaTiZrHf-HEA-DDRX-1100C_TEM_DislocationCharacterization_0#1,eval_MoTaTiZrHf-HEA-DDRX-1100C_TEM_DislocationCharacterization_0,matchanything|direct|none|s0,matchanything,core,1894.0,459.0,73.689,0.24234424498416052,3868.235651613933,3895.2402130268088,3868.235651613933,0.22358034224092155,459.0
eval_MoTaTiZrHf-HEA-DDRX-1100C_TEM_DislocationCharacterization_0#2,eval_MoTaTiZrHf-HEA-DDRX-1100C_TEM_DislocationCharacterization_0,matchanything|direct|none|s0,matchanything,core,1800.0,269.0,73.69,0.14944444444444444,2112.9645448496162,2139.7653232989164,2112.9645448496162,0.13372124663284668,269.0
eval_MoTaTiZrHf-HEA-DDRX-1100C_TEM_DislocationCharacterization_0#3,eval_MoTaTiZrHf-HEA-DDRX-1100C_TEM_DislocationCharacterization_0,matchanything|direct|none|s0,matchanything,core,1488.0,267.0,73.689,0.17943548387096775,2151.153929410618,2177.192593018638,2151.153929410618,0.1607720369649422,267.0
eval_MoTaTiZrHf-HEA-DDRX-1100C_TEM_DislocationCharacterization_0#4,eval_MoTaTiZrHf-HEA-DDRX-1100C_TEM_DislocationCharacterization_0,matchanything|direct|none|s0,matchanything,core,2838.0,275.0,187.487,0.09689922480620156,2031.8252911902382,2060.448541756239,2031.8252911902382,0.08655429436755208,275.0
eval_MoTaTiZrHf-HEA-DDRX-1100C_TEM_DislocationCharacterization_0#5,eval_MoTaTiZrHf-HEA-DDRX-1100C_TEM_DislocationCharacterization_0,matchanything|direct|none|s0,matchanything,core,1414.0,372.0,187.492,0.26308345120226306,3166.907597170274,3192.7420079389713,3166.907597170274,0.24079764860065006,372.0
eval_MoTaTiZrHf-HEA-DDRX-1100C_TEM_DislocationCharacterization_0#6,eval_MoTaTiZrHf-HEA-DDRX-1100C_TEM_DislocationCharacterization_0,matchanything|direct|none|s0,matchanything,core,1299.0,213.0,187.492,0.16397228637413394,1690.9377463935432,1716.4324695383582,1690.9377463935432,0.14483396064503373,213.0
eval_MoTaTiZrHf-HEA-DDRX-1100C_TEM_DislocationCharacterization_0#7,eval_MoTaTiZrHf-HEA-DDRX-1100C_TEM_DislocationCharacterization_0,matchanything|direct|none|s0,matchanything,core,767.0,294.0,187.493,0.3833116036505867,2633.893491618536,2657.277550382288,2633.893491618536,0.34956604425643856,294.0
eval_MoTaTiZrHf-HEA-DDRX-1100C_TEM_DislocationCharacterization_0#8,eval_MoTaTiZrHf-HEA-DDRX-1100C_TEM_DislocationCharacterization_0,matchanything|direct|none|s0,matchanything,core,1957.0,453.0,73.689,0.23147675012774654,3793.519910439081,3820.655460731746,3793.519910439081,0.21332691637138881,453.0
eval_MoTaTiZrHf-HEA-DDRX-1100C_TEM_DislocationCharacterization_0#9,eval_MoTaTiZrHf-HEA-DDRX-1100C_TEM_DislocationCharacterization_0,matchanything|direct|none|s0,matchanything,core,1299.0,455.0,73.689,0.35026943802925325,4034.1851368759803,4059.6798600207953,4034.1851368759803,0.3248029667458097,455.0
eval_MoTaTiZrHf-HEA-DDRX-1100C_TEM_DislocationCharacterization_0#10,eval_MoTaTiZrHf-HEA-DDRX-1100C_TEM_DislocationCharacterization_0,matchanything|direct|none|s0,matchanything,core,1435.0,271.0,73.689,0.18885017421602787,2199.1783669003094,2225.0718089946627,2199.1783669003094,0.16944059054348865,271.0
eval_MoTaTiZrHf-HEA-DDRX-1100C_TEM_DislocationCharacterization_0#11,eval_MoTaTiZrHf-HEA-DDRX-1100C_TEM_DislocationCharacterization_0,matchanything|direct|none|s0,matchanything,core,1622.0,297.0,73.683,0.18310727496917387,2401.71909248796,2428.1029977959265,2401.71909248796,0.16504169541446004,297.0
eval_MoTaTiZrHf-HEA-DDRX-1100C_TEM_DislocationCharacterization_0#12,eval_MoTaTiZrHf-HEA-DDRX-1100C_TEM_DislocationCharacterization_0,matchanything|direct|none|s0,matchanything,core,1234.0,374.0,187.492,0.30307941653160453,3246.779315303115,3272.0684594506733,3246.779315303115,0.27808055719460933,374.0
eval_MoTaTiZrHf-HEA-DDRX-1100C_TEM_DislocationCharacterization_0#13,eval_MoTaTiZrHf-HEA-DDRX-1100C_TEM_DislocationCharacterization_0,matchanything|direct|none|s0,matchanything,core,1153.0,465.0,187.492,0.4032957502168257,4206.009765052516,4231.026992213771,4206.009765052516,0.37534656025723856,465.0
eval_MoTaTiZrHf-HEA-DDRX-1100C_TEM_DislocationCharacterization_0#14,eval_MoTaTiZrHf-HEA-DDRX-1100C_TEM_DislocationCharacterization_0,matchanything|direct|none|s0,matchanything,core,929.0,268.0,187.492,0.2884822389666308,2305.749376111979,2329.9012905534414,2305.749376111979,0.26026677713340374,268.0
eval_MoTaTiZrHf-HEA-DDRX-1100C_TEM_DislocationCharacterization_0#15,eval_MoTaTiZrHf-HEA-DDRX-1100C_TEM_DislocationCharacterization_0,matchanything|direct|none|s0,matchanything,core,607.0,301.0,187.492,0.4958813838550247,2799.922718962922,2822.368876565669,2799.922718962922,0.4562576493540236,301.0
eval_MoTaTiZrHf-HEA-DDRX-1100C_TEM_DislocationCharacterization_0#16,eval_MoTaTiZrHf-HEA-DDRX-1100C_TEM_DislocationCharacterization_0,matchanything|direct|none|s0,matchanything,core,1865.0,259.0,73.689,0.1388739946380697,2012.8863546059936,2039.829146931407,2012.8863546059936,0.12392019518614622,259.0
eval_MoTaTiZrHf-HEA-DDRX-1100C_TEM_DislocationCharacterization_0#17,eval_MoTaTiZrHf-HEA-DDRX-1100C_TEM_DislocationCharacterization_0,matchanything|direct|none|s0,matchanything,core,1297.0,254.0,73.689,0.19583654587509639,2070.4395790466015,2095.928131726677,2070.4395790466015,0.1751507881970636,254.0
eval_MoTaTiZrHf-HEA-DDRX-1100C_TEM_DislocationCharacterization_0#18,eval_MoTaTiZrHf-HEA-DDRX-1100C_TEM_DislocationCharacterization_0,matchanything|direct|none|s0,matchanything,core,1892.0,391.0,73.689,0.20665961945031713,3221.168874212812,3248.1692061762883,3221.168874212812,0.1890177543123092,391.0
eval_MoTaTiZrHf-HEA-DDRX-1100C_TEM_DislocationCharacterization_0#19,eval_MoTaTiZrHf-HEA-DDRX-1100C_TEM_DislocationCharacterization_0,matchanything|direct|none|s0,matchanything,core,2209.0,244.0,73.691,0.1104572204617474,1834.6315572421943,1862.2519666287342,1834.6315572421943,0.09805565728245104,244.0
eval_MoTaTiZrHf-HEA-DDRX-1100C_TEM_DislocationCharacterization_0#20,eval_MoTaTiZrHf-HEA-DDRX-1100C_TEM_DislocationCharacterization_0,matchanything|direct|none|s0,matchanything,core,1121.0,249.0,187.491,0.22212310437109722,2064.982576386037,2089.887070305078,2064.982576386037,0.19876203280707172,249.0
eval_MoTaTiZrHf-HEA-DDRX-1100C_TEM_DislocationCharacterization_0#21,eval_MoTaTiZrHf-HEA-DDRX-1100C_TEM_DislocationCharacterization_0,matchanything|direct|none|s0,matchanything,core,1145.0,266.0,187.492,0.23231441048034934,2220.899913807619,2245.8892541192095,2220.899913807619,0.2087729696537129,266.0
eval_MoTaTiZrHf-HEA-DDRX-1100C_TEM_DislocationCharacterization_0#22,eval_MoTaTiZrHf-HEA-DDRX-1100C_TEM_DislocationCharacterization_0,matchanything|direct|none|s0,matchanything,core,1184.0,402.0,187.494,0.33952702702702703,3546.70001301073,3571.823501873968,3546.70001301073,0.3131111675021932,402.0
eval_MoTaTiZrHf-HEA-DDRX-1100C_TEM_DislocationCharacterization_0#23,eval_MoTaTiZrHf-HEA-DDRX-1100C_TEM_DislocationCharacterization_0,matchanything|direct|none|s0,matchanything,core,615.0,249.0,187.493,0.40487804878048783,2245.8172087640564,2268.3158693481105,2245.8172087640564,0.3667896194233892,249.0
eval_MoTaTiZrHf-HEA-DDRX-1100C_TEM_DislocationCharacterization_0#24,eval_MoTaTiZrHf-HEA-DDRX-1100C_TEM_DislocationCharacterization_0,matchanything|direct|none|s0,matchanything,core,1817.0,274.0,67.387,0.15079801871216292,2155.316910819977,2182.15532099456,2155.316910819977,0.13508150676326655,274.0
eval_MoTaTiZrHf-HEA-DDRX-1100C_TEM_DislocationCharacterization_0#25,eval_MoTaTiZrHf-HEA-DDRX-1100C_TEM_DislocationCharacterization_0,matchanything|direct|none|s0,matchanything,core,655.0,229.0,73.689,0.34961832061068704,2021.4746505220294,2044.2259609699765,2021.4746505220294,0.3140730590993931,229.0
eval_MoTaTiZrHf-HEA-DDRX-1100C_TEM_DislocationCharacterization_0#26,eval_MoTaTiZrHf-HEA-DDRX-1100C_TEM_DislocationCharacterization_0,matchanything|direct|none|s0,matchanything,core,607.0,239.0,73.69,0.39373970345963755,2146.389372266704,2168.835529869451,2146.389372266704,0.3556569818201507,239.0
eval_MoTaTiZrHf-HEA-DDRX-1100C_TEM_DislocationCharacterization_0#27,eval_MoTaTiZrHf-HEA-DDRX-1100C_TEM_DislocationCharacterization_0,matchanything|direct|none|s0,matchanything,core,1340.0,479.0,73.686,0.3574626865671642,4260.036522930262,4285.655687156339,4260.036522930262,0.33224339025043687,479.0
eval_MoTaTiZrHf-HEA-DDRX-1100C_TEM_DislocationCharacterization_0#28,eval_MoTaTiZrHf-HEA-DDRX-1100C_TEM_DislocationCharacterization_0,matchanything|direct|none|s0,matchanything,core,572.0,260.0,187.492,0.45454545454545453,2385.452223964213,2407.660215129856,2385.452223964213,0.41417845237359946,260.0
eval_MoTaTiZrHf-HEA-DDRX-1100C_TEM_DislocationCharacterization_0#29,eval_MoTaTiZrHf-HEA-DDRX-1100C_TEM_DislocationCharacterization_0,matchanything|direct|none|s0,matchanything,core,621.0,239.0,187.49,0.38486312399355876,2139.4020225665026,2161.9396130262694,2139.4020225665026,0.3474137340586688,239.0
eval_MoTaTiZrHf-HEA-DDRX-1100C_TEM_DislocationCharacterization_0#30,eval_MoTaTiZrHf-HEA-DDRX-1100C_TEM_DislocationCharacterization_0,matchanything|direct|none|s0,matchanything,core,461.0,184.0,187.492,0.39913232104121477,1652.2252738082882,1673.5677639045946,1652.2252738082882,0.3554392815917142,184.0
eval_MoTaTiZrHf-HEA-DDRX-1100C_TEM_DislocationCharacterization_0#31,eval_MoTaTiZrHf-HEA-DDRX-1100C_TEM_DislocationCharacterization_0,matchanything|direct|none|s0,matchanything,core,1330.0,496.0,187.492,0.37293233082706767,4438.1847680352475,4463.7739358492,4438.1847680352475,0.34734386205155404,496.0
eval_MoTaTiZrHf-HEA-DDRX-900C_TEM_DislocationCharacterization_0#0,eval_MoTaTiZrHf-HEA-DDRX-900C_TEM_DislocationCharacterization_0,matchanything|direct|none|s0,matchanything,core,2033.0,475.0,59.227,0.2336448598130841,3983.793378786444,4011.0814432120387,3983.793378786444,0.2157638447871955,475.0
eval_MoTaTiZrHf-HEA-DDRX-900C_TEM_DislocationCharacterization_0#1,eval_MoTaTiZrHf-HEA-DDRX-900C_TEM_DislocationCharacterization_0,matchanything|direct|none|s0,matchanything,core,717.0,219.0,59.227,0.3054393305439331,1896.1732658938013,1919.287133576047,1896.1732658938013,0.27283646548047424,219.0
eval_MoTaTiZrHf-HEA-DDRX-900C_TEM_DislocationCharacterization_0#2,eval_MoTaTiZrHf-HEA-DDRX-900C_TEM_DislocationCharacterization_0,matchanything|direct|none|s0,matchanything,core,935.0,252.0,59.227,0.2695187165775401,2146.7313655945095,2170.9090727472108,2146.7313655945095,0.24206359271276565,252.0
eval_MoTaTiZrHf-HEA-DDRX-900C_TEM_DislocationCharacterization_0#3,eval_MoTaTiZrHf-HEA-DDRX-900C_TEM_DislocationCharacterization_0,matchanything|direct|none|s0,matchanything,core,663.0,222.0,59.227,0.334841628959276,1947.3052038219141,1970.105184212561,1947.3052038219141,0.29996095851809845,222.0
eval_MoTaTiZrHf-HEA-DDRX-900C_TEM_DislocationCharacterization_0#4,eval_MoTaTiZrHf-HEA-DDRX-900C_TEM_DislocationCharacterization_0,matchanything|direct|none|s0,matchanything,core,962.0,225.0,59.228,0.2338877338877339,1877.6224880978514,1901.9142474864846,1877.6224880978514,0.20822924105973464,225.0
eval_MoTaTiZrHf-HEA-DDRX-900C_TEM_DislocationCharacterization_0#5,eval_MoTaTiZrHf-HEA-DDRX-900C_TEM_DislocationCharacterization_0,matchanything|direct|none|s0,matchanything,core,1176.0,402.0,59.227,0.34183673469387754,3550.0576118680183,3575.1539474417486,3550.0576118680183,0.3152815262387142,402.0
eval_MoTaTiZrHf-HEA-DDRX-900C_TEM_DislocationCharacterization_0#6,eval_MoTaTiZrHf-HEA-DDRX-900C_TEM_DislocationCharacterization_0,matchanything|direct|none|s0,matchanything,core,1238.0,396.0,59.227,0.3198707592891761,3464.6222642369935,3489.924369119361,3464.6222642369935,0.2944803052662688,396.0
eval_MoTaTiZrHf-HEA-DDRX-900C_TEM_DislocationCharacterization_0#7,eval_MoTaTiZrHf-HEA-DDRX-900C_TEM_DislocationCharacterization_0,matchanything|direct|none|s0,matchanything,core,1117.0,236.0,59.227,0.21128021486123547,1942.7413807598957,1967.6315569759388,1942.7413807598957,0.18835097908607204,236.0
eval_MoTaTiZrHf-HEA-DDRX-900C_TEM_DislocationCharacterization_0#8,eval_MoTaTiZrHf-HEA-DDRX-900C_TEM_DislocationCharacterization_0,matchanything|direct|none|s0,matchanything,core,747.0,254.0,59.226,0.34002677376171353,2235.138171179485,2258.4163333876872,2235.138171179485,0.3069514233566655,254.0
eval_MoTaTiZrHf-HEA-DDRX-900C_TEM_DislocationCharacterization_0#9,eval_MoTaTiZrHf-HEA-DDRX-900C_TEM_DislocationCharacterization_0,matchanything|direct|none|s0,matchanything,core,1132.0,403.0,59.226,0.35600706713780916,3579.2148029002396,3604.158408280627,3579.2148029002396,0.3286440374611937,403.0
eval_MoTaTiZrHf-HEA-DDRX-900C_TEM_DislocationCharacterization_0#10,eval_MoTaTiZrHf-HEA-DDRX-900C_TEM_DislocationCharacterization_0,matchanything|direct|none|s0,matchanything,core,1542.0,399.0,59.227,0.2587548638132296,3390.3894523982094,3416.5708467865484,3390.3894523982094,0.23751427170614736,399.0
eval_MoTaTiZrHf-HEA-DDRX-900C_TEM_DislocationCharacterization_0#11,eval_MoTaTiZrHf-HEA-DDRX-900C_TEM_DislocationCharacterization_0,matchanything|direct|none|s0,matchanything,core,1418.0,229.0,59.225,0.1614950634696756,1815.4903026234656,1841.3360248242311,1815.4903026234656,0.1432604110319653,229.0
eval_MoTaTiZrHf-HEA-DDRX-900C_TEM_DislocationCharacterization_0#12,eval_MoTaTiZrHf-HEA-DDRX-900C_TEM_DislocationCharacterization_0,matchanything|direct|none|s0,matchanything,core,616.0,209.0,59.227,0.3392857142857143,1835.7606280840546,1858.2658033491302,1835.7606280840546,0.3029951700230674,209.0
eval_MoTaTiZrHf-HEA-DDRX-900C_TEM_DislocationCharacterization_0#13,eval_MoTaTiZrHf-HEA-DDRX-900C_TEM_DislocationCharacterization_0,matchanything|direct|none|s0,matchanything,core,805.0,228.0,59.227,0.28322981366459626,1954.0950505554665,1977.672901593528,1954.0950505554665,0.2531912477568001,228.0
eval_MoTaTiZrHf-HEA-DDRX-900C_TEM_DislocationCharacterization_0#14,eval_MoTaTiZrHf-HEA-DDRX-900C_TEM_DislocationCharacterization_0,matchanything|direct|none|s0,matchanything,core,1194.0,237.0,59.227,0.1984924623115578,1934.2511675120618,1959.408340814744,1934.2511675120618,0.17685089005389706,237.0
eval_MoTaTiZrHf-HEA-DDRX-900C_TEM_DislocationCharacterization_0#15,eval_MoTaTiZrHf-HEA-DDRX-900C_TEM_DislocationCharacterization_0,matchanything|direct|none|s0,matchanything,core,976.0,395.0,59.227,0.4047131147540984,3572.0027165593606,3596.3523581722507,3572.0027165593606,0.37435127234166427,395.0
eval_MoTaTiZrHf-HEA-DDRX-900C_TEM_largeFOV-DislocationCharacterization_0#0,eval_MoTaTiZrHf-HEA-DDRX-900C_TEM_largeFOV-DislocationCharacterization_0,matchanything|direct|none|s0,matchanything,core,2506.0,483.0,510.141,0.19273743016759776,4615.517497715515,4643.642821057794,4615.517497715515,0.17776879179546087,483.0
eval_MoTaTiZrHf-HEA-DDRX-900C_TEM_largeFOV-DislocationCharacterization_0#1,eval_MoTaTiZrHf-HEA-DDRX-900C_TEM_largeFOV-DislocationCharacterization_0,matchanything|direct|none|s0,matchanything,core,1116.0,476.0,510.141,0.4265232974910394,5000.4286225662045,5025.315211334454,5000.4286225662045,0.39780754792547673,476.0
eval_MoTaTiZrHf-HEA-DDRX-900C_TEM_largeFOV-DislocationCharacterization_0#2,eval_MoTaTiZrHf-HEA-DDRX-900C_TEM_largeFOV-DislocationCharacterization_0,matchanything|direct|none|s0,matchanything,core,1140.0,455.0,510.141,0.3991228070175439,4739.842335634818,4764.814147417741,4739.842335634818,0.3710796401721428,455.0
eval_MoTaTiZrHf-HEA-DDRX-900C_TEM_largeFOV-DislocationCharacterization_0#3,eval_MoTaTiZrHf-HEA-DDRX-900C_TEM_largeFOV-DislocationCharacterization_0,matchanything|direct|none|s0,matchanything,core,2735.0,476.0,434.076,0.17404021937842779,4494.276395818627,4522.751694127038,4494.276395818627,0.16029068309294206,476.0
eval_MoTaTiZrHf-HEA-DDRX-900C_TEM_largeFOV-DislocationCharacterization_0#4,eval_MoTaTiZrHf-HEA-DDRX-900C_TEM_largeFOV-DislocationCharacterization_0,matchanything|direct|none|s0,matchanything,core,1169.0,452.0,434.076,0.3866552609067579,4690.137078931602,4715.209503225312,4690.137078931602,0.3591536623414246,452.0
eval_MoTaTiZrHf-HEA-DDRX-900C_TEM_largeFOV-DislocationCharacterization_0#5,eval_MoTaTiZrHf-HEA-DDRX-900C_TEM_largeFOV-DislocationCharacterization_0,matchanything|direct|none|s0,matchanything,core,1215.0,459.0,434.076,0.37777777777777777,4749.528987694303,4774.755988266923,4749.528987694303,0.3509416847041268,459.0
eval_MoTaTiZrHf-HEA-DDRX-900C_TEM_largeFOV-DislocationCharacterization_0#6,eval_MoTaTiZrHf-HEA-DDRX-900C_TEM_largeFOV-DislocationCharacterization_0,matchanything|direct|none|s0,matchanything,core,1140.0,474.0,510.141,0.41578947368421054,4963.568464913613,4988.540276696536,4963.568464913613,0.38750901680404354,474.0
eval_MoTaTiZrHf-HEA-DDRX-900C_TEM_largeFOV-DislocationCharacterization_0#7,eval_MoTaTiZrHf-HEA-DDRX-900C_TEM_largeFOV-DislocationCharacterization_0,matchanything|direct|none|s0,matchanything,core,1557.0,458.0,510.141,0.294155427103404,4598.675518783433,4624.895673185198,4598.675518783433,0.27205099198553295,458.0
eval_MoTaTiZrHf-HEA-DDRX-900C_TEM_largeFOV-DislocationCharacterization_0#8,eval_MoTaTiZrHf-HEA-DDRX-900C_TEM_largeFOV-DislocationCharacterization_0,matchanything|direct|none|s0,matchanything,core,2151.0,475.0,510.141,0.22082752208275222,4611.640380720163,4639.154288492476,4611.640380720163,0.20380419712124126,475.0
eval_MoTaTiZrHf-HEA-DDRX-900C_TEM_largeFOV-DislocationCharacterization_0#9,eval_MoTaTiZrHf-HEA-DDRX-900C_TEM_largeFOV-DislocationCharacterization_0,matchanything|direct|none|s0,matchanything,core,1177.0,446.0,434.076,0.37892948173322005,4616.220098918178,4641.319838750515,4616.220098918178,0.35165099901433644,446.0
eval_MoTaTiZrHf-HEA-DDRX-900C_TEM_largeFOV-DislocationCharacterization_0#10,eval_MoTaTiZrHf-HEA-DDRX-900C_TEM_largeFOV-DislocationCharacterization_0,matchanything|direct|none|s0,matchanything,core,2570.0,447.0,434.076,0.17392996108949416,4218.875073845194,4247.101329035527,4218.875073845194,0.15976476859710442,447.0
eval_MoTaTiZrHf-HEA-DDRX-900C_TEM_largeFOV-DislocationCharacterization_0#11,eval_MoTaTiZrHf-HEA-DDRX-900C_TEM_largeFOV-DislocationCharacterization_0,matchanything|direct|none|s0,matchanything,core,2400.0,489.0,434.076,0.20375,4703.608279927753,4731.560620946601,4703.608279927753,0.18811487591093728,489.0
eval_MoTaTiZrHf-HEA-DDRX-900C_TEM_largeFOV-DislocationCharacterization_0#12,eval_MoTaTiZrHf-HEA-DDRX-900C_TEM_largeFOV-DislocationCharacterization_0,matchanything|direct|none|s0,matchanything,core,1333.0,473.0,510.142,0.3548387096774194,4857.813721982748,4883.411912363288,4857.813721982748,0.3296041910677627,473.0
eval_MoTaTiZrHf-HEA-DDRX-900C_TEM_largeFOV-DislocationCharacterization_0#13,eval_MoTaTiZrHf-HEA-DDRX-900C_TEM_largeFOV-DislocationCharacterization_0,matchanything|direct|none|s0,matchanything,core,1634.0,481.0,510.141,0.29436964504283963,4830.984637212609,4857.398053888796,4830.984637212609,0.2727743848389373,481.0
eval_MoTaTiZrHf-HEA-DDRX-900C_TEM_largeFOV-DislocationCharacterization_0#14,eval_MoTaTiZrHf-HEA-DDRX-900C_TEM_largeFOV-DislocationCharacterization_0,matchanything|direct|none|s0,matchanything,core,2295.0,481.0,510.141,0.20958605664488017,4641.647639971981,4669.420922922507,4641.647639971981,0.19342623795561248,481.0
eval_MoTaTiZrHf-HEA-DDRX-900C_TEM_largeFOV-DislocationCharacterization_0#15,eval_MoTaTiZrHf-HEA-DDRX-900C_TEM_largeFOV-DislocationCharacterization_0,matchanything|direct|none|s0,matchanything,core,1295.0,470.0,434.076,0.36293436293436293,4840.104040255548,4865.586412937508,4840.104040255548,0.33718633820787947,470.0
eval_MoTaTiZrHf-HEA-DDRX-900C_TEM_largeFOV-DislocationCharacterization_0#16,eval_MoTaTiZrHf-HEA-DDRX-900C_TEM_largeFOV-DislocationCharacterization_0,matchanything|direct|none|s0,matchanything,core,2247.0,482.0,434.074,0.21450823319982198,4664.0046410800305,4691.693320723988,4664.0046410800305,0.19803071866984742,482.0
eval_MoTaTiZrHf-HEA-DDRX-900C_TEM_largeFOV-DislocationCharacterization_0#17,eval_MoTaTiZrHf-HEA-DDRX-900C_TEM_largeFOV-DislocationCharacterization_0,matchanything|direct|none|s0,matchanything,core,2504.0,492.0,434.091,0.1964856230031949,4712.520676994308,4740.6428048095195,4712.520676994308,0.18139252221067823,492.0
eval_TRIP1-Bainitic_LOM_SEM_EBSD_Multiscale_0#0,eval_TRIP1-Bainitic_LOM_SEM_EBSD_Multiscale_0,matchanything|direct|none|s0,matchanything,core,5879.0,72.0,99.523,0.012246980779044054,305.3748623830826,336.9123556020123,424.57924121416966,0.009736929134092244,72.0
eval_TRIP1-Bainitic_LOM_SEM_EBSD_Multiscale_0#1,eval_TRIP1-Bainitic_LOM_SEM_EBSD_Multiscale_0,matchanything|direct|none|s0,matchanything,core,8353.0,2805.0,4.189,0.33580749431342033,22774.469975051736,22807.412706955267,22960.263224016482,0.32575712559282516,2805.0
eval_TRIP1-Bainitic_LOM_SEM_EBSD_Multiscale_0#2,eval_TRIP1-Bainitic_LOM_SEM_EBSD_Multiscale_0,matchanything|direct|none|s0,matchanything,core,8125.0,724.0,13.892,0.0891076923076923,4791.90367046871,4824.735682099548,4779.473418591651,0.08310548571619321,724.0
eval_TRIP1-Bainitic_LOM_SEM_EBSD_Multiscale_0#3,eval_TRIP1-Bainitic_LOM_SEM_EBSD_Multiscale_0,matchanything|direct|none|s0,matchanything,core,125.0,4.0,3882.373,0.032,14.58020523538038,30.66695210804544,11.66894895719743,0.012513139138693485,4.0
eval_TRIP1-Bainitic_LOM_SEM_EBSD_Multiscale_0#4,eval_TRIP1-Bainitic_LOM_SEM_EBSD_Multiscale_0,matchanything|direct|none|s0,matchanything,core,163.0,4.0,1343.111,0.024539877300613498,12.43421231914936,29.594083205058887,9.525021572928072,0.0095835216909126,4.0
eval_TRIP1-Bainitic_LOM_SEM_EBSD_Multiscale_0#5,eval_TRIP1-Bainitic_LOM_SEM_EBSD_Multiscale_0,matchanything|direct|none|s0,matchanything,core,118.0,4.0,2339.856,0.03389830508474576,15.046997889649589,30.900324938034686,12.128512801283414,0.013259833647159604,4.0
eval_TRIP1-Bainitic_LOM_SEM_EBSD_Multiscale_0#6,eval_TRIP1-Bainitic_LOM_SEM_EBSD_Multiscale_0,matchanything|direct|none|s0,matchanything,core,,,inf,-inf,-inf,-inf,-inf,-inf,-inf
eval_Ta-AM-Spalled_SEM-BSE_EBSD_SameSliceSerialSectioning_0#0,eval_Ta-AM-Spalled_SEM-BSE_EBSD_SameSliceSerialSectioning_0,matchanything|direct|none|s0,matchanything,core,13.0,5.0,2500.395,0.38461538461538464,48.70153028103924,55.273812823733245,28.993298905883265,0.17709707797762572,5.0
eval_Ta-AM-Spalled_SEM-BSE_EBSD_SameSliceSerialSectioning_0#1,eval_Ta-AM-Spalled_SEM-BSE_EBSD_SameSliceSerialSectioning_0,matchanything|direct|none|s0,matchanything,core,113.0,7.0,1218.886,0.061946902654867256,47.352862581428106,63.03070600819235,19.777250418496543,0.030328174682617857,7.0
eval_Ta-AM-Spalled_SEM-BSE_EBSD_SameSliceSerialSectioning_0#2,eval_Ta-AM-Spalled_SEM-BSE_EBSD_SameSliceSerialSectioning_0,matchanything|direct|none|s0,matchanything,core,14.0,4.0,1302.516,0.2857142857142857,36.1296061365141,43.03836091582932,20.36352974909849,0.1172137864457692,4.0
eval_Ta-AM-Spalled_SEM-BSE_EBSD_SameSliceSerialSectioning_1#0,eval_Ta-AM-Spalled_SEM-BSE_EBSD_SameSliceSerialSectioning_1,matchanything|direct|none|s0,matchanything,core,111.0,7.0,1230.447,0.06306306306306306,47.55375079935675,63.15918664546689,19.751230139219068,0.030880657586432197,7.0
eval_Ta-AM-Spalled_SEM-BSE_EBSD_SameSliceSerialSectioning_1#1,eval_Ta-AM-Spalled_SEM-BSE_EBSD_SameSliceSerialSectioning_1,matchanything|direct|none|s0,matchanything,core,185.0,4.0,5392.609,0.021621621621621623,14.606171100226511,32.27690169248428,-1.2626998446533335,0.008439587582239267,4.0
eval_Ta-AM-Spalled_SEM-BSE_EBSD_SameSliceSerialSectioning_1#2,eval_Ta-AM-Spalled_SEM-BSE_EBSD_SameSliceSerialSectioning_1,matchanything|direct|none|s0,matchanything,core,404.0,3.0,1990.786,0.007425742574257425,0.44369460356412915,21.25640572904965,-11.420176331655048,0.002528571589040605,3.0
eval_Ta-AM-Spalled_SEM-BSE_EBSD_SameSliceSerialSectioning_2#0,eval_Ta-AM-Spalled_SEM-BSE_EBSD_SameSliceSerialSectioning_2,matchanything|direct|none|s0,matchanything,core,96.0,5.0,9276.78,0.052083333333333336,29.489661502332112,44.50572703047577,9.632853021026783,0.022449600474241438,5.0
eval_Ta-AM-Spalled_SEM-BSE_EBSD_SameSliceSerialSectioning_2#1,eval_Ta-AM-Spalled_SEM-BSE_EBSD_SameSliceSerialSectioning_2,matchanything|direct|none|s0,matchanything,core,174.0,6.0,221.17,0.034482758620689655,33.20977004567466,50.63322114235508,9.392046663237437,0.01589778684202911,6.0
eval_Ta-AM-Spalled_SEM-BSE_EBSD_SameSliceSerialSectioning_2#2,eval_Ta-AM-Spalled_SEM-BSE_EBSD_SameSliceSerialSectioning_2,matchanything|direct|none|s0,matchanything,core,638.0,5.0,2895.323,0.007836990595611285,12.301482406304892,34.947360077107184,-7.466416631466096,0.0033520054542480783,5.0
eval_Ti3AlC2-MAX-Phase_TEM_DislocationCharacterization_0#0,eval_Ti3AlC2-MAX-Phase_TEM_DislocationCharacterization_0,matchanything|direct|none|s0,matchanything,core,1948.0,253.0,34.904,0.12987679671457905,948.9481081597924,976.0652063378175,948.0895356213019,0.11567388147876392,253.0
eval_Ti3AlC2-MAX-Phase_TEM_DislocationCharacterization_0#1,eval_Ti3AlC2-MAX-Phase_TEM_DislocationCharacterization_0,matchanything|direct|none|s0,matchanything,core,3121.0,994.0,2.174,0.31848766421018904,4796.682518826241,4825.686176785195,4793.303785621766,0.30237434909603866,994.0
eval_Ti3AlC2-MAX-Phase_TEM_DislocationCharacterization_0#2,eval_Ti3AlC2-MAX-Phase_TEM_DislocationCharacterization_0,matchanything|direct|none|s0,matchanything,core,1399.0,163.0,12.33,0.11651179413867048,585.3977248937272,611.1894306034164,585.3977248937272,0.10073994073997232,163.0
eval_X2CrNi12-Ferritic_SEM-SE-Stitch_EBSD_Fatigue-SameSlice_0#0,eval_X2CrNi12-Ferritic_SEM-SE-Stitch_EBSD_Fatigue-SameSlice_0,matchanything|direct|none|s0,matchanything,core,5000.0,121.0,2598.184,0.0242,942.0174754754186,972.9069941306367,943.2871221456983,0.02029184139202983,121.0
eval_X2CrNi12-Ferritic_SEM-SE-Stitch_EBSD_Fatigue-SameSlice_0#1,eval_X2CrNi12-Ferritic_SEM-SE-Stitch_EBSD_Fatigue-SameSlice_0,matchanything|direct|none|s0,matchanything,core,86.0,4.0,3162.517,0.046511627906976744,21.79425368570115,36.36285581473685,11.876088869122185,0.01823396823832083,4.0
eval_X2CrNi12-Ferritic_SEM-SE-Stitch_EBSD_Fatigue-SameSlice_0#2,eval_X2CrNi12-Ferritic_SEM-SE-Stitch_EBSD_Fatigue-SameSlice_0,matchanything|direct|none|s0,matchanything,core,420.0,6.0,210.938,0.014285714285714285,25.802898818898697,46.77153827407413,10.933935885430582,0.00656328230121101,6.0
eval_X2CrNi12-Ferritic_SEM-SE-Stitch_EBSD_Fatigue-SameSlice_0#3,eval_X2CrNi12-Ferritic_SEM-SE-Stitch_EBSD_Fatigue-SameSlice_0,matchanything|direct|none|s0,matchanything,core,56.0,5.0,10330.175,0.08928571428571429,35.64211634095675,48.45602334669282,23.29560388603872,0.03874214844958693,5.0
eval_X2CrNi12-Ferritic_SEM-SE-Stitch_EBSD_Fatigue-SameSlice_0#4,eval_X2CrNi12-Ferritic_SEM-SE-Stitch_EBSD_Fatigue-SameSlice_0,matchanything|direct|none|s0,matchanything,core,115.0,5.0,466.743,0.043478260869565216,29.013863698396534,44.76282713481376,16.668938095961835,0.018712101106831382,5.0
eval_5842WCu-Spalled_SEM-SE_SEM-BSE_Multiscale_0#0,eval_5842WCu-Spalled_SEM-SE_SEM-BSE_Multiscale_0,ma_roma|direct|none|s0,ma_roma,core,10000.0,1120.0,110.994,0.112,5793.3218404206855,5826.984548008244,8896.610746514203,0.10596731357116432,1120.0
eval_5842WCu-Spalled_SEM-SE_SEM-BSE_Multiscale_0#0,eval_5842WCu-Spalled_SEM-SE_SEM-BSE_Multiscale_0,ma_roma|pyramid_v2|none|s0,ma_roma,core,10000.0,2427.0,96.341,0.2427,14642.906772447903,14676.569480035461,21370.26422240217,0.23439717203637742,2427.0
eval_5842WCu-Spalled_SEM-SE_SEM-BSE_Multiscale_0#0,eval_5842WCu-Spalled_SEM-SE_SEM-BSE_Multiscale_0,ma_roma|direct|invert|s0,ma_roma,transform,10000.0,509.0,228.913,0.0509,2199.9636066474495,2233.626314235008,3609.064777866264,0.046761955957285946,509.0
eval_5842WCu-Spalled_SEM-SE_SEM-BSE_Multiscale_0#0,eval_5842WCu-Spalled_SEM-SE_SEM-BSE_Multiscale_0,ma_roma|direct|histmatch|s0,ma_roma,transform,10000.0,911.0,205.377,0.0911,4508.761950604611,4542.42465819217,7032.5329175486795,0.08561609300517202,911.0
eval_5842WCu-Spalled_SEM-SE_SEM-BSE_Multiscale_0#0,eval_5842WCu-Spalled_SEM-SE_SEM-BSE_Multiscale_0,ma_roma|direct|clahe|s0,ma_roma,transform,10000.0,622.0,127.324,0.0622,2822.865617292307,2856.5283248798655,4545.294111002095,0.05763236397801853,622.0
eval_5842WCu-Spalled_SEM-SE_SEM-BSE_Multiscale_0#0,eval_5842WCu-Spalled_SEM-SE_SEM-BSE_Multiscale_0,ma_roma|direct|gradmag|s0,ma_roma,transform,10000.0,1403.0,82.807,0.1403,7601.830681306667,7635.493388894226,11489.825916961558,0.13363111376762415,1403.0
eval_AF9628-Martensitic_SEM-SE-Stitch_EBSD_SameSlice_0#0,eval_AF9628-Martensitic_SEM-SE-Stitch_EBSD_SameSlice_0,ma_roma|direct|none|s0,ma_roma,core,10000.0,1246.0,8.23,0.1246,10388.361473170518,10422.024180758077,12909.527036693496,0.11827071951562199,1246.0
eval_AF9628-Martensitic_SEM-SE-Stitch_EBSD_SameSlice_0#0,eval_AF9628-Martensitic_SEM-SE-Stitch_EBSD_SameSlice_0,ma_roma|pyramid_v2|none|s0,ma_roma,core,10000.0,1246.0,8.23,0.1246,10388.361473170518,10422.024180758077,12909.527036693496,0.11827071951562199,1246.0
eval_AF9628-Martensitic_SEM-SE-Stitch_EBSD_SameSlice_0#0,eval_AF9628-Martensitic_SEM-SE-Stitch_EBSD_SameSlice_0,ma_roma|direct|invert|s0,ma_roma,transform,10000.0,6376.0,5.648,0.6376,65971.63520952006,66005.29791710761,78873.28891289138,0.6281274032523847,6376.0
eval_AF9628-Martensitic_SEM-SE-Stitch_EBSD_SameSlice_0#0,eval_AF9628-Martensitic_SEM-SE-Stitch_EBSD_SameSlice_0,ma_roma|direct|histmatch|s0,ma_roma,transform,10000.0,273.0,15.284,0.0273,1824.1703300140232,1857.8330376015817,2376.4833454945533,0.024283092442663634,273.0
eval_AF9628-Martensitic_SEM-SE-Stitch_EBSD_SameSlice_0#0,eval_AF9628-Martensitic_SEM-SE-Stitch_EBSD_SameSlice_0,ma_roma|direct|clahe|s0,ma_roma,transform,10000.0,1486.0,9.208,0.1486,12676.417066022308,12710.079773609867,15683.219491729331,0.14176350035897953,1486.0
eval_AF9628-Martensitic_SEM-SE-Stitch_EBSD_SameSlice_0#0,eval_AF9628-Martensitic_SEM-SE-Stitch_EBSD_SameSlice_0,ma_roma|direct|gradmag|s0,ma_roma,transform,10000.0,7781.0,5.253,0.7781,83212.89233777406,83246.55504536162,98957.54524427738,0.769849948266021,7781.0
eval_AF9628-Martensitic_SEM-SE-Stitch_EBSD_SameSlice_0#1,eval_AF9628-Martensitic_SEM-SE-Stitch_EBSD_SameSlice_0,ma_roma|direct|none|s0,ma_roma,core,10000.0,490.0,21.026,0.049,3590.2242292813307,3623.8869368688893,4581.633759060546,0.044939516707863926,490.0
eval_AF9628-Martensitic_SEM-SE-Stitch_EBSD_SameSlice_0#1,eval_AF9628-Martensitic_SEM-SE-Stitch_EBSD_SameSlice_0,ma_roma|pyramid_v2|none|s0,ma_roma,core,10000.0,490.0,21.026,0.049,3590.2242292813307,3623.8869368688893,4581.633759060546,0.044939516707863926,490.0
eval_AF9628-Martensitic_SEM-SE-Stitch_EBSD_SameSlice_0#1,eval_AF9628-Martensitic_SEM-SE-Stitch_EBSD_SameSlice_0,ma_roma|direct|invert|s0,ma_roma,transform,10000.0,1441.0,12.247,0.1441,12243.739427302427,12277.402134889986,15159.484941024044,0.1373534107508981,1441.0
eval_AF9628-Martensitic_SEM-SE-Stitch_EBSD_SameSlice_0#1,eval_AF9628-Martensitic_SEM-SE-Stitch_EBSD_SameSlice_0,ma_roma|direct|histmatch|s0,ma_roma,transform,10000.0,144.0,45.439,0.0144,854.734105707338,888.3968132948966,1146.0176234644068,0.012244521370558361,144.0
eval_AF9628-Martensitic_SEM-SE-Stitch_EBSD_SameSlice_0#1,eval_AF9628-Martensitic_SEM-SE-Stitch_EBSD_SameSlice_0,ma_roma|direct|clahe|s0,ma_roma,transform,10000.0,155.0,149.148,0.0155,933.8617682340588,967.5244758216173,1247.403594437719,0.013258222525509154,155.0
eval_AF9628-Martensitic_SEM-SE-Stitch_EBSD_SameSlice_0#1,eval_AF9628-Martensitic_SEM-SE-Stitch_EBSD_SameSlice_0,ma_roma|direct|gradmag|s0,ma_roma,transform,10000.0,88.0,559.861,0.0088,466.78197979070177,500.4446873782603,644.750658065404,0.007148775894213397,88.0
eval_AF9628-Martensitic_SEM-SE-Stitch_EBSD_SameSlice_0#2,eval_AF9628-Martensitic_SEM-SE-Stitch_EBSD_SameSlice_0,ma_roma|direct|none|s0,ma_roma,core,10000.0,7646.0,5.578,0.7646,81512.66691081542,81546.32961840298,96984.14907533594,0.7561842508355671,7646.0
eval_AF9628-Martensitic_SEM-SE-Stitch_EBSD_SameSlice_0#2,eval_AF9628-Martensitic_SEM-SE-Stitch_EBSD_SameSlice_0,ma_roma|pyramid_v2|none|s0,ma_roma,core,10000.0,7646.0,5.578,0.7646,81512.66691081542,81546.32961840298,96984.14907533594,0.7561842508355671,7646.0
eval_AF9628-Martensitic_SEM-SE-Stitch_EBSD_SameSlice_0#2,eval_AF9628-Martensitic_SEM-SE-Stitch_EBSD_SameSlice_0,ma_roma|direct|invert|s0,ma_roma,transform,10000.0,6026.0,5.862,0.6026,61817.66833545698,61851.33104304454,74011.10159697087,0.5929710821649468,6026.0
eval_AF9628-Martensitic_SEM-SE-Stitch_EBSD_SameSlice_0#2,eval_AF9628-Martensitic_SEM-SE-Stitch_EBSD_SameSlice_0,ma_roma|direct|histmatch|s0,ma_roma,transform,10000.0,77.0,2364.805,0.0077,394.2440430941408,427.90675068169935,549.9545221665519,0.006165744043271591,77.0
eval_AF9628-Martensitic_SEM-SE-Stitch_EBSD_SameSlice_0#2,eval_AF9628-Martensitic_SEM-SE-Stitch_EBSD_SameSlice_0,ma_roma|direct|clahe|s0,ma_roma,transform,10000.0,127.0,187.451,0.0127,734.1429526889228,767.8056602764814,991.0272828284626,0.010684882862923495,127.0
eval_AF9628-Martensitic_SEM-SE-Stitch_EBSD_SameSlice_0#2,eval_AF9628-Martensitic_SEM-SE-Stitch_EBSD_SameSlice_0,ma_roma|direct|gradmag|s0,ma_roma,transform,10000.0,6565.0,5.521,0.6565,68236.69639725484,68270.3591048424,81520.78913926927,0.6471340877903519,6565.0
eval_AF9628-Martensitic_SEM-SE-Stitch_EBSD_SameSlice_1#0,eval_AF9628-Martensitic_SEM-SE-Stitch_EBSD_SameSlice_1,ma_roma|direct|none|s0,ma_roma,core,10000.0,4020.0,5.99,0.402,38904.04000252465,38937.70271011221,46025.79546958262,0.39242966179080085,4020.0
eval_AF9628-Martensitic_SEM-SE-Stitch_EBSD_SameSlice_1#0,eval_AF9628-Martensitic_SEM-SE-Stitch_EBSD_SameSlice_1,ma_roma|pyramid_v2|none|s0,ma_roma,core,10000.0,4020.0,5.99,0.402,38904.04000252465,38937.70271011221,46025.79546958262,0.39242966179080085,4020.0
eval_AF9628-Martensitic_SEM-SE-Stitch_EBSD_SameSlice_1#0,eval_AF9628-Martensitic_SEM-SE-Stitch_EBSD_SameSlice_1,ma_roma|direct|invert|s0,ma_roma,transform,10000.0,7359.0,4.476,0.7359,77803.18571498782,77836.84842257538,90840.3302415849,0.7271700429333285,7359.0
eval_AF9628-Martensitic_SEM-SE-Stitch_EBSD_SameSlice_1#0,eval_AF9628-Martensitic_SEM-SE-Stitch_EBSD_SameSlice_1,ma_roma|direct|histmatch|s0,ma_roma,transform,10000.0,1510.0,31.204,0.151,12881.549387944355,12915.212095531913,15556.576363384454,0.14411645408441567,1510.0
eval_AF9628-Martensitic_SEM-SE-Stitch_EBSD_SameSlice_1#0,eval_AF9628-Martensitic_SEM-SE-Stitch_EBSD_SameSlice_1,ma_roma|direct|clahe|s0,ma_roma,transform,10000.0,2203.0,7.71,0.2203,19726.34029757092,19760.00300515848,23629.089512805072,0.21228520431794953,2203.0
eval_AF9628-Martensitic_SEM-SE-Stitch_EBSD_SameSlice_1#0,eval_AF9628-Martensitic_SEM-SE-Stitch_EBSD_SameSlice_1,ma_roma|direct|gradmag|s0,ma_roma,transform,10000.0,8196.0,4.45,0.8196,88365.16671854112,88398.82942612868,102885.1446226414,0.8119412630209216,8196.0
eval_AF9628-Martensitic_SEM-SE-Stitch_EBSD_SameSlice_1#1,eval_AF9628-Martensitic_SEM-SE-Stitch_EBSD_SameSlice_1,ma_roma|direct|none|s0,ma_roma,core,10000.0,1366.0,13.98,0.1366,11502.500629960288,11536.163337547847,13922.416493196544,0.13000839283267326,1366.0
eval_AF9628-Martensitic_SEM-SE-Stitch_EBSD_SameSlice_1#1,eval_AF9628-Martensitic_SEM-SE-Stitch_EBSD_SameSlice_1,ma_roma|pyramid_v2|none|s0,ma_roma,core,10000.0,1366.0,13.98,0.1366,11502.500629960288,11536.163337547847,13922.416493196544,0.13000839283267326,1366.0
eval_AF9628-Martensitic_SEM-SE-Stitch_EBSD_SameSlice_1#1,eval_AF9628-Martensitic_SEM-SE-Stitch_EBSD_SameSlice_1,ma_roma|direct|invert|s0,ma_roma,transform,10000.0,1504.0,7.462,0.1504,12823.75693380852,12857.419641396078,15488.15427954772,0.14352815759883644,1504.0
eval_AF9628-Martensitic_SEM-SE-Stitch_EBSD_SameSlice_1#1,eval_AF9628-Martensitic_SEM-SE-Stitch_EBSD_SameSlice_1,ma_roma|direct|histmatch|s0,ma_roma,transform,10000.0,679.0,105.556,0.0679,5202.938582343505,5236.601289931064,6405.761887056297,0.06313331677397152,679.0
eval_AF9628-Martensitic_SEM-SE-Stitch_EBSD_SameSlice_1#1,eval_AF9628-Martensitic_SEM-SE-Stitch_EBSD_SameSlice_1,ma_roma|direct|clahe|s0,ma_roma,transform,10000.0,391.0,52.858,0.0391,2761.725815392874,2795.3885229804328,3454.326986651017,0.035474538349595804,391.0
eval_AF9628-Martensitic_SEM-SE-Stitch_EBSD_SameSlice_1#1,eval_AF9628-Martensitic_SEM-SE-Stitch_EBSD_SameSlice_1,ma_roma|direct|gradmag|s0,ma_roma,transform,10000.0,160.0,220.664,0.016,967.3101745359089,1000.9728821234675,1250.6709463707236,0.013720046519002556,160.0
eval_AF9628-Martensitic_SEM-SE-Stitch_EBSD_SameSlice_1#2,eval_AF9628-Martensitic_SEM-SE-Stitch_EBSD_SameSlice_1,ma_roma|direct|none|s0,ma_roma,core,10000.0,8041.0,4.598,0.8041,86377.59175168913,86411.2544592767,100622.97088215665,0.7962049046538964,8041.0
eval_AF9628-Martensitic_SEM-SE-Stitch_EBSD_SameSlice_1#2,eval_AF9628-Martensitic_SEM-SE-Stitch_EBSD_SameSlice_1,ma_roma|pyramid_v2|none|s0,ma_roma,core,10000.0,8041.0,4.598,0.8041,86377.59175168913,86411.2544592767,100622.97088215665,0.7962049046538964,8041.0
eval_AF9628-Martensitic_SEM-SE-Stitch_EBSD_SameSlice_1#2,eval_AF9628-Martensitic_SEM-SE-Stitch_EBSD_SameSlice_1,ma_roma|direct|invert|s0,ma_roma,transform,10000.0,7193.0,4.671,0.7193,75754.17752006825,75787.8402276558,88497.23561818922,0.7104101519666586,7193.0
eval_AF9628-Martensitic_SEM-SE-Stitch_EBSD_SameSlice_1#2,eval_AF9628-Martensitic_SEM-SE-Stitch_EBSD_SameSlice_1,ma_roma|direct|histmatch|s0,ma_roma,transform,10000.0,7395.0,4.574,0.7395,78249.40057236142,78283.06327994898,91350.32287862981,0.7308067645668846,7395.0
eval_AF9628-Martensitic_SEM-SE-Stitch_EBSD_SameSlice_1#2,eval_AF9628-Martensitic_SEM-SE-Stitch_EBSD_SameSlice_1,ma_roma|direct|clahe|s0,ma_roma,transform,10000.0,7804.0,4.663,0.7804,83367.74056526384,83401.4032728514,97193.24931283938,0.7721793966316547,7804.0
eval_AF9628-Martensitic_SEM-SE-Stitch_EBSD_SameSlice_1#2,eval_AF9628-Martensitic_SEM-SE-Stitch_EBSD_SameSlice_1,ma_roma|direct|gradmag|s0,ma_roma,transform,10000.0,6114.0,4.477,0.6114,62750.77602049081,62784.43872807837,73582.27233391804,0.6018054678654077,6114.0
eval_AF9628-Martensitic_SEM-SE-Stitch_EBSD_SameSlice_2#0,eval_AF9628-Martensitic_SEM-SE-Stitch_EBSD_SameSlice_2,ma_roma|direct|none|s0,ma_roma,core,10000.0,5086.0,4.285,0.5086,50828.056655515386,50861.719363102944,59550.781712872034,0.4988002082910248,5086.0
eval_AF9628-Martensitic_SEM-SE-Stitch_EBSD_SameSlice_2#0,eval_AF9628-Martensitic_SEM-SE-Stitch_EBSD_SameSlice_2,ma_roma|pyramid_v2|none|s0,ma_roma,core,10000.0,5086.0,4.285,0.5086,50828.056655515386,50861.719363102944,59550.781712872034,0.4988002082910248,5086.0
eval_AF9628-Martensitic_SEM-SE-Stitch_EBSD_SameSlice_2#0,eval_AF9628-Martensitic_SEM-SE-Stitch_EBSD_SameSlice_2,ma_roma|direct|invert|s0,ma_roma,transform,10000.0,9539.0,3.679,0.9539,106483.16785013057,106516.83055771813,122843.07719364311,0.9496127203889894,9539.0
eval_AF9628-Martensitic_SEM-SE-Stitch_EBSD_SameSlice_2#0,eval_AF9628-Martensitic_SEM-SE-Stitch_EBSD_SameSlice_2,ma_roma|direct|histmatch|s0,ma_roma,transform,10000.0,2531.0,5.297,0.2531,23071.03119372949,23104.69390131705,27411.76528112528,0.2446742346551178,2531.0
eval_AF9628-Martensitic_SEM-SE-Stitch_EBSD_SameSlice_2#0,eval_AF9628-Martensitic_SEM-SE-Stitch_EBSD_SameSlice_2,ma_roma|direct|clahe|s0,ma_roma,transform,10000.0,6735.0,4.184,0.6735,70177.08177727734,70210.7444848649,81727.94895946294,0.664243990207701,6735.0
eval_AF9628-Martensitic_SEM-SE-Stitch_EBSD_SameSlice_2#0,eval_AF9628-Martensitic_SEM-SE-Stitch_EBSD_SameSlice_2,ma_roma|direct|gradmag|s0,ma_roma,transform,10000.0,9761.0,3.569,0.9761,109745.35874923054,109779.0214568181,126486.01251503303,0.9729185718499892,9761.0
eval_AF9628-Martensitic_SEM-SE-Stitch_EBSD_SameSlice_2#1,eval_AF9628-Martensitic_SEM-SE-Stitch_EBSD_SameSlice_2,ma_roma|direct|none|s0,ma_roma,core,10000.0,805.0,36.176,0.0805,6317.139334033045,6350.802041620604,7697.671370281221,0.07532728824628389,805.0
eval_AF9628-Martensitic_SEM-SE-Stitch_EBSD_SameSlice_2#1,eval_AF9628-Martensitic_SEM-SE-Stitch_EBSD_SameSlice_2,ma_roma|pyramid_v2|none|s0,ma_roma,core,10000.0,805.0,36.176,0.0805,6317.139334033045,6350.802041620604,7697.671370281221,0.07532728824628389,805.0
eval_AF9628-Martensitic_SEM-SE-Stitch_EBSD_SameSlice_2#1,eval_AF9628-Martensitic_SEM-SE-Stitch_EBSD_SameSlice_2,ma_roma|direct|invert|s0,ma_roma,transform,10000.0,131.0,74.918,0.0131,760.173924820605,793.8366324081635,984.7527783806601,0.011051026492993674,131.0
eval_AF9628-Martensitic_SEM-SE-Stitch_EBSD_SameSlice_2#1,eval_AF9628-Martensitic_SEM-SE-Stitch_EBSD_SameSlice_2,ma_roma|direct|histmatch|s0,ma_roma,transform,10000.0,217.0,453.257,0.0217,1389.7552354963059,1423.4179430838644,1761.8293908731628,0.01902260420448802,217.0
eval_AF9628-Martensitic_SEM-SE-Stitch_EBSD_SameSlice_2#1,eval_AF9628-Martensitic_SEM-SE-Stitch_EBSD_SameSlice_2,ma_roma|direct|clahe|s0,ma_roma,transform,10000.0,401.0,73.882,0.0401,2843.863793723607,2877.5265013111657,3531.5097025445584,0.036427958323164145,401.0
eval_AF9628-Martensitic_SEM-SE-Stitch_EBSD_SameSlice_2#1,eval_AF9628-Martensitic_SEM-SE-Stitch_EBSD_SameSlice_2,ma_roma|direct|gradmag|s0,ma_roma,transform,10000.0,87.0,1102.876,0.0087,458.7024261918923,492.36513377945084,607.818782977055,0.00705909206294159,87.0
eval_AF9628-Martensitic_SEM-SE-Stitch_EBSD_SameSlice_2#2,eval_AF9628-Martensitic_SEM-SE-Stitch_EBSD_SameSlice_2,ma_roma|direct|none|s0,ma_roma,core,10000.0,9320.0,3.962,0.932,103379.41982698506,103413.08253457262,119363.7299431141,0.9268981427551122,9320.0
eval_AF9628-Martensitic_SEM-SE-Stitch_EBSD_SameSlice_2#2,eval_AF9628-Martensitic_SEM-SE-Stitch_EBSD_SameSlice_2,ma_roma|pyramid_v2|none|s0,ma_roma,core,10000.0,9320.0,3.962,0.932,103379.41982698506,103413.08253457262,119363.7299431141,0.9268981427551122,9320.0
eval_AF9628-Martensitic_SEM-SE-Stitch_EBSD_SameSlice_2#2,eval_AF9628-Martensitic_SEM-SE-Stitch_EBSD_SameSlice_2,ma_roma|direct|invert|s0,ma_roma,transform,10000.0,8703.0,4.0,0.8703,94995.58444139102,95029.24714897858,109921.69947404193,0.8635725830966354,8703.0
eval_AF9628-Martensitic_SEM-SE-Stitch_EBSD_SameSlice_2#2,eval_AF9628-Martensitic_SEM-SE-Stitch_EBSD_SameSlice_2,ma_roma|direct|histmatch|s0,ma_roma,transform,10000.0,8814.0,3.878,0.8814,96473.61746715725,96507.28017474481,111590.10471092883,0.8749161657494907,8814.0
eval_AF9628-Martensitic_SEM-SE-Stitch_EBSD_SameSlice_2#2,eval_AF9628-Martensitic_SEM-SE-Stitch_EBSD_SameSlice_2,ma_roma|direct|clahe|s0,ma_roma,transform,10000.0,9230.0,3.86,0.923,102127.44454496808,102161.10725255564,117957.3988142304,0.9176109510321446,9230.0
eval_AF9628-Martensitic_SEM-SE-Stitch_EBSD_SameSlice_2#2,eval_AF9628-Martensitic_SEM-SE-Stitch_EBSD_SameSlice_2,ma_roma|direct|gradmag|s0,ma_roma,transform,10000.0,7320.0,3.651,0.732,77327.88050393795,77361.54321152551,89882.06069027417,0.7232310966558667,7320.0
eval_AF9628-Martensitic_SEM-SE-Stitch_EBSD_SameSlice_3#0,eval_AF9628-Martensitic_SEM-SE-Stitch_EBSD_SameSlice_3,ma_roma|direct|none|s0,ma_roma,core,10000.0,1121.0,20.042,0.1121,11178.547240183003,11212.209947770561,9197.023338189585,0.10606486666730497,1121.0
eval_AF9628-Martensitic_SEM-SE-Stitch_EBSD_SameSlice_3#0,eval_AF9628-Martensitic_SEM-SE-Stitch_EBSD_SameSlice_3,ma_roma|pyramid_v2|none|s0,ma_roma,core,10000.0,1121.0,20.042,0.1121,11178.547240183003,11212.209947770561,9197.023338189585,0.10606486666730497,1121.0
eval_AF9628-Martensitic_SEM-SE-Stitch_EBSD_SameSlice_3#0,eval_AF9628-Martensitic_SEM-SE-Stitch_EBSD_SameSlice_3,ma_roma|direct|invert|s0,ma_roma,transform,10000.0,4361.0,14.713,0.4361,50373.451708061024,50407.11441564858,42664.49687628358,0.42640691182030455,4361.0
eval_AF9628-Martensitic_SEM-SE-Stitch_EBSD_SameSlice_3#0,eval_AF9628-Martensitic_SEM-SE-Stitch_EBSD_SameSlice_3,ma_roma|direct|histmatch|s0,ma_roma,transform,10000.0,845.0,20.316,0.0845,8167.640644082314,8201.303351669872,6674.00898383426,0.07920689375256254,845.0
eval_AF9628-Martensitic_SEM-SE-Stitch_EBSD_SameSlice_3#0,eval_AF9628-Martensitic_SEM-SE-Stitch_EBSD_SameSlice_3,ma_roma|direct|clahe|s0,ma_roma,transform,10000.0,887.0,26.229,0.0887,8620.094041198352,8653.75674878591,7052.217910506908,0.08328439209000256,887.0
eval_AF9628-Martensitic_SEM-SE-Stitch_EBSD_SameSlice_3#0,eval_AF9628-Martensitic_SEM-SE-Stitch_EBSD_SameSlice_3,ma_roma|direct|gradmag|s0,ma_roma,transform,10000.0,5497.0,14.743,0.5497,65254.62718465989,65288.28989224745,55537.53605841919,0.5399314821507782,5497.0
eval_AF9628-Martensitic_SEM-SE-Stitch_EBSD_SameSlice_3#1,eval_AF9628-Martensitic_SEM-SE-Stitch_EBSD_SameSlice_3,ma_roma|direct|none|s0,ma_roma,core,10000.0,434.0,21.406,0.0434,3881.877737917886,3915.5404455054445,3114.781197671116,0.03957871168152834,434.0
eval_AF9628-Martensitic_SEM-SE-Stitch_EBSD_SameSlice_3#1,eval_AF9628-Martensitic_SEM-SE-Stitch_EBSD_SameSlice_3,ma_roma|pyramid_v2|none|s0,ma_roma,core,10000.0,434.0,21.406,0.0434,3881.877737917886,3915.5404455054445,3114.781197671116,0.03957871168152834,434.0
eval_AF9628-Martensitic_SEM-SE-Stitch_EBSD_SameSlice_3#1,eval_AF9628-Martensitic_SEM-SE-Stitch_EBSD_SameSlice_3,ma_roma|direct|invert|s0,ma_roma,transform,10000.0,14.0,3541.68,0.0014,46.40549157883096,80.0681991663895,21.747466270915588,0.000834162028874972,14.0
eval_AF9628-Martensitic_SEM-SE-Stitch_EBSD_SameSlice_3#1,eval_AF9628-Martensitic_SEM-SE-Stitch_EBSD_SameSlice_3,ma_roma|direct|histmatch|s0,ma_roma,transform,10000.0,214.0,72.215,0.0214,1744.9847045966758,1778.6474121842343,1366.7875723913435,0.01874204184982402,214.0
eval_AF9628-Martensitic_SEM-SE-Stitch_EBSD_SameSlice_3#1,eval_AF9628-Martensitic_SEM-SE-Stitch_EBSD_SameSlice_3,ma_roma|direct|clahe|s0,ma_roma,transform,10000.0,380.0,28.896,0.038,3343.5723974178936,3377.235105005452,2671.933008915828,0.03442655164221639,380.0
eval_AF9628-Martensitic_SEM-SE-Stitch_EBSD_SameSlice_3#1,eval_AF9628-Martensitic_SEM-SE-Stitch_EBSD_SameSlice_3,ma_roma|direct|gradmag|s0,ma_roma,transform,10000.0,649.0,20.337,0.0649,6088.224726331134,6121.887433918692,4941.067252255205,0.06023675635244411,649.0
eval_AF9628-Martensitic_SEM-SE-Stitch_EBSD_SameSlice_3#2,eval_AF9628-Martensitic_SEM-SE-Stitch_EBSD_SameSlice_3,ma_roma|direct|none|s0,ma_roma,core,10000.0,4716.0,15.588,0.4716,54968.20296298276,55001.86567057032,46631.705539422306,0.46182877930866173,4716.0
eval_AF9628-Martensitic_SEM-SE-Stitch_EBSD_SameSlice_3#2,eval_AF9628-Martensitic_SEM-SE-Stitch_EBSD_SameSlice_3,ma_roma|pyramid_v2|none|s0,ma_roma,core,10000.0,4716.0,15.588,0.4716,54968.20296298276,55001.86567057032,46631.705539422306,0.46182877930866173,4716.0
eval_AF9628-Martensitic_SEM-SE-Stitch_EBSD_SameSlice_3#2,eval_AF9628-Martensitic_SEM-SE-Stitch_EBSD_SameSlice_3,ma_roma|direct|invert|s0,ma_roma,transform,10000.0,3691.0,15.16,0.3691,41842.39930958257,41876.06201717013,35317.820636071556,0.3596939246485502,3691.0
eval_AF9628-Martensitic_SEM-SE-Stitch_EBSD_SameSlice_3#2,eval_AF9628-Martensitic_SEM-SE-Stitch_EBSD_SameSlice_3,ma_roma|direct|histmatch|s0,ma_roma,transform,10000.0,3601.0,15.272,0.3601,40710.85306403884,40744.5157716264,34345.36969525567,0.35074697598887117,3601.0
eval_AF9628-Martensitic_SEM-SE-Stitch_EBSD_SameSlice_3#2,eval_AF9628-Martensitic_SEM-SE-Stitch_EBSD_SameSlice_3,ma_roma|direct|clahe|s0,ma_roma,transform,10000.0,4620.0,15.556,0.462,53720.667407275076,53754.330114862634,45553.871642362894,0.4522449802801666,4620.0
eval_AF9628-Martensitic_SEM-SE-Stitch_EBSD_SameSlice_3#2,eval_AF9628-Martensitic_SEM-SE-Stitch_EBSD_SameSlice_3,ma_roma|direct|gradmag|s0,ma_roma,transform,10000.0,1948.0,14.255,0.1948,20613.502024414498,20647.164732002057,17170.069075060765,0.187155430005735,1948.0
eval_AF9628-Martensitic_SEM-SE-Stitch_EBSD_SameSlice_4#0,eval_AF9628-Martensitic_SEM-SE-Stitch_EBSD_SameSlice_4,ma_roma|direct|none|s0,ma_roma,core,10000.0,3970.0,8.149,0.397,38362.340611641564,38396.00331922912,45714.47454598974,0.38745167832956867,3970.0
eval_AF9628-Martensitic_SEM-SE-Stitch_EBSD_SameSlice_4#0,eval_AF9628-Martensitic_SEM-SE-Stitch_EBSD_SameSlice_4,ma_roma|pyramid_v2|none|s0,ma_roma,core,10000.0,3970.0,8.149,0.397,38362.340611641564,38396.00331922912,45714.47454598974,0.38745167832956867,3970.0
eval_AF9628-Martensitic_SEM-SE-Stitch_EBSD_SameSlice_4#0,eval_AF9628-Martensitic_SEM-SE-Stitch_EBSD_SameSlice_4,ma_roma|direct|invert|s0,ma_roma,transform,10000.0,8225.0,6.103,0.8225,88751.1798456314,88784.84255321896,103983.35074741364,0.8148877228817009,8225.0
eval_AF9628-Martensitic_SEM-SE-Stitch_EBSD_SameSlice_4#0,eval_AF9628-Martensitic_SEM-SE-Stitch_EBSD_SameSlice_4,ma_roma|direct|histmatch|s0,ma_roma,transform,10000.0,2774.0,6.616,0.2774,25585.742702157004,25619.405409744562,30722.947333789074,0.2687116825041226,2774.0
eval_AF9628-Martensitic_SEM-SE-Stitch_EBSD_SameSlice_4#0,eval_AF9628-Martensitic_SEM-SE-Stitch_EBSD_SameSlice_4,ma_roma|direct|clahe|s0,ma_roma,transform,10000.0,4040.0,5.964,0.404,39129.47629010592,39163.13899769348,46611.24655507566,0.39442114636500036,4040.0
eval_AF9628-Martensitic_SEM-SE-Stitch_EBSD_SameSlice_4#0,eval_AF9628-Martensitic_SEM-SE-Stitch_EBSD_SameSlice_4,ma_roma|direct|gradmag|s0,ma_roma,transform,10000.0,8204.0,6.214,0.8204,88480.52307443814,88514.1857820257,103673.80307693615,0.8127540066252168,8204.0
eval_AF9628-Martensitic_SEM-SE-Stitch_EBSD_SameSlice_4#1,eval_AF9628-Martensitic_SEM-SE-Stitch_EBSD_SameSlice_4,ma_roma|direct|none|s0,ma_roma,core,10000.0,1711.0,12.453,0.1711,14835.855726120188,14869.518433707746,18004.440095322647,0.16384548144319974,1711.0
eval_AF9628-Martensitic_SEM-SE-Stitch_EBSD_SameSlice_4#1,eval_AF9628-Martensitic_SEM-SE-Stitch_EBSD_SameSlice_4,ma_roma|pyramid_v2|none|s0,ma_roma,core,10000.0,1711.0,12.453,0.1711,14835.855726120188,14869.518433707746,18004.440095322647,0.16384548144319974,1711.0
eval_AF9628-Martensitic_SEM-SE-Stitch_EBSD_SameSlice_4#1,eval_AF9628-Martensitic_SEM-SE-Stitch_EBSD_SameSlice_4,ma_roma|direct|invert|s0,ma_roma,transform,10000.0,3261.0,7.48,0.3261,30710.278288768386,30743.940996355945,36749.38138971209,0.3169802939572961,3261.0
eval_AF9628-Martensitic_SEM-SE-Stitch_EBSD_SameSlice_4#1,eval_AF9628-Martensitic_SEM-SE-Stitch_EBSD_SameSlice_4,ma_roma|direct|histmatch|s0,ma_roma,transform,10000.0,456.0,12.614,0.0456,3298.1779613531758,3331.8406689407343,4142.568266843952,0.04168275313833824,456.0
eval_AF9628-Martensitic_SEM-SE-Stitch_EBSD_SameSlice_4#1,eval_AF9628-Martensitic_SEM-SE-Stitch_EBSD_SameSlice_4,ma_roma|direct|clahe|s0,ma_roma,transform,10000.0,733.0,6.957,0.0733,5678.367668334359,5712.030375921918,7035.747374309771,0.06835398448642312,733.0
eval_AF9628-Martensitic_SEM-SE-Stitch_EBSD_SameSlice_4#1,eval_AF9628-Martensitic_SEM-SE-Stitch_EBSD_SameSlice_4,ma_roma|direct|gradmag|s0,ma_roma,transform,10000.0,438.0,40.202,0.0438,3148.75319115975,3182.4158987473083,3959.808448890965,0.03996106261277299,438.0
eval_AF9628-Martensitic_SEM-SE-Stitch_EBSD_SameSlice_4#2,eval_AF9628-Martensitic_SEM-SE-Stitch_EBSD_SameSlice_4,ma_roma|direct|none|s0,ma_roma,core,10000.0,7645.0,6.298,0.7645,81378.51834634367,81412.18105393123,95536.55964890831,0.7560830679393595,7645.0
eval_AF9628-Martensitic_SEM-SE-Stitch_EBSD_SameSlice_4#2,eval_AF9628-Martensitic_SEM-SE-Stitch_EBSD_SameSlice_4,ma_roma|pyramid_v2|none|s0,ma_roma,core,10000.0,7645.0,6.298,0.7645,81378.51834634367,81412.18105393123,95536.55964890831,0.7560830679393595,7645.0
eval_AF9628-Martensitic_SEM-SE-Stitch_EBSD_SameSlice_4#2,eval_AF9628-Martensitic_SEM-SE-Stitch_EBSD_SameSlice_4,ma_roma|direct|invert|s0,ma_roma,transform,10000.0,7561.0,6.824,0.7561,80327.1191472546,80360.78185484216,94329.59685270267,0.7475859654113405,7561.0
eval_AF9628-Martensitic_SEM-SE-Stitch_EBSD_SameSlice_4#2,eval_AF9628-Martensitic_SEM-SE-Stitch_EBSD_SameSlice_4,ma_roma|direct|histmatch|s0,ma_roma,transform,10000.0,6412.0,6.278,0.6412,66299.89094215597,66333.55364974352,78174.480873134,0.6317464928579908,6412.0
eval_AF9628-Martensitic_SEM-SE-Stitch_EBSD_SameSlice_4#2,eval_AF9628-Martensitic_SEM-SE-Stitch_EBSD_SameSlice_4,ma_roma|direct|clahe|s0,ma_roma,transform,10000.0,7434.0,6.484,0.7434,78744.74098524776,78778.40369283532,92512.02134744238,0.7347473936071636,7434.0
eval_AF9628-Martensitic_SEM-SE-Stitch_EBSD_SameSlice_4#2,eval_AF9628-Martensitic_SEM-SE-Stitch_EBSD_SameSlice_4,ma_roma|direct|gradmag|s0,ma_roma,transform,10000.0,6617.0,6.218,0.6617,68757.40717563976,68791.06988322732,81011.64636135973,0.6523662795053313,6617.0
eval_C103_SEM-SE_LOM-DC-Height_FractureSurfaces_0#0,eval_C103_SEM-SE_LOM-DC-Height_FractureSurfaces_0,ma_roma|direct|none|s0,ma_roma,core,10000.0,4628.0,11.955,0.4628,46372.91570827973,46406.57841586729,38330.95983420015,0.4530434913008985,4628.0
eval_C103_SEM-SE_LOM-DC-Height_FractureSurfaces_0#0,eval_C103_SEM-SE_LOM-DC-Height_FractureSurfaces_0,ma_roma|pyramid_v2|none|s0,ma_roma,core,10000.0,4628.0,11.955,0.4628,46372.91570827973,46406.57841586729,38330.95983420015,0.4530434913008985,4628.0
eval_C103_SEM-SE_LOM-DC-Height_FractureSurfaces_0#0,eval_C103_SEM-SE_LOM-DC-Height_FractureSurfaces_0,ma_roma|direct|invert|s0,ma_roma,transform,10000.0,4925.0,14.318,0.4925,49767.19447750876,49800.85718509632,41209.119486511205,0.48270604370992337,4925.0
eval_C103_SEM-SE_LOM-DC-Height_FractureSurfaces_0#0,eval_C103_SEM-SE_LOM-DC-Height_FractureSurfaces_0,ma_roma|direct|histmatch|s0,ma_roma,transform,10000.0,3101.0,12.572,0.3101,29496.779156339453,29530.44186392701,24108.40539027793,0.3011088627569958,3101.0
eval_C103_SEM-SE_LOM-DC-Height_FractureSurfaces_0#0,eval_C103_SEM-SE_LOM-DC-Height_FractureSurfaces_0,ma_roma|direct|clahe|s0,ma_roma,transform,10000.0,6487.0,11.951,0.6487,68206.17347923086,68239.83618681841,56933.694234551665,0.6392881145591346,6487.0
eval_C103_SEM-SE_LOM-DC-Height_FractureSurfaces_0#0,eval_C103_SEM-SE_LOM-DC-Height_FractureSurfaces_0,ma_roma|direct|gradmag|s0,ma_roma,transform,10000.0,3968.0,13.172,0.3968,38957.841304527006,38991.504012114565,32062.81679812256,0.3872525806873457,3968.0
eval_C103_SEM-SE_LOM-DC-Height_FractureSurfaces_0#1,eval_C103_SEM-SE_LOM-DC-Height_FractureSurfaces_0,ma_roma|direct|none|s0,ma_roma,core,10000.0,2065.0,19.674,0.2065,18662.95474099742,18696.617448584977,15074.915618145402,0.19867962019268642,2065.0
eval_C103_SEM-SE_LOM-DC-Height_FractureSurfaces_0#1,eval_C103_SEM-SE_LOM-DC-Height_FractureSurfaces_0,ma_roma|pyramid_v2|none|s0,ma_roma,core,10000.0,2065.0,19.674,0.2065,18662.95474099742,18696.617448584977,15074.915618145402,0.19867962019268642,2065.0
eval_C103_SEM-SE_LOM-DC-Height_FractureSurfaces_0#1,eval_C103_SEM-SE_LOM-DC-Height_FractureSurfaces_0,ma_roma|direct|invert|s0,ma_roma,transform,10000.0,2463.0,33.679,0.2463,22757.67821094011,22791.34091852767,18478.00474423727,0.23795387070003676,2463.0
eval_C103_SEM-SE_LOM-DC-Height_FractureSurfaces_0#1,eval_C103_SEM-SE_LOM-DC-Height_FractureSurfaces_0,ma_roma|direct|histmatch|s0,ma_roma,transform,10000.0,3028.0,13.838,0.3028,28715.582181839633,28749.24488942719,23454.065974372374,0.2938716998415315,3028.0
eval_C103_SEM-SE_LOM-DC-Height_FractureSurfaces_0#1,eval_C103_SEM-SE_LOM-DC-Height_FractureSurfaces_0,ma_roma|direct|clahe|s0,ma_roma,transform,10000.0,3625.0,16.613,0.3625,35175.638851998614,35209.30155958617,28876.67109941773,0.353132480710783,3625.0
eval_C103_SEM-SE_LOM-DC-Height_FractureSurfaces_0#1,eval_C103_SEM-SE_LOM-DC-Height_FractureSurfaces_0,ma_roma|direct|gradmag|s0,ma_roma,transform,10000.0,711.0,13.248,0.0711,5595.167446946987,5628.830154534546,4360.075007684887,0.06622602477244359,711.0
eval_C103_SEM-SE_LOM-DC-Height_FractureSurfaces_1#0,eval_C103_SEM-SE_LOM-DC-Height_FractureSurfaces_1,ma_roma|direct|none|s0,ma_roma,core,10000.0,5832.0,6.039,0.5832,50217.758412788666,50251.421120376224,62630.82269075306,0.5735066598982524,5832.0
eval_C103_SEM-SE_LOM-DC-Height_FractureSurfaces_1#0,eval_C103_SEM-SE_LOM-DC-Height_FractureSurfaces_1,ma_roma|pyramid_v2|none|s0,ma_roma,core,10000.0,5832.0,6.039,0.5832,50217.758412788666,50251.421120376224,62630.82269075306,0.5735066598982524,5832.0
eval_C103_SEM-SE_LOM-DC-Height_FractureSurfaces_1#0,eval_C103_SEM-SE_LOM-DC-Height_FractureSurfaces_1,ma_roma|direct|invert|s0,ma_roma,transform,10000.0,7813.0,6.468,0.7813,71132.06228378827,71165.72499137583,87761.73615895104,0.7730910190509389,7813.0
eval_C103_SEM-SE_LOM-DC-Height_FractureSurfaces_1#0,eval_C103_SEM-SE_LOM-DC-Height_FractureSurfaces_1,ma_roma|direct|histmatch|s0,ma_roma,transform,10000.0,2533.0,6.981,0.2533,19085.652032019265,19119.314739606823,24476.709791934543,0.244871934483132,2533.0
eval_C103_SEM-SE_LOM-DC-Height_FractureSurfaces_1#0,eval_C103_SEM-SE_LOM-DC-Height_FractureSurfaces_1,ma_roma|direct|clahe|s0,ma_roma,transform,10000.0,7792.0,6.142,0.7792,70900.07078574659,70933.73349333415,87485.0456191852,0.7709639869803826,7792.0
eval_C103_SEM-SE_LOM-DC-Height_FractureSurfaces_1#0,eval_C103_SEM-SE_LOM-DC-Height_FractureSurfaces_1,ma_roma|direct|gradmag|s0,ma_roma,transform,10000.0,742.0,46.651,0.0742,4584.333115988416,4617.995823575974,6163.201634174214,0.06922490195905863,742.0
eval_C103_SEM-SE_LOM-DC-Height_FractureSurfaces_1#1,eval_C103_SEM-SE_LOM-DC-Height_FractureSurfaces_1,ma_roma|direct|none|s0,ma_roma,core,10000.0,3534.0,10.734,0.3534,28039.833216255505,28073.495923843064,35561.54525085351,0.344088795152418,3534.0
eval_C103_SEM-SE_LOM-DC-Height_FractureSurfaces_1#1,eval_C103_SEM-SE_LOM-DC-Height_FractureSurfaces_1,ma_roma|pyramid_v2|none|s0,ma_roma,core,10000.0,3534.0,10.734,0.3534,28039.833216255505,28073.495923843064,35561.54525085351,0.344088795152418,3534.0
eval_C103_SEM-SE_LOM-DC-Height_FractureSurfaces_1#1,eval_C103_SEM-SE_LOM-DC-Height_FractureSurfaces_1,ma_roma|direct|invert|s0,ma_roma,transform,10000.0,971.0,45.639,0.0971,6281.193532307801,6314.85623989536,8347.494301622111,0.0914504314368019,971.0
eval_C103_SEM-SE_LOM-DC-Height_FractureSurfaces_1#1,eval_C103_SEM-SE_LOM-DC-Height_FractureSurfaces_1,ma_roma|direct|histmatch|s0,ma_roma,transform,10000.0,2409.0,18.284,0.2409,18011.0490127938,18044.711720381358,23138.169583062263,0.23261912393459036,2409.0
eval_C103_SEM-SE_LOM-DC-Height_FractureSurfaces_1#1,eval_C103_SEM-SE_LOM-DC-Height_FractureSurfaces_1,ma_roma|direct|clahe|s0,ma_roma,transform,10000.0,220.0,723.65,0.022,1064.9215376450973,1098.5842452326558,1532.7011728054133,0.019303308176876983,220.0
eval_C103_SEM-SE_LOM-DC-Height_FractureSurfaces_1#1,eval_C103_SEM-SE_LOM-DC-Height_FractureSurfaces_1,ma_roma|direct|gradmag|s0,ma_roma,transform,10000.0,2433.0,6.198,0.2433,18218.389492305447,18252.052199893005,23396.594679844424,0.2349898995502245,2433.0
eval_C103_SEM-SE_LOM-DC-Height_FractureSurfaces_2#0,eval_C103_SEM-SE_LOM-DC-Height_FractureSurfaces_2,ma_roma|direct|none|s0,ma_roma,core,10000.0,5394.0,7.968,0.5394,53303.48468629971,53337.147393887266,55534.07239580482,0.5296173877863863,5394.0
eval_C103_SEM-SE_LOM-DC-Height_FractureSurfaces_2#0,eval_C103_SEM-SE_LOM-DC-Height_FractureSurfaces_2,ma_roma|pyramid_v2|none|s0,ma_roma,core,10000.0,5394.0,7.968,0.5394,53303.48468629971,53337.147393887266,55534.07239580482,0.5296173877863863,5394.0
eval_C103_SEM-SE_LOM-DC-Height_FractureSurfaces_2#0,eval_C103_SEM-SE_LOM-DC-Height_FractureSurfaces_2,ma_roma|direct|invert|s0,ma_roma,transform,10000.0,7758.0,8.092,0.7758,81279.78466982495,81313.4473774125,84487.98130139316,0.7675208608970783,7758.0
eval_C103_SEM-SE_LOM-DC-Height_FractureSurfaces_2#0,eval_C103_SEM-SE_LOM-DC-Height_FractureSurfaces_2,ma_roma|direct|histmatch|s0,ma_roma,transform,10000.0,5854.0,7.895,0.5854,58555.604441539224,58589.26714912678,60976.4206213254,0.5757131863131897,5854.0
eval_C103_SEM-SE_LOM-DC-Height_FractureSurfaces_2#0,eval_C103_SEM-SE_LOM-DC-Height_FractureSurfaces_2,ma_roma|direct|clahe|s0,ma_roma,transform,10000.0,6027.0,7.351,0.6027,60553.2911263024,60586.95383388996,63045.64975254791,0.5930714546630727,6027.0
eval_C103_SEM-SE_LOM-DC-Height_FractureSurfaces_2#0,eval_C103_SEM-SE_LOM-DC-Height_FractureSurfaces_2,ma_roma|direct|gradmag|s0,ma_roma,transform,10000.0,3240.0,15.835,0.324,29852.506934894674,29886.169642482233,31192.329157935237,0.31489646455048875,3240.0
eval_C103_SEM-SE_LOM-DC-Height_FractureSurfaces_2#1,eval_C103_SEM-SE_LOM-DC-Height_FractureSurfaces_2,ma_roma|direct|none|s0,ma_roma,core,10000.0,4999.0,11.813,0.4999,48861.606703108024,48895.26941069558,50928.846052365516,0.49010210041112534,4999.0
eval_C103_SEM-SE_LOM-DC-Height_FractureSurfaces_2#1,eval_C103_SEM-SE_LOM-DC-Height_FractureSurfaces_2,ma_roma|pyramid_v2|none|s0,ma_roma,core,10000.0,4999.0,11.813,0.4999,48861.606703108024,48895.26941069558,50928.846052365516,0.49010210041112534,4999.0
eval_C103_SEM-SE_LOM-DC-Height_FractureSurfaces_2#1,eval_C103_SEM-SE_LOM-DC-Height_FractureSurfaces_2,ma_roma|direct|invert|s0,ma_roma,transform,10000.0,4877.0,8.999,0.4877,47502.308685075106,47535.971392662665,49519.09613574742,0.47790974896538996,4877.0
eval_C103_SEM-SE_LOM-DC-Height_FractureSurfaces_2#1,eval_C103_SEM-SE_LOM-DC-Height_FractureSurfaces_2,ma_roma|direct|histmatch|s0,ma_roma,transform,10000.0,4044.0,8.953,0.4044,38381.4147623545,38415.07746994206,40053.7232665159,0.39481946318688416,4044.0
eval_C103_SEM-SE_LOM-DC-Height_FractureSurfaces_2#1,eval_C103_SEM-SE_LOM-DC-Height_FractureSurfaces_2,ma_roma|direct|clahe|s0,ma_roma,transform,10000.0,4158.0,11.965,0.4158,39612.96309904821,39646.62580663577,41332.415180475386,0.4061742672322213,4158.0
eval_C103_SEM-SE_LOM-DC-Height_FractureSurfaces_2#1,eval_C103_SEM-SE_LOM-DC-Height_FractureSurfaces_2,ma_roma|direct|gradmag|s0,ma_roma,transform,10000.0,6665.0,8.398,0.6665,68030.25727331158,68063.91998089914,70786.45451724077,0.6571971042857068,6665.0
eval_CoNi-AM67_OM-SEM_Multiscale_0#0,eval_CoNi-AM67_OM-SEM_Multiscale_0,ma_roma|direct|none|s0,ma_roma,core,10000.0,8743.0,13.6,0.8743,93240.94623925594,93274.6089468435,84757.72561268602,0.8676584319803181,8743.0
eval_CoNi-AM67_OM-SEM_Multiscale_0#0,eval_CoNi-AM67_OM-SEM_Multiscale_0,ma_roma|pyramid_v2|none|s0,ma_roma,core,10000.0,8743.0,13.6,0.8743,93240.94623925594,93274.6089468435,84757.72561268602,0.8676584319803181,8743.0
eval_CoNi-AM67_OM-SEM_Multiscale_0#0,eval_CoNi-AM67_OM-SEM_Multiscale_0,ma_roma|direct|invert|s0,ma_roma,transform,10000.0,3923.0,16.338,0.3923,36820.749661595124,36854.41236918268,33014.44956833896,0.38277332680754617,3923.0
eval_CoNi-AM67_OM-SEM_Multiscale_0#0,eval_CoNi-AM67_OM-SEM_Multiscale_0,ma_roma|direct|histmatch|s0,ma_roma,transform,10000.0,6605.0,13.821,0.6605,66882.78310043932,66916.44580802688,60474.0969407605,0.6511587401917981,6605.0
eval_CoNi-AM67_OM-SEM_Multiscale_0#0,eval_CoNi-AM67_OM-SEM_Multiscale_0,ma_roma|direct|clahe|s0,ma_roma,transform,10000.0,8409.0,13.583,0.8409,88933.0463486284,88966.70905621596,80773.91108810065,0.8336003294335286,8409.0
eval_CoNi-AM67_OM-SEM_Multiscale_0#0,eval_CoNi-AM67_OM-SEM_Multiscale_0,ma_roma|direct|gradmag|s0,ma_roma,transform,10000.0,186.0,265.141,0.0186,1109.3025361972693,1142.9652437848279,929.0700937640319,0.016130861024283946,186.0
eval_CoNi-AM67_OM-SEM_Multiscale_0#1,eval_CoNi-AM67_OM-SEM_Multiscale_0,ma_roma|direct|none|s0,ma_roma,core,10000.0,383.0,41.683,0.0383,2596.8054837837485,2630.468191371307,2225.421574265713,0.034712283854238454,383.0
eval_CoNi-AM67_OM-SEM_Multiscale_0#1,eval_CoNi-AM67_OM-SEM_Multiscale_0,ma_roma|pyramid_v2|none|s0,ma_roma,core,10000.0,383.0,41.683,0.0383,2596.8054837837485,2630.468191371307,2225.421574265713,0.034712283854238454,383.0
eval_CoNi-AM67_OM-SEM_Multiscale_0#1,eval_CoNi-AM67_OM-SEM_Multiscale_0,ma_roma|direct|invert|s0,ma_roma,transform,10000.0,337.0,19.204,0.0337,2237.3822389828306,2271.044946570389,1910.6327532408664,0.030338337622781344,337.0
eval_CoNi-AM67_OM-SEM_Multiscale_0#1,eval_CoNi-AM67_OM-SEM_Multiscale_0,ma_roma|direct|histmatch|s0,ma_roma,transform,10000.0,93.0,1350.577,0.0093,474.4150664133677,508.07777400092624,384.42064737303474,0.007598063501358216,93.0
eval_CoNi-AM67_OM-SEM_Multiscale_0#1,eval_CoNi-AM67_OM-SEM_Multiscale_0,ma_roma|direct|clahe|s0,ma_roma,transform,10000.0,66.0,1432.978,0.0066,304.9813351652378,338.64404275279634,241.18436533450125,0.005191478817931517,66.0
eval_CoNi-AM67_OM-SEM_Multiscale_0#1,eval_CoNi-AM67_OM-SEM_Multiscale_0,ma_roma|direct|gradmag|s0,ma_roma,transform,10000.0,361.0,153.758,0.0361,2424.1478900763755,2457.810597663934,2074.110881674271,0.03261840414899704,361.0
eval_CoNi-AM67_OM-SEM_Multiscale_0#2,eval_CoNi-AM67_OM-SEM_Multiscale_0,ma_roma|direct|none|s0,ma_roma,core,10000.0,264.0,626.734,0.0264,1422.7576553999354,1456.420362987494,1424.8235081590758,0.023434958526364326,264.0
eval_CoNi-AM67_OM-SEM_Multiscale_0#2,eval_CoNi-AM67_OM-SEM_Multiscale_0,ma_roma|pyramid_v2|none|s0,ma_roma,core,10000.0,120.0,928.178,0.012,534.7012637065926,568.3639712941512,535.6385976087785,0.010045476139717914,120.0
eval_CoNi-AM67_OM-SEM_Multiscale_0#2,eval_CoNi-AM67_OM-SEM_Multiscale_0,ma_roma|direct|invert|s0,ma_roma,transform,10000.0,205.0,406.257,0.0205,1045.5940523829213,1079.2567599704798,1047.1975234913168,0.017901234098931535,205.0
eval_CoNi-AM67_OM-SEM_Multiscale_0#2,eval_CoNi-AM67_OM-SEM_Multiscale_0,ma_roma|direct|histmatch|s0,ma_roma,transform,10000.0,470.0,658.217,0.047,2832.3416485864027,2866.0043561739612,2836.0219253213922,0.043023056170192565,470.0
eval_CoNi-AM67_OM-SEM_Multiscale_0#2,eval_CoNi-AM67_OM-SEM_Multiscale_0,ma_roma|direct|clahe|s0,ma_roma,transform,10000.0,213.0,1026.914,0.0213,1095.815752710965,1129.4784602985235,1097.481919526306,0.018648553035367933,213.0
eval_CoNi-AM67_OM-SEM_Multiscale_0#2,eval_CoNi-AM67_OM-SEM_Multiscale_0,ma_roma|direct|gradmag|s0,ma_roma,transform,10000.0,1441.0,812.768,0.1441,10434.095096036326,10467.757803623885,10445.385129050877,0.1373534107508981,1441.0
eval_CoNi-AM67_SEM-EBSD_SameSliceSerialSectioning_0#0,eval_CoNi-AM67_SEM-EBSD_SameSliceSerialSectioning_0,ma_roma|direct|none|s0,ma_roma,core,10000.0,636.0,70.299,0.0636,4662.893260913499,4696.555968501058,2973.6661178200306,0.05898248333300283,636.0
eval_CoNi-AM67_SEM-EBSD_SameSliceSerialSectioning_0#0,eval_CoNi-AM67_SEM-EBSD_SameSliceSerialSectioning_0,ma_roma|pyramid_v2|none|s0,ma_roma,core,10000.0,636.0,70.299,0.0636,4662.893260913499,4696.555968501058,2973.6661178200306,0.05898248333300283,636.0
eval_CoNi-AM67_SEM-EBSD_SameSliceSerialSectioning_0#0,eval_CoNi-AM67_SEM-EBSD_SameSliceSerialSectioning_0,ma_roma|direct|invert|s0,ma_roma,transform,10000.0,832.0,44.003,0.0832,6341.148533349861,6374.81124093742,4130.725279013069,0.07794561133220079,832.0
eval_CoNi-AM67_SEM-EBSD_SameSliceSerialSectioning_0#0,eval_CoNi-AM67_SEM-EBSD_SameSliceSerialSectioning_0,ma_roma|direct|histmatch|s0,ma_roma,transform,10000.0,848.0,43.88,0.0848,6480.537143206606,6514.199850794164,4227.567252368034,0.07949801377512503,848.0
eval_CoNi-AM67_SEM-EBSD_SameSliceSerialSectioning_0#0,eval_CoNi-AM67_SEM-EBSD_SameSliceSerialSectioning_0,ma_roma|direct|clahe|s0,ma_roma,transform,10000.0,1005.0,45.216,0.1005,7864.972871288254,7898.635578875813,5194.514032881319,0.09475960632391277,1005.0
eval_CoNi-AM67_SEM-EBSD_SameSliceSerialSectioning_0#0,eval_CoNi-AM67_SEM-EBSD_SameSliceSerialSectioning_0,ma_roma|direct|gradmag|s0,ma_roma,transform,10000.0,493.0,75.246,0.0493,3478.520305292813,3512.1830128803717,2169.5532171937675,0.04522715614597424,493.0
eval_CoNi-AM67_SEM-EBSD_SameSliceSerialSectioning_0#1,eval_CoNi-AM67_SEM-EBSD_SameSliceSerialSectioning_0,ma_roma|direct|none|s0,ma_roma,core,10000.0,317.0,63.621,0.0317,2083.08921836553,2116.7519259530886,1242.1333712021699,0.028441918675691936,317.0
eval_CoNi-AM67_SEM-EBSD_SameSliceSerialSectioning_0#1,eval_CoNi-AM67_SEM-EBSD_SameSliceSerialSectioning_0,ma_roma|pyramid_v2|none|s0,ma_roma,core,10000.0,317.0,63.621,0.0317,2083.08921836553,2116.7519259530886,1242.1333712021699,0.028441918675691936,317.0
eval_CoNi-AM67_SEM-EBSD_SameSliceSerialSectioning_0#1,eval_CoNi-AM67_SEM-EBSD_SameSliceSerialSectioning_0,ma_roma|direct|invert|s0,ma_roma,transform,10000.0,355.0,75.934,0.0355,2377.297221779997,2410.9599293675556,1435.2936829154658,0.03204796463660609,355.0
eval_CoNi-AM67_SEM-EBSD_SameSliceSerialSectioning_0#1,eval_CoNi-AM67_SEM-EBSD_SameSliceSerialSectioning_0,ma_roma|direct|histmatch|s0,ma_roma,transform,10000.0,683.0,158.849,0.0683,5060.058454414186,5093.721162001744,3245.8506500776994,0.06351973742773287,683.0
eval_CoNi-AM67_SEM-EBSD_SameSliceSerialSectioning_0#1,eval_CoNi-AM67_SEM-EBSD_SameSliceSerialSectioning_0,ma_roma|direct|clahe|s0,ma_roma,transform,10000.0,446.0,49.41,0.0446,3098.2679998775384,3131.930707465097,1914.2813610608994,0.04072603677221204,446.0
eval_CoNi-AM67_SEM-EBSD_SameSliceSerialSectioning_0#1,eval_CoNi-AM67_SEM-EBSD_SameSliceSerialSectioning_0,ma_roma|direct|gradmag|s0,ma_roma,transform,10000.0,397.0,300.296,0.0397,2707.366649660118,2741.0293572476767,1653.6786688885766,0.036046511447362685,397.0
eval_CoNi-AM67_SEM-EBSD_SameSliceSerialSectioning_0#2,eval_CoNi-AM67_SEM-EBSD_SameSliceSerialSectioning_0,ma_roma|direct|none|s0,ma_roma,core,10000.0,1631.0,61.126,0.1631,13628.121874353015,13661.784581940574,9293.024868402244,0.15598838184550212,1631.0
eval_CoNi-AM67_SEM-EBSD_SameSliceSerialSectioning_0#2,eval_CoNi-AM67_SEM-EBSD_SameSliceSerialSectioning_0,ma_roma|pyramid_v2|none|s0,ma_roma,core,10000.0,1631.0,61.126,0.1631,13628.121874353015,13661.784581940574,9293.024868402244,0.15598838184550212,1631.0
eval_CoNi-AM67_SEM-EBSD_SameSliceSerialSectioning_0#2,eval_CoNi-AM67_SEM-EBSD_SameSliceSerialSectioning_0,ma_roma|direct|invert|s0,ma_roma,transform,10000.0,1210.0,65.766,0.121,9713.323872149134,9746.986579736693,6497.736008706189,0.11475312869530299,1210.0
eval_CoNi-AM67_SEM-EBSD_SameSliceSerialSectioning_0#2,eval_CoNi-AM67_SEM-EBSD_SameSliceSerialSectioning_0,ma_roma|direct|histmatch|s0,ma_roma,transform,10000.0,1315.0,53.219,0.1315,10675.7526569207,10709.415364508259,7180.952325164009,0.12501763646775332,1315.0
eval_CoNi-AM67_SEM-EBSD_SameSliceSerialSectioning_0#2,eval_CoNi-AM67_SEM-EBSD_SameSliceSerialSectioning_0,ma_roma|direct|clahe|s0,ma_roma,transform,10000.0,1279.0,48.788,0.1279,10344.65544605348,10378.31815364104,6945.585105882792,0.12149672621938853,1279.0
eval_CoNi-AM67_SEM-EBSD_SameSliceSerialSectioning_0#2,eval_CoNi-AM67_SEM-EBSD_SameSliceSerialSectioning_0,ma_roma|direct|gradmag|s0,ma_roma,transform,10000.0,1349.0,49.504,0.1349,10989.497742560643,11023.160450148202,7404.28574997844,0.12834445068929393,1349.0
eval_CoNi-AM67_SEM-EBSD_SameSliceSerialSectioning_0#3,eval_CoNi-AM67_SEM-EBSD_SameSliceSerialSectioning_0,ma_roma|direct|none|s0,ma_roma,core,10000.0,777.0,44.63,0.0777,5864.596220052066,5898.258927639625,3800.427014390182,0.07261386178136241,777.0
eval_CoNi-AM67_SEM-EBSD_SameSliceSerialSectioning_0#3,eval_CoNi-AM67_SEM-EBSD_SameSliceSerialSectioning_0,ma_roma|pyramid_v2|none|s0,ma_roma,core,10000.0,777.0,44.63,0.0777,5864.596220052066,5898.258927639625,3800.427014390182,0.07261386178136241,777.0
eval_CoNi-AM67_SEM-EBSD_SameSliceSerialSectioning_0#3,eval_CoNi-AM67_SEM-EBSD_SameSliceSerialSectioning_0,ma_roma|direct|invert|s0,ma_roma,transform,10000.0,1819.0,55.08,0.1819,15420.176589331908,15453.839296919467,10585.15619682577,0.1744618168275345,1819.0
eval_CoNi-AM67_SEM-EBSD_SameSliceSerialSectioning_0#3,eval_CoNi-AM67_SEM-EBSD_SameSliceSerialSectioning_0,ma_roma|direct|histmatch|s0,ma_roma,transform,10000.0,943.0,36.862,0.0943,7314.766276997452,7348.428984585011,4809.175700112838,0.0887268602612918,943.0
eval_CoNi-AM67_SEM-EBSD_SameSliceSerialSectioning_0#3,eval_CoNi-AM67_SEM-EBSD_SameSliceSerialSectioning_0,ma_roma|direct|clahe|s0,ma_roma,transform,10000.0,1029.0,38.528,0.1029,8079.110430061883,8112.773137649441,5344.831615204311,0.09709675304748978,1029.0
eval_CoNi-AM67_SEM-EBSD_SameSliceSerialSectioning_0#3,eval_CoNi-AM67_SEM-EBSD_SameSliceSerialSectioning_0,ma_roma|direct|gradmag|s0,ma_roma,transform,10000.0,1149.0,50.552,0.1149,9158.91122864609,9192.573936233648,6105.532502344703,0.10879697941337563,1149.0
eval_CoNi-AM67_SEM-EBSD_SameSliceSerialSectioning_0#4,eval_CoNi-AM67_SEM-EBSD_SameSliceSerialSectioning_0,ma_roma|direct|none|s0,ma_roma,core,10000.0,550.0,48.109,0.055,3945.965924669121,3979.6286322566793,2485.4267038950834,0.05070013939854093,550.0
eval_CoNi-AM67_SEM-EBSD_SameSliceSerialSectioning_0#4,eval_CoNi-AM67_SEM-EBSD_SameSliceSerialSectioning_0,ma_roma|pyramid_v2|none|s0,ma_roma,core,10000.0,550.0,48.109,0.055,3945.965924669121,3979.6286322566793,2485.4267038950834,0.05070013939854093,550.0
eval_CoNi-AM67_SEM-EBSD_SameSliceSerialSectioning_0#4,eval_CoNi-AM67_SEM-EBSD_SameSliceSerialSectioning_0,ma_roma|direct|invert|s0,ma_roma,transform,10000.0,1743.0,38.227,0.1743,14692.755052386226,14726.417759973785,10059.831351365574,0.16698998256568298,1743.0
eval_CoNi-AM67_SEM-EBSD_SameSliceSerialSectioning_0#4,eval_CoNi-AM67_SEM-EBSD_SameSliceSerialSectioning_0,ma_roma|direct|histmatch|s0,ma_roma,transform,10000.0,336.0,111.819,0.0336,2229.637855740947,2263.3005633285056,1338.1581819070898,0.03024343535567891,336.0
eval_CoNi-AM67_SEM-EBSD_SameSliceSerialSectioning_0#4,eval_CoNi-AM67_SEM-EBSD_SameSliceSerialSectioning_0,ma_roma|direct|clahe|s0,ma_roma,transform,10000.0,433.0,60.771,0.0433,2993.985201454097,3027.6479090416556,1844.5676066238107,0.03948313833238368,433.0
eval_CoNi-AM67_SEM-EBSD_SameSliceSerialSectioning_0#4,eval_CoNi-AM67_SEM-EBSD_SameSliceSerialSectioning_0,ma_roma|direct|gradmag|s0,ma_roma,transform,10000.0,299.0,189.592,0.0299,1945.336363884236,1978.9990714717947,1152.2451526042134,0.026738237047978175,299.0
eval_CoNi-AM67_SEM-EBSD_SameSliceSerialSectioning_0#5,eval_CoNi-AM67_SEM-EBSD_SameSliceSerialSectioning_0,ma_roma|direct|none|s0,ma_roma,core,10000.0,891.0,63.545,0.0891,6856.762374930901,6890.42508251846,4489.448390392262,0.0836729249674976,891.0
eval_CoNi-AM67_SEM-EBSD_SameSliceSerialSectioning_0#5,eval_CoNi-AM67_SEM-EBSD_SameSliceSerialSectioning_0,ma_roma|pyramid_v2|none|s0,ma_roma,core,10000.0,891.0,63.545,0.0891,6856.762374930901,6890.42508251846,4489.448390392262,0.0836729249674976,891.0
eval_CoNi-AM67_SEM-EBSD_SameSliceSerialSectioning_0#5,eval_CoNi-AM67_SEM-EBSD_SameSliceSerialSectioning_0,ma_roma|direct|invert|s0,ma_roma,transform,10000.0,1108.0,51.881,0.1108,8788.318787624285,8821.981495211843,5843.965869362386,0.10479679861935048,1108.0
eval_CoNi-AM67_SEM-EBSD_SameSliceSerialSectioning_0#5,eval_CoNi-AM67_SEM-EBSD_SameSliceSerialSectioning_0,ma_roma|direct|histmatch|s0,ma_roma,transform,10000.0,745.0,56.474,0.0745,5589.254259405219,5622.916966992778,3610.178306822246,0.06951525685066297,745.0
eval_CoNi-AM67_SEM-EBSD_SameSliceSerialSectioning_0#5,eval_CoNi-AM67_SEM-EBSD_SameSliceSerialSectioning_0,ma_roma|direct|clahe|s0,ma_roma,transform,10000.0,480.0,45.039,0.048,3372.8539971703804,3406.516704757939,2098.455977921579,0.043981036388118365,480.0
eval_CoNi-AM67_SEM-EBSD_SameSliceSerialSectioning_0#5,eval_CoNi-AM67_SEM-EBSD_SameSliceSerialSectioning_0,ma_roma|direct|gradmag|s0,ma_roma,transform,10000.0,897.0,43.602,0.0897,6909.4422637399075,6943.104971327466,4526.173288511853,0.08425578768255906,897.0
eval_CoNi-AM67_SEM-EBSD_SameSliceSerialSectioning_1#0,eval_CoNi-AM67_SEM-EBSD_SameSliceSerialSectioning_1,ma_roma|direct|none|s0,ma_roma,core,10000.0,1416.0,58.343,0.1416,11610.639247461993,11644.301955049552,7366.126791588976,0.1349043441377538,1416.0
eval_CoNi-AM67_SEM-EBSD_SameSliceSerialSectioning_1#0,eval_CoNi-AM67_SEM-EBSD_SameSliceSerialSectioning_1,ma_roma|pyramid_v2|none|s0,ma_roma,core,10000.0,1416.0,58.343,0.1416,11610.639247461993,11644.301955049552,7366.126791588976,0.1349043441377538,1416.0
eval_CoNi-AM67_SEM-EBSD_SameSliceSerialSectioning_1#0,eval_CoNi-AM67_SEM-EBSD_SameSliceSerialSectioning_1,ma_roma|direct|invert|s0,ma_roma,transform,10000.0,827.0,59.592,0.0827,6297.658109477542,6331.3208170651005,3819.8912504416694,0.07746060672647537,827.0
eval_CoNi-AM67_SEM-EBSD_SameSliceSerialSectioning_1#0,eval_CoNi-AM67_SEM-EBSD_SameSliceSerialSectioning_1,ma_roma|direct|histmatch|s0,ma_roma,transform,10000.0,1104.0,88.676,0.1104,8752.253866432662,8785.91657402022,5443.606843222744,0.10440667743858371,1104.0
eval_CoNi-AM67_SEM-EBSD_SameSliceSerialSectioning_1#0,eval_CoNi-AM67_SEM-EBSD_SameSliceSerialSectioning_1,ma_roma|direct|clahe|s0,ma_roma,transform,10000.0,2477.0,26.597,0.2477,21869.07449688654,21902.7372044741,14442.01857107761,0.23933724619513164,2477.0
eval_CoNi-AM67_SEM-EBSD_SameSliceSerialSectioning_1#0,eval_CoNi-AM67_SEM-EBSD_SameSliceSerialSectioning_1,ma_roma|direct|gradmag|s0,ma_roma,transform,10000.0,381.0,89.388,0.0381,2581.0539895256925,2614.716697113251,1441.091503777045,0.03452178876493106,381.0
eval_CoNi-AM67_SEM-EBSD_SameSliceSerialSectioning_1#1,eval_CoNi-AM67_SEM-EBSD_SameSliceSerialSectioning_1,ma_roma|direct|none|s0,ma_roma,core,10000.0,564.0,39.642,0.0564,4061.7573611102243,4095.420068697783,2372.8759265378794,0.052046511338241196,564.0
eval_CoNi-AM67_SEM-EBSD_SameSliceSerialSectioning_1#1,eval_CoNi-AM67_SEM-EBSD_SameSliceSerialSectioning_1,ma_roma|pyramid_v2|none|s0,ma_roma,core,10000.0,564.0,39.642,0.0564,4061.7573611102243,4095.420068697783,2372.8759265378794,0.052046511338241196,564.0
eval_CoNi-AM67_SEM-EBSD_SameSliceSerialSectioning_1#1,eval_CoNi-AM67_SEM-EBSD_SameSliceSerialSectioning_1,ma_roma|direct|invert|s0,ma_roma,transform,10000.0,378.0,320.994,0.0378,2557.447204300897,2591.1099118884554,1426.4833699716976,0.03423609837226936,378.0
eval_CoNi-AM67_SEM-EBSD_SameSliceSerialSectioning_1#1,eval_CoNi-AM67_SEM-EBSD_SameSliceSerialSectioning_1,ma_roma|direct|histmatch|s0,ma_roma,transform,10000.0,591.0,51.66,0.0591,4286.101359256308,4319.764066843866,2516.2317539695705,0.05464526611656369,591.0
eval_CoNi-AM67_SEM-EBSD_SameSliceSerialSectioning_1#1,eval_CoNi-AM67_SEM-EBSD_SameSliceSerialSectioning_1,ma_roma|direct|clahe|s0,ma_roma,transform,10000.0,1434.0,32.55,0.1434,11778.148487086874,11811.811194674432,7479.643787069742,0.13666760024937882,1434.0
eval_CoNi-AM67_SEM-EBSD_SameSliceSerialSectioning_1#1,eval_CoNi-AM67_SEM-EBSD_SameSliceSerialSectioning_1,ma_roma|direct|gradmag|s0,ma_roma,transform,10000.0,676.0,114.257,0.0676,5000.680775711138,5034.343483298697,2975.848288694457,0.06284353350164895,676.0
eval_CoNi-AM67_SEM-EBSD_SameSliceSerialSectioning_1#2,eval_CoNi-AM67_SEM-EBSD_SameSliceSerialSectioning_1,ma_roma|direct|none|s0,ma_roma,core,10000.0,3726.0,35.136,0.3726,34728.357221356746,34762.019928944304,23554.83808222093,0.3631742498637144,3726.0
eval_CoNi-AM67_SEM-EBSD_SameSliceSerialSectioning_1#2,eval_CoNi-AM67_SEM-EBSD_SameSliceSerialSectioning_1,ma_roma|pyramid_v2|none|s0,ma_roma,core,10000.0,3726.0,35.136,0.3726,34728.357221356746,34762.019928944304,23554.83808222093,0.3631742498637144,3726.0
eval_CoNi-AM67_SEM-EBSD_SameSliceSerialSectioning_1#2,eval_CoNi-AM67_SEM-EBSD_SameSliceSerialSectioning_1,ma_roma|direct|invert|s0,ma_roma,transform,10000.0,1516.0,115.326,0.1516,12544.542821637284,12578.205529224842,8000.073446168768,0.14470478895641128,1516.0
eval_CoNi-AM67_SEM-EBSD_SameSliceSerialSectioning_1#2,eval_CoNi-AM67_SEM-EBSD_SameSliceSerialSectioning_1,ma_roma|direct|histmatch|s0,ma_roma,transform,10000.0,1122.0,114.274,0.1122,8914.67351402011,8948.33622160767,5552.0342630155765,0.1061624213215819,1122.0
eval_CoNi-AM67_SEM-EBSD_SameSliceSerialSectioning_1#2,eval_CoNi-AM67_SEM-EBSD_SameSliceSerialSectioning_1,ma_roma|direct|clahe|s0,ma_roma,transform,10000.0,2717.0,35.435,0.2717,24281.733624169003,24315.39633175656,16134.780871756802,0.2630702737943444,2717.0
eval_CoNi-AM67_SEM-EBSD_SameSliceSerialSectioning_1#2,eval_CoNi-AM67_SEM-EBSD_SameSliceSerialSectioning_1,ma_roma|direct|gradmag|s0,ma_roma,transform,10000.0,1586.0,33.422,0.1586,13202.927468231144,13236.590175818703,8448.48823896404,0.1515714707708124,1586.0
eval_CoNi-AM67_SEM-EBSD_SameSliceSerialSectioning_1#3,eval_CoNi-AM67_SEM-EBSD_SameSliceSerialSectioning_1,ma_roma|direct|none|s0,ma_roma,core,10000.0,1362.0,25.609,0.1362,11109.721955033097,11143.384662620656,7027.186227537081,0.12961684541447108,1362.0
eval_CoNi-AM67_SEM-EBSD_SameSliceSerialSectioning_1#3,eval_CoNi-AM67_SEM-EBSD_SameSliceSerialSectioning_1,ma_roma|pyramid_v2|none|s0,ma_roma,core,10000.0,1362.0,25.609,0.1362,11109.721955033097,11143.384662620656,7027.186227537081,0.12961684541447108,1362.0
eval_CoNi-AM67_SEM-EBSD_SameSliceSerialSectioning_1#3,eval_CoNi-AM67_SEM-EBSD_SameSliceSerialSectioning_1,ma_roma|direct|invert|s0,ma_roma,transform,10000.0,1824.0,37.081,0.1824,15468.170722177692,15501.833429765251,9999.833941787887,0.17495356023812947,1824.0
eval_CoNi-AM67_SEM-EBSD_SameSliceSerialSectioning_1#3,eval_CoNi-AM67_SEM-EBSD_SameSliceSerialSectioning_1,ma_roma|direct|histmatch|s0,ma_roma,transform,10000.0,987.0,40.197,0.0987,7704.786945887984,7738.449653475543,4747.089366060885,0.09300742492262351,987.0
eval_CoNi-AM67_SEM-EBSD_SameSliceSerialSectioning_1#3,eval_CoNi-AM67_SEM-EBSD_SameSliceSerialSectioning_1,ma_roma|direct|clahe|s0,ma_roma,transform,10000.0,1252.0,31.026,0.1252,10097.093314093156,10130.756021680714,6344.510159886173,0.11885715760976245,1252.0
eval_CoNi-AM67_SEM-EBSD_SameSliceSerialSectioning_1#3,eval_CoNi-AM67_SEM-EBSD_SameSliceSerialSectioning_1,ma_roma|direct|gradmag|s0,ma_roma,transform,10000.0,739.0,136.048,0.0739,5537.791148843953,5571.453856431512,3323.9860817901545,0.06893457150968865,739.0
eval_CoNi-AM67_SEM-EBSD_SameSliceSerialSectioning_1#4,eval_CoNi-AM67_SEM-EBSD_SameSliceSerialSectioning_1,ma_roma|direct|none|s0,ma_roma,core,10000.0,506.0,44.833,0.0506,3584.5468798112433,3618.209587398802,2069.639949701343,0.04647408965973442,506.0
eval_CoNi-AM67_SEM-EBSD_SameSliceSerialSectioning_1#4,eval_CoNi-AM67_SEM-EBSD_SameSliceSerialSectioning_1,ma_roma|pyramid_v2|none|s0,ma_roma,core,10000.0,506.0,44.833,0.0506,3584.5468798112433,3618.209587398802,2069.639949701343,0.04647408965973442,506.0
eval_CoNi-AM67_SEM-EBSD_SameSliceSerialSectioning_1#4,eval_CoNi-AM67_SEM-EBSD_SameSliceSerialSectioning_1,ma_roma|direct|invert|s0,ma_roma,transform,10000.0,486.0,180.113,0.0486,3421.577718096644,3455.2404256842024,1966.6619639079677,0.04455606550831664,486.0
eval_CoNi-AM67_SEM-EBSD_SameSliceSerialSectioning_1#4,eval_CoNi-AM67_SEM-EBSD_SameSliceSerialSectioning_1,ma_roma|direct|histmatch|s0,ma_roma,transform,10000.0,431.0,51.067,0.0431,2977.977576178044,3011.6402837656024,1688.0374432322142,0.039292009027508144,431.0
eval_CoNi-AM67_SEM-EBSD_SameSliceSerialSectioning_1#4,eval_CoNi-AM67_SEM-EBSD_SameSliceSerialSectioning_1,ma_roma|direct|clahe|s0,ma_roma,transform,10000.0,867.0,51.921,0.0867,6646.488884513028,6680.151592100587,4048.7393648589214,0.08134224271481946,867.0
eval_CoNi-AM67_SEM-EBSD_SameSliceSerialSectioning_1#4,eval_CoNi-AM67_SEM-EBSD_SameSliceSerialSectioning_1,ma_roma|direct|gradmag|s0,ma_roma,transform,10000.0,586.0,111.069,0.0586,4244.455634744909,4278.118342332467,2489.5838404770852,0.05416380489488375,586.0
eval_CoNi-AM67_SEM-EBSD_SameSliceSerialSectioning_1#5,eval_CoNi-AM67_SEM-EBSD_SameSliceSerialSectioning_1,ma_roma|direct|none|s0,ma_roma,core,10000.0,1101.0,29.474,0.1101,8725.215859531492,8758.87856711905,5425.567540820712,0.10411410323792485,1101.0
eval_CoNi-AM67_SEM-EBSD_SameSliceSerialSectioning_1#5,eval_CoNi-AM67_SEM-EBSD_SameSliceSerialSectioning_1,ma_roma|pyramid_v2|none|s0,ma_roma,core,10000.0,1101.0,29.474,0.1101,8725.215859531492,8758.87856711905,5425.567540820712,0.10411410323792485,1101.0
eval_CoNi-AM67_SEM-EBSD_SameSliceSerialSectioning_1#5,eval_CoNi-AM67_SEM-EBSD_SameSliceSerialSectioning_1,ma_roma|direct|invert|s0,ma_roma,transform,10000.0,2083.0,36.933,0.2083,17976.417711625567,18010.080419213125,11731.192358116114,0.20045348580863312,2083.0
eval_CoNi-AM67_SEM-EBSD_SameSliceSerialSectioning_1#5,eval_CoNi-AM67_SEM-EBSD_SameSliceSerialSectioning_1,ma_roma|direct|histmatch|s0,ma_roma,transform,10000.0,689.0,31.197,0.0689,5111.014881021583,5144.677588609142,3047.1880575467326,0.0640994596515586,689.0
eval_CoNi-AM67_SEM-EBSD_SameSliceSerialSectioning_1#5,eval_CoNi-AM67_SEM-EBSD_SameSliceSerialSectioning_1,ma_roma|direct|clahe|s0,ma_roma,transform,10000.0,1626.0,63.197,0.1626,13580.804198731856,13614.466906319414,8706.382192619463,0.15549751567049638,1626.0
eval_CoNi-AM67_SEM-EBSD_SameSliceSerialSectioning_1#5,eval_CoNi-AM67_SEM-EBSD_SameSliceSerialSectioning_1,ma_roma|direct|gradmag|s0,ma_roma,transform,10000.0,1446.0,26.151,0.1446,11889.967977447335,11923.630685034894,7555.468447647123,0.13784330931237448,1446.0
eval_CoNi-AM67_SEM-EBSD_SameSliceSerialSectioning_2#0,eval_CoNi-AM67_SEM-EBSD_SameSliceSerialSectioning_2,ma_roma|direct|none|s0,ma_roma,core,10000.0,1243.0,43.52,0.1243,10014.719863006283,10048.382570593842,6289.132826974306,0.11797751878812802,1243.0
eval_CoNi-AM67_SEM-EBSD_SameSliceSerialSectioning_2#0,eval_CoNi-AM67_SEM-EBSD_SameSliceSerialSectioning_2,ma_roma|pyramid_v2|none|s0,ma_roma,core,10000.0,1243.0,43.52,0.1243,10014.719863006283,10048.382570593842,6289.132826974306,0.11797751878812802,1243.0
eval_CoNi-AM67_SEM-EBSD_SameSliceSerialSectioning_2#0,eval_CoNi-AM67_SEM-EBSD_SameSliceSerialSectioning_2,ma_roma|direct|invert|s0,ma_roma,transform,10000.0,396.0,213.541,0.0396,2699.4521854754585,2733.114893063017,1514.4964289284167,0.03595116606388123,396.0
eval_CoNi-AM67_SEM-EBSD_SameSliceSerialSectioning_2#0,eval_CoNi-AM67_SEM-EBSD_SameSliceSerialSectioning_2,ma_roma|direct|histmatch|s0,ma_roma,transform,10000.0,765.0,80.847,0.0765,5761.172675235712,5794.83538282327,3469.378906870412,0.07145157089871979,765.0
eval_CoNi-AM67_SEM-EBSD_SameSliceSerialSectioning_2#0,eval_CoNi-AM67_SEM-EBSD_SameSliceSerialSectioning_2,ma_roma|direct|clahe|s0,ma_roma,transform,10000.0,1436.0,39.985,0.1436,11796.776952352024,11830.439659939582,7492.273114057086,0.13686354043769397,1436.0
eval_CoNi-AM67_SEM-EBSD_SameSliceSerialSectioning_2#0,eval_CoNi-AM67_SEM-EBSD_SameSliceSerialSectioning_2,ma_roma|direct|gradmag|s0,ma_roma,transform,10000.0,1079.0,171.034,0.1079,8527.219130677948,8560.881838265506,5293.561310417391,0.10196900117843134,1079.0
eval_CoNi-AM67_SEM-EBSD_SameSliceSerialSectioning_2#1,eval_CoNi-AM67_SEM-EBSD_SameSliceSerialSectioning_2,ma_roma|direct|none|s0,ma_roma,core,10000.0,436.0,195.107,0.0436,3018.0147111058404,3051.677418693399,1713.076802327789,0.03976987567795129,436.0
eval_CoNi-AM67_SEM-EBSD_SameSliceSerialSectioning_2#1,eval_CoNi-AM67_SEM-EBSD_SameSliceSerialSectioning_2,ma_roma|pyramid_v2|none|s0,ma_roma,core,10000.0,436.0,195.107,0.0436,3018.0147111058404,3051.677418693399,1713.076802327789,0.03976987567795129,436.0
eval_CoNi-AM67_SEM-EBSD_SameSliceSerialSectioning_2#1,eval_CoNi-AM67_SEM-EBSD_SameSliceSerialSectioning_2,ma_roma|direct|invert|s0,ma_roma,transform,10000.0,367.0,163.759,0.0367,2471.1018823485297,2504.764589936088,1373.1330947907784,0.033189114320119714,367.0
eval_CoNi-AM67_SEM-EBSD_SameSliceSerialSectioning_2#1,eval_CoNi-AM67_SEM-EBSD_SameSliceSerialSectioning_2,ma_roma|direct|histmatch|s0,ma_roma,transform,10000.0,383.0,206.652,0.0383,2596.8054837837485,2630.468191371307,1450.8438965641024,0.034712283854238454,383.0
eval_CoNi-AM67_SEM-EBSD_SameSliceSerialSectioning_2#1,eval_CoNi-AM67_SEM-EBSD_SameSliceSerialSectioning_2,ma_roma|direct|clahe|s0,ma_roma,transform,10000.0,414.0,175.709,0.0414,2842.3083298274078,2875.9710374149663,1603.36062080444,0.03766836746394034,414.0
eval_CoNi-AM67_SEM-EBSD_SameSliceSerialSectioning_2#1,eval_CoNi-AM67_SEM-EBSD_SameSliceSerialSectioning_2,ma_roma|direct|gradmag|s0,ma_roma,transform,10000.0,462.0,208.957,0.0462,3227.1588694944944,3260.821577082053,1844.2324995364688,0.0422570422586087,462.0
eval_CoNi-AM67_SEM-EBSD_SameSliceSerialSectioning_2#2,eval_CoNi-AM67_SEM-EBSD_SameSliceSerialSectioning_2,ma_roma|direct|none|s0,ma_roma,core,10000.0,3495.0,34.142,0.3495,32296.020479735624,32329.683187323182,21815.402084015725,0.3402140626565813,3495.0
eval_CoNi-AM67_SEM-EBSD_SameSliceSerialSectioning_2#2,eval_CoNi-AM67_SEM-EBSD_SameSliceSerialSectioning_2,ma_roma|pyramid_v2|none|s0,ma_roma,core,10000.0,3495.0,34.142,0.3495,32296.020479735624,32329.683187323182,21815.402084015725,0.3402140626565813,3495.0
eval_CoNi-AM67_SEM-EBSD_SameSliceSerialSectioning_2#2,eval_CoNi-AM67_SEM-EBSD_SameSliceSerialSectioning_2,ma_roma|direct|invert|s0,ma_roma,transform,10000.0,1347.0,34.023,0.1347,10971.01452958485,11004.67723717241,6933.472336599808,0.1281487160047896,1347.0
eval_CoNi-AM67_SEM-EBSD_SameSliceSerialSectioning_2#2,eval_CoNi-AM67_SEM-EBSD_SameSliceSerialSectioning_2,ma_roma|direct|histmatch|s0,ma_roma,transform,10000.0,1403.0,69.348,0.1403,11489.825916961558,11523.488624549116,7284.3078592290085,0.13363111376762415,1403.0
eval_CoNi-AM67_SEM-EBSD_SameSliceSerialSectioning_2#2,eval_CoNi-AM67_SEM-EBSD_SameSliceSerialSectioning_2,ma_roma|direct|clahe|s0,ma_roma,transform,10000.0,2379.0,29.757,0.2379,20892.68564266432,20926.34835025188,13759.587581753776,0.22965616200031172,2379.0
eval_CoNi-AM67_SEM-EBSD_SameSliceSerialSectioning_2#2,eval_CoNi-AM67_SEM-EBSD_SameSliceSerialSectioning_2,ma_roma|direct|gradmag|s0,ma_roma,transform,10000.0,1222.0,68.46,0.1222,9822.805237783949,9856.467945371507,6160.209143204544,0.11592545922975278,1222.0
eval_CoNi-AM67_SEM-EBSD_SameSliceSerialSectioning_2#3,eval_CoNi-AM67_SEM-EBSD_SameSliceSerialSectioning_2,ma_roma|direct|none|s0,ma_roma,core,10000.0,1258.0,26.05,0.1258,10152.050048363859,10185.712755951417,6381.469481907577,0.11944364430573304,1258.0
eval_CoNi-AM67_SEM-EBSD_SameSliceSerialSectioning_2#3,eval_CoNi-AM67_SEM-EBSD_SameSliceSerialSectioning_2,ma_roma|pyramid_v2|none|s0,ma_roma,core,10000.0,1258.0,26.05,0.1258,10152.050048363859,10185.712755951417,6381.469481907577,0.11944364430573304,1258.0
eval_CoNi-AM67_SEM-EBSD_SameSliceSerialSectioning_2#3,eval_CoNi-AM67_SEM-EBSD_SameSliceSerialSectioning_2,ma_roma|direct|invert|s0,ma_roma,transform,10000.0,2219.0,36.877,0.2219,19310.036887702925,19343.699595290484,12656.870025687846,0.21386352815979137,2219.0
eval_CoNi-AM67_SEM-EBSD_SameSliceSerialSectioning_2#3,eval_CoNi-AM67_SEM-EBSD_SameSliceSerialSectioning_2,ma_roma|direct|histmatch|s0,ma_roma,transform,10000.0,874.0,39.644,0.0874,6707.744347976336,6741.407055563895,4088.997861198396,0.08202189650449387,874.0
eval_CoNi-AM67_SEM-EBSD_SameSliceSerialSectioning_2#3,eval_CoNi-AM67_SEM-EBSD_SameSliceSerialSectioning_2,ma_roma|direct|clahe|s0,ma_roma,transform,10000.0,1392.0,27.541,0.1392,11387.708614250927,11421.371321838486,7215.185816208012,0.13255391912253311,1392.0
eval_CoNi-AM67_SEM-EBSD_SameSliceSerialSectioning_2#3,eval_CoNi-AM67_SEM-EBSD_SameSliceSerialSectioning_2,ma_roma|direct|gradmag|s0,ma_roma,transform,10000.0,851.0,52.036,0.0851,6506.709381898448,6540.372089486006,3956.9529283084944,0.07978915415679393,851.0
eval_CoNi-AM67_SEM-EBSD_SameSliceSerialSectioning_2#4,eval_CoNi-AM67_SEM-EBSD_SameSliceSerialSectioning_2,ma_roma|direct|none|s0,ma_roma,core,10000.0,335.0,24.456,0.0335,2221.896547733046,2255.5592553206047,1219.9132650677923,0.0301485414257931,335.0
eval_CoNi-AM67_SEM-EBSD_SameSliceSerialSectioning_2#4,eval_CoNi-AM67_SEM-EBSD_SameSliceSerialSectioning_2,ma_roma|pyramid_v2|none|s0,ma_roma,core,10000.0,335.0,24.456,0.0335,2221.896547733046,2255.5592553206047,1219.9132650677923,0.0301485414257931,335.0
eval_CoNi-AM67_SEM-EBSD_SameSliceSerialSectioning_2#4,eval_CoNi-AM67_SEM-EBSD_SameSliceSerialSectioning_2,ma_roma|direct|invert|s0,ma_roma,transform,10000.0,717.0,21.154,0.0717,5349.545864885976,5383.208572473534,3201.7312298800543,0.06680624161352472,717.0
eval_CoNi-AM67_SEM-EBSD_SameSliceSerialSectioning_2#4,eval_CoNi-AM67_SEM-EBSD_SameSliceSerialSectioning_2,ma_roma|direct|histmatch|s0,ma_roma,transform,10000.0,428.0,30.79,0.0428,2953.9843167051695,2987.647024292728,1673.0428483954936,0.03900535884286429,428.0
eval_CoNi-AM67_SEM-EBSD_SameSliceSerialSectioning_2#4,eval_CoNi-AM67_SEM-EBSD_SameSliceSerialSectioning_2,ma_roma|direct|clahe|s0,ma_roma,transform,10000.0,624.0,33.337,0.0624,4562.073595514049,4595.7363031016075,2693.218420736089,0.05782519702990511,624.0
eval_CoNi-AM67_SEM-EBSD_SameSliceSerialSectioning_2#4,eval_CoNi-AM67_SEM-EBSD_SameSliceSerialSectioning_2,ma_roma|direct|gradmag|s0,ma_roma,transform,10000.0,486.0,63.126,0.0486,3421.577718096644,3455.2404256842024,1966.6619639079677,0.04455606550831664,486.0
eval_CoNi-AM67_SEM-EBSD_SameSliceSerialSectioning_2#5,eval_CoNi-AM67_SEM-EBSD_SameSliceSerialSectioning_2,ma_roma|direct|none|s0,ma_roma,core,10000.0,2103.0,25.642,0.2103,18171.847392468982,18205.51010005654,11866.630641338066,0.20242472530200123,2103.0
eval_CoNi-AM67_SEM-EBSD_SameSliceSerialSectioning_2#5,eval_CoNi-AM67_SEM-EBSD_SameSliceSerialSectioning_2,ma_roma|pyramid_v2|none|s0,ma_roma,core,10000.0,2103.0,25.642,0.2103,18171.847392468982,18205.51010005654,11866.630641338066,0.20242472530200123,2103.0
eval_CoNi-AM67_SEM-EBSD_SameSliceSerialSectioning_2#5,eval_CoNi-AM67_SEM-EBSD_SameSliceSerialSectioning_2,ma_roma|direct|invert|s0,ma_roma,transform,10000.0,2074.0,44.428,0.2074,17888.55337084306,17922.216078430618,11670.324146180428,0.1995665232517984,2074.0
eval_CoNi-AM67_SEM-EBSD_SameSliceSerialSectioning_2#5,eval_CoNi-AM67_SEM-EBSD_SameSliceSerialSectioning_2,ma_roma|direct|histmatch|s0,ma_roma,transform,10000.0,561.0,122.402,0.0561,4036.9136363440657,4070.5763439316243,2357.0308860157834,0.051757936446916,561.0
eval_CoNi-AM67_SEM-EBSD_SameSliceSerialSectioning_2#5,eval_CoNi-AM67_SEM-EBSD_SameSliceSerialSectioning_2,ma_roma|direct|clahe|s0,ma_roma,transform,10000.0,1118.0,24.978,0.1118,8878.551999269059,8912.214706856617,5527.911021224457,0.10577221206058364,1118.0
eval_CoNi-AM67_SEM-EBSD_SameSliceSerialSectioning_2#5,eval_CoNi-AM67_SEM-EBSD_SameSliceSerialSectioning_2,ma_roma|direct|gradmag|s0,ma_roma,transform,10000.0,1416.0,37.785,0.1416,11610.639247461993,11644.301955049552,7366.126791588976,0.1349043441377538,1416.0
eval_CoNi-AM90_OM-SEM_Multiscale_0#0,eval_CoNi-AM90_OM-SEM_Multiscale_0,ma_roma|direct|none|s0,ma_roma,core,10000.0,687.0,145.149,0.0687,5094.023152188802,5127.68585977636,1708.6243822027818,0.06390620681018508,687.0
eval_CoNi-AM90_OM-SEM_Multiscale_0#0,eval_CoNi-AM90_OM-SEM_Multiscale_0,ma_roma|pyramid_v2|none|s0,ma_roma,core,10000.0,1620.0,2279.274,0.162,13524.047221522416,13557.709929109975,5512.087909578972,0.15490850841717588,1620.0
eval_CoNi-AM90_OM-SEM_Multiscale_0#0,eval_CoNi-AM90_OM-SEM_Multiscale_0,ma_roma|direct|invert|s0,ma_roma,transform,10000.0,192.0,311.595,0.0192,1152.2235606418747,1185.8862682294332,221.35495782080395,0.016689204655312168,192.0
eval_CoNi-AM90_OM-SEM_Multiscale_0#0,eval_CoNi-AM90_OM-SEM_Multiscale_0,ma_roma|direct|histmatch|s0,ma_roma,transform,10000.0,314.0,382.268,0.0314,2060.055612215065,2093.7183198026237,524.2579783217233,0.028157760928494462,314.0
eval_CoNi-AM90_OM-SEM_Multiscale_0#0,eval_CoNi-AM90_OM-SEM_Multiscale_0,ma_roma|direct|clahe|s0,ma_roma,transform,10000.0,453.0,328.351,0.0453,3154.585094539719,3188.2478021272777,929.533510706801,0.04139568097178173,453.0
eval_CoNi-AM90_OM-SEM_Multiscale_0#0,eval_CoNi-AM90_OM-SEM_Multiscale_0,ma_roma|direct|gradmag|s0,ma_roma,transform,10000.0,62.0,1560.474,0.0062,280.7291647230835,314.39187231064204,-5.7861344097108365,0.0048397848118849635,62.0
eval_CoNi-AM90_OM-SEM_Multiscale_0#1,eval_CoNi-AM90_OM-SEM_Multiscale_0,ma_roma|direct|none|s0,ma_roma,core,10000.0,8123.0,19.948,0.8123,85311.41713814258,85345.07984573014,75958.33241798005,0.8045274883566583,8123.0
eval_CoNi-AM90_OM-SEM_Multiscale_0#1,eval_CoNi-AM90_OM-SEM_Multiscale_0,ma_roma|pyramid_v2|none|s0,ma_roma,core,10000.0,9789.0,19.582,0.9789,107609.59665252283,107643.25936011039,96338.1586946596,0.9758938303821698,9789.0
eval_CoNi-AM90_OM-SEM_Multiscale_0#1,eval_CoNi-AM90_OM-SEM_Multiscale_0,ma_roma|direct|invert|s0,ma_roma,transform,10000.0,1734.0,26.635,0.1734,14606.876112356222,14640.53881994378,12610.549274918587,0.16610549796110544,1734.0
eval_CoNi-AM90_OM-SEM_Multiscale_0#1,eval_CoNi-AM90_OM-SEM_Multiscale_0,ma_roma|direct|histmatch|s0,ma_roma,transform,10000.0,1422.0,20.992,0.1422,11666.44619095832,11700.10889854588,10029.378743367482,0.1354920548900833,1422.0
eval_CoNi-AM90_OM-SEM_Multiscale_0#1,eval_CoNi-AM90_OM-SEM_Multiscale_0,ma_roma|direct|clahe|s0,ma_roma,transform,10000.0,954.0,19.849,0.0954,7412.062645105286,7445.725352692844,6313.884231664657,0.08979665473355486,954.0
eval_CoNi-AM90_OM-SEM_Multiscale_0#1,eval_CoNi-AM90_OM-SEM_Multiscale_0,ma_roma|direct|gradmag|s0,ma_roma,transform,10000.0,40.0,3593.939,0.004,152.4882727366547,186.15098032421324,106.74807180831752,0.0029390137377315437,40.0
eval_CoNi-AM90_SEM-DIC_EBSD_SlipPartitioning_0#0,eval_CoNi-AM90_SEM-DIC_EBSD_SlipPartitioning_0,ma_roma|direct|none|s0,ma_roma,core,10000.0,352.0,333.936,0.0352,1942.695853078726,1976.3585606662846,3529.9056935964136,0.03176284843342436,352.0
eval_CoNi-AM90_SEM-DIC_EBSD_SlipPartitioning_0#0,eval_CoNi-AM90_SEM-DIC_EBSD_SlipPartitioning_0,ma_roma|pyramid_v2|none|s0,ma_roma,core,10000.0,352.0,333.936,0.0352,1942.695853078726,1976.3585606662846,3529.9056935964136,0.03176284843342436,352.0
eval_CoNi-AM90_SEM-DIC_EBSD_SlipPartitioning_0#0,eval_CoNi-AM90_SEM-DIC_EBSD_SlipPartitioning_0,ma_roma|direct|invert|s0,ma_roma,transform,10000.0,239.0,364.374,0.0239,1215.5270965292239,1249.1898041167824,2293.053179406837,0.021084215098547462,239.0
eval_CoNi-AM90_SEM-DIC_EBSD_SlipPartitioning_0#0,eval_CoNi-AM90_SEM-DIC_EBSD_SlipPartitioning_0,ma_roma|direct|histmatch|s0,ma_roma,transform,10000.0,319.0,403.568,0.0319,1725.8286115942994,1759.491319181858,3164.1927060261905,0.028631402587680564,319.0
eval_CoNi-AM90_SEM-DIC_EBSD_SlipPartitioning_0#0,eval_CoNi-AM90_SEM-DIC_EBSD_SlipPartitioning_0,ma_roma|direct|clahe|s0,ma_roma,transform,10000.0,210.0,535.638,0.021,1036.9155351642717,1070.5782427518302,1983.63793294804,0.01836818404664613,210.0
eval_CoNi-AM90_SEM-DIC_EBSD_SlipPartitioning_0#0,eval_CoNi-AM90_SEM-DIC_EBSD_SlipPartitioning_0,ma_roma|direct|gradmag|s0,ma_roma,transform,10000.0,237.0,378.15,0.0237,1203.0883790968576,1236.7510866844161,2271.5935160130807,0.02089650843373186,237.0
eval_CoNi-AM90_SEM-DIC_EBSD_SlipPartitioning_0#1,eval_CoNi-AM90_SEM-DIC_EBSD_SlipPartitioning_0,ma_roma|direct|none|s0,ma_roma,core,10000.0,130.0,304.34,0.013,567.5179144340592,601.1806220216178,1153.4031949798057,0.010959440195307127,130.0
eval_CoNi-AM90_SEM-DIC_EBSD_SlipPartitioning_0#1,eval_CoNi-AM90_SEM-DIC_EBSD_SlipPartitioning_0,ma_roma|pyramid_v2|none|s0,ma_roma,core,10000.0,130.0,304.34,0.013,567.5179144340592,601.1806220216178,1153.4031949798057,0.010959440195307127,130.0
eval_CoNi-AM90_SEM-DIC_EBSD_SlipPartitioning_0#1,eval_CoNi-AM90_SEM-DIC_EBSD_SlipPartitioning_0,ma_roma|direct|invert|s0,ma_roma,transform,10000.0,355.0,380.747,0.0355,1962.5744012742548,1996.2371088618133,3563.3156745487618,0.03204796463660609,355.0
eval_CoNi-AM90_SEM-DIC_EBSD_SlipPartitioning_0#1,eval_CoNi-AM90_SEM-DIC_EBSD_SlipPartitioning_0,ma_roma|direct|histmatch|s0,ma_roma,transform,10000.0,199.0,340.306,0.0199,970.2064748633983,1003.8691824509568,1867.3137027150724,0.017341459859383034,199.0
eval_CoNi-AM90_SEM-DIC_EBSD_SlipPartitioning_0#1,eval_CoNi-AM90_SEM-DIC_EBSD_SlipPartitioning_0,ma_roma|direct|clahe|s0,ma_roma,transform,10000.0,217.0,339.832,0.0217,1079.6744721444138,1113.3371797319724,2057.9701664952922,0.01902260420448802,217.0
eval_CoNi-AM90_SEM-DIC_EBSD_SlipPartitioning_0#1,eval_CoNi-AM90_SEM-DIC_EBSD_SlipPartitioning_0,ma_roma|direct|gradmag|s0,ma_roma,transform,10000.0,181.0,377.53,0.0181,862.3977613227557,896.0604689103143,1678.316562095158,0.01566611546957212,181.0
eval_CoNi-AM90_SEM-DIC_EBSD_SlipPartitioning_0#2,eval_CoNi-AM90_SEM-DIC_EBSD_SlipPartitioning_0,ma_roma|direct|none|s0,ma_roma,core,10000.0,308.0,1135.582,0.0308,1654.3055769990021,1687.9682845865607,3043.0544294198535,0.02758969484715041,308.0
eval_CoNi-AM90_SEM-DIC_EBSD_SlipPartitioning_0#2,eval_CoNi-AM90_SEM-DIC_EBSD_SlipPartitioning_0,ma_roma|pyramid_v2|none|s0,ma_roma,core,10000.0,308.0,1135.582,0.0308,1654.3055769990021,1687.9682845865607,3043.0544294198535,0.02758969484715041,308.0
eval_CoNi-AM90_SEM-DIC_EBSD_SlipPartitioning_0#2,eval_CoNi-AM90_SEM-DIC_EBSD_SlipPartitioning_0,ma_roma|direct|invert|s0,ma_roma,transform,10000.0,210.0,410.779,0.021,1036.9155351642717,1070.5782427518302,1983.63793294804,0.01836818404664613,210.0
eval_CoNi-AM90_SEM-DIC_EBSD_SlipPartitioning_0#2,eval_CoNi-AM90_SEM-DIC_EBSD_SlipPartitioning_0,ma_roma|direct|histmatch|s0,ma_roma,transform,10000.0,146.0,1032.689,0.0146,658.1600460855157,691.8227536730742,1316.2126283072444,0.01242858335998111,146.0
eval_CoNi-AM90_SEM-DIC_EBSD_SlipPartitioning_0#2,eval_CoNi-AM90_SEM-DIC_EBSD_SlipPartitioning_0,ma_roma|direct|clahe|s0,ma_roma,transform,10000.0,151.0,2155.116,0.0151,686.8589471369917,720.5216547245502,1367.463828472979,0.01288922549293397,151.0
eval_CoNi-AM90_SEM-DIC_EBSD_SlipPartitioning_0#2,eval_CoNi-AM90_SEM-DIC_EBSD_SlipPartitioning_0,ma_roma|direct|gradmag|s0,ma_roma,transform,10000.0,501.0,534.573,0.0501,2958.303259791468,2991.9659673790266,5217.574426728317,0.04599440546592007,501.0
eval_CoNi-AM90_SEM-DIC_EBSD_SlipPartitioning_0#3,eval_CoNi-AM90_SEM-DIC_EBSD_SlipPartitioning_0,ma_roma|direct|none|s0,ma_roma,core,10000.0,271.0,307.544,0.0271,1416.7847780175634,1450.447485605122,2638.6460300572185,0.024094537831905,271.0
eval_CoNi-AM90_SEM-DIC_EBSD_SlipPartitioning_0#3,eval_CoNi-AM90_SEM-DIC_EBSD_SlipPartitioning_0,ma_roma|pyramid_v2|none|s0,ma_roma,core,10000.0,271.0,307.544,0.0271,1416.7847780175634,1450.447485605122,2638.6460300572185,0.024094537831905,271.0
eval_CoNi-AM90_SEM-DIC_EBSD_SlipPartitioning_0#3,eval_CoNi-AM90_SEM-DIC_EBSD_SlipPartitioning_0,ma_roma|direct|invert|s0,ma_roma,transform,10000.0,255.0,282.656,0.0255,1315.6415046892473,1349.3042122768059,2465.3351647590703,0.022587782727039544,255.0
eval_CoNi-AM90_SEM-DIC_EBSD_SlipPartitioning_0#3,eval_CoNi-AM90_SEM-DIC_EBSD_SlipPartitioning_0,ma_roma|direct|histmatch|s0,ma_roma,transform,10000.0,295.0,130.958,0.0295,1570.30133909059,1603.9640466781486,2900.414001546742,0.026360065950106665,295.0
eval_CoNi-AM90_SEM-DIC_EBSD_SlipPartitioning_0#3,eval_CoNi-AM90_SEM-DIC_EBSD_SlipPartitioning_0,ma_roma|direct|clahe|s0,ma_roma,transform,10000.0,146.0,372.666,0.0146,658.1600460855157,691.8227536730742,1316.2126283072444,0.01242858335998111,146.0
eval_CoNi-AM90_SEM-DIC_EBSD_SlipPartitioning_0#3,eval_CoNi-AM90_SEM-DIC_EBSD_SlipPartitioning_0,ma_roma|direct|gradmag|s0,ma_roma,transform,10000.0,185.0,336.11,0.0185,886.2040636997203,919.8667712872789,1720.1647331629063,0.016037871857846654,185.0
eval_CoNi-AM90_SEM-DIC_EBSD_SlipPartitioning_0#4,eval_CoNi-AM90_SEM-DIC_EBSD_SlipPartitioning_0,ma_roma|direct|none|s0,ma_roma,core,10000.0,220.0,1244.498,0.022,1098.0706597147478,1131.7333673023063,2089.897768304273,0.019303308176876983,220.0
eval_CoNi-AM90_SEM-DIC_EBSD_SlipPartitioning_0#4,eval_CoNi-AM90_SEM-DIC_EBSD_SlipPartitioning_0,ma_roma|pyramid_v2|none|s0,ma_roma,core,10000.0,220.0,1244.498,0.022,1098.0706597147478,1131.7333673023063,2089.897768304273,0.019303308176876983,220.0
eval_CoNi-AM90_SEM-DIC_EBSD_SlipPartitioning_0#4,eval_CoNi-AM90_SEM-DIC_EBSD_SlipPartitioning_0,ma_roma|direct|invert|s0,ma_roma,transform,10000.0,177.0,374.34,0.0177,838.6812469481939,872.3439545357525,1636.5581815942305,0.015294687360053223,177.0
eval_CoNi-AM90_SEM-DIC_EBSD_SlipPartitioning_0#4,eval_CoNi-AM90_SEM-DIC_EBSD_SlipPartitioning_0,ma_roma|direct|histmatch|s0,ma_roma,transform,10000.0,191.0,406.392,0.0191,922.0777344914676,955.7404420790261,1783.1012114480789,0.016596099487374092,191.0
eval_CoNi-AM90_SEM-DIC_EBSD_SlipPartitioning_0#4,eval_CoNi-AM90_SEM-DIC_EBSD_SlipPartitioning_0,ma_roma|direct|clahe|s0,ma_roma,transform,10000.0,441.0,415.173,0.0441,2542.840044372123,2576.5027519596815,4531.482456412981,0.04024788569805465,441.0
eval_CoNi-AM90_SEM-DIC_EBSD_SlipPartitioning_0#4,eval_CoNi-AM90_SEM-DIC_EBSD_SlipPartitioning_0,ma_roma|direct|gradmag|s0,ma_roma,transform,10000.0,225.0,380.187,0.0225,1128.8234499749537,1162.4861575625123,2143.20291740162,0.019771455245325743,225.0
eval_CoNi-AM90_SEM-DIC_EBSD_SlipPartitioning_0#5,eval_CoNi-AM90_SEM-DIC_EBSD_SlipPartitioning_0,ma_roma|direct|none|s0,ma_roma,core,10000.0,336.0,401.21,0.0336,1837.1293077995163,1870.7920153870748,3352.1715104072678,0.03024343535567891,336.0
eval_CoNi-AM90_SEM-DIC_EBSD_SlipPartitioning_0#5,eval_CoNi-AM90_SEM-DIC_EBSD_SlipPartitioning_0,ma_roma|pyramid_v2|none|s0,ma_roma,core,10000.0,242.0,1173.771,0.0242,1234.2172127460376,1267.8799203335961,2325.274715087083,0.021365877393778255,242.0
eval_CoNi-AM90_SEM-DIC_EBSD_SlipPartitioning_0#5,eval_CoNi-AM90_SEM-DIC_EBSD_SlipPartitioning_0,ma_roma|direct|invert|s0,ma_roma,transform,10000.0,141.0,379.658,0.0141,629.6343551911168,663.2970627786754,1265.134645915295,0.011968644299765751,141.0
eval_CoNi-AM90_SEM-DIC_EBSD_SlipPartitioning_0#5,eval_CoNi-AM90_SEM-DIC_EBSD_SlipPartitioning_0,ma_roma|direct|histmatch|s0,ma_roma,transform,10000.0,112.0,414.125,0.0112,467.9400442485107,501.6027518360692,972.6372464334383,0.009316987490236137,112.0
eval_CoNi-AM90_SEM-DIC_EBSD_SlipPartitioning_0#5,eval_CoNi-AM90_SEM-DIC_EBSD_SlipPartitioning_0,ma_roma|direct|clahe|s0,ma_roma,transform,10000.0,246.0,642.531,0.0246,1259.1964560872652,1292.8591636748238,2368.295851983909,0.02174161464802862,246.0
eval_CoNi-AM90_SEM-DIC_EBSD_SlipPartitioning_0#5,eval_CoNi-AM90_SEM-DIC_EBSD_SlipPartitioning_0,ma_roma|direct|gradmag|s0,ma_roma,transform,10000.0,273.0,500.466,0.0273,1429.4970086837639,1463.1597162713224,2660.3792106296537,0.024283092442663634,273.0
eval_CoNi-AM90_SEM-DIC_EBSD_SlipPartitioning_0#6,eval_CoNi-AM90_SEM-DIC_EBSD_SlipPartitioning_0,ma_roma|direct|none|s0,ma_roma,core,10000.0,248.0,332.772,0.0248,1271.7110998001692,1305.3738073877278,2389.8314428619396,0.021929562215162172,248.0
eval_CoNi-AM90_SEM-DIC_EBSD_SlipPartitioning_0#6,eval_CoNi-AM90_SEM-DIC_EBSD_SlipPartitioning_0,ma_roma|pyramid_v2|none|s0,ma_roma,core,10000.0,248.0,332.772,0.0248,1271.7110998001692,1305.3738073877278,2389.8314428619396,0.021929562215162172,248.0
eval_CoNi-AM90_SEM-DIC_EBSD_SlipPartitioning_0#6,eval_CoNi-AM90_SEM-DIC_EBSD_SlipPartitioning_0,ma_roma|direct|invert|s0,ma_roma,transform,10000.0,214.0,305.618,0.0214,1061.320584191994,1094.9832917795525,2026.0848651428132,0.01874204184982402,214.0
eval_CoNi-AM90_SEM-DIC_EBSD_SlipPartitioning_0#6,eval_CoNi-AM90_SEM-DIC_EBSD_SlipPartitioning_0,ma_roma|direct|histmatch|s0,ma_roma,transform,10000.0,575.0,48.939,0.0575,3481.0539778632815,3514.71668545084,6074.100646543414,0.05310492374099383,575.0
eval_CoNi-AM90_SEM-DIC_EBSD_SlipPartitioning_0#6,eval_CoNi-AM90_SEM-DIC_EBSD_SlipPartitioning_0,ma_roma|direct|clahe|s0,ma_roma,transform,10000.0,163.0,367.877,0.0163,756.4100475843159,790.0727551718744,1491.1404736958161,0.013997437725809895,163.0
eval_CoNi-AM90_SEM-DIC_EBSD_SlipPartitioning_0#6,eval_CoNi-AM90_SEM-DIC_EBSD_SlipPartitioning_0,ma_roma|direct|gradmag|s0,ma_roma,transform,10000.0,213.0,392.867,0.0213,1055.2121209717964,1088.874828559355,2015.465930981718,0.018648553035367933,213.0
eval_CoNi-AM90_SEM-DIC_EBSD_SlipPartitioning_0#7,eval_CoNi-AM90_SEM-DIC_EBSD_SlipPartitioning_0,ma_roma|direct|none|s0,ma_roma,core,10000.0,231.0,466.23,0.0231,1165.8763111081075,1199.539018695666,2207.318611887656,0.020333723262891217,231.0
eval_CoNi-AM90_SEM-DIC_EBSD_SlipPartitioning_0#7,eval_CoNi-AM90_SEM-DIC_EBSD_SlipPartitioning_0,ma_roma|pyramid_v2|none|s0,ma_roma,core,10000.0,231.0,466.23,0.0231,1165.8763111081075,1199.539018695666,2207.318611887656,0.020333723262891217,231.0
eval_CoNi-AM90_SEM-DIC_EBSD_SlipPartitioning_0#7,eval_CoNi-AM90_SEM-DIC_EBSD_SlipPartitioning_0,ma_roma|direct|invert|s0,ma_roma,transform,10000.0,224.0,339.607,0.0224,1122.6637388048623,1156.3264463924208,2132.532734292349,0.019677795589832164,224.0
eval_CoNi-AM90_SEM-DIC_EBSD_SlipPartitioning_0#7,eval_CoNi-AM90_SEM-DIC_EBSD_SlipPartitioning_0,ma_roma|direct|histmatch|s0,ma_roma,transform,10000.0,189.0,325.099,0.0189,910.0982535686196,943.7609611561782,1762.1007941248436,0.01640994618236014,189.0
eval_CoNi-AM90_SEM-DIC_EBSD_SlipPartitioning_0#7,eval_CoNi-AM90_SEM-DIC_EBSD_SlipPartitioning_0,ma_roma|direct|clahe|s0,ma_roma,transform,10000.0,274.0,340.144,0.0274,1435.8587693178506,1469.5214769054091,2671.2514462874474,0.024377386671542323,274.0
eval_CoNi-AM90_SEM-DIC_EBSD_SlipPartitioning_0#7,eval_CoNi-AM90_SEM-DIC_EBSD_SlipPartitioning_0,ma_roma|direct|gradmag|s0,ma_roma,transform,10000.0,283.0,390.224,0.0283,1493.281608427423,1526.9443160149815,2769.268562638524,0.025226531864319626,283.0
eval_CoNi-AM90_SEM-DIC_EBSD_SlipPartitioning_0#8,eval_CoNi-AM90_SEM-DIC_EBSD_SlipPartitioning_0,ma_roma|direct|none|s0,ma_roma,core,10000.0,146.0,880.354,0.0146,658.1600460855157,691.8227536730742,1316.2126283072444,0.01242858335998111,146.0
eval_CoNi-AM90_SEM-DIC_EBSD_SlipPartitioning_0#8,eval_CoNi-AM90_SEM-DIC_EBSD_SlipPartitioning_0,ma_roma|pyramid_v2|none|s0,ma_roma,core,10000.0,146.0,880.354,0.0146,658.1600460855157,691.8227536730742,1316.2126283072444,0.01242858335998111,146.0
eval_CoNi-AM90_SEM-DIC_EBSD_SlipPartitioning_0#8,eval_CoNi-AM90_SEM-DIC_EBSD_SlipPartitioning_0,ma_roma|direct|invert|s0,ma_roma,transform,10000.0,149.0,301.778,0.0149,675.3589704673501,709.0216780549086,1346.9429312924594,0.012704886505102705,149.0
eval_CoNi-AM90_SEM-DIC_EBSD_SlipPartitioning_0#8,eval_CoNi-AM90_SEM-DIC_EBSD_SlipPartitioning_0,ma_roma|direct|histmatch|s0,ma_roma,transform,10000.0,91.0,320.489,0.0091,355.49869216048586,389.1613997480444,765.4767607209616,0.007418178537780262,91.0
eval_CoNi-AM90_SEM-DIC_EBSD_SlipPartitioning_0#8,eval_CoNi-AM90_SEM-DIC_EBSD_SlipPartitioning_0,ma_roma|direct|clahe|s0,ma_roma,transform,10000.0,186.0,454.795,0.0186,892.1694441496664,925.832151737225,1730.6405811669304,0.016130861024283946,186.0
eval_CoNi-AM90_SEM-DIC_EBSD_SlipPartitioning_0#8,eval_CoNi-AM90_SEM-DIC_EBSD_SlipPartitioning_0,ma_roma|direct|gradmag|s0,ma_roma,transform,10000.0,293.0,586.954,0.0293,1557.42930112544,1591.0920087129984,2878.521011817225,0.026171040591166105,293.0
eval_CoNi-AM90_SEM-DIC_EBSD_SlipPartitioning_0#9,eval_CoNi-AM90_SEM-DIC_EBSD_SlipPartitioning_0,ma_roma|direct|none|s0,ma_roma,core,10000.0,408.0,221.219,0.0408,2317.9083193104243,2351.571026897983,4157.704932450524,0.0370957383513174,408.0
eval_CoNi-AM90_SEM-DIC_EBSD_SlipPartitioning_0#9,eval_CoNi-AM90_SEM-DIC_EBSD_SlipPartitioning_0,ma_roma|pyramid_v2|none|s0,ma_roma,core,10000.0,408.0,221.219,0.0408,2317.9083193104243,2351.571026897983,4157.704932450524,0.0370957383513174,408.0
eval_CoNi-AM90_SEM-DIC_EBSD_SlipPartitioning_0#9,eval_CoNi-AM90_SEM-DIC_EBSD_SlipPartitioning_0,ma_roma|direct|invert|s0,ma_roma,transform,10000.0,183.0,244.446,0.0183,874.2898097355281,907.9525173230867,1699.2295445432362,0.0158519532884049,183.0
eval_CoNi-AM90_SEM-DIC_EBSD_SlipPartitioning_0#9,eval_CoNi-AM90_SEM-DIC_EBSD_SlipPartitioning_0,ma_roma|direct|histmatch|s0,ma_roma,transform,10000.0,264.0,1470.727,0.0264,1372.41195073463,1406.0746583221885,2562.699879640839,0.023434958526364326,264.0
eval_CoNi-AM90_SEM-DIC_EBSD_SlipPartitioning_0#9,eval_CoNi-AM90_SEM-DIC_EBSD_SlipPartitioning_0,ma_roma|direct|clahe|s0,ma_roma,transform,10000.0,263.0,508.621,0.0263,1366.0883961433203,1399.7511037308789,2551.865850518936,0.023340779696836927,263.0
eval_CoNi-AM90_SEM-DIC_EBSD_SlipPartitioning_0#9,eval_CoNi-AM90_SEM-DIC_EBSD_SlipPartitioning_0,ma_roma|direct|gradmag|s0,ma_roma,transform,10000.0,304.0,518.188,0.0304,1628.3968204032915,1662.05952799085,2999.1037675974426,0.027211172645034566,304.0
eval_CoNi-AM90_SEM-DIC_EBSD_SlipPartitioning_0#10,eval_CoNi-AM90_SEM-DIC_EBSD_SlipPartitioning_0,ma_roma|direct|none|s0,ma_roma,core,10000.0,215.0,394.879,0.0215,1067.4338115086982,1101.0965190962568,2036.7085634975356,0.018835546721927495,215.0
eval_CoNi-AM90_SEM-DIC_EBSD_SlipPartitioning_0#10,eval_CoNi-AM90_SEM-DIC_EBSD_SlipPartitioning_0,ma_roma|pyramid_v2|none|s0,ma_roma,core,10000.0,215.0,394.879,0.0215,1067.4338115086982,1101.0965190962568,2036.7085634975356,0.018835546721927495,215.0
eval_CoNi-AM90_SEM-DIC_EBSD_SlipPartitioning_0#10,eval_CoNi-AM90_SEM-DIC_EBSD_SlipPartitioning_0,ma_roma|direct|invert|s0,ma_roma,transform,10000.0,327.0,325.351,0.0327,1778.0918650400772,1811.7545726276358,3252.5397741029283,0.02938969449755885,327.0
eval_CoNi-AM90_SEM-DIC_EBSD_SlipPartitioning_0#10,eval_CoNi-AM90_SEM-DIC_EBSD_SlipPartitioning_0,ma_roma|direct|histmatch|s0,ma_roma,transform,10000.0,290.0,352.538,0.029,1538.1475994680156,1571.8103070555742,2845.70788279885,0.02588757891009469,290.0
eval_CoNi-AM90_SEM-DIC_EBSD_SlipPartitioning_0#10,eval_CoNi-AM90_SEM-DIC_EBSD_SlipPartitioning_0,ma_roma|direct|clahe|s0,ma_roma,transform,10000.0,299.0,351.187,0.0299,1596.087169475691,1629.7498770632496,2944.2417359038104,0.026738237047978175,299.0
eval_CoNi-AM90_SEM-DIC_EBSD_SlipPartitioning_0#10,eval_CoNi-AM90_SEM-DIC_EBSD_SlipPartitioning_0,ma_roma|direct|gradmag|s0,ma_roma,transform,10000.0,319.0,365.263,0.0319,1725.8286115942994,1759.491319181858,3164.1927060261905,0.028631402587680564,319.0
eval_CoNi-AM90_SEM-DIC_EBSD_SlipPartitioning_0#11,eval_CoNi-AM90_SEM-DIC_EBSD_SlipPartitioning_0,ma_roma|direct|none|s0,ma_roma,core,10000.0,104.0,475.686,0.0104,424.5934603410086,458.25616792856715,893.2071369068913,0.008591159114003776,104.0
eval_CoNi-AM90_SEM-DIC_EBSD_SlipPartitioning_0#11,eval_CoNi-AM90_SEM-DIC_EBSD_SlipPartitioning_0,ma_roma|pyramid_v2|none|s0,ma_roma,core,10000.0,104.0,475.686,0.0104,424.5934603410086,458.25616792856715,893.2071369068913,0.008591159114003776,104.0
eval_CoNi-AM90_SEM-DIC_EBSD_SlipPartitioning_0#11,eval_CoNi-AM90_SEM-DIC_EBSD_SlipPartitioning_0,ma_roma|direct|invert|s0,ma_roma,transform,10000.0,148.0,693.687,0.0148,669.6191452267703,703.2818528143289,1336.6926462232307,0.01261275780745284,148.0
eval_CoNi-AM90_SEM-DIC_EBSD_SlipPartitioning_0#11,eval_CoNi-AM90_SEM-DIC_EBSD_SlipPartitioning_0,ma_roma|direct|histmatch|s0,ma_roma,transform,10000.0,330.0,755.386,0.033,1797.7429319406856,1831.4056395282441,3285.7222719480255,0.02967419810234849,330.0
eval_CoNi-AM90_SEM-DIC_EBSD_SlipPartitioning_0#11,eval_CoNi-AM90_SEM-DIC_EBSD_SlipPartitioning_0,ma_roma|direct|clahe|s0,ma_roma,transform,10000.0,202.0,391.341,0.0202,988.3398484676349,1022.0025560551934,1898.9784849485336,0.017621268357355523,202.0
eval_CoNi-AM90_SEM-DIC_EBSD_SlipPartitioning_0#11,eval_CoNi-AM90_SEM-DIC_EBSD_SlipPartitioning_0,ma_roma|direct|gradmag|s0,ma_roma,transform,10000.0,450.0,492.342,0.045,2604.64098950336,2638.3036970909184,4633.877712569017,0.04110865767535975,450.0
eval_CoNi-AM90_SEM-DIC_EBSD_SlipPartitioning_0#12,eval_CoNi-AM90_SEM-DIC_EBSD_SlipPartitioning_0,ma_roma|direct|none|s0,ma_roma,core,10000.0,234.0,232.409,0.0234,1184.4626944222543,1218.125402009813,2239.4364129355063,0.020615052418805912,234.0
eval_CoNi-AM90_SEM-DIC_EBSD_SlipPartitioning_0#12,eval_CoNi-AM90_SEM-DIC_EBSD_SlipPartitioning_0,ma_roma|pyramid_v2|none|s0,ma_roma,core,10000.0,154.0,307.33,0.0154,704.1586253503056,737.8213329378641,1398.2953340551057,0.013165934022359623,154.0
eval_CoNi-AM90_SEM-DIC_EBSD_SlipPartitioning_0#12,eval_CoNi-AM90_SEM-DIC_EBSD_SlipPartitioning_0,ma_roma|direct|invert|s0,ma_roma,transform,10000.0,164.0,449.023,0.0164,762.2473128358862,795.9100204234447,1501.4882025390323,0.014089949587910893,164.0
eval_CoNi-AM90_SEM-DIC_EBSD_SlipPartitioning_0#12,eval_CoNi-AM90_SEM-DIC_EBSD_SlipPartitioning_0,ma_roma|direct|histmatch|s0,ma_roma,transform,10000.0,273.0,275.951,0.0273,1429.4970086837639,1463.1597162713224,2660.3792106296537,0.024283092442663634,273.0
eval_CoNi-AM90_SEM-DIC_EBSD_SlipPartitioning_0#12,eval_CoNi-AM90_SEM-DIC_EBSD_SlipPartitioning_0,ma_roma|direct|clahe|s0,ma_roma,transform,10000.0,172.0,403.992,0.0172,809.1649028604785,842.827610448037,1584.4895087261273,0.014830880567997445,172.0
eval_CoNi-AM90_SEM-DIC_EBSD_SlipPartitioning_0#12,eval_CoNi-AM90_SEM-DIC_EBSD_SlipPartitioning_0,ma_roma|direct|gradmag|s0,ma_roma,transform,10000.0,283.0,368.523,0.0283,1493.281608427423,1526.9443160149815,2769.268562638524,0.025226531864319626,283.0
eval_CoNi-AM90_SEM-DIC_EBSD_SlipPartitioning_0#13,eval_CoNi-AM90_SEM-DIC_EBSD_SlipPartitioning_0,ma_roma|direct|none|s0,ma_roma,core,10000.0,250.0,397.503,0.025,1284.2422501431286,1317.904957730687,2411.383540620006,0.022117561585524425,250.0
eval_CoNi-AM90_SEM-DIC_EBSD_SlipPartitioning_0#13,eval_CoNi-AM90_SEM-DIC_EBSD_SlipPartitioning_0,ma_roma|pyramid_v2|none|s0,ma_roma,core,10000.0,250.0,397.503,0.025,1284.2422501431286,1317.904957730687,2411.383540620006,0.022117561585524425,250.0
eval_CoNi-AM90_SEM-DIC_EBSD_SlipPartitioning_0#13,eval_CoNi-AM90_SEM-DIC_EBSD_SlipPartitioning_0,ma_roma|direct|invert|s0,ma_roma,transform,10000.0,255.0,375.91,0.0255,1315.6415046892473,1349.3042122768059,2465.3351647590703,0.022587782727039544,255.0
eval_CoNi-AM90_SEM-DIC_EBSD_SlipPartitioning_0#13,eval_CoNi-AM90_SEM-DIC_EBSD_SlipPartitioning_0,ma_roma|direct|histmatch|s0,ma_roma,transform,10000.0,314.0,417.394,0.0314,1693.2688455342623,1726.9315531218208,3109.0805567695324,0.028157760928494462,314.0
eval_CoNi-AM90_SEM-DIC_EBSD_SlipPartitioning_0#13,eval_CoNi-AM90_SEM-DIC_EBSD_SlipPartitioning_0,ma_roma|direct|clahe|s0,ma_roma,transform,10000.0,235.0,479.936,0.0235,1190.6669133435978,1224.3296209311563,2250.1511045847383,0.020708857111790654,235.0
eval_CoNi-AM90_SEM-DIC_EBSD_SlipPartitioning_0#13,eval_CoNi-AM90_SEM-DIC_EBSD_SlipPartitioning_0,ma_roma|direct|gradmag|s0,ma_roma,transform,10000.0,289.0,352.062,0.0289,1531.7274404502052,1565.3901480377638,2834.777248071792,0.025793112248356998,289.0
eval_CoNi-AM90_SEM-DIC_EBSD_SlipPartitioning_0#14,eval_CoNi-AM90_SEM-DIC_EBSD_SlipPartitioning_0,ma_roma|direct|none|s0,ma_roma,core,10000.0,165.0,10179.107,0.0165,768.0907585782439,801.7534661658025,1511.842112088121,0.01418248515460822,165.0
eval_CoNi-AM90_SEM-DIC_EBSD_SlipPartitioning_0#14,eval_CoNi-AM90_SEM-DIC_EBSD_SlipPartitioning_0,ma_roma|pyramid_v2|none|s0,ma_roma,core,10000.0,117.0,242.456,0.0117,495.32656978865407,528.9892773762126,1022.5759979581121,0.00977199841537232,117.0
eval_CoNi-AM90_SEM-DIC_EBSD_SlipPartitioning_0#14,eval_CoNi-AM90_SEM-DIC_EBSD_SlipPartitioning_0,ma_roma|direct|invert|s0,ma_roma,transform,10000.0,269.0,1999.927,0.0269,1404.0876913599739,1437.7503989475324,2616.927993685123,0.023906028754578656,269.0
eval_CoNi-AM90_SEM-DIC_EBSD_SlipPartitioning_0#14,eval_CoNi-AM90_SEM-DIC_EBSD_SlipPartitioning_0,ma_roma|direct|histmatch|s0,ma_roma,transform,10000.0,74.0,886.833,0.0074,268.010834979017,301.6735425665755,601.3119112668724,0.005899086359582839,74.0
eval_CoNi-AM90_SEM-DIC_EBSD_SlipPartitioning_0#14,eval_CoNi-AM90_SEM-DIC_EBSD_SlipPartitioning_0,ma_roma|direct|clahe|s0,ma_roma,transform,10000.0,111.0,2971.923,0.0111,462.48939823113346,496.152105818692,962.6761571636366,0.009226107694534672,111.0
eval_CoNi-AM90_SEM-DIC_EBSD_SlipPartitioning_0#14,eval_CoNi-AM90_SEM-DIC_EBSD_SlipPartitioning_0,ma_roma|direct|gradmag|s0,ma_roma,transform,10000.0,243.0,548.019,0.0243,1240.455726532421,1274.1184341199796,2336.023702163548,0.021459791775913603,243.0
eval_CoNi-AM90_SEM-DIC_EBSD_SlipPartitioning_0#15,eval_CoNi-AM90_SEM-DIC_EBSD_SlipPartitioning_0,ma_roma|direct|none|s0,ma_roma,core,10000.0,773.0,470.395,0.0773,4926.6617724163525,4960.324480003911,8412.783548129957,0.07222639031454538,773.0
eval_CoNi-AM90_SEM-DIC_EBSD_SlipPartitioning_0#15,eval_CoNi-AM90_SEM-DIC_EBSD_SlipPartitioning_0,ma_roma|pyramid_v2|none|s0,ma_roma,core,10000.0,773.0,470.395,0.0773,4926.6617724163525,4960.324480003911,8412.783548129957,0.07222639031454538,773.0
eval_CoNi-AM90_SEM-DIC_EBSD_SlipPartitioning_0#15,eval_CoNi-AM90_SEM-DIC_EBSD_SlipPartitioning_0,ma_roma|direct|invert|s0,ma_roma,transform,10000.0,339.0,481.944,0.0339,1856.8641317760175,1890.526839363576,3385.4377660271284,0.030528167026144658,339.0
eval_CoNi-AM90_SEM-DIC_EBSD_SlipPartitioning_0#15,eval_CoNi-AM90_SEM-DIC_EBSD_SlipPartitioning_0,ma_roma|direct|histmatch|s0,ma_roma,transform,10000.0,334.0,587.94,0.0334,1823.9881199937804,1857.650827581339,3330.009368298201,0.030053655869076296,334.0
eval_CoNi-AM90_SEM-DIC_EBSD_SlipPartitioning_0#15,eval_CoNi-AM90_SEM-DIC_EBSD_SlipPartitioning_0,ma_roma|direct|clahe|s0,ma_roma,transform,10000.0,304.0,251.698,0.0304,1628.3968204032915,1662.05952799085,2999.1037675974426,0.027211172645034566,304.0
eval_CoNi-AM90_SEM-DIC_EBSD_SlipPartitioning_0#15,eval_CoNi-AM90_SEM-DIC_EBSD_SlipPartitioning_0,ma_roma|direct|gradmag|s0,ma_roma,transform,10000.0,354.0,352.374,0.0354,1955.9452913669838,1989.6079989545424,3552.1760870342778,0.03195291815893721,354.0
eval_CoNi-AM90_SEM-DIC_EBSD_SlipPartitioning_0#16,eval_CoNi-AM90_SEM-DIC_EBSD_SlipPartitioning_0,ma_roma|direct|none|s0,ma_roma,core,10000.0,853.0,568.056,0.0853,5527.192521326004,5560.855228913562,9374.152752247885,0.07998325900701442,853.0
eval_CoNi-AM90_SEM-DIC_EBSD_SlipPartitioning_0#16,eval_CoNi-AM90_SEM-DIC_EBSD_SlipPartitioning_0,ma_roma|pyramid_v2|none|s0,ma_roma,core,10000.0,853.0,568.056,0.0853,5527.192521326004,5560.855228913562,9374.152752247885,0.07998325900701442,853.0
eval_CoNi-AM90_SEM-DIC_EBSD_SlipPartitioning_0#16,eval_CoNi-AM90_SEM-DIC_EBSD_SlipPartitioning_0,ma_roma|direct|invert|s0,ma_roma,transform,10000.0,320.0,477.064,0.032,1732.3503037160297,1766.0130113035882,3175.2248748766365,0.0287261580441765,320.0
eval_CoNi-AM90_SEM-DIC_EBSD_SlipPartitioning_0#16,eval_CoNi-AM90_SEM-DIC_EBSD_SlipPartitioning_0,ma_roma|direct|histmatch|s0,ma_roma,transform,10000.0,442.0,315.026,0.0442,2549.697405207638,2583.3601127951965,4542.850296207608,0.04034350470151691,442.0
eval_CoNi-AM90_SEM-DIC_EBSD_SlipPartitioning_0#16,eval_CoNi-AM90_SEM-DIC_EBSD_SlipPartitioning_0,ma_roma|direct|clahe|s0,ma_roma,transform,10000.0,454.0,295.588,0.0454,2632.1687279116136,2665.831435499172,4679.447367264487,0.04149136628670678,454.0
eval_CoNi-AM90_SEM-DIC_EBSD_SlipPartitioning_0#16,eval_CoNi-AM90_SEM-DIC_EBSD_SlipPartitioning_0,ma_roma|direct|gradmag|s0,ma_roma,transform,10000.0,261.0,440.303,0.0261,1353.4529945481686,1387.1157021357271,2530.209500020472,0.023152457773687764,261.0
eval_CoNi-AM90_SEM-DIC_EBSD_SlipPartitioning_0#17,eval_CoNi-AM90_SEM-DIC_EBSD_SlipPartitioning_0,ma_roma|direct|none|s0,ma_roma,core,10000.0,569.0,518.815,0.0569,3438.2751517405136,3471.937859328072,6004.258940708694,0.05252754896484829,569.0
eval_CoNi-AM90_SEM-DIC_EBSD_SlipPartitioning_0#17,eval_CoNi-AM90_SEM-DIC_EBSD_SlipPartitioning_0,ma_roma|pyramid_v2|none|s0,ma_roma,core,10000.0,569.0,518.815,0.0569,3438.2751517405136,3471.937859328072,6004.258940708694,0.05252754896484829,569.0
eval_CoNi-AM90_SEM-DIC_EBSD_SlipPartitioning_0#17,eval_CoNi-AM90_SEM-DIC_EBSD_SlipPartitioning_0,ma_roma|direct|invert|s0,ma_roma,transform,10000.0,263.0,463.588,0.0263,1366.0883961433203,1399.7511037308789,2551.865850518936,0.023340779696836927,263.0
eval_CoNi-AM90_SEM-DIC_EBSD_SlipPartitioning_0#17,eval_CoNi-AM90_SEM-DIC_EBSD_SlipPartitioning_0,ma_roma|direct|histmatch|s0,ma_roma,transform,10000.0,380.0,402.301,0.038,2129.2301921503517,2162.8928997379103,3842.733412110982,0.03442655164221639,380.0
eval_CoNi-AM90_SEM-DIC_EBSD_SlipPartitioning_0#17,eval_CoNi-AM90_SEM-DIC_EBSD_SlipPartitioning_0,ma_roma|direct|clahe|s0,ma_roma,transform,10000.0,161.0,515.16,0.0161,744.754207677481,778.4169152650395,1470.4637072669009,0.013812485972864772,161.0
eval_CoNi-AM90_SEM-DIC_EBSD_SlipPartitioning_0#17,eval_CoNi-AM90_SEM-DIC_EBSD_SlipPartitioning_0,ma_roma|direct|gradmag|s0,ma_roma,transform,10000.0,241.0,555.984,0.0241,1227.9829250836415,1261.6456326712,2314.529954201847,0.021271976432557342,241.0
eval_CoNi-AM90_SEM-DIC_EBSD_SlipPartitioning_0#18,eval_CoNi-AM90_SEM-DIC_EBSD_SlipPartitioning_0,ma_roma|direct|none|s0,ma_roma,core,10000.0,181.0,1597.882,0.0181,862.3977613227557,896.0604689103143,1678.316562095158,0.01566611546957212,181.0
eval_CoNi-AM90_SEM-DIC_EBSD_SlipPartitioning_0#18,eval_CoNi-AM90_SEM-DIC_EBSD_SlipPartitioning_0,ma_roma|pyramid_v2|none|s0,ma_roma,core,10000.0,181.0,1597.882,0.0181,862.3977613227557,896.0604689103143,1678.316562095158,0.01566611546957212,181.0
eval_CoNi-AM90_SEM-DIC_EBSD_SlipPartitioning_0#18,eval_CoNi-AM90_SEM-DIC_EBSD_SlipPartitioning_0,ma_roma|direct|invert|s0,ma_roma,transform,10000.0,191.0,381.147,0.0191,922.0777344914676,955.7404420790261,1783.1012114480789,0.016596099487374092,191.0
eval_CoNi-AM90_SEM-DIC_EBSD_SlipPartitioning_0#18,eval_CoNi-AM90_SEM-DIC_EBSD_SlipPartitioning_0,ma_roma|direct|histmatch|s0,ma_roma,transform,10000.0,352.0,488.129,0.0352,1942.695853078726,1976.3585606662846,3529.9056935964136,0.03176284843342436,352.0
eval_CoNi-AM90_SEM-DIC_EBSD_SlipPartitioning_0#18,eval_CoNi-AM90_SEM-DIC_EBSD_SlipPartitioning_0,ma_roma|direct|clahe|s0,ma_roma,transform,10000.0,626.0,434.708,0.0626,3847.291063070748,3880.9537706583064,6670.372216102934,0.05801804389764283,626.0
eval_CoNi-AM90_SEM-DIC_EBSD_SlipPartitioning_0#18,eval_CoNi-AM90_SEM-DIC_EBSD_SlipPartitioning_0,ma_roma|direct|gradmag|s0,ma_roma,transform,10000.0,419.0,366.296,0.0419,2392.5869151803026,2426.249622767861,4281.998793085017,0.03814572841630529,419.0
eval_CoNi-AM90_SEM-DIC_EBSD_SlipPartitioning_0#19,eval_CoNi-AM90_SEM-DIC_EBSD_SlipPartitioning_0,ma_roma|direct|none|s0,ma_roma,core,10000.0,306.0,297.914,0.0306,1641.3444671399886,1675.0071747275472,3021.0723668808378,0.02740041465717347,306.0
eval_CoNi-AM90_SEM-DIC_EBSD_SlipPartitioning_0#19,eval_CoNi-AM90_SEM-DIC_EBSD_SlipPartitioning_0,ma_roma|pyramid_v2|none|s0,ma_roma,core,10000.0,306.0,297.914,0.0306,1641.3444671399886,1675.0071747275472,3021.0723668808378,0.02740041465717347,306.0
eval_CoNi-AM90_SEM-DIC_EBSD_SlipPartitioning_0#19,eval_CoNi-AM90_SEM-DIC_EBSD_SlipPartitioning_0,ma_roma|direct|invert|s0,ma_roma,transform,10000.0,298.0,406.501,0.0298,1589.6355209356577,1623.2982285232163,2933.2796113163076,0.02664367934836092,298.0
eval_CoNi-AM90_SEM-DIC_EBSD_SlipPartitioning_0#19,eval_CoNi-AM90_SEM-DIC_EBSD_SlipPartitioning_0,ma_roma|direct|histmatch|s0,ma_roma,transform,10000.0,233.0,381.312,0.0233,1178.2628422153296,1211.925549802888,2228.7260880750446,0.02052126182064658,233.0
eval_CoNi-AM90_SEM-DIC_EBSD_SlipPartitioning_0#19,eval_CoNi-AM90_SEM-DIC_EBSD_SlipPartitioning_0,ma_roma|direct|clahe|s0,ma_roma,transform,10000.0,287.0,464.085,0.0287,1518.8978058734533,1552.5605134610119,2812.9266621955817,0.025604210083046038,287.0
eval_CoNi-AM90_SEM-DIC_EBSD_SlipPartitioning_0#19,eval_CoNi-AM90_SEM-DIC_EBSD_SlipPartitioning_0,ma_roma|direct|gradmag|s0,ma_roma,transform,10000.0,418.0,412.531,0.0418,2385.7853962460285,2419.448103833587,4270.686795468835,0.038050244002116214,418.0
eval_CoNi-AM90_SEM-DIC_EBSD_SlipPartitioning_0#20,eval_CoNi-AM90_SEM-DIC_EBSD_SlipPartitioning_0,ma_roma|direct|none|s0,ma_roma,core,10000.0,346.0,405.072,0.0346,1903.0183699403342,1936.6810775278927,3463.1653455412243,0.03119282739795368,346.0
eval_CoNi-AM90_SEM-DIC_EBSD_SlipPartitioning_0#20,eval_CoNi-AM90_SEM-DIC_EBSD_SlipPartitioning_0,ma_roma|pyramid_v2|none|s0,ma_roma,core,10000.0,346.0,405.072,0.0346,1903.0183699403342,1936.6810775278927,3463.1653455412243,0.03119282739795368,346.0
eval_CoNi-AM90_SEM-DIC_EBSD_SlipPartitioning_0#20,eval_CoNi-AM90_SEM-DIC_EBSD_SlipPartitioning_0,ma_roma|direct|invert|s0,ma_roma,transform,10000.0,356.0,297.374,0.0356,1969.2064277765735,2002.869135364132,3574.458178679658,0.032143018815656274,356.0
eval_CoNi-AM90_SEM-DIC_EBSD_SlipPartitioning_0#20,eval_CoNi-AM90_SEM-DIC_EBSD_SlipPartitioning_0,ma_roma|direct|histmatch|s0,ma_roma,transform,10000.0,203.0,441.567,0.0203,994.3944195207152,1028.0571271082738,1909.5435257778074,0.017714572967792833,203.0
eval_CoNi-AM90_SEM-DIC_EBSD_SlipPartitioning_0#20,eval_CoNi-AM90_SEM-DIC_EBSD_SlipPartitioning_0,ma_roma|direct|clahe|s0,ma_roma,transform,10000.0,165.0,344.071,0.0165,768.0907585782439,801.7534661658025,1511.842112088121,0.01418248515460822,165.0
eval_CoNi-AM90_SEM-DIC_EBSD_SlipPartitioning_0#20,eval_CoNi-AM90_SEM-DIC_EBSD_SlipPartitioning_0,ma_roma|direct|gradmag|s0,ma_roma,transform,10000.0,858.0,333.534,0.0858,5565.005491280788,5598.668198868347,9434.518126013518,0.08046856034232881,858.0
eval_CoNi-AM90_SEM-DIC_EBSD_SlipPartitioning_0#21,eval_CoNi-AM90_SEM-DIC_EBSD_SlipPartitioning_0,ma_roma|direct|none|s0,ma_roma,core,10000.0,392.0,254.075,0.0392,2209.8384462181,2243.5011538056588,3977.4674046020687,0.035569850584891594,392.0
eval_CoNi-AM90_SEM-DIC_EBSD_SlipPartitioning_0#21,eval_CoNi-AM90_SEM-DIC_EBSD_SlipPartitioning_0,ma_roma|pyramid_v2|none|s0,ma_roma,core,10000.0,392.0,254.075,0.0392,2209.8384462181,2243.5011538056588,3977.4674046020687,0.035569850584891594,392.0
eval_CoNi-AM90_SEM-DIC_EBSD_SlipPartitioning_0#21,eval_CoNi-AM90_SEM-DIC_EBSD_SlipPartitioning_0,ma_roma|direct|invert|s0,ma_roma,transform,10000.0,363.0,270.461,0.0363,2015.7116215908381,2049.3743291783967,3652.53671647737,0.03280861111828894,363.0
eval_CoNi-AM90_SEM-DIC_EBSD_SlipPartitioning_0#21,eval_CoNi-AM90_SEM-DIC_EBSD_SlipPartitioning_0,ma_roma|direct|histmatch|s0,ma_roma,transform,10000.0,144.0,361.632,0.0144,646.7286561156618,680.3913637032203,1295.760320780189,0.012244521370558361,144.0
eval_CoNi-AM90_SEM-DIC_EBSD_SlipPartitioning_0#21,eval_CoNi-AM90_SEM-DIC_EBSD_SlipPartitioning_0,ma_roma|direct|clahe|s0,ma_roma,transform,10000.0,204.0,214.648,0.0204,1000.4540065404403,1034.1167141279989,1920.113582687439,0.017807894923034102,204.0
eval_CoNi-AM90_SEM-DIC_EBSD_SlipPartitioning_0#21,eval_CoNi-AM90_SEM-DIC_EBSD_SlipPartitioning_0,ma_roma|direct|gradmag|s0,ma_roma,transform,10000.0,123.0,380.404,0.0123,528.4738766992327,562.1365842867913,1082.7859953656532,0.01031929142332744,123.0
eval_CoNi-AM90_SEM-DIC_EBSD_SlipPartitioning_0#22,eval_CoNi-AM90_SEM-DIC_EBSD_SlipPartitioning_0,ma_roma|direct|none|s0,ma_roma,core,10000.0,364.0,907.182,0.0364,2022.3667008529915,2056.02940844055,3663.7022735327323,0.03290372580498077,364.0
eval_CoNi-AM90_SEM-DIC_EBSD_SlipPartitioning_0#22,eval_CoNi-AM90_SEM-DIC_EBSD_SlipPartitioning_0,ma_roma|pyramid_v2|none|s0,ma_roma,core,10000.0,364.0,907.182,0.0364,2022.3667008529915,2056.02940844055,3663.7022735327323,0.03290372580498077,364.0
eval_CoNi-AM90_SEM-DIC_EBSD_SlipPartitioning_0#22,eval_CoNi-AM90_SEM-DIC_EBSD_SlipPartitioning_0,ma_roma|direct|invert|s0,ma_roma,transform,10000.0,317.0,384.839,0.0317,1712.794936626015,1746.4576442135735,3142.138077689022,0.028441918675691936,317.0
eval_CoNi-AM90_SEM-DIC_EBSD_SlipPartitioning_0#22,eval_CoNi-AM90_SEM-DIC_EBSD_SlipPartitioning_0,ma_roma|direct|histmatch|s0,ma_roma,transform,10000.0,175.0,501.602,0.0175,826.8572774465555,860.519985034114,1615.7132800457787,0.015109099799892459,175.0
eval_CoNi-AM90_SEM-DIC_EBSD_SlipPartitioning_0#22,eval_CoNi-AM90_SEM-DIC_EBSD_SlipPartitioning_0,ma_roma|direct|clahe|s0,ma_roma,transform,10000.0,244.0,280.462,0.0244,1246.6984495188597,1280.3611571064182,2346.776898506485,0.021553719498578837,244.0
eval_CoNi-AM90_SEM-DIC_EBSD_SlipPartitioning_0#22,eval_CoNi-AM90_SEM-DIC_EBSD_SlipPartitioning_0,ma_roma|direct|gradmag|s0,ma_roma,transform,10000.0,204.0,400.933,0.0204,1000.4540065404403,1034.1167141279989,1920.113582687439,0.017807894923034102,204.0
eval_CoNi-AM90_SEM-DIC_EBSD_SlipPartitioning_0#23,eval_CoNi-AM90_SEM-DIC_EBSD_SlipPartitioning_0,ma_roma|direct|none|s0,ma_roma,core,10000.0,405.0,684.784,0.0405,2297.594695934485,2331.2574035220437,4123.859873519852,0.03680950862789258,405.0
eval_CoNi-AM90_SEM-DIC_EBSD_SlipPartitioning_0#23,eval_CoNi-AM90_SEM-DIC_EBSD_SlipPartitioning_0,ma_roma|pyramid_v2|none|s0,ma_roma,core,10000.0,405.0,684.784,0.0405,2297.594695934485,2331.2574035220437,4123.859873519852,0.03680950862789258,405.0
eval_CoNi-AM90_SEM-DIC_EBSD_SlipPartitioning_0#23,eval_CoNi-AM90_SEM-DIC_EBSD_SlipPartitioning_0,ma_roma|direct|invert|s0,ma_roma,transform,10000.0,390.0,363.591,0.039,2196.376911690865,2230.0396192784237,3954.9849135063278,0.035379232816902695,390.0
eval_CoNi-AM90_SEM-DIC_EBSD_SlipPartitioning_0#23,eval_CoNi-AM90_SEM-DIC_EBSD_SlipPartitioning_0,ma_roma|direct|histmatch|s0,ma_roma,transform,10000.0,239.0,345.478,0.0239,1215.5270965292239,1249.1898041167824,2293.053179406837,0.021084215098547462,239.0
eval_CoNi-AM90_SEM-DIC_EBSD_SlipPartitioning_0#23,eval_CoNi-AM90_SEM-DIC_EBSD_SlipPartitioning_0,ma_roma|direct|clahe|s0,ma_roma,transform,10000.0,165.0,338.84,0.0165,768.0907585782439,801.7534661658025,1511.842112088121,0.01418248515460822,165.0
eval_CoNi-AM90_SEM-DIC_EBSD_SlipPartitioning_0#23,eval_CoNi-AM90_SEM-DIC_EBSD_SlipPartitioning_0,ma_roma|direct|gradmag|s0,ma_roma,transform,10000.0,209.0,206.265,0.0209,1030.8263486433957,1064.4890562309542,1973.0382758887,0.018274760578079145,209.0
eval_CoNi-AM90_SEM-DIC_EBSD_SlipPartitioning_0#24,eval_CoNi-AM90_SEM-DIC_EBSD_SlipPartitioning_0,ma_roma|direct|none|s0,ma_roma,core,10000.0,260.0,464.946,0.026,1347.1411765475134,1380.803884135072,2519.387207648311,0.02305831481278748,260.0
eval_CoNi-AM90_SEM-DIC_EBSD_SlipPartitioning_0#24,eval_CoNi-AM90_SEM-DIC_EBSD_SlipPartitioning_0,ma_roma|pyramid_v2|none|s0,ma_roma,core,10000.0,260.0,464.946,0.026,1347.1411765475134,1380.803884135072,2519.387207648311,0.02305831481278748,260.0
eval_CoNi-AM90_SEM-DIC_EBSD_SlipPartitioning_0#24,eval_CoNi-AM90_SEM-DIC_EBSD_SlipPartitioning_0,ma_roma|direct|invert|s0,ma_roma,transform,10000.0,262.0,228.015,0.0262,1359.768739265733,1393.4314468532916,2541.0357191631797,0.02324661275726247,262.0
eval_CoNi-AM90_SEM-DIC_EBSD_SlipPartitioning_0#24,eval_CoNi-AM90_SEM-DIC_EBSD_SlipPartitioning_0,ma_roma|direct|histmatch|s0,ma_roma,transform,10000.0,322.0,211.343,0.0322,1745.4033484604336,1779.066056047992,3197.298873165649,0.02891569575526514,322.0
eval_CoNi-AM90_SEM-DIC_EBSD_SlipPartitioning_0#24,eval_CoNi-AM90_SEM-DIC_EBSD_SlipPartitioning_0,ma_roma|direct|clahe|s0,ma_roma,transform,10000.0,339.0,364.454,0.0339,1856.8641317760175,1890.526839363576,3385.4377660271284,0.030528167026144658,339.0
eval_CoNi-AM90_SEM-DIC_EBSD_SlipPartitioning_0#24,eval_CoNi-AM90_SEM-DIC_EBSD_SlipPartitioning_0,ma_roma|direct|gradmag|s0,ma_roma,transform,10000.0,164.0,346.543,0.0164,762.2473128358862,795.9100204234447,1501.4882025390323,0.014089949587910893,164.0
eval_CoNi-AM90_SEM-DIC_EBSD_SlipPartitioning_0#25,eval_CoNi-AM90_SEM-DIC_EBSD_SlipPartitioning_0,ma_roma|direct|none|s0,ma_roma,core,10000.0,162.0,251.964,0.0162,750.5789999901365,784.241707577695,1480.7989627290406,0.01390494978185447,162.0
eval_CoNi-AM90_SEM-DIC_EBSD_SlipPartitioning_0#25,eval_CoNi-AM90_SEM-DIC_EBSD_SlipPartitioning_0,ma_roma|pyramid_v2|none|s0,ma_roma,core,10000.0,277.0,472.758,0.0277,1454.9664730048987,1488.6291805924573,2703.8905753218773,0.02466033633788896,277.0
eval_CoNi-AM90_SEM-DIC_EBSD_SlipPartitioning_0#25,eval_CoNi-AM90_SEM-DIC_EBSD_SlipPartitioning_0,ma_roma|direct|invert|s0,ma_roma,transform,10000.0,344.0,298.419,0.0344,1889.8163708397217,1923.4790784272802,3440.942391650829,0.031002883969362332,344.0
eval_CoNi-AM90_SEM-DIC_EBSD_SlipPartitioning_0#25,eval_CoNi-AM90_SEM-DIC_EBSD_SlipPartitioning_0,ma_roma|direct|histmatch|s0,ma_roma,transform,10000.0,466.0,264.785,0.0466,2714.9720015675243,2748.634709155083,4816.376390747231,0.04264000749008216,466.0
eval_CoNi-AM90_SEM-DIC_EBSD_SlipPartitioning_0#25,eval_CoNi-AM90_SEM-DIC_EBSD_SlipPartitioning_0,ma_roma|direct|clahe|s0,ma_roma,transform,10000.0,228.0,267.826,0.0228,1147.3297262427277,1180.9924338302862,2175.240609984171,0.020052523375582595,228.0
eval_CoNi-AM90_SEM-DIC_EBSD_SlipPartitioning_0#25,eval_CoNi-AM90_SEM-DIC_EBSD_SlipPartitioning_0,ma_roma|direct|gradmag|s0,ma_roma,transform,10000.0,173.0,610.638,0.0173,815.0565067867277,848.7192143742863,1594.891578047913,0.014923598454330068,173.0
eval_CoNi-AM90_SEM-DIC_EBSD_SlipPartitioning_0#26,eval_CoNi-AM90_SEM-DIC_EBSD_SlipPartitioning_0,ma_roma|direct|none|s0,ma_roma,core,10000.0,281.0,331.926,0.0281,1480.4952416898007,1514.1579492773592,2747.461245096259,0.02503775667284723,281.0
eval_CoNi-AM90_SEM-DIC_EBSD_SlipPartitioning_0#26,eval_CoNi-AM90_SEM-DIC_EBSD_SlipPartitioning_0,ma_roma|pyramid_v2|none|s0,ma_roma,core,10000.0,281.0,331.926,0.0281,1480.4952416898007,1514.1579492773592,2747.461245096259,0.02503775667284723,281.0
eval_CoNi-AM90_SEM-DIC_EBSD_SlipPartitioning_0#26,eval_CoNi-AM90_SEM-DIC_EBSD_SlipPartitioning_0,ma_roma|direct|invert|s0,ma_roma,transform,10000.0,348.0,422.057,0.0348,1916.232327329843,1949.8950349174015,3485.400257812804,0.0313828027939255,348.0
eval_CoNi-AM90_SEM-DIC_EBSD_SlipPartitioning_0#26,eval_CoNi-AM90_SEM-DIC_EBSD_SlipPartitioning_0,ma_roma|direct|histmatch|s0,ma_roma,transform,10000.0,121.0,381.876,0.0121,517.3912649383387,551.0539725258973,1062.682484604227,0.010136711003799979,121.0
eval_CoNi-AM90_SEM-DIC_EBSD_SlipPartitioning_0#26,eval_CoNi-AM90_SEM-DIC_EBSD_SlipPartitioning_0,ma_roma|direct|clahe|s0,ma_roma,transform,10000.0,214.0,406.671,0.0214,1061.320584191994,1094.9832917795525,2026.0848651428132,0.01874204184982402,214.0
eval_CoNi-AM90_SEM-DIC_EBSD_SlipPartitioning_0#26,eval_CoNi-AM90_SEM-DIC_EBSD_SlipPartitioning_0,ma_roma|direct|gradmag|s0,ma_roma,transform,10000.0,182.0,373.036,0.0182,868.3409949516453,902.0037025392038,1688.7702626629064,0.015759024204124412,182.0
eval_CoNi-AM90_SEM-EBSD_SameSlice_0#0,eval_CoNi-AM90_SEM-EBSD_SameSlice_0,ma_roma|direct|none|s0,ma_roma,core,10000.0,3604.0,3.673,0.3604,29227.4918251519,29261.15453273946,45080.76885957056,0.3510451501566318,3604.0
eval_CoNi-AM90_SEM-EBSD_SameSlice_0#0,eval_CoNi-AM90_SEM-EBSD_SameSlice_0,ma_roma|pyramid_v2|none|s0,ma_roma,core,10000.0,3604.0,3.673,0.3604,29227.4918251519,29261.15453273946,45080.76885957056,0.3510451501566318,3604.0
eval_CoNi-AM90_SEM-EBSD_SameSlice_0#0,eval_CoNi-AM90_SEM-EBSD_SameSlice_0,ma_roma|direct|invert|s0,ma_roma,transform,10000.0,346.0,602.584,0.0346,1903.0183699403342,1936.6810775278927,3424.570483115781,0.03119282739795368,346.0
eval_CoNi-AM90_SEM-EBSD_SameSlice_0#0,eval_CoNi-AM90_SEM-EBSD_SameSlice_0,ma_roma|direct|histmatch|s0,ma_roma,transform,10000.0,1673.0,17.963,0.1673,12070.614121689838,12104.276829277396,19429.550229265606,0.1601126070920329,1673.0
eval_CoNi-AM90_SEM-EBSD_SameSlice_0#0,eval_CoNi-AM90_SEM-EBSD_SameSlice_0,ma_roma|direct|clahe|s0,ma_roma,transform,10000.0,1512.0,35.42,0.1512,10739.576919507394,10773.239627094952,17390.284723098877,0.14431256145253119,1512.0
eval_CoNi-AM90_SEM-EBSD_SameSlice_0#0,eval_CoNi-AM90_SEM-EBSD_SameSlice_0,ma_roma|direct|gradmag|s0,ma_roma,transform,10000.0,187.0,708.074,0.0187,898.140288283536,931.8029958710946,1720.2631075133502,0.016223869902920362,187.0
eval_CoNi-AM90_SEM-EBSD_SameSlice_0#1,eval_CoNi-AM90_SEM-EBSD_SameSlice_0,ma_roma|direct|none|s0,ma_roma,core,10000.0,875.0,10.014,0.0875,5693.80686974106,5727.4695773286185,9542.394102466611,0.08211899861521053,875.0
eval_CoNi-AM90_SEM-EBSD_SameSlice_0#1,eval_CoNi-AM90_SEM-EBSD_SameSlice_0,ma_roma|pyramid_v2|none|s0,ma_roma,core,10000.0,875.0,10.014,0.0875,5693.80686974106,5727.4695773286185,9542.394102466611,0.08211899861521053,875.0
eval_CoNi-AM90_SEM-EBSD_SameSlice_0#1,eval_CoNi-AM90_SEM-EBSD_SameSlice_0,ma_roma|direct|invert|s0,ma_roma,transform,10000.0,405.0,419.561,0.0405,2297.594695934485,2331.2574035220437,4078.6836992204726,0.03680950862789258,405.0
eval_CoNi-AM90_SEM-EBSD_SameSlice_0#1,eval_CoNi-AM90_SEM-EBSD_SameSlice_0,ma_roma|direct|histmatch|s0,ma_roma,transform,10000.0,3024.0,3.845,0.3024,23874.939789000684,23908.602496588243,37176.835271169766,0.2934752202170864,3024.0
eval_CoNi-AM90_SEM-EBSD_SameSlice_0#1,eval_CoNi-AM90_SEM-EBSD_SameSlice_0,ma_roma|direct|clahe|s0,ma_roma,transform,10000.0,845.0,6.341,0.0845,5466.758450971537,5500.421158559096,9183.377690507736,0.07920689375256254,845.0
eval_CoNi-AM90_SEM-EBSD_SameSlice_0#1,eval_CoNi-AM90_SEM-EBSD_SameSlice_0,ma_roma|direct|gradmag|s0,ma_roma,transform,10000.0,438.0,809.182,0.0438,2522.282200032476,2555.9449076200344,4448.535928189854,0.03996106261277299,438.0
eval_CoNi-AM90_SEM-EBSD_SameSlice_0#2,eval_CoNi-AM90_SEM-EBSD_SameSlice_0,ma_roma|direct|none|s0,ma_roma,core,10000.0,7293.0,2.766,0.7293,66560.87326135916,66594.53596894672,98641.81684994609,0.7205046366648821,7293.0
eval_CoNi-AM90_SEM-EBSD_SameSlice_0#2,eval_CoNi-AM90_SEM-EBSD_SameSlice_0,ma_roma|pyramid_v2|none|s0,ma_roma,core,10000.0,7293.0,2.766,0.7293,66560.87326135916,66594.53596894672,98641.81684994609,0.7205046366648821,7293.0
eval_CoNi-AM90_SEM-EBSD_SameSlice_0#2,eval_CoNi-AM90_SEM-EBSD_SameSlice_0,ma_roma|direct|invert|s0,ma_roma,transform,10000.0,6913.0,3.033,0.6913,62445.995946926036,62479.658654513594,92855.34471229765,0.682173789952863,6913.0
eval_CoNi-AM90_SEM-EBSD_SameSlice_0#2,eval_CoNi-AM90_SEM-EBSD_SameSlice_0,ma_roma|direct|histmatch|s0,ma_roma,transform,10000.0,8055.0,13.206,0.8055,75041.11046961264,75074.7731772002,110474.04157314976,0.7976254537634687,8055.0
eval_CoNi-AM90_SEM-EBSD_SameSlice_0#2,eval_CoNi-AM90_SEM-EBSD_SameSlice_0,ma_roma|direct|clahe|s0,ma_roma,transform,10000.0,8483.0,2.133,0.8483,79961.96290682442,79995.62561441198,117277.63765442016,0.84113535522225,8483.0
eval_CoNi-AM90_SEM-EBSD_SameSlice_0#2,eval_CoNi-AM90_SEM-EBSD_SameSlice_0,ma_roma|direct|gradmag|s0,ma_roma,transform,10000.0,334.0,1089.179,0.0334,1823.9881199937804,1857.650827581339,3292.753077767931,0.030053655869076296,334.0
eval_CoNi-AM90_SEM-EBSD_SameSlice_0#3,eval_CoNi-AM90_SEM-EBSD_SameSlice_0,ma_roma|direct|none|s0,ma_roma,core,10000.0,786.0,11.247,0.0786,5023.659080481682,5057.321788069241,8480.741271073848,0.07348582126570413,786.0
eval_CoNi-AM90_SEM-EBSD_SameSlice_0#3,eval_CoNi-AM90_SEM-EBSD_SameSlice_0,ma_roma|pyramid_v2|none|s0,ma_roma,core,10000.0,786.0,11.247,0.0786,5023.659080481682,5057.321788069241,8480.741271073848,0.07348582126570413,786.0
eval_CoNi-AM90_SEM-EBSD_SameSlice_0#3,eval_CoNi-AM90_SEM-EBSD_SameSlice_0,ma_roma|direct|invert|s0,ma_roma,transform,10000.0,510.0,1004.861,0.051,3021.2968862296275,3054.959593817186,5264.273690406425,0.046857920608897666,510.0
eval_CoNi-AM90_SEM-EBSD_SameSlice_0#3,eval_CoNi-AM90_SEM-EBSD_SameSlice_0,ma_roma|direct|histmatch|s0,ma_roma,transform,10000.0,657.0,49.138,0.0657,4072.0933294830184,4105.756037070577,6961.713185440955,0.06100889233175331,657.0
eval_CoNi-AM90_SEM-EBSD_SameSlice_0#3,eval_CoNi-AM90_SEM-EBSD_SameSlice_0,ma_roma|direct|clahe|s0,ma_roma,transform,10000.0,432.0,120.368,0.0432,2481.2310496632495,2514.893757250808,4381.091190470351,0.03938757077465523,432.0
eval_CoNi-AM90_SEM-EBSD_SameSlice_0#3,eval_CoNi-AM90_SEM-EBSD_SameSlice_0,ma_roma|direct|gradmag|s0,ma_roma,transform,10000.0,196.0,370.078,0.0196,952.119132775433,985.7818403629915,1813.8322387781268,0.017061812083451283,196.0
eval_CoNi-AM90_SEM-EBSD_SameSlice_0#4,eval_CoNi-AM90_SEM-EBSD_SameSlice_0,ma_roma|direct|none|s0,ma_roma,core,10000.0,133.0,215.228,0.0133,584.3687453946958,618.0314529822543,1168.9501746769492,0.0112342976181994,133.0
eval_CoNi-AM90_SEM-EBSD_SameSlice_0#4,eval_CoNi-AM90_SEM-EBSD_SameSlice_0,ma_roma|pyramid_v2|none|s0,ma_roma,core,10000.0,133.0,215.228,0.0133,584.3687453946958,618.0314529822543,1168.9501746769492,0.0112342976181994,133.0
eval_CoNi-AM90_SEM-EBSD_SameSlice_0#4,eval_CoNi-AM90_SEM-EBSD_SameSlice_0,ma_roma|direct|invert|s0,ma_roma,transform,10000.0,407.0,1054.641,0.0407,2311.134551297916,2344.7972588854745,4101.021416287069,0.03700032210807924,407.0
eval_CoNi-AM90_SEM-EBSD_SameSlice_0#4,eval_CoNi-AM90_SEM-EBSD_SameSlice_0,ma_roma|direct|histmatch|s0,ma_roma,transform,10000.0,346.0,326.105,0.0346,1903.0183699403342,1936.6810775278927,3424.570483115781,0.03119282739795368,346.0
eval_CoNi-AM90_SEM-EBSD_SameSlice_0#4,eval_CoNi-AM90_SEM-EBSD_SameSlice_0,ma_roma|direct|clahe|s0,ma_roma,transform,10000.0,443.0,331.323,0.0443,2556.557130538863,2590.2198381264216,4504.805515135018,0.04043912932872393,443.0
eval_CoNi-AM90_SEM-EBSD_SameSlice_0#4,eval_CoNi-AM90_SEM-EBSD_SameSlice_0,ma_roma|direct|gradmag|s0,ma_roma,transform,10000.0,259.0,163.537,0.0259,1340.8332999323889,1374.4960075199474,2479.6786403942824,0.02296418394187259,259.0
eval_CoNi-AM90_SEM-EBSD_SameSlice_0#5,eval_CoNi-AM90_SEM-EBSD_SameSlice_0,ma_roma|direct|none|s0,ma_roma,core,10000.0,240.0,8275.562,0.024,1221.7528806093292,1255.4155881968877,2277.0186256636193,0.0211780889734631,240.0
eval_CoNi-AM90_SEM-EBSD_SameSlice_0#5,eval_CoNi-AM90_SEM-EBSD_SameSlice_0,ma_roma|pyramid_v2|none|s0,ma_roma,core,10000.0,240.0,8275.562,0.024,1221.7528806093292,1255.4155881968877,2277.0186256636193,0.0211780889734631,240.0
eval_CoNi-AM90_SEM-EBSD_SameSlice_0#5,eval_CoNi-AM90_SEM-EBSD_SameSlice_0,ma_roma|direct|invert|s0,ma_roma,transform,10000.0,941.0,91.976,0.0941,6197.232391680019,6230.895099267577,10336.149213785284,0.0885323775448461,941.0
eval_CoNi-AM90_SEM-EBSD_SameSlice_0#5,eval_CoNi-AM90_SEM-EBSD_SameSlice_0,ma_roma|direct|histmatch|s0,ma_roma,transform,10000.0,449.0,1040.837,0.0449,2597.7648537966934,2631.427561384252,4572.406826481414,0.04101299418343706,449.0
eval_CoNi-AM90_SEM-EBSD_SameSlice_0#5,eval_CoNi-AM90_SEM-EBSD_SameSlice_0,ma_roma|direct|clahe|s0,ma_roma,transform,10000.0,210.0,130.325,0.021,1036.9155351642717,1070.5782427518302,1960.2135515674172,0.01836818404664613,210.0
eval_CoNi-AM90_SEM-EBSD_SameSlice_0#5,eval_CoNi-AM90_SEM-EBSD_SameSlice_0,ma_roma|direct|gradmag|s0,ma_roma,transform,10000.0,373.0,149.827,0.0373,2082.3896490183797,2116.0523566059383,3722.712873505016,0.03376008880295819,373.0
eval_CoNi_SEM-SE_SEM-BSE_Cracks-SameSliceSerialSectioning_0#0,eval_CoNi_SEM-SE_SEM-BSE_Cracks-SameSliceSerialSectioning_0,ma_roma|direct|none|s0,ma_roma,core,10000.0,2087.0,7.913,0.2087,18015.484301937515,18049.147009525073,15122.646392418352,0.20084771041303773,2087.0
eval_CoNi_SEM-SE_SEM-BSE_Cracks-SameSliceSerialSectioning_0#0,eval_CoNi_SEM-SE_SEM-BSE_Cracks-SameSliceSerialSectioning_0,ma_roma|pyramid_v2|none|s0,ma_roma,core,10000.0,2087.0,7.913,0.2087,18015.484301937515,18049.147009525073,15122.646392418352,0.20084771041303773,2087.0
eval_CoNi_SEM-SE_SEM-BSE_Cracks-SameSliceSerialSectioning_0#0,eval_CoNi_SEM-SE_SEM-BSE_Cracks-SameSliceSerialSectioning_0,ma_roma|direct|invert|s0,ma_roma,transform,10000.0,3280.0,8.004,0.328,30053.23927463859,30086.901982226147,25506.498207993078,0.3188658440713398,3280.0
eval_CoNi_SEM-SE_SEM-BSE_Cracks-SameSliceSerialSectioning_0#0,eval_CoNi_SEM-SE_SEM-BSE_Cracks-SameSliceSerialSectioning_0,ma_roma|direct|histmatch|s0,ma_roma,transform,10000.0,1721.0,7.532,0.1721,14482.92855896953,14516.591266557089,12097.490925513981,0.16482803820119515,1721.0
eval_CoNi_SEM-SE_SEM-BSE_Cracks-SameSliceSerialSectioning_0#0,eval_CoNi_SEM-SE_SEM-BSE_Cracks-SameSliceSerialSectioning_0,ma_roma|direct|clahe|s0,ma_roma,transform,10000.0,1624.0,9.36,0.1624,13561.8822655322,13595.544973119759,11310.919565143258,0.15530117601484705,1624.0
eval_CoNi_SEM-SE_SEM-BSE_Cracks-SameSliceSerialSectioning_0#0,eval_CoNi_SEM-SE_SEM-BSE_Cracks-SameSliceSerialSectioning_0,ma_roma|direct|gradmag|s0,ma_roma,transform,10000.0,4180.0,5.405,0.418,39574.85404528089,39608.51675286845,33780.40729801145,0.4083661591544245,4180.0
eval_In718-PrecipitationStrengthened_SEM-BSE_EBSD_SameSliceSerialSectioning_0#0,eval_In718-PrecipitationStrengthened_SEM-BSE_EBSD_SameSliceSerialSectioning_0,ma_roma|direct|none|s0,ma_roma,core,10000.0,1436.0,23.537,0.1436,13787.398701359823,13821.061408947382,7441.841570600449,0.13686354043769397,1436.0
eval_In718-PrecipitationStrengthened_SEM-BSE_EBSD_SameSliceSerialSectioning_0#0,eval_In718-PrecipitationStrengthened_SEM-BSE_EBSD_SameSliceSerialSectioning_0,ma_roma|pyramid_v2|none|s0,ma_roma,core,10000.0,1436.0,23.537,0.1436,13787.398701359823,13821.061408947382,7441.841570600449,0.13686354043769397,1436.0
eval_In718-PrecipitationStrengthened_SEM-BSE_EBSD_SameSliceSerialSectioning_0#0,eval_In718-PrecipitationStrengthened_SEM-BSE_EBSD_SameSliceSerialSectioning_0,ma_roma|direct|invert|s0,ma_roma,transform,10000.0,1897.0,18.17,0.1897,18800.484299341573,18834.14700692913,10416.81383778303,0.1821353998290227,1897.0
eval_In718-PrecipitationStrengthened_SEM-BSE_EBSD_SameSliceSerialSectioning_0#0,eval_In718-PrecipitationStrengthened_SEM-BSE_EBSD_SameSliceSerialSectioning_0,ma_roma|direct|histmatch|s0,ma_roma,transform,10000.0,994.0,35.888,0.0994,9144.913204530336,9178.575912117894,4753.468614096576,0.0936887586058057,994.0
eval_In718-PrecipitationStrengthened_SEM-BSE_EBSD_SameSliceSerialSectioning_0#0,eval_In718-PrecipitationStrengthened_SEM-BSE_EBSD_SameSliceSerialSectioning_0,ma_roma|direct|clahe|s0,ma_roma,transform,10000.0,1398.0,25.736,0.1398,13381.338624139156,13415.001331726715,7203.782142924124,0.13314146222918063,1398.0
eval_In718-PrecipitationStrengthened_SEM-BSE_EBSD_SameSliceSerialSectioning_0#0,eval_In718-PrecipitationStrengthened_SEM-BSE_EBSD_SameSliceSerialSectioning_0,ma_roma|direct|gradmag|s0,ma_roma,transform,10000.0,403.0,28.609,0.0403,3313.476404945519,3347.1391125330774,1534.8803489484367,0.03661872063908073,403.0
eval_In718-PrecipitationStrengthened_SEM-BSE_EBSD_SameSliceSerialSectioning_1#0,eval_In718-PrecipitationStrengthened_SEM-BSE_EBSD_SameSliceSerialSectioning_1,ma_roma|direct|none|s0,ma_roma,core,10000.0,939.0,21.971,0.0939,8581.048673673535,8614.711381261093,4432.762820122251,0.08833790268998898,939.0
eval_In718-PrecipitationStrengthened_SEM-BSE_EBSD_SameSliceSerialSectioning_1#0,eval_In718-PrecipitationStrengthened_SEM-BSE_EBSD_SameSliceSerialSectioning_1,ma_roma|pyramid_v2|none|s0,ma_roma,core,10000.0,1128.0,25.544,0.1128,10532.525493605894,10566.188201193452,5548.6577239984035,0.10674778186658009,1128.0
eval_In718-PrecipitationStrengthened_SEM-BSE_EBSD_SameSliceSerialSectioning_1#0,eval_In718-PrecipitationStrengthened_SEM-BSE_EBSD_SameSliceSerialSectioning_1,ma_roma|direct|invert|s0,ma_roma,transform,10000.0,2234.0,22.307,0.2234,22554.6855106833,22588.348218270858,12681.114277427154,0.21534336544603452,2234.0
eval_In718-PrecipitationStrengthened_SEM-BSE_EBSD_SameSliceSerialSectioning_1#0,eval_In718-PrecipitationStrengthened_SEM-BSE_EBSD_SameSliceSerialSectioning_1,ma_roma|direct|histmatch|s0,ma_roma,transform,10000.0,1233.0,27.03,0.1233,11632.48277904991,11666.145486637468,6184.40276039299,0.11700027181494674,1233.0
eval_In718-PrecipitationStrengthened_SEM-BSE_EBSD_SameSliceSerialSectioning_1#0,eval_In718-PrecipitationStrengthened_SEM-BSE_EBSD_SameSliceSerialSectioning_1,ma_roma|direct|clahe|s0,ma_roma,transform,10000.0,801.0,25.405,0.0801,7182.3606984848275,7216.023406072386,3644.1821103572474,0.07493953717194199,801.0
eval_In718-PrecipitationStrengthened_SEM-BSE_EBSD_SameSliceSerialSectioning_1#0,eval_In718-PrecipitationStrengthened_SEM-BSE_EBSD_SameSliceSerialSectioning_1,ma_roma|direct|gradmag|s0,ma_roma,transform,10000.0,273.0,109.266,0.0273,2126.696324590485,2160.3590321780434,922.8358544451906,0.024283092442663634,273.0
eval_In718-PrecipitationStrengthened_SEM-BSE_EBSD_SameSliceSerialSectioning_2#0,eval_In718-PrecipitationStrengthened_SEM-BSE_EBSD_SameSliceSerialSectioning_2,ma_roma|direct|none|s0,ma_roma,core,10000.0,1182.0,19.644,0.1182,11096.895827985516,11130.558535573075,5874.290335501254,0.11201848536746892,1182.0
eval_In718-PrecipitationStrengthened_SEM-BSE_EBSD_SameSliceSerialSectioning_2#0,eval_In718-PrecipitationStrengthened_SEM-BSE_EBSD_SameSliceSerialSectioning_2,ma_roma|pyramid_v2|none|s0,ma_roma,core,10000.0,1652.0,18.544,0.1652,16117.119306376439,16150.782013963997,8816.611063657287,0.15805028371660543,1652.0
eval_In718-PrecipitationStrengthened_SEM-BSE_EBSD_SameSliceSerialSectioning_2#0,eval_In718-PrecipitationStrengthened_SEM-BSE_EBSD_SameSliceSerialSectioning_2,ma_roma|direct|invert|s0,ma_roma,transform,10000.0,1826.0,19.358,0.1826,18018.65402139744,18052.316728985,9948.879556493646,0.17515026355619157,1826.0
eval_In718-PrecipitationStrengthened_SEM-BSE_EBSD_SameSliceSerialSectioning_2#0,eval_In718-PrecipitationStrengthened_SEM-BSE_EBSD_SameSliceSerialSectioning_2,ma_roma|direct|histmatch|s0,ma_roma,transform,10000.0,561.0,29.028,0.0561,4814.5180293303465,4848.180736917905,2337.394886262056,0.051757936446916,561.0
eval_In718-PrecipitationStrengthened_SEM-BSE_EBSD_SameSliceSerialSectioning_2#0,eval_In718-PrecipitationStrengthened_SEM-BSE_EBSD_SameSliceSerialSectioning_2,ma_roma|direct|clahe|s0,ma_roma,transform,10000.0,1120.0,18.646,0.112,10449.15991969056,10482.82262727812,5500.660700588156,0.10596731357116432,1120.0
eval_In718-PrecipitationStrengthened_SEM-BSE_EBSD_SameSliceSerialSectioning_2#0,eval_In718-PrecipitationStrengthened_SEM-BSE_EBSD_SameSliceSerialSectioning_2,ma_roma|direct|gradmag|s0,ma_roma,transform,10000.0,733.0,41.467,0.0733,6502.42953180554,6536.092239393099,3264.883430240863,0.06835398448642312,733.0
eval_In718-PrecipitationStrengthened_SEM-BSE_EBSD_SameSliceSerialSectioning_3#0,eval_In718-PrecipitationStrengthened_SEM-BSE_EBSD_SameSliceSerialSectioning_3,ma_roma|direct|none|s0,ma_roma,core,10000.0,2390.0,14.406,0.239,24315.17648715167,24348.83919473923,13751.918226206231,0.23074251549027608,2390.0
eval_In718-PrecipitationStrengthened_SEM-BSE_EBSD_SameSliceSerialSectioning_3#0,eval_In718-PrecipitationStrengthened_SEM-BSE_EBSD_SameSliceSerialSectioning_3,ma_roma|pyramid_v2|none|s0,ma_roma,core,10000.0,2390.0,14.406,0.239,24315.17648715167,24348.83919473923,13751.918226206231,0.23074251549027608,2390.0
eval_In718-PrecipitationStrengthened_SEM-BSE_EBSD_SameSliceSerialSectioning_3#0,eval_In718-PrecipitationStrengthened_SEM-BSE_EBSD_SameSliceSerialSectioning_3,ma_roma|direct|invert|s0,ma_roma,transform,10000.0,2138.0,20.132,0.2138,21478.23610183042,21511.898809417977,12029.08764826365,0.20587508887036812,2138.0
eval_In718-PrecipitationStrengthened_SEM-BSE_EBSD_SameSliceSerialSectioning_3#0,eval_In718-PrecipitationStrengthened_SEM-BSE_EBSD_SameSliceSerialSectioning_3,ma_roma|direct|histmatch|s0,ma_roma,transform,10000.0,1306.0,40.093,0.1306,12403.272977797165,12436.935685384724,6632.45489709594,0.12413725257601704,1306.0
eval_In718-PrecipitationStrengthened_SEM-BSE_EBSD_SameSliceSerialSectioning_3#0,eval_In718-PrecipitationStrengthened_SEM-BSE_EBSD_SameSliceSerialSectioning_3,ma_roma|direct|clahe|s0,ma_roma,transform,10000.0,2347.0,14.387,0.2347,23828.550939805427,23862.213647392986,13455.398719747638,0.2264962986133791,2347.0
eval_In718-PrecipitationStrengthened_SEM-BSE_EBSD_SameSliceSerialSectioning_3#0,eval_In718-PrecipitationStrengthened_SEM-BSE_EBSD_SameSliceSerialSectioning_3,ma_roma|direct|gradmag|s0,ma_roma,transform,10000.0,888.0,32.229,0.0888,8061.365318230536,8095.028025818095,4138.553909512169,0.08338152212498395,888.0
eval_In718-PrecipitationStrengthened_SEM-DIC_EBSD_SlipPartitioning_0#0,eval_In718-PrecipitationStrengthened_SEM-DIC_EBSD_SlipPartitioning_0,ma_roma|direct|none|s0,ma_roma,core,10000.0,1139.0,201.563,0.1139,5561.544145858816,5595.206853446374,11992.560934504225,0.1078210870929174,1139.0
eval_In718-PrecipitationStrengthened_SEM-DIC_EBSD_SlipPartitioning_0#0,eval_In718-PrecipitationStrengthened_SEM-DIC_EBSD_SlipPartitioning_0,ma_roma|pyramid_v2|none|s0,ma_roma,core,10000.0,3352.0,158.921,0.3352,20475.56604179339,20509.22874938095,39407.97939648084,0.32601263050641893,3352.0
eval_In718-PrecipitationStrengthened_SEM-DIC_EBSD_SlipPartitioning_0#0,eval_In718-PrecipitationStrengthened_SEM-DIC_EBSD_SlipPartitioning_0,ma_roma|direct|invert|s0,ma_roma,transform,10000.0,1511.0,218.664,0.1511,7844.474066331701,7878.136773919259,16376.945287838567,0.1442145072357656,1511.0
eval_In718-PrecipitationStrengthened_SEM-DIC_EBSD_SlipPartitioning_0#0,eval_In718-PrecipitationStrengthened_SEM-DIC_EBSD_SlipPartitioning_0,ma_roma|direct|histmatch|s0,ma_roma,transform,10000.0,6769.0,114.858,0.6769,47962.10966312234,47995.7723707099,86197.40484045503,0.6676676006103691,6769.0
eval_In718-PrecipitationStrengthened_SEM-DIC_EBSD_SlipPartitioning_0#0,eval_In718-PrecipitationStrengthened_SEM-DIC_EBSD_SlipPartitioning_0,ma_roma|direct|clahe|s0,ma_roma,transform,10000.0,1147.0,213.532,0.1147,5609.317539159992,5642.98024674755,12085.526891408444,0.10860178882453517,1147.0
eval_In718-PrecipitationStrengthened_SEM-DIC_EBSD_SlipPartitioning_0#0,eval_In718-PrecipitationStrengthened_SEM-DIC_EBSD_SlipPartitioning_0,ma_roma|direct|gradmag|s0,ma_roma,transform,10000.0,4480.0,3.031,0.448,29021.583085196737,29055.245792784295,54326.15049641417,0.4382751405800947,4480.0
eval_In718-PrecipitationStrengthened_SEM-DIC_EBSD_SlipPartitioning_0#1,eval_In718-PrecipitationStrengthened_SEM-DIC_EBSD_SlipPartitioning_0,ma_roma|direct|none|s0,ma_roma,core,10000.0,702.0,242.783,0.0702,3061.453037945172,3095.1157455327307,7023.826736621053,0.06535589433684712,702.0
eval_In718-PrecipitationStrengthened_SEM-DIC_EBSD_SlipPartitioning_0#1,eval_In718-PrecipitationStrengthened_SEM-DIC_EBSD_SlipPartitioning_0,ma_roma|pyramid_v2|none|s0,ma_roma,core,10000.0,702.0,242.783,0.0702,3061.453037945172,3095.1157455327307,7023.826736621053,0.06535589433684712,702.0
eval_In718-PrecipitationStrengthened_SEM-DIC_EBSD_SlipPartitioning_0#1,eval_In718-PrecipitationStrengthened_SEM-DIC_EBSD_SlipPartitioning_0,ma_roma|direct|invert|s0,ma_roma,transform,10000.0,849.0,288.129,0.0849,3876.103727635929,3909.7664352234874,8668.890341689188,0.07959505831172309,849.0
eval_In718-PrecipitationStrengthened_SEM-DIC_EBSD_SlipPartitioning_0#1,eval_In718-PrecipitationStrengthened_SEM-DIC_EBSD_SlipPartitioning_0,ma_roma|direct|histmatch|s0,ma_roma,transform,10000.0,6965.0,115.075,0.6965,49687.61980626637,49721.28251385393,89030.13327083184,0.6874146472541234,6965.0
eval_In718-PrecipitationStrengthened_SEM-DIC_EBSD_SlipPartitioning_0#1,eval_In718-PrecipitationStrengthened_SEM-DIC_EBSD_SlipPartitioning_0,ma_roma|direct|clahe|s0,ma_roma,transform,10000.0,902.0,220.517,0.0902,4176.894126794199,4210.556834381758,9269.081380601681,0.08474156429003689,902.0
eval_In718-PrecipitationStrengthened_SEM-DIC_EBSD_SlipPartitioning_0#1,eval_In718-PrecipitationStrengthened_SEM-DIC_EBSD_SlipPartitioning_0,ma_roma|direct|gradmag|s0,ma_roma,transform,10000.0,8160.0,2.964,0.816,60633.92550804777,60667.588215635325,106727.0810951711,0.8082845946499448,8160.0
eval_In718-PrecipitationStrengthened_SEM-DIC_EBSD_SlipPartitioning_0#2,eval_In718-PrecipitationStrengthened_SEM-DIC_EBSD_SlipPartitioning_0,ma_roma|direct|none|s0,ma_roma,core,10000.0,961.0,166.46,0.0961,4515.75464144606,4549.417349033619,9941.23697656717,0.09047755482691994,961.0
eval_In718-PrecipitationStrengthened_SEM-DIC_EBSD_SlipPartitioning_0#2,eval_In718-PrecipitationStrengthened_SEM-DIC_EBSD_SlipPartitioning_0,ma_roma|pyramid_v2|none|s0,ma_roma,core,10000.0,961.0,166.46,0.0961,4515.75464144606,4549.417349033619,9941.23697656717,0.09047755482691994,961.0
eval_In718-PrecipitationStrengthened_SEM-DIC_EBSD_SlipPartitioning_0#2,eval_In718-PrecipitationStrengthened_SEM-DIC_EBSD_SlipPartitioning_0,ma_roma|direct|invert|s0,ma_roma,transform,10000.0,688.0,189.801,0.0688,2985.501572556932,3019.1642801444905,6868.7883449864785,0.06400283172344767,688.0
eval_In718-PrecipitationStrengthened_SEM-DIC_EBSD_SlipPartitioning_0#2,eval_In718-PrecipitationStrengthened_SEM-DIC_EBSD_SlipPartitioning_0,ma_roma|direct|histmatch|s0,ma_roma,transform,10000.0,7682.0,115.416,0.7682,56160.631270168764,56194.29397775632,99553.53000569383,0.7598272643427005,7682.0
eval_In718-PrecipitationStrengthened_SEM-DIC_EBSD_SlipPartitioning_0#2,eval_In718-PrecipitationStrengthened_SEM-DIC_EBSD_SlipPartitioning_0,ma_roma|direct|clahe|s0,ma_roma,transform,10000.0,1435.0,218.67,0.1435,7368.47978065929,7402.142488246848,15471.621571986778,0.13676556977562518,1435.0
eval_In718-PrecipitationStrengthened_SEM-DIC_EBSD_SlipPartitioning_0#2,eval_In718-PrecipitationStrengthened_SEM-DIC_EBSD_SlipPartitioning_0,ma_roma|direct|gradmag|s0,ma_roma,transform,10000.0,8283.0,2.626,0.8283,61808.55047519005,61842.21318277761,108596.54203086955,0.8207828712107516,8283.0
eval_In718-PrecipitationStrengthened_SEM-DIC_EBSD_SlipPartitioning_0#3,eval_In718-PrecipitationStrengthened_SEM-DIC_EBSD_SlipPartitioning_0,ma_roma|direct|none|s0,ma_roma,core,10000.0,497.0,208.898,0.0497,1982.6764248462127,2016.3391324337713,4786.992097292357,0.04561074273117131,497.0
eval_In718-PrecipitationStrengthened_SEM-DIC_EBSD_SlipPartitioning_0#3,eval_In718-PrecipitationStrengthened_SEM-DIC_EBSD_SlipPartitioning_0,ma_roma|pyramid_v2|none|s0,ma_roma,core,10000.0,497.0,208.898,0.0497,1982.6764248462127,2016.3391324337713,4786.992097292357,0.04561074273117131,497.0
eval_In718-PrecipitationStrengthened_SEM-DIC_EBSD_SlipPartitioning_0#3,eval_In718-PrecipitationStrengthened_SEM-DIC_EBSD_SlipPartitioning_0,ma_roma|direct|invert|s0,ma_roma,transform,10000.0,1620.0,117.235,0.162,8534.965707886127,8568.628415473686,17683.18573626518,0.15490850841717588,1620.0
eval_In718-PrecipitationStrengthened_SEM-DIC_EBSD_SlipPartitioning_0#3,eval_In718-PrecipitationStrengthened_SEM-DIC_EBSD_SlipPartitioning_0,ma_roma|direct|histmatch|s0,ma_roma,transform,10000.0,7008.0,114.687,0.7008,50068.58409336936,50102.24680095692,89654.0076924808,0.6917494613380281,7008.0
eval_In718-PrecipitationStrengthened_SEM-DIC_EBSD_SlipPartitioning_0#3,eval_In718-PrecipitationStrengthened_SEM-DIC_EBSD_SlipPartitioning_0,ma_roma|direct|clahe|s0,ma_roma,transform,10000.0,1118.0,286.732,0.1118,5436.441582749475,5470.1042903370335,11748.82789330671,0.10577221206058364,1118.0
eval_In718-PrecipitationStrengthened_SEM-DIC_EBSD_SlipPartitioning_0#3,eval_In718-PrecipitationStrengthened_SEM-DIC_EBSD_SlipPartitioning_0,ma_roma|direct|gradmag|s0,ma_roma,transform,10000.0,8521.0,2.615,0.8521,64112.20003700835,64145.86274459591,112244.6709469688,0.845006927989356,8521.0
eval_In718-SolutionStrengthened_SEM-SE_EBSD_SameSliceSerialSectioning_0#0,eval_In718-SolutionStrengthened_SEM-SE_EBSD_SameSliceSerialSectioning_0,ma_roma|direct|none|s0,ma_roma,core,10000.0,7940.0,3.284,0.794,72015.6056556258,72049.26836321336,72015.6056556258,0.7859611310435367,7940.0
eval_In718-SolutionStrengthened_SEM-SE_EBSD_SameSliceSerialSectioning_0#0,eval_In718-SolutionStrengthened_SEM-SE_EBSD_SameSliceSerialSectioning_0,ma_roma|pyramid_v2|none|s0,ma_roma,core,10000.0,7940.0,3.284,0.794,72015.6056556258,72049.26836321336,72015.6056556258,0.7859611310435367,7940.0
eval_In718-SolutionStrengthened_SEM-SE_EBSD_SameSliceSerialSectioning_0#0,eval_In718-SolutionStrengthened_SEM-SE_EBSD_SameSliceSerialSectioning_0,ma_roma|direct|invert|s0,ma_roma,transform,10000.0,7025.0,8.554,0.7025,62126.080020027825,62159.74272761538,62126.080020027825,0.6934634844984691,7025.0
eval_In718-SolutionStrengthened_SEM-SE_EBSD_SameSliceSerialSectioning_0#0,eval_In718-SolutionStrengthened_SEM-SE_EBSD_SameSliceSerialSectioning_0,ma_roma|direct|histmatch|s0,ma_roma,transform,10000.0,1685.0,815.443,0.1685,11804.780854085999,11838.443561673557,11804.780854085999,0.16129126439033836,1685.0
eval_In718-SolutionStrengthened_SEM-SE_EBSD_SameSliceSerialSectioning_0#0,eval_In718-SolutionStrengthened_SEM-SE_EBSD_SameSliceSerialSectioning_0,ma_roma|direct|clahe|s0,ma_roma,transform,10000.0,5282.0,4.794,0.5282,44366.20589360881,44399.868601196365,44366.20589360881,0.5184068229048395,5282.0
eval_In718-SolutionStrengthened_SEM-SE_EBSD_SameSliceSerialSectioning_0#0,eval_In718-SolutionStrengthened_SEM-SE_EBSD_SameSliceSerialSectioning_0,ma_roma|direct|gradmag|s0,ma_roma,transform,10000.0,5850.0,4.996,0.585,50013.10519866438,50046.76790625194,50013.10519866438,0.575311984961858,5850.0
eval_In718-SolutionStrengthened_SEM-SE_EBSD_SameSliceSerialSectioning_0#1,eval_In718-SolutionStrengthened_SEM-SE_EBSD_SameSliceSerialSectioning_0,ma_roma|direct|none|s0,ma_roma,core,10000.0,272.0,306.519,0.0272,834.8154456679733,868.4781532555319,1364.1877473331356,0.024188809476050968,272.0
eval_In718-SolutionStrengthened_SEM-SE_EBSD_SameSliceSerialSectioning_0#1,eval_In718-SolutionStrengthened_SEM-SE_EBSD_SameSliceSerialSectioning_0,ma_roma|pyramid_v2|none|s0,ma_roma,core,10000.0,272.0,306.519,0.0272,834.8154456679733,868.4781532555319,1364.1877473331356,0.024188809476050968,272.0
eval_In718-SolutionStrengthened_SEM-SE_EBSD_SameSliceSerialSectioning_0#1,eval_In718-SolutionStrengthened_SEM-SE_EBSD_SameSliceSerialSectioning_0,ma_roma|direct|invert|s0,ma_roma,transform,10000.0,9598.0,3.635,0.9598,72715.53274806408,72749.19545565164,91521.19111664286,0.9557702113589039,9598.0
eval_In718-SolutionStrengthened_SEM-SE_EBSD_SameSliceSerialSectioning_0#1,eval_In718-SolutionStrengthened_SEM-SE_EBSD_SameSliceSerialSectioning_0,ma_roma|direct|histmatch|s0,ma_roma,transform,10000.0,1030.0,36.752,0.103,4645.743347825691,4679.406055413249,6660.569361433087,0.09719415618364813,1030.0
eval_In718-SolutionStrengthened_SEM-SE_EBSD_SameSliceSerialSectioning_0#1,eval_In718-SolutionStrengthened_SEM-SE_EBSD_SameSliceSerialSectioning_0,ma_roma|direct|clahe|s0,ma_roma,transform,10000.0,1211.0,210.427,0.1211,5674.503818968656,5708.166526556214,8044.037657523414,0.11485081518327374,1211.0
eval_In718-SolutionStrengthened_SEM-SE_EBSD_SameSliceSerialSectioning_0#1,eval_In718-SolutionStrengthened_SEM-SE_EBSD_SameSliceSerialSectioning_0,ma_roma|direct|gradmag|s0,ma_roma,transform,10000.0,1457.0,7.228,0.1457,7121.504291122988,7155.166998710547,9973.127431354045,0.13892118498357323,1457.0
eval_In718-SolutionStrengthened_SEM-SE_EBSD_SameSliceSerialSectioning_0#2,eval_In718-SolutionStrengthened_SEM-SE_EBSD_SameSliceSerialSectioning_0,ma_roma|direct|none|s0,ma_roma,core,10000.0,1425.0,238.845,0.1425,6930.367263181527,6964.029970769086,9719.279589879901,0.1357859257888288,1425.0
eval_In718-SolutionStrengthened_SEM-SE_EBSD_SameSliceSerialSectioning_0#2,eval_In718-SolutionStrengthened_SEM-SE_EBSD_SameSliceSerialSectioning_0,ma_roma|pyramid_v2|none|s0,ma_roma,core,10000.0,1425.0,238.845,0.1425,6930.367263181527,6964.029970769086,9719.279589879901,0.1357859257888288,1425.0
eval_In718-SolutionStrengthened_SEM-SE_EBSD_SameSliceSerialSectioning_0#2,eval_In718-SolutionStrengthened_SEM-SE_EBSD_SameSliceSerialSectioning_0,ma_roma|direct|invert|s0,ma_roma,transform,10000.0,3195.0,242.492,0.3195,18485.797193986116,18519.459901573675,24743.403106284466,0.3104318266106805,3195.0
eval_In718-SolutionStrengthened_SEM-SE_EBSD_SameSliceSerialSectioning_0#2,eval_In718-SolutionStrengthened_SEM-SE_EBSD_SameSliceSerialSectioning_0,ma_roma|direct|histmatch|s0,ma_roma,transform,10000.0,3955.0,8.087,0.3955,23932.666292004356,23966.328999591915,31679.655154812674,0.38595848680616945,3955.0
eval_In718-SolutionStrengthened_SEM-SE_EBSD_SameSliceSerialSectioning_0#2,eval_In718-SolutionStrengthened_SEM-SE_EBSD_SameSliceSerialSectioning_0,ma_roma|direct|clahe|s0,ma_roma,transform,10000.0,2293.0,214.913,0.2293,12371.846036295052,12405.50874388261,16861.789742886904,0.22116552756580257,2293.0
eval_In718-SolutionStrengthened_SEM-SE_EBSD_SameSliceSerialSectioning_0#2,eval_In718-SolutionStrengthened_SEM-SE_EBSD_SameSliceSerialSectioning_0,ma_roma|direct|gradmag|s0,ma_roma,transform,10000.0,1898.0,244.232,0.1898,9833.748207986417,9867.410915573975,13549.604942697033,0.18223381169548925,1898.0
eval_In718-SolutionStrengthened_SEM-SE_EBSD_SameSliceSerialSectioning_0#3,eval_In718-SolutionStrengthened_SEM-SE_EBSD_SameSliceSerialSectioning_0,ma_roma|direct|none|s0,ma_roma,core,10000.0,1153.0,236.171,0.1153,5341.288527636452,5374.951235224011,7597.159066930179,0.10918737868187607,1153.0
eval_In718-SolutionStrengthened_SEM-SE_EBSD_SameSliceSerialSectioning_0#3,eval_In718-SolutionStrengthened_SEM-SE_EBSD_SameSliceSerialSectioning_0,ma_roma|pyramid_v2|none|s0,ma_roma,core,10000.0,1153.0,236.171,0.1153,5341.288527636452,5374.951235224011,7597.159066930179,0.10918737868187607,1153.0
eval_In718-SolutionStrengthened_SEM-SE_EBSD_SameSliceSerialSectioning_0#3,eval_In718-SolutionStrengthened_SEM-SE_EBSD_SameSliceSerialSectioning_0,ma_roma|direct|invert|s0,ma_roma,transform,10000.0,2875.0,228.438,0.2875,16270.296625276307,16303.959332863866,21900.7939619145,0.2787121957985607,2875.0
eval_In718-SolutionStrengthened_SEM-SE_EBSD_SameSliceSerialSectioning_0#3,eval_In718-SolutionStrengthened_SEM-SE_EBSD_SameSliceSerialSectioning_0,ma_roma|direct|histmatch|s0,ma_roma,transform,10000.0,863.0,242.174,0.0863,3728.000698904362,3761.6634064919203,5415.555051603079,0.08095391733753572,863.0
eval_In718-SolutionStrengthened_SEM-SE_EBSD_SameSliceSerialSectioning_0#3,eval_In718-SolutionStrengthened_SEM-SE_EBSD_SameSliceSerialSectioning_0,ma_roma|direct|clahe|s0,ma_roma,transform,10000.0,1715.0,244.31,0.1715,8691.413200045237,8725.075907632796,12048.642351989056,0.16423849318427844,1715.0
eval_In718-SolutionStrengthened_SEM-SE_EBSD_SameSliceSerialSectioning_0#3,eval_In718-SolutionStrengthened_SEM-SE_EBSD_SameSliceSerialSectioning_0,ma_roma|direct|gradmag|s0,ma_roma,transform,10000.0,1882.0,229.126,0.1882,9732.978804105704,9766.641511693262,13417.48012013367,0.18065931958360076,1882.0
eval_In718-SolutionStrengthened_SEM-SE_EBSD_SameSliceSerialSectioning_1#0,eval_In718-SolutionStrengthened_SEM-SE_EBSD_SameSliceSerialSectioning_1,ma_roma|direct|none|s0,ma_roma,core,10000.0,3438.0,11.184,0.3438,26933.634471926514,26967.297179514073,20199.81796900995,0.3345522295213297,3438.0
eval_In718-SolutionStrengthened_SEM-SE_EBSD_SameSliceSerialSectioning_1#0,eval_In718-SolutionStrengthened_SEM-SE_EBSD_SameSliceSerialSectioning_1,ma_roma|pyramid_v2|none|s0,ma_roma,core,10000.0,3438.0,11.184,0.3438,26933.634471926514,26967.297179514073,20199.81796900995,0.3345522295213297,3438.0
eval_In718-SolutionStrengthened_SEM-SE_EBSD_SameSliceSerialSectioning_1#0,eval_In718-SolutionStrengthened_SEM-SE_EBSD_SameSliceSerialSectioning_1,ma_roma|direct|invert|s0,ma_roma,transform,10000.0,4054.0,13.561,0.4054,32601.40051207726,32635.06321966482,24660.399916700026,0.39581528423336215,4054.0
eval_In718-SolutionStrengthened_SEM-SE_EBSD_SameSliceSerialSectioning_1#0,eval_In718-SolutionStrengthened_SEM-SE_EBSD_SameSliceSerialSectioning_1,ma_roma|direct|histmatch|s0,ma_roma,transform,10000.0,3500.0,13.704,0.35,27496.686640706168,27530.349348293727,20641.367845365417,0.3407107849472953,3500.0
eval_In718-SolutionStrengthened_SEM-SE_EBSD_SameSliceSerialSectioning_1#0,eval_In718-SolutionStrengthened_SEM-SE_EBSD_SameSliceSerialSectioning_1,ma_roma|direct|clahe|s0,ma_roma,transform,10000.0,4072.0,11.85,0.4072,32769.428322050044,32803.0910296376,24793.15286608681,0.3976078663562447,4072.0
eval_In718-SolutionStrengthened_SEM-SE_EBSD_SameSliceSerialSectioning_1#0,eval_In718-SolutionStrengthened_SEM-SE_EBSD_SameSliceSerialSectioning_1,ma_roma|direct|gradmag|s0,ma_roma,transform,10000.0,2817.0,18.045,0.2817,21390.831491619974,21424.494199207533,15873.997581195254,0.27296865699375966,2817.0
eval_In718-SolutionStrengthened_SEM-SE_EBSD_SameSliceSerialSectioning_1#1,eval_In718-SolutionStrengthened_SEM-SE_EBSD_SameSliceSerialSectioning_1,ma_roma|direct|none|s0,ma_roma,core,10000.0,4340.0,14.643,0.434,35286.95706952038,35320.61977710794,26785.478129777013,0.4243131073797263,4340.0
eval_In718-SolutionStrengthened_SEM-SE_EBSD_SameSliceSerialSectioning_1#1,eval_In718-SolutionStrengthened_SEM-SE_EBSD_SameSliceSerialSectioning_1,ma_roma|pyramid_v2|none|s0,ma_roma,core,10000.0,4340.0,14.643,0.434,35286.95706952038,35320.61977710794,26785.478129777013,0.4243131073797263,4340.0
eval_In718-SolutionStrengthened_SEM-SE_EBSD_SameSliceSerialSectioning_1#1,eval_In718-SolutionStrengthened_SEM-SE_EBSD_SameSliceSerialSectioning_1,ma_roma|direct|invert|s0,ma_roma,transform,10000.0,2916.0,14.26,0.2916,22262.276491038723,22295.93919862628,16551.430869719145,0.2827733573967703,2916.0
eval_In718-SolutionStrengthened_SEM-SE_EBSD_SameSliceSerialSectioning_1#1,eval_In718-SolutionStrengthened_SEM-SE_EBSD_SameSliceSerialSectioning_1,ma_roma|direct|histmatch|s0,ma_roma,transform,10000.0,4251.0,11.196,0.4251,34447.6464951883,34481.30920277586,26120.58214598951,0.41544133740382067,4251.0
eval_In718-SolutionStrengthened_SEM-SE_EBSD_SameSliceSerialSectioning_1#1,eval_In718-SolutionStrengthened_SEM-SE_EBSD_SameSliceSerialSectioning_1,ma_roma|direct|clahe|s0,ma_roma,transform,10000.0,3850.0,10.949,0.385,30706.526798886756,30740.189506474315,23165.30795419038,0.37550879593357195,3850.0
eval_In718-SolutionStrengthened_SEM-SE_EBSD_SameSliceSerialSectioning_1#1,eval_In718-SolutionStrengthened_SEM-SE_EBSD_SameSliceSerialSectioning_1,ma_roma|direct|gradmag|s0,ma_roma,transform,10000.0,2889.0,49.757,0.2889,22024.13511587789,22057.797823465447,16366.201779649953,0.2800988346499336,2889.0
eval_In718-SolutionStrengthened_SEM-SE_EBSD_SameSliceSerialSectioning_2#0,eval_In718-SolutionStrengthened_SEM-SE_EBSD_SameSliceSerialSectioning_2,ma_roma|direct|none|s0,ma_roma,core,10000.0,3358.0,13.991,0.3358,26209.635183754206,26243.297891341765,19632.595831316023,0.32660830550943787,3358.0
eval_In718-SolutionStrengthened_SEM-SE_EBSD_SameSliceSerialSectioning_2#0,eval_In718-SolutionStrengthened_SEM-SE_EBSD_SameSliceSerialSectioning_2,ma_roma|pyramid_v2|none|s0,ma_roma,core,10000.0,3358.0,13.991,0.3358,26209.635183754206,26243.297891341765,19632.595831316023,0.32660830550943787,3358.0
eval_In718-SolutionStrengthened_SEM-SE_EBSD_SameSliceSerialSectioning_2#0,eval_In718-SolutionStrengthened_SEM-SE_EBSD_SameSliceSerialSectioning_2,ma_roma|direct|invert|s0,ma_roma,transform,10000.0,4189.0,13.975,0.4189,33864.87244320953,33898.53515079709,25659.310392595213,0.40926289917066994,4189.0
eval_In718-SolutionStrengthened_SEM-SE_EBSD_SameSliceSerialSectioning_2#0,eval_In718-SolutionStrengthened_SEM-SE_EBSD_SameSliceSerialSectioning_2,ma_roma|direct|histmatch|s0,ma_roma,transform,10000.0,3320.0,13.817,0.332,25866.738586856187,25900.401294443745,19364.168380463838,0.32283598072627157,3320.0
eval_In718-SolutionStrengthened_SEM-SE_EBSD_SameSliceSerialSectioning_2#0,eval_In718-SolutionStrengthened_SEM-SE_EBSD_SameSliceSerialSectioning_2,ma_roma|direct|clahe|s0,ma_roma,transform,10000.0,3378.0,14.616,0.3378,26390.367322295737,26424.030029883295,19774.133682351425,0.3285940095970877,3378.0
eval_In718-SolutionStrengthened_SEM-SE_EBSD_SameSliceSerialSectioning_2#0,eval_In718-SolutionStrengthened_SEM-SE_EBSD_SameSliceSerialSectioning_2,ma_roma|direct|gradmag|s0,ma_roma,transform,10000.0,3363.0,12.566,0.3363,26254.801427752136,26288.464135339695,19667.96350344467,0.3271047141303599,3363.0
eval_In718-SolutionStrengthened_SEM-SE_EBSD_SameSliceSerialSectioning_2#1,eval_In718-SolutionStrengthened_SEM-SE_EBSD_SameSliceSerialSectioning_2,ma_roma|direct|none|s0,ma_roma,core,10000.0,3796.0,15.045,0.3796,30207.870834162553,30241.533541750112,22772.476569661783,0.37013648953894474,3796.0
eval_In718-SolutionStrengthened_SEM-SE_EBSD_SameSliceSerialSectioning_2#1,eval_In718-SolutionStrengthened_SEM-SE_EBSD_SameSliceSerialSectioning_2,ma_roma|pyramid_v2|none|s0,ma_roma,core,10000.0,3796.0,15.045,0.3796,30207.870834162553,30241.533541750112,22772.476569661783,0.37013648953894474,3796.0
eval_In718-SolutionStrengthened_SEM-SE_EBSD_SameSliceSerialSectioning_2#1,eval_In718-SolutionStrengthened_SEM-SE_EBSD_SameSliceSerialSectioning_2,ma_roma|direct|invert|s0,ma_roma,transform,10000.0,3700.0,14.142,0.37,29324.43283666199,29358.095544249547,22077.17115819378,0.36058881455729824,3700.0
eval_In718-SolutionStrengthened_SEM-SE_EBSD_SameSliceSerialSectioning_2#1,eval_In718-SolutionStrengthened_SEM-SE_EBSD_SameSliceSerialSectioning_2,ma_roma|direct|histmatch|s0,ma_roma,transform,10000.0,2827.0,12.546,0.2827,21478.638035962384,21512.300743549942,15942.20698316439,0.27395879413037955,2827.0
eval_In718-SolutionStrengthened_SEM-SE_EBSD_SameSliceSerialSectioning_2#1,eval_In718-SolutionStrengthened_SEM-SE_EBSD_SameSliceSerialSectioning_2,ma_roma|direct|clahe|s0,ma_roma,transform,10000.0,3512.0,14.115,0.3512,27605.86005658573,27639.52276417329,20727.02468844023,0.3419029644538826,3512.0
eval_In718-SolutionStrengthened_SEM-SE_EBSD_SameSliceSerialSectioning_2#1,eval_In718-SolutionStrengthened_SEM-SE_EBSD_SameSliceSerialSectioning_2,ma_roma|direct|gradmag|s0,ma_roma,transform,10000.0,2072.0,40.742,0.2072,14996.991830553126,15030.654538140685,10940.144901181717,0.19936942853126058,2072.0
eval_In718-SolutionStrengthened_SEM-SE_EBSD_SameSliceSerialSectioning_3#0,eval_In718-SolutionStrengthened_SEM-SE_EBSD_SameSliceSerialSectioning_3,ma_roma|direct|none|s0,ma_roma,core,10000.0,2698.0,11.008,0.2698,20349.756865304305,20383.419572891864,15066.128946486171,0.2611902041082319,2698.0
eval_In718-SolutionStrengthened_SEM-SE_EBSD_SameSliceSerialSectioning_3#0,eval_In718-SolutionStrengthened_SEM-SE_EBSD_SameSliceSerialSectioning_3,ma_roma|pyramid_v2|none|s0,ma_roma,core,10000.0,2698.0,11.008,0.2698,20349.756865304305,20383.419572891864,15066.128946486171,0.2611902041082319,2698.0
eval_In718-SolutionStrengthened_SEM-SE_EBSD_SameSliceSerialSectioning_3#0,eval_In718-SolutionStrengthened_SEM-SE_EBSD_SameSliceSerialSectioning_3,ma_roma|direct|invert|s0,ma_roma,transform,10000.0,3364.0,19.386,0.3364,26263.836020720148,26297.498728307706,19675.038382038245,0.3272039972480495,3364.0
eval_In718-SolutionStrengthened_SEM-SE_EBSD_SameSliceSerialSectioning_3#0,eval_In718-SolutionStrengthened_SEM-SE_EBSD_SameSliceSerialSectioning_3,ma_roma|direct|histmatch|s0,ma_roma,transform,10000.0,2763.0,22.671,0.2763,20917.532748653615,20951.195456241174,15506.523406465225,0.26762285050253076,2763.0
eval_In718-SolutionStrengthened_SEM-SE_EBSD_SameSliceSerialSectioning_3#0,eval_In718-SolutionStrengthened_SEM-SE_EBSD_SameSliceSerialSectioning_3,ma_roma|direct|clahe|s0,ma_roma,transform,10000.0,3035.0,21.064,0.3035,23316.042021758403,23349.704729345962,17371.990400676797,0.2945655586137993,3035.0
eval_In718-SolutionStrengthened_SEM-SE_EBSD_SameSliceSerialSectioning_3#0,eval_In718-SolutionStrengthened_SEM-SE_EBSD_SameSliceSerialSectioning_3,ma_roma|direct|gradmag|s0,ma_roma,transform,10000.0,3314.0,20.374,0.3314,25812.65643565704,25846.3191432446,19321.844515456105,0.3222404122370592,3314.0
eval_In718-SolutionStrengthened_SEM-SE_EBSD_SameSliceSerialSectioning_3#1,eval_In718-SolutionStrengthened_SEM-SE_EBSD_SameSliceSerialSectioning_3,ma_roma|direct|none|s0,ma_roma,core,10000.0,2772.0,20.319,0.2772,20996.31508641042,21029.97779399798,15567.668316251882,0.26851370813183767,2772.0
eval_In718-SolutionStrengthened_SEM-SE_EBSD_SameSliceSerialSectioning_3#1,eval_In718-SolutionStrengthened_SEM-SE_EBSD_SameSliceSerialSectioning_3,ma_roma|pyramid_v2|none|s0,ma_roma,core,10000.0,2772.0,20.319,0.2772,20996.31508641042,21029.97779399798,15567.668316251882,0.26851370813183767,2772.0
eval_In718-SolutionStrengthened_SEM-SE_EBSD_SameSliceSerialSectioning_3#1,eval_In718-SolutionStrengthened_SEM-SE_EBSD_SameSliceSerialSectioning_3,ma_roma|direct|invert|s0,ma_roma,transform,10000.0,3270.0,16.677,0.327,25416.551345525622,25450.21405311318,19011.966857169562,0.31787342793229384,3270.0
eval_In718-SolutionStrengthened_SEM-SE_EBSD_SameSliceSerialSectioning_3#1,eval_In718-SolutionStrengthened_SEM-SE_EBSD_SameSliceSerialSectioning_3,ma_roma|direct|histmatch|s0,ma_roma,transform,10000.0,2219.0,20.972,0.2219,16234.202153573946,16267.864861161504,11889.277281171057,0.21386352815979137,2219.0
eval_In718-SolutionStrengthened_SEM-SE_EBSD_SameSliceSerialSectioning_3#1,eval_In718-SolutionStrengthened_SEM-SE_EBSD_SameSliceSerialSectioning_3,ma_roma|direct|clahe|s0,ma_roma,transform,10000.0,2369.0,15.473,0.2369,17509.563778377713,17543.22648596527,12870.681806156213,0.22866863450131494,2369.0
eval_In718-SolutionStrengthened_SEM-SE_EBSD_SameSliceSerialSectioning_3#1,eval_In718-SolutionStrengthened_SEM-SE_EBSD_SameSliceSerialSectioning_3,ma_roma|direct|gradmag|s0,ma_roma,transform,10000.0,2078.0,19.258,0.2078,15047.237262938346,15080.899970525905,10978.632050504668,0.19996072150418215,2078.0
eval_MoTaTiZrHf-HEA-DDRX-1100C_TEM_DislocationCharacterization_0#0,eval_MoTaTiZrHf-HEA-DDRX-1100C_TEM_DislocationCharacterization_0,ma_roma|direct|none|s0,ma_roma,core,10000.0,7615.0,28.542,0.7615,76437.57159737787,76471.23430496543,76437.57159737787,0.7530478778116426,7615.0
eval_MoTaTiZrHf-HEA-DDRX-1100C_TEM_DislocationCharacterization_0#0,eval_MoTaTiZrHf-HEA-DDRX-1100C_TEM_DislocationCharacterization_0,ma_roma|pyramid_v2|none|s0,ma_roma,core,10000.0,7615.0,28.542,0.7615,76437.57159737787,76471.23430496543,76437.57159737787,0.7530478778116426,7615.0
eval_MoTaTiZrHf-HEA-DDRX-1100C_TEM_DislocationCharacterization_0#0,eval_MoTaTiZrHf-HEA-DDRX-1100C_TEM_DislocationCharacterization_0,ma_roma|direct|invert|s0,ma_roma,transform,10000.0,2738.0,60.089,0.2738,23570.180146101382,23603.84285368894,23570.180146101382,0.26514847912765976,2738.0
eval_MoTaTiZrHf-HEA-DDRX-1100C_TEM_DislocationCharacterization_0#0,eval_MoTaTiZrHf-HEA-DDRX-1100C_TEM_DislocationCharacterization_0,ma_roma|direct|histmatch|s0,ma_roma,transform,10000.0,7444.0,28.813,0.7444,74406.5376282089,74440.20033579646,74406.5376282089,0.735757954764918,7444.0
eval_MoTaTiZrHf-HEA-DDRX-1100C_TEM_DislocationCharacterization_0#0,eval_MoTaTiZrHf-HEA-DDRX-1100C_TEM_DislocationCharacterization_0,ma_roma|direct|clahe|s0,ma_roma,transform,10000.0,7828.0,28.974,0.7828,78990.08064191937,79023.74334950693,78990.08064191937,0.7746105146394956,7828.0
eval_MoTaTiZrHf-HEA-DDRX-1100C_TEM_DislocationCharacterization_0#0,eval_MoTaTiZrHf-HEA-DDRX-1100C_TEM_DislocationCharacterization_0,ma_roma|direct|gradmag|s0,ma_roma,transform,10000.0,1111.0,65.637,0.1111,8440.453440899517,8474.116148487075,8440.453440899517,0.10508940612398694,1111.0
eval_MoTaTiZrHf-HEA-DDRX-1100C_TEM_DislocationCharacterization_0#1,eval_MoTaTiZrHf-HEA-DDRX-1100C_TEM_DislocationCharacterization_0,ma_roma|direct|none|s0,ma_roma,core,10000.0,4873.0,22.489,0.4873,45490.94738497222,45524.61009255978,45490.94738497222,0.47751009850948856,4873.0
eval_MoTaTiZrHf-HEA-DDRX-1100C_TEM_DislocationCharacterization_0#1,eval_MoTaTiZrHf-HEA-DDRX-1100C_TEM_DislocationCharacterization_0,ma_roma|pyramid_v2|none|s0,ma_roma,core,10000.0,4873.0,22.489,0.4873,45490.94738497222,45524.61009255978,45490.94738497222,0.47751009850948856,4873.0
eval_MoTaTiZrHf-HEA-DDRX-1100C_TEM_DislocationCharacterization_0#1,eval_MoTaTiZrHf-HEA-DDRX-1100C_TEM_DislocationCharacterization_0,ma_roma|direct|invert|s0,ma_roma,transform,10000.0,2388.0,61.94,0.2388,20176.19701360885,20209.859721196408,20176.19701360885,0.2305449909824494,2388.0
eval_MoTaTiZrHf-HEA-DDRX-1100C_TEM_DislocationCharacterization_0#1,eval_MoTaTiZrHf-HEA-DDRX-1100C_TEM_DislocationCharacterization_0,ma_roma|direct|histmatch|s0,ma_roma,transform,10000.0,5236.0,22.017,0.5236,49405.81151454765,49439.474222135206,49405.81151454765,0.5138039154629885,5236.0
eval_MoTaTiZrHf-HEA-DDRX-1100C_TEM_DislocationCharacterization_0#1,eval_MoTaTiZrHf-HEA-DDRX-1100C_TEM_DislocationCharacterization_0,ma_roma|direct|clahe|s0,ma_roma,transform,10000.0,4910.0,22.824,0.491,45887.57031808402,45921.23302567158,45887.57031808402,0.48120710458570976,4910.0
eval_MoTaTiZrHf-HEA-DDRX-1100C_TEM_DislocationCharacterization_0#1,eval_MoTaTiZrHf-HEA-DDRX-1100C_TEM_DislocationCharacterization_0,ma_roma|direct|gradmag|s0,ma_roma,transform,10000.0,2701.0,90.603,0.2701,23208.383103129407,23242.045810716965,23208.383103129407,0.26148704381225796,2701.0
eval_MoTaTiZrHf-HEA-DDRX-1100C_TEM_DislocationCharacterization_0#2,eval_MoTaTiZrHf-HEA-DDRX-1100C_TEM_DislocationCharacterization_0,ma_roma|direct|none|s0,ma_roma,core,10000.0,3921.0,19.477,0.3921,35476.06750664563,35509.73021423319,35476.06750664563,0.3825742685919669,3921.0
eval_MoTaTiZrHf-HEA-DDRX-1100C_TEM_DislocationCharacterization_0#2,eval_MoTaTiZrHf-HEA-DDRX-1100C_TEM_DislocationCharacterization_0,ma_roma|pyramid_v2|none|s0,ma_roma,core,10000.0,3921.0,19.477,0.3921,35476.06750664563,35509.73021423319,35476.06750664563,0.3825742685919669,3921.0
eval_MoTaTiZrHf-HEA-DDRX-1100C_TEM_DislocationCharacterization_0#2,eval_MoTaTiZrHf-HEA-DDRX-1100C_TEM_DislocationCharacterization_0,ma_roma|direct|invert|s0,ma_roma,transform,10000.0,1750.0,63.101,0.175,14168.98841667508,14202.651124262638,14168.98841667508,0.1676779652656374,1750.0
eval_MoTaTiZrHf-HEA-DDRX-1100C_TEM_DislocationCharacterization_0#2,eval_MoTaTiZrHf-HEA-DDRX-1100C_TEM_DislocationCharacterization_0,ma_roma|direct|histmatch|s0,ma_roma,transform,10000.0,4826.0,20.758,0.4826,44987.91913165054,45021.5818392381,44987.91913165054,0.4728146757523171,4826.0
eval_MoTaTiZrHf-HEA-DDRX-1100C_TEM_DislocationCharacterization_0#2,eval_MoTaTiZrHf-HEA-DDRX-1100C_TEM_DislocationCharacterization_0,ma_roma|direct|clahe|s0,ma_roma,transform,10000.0,3682.0,22.336,0.3682,33020.58678600806,33054.24949359562,33020.58678600806,0.35879907003764533,3682.0
eval_MoTaTiZrHf-HEA-DDRX-1100C_TEM_DislocationCharacterization_0#2,eval_MoTaTiZrHf-HEA-DDRX-1100C_TEM_DislocationCharacterization_0,ma_roma|direct|gradmag|s0,ma_roma,transform,10000.0,1050.0,61.268,0.105,7912.656952916853,7946.319660504411,7912.656952916853,0.09914258179426232,1050.0
eval_MoTaTiZrHf-HEA-DDRX-1100C_TEM_DislocationCharacterization_0#3,eval_MoTaTiZrHf-HEA-DDRX-1100C_TEM_DislocationCharacterization_0,ma_roma|direct|none|s0,ma_roma,core,10000.0,5251.0,25.069,0.5251,49568.71764690257,49602.38035449013,49568.71764690257,0.515304772095365,5251.0
eval_MoTaTiZrHf-HEA-DDRX-1100C_TEM_DislocationCharacterization_0#3,eval_MoTaTiZrHf-HEA-DDRX-1100C_TEM_DislocationCharacterization_0,ma_roma|pyramid_v2|none|s0,ma_roma,core,10000.0,5251.0,25.069,0.5251,49568.71764690257,49602.38035449013,49568.71764690257,0.515304772095365,5251.0
eval_MoTaTiZrHf-HEA-DDRX-1100C_TEM_DislocationCharacterization_0#3,eval_MoTaTiZrHf-HEA-DDRX-1100C_TEM_DislocationCharacterization_0,ma_roma|direct|invert|s0,ma_roma,transform,10000.0,8234.0,24.58,0.8234,83931.18298073439,83964.84568832195,83931.18298073439,0.8158022908606956,8234.0
eval_MoTaTiZrHf-HEA-DDRX-1100C_TEM_DislocationCharacterization_0#3,eval_MoTaTiZrHf-HEA-DDRX-1100C_TEM_DislocationCharacterization_0,ma_roma|direct|histmatch|s0,ma_roma,transform,10000.0,5398.0,26.498,0.5398,51169.97695990665,51203.63966749421,51169.97695990665,0.530017856700788,5398.0
eval_MoTaTiZrHf-HEA-DDRX-1100C_TEM_DislocationCharacterization_0#3,eval_MoTaTiZrHf-HEA-DDRX-1100C_TEM_DislocationCharacterization_0,ma_roma|direct|clahe|s0,ma_roma,transform,10000.0,5106.0,24.986,0.5106,47997.7340511823,48031.39675876986,47997.7340511823,0.5008001926271187,5106.0
eval_MoTaTiZrHf-HEA-DDRX-1100C_TEM_DislocationCharacterization_0#3,eval_MoTaTiZrHf-HEA-DDRX-1100C_TEM_DislocationCharacterization_0,ma_roma|direct|gradmag|s0,ma_roma,transform,10000.0,1380.0,66.059,0.138,10810.705377467573,10844.368085055132,10810.705377467573,0.1313789605728996,1380.0
eval_MoTaTiZrHf-HEA-DDRX-1100C_TEM_DislocationCharacterization_0#4,eval_MoTaTiZrHf-HEA-DDRX-1100C_TEM_DislocationCharacterization_0,ma_roma|direct|none|s0,ma_roma,core,10000.0,1876.0,187.123,0.1876,15335.16884272158,15368.831550309138,15335.16884272158,0.18006893903480972,1876.0
eval_MoTaTiZrHf-HEA-DDRX-1100C_TEM_DislocationCharacterization_0#4,eval_MoTaTiZrHf-HEA-DDRX-1100C_TEM_DislocationCharacterization_0,ma_roma|pyramid_v2|none|s0,ma_roma,core,10000.0,1876.0,187.123,0.1876,15335.16884272158,15368.831550309138,15335.16884272158,0.18006893903480972,1876.0
eval_MoTaTiZrHf-HEA-DDRX-1100C_TEM_DislocationCharacterization_0#4,eval_MoTaTiZrHf-HEA-DDRX-1100C_TEM_DislocationCharacterization_0,ma_roma|direct|invert|s0,ma_roma,transform,10000.0,2001.0,189.678,0.2001,16502.39246440225,16536.05517198981,16502.39246440225,0.19237449548579028,2001.0
eval_MoTaTiZrHf-HEA-DDRX-1100C_TEM_DislocationCharacterization_0#4,eval_MoTaTiZrHf-HEA-DDRX-1100C_TEM_DislocationCharacterization_0,ma_roma|direct|histmatch|s0,ma_roma,transform,10000.0,1976.0,183.925,0.1976,16268.151792830024,16301.814500417582,16268.151792830024,0.18991240058849998,1976.0
eval_MoTaTiZrHf-HEA-DDRX-1100C_TEM_DislocationCharacterization_0#4,eval_MoTaTiZrHf-HEA-DDRX-1100C_TEM_DislocationCharacterization_0,ma_roma|direct|clahe|s0,ma_roma,transform,10000.0,1814.0,188.682,0.1814,14759.997661061723,14793.660368649282,14759.997661061723,0.1739700947351133,1814.0
eval_MoTaTiZrHf-HEA-DDRX-1100C_TEM_DislocationCharacterization_0#4,eval_MoTaTiZrHf-HEA-DDRX-1100C_TEM_DislocationCharacterization_0,ma_roma|direct|gradmag|s0,ma_roma,transform,10000.0,1991.0,178.227,0.1991,16408.649141991744,16442.311849579302,16408.649141991744,0.19138959981080983,1991.0
eval_MoTaTiZrHf-HEA-DDRX-1100C_TEM_DislocationCharacterization_0#5,eval_MoTaTiZrHf-HEA-DDRX-1100C_TEM_DislocationCharacterization_0,ma_roma|direct|none|s0,ma_roma,core,10000.0,5223.0,186.524,0.5223,49264.69915607806,49298.36186366562,49264.69915607806,0.5125032445902056,5223.0
eval_MoTaTiZrHf-HEA-DDRX-1100C_TEM_DislocationCharacterization_0#5,eval_MoTaTiZrHf-HEA-DDRX-1100C_TEM_DislocationCharacterization_0,ma_roma|pyramid_v2|none|s0,ma_roma,core,10000.0,5223.0,186.524,0.5223,49264.69915607806,49298.36186366562,49264.69915607806,0.5125032445902056,5223.0
eval_MoTaTiZrHf-HEA-DDRX-1100C_TEM_DislocationCharacterization_0#5,eval_MoTaTiZrHf-HEA-DDRX-1100C_TEM_DislocationCharacterization_0,ma_roma|direct|invert|s0,ma_roma,transform,10000.0,2165.0,185.312,0.2165,18048.531118835166,18082.193826422725,18048.531118835166,0.20853739335654853,2165.0
eval_MoTaTiZrHf-HEA-DDRX-1100C_TEM_DislocationCharacterization_0#5,eval_MoTaTiZrHf-HEA-DDRX-1100C_TEM_DislocationCharacterization_0,ma_roma|direct|histmatch|s0,ma_roma,transform,10000.0,4089.0,188.25,0.4089,37216.47359464585,37250.13630223341,37216.47359464585,0.39930098342921183,4089.0
eval_MoTaTiZrHf-HEA-DDRX-1100C_TEM_DislocationCharacterization_0#5,eval_MoTaTiZrHf-HEA-DDRX-1100C_TEM_DislocationCharacterization_0,ma_roma|direct|clahe|s0,ma_roma,transform,10000.0,3552.0,180.807,0.3552,31695.24048808268,31728.90319567024,31695.24048808268,0.34587736351517673,3552.0
eval_MoTaTiZrHf-HEA-DDRX-1100C_TEM_DislocationCharacterization_0#5,eval_MoTaTiZrHf-HEA-DDRX-1100C_TEM_DislocationCharacterization_0,ma_roma|direct|gradmag|s0,ma_roma,transform,10000.0,4642.0,173.475,0.4642,43027.13427308564,43060.7969806732,43027.13427308564,0.45444094641816934,4642.0
eval_MoTaTiZrHf-HEA-DDRX-1100C_TEM_DislocationCharacterization_0#6,eval_MoTaTiZrHf-HEA-DDRX-1100C_TEM_DislocationCharacterization_0,ma_roma|direct|none|s0,ma_roma,core,10000.0,1618.0,183.828,0.1618,12959.086541402854,12992.749248990413,12959.086541402854,0.15471218048680446,1618.0
eval_MoTaTiZrHf-HEA-DDRX-1100C_TEM_DislocationCharacterization_0#6,eval_MoTaTiZrHf-HEA-DDRX-1100C_TEM_DislocationCharacterization_0,ma_roma|pyramid_v2|none|s0,ma_roma,core,10000.0,1618.0,183.828,0.1618,12959.086541402854,12992.749248990413,12959.086541402854,0.15471218048680446,1618.0
eval_MoTaTiZrHf-HEA-DDRX-1100C_TEM_DislocationCharacterization_0#6,eval_MoTaTiZrHf-HEA-DDRX-1100C_TEM_DislocationCharacterization_0,ma_roma|direct|invert|s0,ma_roma,transform,10000.0,2360.0,18.88,0.236,19907.506379619765,19941.169087207323,19907.506379619765,0.22777991420585306,2360.0
eval_MoTaTiZrHf-HEA-DDRX-1100C_TEM_DislocationCharacterization_0#6,eval_MoTaTiZrHf-HEA-DDRX-1100C_TEM_DislocationCharacterization_0,ma_roma|direct|histmatch|s0,ma_roma,transform,10000.0,1471.0,182.25,0.1471,11626.866068947424,11660.528776534982,11626.866068947424,0.140293221622136,1471.0
eval_MoTaTiZrHf-HEA-DDRX-1100C_TEM_DislocationCharacterization_0#6,eval_MoTaTiZrHf-HEA-DDRX-1100C_TEM_DislocationCharacterization_0,ma_roma|direct|clahe|s0,ma_roma,transform,10000.0,1135.0,186.876,0.1135,8649.15388197864,8682.816589566199,8649.15388197864,0.1074307727958436,1135.0
eval_MoTaTiZrHf-HEA-DDRX-1100C_TEM_DislocationCharacterization_0#6,eval_MoTaTiZrHf-HEA-DDRX-1100C_TEM_DislocationCharacterization_0,ma_roma|direct|gradmag|s0,ma_roma,transform,10000.0,2330.0,174.568,0.233,19620.106094076367,19653.768801663926,19620.106094076367,0.22481788848269532,2330.0
eval_MoTaTiZrHf-HEA-DDRX-1100C_TEM_DislocationCharacterization_0#7,eval_MoTaTiZrHf-HEA-DDRX-1100C_TEM_DislocationCharacterization_0,ma_roma|direct|none|s0,ma_roma,core,10000.0,1816.0,183.672,0.1816,14778.511537138067,14812.174244725626,14778.511537138067,0.1741667810095245,1816.0
eval_MoTaTiZrHf-HEA-DDRX-1100C_TEM_DislocationCharacterization_0#7,eval_MoTaTiZrHf-HEA-DDRX-1100C_TEM_DislocationCharacterization_0,ma_roma|pyramid_v2|none|s0,ma_roma,core,10000.0,1816.0,183.672,0.1816,14778.511537138067,14812.174244725626,14778.511537138067,0.1741667810095245,1816.0
eval_MoTaTiZrHf-HEA-DDRX-1100C_TEM_DislocationCharacterization_0#7,eval_MoTaTiZrHf-HEA-DDRX-1100C_TEM_DislocationCharacterization_0,ma_roma|direct|invert|s0,ma_roma,transform,10000.0,1491.0,190.24,0.1491,11807.138700539539,11840.801408127098,11807.138700539539,0.14225364780278338,1491.0
eval_MoTaTiZrHf-HEA-DDRX-1100C_TEM_DislocationCharacterization_0#7,eval_MoTaTiZrHf-HEA-DDRX-1100C_TEM_DislocationCharacterization_0,ma_roma|direct|histmatch|s0,ma_roma,transform,10000.0,1746.0,188.482,0.1746,14132.14368323029,14165.806390817848,14132.14368323029,0.16728482692707197,1746.0
eval_MoTaTiZrHf-HEA-DDRX-1100C_TEM_DislocationCharacterization_0#7,eval_MoTaTiZrHf-HEA-DDRX-1100C_TEM_DislocationCharacterization_0,ma_roma|direct|clahe|s0,ma_roma,transform,10000.0,2778.0,17.451,0.2778,23962.08632768819,23995.74903527575,23962.08632768819,0.26910763779436697,2778.0
eval_MoTaTiZrHf-HEA-DDRX-1100C_TEM_DislocationCharacterization_0#7,eval_MoTaTiZrHf-HEA-DDRX-1100C_TEM_DislocationCharacterization_0,ma_roma|direct|gradmag|s0,ma_roma,transform,10000.0,4066.0,182.769,0.4066,36977.51039560222,37011.17310318978,36977.51039560222,0.39701032410340853,4066.0
eval_MoTaTiZrHf-HEA-DDRX-1100C_TEM_DislocationCharacterization_0#8,eval_MoTaTiZrHf-HEA-DDRX-1100C_TEM_DislocationCharacterization_0,ma_roma|direct|none|s0,ma_roma,core,10000.0,3925.0,68.88,0.3925,35517.36883492528,35551.031542512836,35517.36883492528,0.3829723867058942,3925.0
eval_MoTaTiZrHf-HEA-DDRX-1100C_TEM_DislocationCharacterization_0#8,eval_MoTaTiZrHf-HEA-DDRX-1100C_TEM_DislocationCharacterization_0,ma_roma|pyramid_v2|none|s0,ma_roma,core,10000.0,3925.0,68.88,0.3925,35517.36883492528,35551.031542512836,35517.36883492528,0.3829723867058942,3925.0
eval_MoTaTiZrHf-HEA-DDRX-1100C_TEM_DislocationCharacterization_0#8,eval_MoTaTiZrHf-HEA-DDRX-1100C_TEM_DislocationCharacterization_0,ma_roma|direct|invert|s0,ma_roma,transform,10000.0,6881.0,26.508,0.6881,67824.97878455663,67858.64149214419,67824.97878455663,0.6789493157834632,6881.0
eval_MoTaTiZrHf-HEA-DDRX-1100C_TEM_DislocationCharacterization_0#8,eval_MoTaTiZrHf-HEA-DDRX-1100C_TEM_DislocationCharacterization_0,ma_roma|direct|histmatch|s0,ma_roma,transform,10000.0,3970.0,72.763,0.397,35982.47053809699,36016.13324568455,35982.47053809699,0.38745167832956867,3970.0
eval_MoTaTiZrHf-HEA-DDRX-1100C_TEM_DislocationCharacterization_0#8,eval_MoTaTiZrHf-HEA-DDRX-1100C_TEM_DislocationCharacterization_0,ma_roma|direct|clahe|s0,ma_roma,transform,10000.0,2545.0,67.294,0.2545,21690.676704003563,21724.33941159112,21690.676704003563,0.2460581833856347,2545.0
eval_MoTaTiZrHf-HEA-DDRX-1100C_TEM_DislocationCharacterization_0#8,eval_MoTaTiZrHf-HEA-DDRX-1100C_TEM_DislocationCharacterization_0,ma_roma|direct|gradmag|s0,ma_roma,transform,10000.0,3079.0,23.092,0.3079,26936.2957051364,26969.958412723958,26936.2957051364,0.298927519971037,3079.0
eval_MoTaTiZrHf-HEA-DDRX-1100C_TEM_DislocationCharacterization_0#9,eval_MoTaTiZrHf-HEA-DDRX-1100C_TEM_DislocationCharacterization_0,ma_roma|direct|none|s0,ma_roma,core,10000.0,4145.0,73.062,0.4145,37799.21137745322,37832.87408504078,37799.21137745322,0.4048791513961763,4145.0
eval_MoTaTiZrHf-HEA-DDRX-1100C_TEM_DislocationCharacterization_0#9,eval_MoTaTiZrHf-HEA-DDRX-1100C_TEM_DislocationCharacterization_0,ma_roma|pyramid_v2|none|s0,ma_roma,core,10000.0,4145.0,73.062,0.4145,37799.21137745322,37832.87408504078,37799.21137745322,0.4048791513961763,4145.0
eval_MoTaTiZrHf-HEA-DDRX-1100C_TEM_DislocationCharacterization_0#9,eval_MoTaTiZrHf-HEA-DDRX-1100C_TEM_DislocationCharacterization_0,ma_roma|direct|invert|s0,ma_roma,transform,10000.0,6805.0,21.023,0.6805,66948.20637152015,66981.86907910771,66948.20637152015,0.6712932031988662,6805.0
eval_MoTaTiZrHf-HEA-DDRX-1100C_TEM_DislocationCharacterization_0#9,eval_MoTaTiZrHf-HEA-DDRX-1100C_TEM_DislocationCharacterization_0,ma_roma|direct|histmatch|s0,ma_roma,transform,10000.0,5325.0,72.6,0.5325,50373.708858552855,50407.37156614041,50373.708858552855,0.5227102939566003,5325.0
eval_MoTaTiZrHf-HEA-DDRX-1100C_TEM_DislocationCharacterization_0#9,eval_MoTaTiZrHf-HEA-DDRX-1100C_TEM_DislocationCharacterization_0,ma_roma|direct|clahe|s0,ma_roma,transform,10000.0,2421.0,62.508,0.2421,20493.42147576424,20527.0841833518,20493.42147576424,0.23380446689141332,2421.0
eval_MoTaTiZrHf-HEA-DDRX-1100C_TEM_DislocationCharacterization_0#9,eval_MoTaTiZrHf-HEA-DDRX-1100C_TEM_DislocationCharacterization_0,ma_roma|direct|gradmag|s0,ma_roma,transform,10000.0,4193.0,77.858,0.4193,38299.7294851049,38333.39219269246,38299.7294851049,0.40966146089215977,4193.0
eval_MoTaTiZrHf-HEA-DDRX-1100C_TEM_DislocationCharacterization_0#10,eval_MoTaTiZrHf-HEA-DDRX-1100C_TEM_DislocationCharacterization_0,ma_roma|direct|none|s0,ma_roma,core,10000.0,3480.0,66.478,0.348,30964.369888788275,30998.032596375833,30964.369888788275,0.3387239635877723,3480.0
eval_MoTaTiZrHf-HEA-DDRX-1100C_TEM_DislocationCharacterization_0#10,eval_MoTaTiZrHf-HEA-DDRX-1100C_TEM_DislocationCharacterization_0,ma_roma|pyramid_v2|none|s0,ma_roma,core,10000.0,3480.0,66.478,0.348,30964.369888788275,30998.032596375833,30964.369888788275,0.3387239635877723,3480.0
eval_MoTaTiZrHf-HEA-DDRX-1100C_TEM_DislocationCharacterization_0#10,eval_MoTaTiZrHf-HEA-DDRX-1100C_TEM_DislocationCharacterization_0,ma_roma|direct|invert|s0,ma_roma,transform,10000.0,5871.0,22.039,0.5871,56381.62672355873,56415.28943114629,56381.62672355873,0.5774183651947283,5871.0
eval_MoTaTiZrHf-HEA-DDRX-1100C_TEM_DislocationCharacterization_0#10,eval_MoTaTiZrHf-HEA-DDRX-1100C_TEM_DislocationCharacterization_0,ma_roma|direct|histmatch|s0,ma_roma,transform,10000.0,3494.0,105.657,0.3494,31106.305376697022,31139.96808428458,31106.305376697022,0.34011471955324624,3494.0
eval_MoTaTiZrHf-HEA-DDRX-1100C_TEM_DislocationCharacterization_0#10,eval_MoTaTiZrHf-HEA-DDRX-1100C_TEM_DislocationCharacterization_0,ma_roma|direct|clahe|s0,ma_roma,transform,10000.0,1515.0,68.551,0.1515,12023.881619145148,12057.544326732706,12023.881619145148,0.144606730486649,1515.0
eval_MoTaTiZrHf-HEA-DDRX-1100C_TEM_DislocationCharacterization_0#10,eval_MoTaTiZrHf-HEA-DDRX-1100C_TEM_DislocationCharacterization_0,ma_roma|direct|gradmag|s0,ma_roma,transform,10000.0,1432.0,77.394,0.1432,11276.254512098447,11309.917219686005,11276.254512098447,0.13647166460830876,1432.0
eval_MoTaTiZrHf-HEA-DDRX-1100C_TEM_DislocationCharacterization_0#11,eval_MoTaTiZrHf-HEA-DDRX-1100C_TEM_DislocationCharacterization_0,ma_roma|direct|none|s0,ma_roma,core,10000.0,8259.0,23.036,0.8259,84238.95548249545,84272.61819008301,84238.95548249545,0.818343134001817,8259.0
eval_MoTaTiZrHf-HEA-DDRX-1100C_TEM_DislocationCharacterization_0#11,eval_MoTaTiZrHf-HEA-DDRX-1100C_TEM_DislocationCharacterization_0,ma_roma|pyramid_v2|none|s0,ma_roma,core,10000.0,8259.0,23.036,0.8259,84238.95548249545,84272.61819008301,84238.95548249545,0.818343134001817,8259.0
eval_MoTaTiZrHf-HEA-DDRX-1100C_TEM_DislocationCharacterization_0#11,eval_MoTaTiZrHf-HEA-DDRX-1100C_TEM_DislocationCharacterization_0,ma_roma|direct|invert|s0,ma_roma,transform,10000.0,3868.0,24.758,0.3868,34929.45949981712,34963.12220740468,34929.45949981712,0.3772998406414498,3868.0
eval_MoTaTiZrHf-HEA-DDRX-1100C_TEM_DislocationCharacterization_0#11,eval_MoTaTiZrHf-HEA-DDRX-1100C_TEM_DislocationCharacterization_0,ma_roma|direct|histmatch|s0,ma_roma,transform,10000.0,6592.0,20.725,0.6592,64504.98931402623,64538.65202161379,64504.98931402623,0.6498506475335205,6592.0
eval_MoTaTiZrHf-HEA-DDRX-1100C_TEM_DislocationCharacterization_0#11,eval_MoTaTiZrHf-HEA-DDRX-1100C_TEM_DislocationCharacterization_0,ma_roma|direct|clahe|s0,ma_roma,transform,10000.0,7630.0,22.075,0.763,76616.4893936187,76650.15210120626,76616.4893936187,0.7545654012464251,7630.0
eval_MoTaTiZrHf-HEA-DDRX-1100C_TEM_DislocationCharacterization_0#11,eval_MoTaTiZrHf-HEA-DDRX-1100C_TEM_DislocationCharacterization_0,ma_roma|direct|gradmag|s0,ma_roma,transform,10000.0,4987.0,21.47,0.4987,46714.73067730551,46748.39338489307,46714.73067730551,0.4889025941176567,4987.0
eval_MoTaTiZrHf-HEA-DDRX-1100C_TEM_DislocationCharacterization_0#12,eval_MoTaTiZrHf-HEA-DDRX-1100C_TEM_DislocationCharacterization_0,ma_roma|direct|none|s0,ma_roma,core,10000.0,4304.0,186.565,0.4304,39460.796647714924,39494.45935530248,39460.796647714924,0.4207241411972402,4304.0
eval_MoTaTiZrHf-HEA-DDRX-1100C_TEM_DislocationCharacterization_0#12,eval_MoTaTiZrHf-HEA-DDRX-1100C_TEM_DislocationCharacterization_0,ma_roma|pyramid_v2|none|s0,ma_roma,core,10000.0,4304.0,186.565,0.4304,39460.796647714924,39494.45935530248,39460.796647714924,0.4207241411972402,4304.0
eval_MoTaTiZrHf-HEA-DDRX-1100C_TEM_DislocationCharacterization_0#12,eval_MoTaTiZrHf-HEA-DDRX-1100C_TEM_DislocationCharacterization_0,ma_roma|direct|invert|s0,ma_roma,transform,10000.0,4587.0,186.575,0.4587,42443.669594286876,42477.332301874434,42443.669594286876,0.44895138976666754,4587.0
eval_MoTaTiZrHf-HEA-DDRX-1100C_TEM_DislocationCharacterization_0#12,eval_MoTaTiZrHf-HEA-DDRX-1100C_TEM_DislocationCharacterization_0,ma_roma|direct|histmatch|s0,ma_roma,transform,10000.0,4294.0,185.89,0.4294,39355.98954023075,39389.65224781831,39355.98954023075,0.41972729886835786,4294.0
eval_MoTaTiZrHf-HEA-DDRX-1100C_TEM_DislocationCharacterization_0#12,eval_MoTaTiZrHf-HEA-DDRX-1100C_TEM_DislocationCharacterization_0,ma_roma|direct|clahe|s0,ma_roma,transform,10000.0,2479.0,190.952,0.2479,21052.402209114283,21086.064916701842,21052.402209114283,0.2395348810203418,2479.0
eval_MoTaTiZrHf-HEA-DDRX-1100C_TEM_DislocationCharacterization_0#12,eval_MoTaTiZrHf-HEA-DDRX-1100C_TEM_DislocationCharacterization_0,ma_roma|direct|gradmag|s0,ma_roma,transform,10000.0,1695.0,195.374,0.1695,13663.353263405776,13697.015970993334,13663.353263405776,0.16227358152469673,1695.0
eval_MoTaTiZrHf-HEA-DDRX-1100C_TEM_DislocationCharacterization_0#13,eval_MoTaTiZrHf-HEA-DDRX-1100C_TEM_DislocationCharacterization_0,ma_roma|direct|none|s0,ma_roma,core,10000.0,3126.0,188.794,0.3126,27404.60707343223,27438.26978101979,27404.60707343223,0.30358795202139244,3126.0
eval_MoTaTiZrHf-HEA-DDRX-1100C_TEM_DislocationCharacterization_0#13,eval_MoTaTiZrHf-HEA-DDRX-1100C_TEM_DislocationCharacterization_0,ma_roma|pyramid_v2|none|s0,ma_roma,core,10000.0,3126.0,188.794,0.3126,27404.60707343223,27438.26978101979,27404.60707343223,0.30358795202139244,3126.0
eval_MoTaTiZrHf-HEA-DDRX-1100C_TEM_DislocationCharacterization_0#13,eval_MoTaTiZrHf-HEA-DDRX-1100C_TEM_DislocationCharacterization_0,ma_roma|direct|invert|s0,ma_roma,transform,10000.0,4068.0,189.768,0.4068,36998.2811070127,37031.94381460026,36998.2811070127,0.39720950320207904,4068.0
eval_MoTaTiZrHf-HEA-DDRX-1100C_TEM_DislocationCharacterization_0#13,eval_MoTaTiZrHf-HEA-DDRX-1100C_TEM_DislocationCharacterization_0,ma_roma|direct|histmatch|s0,ma_roma,transform,10000.0,3113.0,188.757,0.3113,27274.97094529713,27308.633652884688,27274.97094529713,0.3022987871322933,3113.0
eval_MoTaTiZrHf-HEA-DDRX-1100C_TEM_DislocationCharacterization_0#13,eval_MoTaTiZrHf-HEA-DDRX-1100C_TEM_DislocationCharacterization_0,ma_roma|direct|clahe|s0,ma_roma,transform,10000.0,4062.0,18.555,0.4062,36935.97394605317,36969.63665364073,36935.97394605317,0.3966119708648081,4062.0
eval_MoTaTiZrHf-HEA-DDRX-1100C_TEM_DislocationCharacterization_0#13,eval_MoTaTiZrHf-HEA-DDRX-1100C_TEM_DislocationCharacterization_0,ma_roma|direct|gradmag|s0,ma_roma,transform,10000.0,2674.0,178.126,0.2674,22944.806899143652,22978.46960673121,22944.806899143652,0.25881566834577185,2674.0
eval_MoTaTiZrHf-HEA-DDRX-1100C_TEM_DislocationCharacterization_0#14,eval_MoTaTiZrHf-HEA-DDRX-1100C_TEM_DislocationCharacterization_0,ma_roma|direct|none|s0,ma_roma,core,10000.0,3399.0,18.073,0.3399,30144.87238735575,30178.53509494331,30144.87238735575,0.33067919813078656,3399.0
eval_MoTaTiZrHf-HEA-DDRX-1100C_TEM_DislocationCharacterization_0#14,eval_MoTaTiZrHf-HEA-DDRX-1100C_TEM_DislocationCharacterization_0,ma_roma|pyramid_v2|none|s0,ma_roma,core,10000.0,3399.0,18.073,0.3399,30144.87238735575,30178.53509494331,30144.87238735575,0.33067919813078656,3399.0
eval_MoTaTiZrHf-HEA-DDRX-1100C_TEM_DislocationCharacterization_0#14,eval_MoTaTiZrHf-HEA-DDRX-1100C_TEM_DislocationCharacterization_0,ma_roma|direct|invert|s0,ma_roma,transform,10000.0,1244.0,160.865,0.1244,9604.053888099786,9637.716595687345,9604.053888099786,0.11807525100321867,1244.0
eval_MoTaTiZrHf-HEA-DDRX-1100C_TEM_DislocationCharacterization_0#14,eval_MoTaTiZrHf-HEA-DDRX-1100C_TEM_DislocationCharacterization_0,ma_roma|direct|histmatch|s0,ma_roma,transform,10000.0,3489.0,20.649,0.3489,31055.60422591301,31089.26693350057,31055.60422591301,0.3396180108155448,3489.0
eval_MoTaTiZrHf-HEA-DDRX-1100C_TEM_DislocationCharacterization_0#14,eval_MoTaTiZrHf-HEA-DDRX-1100C_TEM_DislocationCharacterization_0,ma_roma|direct|clahe|s0,ma_roma,transform,10000.0,4176.0,21.056,0.4176,38122.354289427305,38156.01699701486,38122.354289427305,0.40796761864529163,4176.0
eval_MoTaTiZrHf-HEA-DDRX-1100C_TEM_DislocationCharacterization_0#14,eval_MoTaTiZrHf-HEA-DDRX-1100C_TEM_DislocationCharacterization_0,ma_roma|direct|gradmag|s0,ma_roma,transform,10000.0,2196.0,174.814,0.2196,18342.598129947033,18376.26083753459,18342.598129947033,0.21159474291793018,2196.0
eval_MoTaTiZrHf-HEA-DDRX-1100C_TEM_DislocationCharacterization_0#15,eval_MoTaTiZrHf-HEA-DDRX-1100C_TEM_DislocationCharacterization_0,ma_roma|direct|none|s0,ma_roma,core,10000.0,3045.0,189.689,0.3045,26598.162874688685,26631.825582276244,26598.162874688685,0.2955568282438761,3045.0
eval_MoTaTiZrHf-HEA-DDRX-1100C_TEM_DislocationCharacterization_0#15,eval_MoTaTiZrHf-HEA-DDRX-1100C_TEM_DislocationCharacterization_0,ma_roma|pyramid_v2|none|s0,ma_roma,core,10000.0,3045.0,189.689,0.3045,26598.162874688685,26631.825582276244,26598.162874688685,0.2955568282438761,3045.0
eval_MoTaTiZrHf-HEA-DDRX-1100C_TEM_DislocationCharacterization_0#15,eval_MoTaTiZrHf-HEA-DDRX-1100C_TEM_DislocationCharacterization_0,ma_roma|direct|invert|s0,ma_roma,transform,10000.0,5162.0,19.963,0.5162,48603.46081971204,48637.1235272996,48603.46081971204,0.5064009831581227,5162.0
eval_MoTaTiZrHf-HEA-DDRX-1100C_TEM_DislocationCharacterization_0#15,eval_MoTaTiZrHf-HEA-DDRX-1100C_TEM_DislocationCharacterization_0,ma_roma|direct|histmatch|s0,ma_roma,transform,10000.0,2316.0,197.149,0.2316,19486.15800339842,19519.82071098598,19486.15800339842,0.2234358089412446,2316.0
eval_MoTaTiZrHf-HEA-DDRX-1100C_TEM_DislocationCharacterization_0#15,eval_MoTaTiZrHf-HEA-DDRX-1100C_TEM_DislocationCharacterization_0,ma_roma|direct|clahe|s0,ma_roma,transform,10000.0,2153.0,185.69,0.2153,17934.850476876374,17968.513184463933,17934.850476876374,0.2073540834345232,2153.0
eval_MoTaTiZrHf-HEA-DDRX-1100C_TEM_DislocationCharacterization_0#15,eval_MoTaTiZrHf-HEA-DDRX-1100C_TEM_DislocationCharacterization_0,ma_roma|direct|gradmag|s0,ma_roma,transform,10000.0,1621.0,185.034,0.1621,12986.44474219173,13020.107449779289,12986.44474219173,0.15500667385057196,1621.0
eval_MoTaTiZrHf-HEA-DDRX-1100C_TEM_DislocationCharacterization_0#16,eval_MoTaTiZrHf-HEA-DDRX-1100C_TEM_DislocationCharacterization_0,ma_roma|direct|none|s0,ma_roma,core,10000.0,2759.0,65.161,0.2759,23775.831030589583,23809.49373817714,23775.831030589583,0.26722692800814607,2759.0
eval_MoTaTiZrHf-HEA-DDRX-1100C_TEM_DislocationCharacterization_0#16,eval_MoTaTiZrHf-HEA-DDRX-1100C_TEM_DislocationCharacterization_0,ma_roma|pyramid_v2|none|s0,ma_roma,core,10000.0,2759.0,65.161,0.2759,23775.831030589583,23809.49373817714,23775.831030589583,0.26722692800814607,2759.0
eval_MoTaTiZrHf-HEA-DDRX-1100C_TEM_DislocationCharacterization_0#16,eval_MoTaTiZrHf-HEA-DDRX-1100C_TEM_DislocationCharacterization_0,ma_roma|direct|invert|s0,ma_roma,transform,10000.0,7623.0,28.587,0.7623,76532.97897357965,76566.64168116721,76532.97897357965,0.7538572058727482,7623.0
eval_MoTaTiZrHf-HEA-DDRX-1100C_TEM_DislocationCharacterization_0#16,eval_MoTaTiZrHf-HEA-DDRX-1100C_TEM_DislocationCharacterization_0,ma_roma|direct|histmatch|s0,ma_roma,transform,10000.0,2835.0,65.815,0.2835,24521.928688969376,24555.591396556934,24521.928688969376,0.27475094245557774,2835.0
eval_MoTaTiZrHf-HEA-DDRX-1100C_TEM_DislocationCharacterization_0#16,eval_MoTaTiZrHf-HEA-DDRX-1100C_TEM_DislocationCharacterization_0,ma_roma|direct|clahe|s0,ma_roma,transform,10000.0,3891.0,30.443,0.3891,35166.5216545576,35200.184362145155,35166.5216545576,0.3795885976034363,3891.0
eval_MoTaTiZrHf-HEA-DDRX-1100C_TEM_DislocationCharacterization_0#16,eval_MoTaTiZrHf-HEA-DDRX-1100C_TEM_DislocationCharacterization_0,ma_roma|direct|gradmag|s0,ma_roma,transform,10000.0,2652.0,26.148,0.2652,22730.31609902682,22763.978806614377,22730.31609902682,0.25663929624413184,2652.0
eval_MoTaTiZrHf-HEA-DDRX-1100C_TEM_DislocationCharacterization_0#17,eval_MoTaTiZrHf-HEA-DDRX-1100C_TEM_DislocationCharacterization_0,ma_roma|direct|none|s0,ma_roma,core,10000.0,2699.0,69.059,0.2699,23188.846232107837,23222.508939695395,23188.846232107837,0.26128915011655746,2699.0
eval_MoTaTiZrHf-HEA-DDRX-1100C_TEM_DislocationCharacterization_0#17,eval_MoTaTiZrHf-HEA-DDRX-1100C_TEM_DislocationCharacterization_0,ma_roma|pyramid_v2|none|s0,ma_roma,core,10000.0,2699.0,69.059,0.2699,23188.846232107837,23222.508939695395,23188.846232107837,0.26128915011655746,2699.0
eval_MoTaTiZrHf-HEA-DDRX-1100C_TEM_DislocationCharacterization_0#17,eval_MoTaTiZrHf-HEA-DDRX-1100C_TEM_DislocationCharacterization_0,ma_roma|direct|invert|s0,ma_roma,transform,10000.0,4887.0,22.29,0.4887,45640.95650234533,45674.61920993289,45640.95650234533,0.478908902552949,4887.0
eval_MoTaTiZrHf-HEA-DDRX-1100C_TEM_DislocationCharacterization_0#17,eval_MoTaTiZrHf-HEA-DDRX-1100C_TEM_DislocationCharacterization_0,ma_roma|direct|histmatch|s0,ma_roma,transform,10000.0,3056.0,74.081,0.3056,26707.49923071577,26741.16193830333,26707.49923071577,0.29664728286115233,3056.0
eval_MoTaTiZrHf-HEA-DDRX-1100C_TEM_DislocationCharacterization_0#17,eval_MoTaTiZrHf-HEA-DDRX-1100C_TEM_DislocationCharacterization_0,ma_roma|direct|clahe|s0,ma_roma,transform,10000.0,2710.0,15.352,0.271,23296.324113536404,23329.986821123963,23296.324113536404,0.26237759310853503,2710.0
eval_MoTaTiZrHf-HEA-DDRX-1100C_TEM_DislocationCharacterization_0#17,eval_MoTaTiZrHf-HEA-DDRX-1100C_TEM_DislocationCharacterization_0,ma_roma|direct|gradmag|s0,ma_roma,transform,10000.0,2013.0,86.996,0.2013,16614.966882608216,16648.629590195775,16614.966882608216,0.19355647117171337,2013.0
eval_MoTaTiZrHf-HEA-DDRX-1100C_TEM_DislocationCharacterization_0#18,eval_MoTaTiZrHf-HEA-DDRX-1100C_TEM_DislocationCharacterization_0,ma_roma|direct|none|s0,ma_roma,core,10000.0,3043.0,72.054,0.3043,26578.289671456358,26611.952379043916,26578.289671456358,0.29535857029404666,3043.0
eval_MoTaTiZrHf-HEA-DDRX-1100C_TEM_DislocationCharacterization_0#18,eval_MoTaTiZrHf-HEA-DDRX-1100C_TEM_DislocationCharacterization_0,ma_roma|pyramid_v2|none|s0,ma_roma,core,10000.0,3043.0,72.054,0.3043,26578.289671456358,26611.952379043916,26578.289671456358,0.29535857029404666,3043.0
eval_MoTaTiZrHf-HEA-DDRX-1100C_TEM_DislocationCharacterization_0#18,eval_MoTaTiZrHf-HEA-DDRX-1100C_TEM_DislocationCharacterization_0,ma_roma|direct|invert|s0,ma_roma,transform,10000.0,4105.0,21.956,0.4105,37382.83795809178,37416.50066567934,37382.83795809178,0.4008946141815012,4105.0
eval_MoTaTiZrHf-HEA-DDRX-1100C_TEM_DislocationCharacterization_0#18,eval_MoTaTiZrHf-HEA-DDRX-1100C_TEM_DislocationCharacterization_0,ma_roma|direct|histmatch|s0,ma_roma,transform,10000.0,2914.0,63.99,0.2914,25300.490886476808,25334.153594064366,25300.490886476808,0.28257523152386604,2914.0
eval_MoTaTiZrHf-HEA-DDRX-1100C_TEM_DislocationCharacterization_0#18,eval_MoTaTiZrHf-HEA-DDRX-1100C_TEM_DislocationCharacterization_0,ma_roma|direct|clahe|s0,ma_roma,transform,10000.0,3628.0,15.891,0.3628,32469.169980742558,32502.832688330116,32469.169980742558,0.3534306866755937,3628.0
eval_MoTaTiZrHf-HEA-DDRX-1100C_TEM_DislocationCharacterization_0#18,eval_MoTaTiZrHf-HEA-DDRX-1100C_TEM_DislocationCharacterization_0,ma_roma|direct|gradmag|s0,ma_roma,transform,10000.0,3716.0,24.957,0.3716,33368.4186547502,33402.08136233776,33368.4186547502,0.3621798169403742,3716.0
eval_MoTaTiZrHf-HEA-DDRX-1100C_TEM_DislocationCharacterization_0#19,eval_MoTaTiZrHf-HEA-DDRX-1100C_TEM_DislocationCharacterization_0,ma_roma|direct|none|s0,ma_roma,core,10000.0,8650.0,24.201,0.865,89112.62086023859,89146.28356782615,89112.62086023859,0.8581620010628351,8650.0
eval_MoTaTiZrHf-HEA-DDRX-1100C_TEM_DislocationCharacterization_0#19,eval_MoTaTiZrHf-HEA-DDRX-1100C_TEM_DislocationCharacterization_0,ma_roma|pyramid_v2|none|s0,ma_roma,core,10000.0,8650.0,24.201,0.865,89112.62086023859,89146.28356782615,89112.62086023859,0.8581620010628351,8650.0
eval_MoTaTiZrHf-HEA-DDRX-1100C_TEM_DislocationCharacterization_0#19,eval_MoTaTiZrHf-HEA-DDRX-1100C_TEM_DislocationCharacterization_0,ma_roma|direct|invert|s0,ma_roma,transform,10000.0,2749.0,29.175,0.2749,23677.874447574708,23711.537155162267,23677.874447574708,0.2662371601818636,2749.0
eval_MoTaTiZrHf-HEA-DDRX-1100C_TEM_DislocationCharacterization_0#19,eval_MoTaTiZrHf-HEA-DDRX-1100C_TEM_DislocationCharacterization_0,ma_roma|direct|histmatch|s0,ma_roma,transform,10000.0,8426.0,24.05,0.8426,86306.27495815055,86339.9376657381,86306.27495815055,0.835330852681616,8426.0
eval_MoTaTiZrHf-HEA-DDRX-1100C_TEM_DislocationCharacterization_0#19,eval_MoTaTiZrHf-HEA-DDRX-1100C_TEM_DislocationCharacterization_0,ma_roma|direct|clahe|s0,ma_roma,transform,10000.0,8702.0,24.339,0.8702,89770.03539983046,89803.69810741802,89770.03539983046,0.8634704636722719,8702.0
eval_MoTaTiZrHf-HEA-DDRX-1100C_TEM_DislocationCharacterization_0#19,eval_MoTaTiZrHf-HEA-DDRX-1100C_TEM_DislocationCharacterization_0,ma_roma|direct|gradmag|s0,ma_roma,transform,10000.0,6772.0,24.005,0.6772,66568.3316674492,66601.99437503675,66568.3316674492,0.667969710385841,6772.0
eval_MoTaTiZrHf-HEA-DDRX-1100C_TEM_DislocationCharacterization_0#20,eval_MoTaTiZrHf-HEA-DDRX-1100C_TEM_DislocationCharacterization_0,ma_roma|direct|none|s0,ma_roma,core,10000.0,2477.0,204.849,0.2477,21033.096816274825,21066.759523862384,21033.096816274825,0.23933724619513164,2477.0
eval_MoTaTiZrHf-HEA-DDRX-1100C_TEM_DislocationCharacterization_0#20,eval_MoTaTiZrHf-HEA-DDRX-1100C_TEM_DislocationCharacterization_0,ma_roma|pyramid_v2|none|s0,ma_roma,core,10000.0,2477.0,204.849,0.2477,21033.096816274825,21066.759523862384,21033.096816274825,0.23933724619513164,2477.0
eval_MoTaTiZrHf-HEA-DDRX-1100C_TEM_DislocationCharacterization_0#20,eval_MoTaTiZrHf-HEA-DDRX-1100C_TEM_DislocationCharacterization_0,ma_roma|direct|invert|s0,ma_roma,transform,10000.0,2442.0,191.808,0.2442,20695.600900547706,20729.263608135265,20695.600900547706,0.23587903263991464,2442.0
eval_MoTaTiZrHf-HEA-DDRX-1100C_TEM_DislocationCharacterization_0#20,eval_MoTaTiZrHf-HEA-DDRX-1100C_TEM_DislocationCharacterization_0,ma_roma|direct|histmatch|s0,ma_roma,transform,10000.0,2311.0,176.005,0.2311,19438.346061885648,19472.008769473206,19438.346061885648,0.2229422400403301,2311.0
eval_MoTaTiZrHf-HEA-DDRX-1100C_TEM_DislocationCharacterization_0#20,eval_MoTaTiZrHf-HEA-DDRX-1100C_TEM_DislocationCharacterization_0,ma_roma|direct|clahe|s0,ma_roma,transform,10000.0,1119.0,188.771,0.1119,8509.95601280687,8543.618720394428,8509.95601280687,0.10586976203498187,1119.0
eval_MoTaTiZrHf-HEA-DDRX-1100C_TEM_DislocationCharacterization_0#20,eval_MoTaTiZrHf-HEA-DDRX-1100C_TEM_DislocationCharacterization_0,ma_roma|direct|gradmag|s0,ma_roma,transform,10000.0,1064.0,187.971,0.1064,8033.447763479166,8067.110471066724,8033.447763479166,0.10050688495767493,1064.0
eval_MoTaTiZrHf-HEA-DDRX-1100C_TEM_DislocationCharacterization_0#21,eval_MoTaTiZrHf-HEA-DDRX-1100C_TEM_DislocationCharacterization_0,ma_roma|direct|none|s0,ma_roma,core,10000.0,2070.0,185.157,0.207,17150.911518957353,17184.57422654491,17150.911518957353,0.19917233675200943,2070.0
eval_MoTaTiZrHf-HEA-DDRX-1100C_TEM_DislocationCharacterization_0#21,eval_MoTaTiZrHf-HEA-DDRX-1100C_TEM_DislocationCharacterization_0,ma_roma|pyramid_v2|none|s0,ma_roma,core,10000.0,2070.0,185.157,0.207,17150.911518957353,17184.57422654491,17150.911518957353,0.19917233675200943,2070.0
eval_MoTaTiZrHf-HEA-DDRX-1100C_TEM_DislocationCharacterization_0#21,eval_MoTaTiZrHf-HEA-DDRX-1100C_TEM_DislocationCharacterization_0,ma_roma|direct|invert|s0,ma_roma,transform,10000.0,2527.0,176.318,0.2527,21516.372510502817,21550.035218090376,21516.372510502817,0.2442788421493214,2527.0
eval_MoTaTiZrHf-HEA-DDRX-1100C_TEM_DislocationCharacterization_0#21,eval_MoTaTiZrHf-HEA-DDRX-1100C_TEM_DislocationCharacterization_0,ma_roma|direct|histmatch|s0,ma_roma,transform,10000.0,1950.0,155.461,0.195,16024.959620359909,16058.622327947467,16024.959620359909,0.18735233610524318,1950.0
eval_MoTaTiZrHf-HEA-DDRX-1100C_TEM_DislocationCharacterization_0#21,eval_MoTaTiZrHf-HEA-DDRX-1100C_TEM_DislocationCharacterization_0,ma_roma|direct|clahe|s0,ma_roma,transform,10000.0,4293.0,15.019,0.4293,39345.5110736169,39379.17378120446,39345.5110736169,0.41962761685567235,4293.0
eval_MoTaTiZrHf-HEA-DDRX-1100C_TEM_DislocationCharacterization_0#21,eval_MoTaTiZrHf-HEA-DDRX-1100C_TEM_DislocationCharacterization_0,ma_roma|direct|gradmag|s0,ma_roma,transform,10000.0,2057.0,178.088,0.2057,17028.502863892445,17062.165571480004,17028.502863892445,0.19789131209886535,2057.0
eval_MoTaTiZrHf-HEA-DDRX-1100C_TEM_DislocationCharacterization_0#22,eval_MoTaTiZrHf-HEA-DDRX-1100C_TEM_DislocationCharacterization_0,ma_roma|direct|none|s0,ma_roma,core,10000.0,2364.0,181.152,0.2364,19945.86422147047,19979.52692905803,19945.86422147047,0.22817489462107624,2364.0
eval_MoTaTiZrHf-HEA-DDRX-1100C_TEM_DislocationCharacterization_0#22,eval_MoTaTiZrHf-HEA-DDRX-1100C_TEM_DislocationCharacterization_0,ma_roma|pyramid_v2|none|s0,ma_roma,core,10000.0,2364.0,181.152,0.2364,19945.86422147047,19979.52692905803,19945.86422147047,0.22817489462107624,2364.0
eval_MoTaTiZrHf-HEA-DDRX-1100C_TEM_DislocationCharacterization_0#22,eval_MoTaTiZrHf-HEA-DDRX-1100C_TEM_DislocationCharacterization_0,ma_roma|direct|invert|s0,ma_roma,transform,10000.0,2465.0,189.501,0.2465,20917.309570187055,20950.972277774614,20917.309570187055,0.23815148844097564,2465.0
eval_MoTaTiZrHf-HEA-DDRX-1100C_TEM_DislocationCharacterization_0#22,eval_MoTaTiZrHf-HEA-DDRX-1100C_TEM_DislocationCharacterization_0,ma_roma|direct|histmatch|s0,ma_roma,transform,10000.0,2610.0,187.311,0.261,22321.5243730025,22355.187080590058,22321.5243730025,0.25248517090836264,2610.0
eval_MoTaTiZrHf-HEA-DDRX-1100C_TEM_DislocationCharacterization_0#22,eval_MoTaTiZrHf-HEA-DDRX-1100C_TEM_DislocationCharacterization_0,ma_roma|direct|clahe|s0,ma_roma,transform,10000.0,3207.0,13.587,0.3207,28214.104438364495,28247.767145952053,28214.104438364495,0.31162230154009796,3207.0
eval_MoTaTiZrHf-HEA-DDRX-1100C_TEM_DislocationCharacterization_0#22,eval_MoTaTiZrHf-HEA-DDRX-1100C_TEM_DislocationCharacterization_0,ma_roma|direct|gradmag|s0,ma_roma,transform,10000.0,2685.0,169.153,0.2685,23052.145016677885,23085.807724265444,23052.145016677885,0.25990395702659735,2685.0
eval_MoTaTiZrHf-HEA-DDRX-1100C_TEM_DislocationCharacterization_0#23,eval_MoTaTiZrHf-HEA-DDRX-1100C_TEM_DislocationCharacterization_0,ma_roma|direct|none|s0,ma_roma,core,10000.0,2693.0,187.365,0.2693,23130.247800370587,23163.910507958146,23130.247800370587,0.26069548246970004,2693.0
eval_MoTaTiZrHf-HEA-DDRX-1100C_TEM_DislocationCharacterization_0#23,eval_MoTaTiZrHf-HEA-DDRX-1100C_TEM_DislocationCharacterization_0,ma_roma|pyramid_v2|none|s0,ma_roma,core,10000.0,2693.0,187.365,0.2693,23130.247800370587,23163.910507958146,23130.247800370587,0.26069548246970004,2693.0
eval_MoTaTiZrHf-HEA-DDRX-1100C_TEM_DislocationCharacterization_0#23,eval_MoTaTiZrHf-HEA-DDRX-1100C_TEM_DislocationCharacterization_0,ma_roma|direct|invert|s0,ma_roma,transform,10000.0,3900.0,16.819,0.39,35259.345706565706,35293.008414153264,35259.345706565706,0.380484259041006,3900.0
eval_MoTaTiZrHf-HEA-DDRX-1100C_TEM_DislocationCharacterization_0#23,eval_MoTaTiZrHf-HEA-DDRX-1100C_TEM_DislocationCharacterization_0,ma_roma|direct|histmatch|s0,ma_roma,transform,10000.0,3078.0,186.46,0.3078,26926.342863595866,26960.005571183425,26926.342863595866,0.2988283737397761,3078.0
eval_MoTaTiZrHf-HEA-DDRX-1100C_TEM_DislocationCharacterization_0#23,eval_MoTaTiZrHf-HEA-DDRX-1100C_TEM_DislocationCharacterization_0,ma_roma|direct|clahe|s0,ma_roma,transform,10000.0,1659.0,164.245,0.1659,13333.552049765425,13367.214757352984,13333.552049765425,0.15873767832523675,1659.0
eval_MoTaTiZrHf-HEA-DDRX-1100C_TEM_DislocationCharacterization_0#23,eval_MoTaTiZrHf-HEA-DDRX-1100C_TEM_DislocationCharacterization_0,ma_roma|direct|gradmag|s0,ma_roma,transform,10000.0,1867.0,159.458,0.1867,15251.518252565054,15285.180960152613,15251.518252565054,0.17918342378235066,1867.0
eval_MoTaTiZrHf-HEA-DDRX-1100C_TEM_DislocationCharacterization_0#24,eval_MoTaTiZrHf-HEA-DDRX-1100C_TEM_DislocationCharacterization_0,ma_roma|direct|none|s0,ma_roma,core,10000.0,5726.0,28.056,0.5726,54774.288694782124,54807.95140236968,54774.288694782124,0.5628779788157156,5726.0
eval_MoTaTiZrHf-HEA-DDRX-1100C_TEM_DislocationCharacterization_0#24,eval_MoTaTiZrHf-HEA-DDRX-1100C_TEM_DislocationCharacterization_0,ma_roma|pyramid_v2|none|s0,ma_roma,core,10000.0,5726.0,28.056,0.5726,54774.288694782124,54807.95140236968,54774.288694782124,0.5628779788157156,5726.0
eval_MoTaTiZrHf-HEA-DDRX-1100C_TEM_DislocationCharacterization_0#24,eval_MoTaTiZrHf-HEA-DDRX-1100C_TEM_DislocationCharacterization_0,ma_roma|direct|invert|s0,ma_roma,transform,10000.0,4903.0,31.001,0.4903,45812.49153263928,45846.15424022684,45812.49153263928,0.48050762984098117,4903.0
eval_MoTaTiZrHf-HEA-DDRX-1100C_TEM_DislocationCharacterization_0#24,eval_MoTaTiZrHf-HEA-DDRX-1100C_TEM_DislocationCharacterization_0,ma_roma|direct|histmatch|s0,ma_roma,transform,10000.0,6628.0,27.334,0.6628,64916.49187699953,64950.154584587086,64916.49187699953,0.6534732490249997,6628.0
eval_MoTaTiZrHf-HEA-DDRX-1100C_TEM_DislocationCharacterization_0#24,eval_MoTaTiZrHf-HEA-DDRX-1100C_TEM_DislocationCharacterization_0,ma_roma|direct|clahe|s0,ma_roma,transform,10000.0,6031.0,26.377,0.6031,58165.31091704064,58198.9736246282,58165.31091704064,0.593472948835354,6031.0
eval_MoTaTiZrHf-HEA-DDRX-1100C_TEM_DislocationCharacterization_0#24,eval_MoTaTiZrHf-HEA-DDRX-1100C_TEM_DislocationCharacterization_0,ma_roma|direct|gradmag|s0,ma_roma,transform,10000.0,2878.0,24.853,0.2878,24945.325298302367,24978.988005889925,24945.325298302367,0.2790093239962869,2878.0
eval_MoTaTiZrHf-HEA-DDRX-1100C_TEM_DislocationCharacterization_0#25,eval_MoTaTiZrHf-HEA-DDRX-1100C_TEM_DislocationCharacterization_0,ma_roma|direct|none|s0,ma_roma,core,10000.0,7177.0,20.69,0.7177,71265.78045426618,71299.44316185373,71265.78045426618,0.7087955399408724,7177.0
eval_MoTaTiZrHf-HEA-DDRX-1100C_TEM_DislocationCharacterization_0#25,eval_MoTaTiZrHf-HEA-DDRX-1100C_TEM_DislocationCharacterization_0,ma_roma|pyramid_v2|none|s0,ma_roma,core,10000.0,7177.0,20.69,0.7177,71265.78045426618,71299.44316185373,71265.78045426618,0.7087955399408724,7177.0
eval_MoTaTiZrHf-HEA-DDRX-1100C_TEM_DislocationCharacterization_0#25,eval_MoTaTiZrHf-HEA-DDRX-1100C_TEM_DislocationCharacterization_0,ma_roma|direct|invert|s0,ma_roma,transform,10000.0,2152.0,59.453,0.2152,17925.380931940137,17959.043639527696,17925.380931940137,0.2072554788484717,2152.0
eval_MoTaTiZrHf-HEA-DDRX-1100C_TEM_DislocationCharacterization_0#25,eval_MoTaTiZrHf-HEA-DDRX-1100C_TEM_DislocationCharacterization_0,ma_roma|direct|histmatch|s0,ma_roma,transform,10000.0,7906.0,21.888,0.7906,79931.38226430523,79965.04497189278,79931.38226430523,0.7825144516879279,7906.0
eval_MoTaTiZrHf-HEA-DDRX-1100C_TEM_DislocationCharacterization_0#25,eval_MoTaTiZrHf-HEA-DDRX-1100C_TEM_DislocationCharacterization_0,ma_roma|direct|clahe|s0,ma_roma,transform,10000.0,1130.0,60.49,0.113,8605.627079562255,8639.289787149813,8605.627079562255,0.10694291443138752,1130.0
eval_MoTaTiZrHf-HEA-DDRX-1100C_TEM_DislocationCharacterization_0#25,eval_MoTaTiZrHf-HEA-DDRX-1100C_TEM_DislocationCharacterization_0,ma_roma|direct|gradmag|s0,ma_roma,transform,10000.0,1890.0,65.732,0.189,15465.397526065339,15499.060233652897,15465.397526065339,0.18144653953549209,1890.0
eval_MoTaTiZrHf-HEA-DDRX-1100C_TEM_DislocationCharacterization_0#26,eval_MoTaTiZrHf-HEA-DDRX-1100C_TEM_DislocationCharacterization_0,ma_roma|direct|none|s0,ma_roma,core,10000.0,4113.0,19.789,0.4113,37466.05981456877,37499.72252215633,37466.05981456877,0.401691469061078,4113.0
eval_MoTaTiZrHf-HEA-DDRX-1100C_TEM_DislocationCharacterization_0#26,eval_MoTaTiZrHf-HEA-DDRX-1100C_TEM_DislocationCharacterization_0,ma_roma|pyramid_v2|none|s0,ma_roma,core,10000.0,4113.0,19.789,0.4113,37466.05981456877,37499.72252215633,37466.05981456877,0.401691469061078,4113.0
eval_MoTaTiZrHf-HEA-DDRX-1100C_TEM_DislocationCharacterization_0#26,eval_MoTaTiZrHf-HEA-DDRX-1100C_TEM_DislocationCharacterization_0,ma_roma|direct|invert|s0,ma_roma,transform,10000.0,2993.0,75.036,0.2993,26082.075415182084,26115.738122769642,26082.075415182084,0.29040277798913905,2993.0
eval_MoTaTiZrHf-HEA-DDRX-1100C_TEM_DislocationCharacterization_0#26,eval_MoTaTiZrHf-HEA-DDRX-1100C_TEM_DislocationCharacterization_0,ma_roma|direct|histmatch|s0,ma_roma,transform,10000.0,4939.0,20.7,0.4939,46198.81983734224,46232.4825449298,46198.81983734224,0.48410513311514164,4939.0
eval_MoTaTiZrHf-HEA-DDRX-1100C_TEM_DislocationCharacterization_0#26,eval_MoTaTiZrHf-HEA-DDRX-1100C_TEM_DislocationCharacterization_0,ma_roma|direct|clahe|s0,ma_roma,transform,10000.0,800.0,106.199,0.08,5793.427799992165,5827.090507579724,5793.427799992165,0.07484260550546935,800.0
eval_MoTaTiZrHf-HEA-DDRX-1100C_TEM_DislocationCharacterization_0#26,eval_MoTaTiZrHf-HEA-DDRX-1100C_TEM_DislocationCharacterization_0,ma_roma|direct|gradmag|s0,ma_roma,transform,10000.0,3727.0,23.118,0.3727,33481.05856236917,33514.72126995673,33481.05856236917,0.3632736955400998,3727.0
eval_MoTaTiZrHf-HEA-DDRX-1100C_TEM_DislocationCharacterization_0#27,eval_MoTaTiZrHf-HEA-DDRX-1100C_TEM_DislocationCharacterization_0,ma_roma|direct|none|s0,ma_roma,core,10000.0,3545.0,22.914,0.3545,31624.083968985222,31657.74667657278,31624.083968985222,0.3451817919245585,3545.0
eval_MoTaTiZrHf-HEA-DDRX-1100C_TEM_DislocationCharacterization_0#27,eval_MoTaTiZrHf-HEA-DDRX-1100C_TEM_DislocationCharacterization_0,ma_roma|pyramid_v2|none|s0,ma_roma,core,10000.0,3545.0,22.914,0.3545,31624.083968985222,31657.74667657278,31624.083968985222,0.3451817919245585,3545.0
eval_MoTaTiZrHf-HEA-DDRX-1100C_TEM_DislocationCharacterization_0#27,eval_MoTaTiZrHf-HEA-DDRX-1100C_TEM_DislocationCharacterization_0,ma_roma|direct|invert|s0,ma_roma,transform,10000.0,8802.0,24.04,0.8802,91041.09539098229,91074.75809856984,91041.09539098229,0.8736890089478369,8802.0
eval_MoTaTiZrHf-HEA-DDRX-1100C_TEM_DislocationCharacterization_0#27,eval_MoTaTiZrHf-HEA-DDRX-1100C_TEM_DislocationCharacterization_0,ma_roma|direct|histmatch|s0,ma_roma,transform,10000.0,3290.0,23.602,0.329,29046.713046994068,29080.375754581626,29046.713046994068,0.3198583075299211,3290.0
eval_MoTaTiZrHf-HEA-DDRX-1100C_TEM_DislocationCharacterization_0#27,eval_MoTaTiZrHf-HEA-DDRX-1100C_TEM_DislocationCharacterization_0,ma_roma|direct|clahe|s0,ma_roma,transform,10000.0,3029.0,26.65,0.3029,26439.230185535307,26472.892893122866,26439.230185535307,0.29397082101000416,3029.0
eval_MoTaTiZrHf-HEA-DDRX-1100C_TEM_DislocationCharacterization_0#27,eval_MoTaTiZrHf-HEA-DDRX-1100C_TEM_DislocationCharacterization_0,ma_roma|direct|gradmag|s0,ma_roma,transform,10000.0,7039.0,23.598,0.7039,69656.39814872835,69690.0608563159,69656.39814872835,0.6948751441630957,7039.0
eval_MoTaTiZrHf-HEA-DDRX-1100C_TEM_DislocationCharacterization_0#28,eval_MoTaTiZrHf-HEA-DDRX-1100C_TEM_DislocationCharacterization_0,ma_roma|direct|none|s0,ma_roma,core,10000.0,4905.0,207.71,0.4905,45833.94061368784,45867.6033212754,45833.94061368784,0.4807074778081725,4905.0
eval_MoTaTiZrHf-HEA-DDRX-1100C_TEM_DislocationCharacterization_0#28,eval_MoTaTiZrHf-HEA-DDRX-1100C_TEM_DislocationCharacterization_0,ma_roma|pyramid_v2|none|s0,ma_roma,core,10000.0,4905.0,207.71,0.4905,45833.94061368784,45867.6033212754,45833.94061368784,0.4807074778081725,4905.0
eval_MoTaTiZrHf-HEA-DDRX-1100C_TEM_DislocationCharacterization_0#28,eval_MoTaTiZrHf-HEA-DDRX-1100C_TEM_DislocationCharacterization_0,ma_roma|direct|invert|s0,ma_roma,transform,10000.0,2350.0,170.894,0.235,19811.650614225684,19845.313321813243,19811.650614225684,0.22679250797147815,2350.0
eval_MoTaTiZrHf-HEA-DDRX-1100C_TEM_DislocationCharacterization_0#28,eval_MoTaTiZrHf-HEA-DDRX-1100C_TEM_DislocationCharacterization_0,ma_roma|direct|histmatch|s0,ma_roma,transform,10000.0,4447.0,203.076,0.4447,40963.98947533511,40997.65218292267,40963.98947533511,0.43498338411382853,4447.0
eval_MoTaTiZrHf-HEA-DDRX-1100C_TEM_DislocationCharacterization_0#28,eval_MoTaTiZrHf-HEA-DDRX-1100C_TEM_DislocationCharacterization_0,ma_roma|direct|clahe|s0,ma_roma,transform,10000.0,2913.0,180.788,0.2913,25290.616680469488,25324.279388057046,25290.616680469488,0.28247616937011627,2913.0
eval_MoTaTiZrHf-HEA-DDRX-1100C_TEM_DislocationCharacterization_0#28,eval_MoTaTiZrHf-HEA-DDRX-1100C_TEM_DislocationCharacterization_0,ma_roma|direct|gradmag|s0,ma_roma,transform,10000.0,1355.0,192.941,0.1355,10587.688234646786,10621.350942234345,10587.688234646786,0.1289316841669932,1355.0
eval_MoTaTiZrHf-HEA-DDRX-1100C_TEM_DislocationCharacterization_0#29,eval_MoTaTiZrHf-HEA-DDRX-1100C_TEM_DislocationCharacterization_0,ma_roma|direct|none|s0,ma_roma,core,10000.0,3791.0,176.834,0.3791,34137.44250788937,34171.10521547693,34137.44250788937,0.36963911680579836,3791.0
eval_MoTaTiZrHf-HEA-DDRX-1100C_TEM_DislocationCharacterization_0#29,eval_MoTaTiZrHf-HEA-DDRX-1100C_TEM_DislocationCharacterization_0,ma_roma|pyramid_v2|none|s0,ma_roma,core,10000.0,3791.0,176.834,0.3791,34137.44250788937,34171.10521547693,34137.44250788937,0.36963911680579836,3791.0
eval_MoTaTiZrHf-HEA-DDRX-1100C_TEM_DislocationCharacterization_0#29,eval_MoTaTiZrHf-HEA-DDRX-1100C_TEM_DislocationCharacterization_0,ma_roma|direct|invert|s0,ma_roma,transform,10000.0,5903.0,18.649,0.5903,56737.51472041187,56771.17742799943,56737.51472041187,0.5806284355239743,5903.0
eval_MoTaTiZrHf-HEA-DDRX-1100C_TEM_DislocationCharacterization_0#29,eval_MoTaTiZrHf-HEA-DDRX-1100C_TEM_DislocationCharacterization_0,ma_roma|direct|histmatch|s0,ma_roma,transform,10000.0,4352.0,176.407,0.4352,39964.43810644856,39998.100814036115,39964.43810644856,0.42550954535869845,4352.0
eval_MoTaTiZrHf-HEA-DDRX-1100C_TEM_DislocationCharacterization_0#29,eval_MoTaTiZrHf-HEA-DDRX-1100C_TEM_DislocationCharacterization_0,ma_roma|direct|clahe|s0,ma_roma,transform,10000.0,2560.0,181.529,0.256,21836.060660425956,21869.723368013514,21836.060660425956,0.24754111444010202,2560.0
eval_MoTaTiZrHf-HEA-DDRX-1100C_TEM_DislocationCharacterization_0#29,eval_MoTaTiZrHf-HEA-DDRX-1100C_TEM_DislocationCharacterization_0,ma_roma|direct|gradmag|s0,ma_roma,transform,10000.0,1656.0,182.081,0.1656,13306.11065812213,13339.773365709689,13306.11065812213,0.1584430749165569,1656.0
eval_MoTaTiZrHf-HEA-DDRX-1100C_TEM_DislocationCharacterization_0#30,eval_MoTaTiZrHf-HEA-DDRX-1100C_TEM_DislocationCharacterization_0,ma_roma|direct|none|s0,ma_roma,core,10000.0,4283.0,192.056,0.4283,39240.74885788377,39274.41156547133,39240.74885788377,0.41863081894428816,4283.0
eval_MoTaTiZrHf-HEA-DDRX-1100C_TEM_DislocationCharacterization_0#30,eval_MoTaTiZrHf-HEA-DDRX-1100C_TEM_DislocationCharacterization_0,ma_roma|pyramid_v2|none|s0,ma_roma,core,10000.0,4283.0,192.056,0.4283,39240.74885788377,39274.41156547133,39240.74885788377,0.41863081894428816,4283.0
eval_MoTaTiZrHf-HEA-DDRX-1100C_TEM_DislocationCharacterization_0#30,eval_MoTaTiZrHf-HEA-DDRX-1100C_TEM_DislocationCharacterization_0,ma_roma|direct|invert|s0,ma_roma,transform,10000.0,5422.0,17.438,0.5422,51432.23202261776,51465.89473020532,51432.23202261776,0.532420803124746,5422.0
eval_MoTaTiZrHf-HEA-DDRX-1100C_TEM_DislocationCharacterization_0#30,eval_MoTaTiZrHf-HEA-DDRX-1100C_TEM_DislocationCharacterization_0,ma_roma|direct|histmatch|s0,ma_roma,transform,10000.0,339.0,234.317,0.0339,2138.5212126899883,2172.183920277547,2138.5212126899883,0.030528167026144658,339.0
eval_MoTaTiZrHf-HEA-DDRX-1100C_TEM_DislocationCharacterization_0#30,eval_MoTaTiZrHf-HEA-DDRX-1100C_TEM_DislocationCharacterization_0,ma_roma|direct|clahe|s0,ma_roma,transform,10000.0,3518.0,182.712,0.3518,31349.823842823844,31383.486550411402,31349.823842823844,0.34249907852810496,3518.0
eval_MoTaTiZrHf-HEA-DDRX-1100C_TEM_DislocationCharacterization_0#30,eval_MoTaTiZrHf-HEA-DDRX-1100C_TEM_DislocationCharacterization_0,ma_roma|direct|gradmag|s0,ma_roma,transform,10000.0,2010.0,193.045,0.201,16586.81486752915,16620.477575116707,16586.81486752915,0.19326096696996636,2010.0
eval_MoTaTiZrHf-HEA-DDRX-1100C_TEM_DislocationCharacterization_0#31,eval_MoTaTiZrHf-HEA-DDRX-1100C_TEM_DislocationCharacterization_0,ma_roma|direct|none|s0,ma_roma,core,10000.0,5907.0,19.691,0.5907,56782.030467331744,56815.6931749193,56782.030467331744,0.5810297239296377,5907.0
eval_MoTaTiZrHf-HEA-DDRX-1100C_TEM_DislocationCharacterization_0#31,eval_MoTaTiZrHf-HEA-DDRX-1100C_TEM_DislocationCharacterization_0,ma_roma|pyramid_v2|none|s0,ma_roma,core,10000.0,5907.0,19.691,0.5907,56782.030467331744,56815.6931749193,56782.030467331744,0.5810297239296377,5907.0
eval_MoTaTiZrHf-HEA-DDRX-1100C_TEM_DislocationCharacterization_0#31,eval_MoTaTiZrHf-HEA-DDRX-1100C_TEM_DislocationCharacterization_0,ma_roma|direct|invert|s0,ma_roma,transform,10000.0,4366.0,183.164,0.4366,40111.51018709587,40145.17289468343,40111.51018709587,0.426905462799522,4366.0
eval_MoTaTiZrHf-HEA-DDRX-1100C_TEM_DislocationCharacterization_0#31,eval_MoTaTiZrHf-HEA-DDRX-1100C_TEM_DislocationCharacterization_0,ma_roma|direct|histmatch|s0,ma_roma,transform,10000.0,6194.0,17.096,0.6194,59993.43868518188,60027.10139276944,59993.43868518188,0.6098395683217689,6194.0
eval_MoTaTiZrHf-HEA-DDRX-1100C_TEM_DislocationCharacterization_0#31,eval_MoTaTiZrHf-HEA-DDRX-1100C_TEM_DislocationCharacterization_0,ma_roma|direct|clahe|s0,ma_roma,transform,10000.0,4348.0,16.429,0.4348,39922.43215390292,39956.09486149048,39922.43215390292,0.4251107262667999,4348.0
eval_MoTaTiZrHf-HEA-DDRX-1100C_TEM_DislocationCharacterization_0#31,eval_MoTaTiZrHf-HEA-DDRX-1100C_TEM_DislocationCharacterization_0,ma_roma|direct|gradmag|s0,ma_roma,transform,10000.0,2405.0,188.604,0.2405,20339.541225987614,20373.203933575172,20339.541225987614,0.23222402962817723,2405.0
eval_MoTaTiZrHf-HEA-DDRX-900C_TEM_DislocationCharacterization_0#0,eval_MoTaTiZrHf-HEA-DDRX-900C_TEM_DislocationCharacterization_0,ma_roma|direct|none|s0,ma_roma,core,10000.0,3851.0,53.639,0.3851,34754.38295115378,34788.045658741336,34754.38295115378,0.37560829480789903,3851.0
eval_MoTaTiZrHf-HEA-DDRX-900C_TEM_DislocationCharacterization_0#0,eval_MoTaTiZrHf-HEA-DDRX-900C_TEM_DislocationCharacterization_0,ma_roma|pyramid_v2|none|s0,ma_roma,core,10000.0,3851.0,53.639,0.3851,34754.38295115378,34788.045658741336,34754.38295115378,0.37560829480789903,3851.0
eval_MoTaTiZrHf-HEA-DDRX-900C_TEM_DislocationCharacterization_0#0,eval_MoTaTiZrHf-HEA-DDRX-900C_TEM_DislocationCharacterization_0,ma_roma|direct|invert|s0,ma_roma,transform,10000.0,5220.0,62.922,0.522,49232.1443844122,49265.807091999755,49232.1443844122,0.5122030992047875,5220.0
eval_MoTaTiZrHf-HEA-DDRX-900C_TEM_DislocationCharacterization_0#0,eval_MoTaTiZrHf-HEA-DDRX-900C_TEM_DislocationCharacterization_0,ma_roma|direct|histmatch|s0,ma_roma,transform,10000.0,3989.0,56.276,0.3989,36179.100955470676,36212.763663058235,36179.100955470676,0.3893431892781038,3989.0
eval_MoTaTiZrHf-HEA-DDRX-900C_TEM_DislocationCharacterization_0#0,eval_MoTaTiZrHf-HEA-DDRX-900C_TEM_DislocationCharacterization_0,ma_roma|direct|clahe|s0,ma_roma,transform,10000.0,2917.0,55.014,0.2917,25330.11640946021,25363.77911704777,25330.11640946021,0.28287242111560873,2917.0
eval_MoTaTiZrHf-HEA-DDRX-900C_TEM_DislocationCharacterization_0#0,eval_MoTaTiZrHf-HEA-DDRX-900C_TEM_DislocationCharacterization_0,ma_roma|direct|gradmag|s0,ma_roma,transform,10000.0,4328.0,56.683,0.4328,39712.50006957497,39746.16277716253,39712.50006957497,0.42311672732193495,4328.0
eval_MoTaTiZrHf-HEA-DDRX-900C_TEM_DislocationCharacterization_0#1,eval_MoTaTiZrHf-HEA-DDRX-900C_TEM_DislocationCharacterization_0,ma_roma|direct|none|s0,ma_roma,core,10000.0,66.0,1486.319,0.0066,282.7647220573912,316.42742964494977,282.7647220573912,0.005191478817931517,66.0
eval_MoTaTiZrHf-HEA-DDRX-900C_TEM_DislocationCharacterization_0#1,eval_MoTaTiZrHf-HEA-DDRX-900C_TEM_DislocationCharacterization_0,ma_roma|pyramid_v2|none|s0,ma_roma,core,10000.0,68.0,8083.784,0.0068,294.3075607140398,327.97026830159837,294.3075607140398,0.005367876155841786,68.0
eval_MoTaTiZrHf-HEA-DDRX-900C_TEM_DislocationCharacterization_0#1,eval_MoTaTiZrHf-HEA-DDRX-900C_TEM_DislocationCharacterization_0,ma_roma|direct|invert|s0,ma_roma,transform,10000.0,1724.0,71.702,0.1724,13929.696594246932,13963.35930183449,13929.696594246932,0.1651228230051286,1724.0
eval_MoTaTiZrHf-HEA-DDRX-900C_TEM_DislocationCharacterization_0#1,eval_MoTaTiZrHf-HEA-DDRX-900C_TEM_DislocationCharacterization_0,ma_roma|direct|histmatch|s0,ma_roma,transform,10000.0,85.0,978.654,0.0085,394.64224130405097,428.3049488916095,394.64224130405097,0.006879905952442005,85.0
eval_MoTaTiZrHf-HEA-DDRX-900C_TEM_DislocationCharacterization_0#1,eval_MoTaTiZrHf-HEA-DDRX-900C_TEM_DislocationCharacterization_0,ma_roma|direct|clahe|s0,ma_roma,transform,10000.0,428.0,60.233,0.0428,2809.5860449667375,2843.248752554296,2809.5860449667375,0.03900535884286429,428.0
eval_MoTaTiZrHf-HEA-DDRX-900C_TEM_DislocationCharacterization_0#1,eval_MoTaTiZrHf-HEA-DDRX-900C_TEM_DislocationCharacterization_0,ma_roma|direct|gradmag|s0,ma_roma,transform,10000.0,2542.0,58.213,0.2542,21661.61412648785,21695.27683407541,21661.61412648785,0.2457616131463004,2542.0
eval_MoTaTiZrHf-HEA-DDRX-900C_TEM_DislocationCharacterization_0#2,eval_MoTaTiZrHf-HEA-DDRX-900C_TEM_DislocationCharacterization_0,ma_roma|direct|none|s0,ma_roma,core,10000.0,1276.0,52.311,0.1276,9886.500490604461,9920.16319819202,9886.500490604461,0.12120339304851928,1276.0
eval_MoTaTiZrHf-HEA-DDRX-900C_TEM_DislocationCharacterization_0#2,eval_MoTaTiZrHf-HEA-DDRX-900C_TEM_DislocationCharacterization_0,ma_roma|pyramid_v2|none|s0,ma_roma,core,10000.0,1276.0,52.311,0.1276,9886.500490604461,9920.16319819202,9886.500490604461,0.12120339304851928,1276.0
eval_MoTaTiZrHf-HEA-DDRX-900C_TEM_DislocationCharacterization_0#2,eval_MoTaTiZrHf-HEA-DDRX-900C_TEM_DislocationCharacterization_0,ma_roma|direct|invert|s0,ma_roma,transform,10000.0,1749.0,48.775,0.1749,14159.77619382872,14193.438901416279,14159.77619382872,0.1675796793410197,1749.0
eval_MoTaTiZrHf-HEA-DDRX-900C_TEM_DislocationCharacterization_0#2,eval_MoTaTiZrHf-HEA-DDRX-900C_TEM_DislocationCharacterization_0,ma_roma|direct|histmatch|s0,ma_roma,transform,10000.0,1033.0,61.559,0.1033,7766.262914641504,7799.925622229062,7766.262914641504,0.09748637603561754,1033.0
eval_MoTaTiZrHf-HEA-DDRX-900C_TEM_DislocationCharacterization_0#2,eval_MoTaTiZrHf-HEA-DDRX-900C_TEM_DislocationCharacterization_0,ma_roma|direct|clahe|s0,ma_roma,transform,10000.0,1113.0,56.806,0.1113,8457.82302668885,8491.485734276408,8457.82302668885,0.10528448567954815,1113.0
eval_MoTaTiZrHf-HEA-DDRX-900C_TEM_DislocationCharacterization_0#2,eval_MoTaTiZrHf-HEA-DDRX-900C_TEM_DislocationCharacterization_0,ma_roma|direct|gradmag|s0,ma_roma,transform,10000.0,1763.0,75.437,0.1763,14288.810215455404,14322.472923042962,14288.810215455404,0.16895576326791473,1763.0
eval_MoTaTiZrHf-HEA-DDRX-900C_TEM_DislocationCharacterization_0#3,eval_MoTaTiZrHf-HEA-DDRX-900C_TEM_DislocationCharacterization_0,ma_roma|direct|none|s0,ma_roma,core,10000.0,679.0,67.222,0.0679,4797.0030152440595,4830.665722831618,4797.0030152440595,0.06313331677397152,679.0
eval_MoTaTiZrHf-HEA-DDRX-900C_TEM_DislocationCharacterization_0#3,eval_MoTaTiZrHf-HEA-DDRX-900C_TEM_DislocationCharacterization_0,ma_roma|pyramid_v2|none|s0,ma_roma,core,10000.0,679.0,67.222,0.0679,4797.0030152440595,4830.665722831618,4797.0030152440595,0.06313331677397152,679.0
eval_MoTaTiZrHf-HEA-DDRX-900C_TEM_DislocationCharacterization_0#3,eval_MoTaTiZrHf-HEA-DDRX-900C_TEM_DislocationCharacterization_0,ma_roma|direct|invert|s0,ma_roma,transform,10000.0,400.0,1199.19,0.04,2596.1780288015557,2629.840736389114,2596.1780288015557,0.036332586849879514,400.0
eval_MoTaTiZrHf-HEA-DDRX-900C_TEM_DislocationCharacterization_0#3,eval_MoTaTiZrHf-HEA-DDRX-900C_TEM_DislocationCharacterization_0,ma_roma|direct|histmatch|s0,ma_roma,transform,10000.0,1010.0,77.999,0.101,7568.697657694151,7602.360365281709,7568.697657694151,0.09524642747470848,1010.0
eval_MoTaTiZrHf-HEA-DDRX-900C_TEM_DislocationCharacterization_0#3,eval_MoTaTiZrHf-HEA-DDRX-900C_TEM_DislocationCharacterization_0,ma_roma|direct|clahe|s0,ma_roma,transform,10000.0,2536.0,58.981,0.2536,21603.503214654575,21637.165922242133,21603.503214654575,0.24516848868880328,2536.0
eval_MoTaTiZrHf-HEA-DDRX-900C_TEM_DislocationCharacterization_0#3,eval_MoTaTiZrHf-HEA-DDRX-900C_TEM_DislocationCharacterization_0,ma_roma|direct|gradmag|s0,ma_roma,transform,10000.0,449.0,67.242,0.0449,2970.903735156468,3004.5664427440265,2970.903735156468,0.04101299418343706,449.0
eval_MoTaTiZrHf-HEA-DDRX-900C_TEM_DislocationCharacterization_0#4,eval_MoTaTiZrHf-HEA-DDRX-900C_TEM_DislocationCharacterization_0,ma_roma|direct|none|s0,ma_roma,core,10000.0,56.0,562.462,0.0056,225.99802711657048,259.660734704129,225.99802711657048,0.004315267073552004,56.0
eval_MoTaTiZrHf-HEA-DDRX-900C_TEM_DislocationCharacterization_0#4,eval_MoTaTiZrHf-HEA-DDRX-900C_TEM_DislocationCharacterization_0,ma_roma|pyramid_v2|none|s0,ma_roma,core,10000.0,56.0,562.462,0.0056,225.99802711657048,259.660734704129,225.99802711657048,0.004315267073552004,56.0
eval_MoTaTiZrHf-HEA-DDRX-900C_TEM_DislocationCharacterization_0#4,eval_MoTaTiZrHf-HEA-DDRX-900C_TEM_DislocationCharacterization_0,ma_roma|direct|invert|s0,ma_roma,transform,10000.0,118.0,54.846,0.0118,598.6929403791167,632.3556479666753,598.6929403791167,0.009863119376493548,118.0
eval_MoTaTiZrHf-HEA-DDRX-900C_TEM_DislocationCharacterization_0#4,eval_MoTaTiZrHf-HEA-DDRX-900C_TEM_DislocationCharacterization_0,ma_roma|direct|histmatch|s0,ma_roma,transform,10000.0,145.0,96.547,0.0145,772.7580431179222,806.4207507054807,772.7580431179222,0.012336538166067392,145.0
eval_MoTaTiZrHf-HEA-DDRX-900C_TEM_DislocationCharacterization_0#4,eval_MoTaTiZrHf-HEA-DDRX-900C_TEM_DislocationCharacterization_0,ma_roma|direct|clahe|s0,ma_roma,transform,10000.0,452.0,65.581,0.0452,2994.034070269671,3027.6967778572293,2994.034070269671,0.04130000108680936,452.0
eval_MoTaTiZrHf-HEA-DDRX-900C_TEM_DislocationCharacterization_0#4,eval_MoTaTiZrHf-HEA-DDRX-900C_TEM_DislocationCharacterization_0,ma_roma|direct|gradmag|s0,ma_roma,transform,10000.0,3900.0,69.477,0.39,35259.345706565706,35293.008414153264,35259.345706565706,0.380484259041006,3900.0
eval_MoTaTiZrHf-HEA-DDRX-900C_TEM_DislocationCharacterization_0#5,eval_MoTaTiZrHf-HEA-DDRX-900C_TEM_DislocationCharacterization_0,ma_roma|direct|none|s0,ma_roma,core,10000.0,641.0,67.11,0.0641,4488.682917739839,4522.345625327397,4488.682917739839,0.059464829641134136,641.0
eval_MoTaTiZrHf-HEA-DDRX-900C_TEM_DislocationCharacterization_0#5,eval_MoTaTiZrHf-HEA-DDRX-900C_TEM_DislocationCharacterization_0,ma_roma|pyramid_v2|none|s0,ma_roma,core,10000.0,641.0,67.11,0.0641,4488.682917739839,4522.345625327397,4488.682917739839,0.059464829641134136,641.0
eval_MoTaTiZrHf-HEA-DDRX-900C_TEM_DislocationCharacterization_0#5,eval_MoTaTiZrHf-HEA-DDRX-900C_TEM_DislocationCharacterization_0,ma_roma|direct|invert|s0,ma_roma,transform,10000.0,981.0,70.95,0.0981,7320.425213786909,7354.087921374467,7320.425213786909,0.09242349649803104,981.0
eval_MoTaTiZrHf-HEA-DDRX-900C_TEM_DislocationCharacterization_0#5,eval_MoTaTiZrHf-HEA-DDRX-900C_TEM_DislocationCharacterization_0,ma_roma|direct|histmatch|s0,ma_roma,transform,10000.0,891.0,62.331,0.0891,6556.092180297908,6589.754887885467,6556.092180297908,0.0836729249674976,891.0
eval_MoTaTiZrHf-HEA-DDRX-900C_TEM_DislocationCharacterization_0#5,eval_MoTaTiZrHf-HEA-DDRX-900C_TEM_DislocationCharacterization_0,ma_roma|direct|clahe|s0,ma_roma,transform,10000.0,474.0,56.453,0.0474,3164.284779821168,3197.9474874087264,3164.284779821168,0.043406187289910594,474.0
eval_MoTaTiZrHf-HEA-DDRX-900C_TEM_DislocationCharacterization_0#5,eval_MoTaTiZrHf-HEA-DDRX-900C_TEM_DislocationCharacterization_0,ma_roma|direct|gradmag|s0,ma_roma,transform,10000.0,5150.0,69.176,0.515,48473.55655435828,48507.21926194584,48473.55655435828,0.5052007102106768,5150.0
eval_MoTaTiZrHf-HEA-DDRX-900C_TEM_DislocationCharacterization_0#6,eval_MoTaTiZrHf-HEA-DDRX-900C_TEM_DislocationCharacterization_0,ma_roma|direct|none|s0,ma_roma,core,10000.0,130.0,948.028,0.013,675.3604919605729,709.0231995481314,675.3604919605729,0.010959440195307127,130.0
eval_MoTaTiZrHf-HEA-DDRX-900C_TEM_DislocationCharacterization_0#6,eval_MoTaTiZrHf-HEA-DDRX-900C_TEM_DislocationCharacterization_0,ma_roma|pyramid_v2|none|s0,ma_roma,core,10000.0,130.0,948.028,0.013,675.3604919605729,709.0231995481314,675.3604919605729,0.010959440195307127,130.0
eval_MoTaTiZrHf-HEA-DDRX-900C_TEM_DislocationCharacterization_0#6,eval_MoTaTiZrHf-HEA-DDRX-900C_TEM_DislocationCharacterization_0,ma_roma|direct|invert|s0,ma_roma,transform,10000.0,74.0,961.419,0.0074,329.28233518695015,362.9450427745087,329.28233518695015,0.005899086359582839,74.0
eval_MoTaTiZrHf-HEA-DDRX-900C_TEM_DislocationCharacterization_0#6,eval_MoTaTiZrHf-HEA-DDRX-900C_TEM_DislocationCharacterization_0,ma_roma|direct|histmatch|s0,ma_roma,transform,10000.0,189.0,889.785,0.0189,1067.007794513932,1100.6705021014905,1067.007794513932,0.01640994618236014,189.0
eval_MoTaTiZrHf-HEA-DDRX-900C_TEM_DislocationCharacterization_0#6,eval_MoTaTiZrHf-HEA-DDRX-900C_TEM_DislocationCharacterization_0,ma_roma|direct|clahe|s0,ma_roma,transform,10000.0,96.0,1399.204,0.0096,461.4333868141054,495.09609440166395,461.4333868141054,0.007868298014665221,96.0
eval_MoTaTiZrHf-HEA-DDRX-900C_TEM_DislocationCharacterization_0#6,eval_MoTaTiZrHf-HEA-DDRX-900C_TEM_DislocationCharacterization_0,ma_roma|direct|gradmag|s0,ma_roma,transform,10000.0,803.0,86.877,0.0803,5818.397399258331,5852.060106845889,5818.397399258331,0.07513340783573967,803.0
eval_MoTaTiZrHf-HEA-DDRX-900C_TEM_DislocationCharacterization_0#7,eval_MoTaTiZrHf-HEA-DDRX-900C_TEM_DislocationCharacterization_0,ma_roma|direct|none|s0,ma_roma,core,10000.0,229.0,1259.103,0.0229,1343.6829378637208,1377.3456454512793,1343.6829378637208,0.020146242156227716,229.0
eval_MoTaTiZrHf-HEA-DDRX-900C_TEM_DislocationCharacterization_0#7,eval_MoTaTiZrHf-HEA-DDRX-900C_TEM_DislocationCharacterization_0,ma_roma|pyramid_v2|none|s0,ma_roma,core,10000.0,84.0,1391.819,0.0084,388.63852451468716,422.3012321022457,388.63852451468716,0.006790405766700767,84.0
eval_MoTaTiZrHf-HEA-DDRX-900C_TEM_DislocationCharacterization_0#7,eval_MoTaTiZrHf-HEA-DDRX-900C_TEM_DislocationCharacterization_0,ma_roma|direct|invert|s0,ma_roma,transform,10000.0,118.0,1201.837,0.0118,598.6929403791167,632.3556479666753,598.6929403791167,0.009863119376493548,118.0
eval_MoTaTiZrHf-HEA-DDRX-900C_TEM_DislocationCharacterization_0#7,eval_MoTaTiZrHf-HEA-DDRX-900C_TEM_DislocationCharacterization_0,ma_roma|direct|histmatch|s0,ma_roma,transform,10000.0,160.0,4949.218,0.016,871.7275296892982,905.3902372768567,871.7275296892982,0.013720046519002556,160.0
eval_MoTaTiZrHf-HEA-DDRX-900C_TEM_DislocationCharacterization_0#7,eval_MoTaTiZrHf-HEA-DDRX-900C_TEM_DislocationCharacterization_0,ma_roma|direct|clahe|s0,ma_roma,transform,10000.0,412.0,60.871,0.0412,2687.396572522746,2721.0592801103044,2687.396572522746,0.037477466161893035,412.0
eval_MoTaTiZrHf-HEA-DDRX-900C_TEM_DislocationCharacterization_0#7,eval_MoTaTiZrHf-HEA-DDRX-900C_TEM_DislocationCharacterization_0,ma_roma|direct|gradmag|s0,ma_roma,transform,10000.0,121.0,88.112,0.0121,617.7491071772223,651.4118147647808,617.7491071772223,0.010136711003799979,121.0
eval_MoTaTiZrHf-HEA-DDRX-900C_TEM_DislocationCharacterization_0#8,eval_MoTaTiZrHf-HEA-DDRX-900C_TEM_DislocationCharacterization_0,ma_roma|direct|none|s0,ma_roma,core,10000.0,205.0,1130.562,0.0205,1176.7344862777322,1210.3971938652908,1176.7344862777322,0.017901234098931535,205.0
eval_MoTaTiZrHf-HEA-DDRX-900C_TEM_DislocationCharacterization_0#8,eval_MoTaTiZrHf-HEA-DDRX-900C_TEM_DislocationCharacterization_0,ma_roma|pyramid_v2|none|s0,ma_roma,core,10000.0,205.0,1130.562,0.0205,1176.7344862777322,1210.3971938652908,1176.7344862777322,0.017901234098931535,205.0
eval_MoTaTiZrHf-HEA-DDRX-900C_TEM_DislocationCharacterization_0#8,eval_MoTaTiZrHf-HEA-DDRX-900C_TEM_DislocationCharacterization_0,ma_roma|direct|invert|s0,ma_roma,transform,10000.0,167.0,920.533,0.0167,918.4093764007583,952.0720839883169,918.4093764007583,0.014367626563538568,167.0
eval_MoTaTiZrHf-HEA-DDRX-900C_TEM_DislocationCharacterization_0#8,eval_MoTaTiZrHf-HEA-DDRX-900C_TEM_DislocationCharacterization_0,ma_roma|direct|histmatch|s0,ma_roma,transform,10000.0,118.0,1114.377,0.0118,598.6929403791167,632.3556479666753,598.6929403791167,0.009863119376493548,118.0
eval_MoTaTiZrHf-HEA-DDRX-900C_TEM_DislocationCharacterization_0#8,eval_MoTaTiZrHf-HEA-DDRX-900C_TEM_DislocationCharacterization_0,ma_roma|direct|clahe|s0,ma_roma,transform,10000.0,97.0,1126.46,0.0097,467.5703675106934,501.23307509825196,467.5703675106934,0.007958481396960246,97.0
eval_MoTaTiZrHf-HEA-DDRX-900C_TEM_DislocationCharacterization_0#8,eval_MoTaTiZrHf-HEA-DDRX-900C_TEM_DislocationCharacterization_0,ma_roma|direct|gradmag|s0,ma_roma,transform,10000.0,821.0,52.581,0.0821,5968.469328818914,6002.132036406472,5968.469328818914,0.07687867848484661,821.0
eval_MoTaTiZrHf-HEA-DDRX-900C_TEM_DislocationCharacterization_0#9,eval_MoTaTiZrHf-HEA-DDRX-900C_TEM_DislocationCharacterization_0,ma_roma|direct|none|s0,ma_roma,core,10000.0,648.0,57.742,0.0648,4545.301817890568,4578.964525478126,4545.301817890568,0.060140253995386674,648.0
eval_MoTaTiZrHf-HEA-DDRX-900C_TEM_DislocationCharacterization_0#9,eval_MoTaTiZrHf-HEA-DDRX-900C_TEM_DislocationCharacterization_0,ma_roma|pyramid_v2|none|s0,ma_roma,core,10000.0,648.0,57.742,0.0648,4545.301817890568,4578.964525478126,4545.301817890568,0.060140253995386674,648.0
eval_MoTaTiZrHf-HEA-DDRX-900C_TEM_DislocationCharacterization_0#9,eval_MoTaTiZrHf-HEA-DDRX-900C_TEM_DislocationCharacterization_0,ma_roma|direct|invert|s0,ma_roma,transform,10000.0,1039.0,65.723,0.1039,7817.8960200730735,7851.558727660632,7817.8960200730735,0.09807086253470187,1039.0
eval_MoTaTiZrHf-HEA-DDRX-900C_TEM_DislocationCharacterization_0#9,eval_MoTaTiZrHf-HEA-DDRX-900C_TEM_DislocationCharacterization_0,ma_roma|direct|histmatch|s0,ma_roma,transform,10000.0,737.0,118.937,0.0737,5271.956391047446,5305.619098635005,5271.956391047446,0.06874103152331712,737.0
eval_MoTaTiZrHf-HEA-DDRX-900C_TEM_DislocationCharacterization_0#9,eval_MoTaTiZrHf-HEA-DDRX-900C_TEM_DislocationCharacterization_0,ma_roma|direct|clahe|s0,ma_roma,transform,10000.0,438.0,58.824,0.0438,2886.2728968839656,2919.935604471524,2886.2728968839656,0.03996106261277299,438.0
eval_MoTaTiZrHf-HEA-DDRX-900C_TEM_DislocationCharacterization_0#9,eval_MoTaTiZrHf-HEA-DDRX-900C_TEM_DislocationCharacterization_0,ma_roma|direct|gradmag|s0,ma_roma,transform,10000.0,5205.0,59.088,0.5205,49069.424621651924,49103.08732923948,49069.424621651924,0.5107024253146394,5205.0
eval_MoTaTiZrHf-HEA-DDRX-900C_TEM_DislocationCharacterization_0#10,eval_MoTaTiZrHf-HEA-DDRX-900C_TEM_DislocationCharacterization_0,ma_roma|direct|none|s0,ma_roma,core,10000.0,94.0,1130.241,0.0094,449.1909237662293,482.8536313537878,449.1909237662293,0.007688088248246493,94.0
eval_MoTaTiZrHf-HEA-DDRX-900C_TEM_DislocationCharacterization_0#10,eval_MoTaTiZrHf-HEA-DDRX-900C_TEM_DislocationCharacterization_0,ma_roma|pyramid_v2|none|s0,ma_roma,core,10000.0,258.0,337.045,0.0258,1548.8226967051776,1582.4854042927361,1548.8226967051776,0.022870065228898888,258.0
eval_MoTaTiZrHf-HEA-DDRX-900C_TEM_DislocationCharacterization_0#10,eval_MoTaTiZrHf-HEA-DDRX-900C_TEM_DislocationCharacterization_0,ma_roma|direct|invert|s0,ma_roma,transform,10000.0,1129.0,47.949,0.1129,8596.924707898917,8630.587415486476,8596.924707898917,0.10684534737713176,1129.0
eval_MoTaTiZrHf-HEA-DDRX-900C_TEM_DislocationCharacterization_0#10,eval_MoTaTiZrHf-HEA-DDRX-900C_TEM_DislocationCharacterization_0,ma_roma|direct|histmatch|s0,ma_roma,transform,10000.0,227.0,1083.257,0.0227,1329.6686345531145,1363.331342140673,1329.6686345531145,0.019958819233930947,227.0
eval_MoTaTiZrHf-HEA-DDRX-900C_TEM_DislocationCharacterization_0#10,eval_MoTaTiZrHf-HEA-DDRX-900C_TEM_DislocationCharacterization_0,ma_roma|direct|clahe|s0,ma_roma,transform,10000.0,889.0,56.408,0.0889,6539.21709682928,6572.879804416839,6539.21709682928,0.08347865428504643,889.0
eval_MoTaTiZrHf-HEA-DDRX-900C_TEM_DislocationCharacterization_0#10,eval_MoTaTiZrHf-HEA-DDRX-900C_TEM_DislocationCharacterization_0,ma_roma|direct|gradmag|s0,ma_roma,transform,10000.0,1443.0,60.205,0.1443,11375.020672011196,11408.683379598755,11375.020672011196,0.13754936679253196,1443.0
eval_MoTaTiZrHf-HEA-DDRX-900C_TEM_DislocationCharacterization_0#11,eval_MoTaTiZrHf-HEA-DDRX-900C_TEM_DislocationCharacterization_0,ma_roma|direct|none|s0,ma_roma,core,10000.0,79.0,752.199,0.0079,358.80184593393653,392.4645535214951,358.80184593393653,0.006343878268779696,79.0
eval_MoTaTiZrHf-HEA-DDRX-900C_TEM_DislocationCharacterization_0#11,eval_MoTaTiZrHf-HEA-DDRX-900C_TEM_DislocationCharacterization_0,ma_roma|pyramid_v2|none|s0,ma_roma,core,10000.0,79.0,752.199,0.0079,358.80184593393653,392.4645535214951,358.80184593393653,0.006343878268779696,79.0
eval_MoTaTiZrHf-HEA-DDRX-900C_TEM_DislocationCharacterization_0#11,eval_MoTaTiZrHf-HEA-DDRX-900C_TEM_DislocationCharacterization_0,ma_roma|direct|invert|s0,ma_roma,transform,10000.0,327.0,985.858,0.0327,2049.769121211809,2083.4318287993674,2049.769121211809,0.02938969449755885,327.0
eval_MoTaTiZrHf-HEA-DDRX-900C_TEM_DislocationCharacterization_0#11,eval_MoTaTiZrHf-HEA-DDRX-900C_TEM_DislocationCharacterization_0,ma_roma|direct|histmatch|s0,ma_roma,transform,10000.0,403.0,64.459,0.0403,2618.9479643801565,2652.610671967715,2618.9479643801565,0.03661872063908073,403.0
eval_MoTaTiZrHf-HEA-DDRX-900C_TEM_DislocationCharacterization_0#11,eval_MoTaTiZrHf-HEA-DDRX-900C_TEM_DislocationCharacterization_0,ma_roma|direct|clahe|s0,ma_roma,transform,10000.0,100.0,1124.114,0.01,486.0430374126204,519.7057450001789,486.0430374126204,0.008229336148148416,100.0
eval_MoTaTiZrHf-HEA-DDRX-900C_TEM_DislocationCharacterization_0#11,eval_MoTaTiZrHf-HEA-DDRX-900C_TEM_DislocationCharacterization_0,ma_roma|direct|gradmag|s0,ma_roma,transform,10000.0,196.0,61.457,0.0196,1114.8502038879021,1148.5129114754607,1114.8502038879021,0.017061812083451283,196.0
eval_MoTaTiZrHf-HEA-DDRX-900C_TEM_DislocationCharacterization_0#12,eval_MoTaTiZrHf-HEA-DDRX-900C_TEM_DislocationCharacterization_0,ma_roma|direct|none|s0,ma_roma,core,10000.0,179.0,69.638,0.0179,999.1212348170955,1032.783942404654,999.1212348170955,0.015480359711334966,179.0
eval_MoTaTiZrHf-HEA-DDRX-900C_TEM_DislocationCharacterization_0#12,eval_MoTaTiZrHf-HEA-DDRX-900C_TEM_DislocationCharacterization_0,ma_roma|pyramid_v2|none|s0,ma_roma,core,10000.0,179.0,69.638,0.0179,999.1212348170955,1032.783942404654,999.1212348170955,0.015480359711334966,179.0
eval_MoTaTiZrHf-HEA-DDRX-900C_TEM_DislocationCharacterization_0#12,eval_MoTaTiZrHf-HEA-DDRX-900C_TEM_DislocationCharacterization_0,ma_roma|direct|invert|s0,ma_roma,transform,10000.0,692.0,59.559,0.0692,4903.0105193671425,4936.673226954701,4903.0105193671425,0.06438936146441547,692.0
eval_MoTaTiZrHf-HEA-DDRX-900C_TEM_DislocationCharacterization_0#12,eval_MoTaTiZrHf-HEA-DDRX-900C_TEM_DislocationCharacterization_0,ma_roma|direct|histmatch|s0,ma_roma,transform,10000.0,770.0,55.4,0.077,5544.411006229052,5578.0737138166105,5544.411006229052,0.07193581365373697,770.0
eval_MoTaTiZrHf-HEA-DDRX-900C_TEM_DislocationCharacterization_0#12,eval_MoTaTiZrHf-HEA-DDRX-900C_TEM_DislocationCharacterization_0,ma_roma|direct|clahe|s0,ma_roma,transform,10000.0,139.0,282.253,0.0139,733.6012472184586,767.2639548060172,733.6012472184586,0.011784873697881632,139.0
eval_MoTaTiZrHf-HEA-DDRX-900C_TEM_DislocationCharacterization_0#12,eval_MoTaTiZrHf-HEA-DDRX-900C_TEM_DislocationCharacterization_0,ma_roma|direct|gradmag|s0,ma_roma,transform,10000.0,640.0,92.14,0.064,4480.6011469432915,4514.26385453085,4480.6011469432915,0.05936835369698391,640.0
eval_MoTaTiZrHf-HEA-DDRX-900C_TEM_DislocationCharacterization_0#13,eval_MoTaTiZrHf-HEA-DDRX-900C_TEM_DislocationCharacterization_0,ma_roma|direct|none|s0,ma_roma,core,10000.0,397.0,104.393,0.0397,2573.431502723604,2607.0942103111624,2573.431502723604,0.036046511447362685,397.0
eval_MoTaTiZrHf-HEA-DDRX-900C_TEM_DislocationCharacterization_0#13,eval_MoTaTiZrHf-HEA-DDRX-900C_TEM_DislocationCharacterization_0,ma_roma|pyramid_v2|none|s0,ma_roma,core,10000.0,397.0,104.393,0.0397,2573.431502723604,2607.0942103111624,2573.431502723604,0.036046511447362685,397.0
eval_MoTaTiZrHf-HEA-DDRX-900C_TEM_DislocationCharacterization_0#13,eval_MoTaTiZrHf-HEA-DDRX-900C_TEM_DislocationCharacterization_0,ma_roma|direct|invert|s0,ma_roma,transform,10000.0,481.0,138.38,0.0481,3218.682333636348,3252.3450412239067,3218.682333636348,0.04407686215956089,481.0
eval_MoTaTiZrHf-HEA-DDRX-900C_TEM_DislocationCharacterization_0#13,eval_MoTaTiZrHf-HEA-DDRX-900C_TEM_DislocationCharacterization_0,ma_roma|direct|histmatch|s0,ma_roma,transform,10000.0,333.0,62.154,0.0333,2094.0893293621098,2127.7520369496683,2094.0893293621098,0.02995877872174783,333.0
eval_MoTaTiZrHf-HEA-DDRX-900C_TEM_DislocationCharacterization_0#13,eval_MoTaTiZrHf-HEA-DDRX-900C_TEM_DislocationCharacterization_0,ma_roma|direct|clahe|s0,ma_roma,transform,10000.0,1072.0,59.97,0.1072,8102.563753865573,8136.226461453131,8102.563753865573,0.10128663398903234,1072.0
eval_MoTaTiZrHf-HEA-DDRX-900C_TEM_DislocationCharacterization_0#13,eval_MoTaTiZrHf-HEA-DDRX-900C_TEM_DislocationCharacterization_0,ma_roma|direct|gradmag|s0,ma_roma,transform,10000.0,4607.0,59.145,0.4607,42655.69773374822,42689.360441335775,42655.69773374822,0.450947453818376,4607.0
eval_MoTaTiZrHf-HEA-DDRX-900C_TEM_DislocationCharacterization_0#14,eval_MoTaTiZrHf-HEA-DDRX-900C_TEM_DislocationCharacterization_0,ma_roma|direct|none|s0,ma_roma,core,10000.0,762.0,50.72,0.0762,5478.218444098828,5511.881151686386,5478.218444098828,0.07116105645763711,762.0
eval_MoTaTiZrHf-HEA-DDRX-900C_TEM_DislocationCharacterization_0#14,eval_MoTaTiZrHf-HEA-DDRX-900C_TEM_DislocationCharacterization_0,ma_roma|pyramid_v2|none|s0,ma_roma,core,10000.0,762.0,50.72,0.0762,5478.218444098828,5511.881151686386,5478.218444098828,0.07116105645763711,762.0
eval_MoTaTiZrHf-HEA-DDRX-900C_TEM_DislocationCharacterization_0#14,eval_MoTaTiZrHf-HEA-DDRX-900C_TEM_DislocationCharacterization_0,ma_roma|direct|invert|s0,ma_roma,transform,10000.0,700.0,72.804,0.07,4968.3765258446865,5002.039233432245,4968.3765258446865,0.0651625641208769,700.0
eval_MoTaTiZrHf-HEA-DDRX-900C_TEM_DislocationCharacterization_0#14,eval_MoTaTiZrHf-HEA-DDRX-900C_TEM_DislocationCharacterization_0,ma_roma|direct|histmatch|s0,ma_roma,transform,10000.0,1105.0,59.239,0.1105,8388.369001358582,8422.03170894614,8388.369001358582,0.10450420535399171,1105.0
eval_MoTaTiZrHf-HEA-DDRX-900C_TEM_DislocationCharacterization_0#14,eval_MoTaTiZrHf-HEA-DDRX-900C_TEM_DislocationCharacterization_0,ma_roma|direct|clahe|s0,ma_roma,transform,10000.0,1069.0,91.566,0.1069,8076.637400798406,8110.300108385964,8076.637400798406,0.10099421565320636,1069.0
eval_MoTaTiZrHf-HEA-DDRX-900C_TEM_DislocationCharacterization_0#14,eval_MoTaTiZrHf-HEA-DDRX-900C_TEM_DislocationCharacterization_0,ma_roma|direct|gradmag|s0,ma_roma,transform,10000.0,937.0,65.289,0.0937,6945.558987172337,6979.221694759895,6945.558987172337,0.0881434357192143,937.0
eval_MoTaTiZrHf-HEA-DDRX-900C_TEM_DislocationCharacterization_0#15,eval_MoTaTiZrHf-HEA-DDRX-900C_TEM_DislocationCharacterization_0,ma_roma|direct|none|s0,ma_roma,core,10000.0,75.0,2488.864,0.0075,335.15988908186347,368.822596669422,335.15988908186347,0.005987897888436751,75.0
eval_MoTaTiZrHf-HEA-DDRX-900C_TEM_DislocationCharacterization_0#15,eval_MoTaTiZrHf-HEA-DDRX-900C_TEM_DislocationCharacterization_0,ma_roma|pyramid_v2|none|s0,ma_roma,core,10000.0,372.0,1416.116,0.0372,2384.8108198297155,2418.473527417274,2384.8108198297155,0.033664908295853044,372.0
eval_MoTaTiZrHf-HEA-DDRX-900C_TEM_DislocationCharacterization_0#15,eval_MoTaTiZrHf-HEA-DDRX-900C_TEM_DislocationCharacterization_0,ma_roma|direct|invert|s0,ma_roma,transform,10000.0,83.0,1102.87,0.0083,382.64674233296057,416.3094499205191,382.64674233296057,0.0067009689409357415,83.0
eval_MoTaTiZrHf-HEA-DDRX-900C_TEM_DislocationCharacterization_0#15,eval_MoTaTiZrHf-HEA-DDRX-900C_TEM_DislocationCharacterization_0,ma_roma|direct|histmatch|s0,ma_roma,transform,10000.0,1517.0,59.495,0.1517,12041.96383017031,12075.62653775787,12041.96383017031,0.14480284848726327,1517.0
eval_MoTaTiZrHf-HEA-DDRX-900C_TEM_DislocationCharacterization_0#15,eval_MoTaTiZrHf-HEA-DDRX-900C_TEM_DislocationCharacterization_0,ma_roma|direct|clahe|s0,ma_roma,transform,10000.0,152.0,899.019,0.0152,818.7576845849816,852.4203921725401,818.7576845849816,0.012981435254342082,152.0
eval_MoTaTiZrHf-HEA-DDRX-900C_TEM_DislocationCharacterization_0#15,eval_MoTaTiZrHf-HEA-DDRX-900C_TEM_DislocationCharacterization_0,ma_roma|direct|gradmag|s0,ma_roma,transform,10000.0,1808.0,58.516,0.1808,14704.472200531505,14738.134908119064,14704.472200531505,0.1733800564607453,1808.0
eval_MoTaTiZrHf-HEA-DDRX-900C_TEM_largeFOV-DislocationCharacterization_0#0,eval_MoTaTiZrHf-HEA-DDRX-900C_TEM_largeFOV-DislocationCharacterization_0,ma_roma|direct|none|s0,ma_roma,core,10000.0,3784.0,19.936,0.3784,39311.204754876155,39344.86746246371,39311.204754876155,0.36894281299103593,3784.0
eval_MoTaTiZrHf-HEA-DDRX-900C_TEM_largeFOV-DislocationCharacterization_0#0,eval_MoTaTiZrHf-HEA-DDRX-900C_TEM_largeFOV-DislocationCharacterization_0,ma_roma|pyramid_v2|none|s0,ma_roma,core,10000.0,3784.0,19.936,0.3784,39311.204754876155,39344.86746246371,39311.204754876155,0.36894281299103593,3784.0
eval_MoTaTiZrHf-HEA-DDRX-900C_TEM_largeFOV-DislocationCharacterization_0#0,eval_MoTaTiZrHf-HEA-DDRX-900C_TEM_largeFOV-DislocationCharacterization_0,ma_roma|direct|invert|s0,ma_roma,transform,10000.0,33.0,106065.876,0.0033,148.48005893717564,182.14276652473418,148.48005893717564,0.002350823409618217,33.0
eval_MoTaTiZrHf-HEA-DDRX-900C_TEM_largeFOV-DislocationCharacterization_0#0,eval_MoTaTiZrHf-HEA-DDRX-900C_TEM_largeFOV-DislocationCharacterization_0,ma_roma|direct|histmatch|s0,ma_roma,transform,10000.0,3762.0,19.988,0.3762,39054.942622891125,39088.605330478684,39054.942622891125,0.36675456661672057,3762.0
eval_MoTaTiZrHf-HEA-DDRX-900C_TEM_largeFOV-DislocationCharacterization_0#0,eval_MoTaTiZrHf-HEA-DDRX-900C_TEM_largeFOV-DislocationCharacterization_0,ma_roma|direct|clahe|s0,ma_roma,transform,10000.0,3367.0,19.431,0.3367,34489.472005666634,34523.13471325419,34489.472005666634,0.3275018493862904,3367.0
eval_MoTaTiZrHf-HEA-DDRX-900C_TEM_largeFOV-DislocationCharacterization_0#0,eval_MoTaTiZrHf-HEA-DDRX-900C_TEM_largeFOV-DislocationCharacterization_0,ma_roma|direct|gradmag|s0,ma_roma,transform,10000.0,6753.0,492.042,0.6753,75711.43633143482,75745.09903902237,75711.43633143482,0.6660564211685296,6753.0
eval_MoTaTiZrHf-HEA-DDRX-900C_TEM_largeFOV-DislocationCharacterization_0#1,eval_MoTaTiZrHf-HEA-DDRX-900C_TEM_largeFOV-DislocationCharacterization_0,ma_roma|direct|none|s0,ma_roma,core,10000.0,6473.0,501.684,0.6473,72122.26120849964,72155.9239160872,72122.26120849964,0.6378801540671583,6473.0
eval_MoTaTiZrHf-HEA-DDRX-900C_TEM_largeFOV-DislocationCharacterization_0#1,eval_MoTaTiZrHf-HEA-DDRX-900C_TEM_largeFOV-DislocationCharacterization_0,ma_roma|pyramid_v2|none|s0,ma_roma,core,10000.0,6473.0,501.684,0.6473,72122.26120849964,72155.9239160872,72122.26120849964,0.6378801540671583,6473.0
eval_MoTaTiZrHf-HEA-DDRX-900C_TEM_largeFOV-DislocationCharacterization_0#1,eval_MoTaTiZrHf-HEA-DDRX-900C_TEM_largeFOV-DislocationCharacterization_0,ma_roma|direct|invert|s0,ma_roma,transform,10000.0,6482.0,487.516,0.6482,72237.08636520004,72270.7490727876,72237.08636520004,0.6387852614110364,6482.0
eval_MoTaTiZrHf-HEA-DDRX-900C_TEM_largeFOV-DislocationCharacterization_0#1,eval_MoTaTiZrHf-HEA-DDRX-900C_TEM_largeFOV-DislocationCharacterization_0,ma_roma|direct|histmatch|s0,ma_roma,transform,10000.0,7813.0,509.742,0.7813,89640.55730518764,89674.2200127752,89640.55730518764,0.7730910190509389,7813.0
eval_MoTaTiZrHf-HEA-DDRX-900C_TEM_largeFOV-DislocationCharacterization_0#1,eval_MoTaTiZrHf-HEA-DDRX-900C_TEM_largeFOV-DislocationCharacterization_0,ma_roma|direct|clahe|s0,ma_roma,transform,10000.0,1915.0,493.857,0.1915,18352.8916565987,18386.554364186257,18352.8916565987,0.18390693723235738,1915.0
eval_MoTaTiZrHf-HEA-DDRX-900C_TEM_largeFOV-DislocationCharacterization_0#1,eval_MoTaTiZrHf-HEA-DDRX-900C_TEM_largeFOV-DislocationCharacterization_0,ma_roma|direct|gradmag|s0,ma_roma,transform,10000.0,6565.0,504.543,0.6565,73297.70904164159,73331.37174922915,73297.70904164159,0.6471340877903519,6565.0
eval_MoTaTiZrHf-HEA-DDRX-900C_TEM_largeFOV-DislocationCharacterization_0#2,eval_MoTaTiZrHf-HEA-DDRX-900C_TEM_largeFOV-DislocationCharacterization_0,ma_roma|direct|none|s0,ma_roma,core,10000.0,1183.0,522.064,0.1183,10708.107619809882,10741.77032739744,10708.107619809882,0.11211613177503216,1183.0
eval_MoTaTiZrHf-HEA-DDRX-900C_TEM_largeFOV-DislocationCharacterization_0#2,eval_MoTaTiZrHf-HEA-DDRX-900C_TEM_largeFOV-DislocationCharacterization_0,ma_roma|pyramid_v2|none|s0,ma_roma,core,10000.0,1183.0,522.064,0.1183,10708.107619809882,10741.77032739744,10708.107619809882,0.11211613177503216,1183.0
eval_MoTaTiZrHf-HEA-DDRX-900C_TEM_largeFOV-DislocationCharacterization_0#2,eval_MoTaTiZrHf-HEA-DDRX-900C_TEM_largeFOV-DislocationCharacterization_0,ma_roma|direct|invert|s0,ma_roma,transform,10000.0,2863.0,490.47,0.2863,28766.373434170175,28800.036141757733,28766.373434170175,0.27752373058471463,2863.0
eval_MoTaTiZrHf-HEA-DDRX-900C_TEM_largeFOV-DislocationCharacterization_0#2,eval_MoTaTiZrHf-HEA-DDRX-900C_TEM_largeFOV-DislocationCharacterization_0,ma_roma|direct|histmatch|s0,ma_roma,transform,10000.0,2008.0,508.564,0.2008,19351.602220118566,19385.264927706125,19351.602220118566,0.1930639679713415,2008.0
eval_MoTaTiZrHf-HEA-DDRX-900C_TEM_largeFOV-DislocationCharacterization_0#2,eval_MoTaTiZrHf-HEA-DDRX-900C_TEM_largeFOV-DislocationCharacterization_0,ma_roma|direct|clahe|s0,ma_roma,transform,10000.0,6887.0,507.899,0.6887,77441.67165198052,77475.33435956808,77441.67165198052,0.6795538661471999,6887.0
eval_MoTaTiZrHf-HEA-DDRX-900C_TEM_largeFOV-DislocationCharacterization_0#2,eval_MoTaTiZrHf-HEA-DDRX-900C_TEM_largeFOV-DislocationCharacterization_0,ma_roma|direct|gradmag|s0,ma_roma,transform,10000.0,7473.0,531.778,0.7473,85109.61834746861,85143.28105505617,85109.61834746861,0.7386889165551849,7473.0
eval_MoTaTiZrHf-HEA-DDRX-900C_TEM_largeFOV-DislocationCharacterization_0#3,eval_MoTaTiZrHf-HEA-DDRX-900C_TEM_largeFOV-DislocationCharacterization_0,ma_roma|direct|none|s0,ma_roma,core,10000.0,1867.0,441.861,0.1867,17839.60076528103,17873.263472868588,17839.60076528103,0.17918342378235066,1867.0
eval_MoTaTiZrHf-HEA-DDRX-900C_TEM_largeFOV-DislocationCharacterization_0#3,eval_MoTaTiZrHf-HEA-DDRX-900C_TEM_largeFOV-DislocationCharacterization_0,ma_roma|pyramid_v2|none|s0,ma_roma,core,10000.0,1867.0,441.861,0.1867,17839.60076528103,17873.263472868588,17839.60076528103,0.17918342378235066,1867.0
eval_MoTaTiZrHf-HEA-DDRX-900C_TEM_largeFOV-DislocationCharacterization_0#3,eval_MoTaTiZrHf-HEA-DDRX-900C_TEM_largeFOV-DislocationCharacterization_0,ma_roma|direct|invert|s0,ma_roma,transform,10000.0,3424.0,433.034,0.3424,35144.06082276332,35177.72353035088,35144.06082276332,0.33316183029258334,3424.0
eval_MoTaTiZrHf-HEA-DDRX-900C_TEM_largeFOV-DislocationCharacterization_0#3,eval_MoTaTiZrHf-HEA-DDRX-900C_TEM_largeFOV-DislocationCharacterization_0,ma_roma|direct|histmatch|s0,ma_roma,transform,10000.0,1852.0,422.354,0.1852,17679.50707693903,17713.169784526588,17679.50707693903,0.17770771413532474,1852.0
eval_MoTaTiZrHf-HEA-DDRX-900C_TEM_largeFOV-DislocationCharacterization_0#3,eval_MoTaTiZrHf-HEA-DDRX-900C_TEM_largeFOV-DislocationCharacterization_0,ma_roma|direct|clahe|s0,ma_roma,transform,10000.0,1858.0,439.096,0.1858,17743.526715861804,17777.189423449363,17743.526715861804,0.17829797554474056,1858.0
eval_MoTaTiZrHf-HEA-DDRX-900C_TEM_largeFOV-DislocationCharacterization_0#3,eval_MoTaTiZrHf-HEA-DDRX-900C_TEM_largeFOV-DislocationCharacterization_0,ma_roma|direct|gradmag|s0,ma_roma,transform,10000.0,8138.0,455.764,0.8138,94034.92296518483,94068.58567277239,94034.92296518483,0.8060505024199903,8138.0
eval_MoTaTiZrHf-HEA-DDRX-900C_TEM_largeFOV-DislocationCharacterization_0#4,eval_MoTaTiZrHf-HEA-DDRX-900C_TEM_largeFOV-DislocationCharacterization_0,ma_roma|direct|none|s0,ma_roma,core,10000.0,2166.0,432.909,0.2166,21060.597603767448,21094.260311355007,21060.597603767448,0.20863600708010635,2166.0
eval_MoTaTiZrHf-HEA-DDRX-900C_TEM_largeFOV-DislocationCharacterization_0#4,eval_MoTaTiZrHf-HEA-DDRX-900C_TEM_largeFOV-DislocationCharacterization_0,ma_roma|pyramid_v2|none|s0,ma_roma,core,10000.0,2166.0,432.909,0.2166,21060.597603767448,21094.260311355007,21060.597603767448,0.20863600708010635,2166.0
eval_MoTaTiZrHf-HEA-DDRX-900C_TEM_largeFOV-DislocationCharacterization_0#4,eval_MoTaTiZrHf-HEA-DDRX-900C_TEM_largeFOV-DislocationCharacterization_0,ma_roma|direct|invert|s0,ma_roma,transform,10000.0,1538.0,36.284,0.1538,14364.000480453346,14397.663188040904,14364.000480453346,0.146862342234548,1538.0
eval_MoTaTiZrHf-HEA-DDRX-900C_TEM_largeFOV-DislocationCharacterization_0#4,eval_MoTaTiZrHf-HEA-DDRX-900C_TEM_largeFOV-DislocationCharacterization_0,ma_roma|direct|histmatch|s0,ma_roma,transform,10000.0,2574.0,424.756,0.2574,25540.06275493628,25573.72546252384,25540.06275493628,0.2489253030143314,2574.0
eval_MoTaTiZrHf-HEA-DDRX-900C_TEM_largeFOV-DislocationCharacterization_0#4,eval_MoTaTiZrHf-HEA-DDRX-900C_TEM_largeFOV-DislocationCharacterization_0,ma_roma|direct|clahe|s0,ma_roma,transform,10000.0,5033.0,442.049,0.5033,54187.1506385044,54220.813346091956,54187.1506385044,0.4935010079402525,5033.0
eval_MoTaTiZrHf-HEA-DDRX-900C_TEM_largeFOV-DislocationCharacterization_0#4,eval_MoTaTiZrHf-HEA-DDRX-900C_TEM_largeFOV-DislocationCharacterization_0,ma_roma|direct|gradmag|s0,ma_roma,transform,10000.0,7213.0,455.752,0.7213,81686.45100321053,81720.11371079809,81686.45100321053,0.7124286113757778,7213.0
eval_MoTaTiZrHf-HEA-DDRX-900C_TEM_largeFOV-DislocationCharacterization_0#5,eval_MoTaTiZrHf-HEA-DDRX-900C_TEM_largeFOV-DislocationCharacterization_0,ma_roma|direct|none|s0,ma_roma,core,10000.0,6135.0,430.647,0.6135,67835.28631587853,67868.94902346609,67835.28631587853,0.6039141560120218,6135.0
eval_MoTaTiZrHf-HEA-DDRX-900C_TEM_largeFOV-DislocationCharacterization_0#5,eval_MoTaTiZrHf-HEA-DDRX-900C_TEM_largeFOV-DislocationCharacterization_0,ma_roma|pyramid_v2|none|s0,ma_roma,core,10000.0,6135.0,430.647,0.6135,67835.28631587853,67868.94902346609,67835.28631587853,0.6039141560120218,6135.0
eval_MoTaTiZrHf-HEA-DDRX-900C_TEM_largeFOV-DislocationCharacterization_0#5,eval_MoTaTiZrHf-HEA-DDRX-900C_TEM_largeFOV-DislocationCharacterization_0,ma_roma|direct|invert|s0,ma_roma,transform,10000.0,1986.0,414.905,0.1986,19114.854404002803,19148.51711159036,19114.854404002803,0.1908971807768065,1986.0
eval_MoTaTiZrHf-HEA-DDRX-900C_TEM_largeFOV-DislocationCharacterization_0#5,eval_MoTaTiZrHf-HEA-DDRX-900C_TEM_largeFOV-DislocationCharacterization_0,ma_roma|direct|histmatch|s0,ma_roma,transform,10000.0,6086.0,425.697,0.6086,67217.840411054,67251.50311864156,67217.840411054,0.5989941736497318,6086.0
eval_MoTaTiZrHf-HEA-DDRX-900C_TEM_largeFOV-DislocationCharacterization_0#5,eval_MoTaTiZrHf-HEA-DDRX-900C_TEM_largeFOV-DislocationCharacterization_0,ma_roma|direct|clahe|s0,ma_roma,transform,10000.0,2280.0,410.46,0.228,22302.85544816749,22336.51815575505,22302.85544816749,0.21988247902701694,2280.0
eval_MoTaTiZrHf-HEA-DDRX-900C_TEM_largeFOV-DislocationCharacterization_0#5,eval_MoTaTiZrHf-HEA-DDRX-900C_TEM_largeFOV-DislocationCharacterization_0,ma_roma|direct|gradmag|s0,ma_roma,transform,10000.0,42.0,793.372,0.0042,207.68136296961703,241.34407055717557,207.68136296961703,0.0031088769681385272,42.0
eval_MoTaTiZrHf-HEA-DDRX-900C_TEM_largeFOV-DislocationCharacterization_0#6,eval_MoTaTiZrHf-HEA-DDRX-900C_TEM_largeFOV-DislocationCharacterization_0,ma_roma|direct|none|s0,ma_roma,core,10000.0,7707.0,507.043,0.7707,88221.03871203467,88254.70141962223,88221.03871203467,0.7623576308479183,7707.0
eval_MoTaTiZrHf-HEA-DDRX-900C_TEM_largeFOV-DislocationCharacterization_0#6,eval_MoTaTiZrHf-HEA-DDRX-900C_TEM_largeFOV-DislocationCharacterization_0,ma_roma|pyramid_v2|none|s0,ma_roma,core,10000.0,7707.0,507.043,0.7707,88221.03871203467,88254.70141962223,88221.03871203467,0.7623576308479183,7707.0
eval_MoTaTiZrHf-HEA-DDRX-900C_TEM_largeFOV-DislocationCharacterization_0#6,eval_MoTaTiZrHf-HEA-DDRX-900C_TEM_largeFOV-DislocationCharacterization_0,ma_roma|direct|invert|s0,ma_roma,transform,10000.0,3019.0,528.541,0.3019,30525.070665460113,30558.73337304767,30525.070665460113,0.2929796320584187,3019.0
eval_MoTaTiZrHf-HEA-DDRX-900C_TEM_largeFOV-DislocationCharacterization_0#6,eval_MoTaTiZrHf-HEA-DDRX-900C_TEM_largeFOV-DislocationCharacterization_0,ma_roma|direct|histmatch|s0,ma_roma,transform,10000.0,7775.0,508.381,0.7775,89130.92890076159,89164.59160834915,89130.92890076159,0.7692423256158418,7775.0
eval_MoTaTiZrHf-HEA-DDRX-900C_TEM_largeFOV-DislocationCharacterization_0#6,eval_MoTaTiZrHf-HEA-DDRX-900C_TEM_largeFOV-DislocationCharacterization_0,ma_roma|direct|clahe|s0,ma_roma,transform,10000.0,5669.0,509.671,0.5669,62003.62907881742,62037.29178640498,62003.62907881742,0.5571644379212016,5669.0
eval_MoTaTiZrHf-HEA-DDRX-900C_TEM_largeFOV-DislocationCharacterization_0#6,eval_MoTaTiZrHf-HEA-DDRX-900C_TEM_largeFOV-DislocationCharacterization_0,ma_roma|direct|gradmag|s0,ma_roma,transform,10000.0,546.0,519.508,0.0546,4485.492704247013,4519.155411834571,4485.492704247013,0.05031560891015104,546.0
eval_MoTaTiZrHf-HEA-DDRX-900C_TEM_largeFOV-DislocationCharacterization_0#7,eval_MoTaTiZrHf-HEA-DDRX-900C_TEM_largeFOV-DislocationCharacterization_0,ma_roma|direct|none|s0,ma_roma,core,10000.0,1938.0,526.855,0.1938,18599.372569414267,18633.035277001825,18599.372569414267,0.18617094686462204,1938.0
eval_MoTaTiZrHf-HEA-DDRX-900C_TEM_largeFOV-DislocationCharacterization_0#7,eval_MoTaTiZrHf-HEA-DDRX-900C_TEM_largeFOV-DislocationCharacterization_0,ma_roma|pyramid_v2|none|s0,ma_roma,core,10000.0,1938.0,526.855,0.1938,18599.372569414267,18633.035277001825,18599.372569414267,0.18617094686462204,1938.0
eval_MoTaTiZrHf-HEA-DDRX-900C_TEM_largeFOV-DislocationCharacterization_0#7,eval_MoTaTiZrHf-HEA-DDRX-900C_TEM_largeFOV-DislocationCharacterization_0,ma_roma|direct|invert|s0,ma_roma,transform,10000.0,4956.0,469.359,0.4956,53251.82764909939,53285.49035668695,53251.82764909939,0.48580413064606176,4956.0
eval_MoTaTiZrHf-HEA-DDRX-900C_TEM_largeFOV-DislocationCharacterization_0#7,eval_MoTaTiZrHf-HEA-DDRX-900C_TEM_largeFOV-DislocationCharacterization_0,ma_roma|direct|histmatch|s0,ma_roma,transform,10000.0,2014.0,516.096,0.2014,19416.22224316459,19449.884950752148,19416.22224316459,0.19365497409161597,2014.0
eval_MoTaTiZrHf-HEA-DDRX-900C_TEM_largeFOV-DislocationCharacterization_0#7,eval_MoTaTiZrHf-HEA-DDRX-900C_TEM_largeFOV-DislocationCharacterization_0,ma_roma|direct|clahe|s0,ma_roma,transform,10000.0,3531.0,486.536,0.3531,36376.73789132361,36410.40059891117,36376.73789132361,0.34379071453296967,3531.0
eval_MoTaTiZrHf-HEA-DDRX-900C_TEM_largeFOV-DislocationCharacterization_0#7,eval_MoTaTiZrHf-HEA-DDRX-900C_TEM_largeFOV-DislocationCharacterization_0,ma_roma|direct|gradmag|s0,ma_roma,transform,10000.0,8335.0,496.045,0.8335,96732.01060089913,96765.67330848669,96732.01060089913,0.8260707838854022,8335.0
eval_MoTaTiZrHf-HEA-DDRX-900C_TEM_largeFOV-DislocationCharacterization_0#8,eval_MoTaTiZrHf-HEA-DDRX-900C_TEM_largeFOV-DislocationCharacterization_0,ma_roma|direct|none|s0,ma_roma,core,10000.0,545.0,510.414,0.0545,4476.195132442422,4509.85784002998,4476.195132442422,0.05021948667736563,545.0
eval_MoTaTiZrHf-HEA-DDRX-900C_TEM_largeFOV-DislocationCharacterization_0#8,eval_MoTaTiZrHf-HEA-DDRX-900C_TEM_largeFOV-DislocationCharacterization_0,ma_roma|pyramid_v2|none|s0,ma_roma,core,10000.0,545.0,510.414,0.0545,4476.195132442422,4509.85784002998,4476.195132442422,0.05021948667736563,545.0
eval_MoTaTiZrHf-HEA-DDRX-900C_TEM_largeFOV-DislocationCharacterization_0#8,eval_MoTaTiZrHf-HEA-DDRX-900C_TEM_largeFOV-DislocationCharacterization_0,ma_roma|direct|invert|s0,ma_roma,transform,10000.0,2728.0,464.991,0.2728,27254.02463277403,27287.68734036159,27254.02463277403,0.2641588270586617,2728.0
eval_MoTaTiZrHf-HEA-DDRX-900C_TEM_largeFOV-DislocationCharacterization_0#8,eval_MoTaTiZrHf-HEA-DDRX-900C_TEM_largeFOV-DislocationCharacterization_0,ma_roma|direct|histmatch|s0,ma_roma,transform,10000.0,391.0,396.808,0.0391,3069.8982801512648,3103.5609877388233,3069.8982801512648,0.035474538349595804,391.0
eval_MoTaTiZrHf-HEA-DDRX-900C_TEM_largeFOV-DislocationCharacterization_0#8,eval_MoTaTiZrHf-HEA-DDRX-900C_TEM_largeFOV-DislocationCharacterization_0,ma_roma|direct|clahe|s0,ma_roma,transform,10000.0,2633.0,480.541,0.2633,26195.269974877436,26228.932682464994,26195.269974877436,0.2547599237765756,2633.0
eval_MoTaTiZrHf-HEA-DDRX-900C_TEM_largeFOV-DislocationCharacterization_0#8,eval_MoTaTiZrHf-HEA-DDRX-900C_TEM_largeFOV-DislocationCharacterization_0,ma_roma|direct|gradmag|s0,ma_roma,transform,10000.0,1001.0,520.247,0.1001,8879.085313576275,8912.748021163834,8879.085313576275,0.09437018178714811,1001.0
eval_MoTaTiZrHf-HEA-DDRX-900C_TEM_largeFOV-DislocationCharacterization_0#9,eval_MoTaTiZrHf-HEA-DDRX-900C_TEM_largeFOV-DislocationCharacterization_0,ma_roma|direct|none|s0,ma_roma,core,10000.0,8700.0,434.359,0.87,101805.44678904994,101839.1094966375,101805.44678904994,0.8632662286896442,8700.0
eval_MoTaTiZrHf-HEA-DDRX-900C_TEM_largeFOV-DislocationCharacterization_0#9,eval_MoTaTiZrHf-HEA-DDRX-900C_TEM_largeFOV-DislocationCharacterization_0,ma_roma|pyramid_v2|none|s0,ma_roma,core,10000.0,8700.0,434.359,0.87,101805.44678904994,101839.1094966375,101805.44678904994,0.8632662286896442,8700.0
eval_MoTaTiZrHf-HEA-DDRX-900C_TEM_largeFOV-DislocationCharacterization_0#9,eval_MoTaTiZrHf-HEA-DDRX-900C_TEM_largeFOV-DislocationCharacterization_0,ma_roma|direct|invert|s0,ma_roma,transform,10000.0,1744.0,444.672,0.1744,16531.29183698029,16564.95454456785,16531.29183698029,0.16708826312374037,1744.0
eval_MoTaTiZrHf-HEA-DDRX-900C_TEM_largeFOV-DislocationCharacterization_0#9,eval_MoTaTiZrHf-HEA-DDRX-900C_TEM_largeFOV-DislocationCharacterization_0,ma_roma|direct|histmatch|s0,ma_roma,transform,10000.0,7393.0,462.19,0.7393,84052.63023498579,84086.29294257335,84052.63023498579,0.7306047048792474,7393.0
eval_MoTaTiZrHf-HEA-DDRX-900C_TEM_largeFOV-DislocationCharacterization_0#9,eval_MoTaTiZrHf-HEA-DDRX-900C_TEM_largeFOV-DislocationCharacterization_0,ma_roma|direct|clahe|s0,ma_roma,transform,10000.0,3682.0,440.654,0.3682,38124.822339237355,38158.48504682491,38124.822339237355,0.35879907003764533,3682.0
eval_MoTaTiZrHf-HEA-DDRX-900C_TEM_largeFOV-DislocationCharacterization_0#9,eval_MoTaTiZrHf-HEA-DDRX-900C_TEM_largeFOV-DislocationCharacterization_0,ma_roma|direct|gradmag|s0,ma_roma,transform,10000.0,6214.0,426.747,0.6214,68832.89449141422,68866.55719900178,68832.89449141422,0.6118485199883646,6214.0
eval_MoTaTiZrHf-HEA-DDRX-900C_TEM_largeFOV-DislocationCharacterization_0#10,eval_MoTaTiZrHf-HEA-DDRX-900C_TEM_largeFOV-DislocationCharacterization_0,ma_roma|direct|none|s0,ma_roma,core,10000.0,2932.0,440.007,0.2932,29542.81218832043,29576.474895907988,29542.81218832043,0.28435843937591637,2932.0
eval_MoTaTiZrHf-HEA-DDRX-900C_TEM_largeFOV-DislocationCharacterization_0#10,eval_MoTaTiZrHf-HEA-DDRX-900C_TEM_largeFOV-DislocationCharacterization_0,ma_roma|pyramid_v2|none|s0,ma_roma,core,10000.0,2932.0,440.007,0.2932,29542.81218832043,29576.474895907988,29542.81218832043,0.28435843937591637,2932.0
eval_MoTaTiZrHf-HEA-DDRX-900C_TEM_largeFOV-DislocationCharacterization_0#10,eval_MoTaTiZrHf-HEA-DDRX-900C_TEM_largeFOV-DislocationCharacterization_0,ma_roma|direct|invert|s0,ma_roma,transform,10000.0,4306.0,409.436,0.4306,45451.05609993757,45484.718807525125,45451.05609993757,0.420923514505296,4306.0
eval_MoTaTiZrHf-HEA-DDRX-900C_TEM_largeFOV-DislocationCharacterization_0#10,eval_MoTaTiZrHf-HEA-DDRX-900C_TEM_largeFOV-DislocationCharacterization_0,ma_roma|direct|histmatch|s0,ma_roma,transform,10000.0,2622.0,427.09,0.2622,26072.975831147574,26106.638538735133,26072.975831147574,0.25367196050723556,2622.0
eval_MoTaTiZrHf-HEA-DDRX-900C_TEM_largeFOV-DislocationCharacterization_0#10,eval_MoTaTiZrHf-HEA-DDRX-900C_TEM_largeFOV-DislocationCharacterization_0,ma_roma|direct|clahe|s0,ma_roma,transform,10000.0,1342.0,428.751,0.1342,12332.199264772546,12365.861972360104,12332.199264772546,0.12765940083608157,1342.0
eval_MoTaTiZrHf-HEA-DDRX-900C_TEM_largeFOV-DislocationCharacterization_0#10,eval_MoTaTiZrHf-HEA-DDRX-900C_TEM_largeFOV-DislocationCharacterization_0,ma_roma|direct|gradmag|s0,ma_roma,transform,10000.0,3796.0,422.79,0.3796,39451.070849732314,39484.73355731987,39451.070849732314,0.37013648953894474,3796.0
eval_MoTaTiZrHf-HEA-DDRX-900C_TEM_largeFOV-DislocationCharacterization_0#11,eval_MoTaTiZrHf-HEA-DDRX-900C_TEM_largeFOV-DislocationCharacterization_0,ma_roma|direct|none|s0,ma_roma,core,10000.0,2353.0,436.639,0.2353,23102.23078263876,23135.893490226317,23102.23078263876,0.2270887231103901,2353.0
eval_MoTaTiZrHf-HEA-DDRX-900C_TEM_largeFOV-DislocationCharacterization_0#11,eval_MoTaTiZrHf-HEA-DDRX-900C_TEM_largeFOV-DislocationCharacterization_0,ma_roma|pyramid_v2|none|s0,ma_roma,core,10000.0,2353.0,436.639,0.2353,23102.23078263876,23135.893490226317,23102.23078263876,0.2270887231103901,2353.0
eval_MoTaTiZrHf-HEA-DDRX-900C_TEM_largeFOV-DislocationCharacterization_0#11,eval_MoTaTiZrHf-HEA-DDRX-900C_TEM_largeFOV-DislocationCharacterization_0,ma_roma|direct|invert|s0,ma_roma,transform,10000.0,8011.0,425.738,0.8011,92309.9137024902,92343.57641007776,92309.9137024902,0.7931613860688935,8011.0
eval_MoTaTiZrHf-HEA-DDRX-900C_TEM_largeFOV-DislocationCharacterization_0#11,eval_MoTaTiZrHf-HEA-DDRX-900C_TEM_largeFOV-DislocationCharacterization_0,ma_roma|direct|histmatch|s0,ma_roma,transform,10000.0,2701.0,445.814,0.2701,26952.648328298335,26986.311035885894,26952.648328298335,0.26148704381225796,2701.0
eval_MoTaTiZrHf-HEA-DDRX-900C_TEM_largeFOV-DislocationCharacterization_0#11,eval_MoTaTiZrHf-HEA-DDRX-900C_TEM_largeFOV-DislocationCharacterization_0,ma_roma|direct|clahe|s0,ma_roma,transform,10000.0,2195.0,25.465,0.2195,21375.895573700196,21409.558281287755,21375.895573700196,0.21149610833268326,2195.0
eval_MoTaTiZrHf-HEA-DDRX-900C_TEM_largeFOV-DislocationCharacterization_0#11,eval_MoTaTiZrHf-HEA-DDRX-900C_TEM_largeFOV-DislocationCharacterization_0,ma_roma|direct|gradmag|s0,ma_roma,transform,10000.0,6903.0,428.85,0.6903,77648.8228008442,77682.48550843175,77648.8228008442,0.6811660873423286,6903.0
eval_MoTaTiZrHf-HEA-DDRX-900C_TEM_largeFOV-DislocationCharacterization_0#12,eval_MoTaTiZrHf-HEA-DDRX-900C_TEM_largeFOV-DislocationCharacterization_0,ma_roma|direct|none|s0,ma_roma,core,10000.0,4231.0,503.898,0.4231,44561.96402440249,44595.62673199005,44561.96402440249,0.41344812213619225,4231.0
eval_MoTaTiZrHf-HEA-DDRX-900C_TEM_largeFOV-DislocationCharacterization_0#12,eval_MoTaTiZrHf-HEA-DDRX-900C_TEM_largeFOV-DislocationCharacterization_0,ma_roma|pyramid_v2|none|s0,ma_roma,core,10000.0,4231.0,503.898,0.4231,44561.96402440249,44595.62673199005,44561.96402440249,0.41344812213619225,4231.0
eval_MoTaTiZrHf-HEA-DDRX-900C_TEM_largeFOV-DislocationCharacterization_0#12,eval_MoTaTiZrHf-HEA-DDRX-900C_TEM_largeFOV-DislocationCharacterization_0,ma_roma|direct|invert|s0,ma_roma,transform,10000.0,2722.0,20.298,0.2722,27187.020287797888,27220.682995385447,27187.020287797888,0.2635650624042268,2722.0
eval_MoTaTiZrHf-HEA-DDRX-900C_TEM_largeFOV-DislocationCharacterization_0#12,eval_MoTaTiZrHf-HEA-DDRX-900C_TEM_largeFOV-DislocationCharacterization_0,ma_roma|direct|histmatch|s0,ma_roma,transform,10000.0,5115.0,518.059,0.5115,55185.816461450195,55219.47916903775,55185.816461450195,0.5017002367361996,5115.0
eval_MoTaTiZrHf-HEA-DDRX-900C_TEM_largeFOV-DislocationCharacterization_0#12,eval_MoTaTiZrHf-HEA-DDRX-900C_TEM_largeFOV-DislocationCharacterization_0,ma_roma|direct|clahe|s0,ma_roma,transform,10000.0,2031.0,514.494,0.2031,19599.433669178165,19633.096376765723,19599.433669178165,0.19532963950721344,2031.0
eval_MoTaTiZrHf-HEA-DDRX-900C_TEM_largeFOV-DislocationCharacterization_0#12,eval_MoTaTiZrHf-HEA-DDRX-900C_TEM_largeFOV-DislocationCharacterization_0,ma_roma|direct|gradmag|s0,ma_roma,transform,10000.0,8170.0,496.771,0.817,94471.2282919423,94504.89099952986,94471.2282919423,0.8093002254080071,8170.0
eval_MoTaTiZrHf-HEA-DDRX-900C_TEM_largeFOV-DislocationCharacterization_0#13,eval_MoTaTiZrHf-HEA-DDRX-900C_TEM_largeFOV-DislocationCharacterization_0,ma_roma|direct|none|s0,ma_roma,core,10000.0,1071.0,21.784,0.1071,9578.500216836876,9612.162924424434,9578.500216836876,0.10118915955532345,1071.0
eval_MoTaTiZrHf-HEA-DDRX-900C_TEM_largeFOV-DislocationCharacterization_0#13,eval_MoTaTiZrHf-HEA-DDRX-900C_TEM_largeFOV-DislocationCharacterization_0,ma_roma|pyramid_v2|none|s0,ma_roma,core,10000.0,1071.0,21.784,0.1071,9578.500216836876,9612.162924424434,9578.500216836876,0.10118915955532345,1071.0
eval_MoTaTiZrHf-HEA-DDRX-900C_TEM_largeFOV-DislocationCharacterization_0#13,eval_MoTaTiZrHf-HEA-DDRX-900C_TEM_largeFOV-DislocationCharacterization_0,ma_roma|direct|invert|s0,ma_roma,transform,10000.0,8252.0,489.649,0.8252,95592.40890686502,95626.07161445258,95592.40890686502,0.817631641769029,8252.0
eval_MoTaTiZrHf-HEA-DDRX-900C_TEM_largeFOV-DislocationCharacterization_0#13,eval_MoTaTiZrHf-HEA-DDRX-900C_TEM_largeFOV-DislocationCharacterization_0,ma_roma|direct|histmatch|s0,ma_roma,transform,10000.0,1747.0,513.237,0.1747,16563.079116757235,16596.741824344794,16563.079116757235,0.16738311017113305,1747.0
eval_MoTaTiZrHf-HEA-DDRX-900C_TEM_largeFOV-DislocationCharacterization_0#13,eval_MoTaTiZrHf-HEA-DDRX-900C_TEM_largeFOV-DislocationCharacterization_0,ma_roma|direct|clahe|s0,ma_roma,transform,10000.0,82.0,472.429,0.0082,490.187604959145,523.8503125467035,490.187604959145,0.006611596600786795,82.0
eval_MoTaTiZrHf-HEA-DDRX-900C_TEM_largeFOV-DislocationCharacterization_0#13,eval_MoTaTiZrHf-HEA-DDRX-900C_TEM_largeFOV-DislocationCharacterization_0,ma_roma|direct|gradmag|s0,ma_roma,transform,10000.0,4519.0,442.709,0.4519,47988.55670590918,48022.219413496736,47988.55670590918,0.4421659572428611,4519.0
eval_MoTaTiZrHf-HEA-DDRX-900C_TEM_largeFOV-DislocationCharacterization_0#14,eval_MoTaTiZrHf-HEA-DDRX-900C_TEM_largeFOV-DislocationCharacterization_0,ma_roma|direct|none|s0,ma_roma,core,10000.0,3770.0,510.587,0.377,39148.105017481204,39181.76772506876,39148.105017481204,0.36755026848692973,3770.0
eval_MoTaTiZrHf-HEA-DDRX-900C_TEM_largeFOV-DislocationCharacterization_0#14,eval_MoTaTiZrHf-HEA-DDRX-900C_TEM_largeFOV-DislocationCharacterization_0,ma_roma|pyramid_v2|none|s0,ma_roma,core,10000.0,3770.0,510.587,0.377,39148.105017481204,39181.76772506876,39148.105017481204,0.36755026848692973,3770.0
eval_MoTaTiZrHf-HEA-DDRX-900C_TEM_largeFOV-DislocationCharacterization_0#14,eval_MoTaTiZrHf-HEA-DDRX-900C_TEM_largeFOV-DislocationCharacterization_0,ma_roma|direct|invert|s0,ma_roma,transform,10000.0,971.0,475.585,0.0971,8580.981694298302,8614.64440188586,8580.981694298302,0.0914504314368019,971.0
eval_MoTaTiZrHf-HEA-DDRX-900C_TEM_largeFOV-DislocationCharacterization_0#14,eval_MoTaTiZrHf-HEA-DDRX-900C_TEM_largeFOV-DislocationCharacterization_0,ma_roma|direct|histmatch|s0,ma_roma,transform,10000.0,4965.0,512.587,0.4965,53361.028725036274,53394.69143262383,53361.028725036274,0.4867036457699474,4965.0
eval_MoTaTiZrHf-HEA-DDRX-900C_TEM_largeFOV-DislocationCharacterization_0#14,eval_MoTaTiZrHf-HEA-DDRX-900C_TEM_largeFOV-DislocationCharacterization_0,ma_roma|direct|clahe|s0,ma_roma,transform,10000.0,3956.0,483.036,0.3956,41321.765993667585,41355.42870125514,41321.765993667585,0.38605802997745725,3956.0
eval_MoTaTiZrHf-HEA-DDRX-900C_TEM_largeFOV-DislocationCharacterization_0#14,eval_MoTaTiZrHf-HEA-DDRX-900C_TEM_largeFOV-DislocationCharacterization_0,ma_roma|direct|gradmag|s0,ma_roma,transform,10000.0,7577.0,503.633,0.7577,86488.78024361646,86522.44295120402,86488.78024361646,0.7492041200239086,7577.0
eval_MoTaTiZrHf-HEA-DDRX-900C_TEM_largeFOV-DislocationCharacterization_0#15,eval_MoTaTiZrHf-HEA-DDRX-900C_TEM_largeFOV-DislocationCharacterization_0,ma_roma|direct|none|s0,ma_roma,core,10000.0,6788.0,472.229,0.6788,76162.56610350471,76196.22881109227,76162.56610350471,0.6695810354219234,6788.0
eval_MoTaTiZrHf-HEA-DDRX-900C_TEM_largeFOV-DislocationCharacterization_0#15,eval_MoTaTiZrHf-HEA-DDRX-900C_TEM_largeFOV-DislocationCharacterization_0,ma_roma|pyramid_v2|none|s0,ma_roma,core,10000.0,6788.0,472.229,0.6788,76162.56610350471,76196.22881109227,76162.56610350471,0.6695810354219234,6788.0
eval_MoTaTiZrHf-HEA-DDRX-900C_TEM_largeFOV-DislocationCharacterization_0#15,eval_MoTaTiZrHf-HEA-DDRX-900C_TEM_largeFOV-DislocationCharacterization_0,ma_roma|direct|invert|s0,ma_roma,transform,10000.0,1237.0,460.363,0.1237,11257.100360964354,11290.763068551913,11257.100360964354,0.11739115416203826,1237.0
eval_MoTaTiZrHf-HEA-DDRX-900C_TEM_largeFOV-DislocationCharacterization_0#15,eval_MoTaTiZrHf-HEA-DDRX-900C_TEM_largeFOV-DislocationCharacterization_0,ma_roma|direct|histmatch|s0,ma_roma,transform,10000.0,6602.0,440.474,0.6602,73771.49902521426,73805.16173280182,73771.49902521426,0.6508568657459457,6602.0
eval_MoTaTiZrHf-HEA-DDRX-900C_TEM_largeFOV-DislocationCharacterization_0#15,eval_MoTaTiZrHf-HEA-DDRX-900C_TEM_largeFOV-DislocationCharacterization_0,ma_roma|direct|clahe|s0,ma_roma,transform,10000.0,1542.0,442.246,0.1542,14405.784281116894,14439.446988704452,14405.784281116894,0.14725467911898385,1542.0
eval_MoTaTiZrHf-HEA-DDRX-900C_TEM_largeFOV-DislocationCharacterization_0#15,eval_MoTaTiZrHf-HEA-DDRX-900C_TEM_largeFOV-DislocationCharacterization_0,ma_roma|direct|gradmag|s0,ma_roma,transform,10000.0,8027.0,414.571,0.8027,92526.67012035512,92560.33282794268,92526.67012035512,0.7947845090186355,8027.0
eval_MoTaTiZrHf-HEA-DDRX-900C_TEM_largeFOV-DislocationCharacterization_0#16,eval_MoTaTiZrHf-HEA-DDRX-900C_TEM_largeFOV-DislocationCharacterization_0,ma_roma|direct|none|s0,ma_roma,core,10000.0,2975.0,441.8,0.2975,30027.84369817884,30061.5064057664,30027.84369817884,0.28861900383859296,2975.0
eval_MoTaTiZrHf-HEA-DDRX-900C_TEM_largeFOV-DislocationCharacterization_0#16,eval_MoTaTiZrHf-HEA-DDRX-900C_TEM_largeFOV-DislocationCharacterization_0,ma_roma|pyramid_v2|none|s0,ma_roma,core,10000.0,2975.0,441.8,0.2975,30027.84369817884,30061.5064057664,30027.84369817884,0.28861900383859296,2975.0
eval_MoTaTiZrHf-HEA-DDRX-900C_TEM_largeFOV-DislocationCharacterization_0#16,eval_MoTaTiZrHf-HEA-DDRX-900C_TEM_largeFOV-DislocationCharacterization_0,ma_roma|direct|invert|s0,ma_roma,transform,10000.0,5717.0,415.23,0.5717,62600.18370264216,62633.84641022972,62600.18370264216,0.5619757535779332,5717.0
eval_MoTaTiZrHf-HEA-DDRX-900C_TEM_largeFOV-DislocationCharacterization_0#16,eval_MoTaTiZrHf-HEA-DDRX-900C_TEM_largeFOV-DislocationCharacterization_0,ma_roma|direct|histmatch|s0,ma_roma,transform,10000.0,3177.0,439.466,0.3177,32318.086197372515,32351.748904960074,32318.086197372515,0.3086462446935876,3177.0
eval_MoTaTiZrHf-HEA-DDRX-900C_TEM_largeFOV-DislocationCharacterization_0#16,eval_MoTaTiZrHf-HEA-DDRX-900C_TEM_largeFOV-DislocationCharacterization_0,ma_roma|direct|clahe|s0,ma_roma,transform,10000.0,2224.0,446.448,0.2224,21691.684355795784,21725.347063383342,21691.684355795784,0.21435679024996043,2224.0
eval_MoTaTiZrHf-HEA-DDRX-900C_TEM_largeFOV-DislocationCharacterization_0#16,eval_MoTaTiZrHf-HEA-DDRX-900C_TEM_largeFOV-DislocationCharacterization_0,ma_roma|direct|gradmag|s0,ma_roma,transform,10000.0,6287.0,437.538,0.6287,69757.09254801535,69790.75525560291,69757.09254801535,0.6191826543417869,6287.0
eval_MoTaTiZrHf-HEA-DDRX-900C_TEM_largeFOV-DislocationCharacterization_0#17,eval_MoTaTiZrHf-HEA-DDRX-900C_TEM_largeFOV-DislocationCharacterization_0,ma_roma|direct|none|s0,ma_roma,core,10000.0,3462.0,434.177,0.3462,35581.255646029145,35614.918353616704,35581.255646029145,0.33693597929677443,3462.0
eval_MoTaTiZrHf-HEA-DDRX-900C_TEM_largeFOV-DislocationCharacterization_0#17,eval_MoTaTiZrHf-HEA-DDRX-900C_TEM_largeFOV-DislocationCharacterization_0,ma_roma|pyramid_v2|none|s0,ma_roma,core,10000.0,3462.0,434.177,0.3462,35581.255646029145,35614.918353616704,35581.255646029145,0.33693597929677443,3462.0
eval_MoTaTiZrHf-HEA-DDRX-900C_TEM_largeFOV-DislocationCharacterization_0#17,eval_MoTaTiZrHf-HEA-DDRX-900C_TEM_largeFOV-DislocationCharacterization_0,ma_roma|direct|invert|s0,ma_roma,transform,10000.0,4948.0,414.596,0.4948,53154.787225411725,53188.44993299928,53154.787225411725,0.48500458829027665,4948.0
eval_MoTaTiZrHf-HEA-DDRX-900C_TEM_largeFOV-DislocationCharacterization_0#17,eval_MoTaTiZrHf-HEA-DDRX-900C_TEM_largeFOV-DislocationCharacterization_0,ma_roma|direct|histmatch|s0,ma_roma,transform,10000.0,3342.0,449.116,0.3342,34202.82984275022,34236.49255033778,34202.82984275022,0.3250198760853712,3342.0
eval_MoTaTiZrHf-HEA-DDRX-900C_TEM_largeFOV-DislocationCharacterization_0#17,eval_MoTaTiZrHf-HEA-DDRX-900C_TEM_largeFOV-DislocationCharacterization_0,ma_roma|direct|clahe|s0,ma_roma,transform,10000.0,2026.0,428.554,0.2026,19545.52937379377,19579.19208138133,19545.52937379377,0.19483706820858201,2026.0
eval_MoTaTiZrHf-HEA-DDRX-900C_TEM_largeFOV-DislocationCharacterization_0#17,eval_MoTaTiZrHf-HEA-DDRX-900C_TEM_largeFOV-DislocationCharacterization_0,ma_roma|direct|gradmag|s0,ma_roma,transform,10000.0,6419.0,433.079,0.6419,71434.05382012523,71467.7165277128,71434.05382012523,0.6324502713938063,6419.0
eval_TRIP1-Bainitic_LOM_SEM_EBSD_Multiscale_0#0,eval_TRIP1-Bainitic_LOM_SEM_EBSD_Multiscale_0,ma_roma|direct|none|s0,ma_roma,core,10000.0,9989.0,1.354,0.9989,100069.8775525629,100103.54026015046,116636.17760682612,0.9980311970799692,9989.0
eval_TRIP1-Bainitic_LOM_SEM_EBSD_Multiscale_0#0,eval_TRIP1-Bainitic_LOM_SEM_EBSD_Multiscale_0,ma_roma|pyramid_v2|none|s0,ma_roma,core,10000.0,9989.0,1.354,0.9989,100069.8775525629,100103.54026015046,116636.17760682612,0.9980311970799692,9989.0
eval_TRIP1-Bainitic_LOM_SEM_EBSD_Multiscale_0#0,eval_TRIP1-Bainitic_LOM_SEM_EBSD_Multiscale_0,ma_roma|direct|invert|s0,ma_roma,transform,10000.0,9977.0,1.356,0.9977,99873.1209738907,99906.78368147826,116419.51914793636,0.9965509225177114,9977.0
eval_TRIP1-Bainitic_LOM_SEM_EBSD_Multiscale_0#0,eval_TRIP1-Bainitic_LOM_SEM_EBSD_Multiscale_0,ma_roma|direct|histmatch|s0,ma_roma,transform,10000.0,9990.0,1.368,0.999,100086.7187204118,100120.38142799935,116654.67726469315,0.9981600556125619,9990.0
eval_TRIP1-Bainitic_LOM_SEM_EBSD_Multiscale_0#0,eval_TRIP1-Bainitic_LOM_SEM_EBSD_Multiscale_0,ma_roma|direct|clahe|s0,ma_roma,transform,10000.0,9995.0,1.369,0.9995,100172.59861641601,100206.26132400357,116748.84961078803,0.998829974053858,9995.0
eval_TRIP1-Bainitic_LOM_SEM_EBSD_Multiscale_0#0,eval_TRIP1-Bainitic_LOM_SEM_EBSD_Multiscale_0,ma_roma|direct|gradmag|s0,ma_roma,transform,10000.0,9996.0,1.276,0.9996,100190.22884204557,100223.89154963313,116768.13832643573,0.9989718716646431,9996.0
eval_TRIP1-Bainitic_LOM_SEM_EBSD_Multiscale_0#1,eval_TRIP1-Bainitic_LOM_SEM_EBSD_Multiscale_0,ma_roma|direct|none|s0,ma_roma,core,10000.0,9858.0,1.911,0.9858,98098.05214494008,98131.71485252764,98751.06574854045,0.9832874813228473,9858.0
eval_TRIP1-Bainitic_LOM_SEM_EBSD_Multiscale_0#1,eval_TRIP1-Bainitic_LOM_SEM_EBSD_Multiscale_0,ma_roma|pyramid_v2|none|s0,ma_roma,core,10000.0,9858.0,1.911,0.9858,98098.05214494008,98131.71485252764,98751.06574854045,0.9832874813228473,9858.0
eval_TRIP1-Bainitic_LOM_SEM_EBSD_Multiscale_0#1,eval_TRIP1-Bainitic_LOM_SEM_EBSD_Multiscale_0,ma_roma|direct|invert|s0,ma_roma,transform,10000.0,9691.0,3.376,0.9691,95790.0274201497,95823.69012773725,96431.97813182646,0.9655240818752312,9691.0
eval_TRIP1-Bainitic_LOM_SEM_EBSD_Multiscale_0#1,eval_TRIP1-Bainitic_LOM_SEM_EBSD_Multiscale_0,ma_roma|direct|histmatch|s0,ma_roma,transform,10000.0,9864.0,1.916,0.9864,98183.78090783152,98217.44361541908,98837.1919806028,0.9839358916227968,9864.0
eval_TRIP1-Bainitic_LOM_SEM_EBSD_Multiscale_0#1,eval_TRIP1-Bainitic_LOM_SEM_EBSD_Multiscale_0,ma_roma|direct|clahe|s0,ma_roma,transform,10000.0,9857.0,1.914,0.9857,98083.78922773292,98117.45193532048,98736.73658647145,0.9831795172461816,9857.0
eval_TRIP1-Bainitic_LOM_SEM_EBSD_Multiscale_0#1,eval_TRIP1-Bainitic_LOM_SEM_EBSD_Multiscale_0,ma_roma|direct|gradmag|s0,ma_roma,transform,10000.0,9821.0,1.935,0.9821,97574.6968749684,97608.35958255596,98225.25941868134,0.9793101084823285,9821.0
eval_TRIP1-Bainitic_LOM_SEM_EBSD_Multiscale_0#2,eval_TRIP1-Bainitic_LOM_SEM_EBSD_Multiscale_0,ma_roma|direct|none|s0,ma_roma,core,10000.0,5312.0,10.178,0.5312,46337.506512771375,46371.169220358934,46246.267724551144,0.5214091677419128,5312.0
eval_TRIP1-Bainitic_LOM_SEM_EBSD_Multiscale_0#2,eval_TRIP1-Bainitic_LOM_SEM_EBSD_Multiscale_0,ma_roma|pyramid_v2|none|s0,ma_roma,core,10000.0,5312.0,10.178,0.5312,46337.506512771375,46371.169220358934,46246.267724551144,0.5214091677419128,5312.0
eval_TRIP1-Bainitic_LOM_SEM_EBSD_Multiscale_0#2,eval_TRIP1-Bainitic_LOM_SEM_EBSD_Multiscale_0,ma_roma|direct|invert|s0,ma_roma,transform,10000.0,5282.0,10.111,0.5282,46033.04696121649,46066.70966880405,45942.32349540572,0.5184068229048395,5282.0
eval_TRIP1-Bainitic_LOM_SEM_EBSD_Multiscale_0#2,eval_TRIP1-Bainitic_LOM_SEM_EBSD_Multiscale_0,ma_roma|direct|histmatch|s0,ma_roma,transform,10000.0,5262.0,10.219,0.5262,45830.2745609583,45863.93726854586,45739.89464342044,0.516405456525323,5262.0
eval_TRIP1-Bainitic_LOM_SEM_EBSD_Multiscale_0#2,eval_TRIP1-Bainitic_LOM_SEM_EBSD_Multiscale_0,ma_roma|direct|clahe|s0,ma_roma,transform,10000.0,5198.0,11.059,0.5198,45182.48062322243,45216.14333080999,45093.20006015764,0.5100021410768645,5198.0
eval_TRIP1-Bainitic_LOM_SEM_EBSD_Multiscale_0#2,eval_TRIP1-Bainitic_LOM_SEM_EBSD_Multiscale_0,ma_roma|direct|gradmag|s0,ma_roma,transform,10000.0,5287.0,9.969,0.5287,46083.76513575261,46117.42784334017,45992.95578287361,0.5189071890983169,5287.0
eval_TRIP1-Bainitic_LOM_SEM_EBSD_Multiscale_0#3,eval_TRIP1-Bainitic_LOM_SEM_EBSD_Multiscale_0,ma_roma|direct|none|s0,ma_roma,core,10000.0,64.0,138.279,0.0064,330.37402283647873,364.0367304240373,283.8679310369694,0.005015442801028862,64.0
eval_TRIP1-Bainitic_LOM_SEM_EBSD_Multiscale_0#3,eval_TRIP1-Bainitic_LOM_SEM_EBSD_Multiscale_0,ma_roma|pyramid_v2|none|s0,ma_roma,core,10000.0,7406.0,8.114,0.7406,80809.74397330904,80843.4066808966,75417.96549041723,0.7319181343001244,7406.0
eval_TRIP1-Bainitic_LOM_SEM_EBSD_Multiscale_0#3,eval_TRIP1-Bainitic_LOM_SEM_EBSD_Multiscale_0,ma_roma|direct|invert|s0,ma_roma,transform,10000.0,28.0,1692.28,0.0028,103.72634287588747,137.389050463446,83.42798415987534,0.001938005730685637,28.0
eval_TRIP1-Bainitic_LOM_SEM_EBSD_Multiscale_0#3,eval_TRIP1-Bainitic_LOM_SEM_EBSD_Multiscale_0,ma_roma|direct|histmatch|s0,ma_roma,transform,10000.0,494.0,17.717,0.0494,3776.9456905832826,3810.608398170841,3417.3833634857824,0.04532304560552551,494.0
eval_TRIP1-Bainitic_LOM_SEM_EBSD_Multiscale_0#3,eval_TRIP1-Bainitic_LOM_SEM_EBSD_Multiscale_0,ma_roma|direct|clahe|s0,ma_roma,transform,10000.0,13.0,480.174,0.0013,21.187526174015865,54.85023376157441,11.806416116439713,0.0007599118725796528,13.0
eval_TRIP1-Bainitic_LOM_SEM_EBSD_Multiscale_0#3,eval_TRIP1-Bainitic_LOM_SEM_EBSD_Multiscale_0,ma_roma|direct|gradmag|s0,ma_roma,transform,10000.0,18.0,703.449,0.0018,47.42926212406819,81.09196971162673,34.4096614647094,0.0011389279915130562,18.0
eval_TRIP1-Bainitic_LOM_SEM_EBSD_Multiscale_0#4,eval_TRIP1-Bainitic_LOM_SEM_EBSD_Multiscale_0,ma_roma|direct|none|s0,ma_roma,core,10000.0,212.0,840.675,0.0212,1421.1763336110791,1454.8390411986377,1267.0161728339135,0.018555080388788135,212.0
eval_TRIP1-Bainitic_LOM_SEM_EBSD_Multiscale_0#4,eval_TRIP1-Bainitic_LOM_SEM_EBSD_Multiscale_0,ma_roma|pyramid_v2|none|s0,ma_roma,core,10000.0,212.0,840.675,0.0212,1421.1763336110791,1454.8390411986377,1267.0161728339135,0.018555080388788135,212.0
eval_TRIP1-Bainitic_LOM_SEM_EBSD_Multiscale_0#4,eval_TRIP1-Bainitic_LOM_SEM_EBSD_Multiscale_0,ma_roma|direct|invert|s0,ma_roma,transform,10000.0,85.0,318.535,0.0085,473.16405288864365,506.8267604762022,411.40747992834497,0.006879905952442005,85.0
eval_TRIP1-Bainitic_LOM_SEM_EBSD_Multiscale_0#4,eval_TRIP1-Bainitic_LOM_SEM_EBSD_Multiscale_0,ma_roma|direct|histmatch|s0,ma_roma,transform,10000.0,80.0,332.504,0.008,438.6399819706624,472.30268955822095,380.5213054472808,0.00643305005119701,80.0
eval_TRIP1-Bainitic_LOM_SEM_EBSD_Multiscale_0#4,eval_TRIP1-Bainitic_LOM_SEM_EBSD_Multiscale_0,ma_roma|direct|clahe|s0,ma_roma,transform,10000.0,2611.0,68.107,0.2611,24747.004043042572,24780.66675063013,22847.35053746804,0.2525840668676419,2611.0
eval_TRIP1-Bainitic_LOM_SEM_EBSD_Multiscale_0#4,eval_TRIP1-Bainitic_LOM_SEM_EBSD_Multiscale_0,ma_roma|direct|gradmag|s0,ma_roma,transform,10000.0,61.0,273.647,0.0061,310.4925314887477,344.15523907630626,266.19776613638936,0.00475210315987151,61.0
eval_TRIP1-Bainitic_LOM_SEM_EBSD_Multiscale_0#5,eval_TRIP1-Bainitic_LOM_SEM_EBSD_Multiscale_0,ma_roma|direct|none|s0,ma_roma,core,10000.0,66.0,3079.769,0.0066,343.7067910146954,377.36949860225394,295.62647319569487,0.005191478817931517,66.0
eval_TRIP1-Bainitic_LOM_SEM_EBSD_Multiscale_0#5,eval_TRIP1-Bainitic_LOM_SEM_EBSD_Multiscale_0,ma_roma|pyramid_v2|none|s0,ma_roma,core,10000.0,7773.0,11.749,0.7773,85520.50934407512,85554.17205166268,79847.5849266846,0.7690397901793551,7773.0
eval_TRIP1-Bainitic_LOM_SEM_EBSD_Multiscale_0#5,eval_TRIP1-Bainitic_LOM_SEM_EBSD_Multiscale_0,ma_roma|direct|invert|s0,ma_roma,transform,10000.0,55.0,600.737,0.0055,271.178947383379,304.84165497093755,231.12655917094264,0.004228233256266612,55.0
eval_TRIP1-Bainitic_LOM_SEM_EBSD_Multiscale_0#5,eval_TRIP1-Bainitic_LOM_SEM_EBSD_Multiscale_0,ma_roma|direct|histmatch|s0,ma_roma,transform,10000.0,55.0,959.49,0.0055,271.178947383379,304.84165497093755,231.12655917094264,0.004228233256266612,55.0
eval_TRIP1-Bainitic_LOM_SEM_EBSD_Multiscale_0#5,eval_TRIP1-Bainitic_LOM_SEM_EBSD_Multiscale_0,ma_roma|direct|clahe|s0,ma_roma,transform,10000.0,37.0,887.391,0.0037,157.49760177835373,191.16030936591227,130.58149307168014,0.0026856480377509535,37.0
eval_TRIP1-Bainitic_LOM_SEM_EBSD_Multiscale_0#5,eval_TRIP1-Bainitic_LOM_SEM_EBSD_Multiscale_0,ma_roma|direct|gradmag|s0,ma_roma,transform,10000.0,1631.0,59.147,0.1631,14586.67724986902,14620.33995745658,13396.405010504768,0.15598838184550212,1631.0
eval_TRIP1-Bainitic_LOM_SEM_EBSD_Multiscale_0#6,eval_TRIP1-Bainitic_LOM_SEM_EBSD_Multiscale_0,ma_roma|direct|none|s0,ma_roma,core,10000.0,836.0,72.031,0.0836,6867.257547423343,6900.920255010901,6257.204812087219,0.07833365682721548,836.0
eval_TRIP1-Bainitic_LOM_SEM_EBSD_Multiscale_0#6,eval_TRIP1-Bainitic_LOM_SEM_EBSD_Multiscale_0,ma_roma|pyramid_v2|none|s0,ma_roma,core,10000.0,1651.0,12.115,0.1651,14787.885634022125,14821.548341609683,13583.01667692366,0.15795208830426508,1651.0
eval_TRIP1-Bainitic_LOM_SEM_EBSD_Multiscale_0#6,eval_TRIP1-Bainitic_LOM_SEM_EBSD_Multiscale_0,ma_roma|direct|invert|s0,ma_roma,transform,10000.0,1364.0,58.922,0.1364,11929.856532124653,11963.519239712212,10934.450472633454,0.12981261670256017,1364.0
eval_TRIP1-Bainitic_LOM_SEM_EBSD_Multiscale_0#6,eval_TRIP1-Bainitic_LOM_SEM_EBSD_Multiscale_0,ma_roma|direct|histmatch|s0,ma_roma,transform,10000.0,776.0,72.14,0.0776,6311.997887482781,6345.66059507034,5745.735299032596,0.07251699007981684,776.0
eval_TRIP1-Bainitic_LOM_SEM_EBSD_Multiscale_0#6,eval_TRIP1-Bainitic_LOM_SEM_EBSD_Multiscale_0,ma_roma|direct|clahe|s0,ma_roma,transform,10000.0,556.0,14.117,0.0556,4322.267948759532,4355.930656347091,3916.569216877346,0.05127705863589792,556.0
eval_TRIP1-Bainitic_LOM_SEM_EBSD_Multiscale_0#6,eval_TRIP1-Bainitic_LOM_SEM_EBSD_Multiscale_0,ma_roma|direct|gradmag|s0,ma_roma,transform,10000.0,385.0,282.105,0.0385,2838.785134926962,2872.4478425145207,2557.88827361363,0.03490280656189386,385.0
eval_Ta-AM-Spalled_SEM-BSE_EBSD_SameSliceSerialSectioning_0#0,eval_Ta-AM-Spalled_SEM-BSE_EBSD_SameSliceSerialSectioning_0,ma_roma|direct|none|s0,ma_roma,core,10000.0,743.0,80.28,0.0743,6602.0060516149315,6635.66875920249,3674.937574751442,0.06932168421384148,743.0
eval_Ta-AM-Spalled_SEM-BSE_EBSD_SameSliceSerialSectioning_0#0,eval_Ta-AM-Spalled_SEM-BSE_EBSD_SameSliceSerialSectioning_0,ma_roma|pyramid_v2|none|s0,ma_roma,core,10000.0,743.0,80.28,0.0743,6602.0060516149315,6635.66875920249,3674.937574751442,0.06932168421384148,743.0
eval_Ta-AM-Spalled_SEM-BSE_EBSD_SameSliceSerialSectioning_0#0,eval_Ta-AM-Spalled_SEM-BSE_EBSD_SameSliceSerialSectioning_0,ma_roma|direct|invert|s0,ma_roma,transform,10000.0,641.0,60.539,0.0641,5593.481834321534,5627.144541909092,3068.506274434314,0.059464829641134136,641.0
eval_Ta-AM-Spalled_SEM-BSE_EBSD_SameSliceSerialSectioning_0#0,eval_Ta-AM-Spalled_SEM-BSE_EBSD_SameSliceSerialSectioning_0,ma_roma|direct|histmatch|s0,ma_roma,transform,10000.0,776.0,80.124,0.0776,6931.629942158852,6965.2926497464105,3874.4725573950855,0.07251699007981684,776.0
eval_Ta-AM-Spalled_SEM-BSE_EBSD_SameSliceSerialSectioning_0#0,eval_Ta-AM-Spalled_SEM-BSE_EBSD_SameSliceSerialSectioning_0,ma_roma|direct|clahe|s0,ma_roma,transform,10000.0,774.0,78.146,0.0774,6911.608844627047,6945.271552214605,3862.335636364706,0.07232325434187925,774.0
eval_Ta-AM-Spalled_SEM-BSE_EBSD_SameSliceSerialSectioning_0#0,eval_Ta-AM-Spalled_SEM-BSE_EBSD_SameSliceSerialSectioning_0,ma_roma|direct|gradmag|s0,ma_roma,transform,10000.0,378.0,109.993,0.0378,3081.357753388651,3115.0204609762095,1593.150168092137,0.03423609837226936,378.0
eval_Ta-AM-Spalled_SEM-BSE_EBSD_SameSliceSerialSectioning_0#1,eval_Ta-AM-Spalled_SEM-BSE_EBSD_SameSliceSerialSectioning_0,ma_roma|direct|none|s0,ma_roma,core,10000.0,644.0,79.058,0.0644,5622.908608531136,5656.571316118695,3086.1067882272127,0.05975427740497835,644.0
eval_Ta-AM-Spalled_SEM-BSE_EBSD_SameSliceSerialSectioning_0#1,eval_Ta-AM-Spalled_SEM-BSE_EBSD_SameSliceSerialSectioning_0,ma_roma|pyramid_v2|none|s0,ma_roma,core,10000.0,644.0,79.058,0.0644,5622.908608531136,5656.571316118695,3086.1067882272127,0.05975427740497835,644.0
eval_Ta-AM-Spalled_SEM-BSE_EBSD_SameSliceSerialSectioning_0#1,eval_Ta-AM-Spalled_SEM-BSE_EBSD_SameSliceSerialSectioning_0,ma_roma|direct|invert|s0,ma_roma,transform,10000.0,479.0,120.405,0.0479,4028.668364525048,4062.3310721126068,2142.3106092536186,0.043885215617063954,479.0
eval_Ta-AM-Spalled_SEM-BSE_EBSD_SameSliceSerialSectioning_0#1,eval_Ta-AM-Spalled_SEM-BSE_EBSD_SameSliceSerialSectioning_0,ma_roma|direct|histmatch|s0,ma_roma,transform,10000.0,662.0,86.135,0.0662,5799.780472194495,5833.443179782053,3192.0210867515702,0.061491582009754686,662.0
eval_Ta-AM-Spalled_SEM-BSE_EBSD_SameSliceSerialSectioning_0#1,eval_Ta-AM-Spalled_SEM-BSE_EBSD_SameSliceSerialSectioning_0,ma_roma|direct|clahe|s0,ma_roma,transform,10000.0,833.0,89.628,0.0833,7504.530029590903,7538.192737178461,4222.673601713246,0.07804261923315417,833.0
eval_Ta-AM-Spalled_SEM-BSE_EBSD_SameSliceSerialSectioning_0#1,eval_Ta-AM-Spalled_SEM-BSE_EBSD_SameSliceSerialSectioning_0,ma_roma|direct|gradmag|s0,ma_roma,transform,10000.0,178.0,231.323,0.0178,1299.031368290297,1332.6940758778555,599.2363983073758,0.015387513024217673,178.0
eval_Ta-AM-Spalled_SEM-BSE_EBSD_SameSliceSerialSectioning_0#2,eval_Ta-AM-Spalled_SEM-BSE_EBSD_SameSliceSerialSectioning_0,ma_roma|direct|none|s0,ma_roma,core,10000.0,559.0,112.59,0.0559,4795.192364656084,4828.855072243642,2593.4678652034445,0.051565573220770794,559.0
eval_Ta-AM-Spalled_SEM-BSE_EBSD_SameSliceSerialSectioning_0#2,eval_Ta-AM-Spalled_SEM-BSE_EBSD_SameSliceSerialSectioning_0,ma_roma|pyramid_v2|none|s0,ma_roma,core,10000.0,559.0,112.59,0.0559,4795.192364656084,4828.855072243642,2593.4678652034445,0.051565573220770794,559.0
eval_Ta-AM-Spalled_SEM-BSE_EBSD_SameSliceSerialSectioning_0#2,eval_Ta-AM-Spalled_SEM-BSE_EBSD_SameSliceSerialSectioning_0,ma_roma|direct|invert|s0,ma_roma,transform,10000.0,287.0,85.395,0.0287,2251.8737722716905,2285.536479859249,1122.3949066676648,0.025604210083046038,287.0
eval_Ta-AM-Spalled_SEM-BSE_EBSD_SameSliceSerialSectioning_0#2,eval_Ta-AM-Spalled_SEM-BSE_EBSD_SameSliceSerialSectioning_0,ma_roma|direct|histmatch|s0,ma_roma,transform,10000.0,578.0,98.49,0.0578,4979.088396870793,5012.751104458352,2702.464272489499,0.0533936635513131,578.0
eval_Ta-AM-Spalled_SEM-BSE_EBSD_SameSliceSerialSectioning_0#2,eval_Ta-AM-Spalled_SEM-BSE_EBSD_SameSliceSerialSectioning_0,ma_roma|direct|clahe|s0,ma_roma,transform,10000.0,565.0,84.358,0.0565,4853.191976099538,4886.854683687096,2627.8149643266393,0.05214271094253023,565.0
eval_Ta-AM-Spalled_SEM-BSE_EBSD_SameSliceSerialSectioning_0#2,eval_Ta-AM-Spalled_SEM-BSE_EBSD_SameSliceSerialSectioning_0,ma_roma|direct|gradmag|s0,ma_roma,transform,10000.0,450.0,148.116,0.045,3754.1597511287555,3787.822458716314,1982.1223905775016,0.04110865767535975,450.0
eval_Ta-AM-Spalled_SEM-BSE_EBSD_SameSliceSerialSectioning_1#0,eval_Ta-AM-Spalled_SEM-BSE_EBSD_SameSliceSerialSectioning_1,ma_roma|direct|none|s0,ma_roma,core,10000.0,689.0,87.122,0.0689,6066.066364926334,6099.729072513893,3329.5713999487025,0.0640994596515586,689.0
eval_Ta-AM-Spalled_SEM-BSE_EBSD_SameSliceSerialSectioning_1#0,eval_Ta-AM-Spalled_SEM-BSE_EBSD_SameSliceSerialSectioning_1,ma_roma|pyramid_v2|none|s0,ma_roma,core,10000.0,689.0,87.122,0.0689,6066.066364926334,6099.729072513893,3329.5713999487025,0.0640994596515586,689.0
eval_Ta-AM-Spalled_SEM-BSE_EBSD_SameSliceSerialSectioning_1#0,eval_Ta-AM-Spalled_SEM-BSE_EBSD_SameSliceSerialSectioning_1,ma_roma|direct|invert|s0,ma_roma,transform,10000.0,765.0,92.062,0.0765,6821.583375289513,6855.246082877072,3783.022965347683,0.07145157089871979,765.0
eval_Ta-AM-Spalled_SEM-BSE_EBSD_SameSliceSerialSectioning_1#0,eval_Ta-AM-Spalled_SEM-BSE_EBSD_SameSliceSerialSectioning_1,ma_roma|direct|histmatch|s0,ma_roma,transform,10000.0,611.0,87.271,0.0611,5300.049646587078,5333.712354174637,2873.5691436713128,0.05657203195329297,611.0
eval_Ta-AM-Spalled_SEM-BSE_EBSD_SameSliceSerialSectioning_1#0,eval_Ta-AM-Spalled_SEM-BSE_EBSD_SameSliceSerialSectioning_1,ma_roma|direct|clahe|s0,ma_roma,transform,10000.0,772.0,59.507,0.0772,6891.593345255775,6925.256052843333,3825.2111151986915,0.07212952885436437,772.0
eval_Ta-AM-Spalled_SEM-BSE_EBSD_SameSliceSerialSectioning_1#0,eval_Ta-AM-Spalled_SEM-BSE_EBSD_SameSliceSerialSectioning_1,ma_roma|direct|gradmag|s0,ma_roma,transform,10000.0,246.0,96.855,0.0246,1887.3979715949765,1921.060679182535,911.6230900226067,0.02174161464802862,246.0
eval_Ta-AM-Spalled_SEM-BSE_EBSD_SameSliceSerialSectioning_1#1,eval_Ta-AM-Spalled_SEM-BSE_EBSD_SameSliceSerialSectioning_1,ma_roma|direct|none|s0,ma_roma,core,10000.0,584.0,104.562,0.0584,5037.299419437297,5070.962127024855,2718.131592185692,0.053971246745883626,584.0
eval_Ta-AM-Spalled_SEM-BSE_EBSD_SameSliceSerialSectioning_1#1,eval_Ta-AM-Spalled_SEM-BSE_EBSD_SameSliceSerialSectioning_1,ma_roma|pyramid_v2|none|s0,ma_roma,core,10000.0,584.0,104.562,0.0584,5037.299419437297,5070.962127024855,2718.131592185692,0.053971246745883626,584.0
eval_Ta-AM-Spalled_SEM-BSE_EBSD_SameSliceSerialSectioning_1#1,eval_Ta-AM-Spalled_SEM-BSE_EBSD_SameSliceSerialSectioning_1,ma_roma|direct|invert|s0,ma_roma,transform,10000.0,594.0,108.942,0.0594,5134.462849185514,5168.125556773072,2775.5495880845538,0.05493418764592149,594.0
eval_Ta-AM-Spalled_SEM-BSE_EBSD_SameSliceSerialSectioning_1#1,eval_Ta-AM-Spalled_SEM-BSE_EBSD_SameSliceSerialSectioning_1,ma_roma|direct|histmatch|s0,ma_roma,transform,10000.0,785.0,66.688,0.0785,7021.793805738392,7055.45651332595,3903.7424800755284,0.07338892678339692,785.0
eval_Ta-AM-Spalled_SEM-BSE_EBSD_SameSliceSerialSectioning_1#1,eval_Ta-AM-Spalled_SEM-BSE_EBSD_SameSliceSerialSectioning_1,ma_roma|direct|clahe|s0,ma_roma,transform,10000.0,601.0,116.733,0.0601,5202.583830910385,5236.246538497943,2815.8487649891817,0.05560846700111595,601.0
eval_Ta-AM-Spalled_SEM-BSE_EBSD_SameSliceSerialSectioning_1#1,eval_Ta-AM-Spalled_SEM-BSE_EBSD_SameSliceSerialSectioning_1,ma_roma|direct|gradmag|s0,ma_roma,transform,10000.0,180.0,175.938,0.018,1316.0005901929517,1349.6632977805102,602.5430076165192,0.015573227249600538,180.0
eval_Ta-AM-Spalled_SEM-BSE_EBSD_SameSliceSerialSectioning_1#2,eval_Ta-AM-Spalled_SEM-BSE_EBSD_SameSliceSerialSectioning_1,ma_roma|direct|none|s0,ma_roma,core,10000.0,482.0,109.552,0.0482,4057.172814914311,4090.8355225018695,2143.408278178289,0.044172692916622396,482.0
eval_Ta-AM-Spalled_SEM-BSE_EBSD_SameSliceSerialSectioning_1#2,eval_Ta-AM-Spalled_SEM-BSE_EBSD_SameSliceSerialSectioning_1,ma_roma|pyramid_v2|none|s0,ma_roma,core,10000.0,482.0,109.552,0.0482,4057.172814914311,4090.8355225018695,2143.408278178289,0.044172692916622396,482.0
eval_Ta-AM-Spalled_SEM-BSE_EBSD_SameSliceSerialSectioning_1#2,eval_Ta-AM-Spalled_SEM-BSE_EBSD_SameSliceSerialSectioning_1,ma_roma|direct|invert|s0,ma_roma,transform,10000.0,512.0,70.119,0.0512,4343.276722026953,4376.939429614512,2310.2759529325886,0.04704986366401762,512.0
eval_Ta-AM-Spalled_SEM-BSE_EBSD_SameSliceSerialSectioning_1#2,eval_Ta-AM-Spalled_SEM-BSE_EBSD_SameSliceSerialSectioning_1,ma_roma|direct|histmatch|s0,ma_roma,transform,10000.0,989.0,115.039,0.0989,9093.510652630182,9127.173360217741,5164.6518348764075,0.09320208250763985,989.0
eval_Ta-AM-Spalled_SEM-BSE_EBSD_SameSliceSerialSectioning_1#2,eval_Ta-AM-Spalled_SEM-BSE_EBSD_SameSliceSerialSectioning_1,ma_roma|direct|clahe|s0,ma_roma,transform,10000.0,885.0,76.597,0.0885,8030.894182529407,8064.556890116965,4515.388233732,0.08309013840825413,885.0
eval_Ta-AM-Spalled_SEM-BSE_EBSD_SameSliceSerialSectioning_1#2,eval_Ta-AM-Spalled_SEM-BSE_EBSD_SameSliceSerialSectioning_1,ma_roma|direct|gradmag|s0,ma_roma,transform,10000.0,267.0,67.176,0.0267,2073.2723262086424,2106.935033796201,1014.0325447278722,0.023717565703441686,267.0
eval_Ta-AM-Spalled_SEM-BSE_EBSD_SameSliceSerialSectioning_2#0,eval_Ta-AM-Spalled_SEM-BSE_EBSD_SameSliceSerialSectioning_2,ma_roma|direct|none|s0,ma_roma,core,10000.0,835.0,192.212,0.0835,7524.710608393277,7558.373315980835,4207.931979662371,0.07823664198443987,835.0
eval_Ta-AM-Spalled_SEM-BSE_EBSD_SameSliceSerialSectioning_2#0,eval_Ta-AM-Spalled_SEM-BSE_EBSD_SameSliceSerialSectioning_2,ma_roma|pyramid_v2|none|s0,ma_roma,core,10000.0,835.0,192.212,0.0835,7524.710608393277,7558.373315980835,4207.931979662371,0.07823664198443987,835.0
eval_Ta-AM-Spalled_SEM-BSE_EBSD_SameSliceSerialSectioning_2#0,eval_Ta-AM-Spalled_SEM-BSE_EBSD_SameSliceSerialSectioning_2,ma_roma|direct|invert|s0,ma_roma,transform,10000.0,821.0,182.481,0.0821,7383.556902134086,7417.219609721645,4122.421920109247,0.07687867848484661,821.0
eval_Ta-AM-Spalled_SEM-BSE_EBSD_SameSliceSerialSectioning_2#0,eval_Ta-AM-Spalled_SEM-BSE_EBSD_SameSliceSerialSectioning_2,ma_roma|direct|histmatch|s0,ma_roma,transform,10000.0,857.0,90.35,0.0857,7747.039289951727,7780.701997539286,4342.820642309825,0.08037149560837357,857.0
eval_Ta-AM-Spalled_SEM-BSE_EBSD_SameSliceSerialSectioning_2#0,eval_Ta-AM-Spalled_SEM-BSE_EBSD_SameSliceSerialSectioning_2,ma_roma|direct|clahe|s0,ma_roma,transform,10000.0,1124.0,122.823,0.1124,10490.834691104956,10524.497398692514,6025.411988392668,0.10635753529727687,1124.0
eval_Ta-AM-Spalled_SEM-BSE_EBSD_SameSliceSerialSectioning_2#0,eval_Ta-AM-Spalled_SEM-BSE_EBSD_SameSliceSerialSectioning_2,ma_roma|direct|gradmag|s0,ma_roma,transform,10000.0,461.0,103.326,0.0461,3858.059853561796,3891.7225611493545,2027.760660910336,0.0421613141098896,461.0
eval_Ta-AM-Spalled_SEM-BSE_EBSD_SameSliceSerialSectioning_2#1,eval_Ta-AM-Spalled_SEM-BSE_EBSD_SameSliceSerialSectioning_2,ma_roma|direct|none|s0,ma_roma,core,10000.0,474.0,116.76,0.0474,3981.2048162259252,4014.867523813484,2099.2366029933532,0.043406187289910594,474.0
eval_Ta-AM-Spalled_SEM-BSE_EBSD_SameSliceSerialSectioning_2#1,eval_Ta-AM-Spalled_SEM-BSE_EBSD_SameSliceSerialSectioning_2,ma_roma|pyramid_v2|none|s0,ma_roma,core,10000.0,474.0,116.76,0.0474,3981.2048162259252,4014.867523813484,2099.2366029933532,0.043406187289910594,474.0
eval_Ta-AM-Spalled_SEM-BSE_EBSD_SameSliceSerialSectioning_2#1,eval_Ta-AM-Spalled_SEM-BSE_EBSD_SameSliceSerialSectioning_2,ma_roma|direct|invert|s0,ma_roma,transform,10000.0,454.0,146.307,0.0454,3791.909403702715,3825.5721112902734,1989.4319885809425,0.04149136628670678,454.0
eval_Ta-AM-Spalled_SEM-BSE_EBSD_SameSliceSerialSectioning_2#1,eval_Ta-AM-Spalled_SEM-BSE_EBSD_SameSliceSerialSectioning_2,ma_roma|direct|histmatch|s0,ma_roma,transform,10000.0,585.0,153.147,0.0585,5047.007633340716,5080.6703409282745,2723.8652627916404,0.05406752392995941,585.0
eval_Ta-AM-Spalled_SEM-BSE_EBSD_SameSliceSerialSectioning_2#1,eval_Ta-AM-Spalled_SEM-BSE_EBSD_SameSliceSerialSectioning_2,ma_roma|direct|clahe|s0,ma_roma,transform,10000.0,633.0,120.98,0.0633,5515.083905486566,5548.746613074125,3001.1634352096567,0.058693115848755896,633.0
eval_Ta-AM-Spalled_SEM-BSE_EBSD_SameSliceSerialSectioning_2#1,eval_Ta-AM-Spalled_SEM-BSE_EBSD_SameSliceSerialSectioning_2,ma_roma|direct|gradmag|s0,ma_roma,transform,10000.0,186.0,127.368,0.0186,1367.04269995838,1400.7054075459384,629.7381764056812,0.016130861024283946,186.0
eval_Ta-AM-Spalled_SEM-BSE_EBSD_SameSliceSerialSectioning_2#2,eval_Ta-AM-Spalled_SEM-BSE_EBSD_SameSliceSerialSectioning_2,ma_roma|direct|none|s0,ma_roma,core,10000.0,840.0,120.192,0.084,7575.184885503629,7608.847593091187,4238.533525480917,0.07872173922489445,840.0
eval_Ta-AM-Spalled_SEM-BSE_EBSD_SameSliceSerialSectioning_2#2,eval_Ta-AM-Spalled_SEM-BSE_EBSD_SameSliceSerialSectioning_2,ma_roma|pyramid_v2|none|s0,ma_roma,core,10000.0,840.0,120.192,0.084,7575.184885503629,7608.847593091187,4238.533525480917,0.07872173922489445,840.0
eval_Ta-AM-Spalled_SEM-BSE_EBSD_SameSliceSerialSectioning_2#2,eval_Ta-AM-Spalled_SEM-BSE_EBSD_SameSliceSerialSectioning_2,ma_roma|direct|invert|s0,ma_roma,transform,10000.0,621.0,248.113,0.0621,5397.689651977976,5431.352359565534,2931.4637103379505,0.05753595265242093,621.0
eval_Ta-AM-Spalled_SEM-BSE_EBSD_SameSliceSerialSectioning_2#2,eval_Ta-AM-Spalled_SEM-BSE_EBSD_SameSliceSerialSectioning_2,ma_roma|direct|histmatch|s0,ma_roma,transform,10000.0,816.0,79.919,0.0816,7333.207652477947,7366.870360065505,4091.9454010846403,0.0763938032587989,816.0
eval_Ta-AM-Spalled_SEM-BSE_EBSD_SameSliceSerialSectioning_2#2,eval_Ta-AM-Spalled_SEM-BSE_EBSD_SameSliceSerialSectioning_2,ma_roma|direct|clahe|s0,ma_roma,transform,10000.0,761.0,149.343,0.0761,6781.608762672696,6815.271470260254,3758.9465354607905,0.0710642235407037,761.0
eval_Ta-AM-Spalled_SEM-BSE_EBSD_SameSliceSerialSectioning_2#2,eval_Ta-AM-Spalled_SEM-BSE_EBSD_SameSliceSerialSectioning_2,ma_roma|direct|gradmag|s0,ma_roma,transform,10000.0,359.0,89.276,0.0359,2906.090195223896,2939.7529028114545,1481.1937922278614,0.03242822725070217,359.0
eval_Ti3AlC2-MAX-Phase_TEM_DislocationCharacterization_0#0,eval_Ti3AlC2-MAX-Phase_TEM_DislocationCharacterization_0,ma_roma|direct|none|s0,ma_roma,core,10000.0,9913.0,2.045,0.9913,66973.03001485768,67006.69272244524,66939.1397125851,0.9892817752639147,9913.0
eval_Ti3AlC2-MAX-Phase_TEM_DislocationCharacterization_0#0,eval_Ti3AlC2-MAX-Phase_TEM_DislocationCharacterization_0,ma_roma|pyramid_v2|none|s0,ma_roma,core,10000.0,9913.0,2.045,0.9913,66973.03001485768,67006.69272244524,66939.1397125851,0.9892817752639147,9913.0
eval_Ti3AlC2-MAX-Phase_TEM_DislocationCharacterization_0#0,eval_Ti3AlC2-MAX-Phase_TEM_DislocationCharacterization_0,ma_roma|direct|invert|s0,ma_roma,transform,10000.0,9645.0,2.17,0.9645,64114.75564122272,64148.41834881028,64081.78259271302,0.9606912301502475,9645.0
eval_Ti3AlC2-MAX-Phase_TEM_DislocationCharacterization_0#0,eval_Ti3AlC2-MAX-Phase_TEM_DislocationCharacterization_0,ma_roma|direct|histmatch|s0,ma_roma,transform,10000.0,9947.0,2.074,0.9947,67373.0750855813,67406.73779316885,67339.06841529362,0.9930745948998293,9947.0
eval_Ti3AlC2-MAX-Phase_TEM_DislocationCharacterization_0#0,eval_Ti3AlC2-MAX-Phase_TEM_DislocationCharacterization_0,ma_roma|direct|clahe|s0,ma_roma,transform,10000.0,9820.0,2.021,0.982,65938.0918584926,65971.75456608016,65904.51985696676,0.9792030528202682,9820.0
eval_Ti3AlC2-MAX-Phase_TEM_DislocationCharacterization_0#0,eval_Ti3AlC2-MAX-Phase_TEM_DislocationCharacterization_0,ma_roma|direct|gradmag|s0,ma_roma,transform,10000.0,9663.0,2.255,0.9663,64297.20060212421,64330.86330971177,64264.16594701869,0.9625802207422883,9663.0
eval_Ti3AlC2-MAX-Phase_TEM_DislocationCharacterization_0#1,eval_Ti3AlC2-MAX-Phase_TEM_DislocationCharacterization_0,ma_roma|direct|none|s0,ma_roma,core,10000.0,9988.0,1.822,0.9988,67923.39966640586,67957.06237399342,67889.36901416391,0.997903527544183,9988.0
eval_Ti3AlC2-MAX-Phase_TEM_DislocationCharacterization_0#1,eval_Ti3AlC2-MAX-Phase_TEM_DislocationCharacterization_0,ma_roma|pyramid_v2|none|s0,ma_roma,core,10000.0,9988.0,1.822,0.9988,67923.39966640586,67957.06237399342,67889.36901416391,0.997903527544183,9988.0
eval_Ti3AlC2-MAX-Phase_TEM_DislocationCharacterization_0#1,eval_Ti3AlC2-MAX-Phase_TEM_DislocationCharacterization_0,ma_roma|direct|invert|s0,ma_roma,transform,10000.0,9999.0,1.909,0.9999,68079.64976204494,68113.3124696325,68045.58158974332,0.9994337311025987,9999.0
eval_Ti3AlC2-MAX-Phase_TEM_DislocationCharacterization_0#1,eval_Ti3AlC2-MAX-Phase_TEM_DislocationCharacterization_0,ma_roma|direct|histmatch|s0,ma_roma,transform,10000.0,10000.0,1.816,1.0,68095.67193592357,68129.33464351113,68061.60035270742,0.9996160016293233,10000.0
eval_Ti3AlC2-MAX-Phase_TEM_DislocationCharacterization_0#1,eval_Ti3AlC2-MAX-Phase_TEM_DislocationCharacterization_0,ma_roma|direct|clahe|s0,ma_roma,transform,10000.0,9935.0,1.829,0.9935,67263.78166916793,67297.44437675549,67229.93179539517,0.991724408237974,9935.0
eval_Ti3AlC2-MAX-Phase_TEM_DislocationCharacterization_0#1,eval_Ti3AlC2-MAX-Phase_TEM_DislocationCharacterization_0,ma_roma|direct|gradmag|s0,ma_roma,transform,10000.0,9808.0,1.739,0.9808,65842.24720034817,65875.90990793573,65808.83051271769,0.9779199518220696,9808.0
eval_Ti3AlC2-MAX-Phase_TEM_DislocationCharacterization_0#2,eval_Ti3AlC2-MAX-Phase_TEM_DislocationCharacterization_0,ma_roma|direct|none|s0,ma_roma,core,10000.0,9990.0,1.263,0.999,67916.5216370642,67950.18434465176,67916.5216370642,0.9981600556125619,9990.0
eval_Ti3AlC2-MAX-Phase_TEM_DislocationCharacterization_0#2,eval_Ti3AlC2-MAX-Phase_TEM_DislocationCharacterization_0,ma_roma|pyramid_v2|none|s0,ma_roma,core,10000.0,9990.0,1.263,0.999,67916.5216370642,67950.18434465176,67916.5216370642,0.9981600556125619,9990.0
eval_Ti3AlC2-MAX-Phase_TEM_DislocationCharacterization_0#2,eval_Ti3AlC2-MAX-Phase_TEM_DislocationCharacterization_0,ma_roma|direct|invert|s0,ma_roma,transform,10000.0,9996.0,1.235,0.9996,68000.70395475125,68034.36666233881,68000.70395475125,0.9989718716646431,9996.0
eval_Ti3AlC2-MAX-Phase_TEM_DislocationCharacterization_0#2,eval_Ti3AlC2-MAX-Phase_TEM_DislocationCharacterization_0,ma_roma|direct|histmatch|s0,ma_roma,transform,10000.0,9998.0,1.264,0.9998,68030.25607396477,68063.91878155233,68030.25607396477,0.9992710041559925,9998.0
eval_Ti3AlC2-MAX-Phase_TEM_DislocationCharacterization_0#2,eval_Ti3AlC2-MAX-Phase_TEM_DislocationCharacterization_0,ma_roma|direct|clahe|s0,ma_roma,transform,10000.0,9995.0,1.291,0.9995,67986.29502977955,68019.9577373671,67986.29502977955,0.998829974053858,9995.0
eval_Ti3AlC2-MAX-Phase_TEM_DislocationCharacterization_0#2,eval_Ti3AlC2-MAX-Phase_TEM_DislocationCharacterization_0,ma_roma|direct|gradmag|s0,ma_roma,transform,10000.0,9993.0,1.333,0.9993,67957.99627377448,67991.65898136204,67957.99627377448,0.9985556655587302,9993.0
eval_X2CrNi12-Ferritic_SEM-SE-Stitch_EBSD_Fatigue-SameSlice_0#0,eval_X2CrNi12-Ferritic_SEM-SE-Stitch_EBSD_Fatigue-SameSlice_0,ma_roma|direct|none|s0,ma_roma,core,10000.0,4181.0,8.827,0.4181,46366.486597316994,46400.14930490455,46410.362638620245,0.4084657953020974,4181.0
eval_X2CrNi12-Ferritic_SEM-SE-Stitch_EBSD_Fatigue-SameSlice_0#0,eval_X2CrNi12-Ferritic_SEM-SE-Stitch_EBSD_Fatigue-SameSlice_0,ma_roma|pyramid_v2|none|s0,ma_roma,core,10000.0,4181.0,8.827,0.4181,46366.486597316994,46400.14930490455,46410.362638620245,0.4084657953020974,4181.0
eval_X2CrNi12-Ferritic_SEM-SE-Stitch_EBSD_Fatigue-SameSlice_0#0,eval_X2CrNi12-Ferritic_SEM-SE-Stitch_EBSD_Fatigue-SameSlice_0,ma_roma|direct|invert|s0,ma_roma,transform,10000.0,4608.0,9.477,0.4608,51694.93301237003,51728.595719957586,51743.290087539324,0.4510472611741807,4608.0
eval_X2CrNi12-Ferritic_SEM-SE-Stitch_EBSD_Fatigue-SameSlice_0#0,eval_X2CrNi12-Ferritic_SEM-SE-Stitch_EBSD_Fatigue-SameSlice_0,ma_roma|direct|histmatch|s0,ma_roma,transform,10000.0,4116.0,8.892,0.4116,45561.890749361875,45595.553456949434,45605.084666072056,0.4019902964238029,4116.0
eval_X2CrNi12-Ferritic_SEM-SE-Stitch_EBSD_Fatigue-SameSlice_0#0,eval_X2CrNi12-Ferritic_SEM-SE-Stitch_EBSD_Fatigue-SameSlice_0,ma_roma|direct|clahe|s0,ma_roma,transform,10000.0,4044.0,8.89,0.4044,44672.682778709415,44706.345486296974,44715.121111255015,0.39481946318688416,4044.0
eval_X2CrNi12-Ferritic_SEM-SE-Stitch_EBSD_Fatigue-SameSlice_0#0,eval_X2CrNi12-Ferritic_SEM-SE-Stitch_EBSD_Fatigue-SameSlice_0,ma_roma|direct|gradmag|s0,ma_roma,transform,10000.0,4244.0,9.032,0.4244,47147.98286628137,47181.645573868926,47192.5200437287,0.41474369360232943,4244.0
eval_X2CrNi12-Ferritic_SEM-SE-Stitch_EBSD_Fatigue-SameSlice_0#1,eval_X2CrNi12-Ferritic_SEM-SE-Stitch_EBSD_Fatigue-SameSlice_0,ma_roma|direct|none|s0,ma_roma,core,10000.0,3051.0,24.454,0.3051,32667.690291310017,32701.352998897575,25101.218001241985,0.2961516141469792,3051.0
eval_X2CrNi12-Ferritic_SEM-SE-Stitch_EBSD_Fatigue-SameSlice_0#1,eval_X2CrNi12-Ferritic_SEM-SE-Stitch_EBSD_Fatigue-SameSlice_0,ma_roma|pyramid_v2|none|s0,ma_roma,core,10000.0,3051.0,24.454,0.3051,32667.690291310017,32701.352998897575,25101.218001241985,0.2961516141469792,3051.0
eval_X2CrNi12-Ferritic_SEM-SE-Stitch_EBSD_Fatigue-SameSlice_0#1,eval_X2CrNi12-Ferritic_SEM-SE-Stitch_EBSD_Fatigue-SameSlice_0,ma_roma|direct|invert|s0,ma_roma,transform,10000.0,2415.0,19.764,0.2415,25192.758084306475,25226.420791894034,19203.631493076005,0.2332117841718535,2415.0
eval_X2CrNi12-Ferritic_SEM-SE-Stitch_EBSD_Fatigue-SameSlice_0#1,eval_X2CrNi12-Ferritic_SEM-SE-Stitch_EBSD_Fatigue-SameSlice_0,ma_roma|direct|histmatch|s0,ma_roma,transform,10000.0,2453.0,23.743,0.2453,25633.51304702064,25667.175754608197,19550.14253079379,0.2369658187645011,2453.0
eval_X2CrNi12-Ferritic_SEM-SE-Stitch_EBSD_Fatigue-SameSlice_0#1,eval_X2CrNi12-Ferritic_SEM-SE-Stitch_EBSD_Fatigue-SameSlice_0,ma_roma|direct|clahe|s0,ma_roma,transform,10000.0,2948.0,23.912,0.2948,31443.501063494914,31477.163771082473,24132.479414148886,0.2859436542285109,2948.0
eval_X2CrNi12-Ferritic_SEM-SE-Stitch_EBSD_Fatigue-SameSlice_0#1,eval_X2CrNi12-Ferritic_SEM-SE-Stitch_EBSD_Fatigue-SameSlice_0,ma_roma|direct|gradmag|s0,ma_roma,transform,10000.0,2563.0,27.543,0.2563,26913.750732593602,26947.41344018116,20557.568854189,0.24783771657945147,2563.0
eval_X2CrNi12-Ferritic_SEM-SE-Stitch_EBSD_Fatigue-SameSlice_0#2,eval_X2CrNi12-Ferritic_SEM-SE-Stitch_EBSD_Fatigue-SameSlice_0,ma_roma|direct|none|s0,ma_roma,core,10000.0,2300.0,23.485,0.23,23863.732174856945,23897.394882444503,18159.81746148818,0.22185644603010404,2300.0
eval_X2CrNi12-Ferritic_SEM-SE-Stitch_EBSD_Fatigue-SameSlice_0#2,eval_X2CrNi12-Ferritic_SEM-SE-Stitch_EBSD_Fatigue-SameSlice_0,ma_roma|pyramid_v2|none|s0,ma_roma,core,10000.0,2300.0,23.485,0.23,23863.732174856945,23897.394882444503,18159.81746148818,0.22185644603010404,2300.0
eval_X2CrNi12-Ferritic_SEM-SE-Stitch_EBSD_Fatigue-SameSlice_0#2,eval_X2CrNi12-Ferritic_SEM-SE-Stitch_EBSD_Fatigue-SameSlice_0,ma_roma|direct|invert|s0,ma_roma,transform,10000.0,2163.0,27.339,0.2163,22290.22886130467,22323.891568892228,16926.088297156693,0.20834016801208716,2163.0
eval_X2CrNi12-Ferritic_SEM-SE-Stitch_EBSD_Fatigue-SameSlice_0#2,eval_X2CrNi12-Ferritic_SEM-SE-Stitch_EBSD_Fatigue-SameSlice_0,ma_roma|direct|histmatch|s0,ma_roma,transform,10000.0,2277.0,26.299,0.2277,23598.814799130465,23632.477506718024,17951.942461253035,0.21958640678987437,2277.0
eval_X2CrNi12-Ferritic_SEM-SE-Stitch_EBSD_Fatigue-SameSlice_0#2,eval_X2CrNi12-Ferritic_SEM-SE-Stitch_EBSD_Fatigue-SameSlice_0,ma_roma|direct|clahe|s0,ma_roma,transform,10000.0,2467.0,27.018,0.2467,25796.09347908513,25829.75618667269,19678.0015167909,0.23834910862850422,2467.0
eval_X2CrNi12-Ferritic_SEM-SE-Stitch_EBSD_Fatigue-SameSlice_0#2,eval_X2CrNi12-Ferritic_SEM-SE-Stitch_EBSD_Fatigue-SameSlice_0,ma_roma|direct|gradmag|s0,ma_roma,transform,10000.0,181.0,100.162,0.0181,1369.0197257366744,1402.682433324233,920.4423613085714,0.01566611546957212,181.0
eval_X2CrNi12-Ferritic_SEM-SE-Stitch_EBSD_Fatigue-SameSlice_0#3,eval_X2CrNi12-Ferritic_SEM-SE-Stitch_EBSD_Fatigue-SameSlice_0,ma_roma|direct|none|s0,ma_roma,core,10000.0,2559.0,27.325,0.2559,26840.229913773397,26873.892621360956,20520.822857715397,0.24744224823808544,2559.0
eval_X2CrNi12-Ferritic_SEM-SE-Stitch_EBSD_Fatigue-SameSlice_0#3,eval_X2CrNi12-Ferritic_SEM-SE-Stitch_EBSD_Fatigue-SameSlice_0,ma_roma|pyramid_v2|none|s0,ma_roma,core,10000.0,2559.0,27.325,0.2559,26840.229913773397,26873.892621360956,20520.822857715397,0.24744224823808544,2559.0
eval_X2CrNi12-Ferritic_SEM-SE-Stitch_EBSD_Fatigue-SameSlice_0#3,eval_X2CrNi12-Ferritic_SEM-SE-Stitch_EBSD_Fatigue-SameSlice_0,ma_roma|direct|invert|s0,ma_roma,transform,10000.0,2336.0,29.881,0.2336,24254.4700362129,24288.13274380046,18485.785801737868,0.22541024721610486,2336.0
eval_X2CrNi12-Ferritic_SEM-SE-Stitch_EBSD_Fatigue-SameSlice_0#3,eval_X2CrNi12-Ferritic_SEM-SE-Stitch_EBSD_Fatigue-SameSlice_0,ma_roma|direct|histmatch|s0,ma_roma,transform,10000.0,2156.0,26.581,0.2156,22187.498742642976,22221.161450230535,16863.34413812399,0.20764990142132492,2156.0
eval_X2CrNi12-Ferritic_SEM-SE-Stitch_EBSD_Fatigue-SameSlice_0#3,eval_X2CrNi12-Ferritic_SEM-SE-Stitch_EBSD_Fatigue-SameSlice_0,ma_roma|direct|clahe|s0,ma_roma,transform,10000.0,2394.0,26.606,0.2394,24924.397716319072,24958.06042390663,19012.476156266814,0.23113757207821936,2394.0
eval_X2CrNi12-Ferritic_SEM-SE-Stitch_EBSD_Fatigue-SameSlice_0#3,eval_X2CrNi12-Ferritic_SEM-SE-Stitch_EBSD_Fatigue-SameSlice_0,ma_roma|direct|gradmag|s0,ma_roma,transform,10000.0,1786.0,37.474,0.1786,18000.353655321793,18034.01636290935,13589.954393973674,0.17121684821235614,1786.0
eval_X2CrNi12-Ferritic_SEM-SE-Stitch_EBSD_Fatigue-SameSlice_0#4,eval_X2CrNi12-Ferritic_SEM-SE-Stitch_EBSD_Fatigue-SameSlice_0,ma_roma|direct|none|s0,ma_roma,core,10000.0,2181.0,33.92,0.2181,22473.45779554533,22507.12050313289,17087.56296475731,0.21011529678793353,2181.0
eval_X2CrNi12-Ferritic_SEM-SE-Stitch_EBSD_Fatigue-SameSlice_0#4,eval_X2CrNi12-Ferritic_SEM-SE-Stitch_EBSD_Fatigue-SameSlice_0,ma_roma|pyramid_v2|none|s0,ma_roma,core,10000.0,2181.0,33.92,0.2181,22473.45779554533,22507.12050313289,17087.56296475731,0.21011529678793353,2181.0
eval_X2CrNi12-Ferritic_SEM-SE-Stitch_EBSD_Fatigue-SameSlice_0#4,eval_X2CrNi12-Ferritic_SEM-SE-Stitch_EBSD_Fatigue-SameSlice_0,ma_roma|direct|invert|s0,ma_roma,transform,10000.0,2090.0,34.054,0.209,21434.350523839657,21468.013231427216,16273.190116473867,0.2011433865272468,2090.0
eval_X2CrNi12-Ferritic_SEM-SE-Stitch_EBSD_Fatigue-SameSlice_0#4,eval_X2CrNi12-Ferritic_SEM-SE-Stitch_EBSD_Fatigue-SameSlice_0,ma_roma|direct|histmatch|s0,ma_roma,transform,10000.0,2523.0,25.884,0.2523,26420.989121021143,26454.6518286087,20190.48799146128,0.24388345918964266,2523.0
eval_X2CrNi12-Ferritic_SEM-SE-Stitch_EBSD_Fatigue-SameSlice_0#4,eval_X2CrNi12-Ferritic_SEM-SE-Stitch_EBSD_Fatigue-SameSlice_0,ma_roma|direct|clahe|s0,ma_roma,transform,10000.0,2258.0,34.898,0.2258,23356.50112445816,23390.163832045717,17780.446396523002,0.21771142172388963,2258.0
eval_X2CrNi12-Ferritic_SEM-SE-Stitch_EBSD_Fatigue-SameSlice_0#4,eval_X2CrNi12-Ferritic_SEM-SE-Stitch_EBSD_Fatigue-SameSlice_0,ma_roma|direct|gradmag|s0,ma_roma,transform,10000.0,367.0,33.488,0.0367,3066.202497223133,3099.8652048106915,2160.1778792734763,0.033189114320119714,367.0
eval_5842WCu-Spalled_SEM-SE_SEM-BSE_Multiscale_0#0,eval_5842WCu-Spalled_SEM-SE_SEM-BSE_Multiscale_0,roma|direct|none|s0,roma,core,10000.0,2126.0,2.971,0.2126,12504.148956526446,12537.811664114004,18396.889124947418,0.2046920082467168,2126.0
eval_5842WCu-Spalled_SEM-SE_SEM-BSE_Multiscale_0#0,eval_5842WCu-Spalled_SEM-SE_SEM-BSE_Multiscale_0,roma|pyramid_v2|none|s0,roma,core,10000.0,7237.0,1.915,0.7237,54346.40426628422,54380.06697387178,74411.00282369484,0.71485104963149,7237.0
eval_5842WCu-Spalled_SEM-SE_SEM-BSE_Multiscale_0#0,eval_5842WCu-Spalled_SEM-SE_SEM-BSE_Multiscale_0,roma|direct|invert|s0,roma,transform,10000.0,373.0,560.745,0.0373,1486.1576629530193,1519.8203705405779,2518.15757483762,0.03376008880295819,373.0
eval_5842WCu-Spalled_SEM-SE_SEM-BSE_Multiscale_0#0,eval_5842WCu-Spalled_SEM-SE_SEM-BSE_Multiscale_0,roma|direct|histmatch|s0,roma,transform,10000.0,2280.0,33.721,0.228,13591.959307689649,13625.622015277208,19911.71296462607,0.21988247902701694,2280.0
eval_5842WCu-Spalled_SEM-SE_SEM-BSE_Multiscale_0#0,eval_5842WCu-Spalled_SEM-SE_SEM-BSE_Multiscale_0,roma|direct|clahe|s0,roma,transform,10000.0,1408.0,6.409,0.1408,7634.416758621376,7668.079466208935,11536.276065178938,0.13412079451422496,1408.0
eval_5842WCu-Spalled_SEM-SE_SEM-BSE_Multiscale_0#0,eval_5842WCu-Spalled_SEM-SE_SEM-BSE_Multiscale_0,roma|direct|gradmag|s0,roma,transform,10000.0,2910.0,78.084,0.291,18176.493928337124,18210.156635924683,26243.121026756144,0.28217898604157404,2910.0
eval_AF9628-Martensitic_SEM-SE-Stitch_EBSD_SameSlice_0#0,eval_AF9628-Martensitic_SEM-SE-Stitch_EBSD_SameSlice_0,roma|direct|none|s0,roma,core,10000.0,3040.0,8.895,0.304,28419.17972630445,28452.84243389201,34570.48088374882,0.29506118713988244,3040.0
eval_AF9628-Martensitic_SEM-SE-Stitch_EBSD_SameSlice_0#0,eval_AF9628-Martensitic_SEM-SE-Stitch_EBSD_SameSlice_0,roma|pyramid_v2|none|s0,roma,core,10000.0,3040.0,8.895,0.304,28419.17972630445,28452.84243389201,34570.48088374882,0.29506118713988244,3040.0
eval_AF9628-Martensitic_SEM-SE-Stitch_EBSD_SameSlice_0#0,eval_AF9628-Martensitic_SEM-SE-Stitch_EBSD_SameSlice_0,roma|direct|invert|s0,roma,transform,10000.0,7655.0,5.468,0.7655,81625.69571120795,81659.35841879551,97115.3892585271,0.7570949257885037,7655.0
eval_AF9628-Martensitic_SEM-SE-Stitch_EBSD_SameSlice_0#0,eval_AF9628-Martensitic_SEM-SE-Stitch_EBSD_SameSlice_0,roma|direct|histmatch|s0,roma,transform,10000.0,1810.0,32.704,0.181,15836.741399414515,15870.404107002074,19499.153594473784,0.17357673245630922,1810.0
eval_AF9628-Martensitic_SEM-SE-Stitch_EBSD_SameSlice_0#0,eval_AF9628-Martensitic_SEM-SE-Stitch_EBSD_SameSlice_0,roma|direct|clahe|s0,roma,transform,10000.0,1459.0,16.65,0.1459,12416.615862969471,12450.27857055703,15368.784141469836,0.13911717690412845,1459.0
eval_AF9628-Martensitic_SEM-SE-Stitch_EBSD_SameSlice_0#0,eval_AF9628-Martensitic_SEM-SE-Stitch_EBSD_SameSlice_0,roma|direct|gradmag|s0,roma,transform,10000.0,7821.0,5.463,0.7821,83718.66964420919,83752.33235179675,99544.26202982005,0.7739013972163634,7821.0
eval_AF9628-Martensitic_SEM-SE-Stitch_EBSD_SameSlice_0#1,eval_AF9628-Martensitic_SEM-SE-Stitch_EBSD_SameSlice_0,roma|direct|none|s0,roma,core,10000.0,79.0,709.984,0.0079,407.3217841708275,440.98449175838607,567.0792053272922,0.006343878268779696,79.0
eval_AF9628-Martensitic_SEM-SE-Stitch_EBSD_SameSlice_0#1,eval_AF9628-Martensitic_SEM-SE-Stitch_EBSD_SameSlice_0,roma|pyramid_v2|none|s0,roma,core,10000.0,79.0,709.984,0.0079,407.3217841708275,440.98449175838607,567.0792053272922,0.006343878268779696,79.0
eval_AF9628-Martensitic_SEM-SE-Stitch_EBSD_SameSlice_0#1,eval_AF9628-Martensitic_SEM-SE-Stitch_EBSD_SameSlice_0,roma|direct|invert|s0,roma,transform,10000.0,1465.0,27.212,0.1465,12474.299235152906,12507.961942740465,15438.608435250819,0.13970517933802817,1465.0
eval_AF9628-Martensitic_SEM-SE-Stitch_EBSD_SameSlice_0#1,eval_AF9628-Martensitic_SEM-SE-Stitch_EBSD_SameSlice_0,roma|direct|histmatch|s0,roma,transform,10000.0,134.0,730.828,0.0134,783.5361167306546,817.1988243182132,1054.5848154643015,0.011325981720013405,134.0
eval_AF9628-Martensitic_SEM-SE-Stitch_EBSD_SameSlice_0#1,eval_AF9628-Martensitic_SEM-SE-Stitch_EBSD_SameSlice_0,roma|direct|clahe|s0,roma,transform,10000.0,151.0,969.989,0.0151,904.9936082289826,938.6563158165411,1210.4415032788106,0.01288922549293397,151.0
eval_AF9628-Martensitic_SEM-SE-Stitch_EBSD_SameSlice_0#1,eval_AF9628-Martensitic_SEM-SE-Stitch_EBSD_SameSlice_0,roma|direct|gradmag|s0,roma,transform,10000.0,235.0,1336.899,0.0235,1530.3526618313674,1564.015369418926,2005.773230476322,0.020708857111790654,235.0
eval_AF9628-Martensitic_SEM-SE-Stitch_EBSD_SameSlice_0#2,eval_AF9628-Martensitic_SEM-SE-Stitch_EBSD_SameSlice_0,roma|direct|none|s0,roma,core,10000.0,1461.0,5.225,0.1461,12435.84044958136,12469.503157168918,15392.05570194732,0.13931317327509773,1461.0
eval_AF9628-Martensitic_SEM-SE-Stitch_EBSD_SameSlice_0#2,eval_AF9628-Martensitic_SEM-SE-Stitch_EBSD_SameSlice_0,roma|pyramid_v2|none|s0,roma,core,10000.0,1461.0,5.225,0.1461,12435.84044958136,12469.503157168918,15392.05570194732,0.13931317327509773,1461.0
eval_AF9628-Martensitic_SEM-SE-Stitch_EBSD_SameSlice_0#2,eval_AF9628-Martensitic_SEM-SE-Stitch_EBSD_SameSlice_0,roma|direct|invert|s0,roma,transform,10000.0,2644.0,18.733,0.2644,24279.38178795607,24313.04449554363,29629.38210647874,0.25584795639494406,2644.0
eval_AF9628-Martensitic_SEM-SE-Stitch_EBSD_SameSlice_0#2,eval_AF9628-Martensitic_SEM-SE-Stitch_EBSD_SameSlice_0,roma|direct|histmatch|s0,roma,transform,10000.0,1165.0,6.435,0.1165,9627.668169128772,9661.33087671633,11984.931292858879,0.11035872023710812,1165.0
eval_AF9628-Martensitic_SEM-SE-Stitch_EBSD_SameSlice_0#2,eval_AF9628-Martensitic_SEM-SE-Stitch_EBSD_SameSlice_0,roma|direct|clahe|s0,roma,transform,10000.0,402.0,76.334,0.0402,2858.6461744856015,2892.30888207316,3671.98889425555,0.036523336260578264,402.0
eval_AF9628-Martensitic_SEM-SE-Stitch_EBSD_SameSlice_0#2,eval_AF9628-Martensitic_SEM-SE-Stitch_EBSD_SameSlice_0,roma|direct|gradmag|s0,roma,transform,10000.0,52.0,1187.198,0.0052,235.67888330913354,269.3415908966921,340.80278953298654,0.003967852921628256,52.0
eval_AF9628-Martensitic_SEM-SE-Stitch_EBSD_SameSlice_1#0,eval_AF9628-Martensitic_SEM-SE-Stitch_EBSD_SameSlice_1,roma|direct|none|s0,roma,core,10000.0,6925.0,4.75,0.6925,72474.75119792433,72508.41390551189,84743.01915853625,0.6833830986612364,6925.0
eval_AF9628-Martensitic_SEM-SE-Stitch_EBSD_SameSlice_1#0,eval_AF9628-Martensitic_SEM-SE-Stitch_EBSD_SameSlice_1,roma|pyramid_v2|none|s0,roma,core,10000.0,6925.0,4.75,0.6925,72474.75119792433,72508.41390551189,84743.01915853625,0.6833830986612364,6925.0
eval_AF9628-Martensitic_SEM-SE-Stitch_EBSD_SameSlice_1#0,eval_AF9628-Martensitic_SEM-SE-Stitch_EBSD_SameSlice_1,roma|direct|invert|s0,roma,transform,10000.0,8516.0,4.507,0.8516,92521.3424420072,92555.00514959476,107608.23394331094,0.8444974213340046,8516.0
eval_AF9628-Martensitic_SEM-SE-Stitch_EBSD_SameSlice_1#0,eval_AF9628-Martensitic_SEM-SE-Stitch_EBSD_SameSlice_1,roma|direct|histmatch|s0,roma,transform,10000.0,5197.0,5.593,0.5197,52090.301966726074,52123.96467431363,61297.236504685614,0.5099021020423035,5197.0
eval_AF9628-Martensitic_SEM-SE-Stitch_EBSD_SameSlice_1#0,eval_AF9628-Martensitic_SEM-SE-Stitch_EBSD_SameSlice_1,roma|direct|clahe|s0,roma,transform,10000.0,6960.0,5.106,0.696,72901.08276874923,72934.74547633679,85231.35690403354,0.6869106597785772,6960.0
eval_AF9628-Martensitic_SEM-SE-Stitch_EBSD_SameSlice_1#0,eval_AF9628-Martensitic_SEM-SE-Stitch_EBSD_SameSlice_1,roma|direct|gradmag|s0,roma,transform,10000.0,8972.0,4.424,0.8972,98589.08322633365,98622.74593392121,114483.8266037069,0.8910943033499872,8972.0
eval_AF9628-Martensitic_SEM-SE-Stitch_EBSD_SameSlice_1#1,eval_AF9628-Martensitic_SEM-SE-Stitch_EBSD_SameSlice_1,roma|direct|none|s0,roma,core,10000.0,1568.0,76.879,0.1568,13441.643722843712,13475.30643043127,16219.423785493058,0.14980527180138775,1568.0
eval_AF9628-Martensitic_SEM-SE-Stitch_EBSD_SameSlice_1#1,eval_AF9628-Martensitic_SEM-SE-Stitch_EBSD_SameSlice_1,roma|pyramid_v2|none|s0,roma,core,10000.0,1568.0,76.879,0.1568,13441.643722843712,13475.30643043127,16219.423785493058,0.14980527180138775,1568.0
eval_AF9628-Martensitic_SEM-SE-Stitch_EBSD_SameSlice_1#1,eval_AF9628-Martensitic_SEM-SE-Stitch_EBSD_SameSlice_1,roma|direct|invert|s0,roma,transform,10000.0,2483.0,12.111,0.2483,22575.716912651482,22609.37962023904,26974.515520884033,0.2399301579668238,2483.0
eval_AF9628-Martensitic_SEM-SE-Stitch_EBSD_SameSlice_1#1,eval_AF9628-Martensitic_SEM-SE-Stitch_EBSD_SameSlice_1,roma|direct|histmatch|s0,roma,transform,10000.0,2821.0,5.613,0.2821,26071.090491299543,26104.7531988871,31068.6915823867,0.27336470540275576,2821.0
eval_AF9628-Martensitic_SEM-SE-Stitch_EBSD_SameSlice_1#1,eval_AF9628-Martensitic_SEM-SE-Stitch_EBSD_SameSlice_1,roma|direct|clahe|s0,roma,transform,10000.0,2605.0,5.974,0.2605,23830.570870873064,23864.233578460622,28445.505286387113,0.2519906997864387,2605.0
eval_AF9628-Martensitic_SEM-SE-Stitch_EBSD_SameSlice_1#1,eval_AF9628-Martensitic_SEM-SE-Stitch_EBSD_SameSlice_1,roma|direct|gradmag|s0,roma,transform,10000.0,878.0,56.139,0.0878,6971.42686554306,7005.089573130618,8526.799531616372,0.08241031794150065,878.0
eval_AF9628-Martensitic_SEM-SE-Stitch_EBSD_SameSlice_1#2,eval_AF9628-Martensitic_SEM-SE-Stitch_EBSD_SameSlice_1,roma|direct|none|s0,roma,core,10000.0,8106.0,4.425,0.8106,87209.17926889625,87242.8419764838,101569.71272378937,0.8028016293174715,8106.0
eval_AF9628-Martensitic_SEM-SE-Stitch_EBSD_SameSlice_1#2,eval_AF9628-Martensitic_SEM-SE-Stitch_EBSD_SameSlice_1,roma|pyramid_v2|none|s0,roma,core,10000.0,8106.0,4.425,0.8106,87209.17926889625,87242.8419764838,101569.71272378937,0.8028016293174715,8106.0
eval_AF9628-Martensitic_SEM-SE-Stitch_EBSD_SameSlice_1#2,eval_AF9628-Martensitic_SEM-SE-Stitch_EBSD_SameSlice_1,roma|direct|invert|s0,roma,transform,10000.0,4476.0,4.98,0.4476,43946.32281294121,43979.98552052877,51875.93015419757,0.43787611668199783,4476.0
eval_AF9628-Martensitic_SEM-SE-Stitch_EBSD_SameSlice_1#2,eval_AF9628-Martensitic_SEM-SE-Stitch_EBSD_SameSlice_1,roma|direct|histmatch|s0,roma,transform,10000.0,8362.0,4.452,0.8362,90511.8591783729,90545.52188596046,105325.92351101825,0.8288174347311528,8362.0
eval_AF9628-Martensitic_SEM-SE-Stitch_EBSD_SameSlice_1#2,eval_AF9628-Martensitic_SEM-SE-Stitch_EBSD_SameSlice_1,roma|direct|clahe|s0,roma,transform,10000.0,7967.0,4.554,0.7967,85434.12233665092,85467.78504423848,99548.40269777432,0.7886988086593549,7967.0
eval_AF9628-Martensitic_SEM-SE-Stitch_EBSD_SameSlice_1#2,eval_AF9628-Martensitic_SEM-SE-Stitch_EBSD_SameSlice_1,roma|direct|gradmag|s0,roma,transform,10000.0,7554.0,4.279,0.7554,80228.31427842041,80261.97698600797,93610.9217782444,0.7468780725998014,7554.0
eval_AF9628-Martensitic_SEM-SE-Stitch_EBSD_SameSlice_2#0,eval_AF9628-Martensitic_SEM-SE-Stitch_EBSD_SameSlice_2,roma|direct|none|s0,roma,core,10000.0,8984.0,4.091,0.8984,98760.49639981071,98794.15910739827,114168.54468764758,0.8923247019339008,8984.0
eval_AF9628-Martensitic_SEM-SE-Stitch_EBSD_SameSlice_2#0,eval_AF9628-Martensitic_SEM-SE-Stitch_EBSD_SameSlice_2,roma|pyramid_v2|none|s0,roma,core,10000.0,8984.0,4.091,0.8984,98760.49639981071,98794.15910739827,114168.54468764758,0.8923247019339008,8984.0
eval_AF9628-Martensitic_SEM-SE-Stitch_EBSD_SameSlice_2#0,eval_AF9628-Martensitic_SEM-SE-Stitch_EBSD_SameSlice_2,roma|direct|invert|s0,roma,transform,10000.0,9882.0,3.596,0.9882,111607.1426980583,111640.80540564586,128555.31932466275,0.9858881833673648,9882.0
eval_AF9628-Martensitic_SEM-SE-Stitch_EBSD_SameSlice_2#0,eval_AF9628-Martensitic_SEM-SE-Stitch_EBSD_SameSlice_2,roma|direct|histmatch|s0,roma,transform,10000.0,6851.0,4.313,0.6851,71582.12535133732,71615.78805892488,83331.94006937333,0.6759268293537658,6851.0
eval_AF9628-Martensitic_SEM-SE-Stitch_EBSD_SameSlice_2#0,eval_AF9628-Martensitic_SEM-SE-Stitch_EBSD_SameSlice_2,roma|direct|clahe|s0,roma,transform,10000.0,8863.0,4.309,0.8863,97129.77801935897,97163.44072694653,112330.30344641914,0.879929249744149,8863.0
eval_AF9628-Martensitic_SEM-SE-Stitch_EBSD_SameSlice_2#0,eval_AF9628-Martensitic_SEM-SE-Stitch_EBSD_SameSlice_2,roma|direct|gradmag|s0,roma,transform,10000.0,9961.0,3.58,0.9961,112890.11904653156,112923.78175411912,129973.7858053967,0.9946733576853884,9961.0
eval_AF9628-Martensitic_SEM-SE-Stitch_EBSD_SameSlice_2#1,eval_AF9628-Martensitic_SEM-SE-Stitch_EBSD_SameSlice_2,roma|direct|none|s0,roma,core,10000.0,167.0,121.876,0.0167,1018.345268649264,1052.0079762368225,1304.6663060183953,0.014367626563538568,167.0
eval_AF9628-Martensitic_SEM-SE-Stitch_EBSD_SameSlice_2#1,eval_AF9628-Martensitic_SEM-SE-Stitch_EBSD_SameSlice_2,roma|pyramid_v2|none|s0,roma,core,10000.0,167.0,121.876,0.0167,1018.345268649264,1052.0079762368225,1304.6663060183953,0.014367626563538568,167.0
eval_AF9628-Martensitic_SEM-SE-Stitch_EBSD_SameSlice_2#1,eval_AF9628-Martensitic_SEM-SE-Stitch_EBSD_SameSlice_2,roma|direct|invert|s0,roma,transform,10000.0,208.0,31.42,0.0208,1321.947105693356,1355.6098132809145,1678.585695226086,0.018181353731422854,208.0
eval_AF9628-Martensitic_SEM-SE-Stitch_EBSD_SameSlice_2#1,eval_AF9628-Martensitic_SEM-SE-Stitch_EBSD_SameSlice_2,roma|direct|histmatch|s0,roma,transform,10000.0,938.0,29.965,0.0938,7515.807664192697,7549.470371780256,9124.443324194148,0.08824066821768084,938.0
eval_AF9628-Martensitic_SEM-SE-Stitch_EBSD_SameSlice_2#1,eval_AF9628-Martensitic_SEM-SE-Stitch_EBSD_SameSlice_2,roma|direct|clahe|s0,roma,transform,10000.0,640.0,24.059,0.064,4863.8571874922645,4897.519895079823,5961.4035347688,0.05936835369698391,640.0
eval_AF9628-Martensitic_SEM-SE-Stitch_EBSD_SameSlice_2#1,eval_AF9628-Martensitic_SEM-SE-Stitch_EBSD_SameSlice_2,roma|direct|gradmag|s0,roma,transform,10000.0,282.0,508.187,0.0282,1889.958636787941,1923.6213443754996,2373.5119144281575,0.025132138896511322,282.0
eval_AF9628-Martensitic_SEM-SE-Stitch_EBSD_SameSlice_2#2,eval_AF9628-Martensitic_SEM-SE-Stitch_EBSD_SameSlice_2,roma|direct|none|s0,roma,core,10000.0,9728.0,3.733,0.9728,109250.294330562,109283.95703814956,125934.3509525099,0.9694257006167392,9728.0
eval_AF9628-Martensitic_SEM-SE-Stitch_EBSD_SameSlice_2#2,eval_AF9628-Martensitic_SEM-SE-Stitch_EBSD_SameSlice_2,roma|pyramid_v2|none|s0,roma,core,10000.0,9728.0,3.733,0.9728,109250.294330562,109283.95703814956,125934.3509525099,0.9694257006167392,9728.0
eval_AF9628-Martensitic_SEM-SE-Stitch_EBSD_SameSlice_2#2,eval_AF9628-Martensitic_SEM-SE-Stitch_EBSD_SameSlice_2,roma|direct|invert|s0,roma,transform,10000.0,7447.0,3.597,0.7447,78902.59166549346,78936.25437308101,91674.58510232686,0.7360611346057854,7447.0
eval_AF9628-Martensitic_SEM-SE-Stitch_EBSD_SameSlice_2#2,eval_AF9628-Martensitic_SEM-SE-Stitch_EBSD_SameSlice_2,roma|direct|histmatch|s0,roma,transform,10000.0,9366.0,3.839,0.9366,104024.16144544282,104057.82415303038,120087.36454997114,0.9316542609239533,9366.0
eval_AF9628-Martensitic_SEM-SE-Stitch_EBSD_SameSlice_2#2,eval_AF9628-Martensitic_SEM-SE-Stitch_EBSD_SameSlice_2,roma|direct|clahe|s0,roma,transform,10000.0,9624.0,3.772,0.9624,107715.10812821517,107748.77083580273,124220.79799377444,0.9584905515539185,9624.0
eval_AF9628-Martensitic_SEM-SE-Stitch_EBSD_SameSlice_2#2,eval_AF9628-Martensitic_SEM-SE-Stitch_EBSD_SameSlice_2,roma|direct|gradmag|s0,roma,transform,10000.0,6257.0,3.929,0.6257,64450.78800151258,64484.450709100136,75181.85413089115,0.6161683480364853,6257.0
eval_AF9628-Martensitic_SEM-SE-Stitch_EBSD_SameSlice_3#0,eval_AF9628-Martensitic_SEM-SE-Stitch_EBSD_SameSlice_3,roma|direct|none|s0,roma,core,10000.0,2720.0,17.721,0.272,29827.25599863373,29860.918706221288,25019.13888829161,0.263367145293053,2720.0
eval_AF9628-Martensitic_SEM-SE-Stitch_EBSD_SameSlice_3#0,eval_AF9628-Martensitic_SEM-SE-Stitch_EBSD_SameSlice_3,roma|pyramid_v2|none|s0,roma,core,10000.0,2720.0,17.721,0.272,29827.25599863373,29860.918706221288,25019.13888829161,0.263367145293053,2720.0
eval_AF9628-Martensitic_SEM-SE-Stitch_EBSD_SameSlice_3#0,eval_AF9628-Martensitic_SEM-SE-Stitch_EBSD_SameSlice_3,roma|direct|invert|s0,roma,transform,10000.0,6798.0,14.68,0.6798,82946.07125139415,82979.73395898171,70929.16910294349,0.6705881760660987,6798.0
eval_AF9628-Martensitic_SEM-SE-Stitch_EBSD_SameSlice_3#0,eval_AF9628-Martensitic_SEM-SE-Stitch_EBSD_SameSlice_3,roma|direct|histmatch|s0,roma,transform,10000.0,1938.0,17.104,0.1938,20496.4416782563,20530.104385843857,17070.68598480045,0.18617094686462204,1938.0
eval_AF9628-Martensitic_SEM-SE-Stitch_EBSD_SameSlice_3#0,eval_AF9628-Martensitic_SEM-SE-Stitch_EBSD_SameSlice_3,roma|direct|clahe|s0,roma,transform,10000.0,2483.0,16.867,0.2483,26963.63692628026,26997.299633867817,22574.470783389042,0.2399301579668238,2483.0
eval_AF9628-Martensitic_SEM-SE-Stitch_EBSD_SameSlice_3#0,eval_AF9628-Martensitic_SEM-SE-Stitch_EBSD_SameSlice_3,roma|direct|gradmag|s0,roma,transform,10000.0,7061.0,14.529,0.7061,86612.88321508153,86646.54592266909,74131.0692303226,0.697093670433315,7061.0
eval_AF9628-Martensitic_SEM-SE-Stitch_EBSD_SameSlice_3#1,eval_AF9628-Martensitic_SEM-SE-Stitch_EBSD_SameSlice_3,roma|direct|none|s0,roma,core,10000.0,1369.0,24.325,0.1369,13950.289490067576,13983.952197655135,11530.369651053781,0.1303020660870816,1369.0
eval_AF9628-Martensitic_SEM-SE-Stitch_EBSD_SameSlice_3#1,eval_AF9628-Martensitic_SEM-SE-Stitch_EBSD_SameSlice_3,roma|pyramid_v2|none|s0,roma,core,10000.0,1369.0,24.325,0.1369,13950.289490067576,13983.952197655135,11530.369651053781,0.1303020660870816,1369.0
eval_AF9628-Martensitic_SEM-SE-Stitch_EBSD_SameSlice_3#1,eval_AF9628-Martensitic_SEM-SE-Stitch_EBSD_SameSlice_3,roma|direct|invert|s0,roma,transform,10000.0,431.0,123.871,0.0431,3851.7796226601713,3885.44233024773,3089.986257716856,0.039292009027508144,431.0
eval_AF9628-Martensitic_SEM-SE-Stitch_EBSD_SameSlice_3#1,eval_AF9628-Martensitic_SEM-SE-Stitch_EBSD_SameSlice_3,roma|direct|histmatch|s0,roma,transform,10000.0,1288.0,20.594,0.1288,13038.85119050048,13072.513898088038,10762.117121898898,0.1223767965267327,1288.0
eval_AF9628-Martensitic_SEM-SE-Stitch_EBSD_SameSlice_3#1,eval_AF9628-Martensitic_SEM-SE-Stitch_EBSD_SameSlice_3,roma|direct|clahe|s0,roma,transform,10000.0,1658.0,21.805,0.1658,17245.72586808696,17279.38857567452,14314.933338520632,0.15863947623718136,1658.0
eval_AF9628-Martensitic_SEM-SE-Stitch_EBSD_SameSlice_3#1,eval_AF9628-Martensitic_SEM-SE-Stitch_EBSD_SameSlice_3,roma|direct|gradmag|s0,roma,transform,10000.0,861.0,38.896,0.0861,8339.740543541382,8373.40325112894,6817.825275567439,0.08075976788838679,861.0
eval_AF9628-Martensitic_SEM-SE-Stitch_EBSD_SameSlice_3#2,eval_AF9628-Martensitic_SEM-SE-Stitch_EBSD_SameSlice_3,roma|direct|none|s0,roma,core,10000.0,4675.0,15.128,0.4675,54434.94838878002,54468.61109636758,46170.927715269405,0.4577352538506943,4675.0
eval_AF9628-Martensitic_SEM-SE-Stitch_EBSD_SameSlice_3#2,eval_AF9628-Martensitic_SEM-SE-Stitch_EBSD_SameSlice_3,roma|pyramid_v2|none|s0,roma,core,10000.0,4675.0,15.128,0.4675,54434.94838878002,54468.61109636758,46170.927715269405,0.4577352538506943,4675.0
eval_AF9628-Martensitic_SEM-SE-Stitch_EBSD_SameSlice_3#2,eval_AF9628-Martensitic_SEM-SE-Stitch_EBSD_SameSlice_3,roma|direct|invert|s0,roma,transform,10000.0,2558.0,14.116,0.2558,27866.677327008325,27900.340034595883,23344.93176410558,0.2473433826253293,2558.0
eval_AF9628-Martensitic_SEM-SE-Stitch_EBSD_SameSlice_3#2,eval_AF9628-Martensitic_SEM-SE-Stitch_EBSD_SameSlice_3,roma|direct|histmatch|s0,roma,transform,10000.0,4652.0,15.072,0.4652,54136.101154409094,54169.76386199665,45912.738169949436,0.455439176023343,4652.0
eval_AF9628-Martensitic_SEM-SE-Stitch_EBSD_SameSlice_3#2,eval_AF9628-Martensitic_SEM-SE-Stitch_EBSD_SameSlice_3,roma|direct|clahe|s0,roma,transform,10000.0,5594.0,15.298,0.5594,66549.30610810065,66582.9688156882,56660.74559747547,0.5496486125713385,5594.0
eval_AF9628-Martensitic_SEM-SE-Stitch_EBSD_SameSlice_3#2,eval_AF9628-Martensitic_SEM-SE-Stitch_EBSD_SameSlice_3,roma|direct|gradmag|s0,roma,transform,10000.0,1440.0,15.543,0.144,14753.78124470676,14787.44395229432,12208.352890477468,0.13725543442448415,1440.0
eval_AF9628-Martensitic_SEM-SE-Stitch_EBSD_SameSlice_4#0,eval_AF9628-Martensitic_SEM-SE-Stitch_EBSD_SameSlice_4,roma|direct|none|s0,roma,core,10000.0,6970.0,6.243,0.697,73033.48173201714,73067.1444396047,85941.45841499208,0.6879186473250919,6970.0
eval_AF9628-Martensitic_SEM-SE-Stitch_EBSD_SameSlice_4#0,eval_AF9628-Martensitic_SEM-SE-Stitch_EBSD_SameSlice_4,roma|pyramid_v2|none|s0,roma,core,10000.0,6970.0,6.243,0.697,73033.48173201714,73067.1444396047,85941.45841499208,0.6879186473250919,6970.0
eval_AF9628-Martensitic_SEM-SE-Stitch_EBSD_SameSlice_4#0,eval_AF9628-Martensitic_SEM-SE-Stitch_EBSD_SameSlice_4,roma|direct|invert|s0,roma,transform,10000.0,8182.0,6.557,0.8182,88197.29878642829,88230.96149401585,103349.83594205725,0.8105190941383111,8182.0
eval_AF9628-Martensitic_SEM-SE-Stitch_EBSD_SameSlice_4#0,eval_AF9628-Martensitic_SEM-SE-Stitch_EBSD_SameSlice_4,roma|direct|histmatch|s0,roma,transform,10000.0,6542.0,6.442,0.6542,67856.16627194831,67889.82897953587,79971.50938885681,0.6448202443460066,6542.0
eval_AF9628-Martensitic_SEM-SE-Stitch_EBSD_SameSlice_4#0,eval_AF9628-Martensitic_SEM-SE-Stitch_EBSD_SameSlice_4,roma|direct|clahe|s0,roma,transform,10000.0,6990.0,6.418,0.699,73277.48430360734,73311.1470111949,86222.49993827037,0.689934773916429,6990.0
eval_AF9628-Martensitic_SEM-SE-Stitch_EBSD_SameSlice_4#0,eval_AF9628-Martensitic_SEM-SE-Stitch_EBSD_SameSlice_4,roma|direct|gradmag|s0,roma,transform,10000.0,8355.0,6.016,0.8355,90433.50776640473,90467.17047399229,105906.4318542357,0.8281052730333807,8355.0
eval_AF9628-Martensitic_SEM-SE-Stitch_EBSD_SameSlice_4#1,eval_AF9628-Martensitic_SEM-SE-Stitch_EBSD_SameSlice_4,roma|direct|none|s0,roma,core,10000.0,1015.0,124.152,0.1015,8219.981968511682,8253.64467609924,10099.610856789403,0.09573329332686764,1015.0
eval_AF9628-Martensitic_SEM-SE-Stitch_EBSD_SameSlice_4#1,eval_AF9628-Martensitic_SEM-SE-Stitch_EBSD_SameSlice_4,roma|pyramid_v2|none|s0,roma,core,10000.0,1015.0,124.152,0.1015,8219.981968511682,8253.64467609924,10099.610856789403,0.09573329332686764,1015.0
eval_AF9628-Martensitic_SEM-SE-Stitch_EBSD_SameSlice_4#1,eval_AF9628-Martensitic_SEM-SE-Stitch_EBSD_SameSlice_4,roma|direct|invert|s0,roma,transform,10000.0,1214.0,33.672,0.1214,10067.795860571556,10101.458568159114,12315.96230274468,0.11514388309643124,1214.0
eval_AF9628-Martensitic_SEM-SE-Stitch_EBSD_SameSlice_4#1,eval_AF9628-Martensitic_SEM-SE-Stitch_EBSD_SameSlice_4,roma|direct|histmatch|s0,roma,transform,10000.0,1299.0,26.478,0.1299,10868.71707754651,10902.379785134068,13274.29905929021,0.12345258113100474,1299.0
eval_AF9628-Martensitic_SEM-SE-Stitch_EBSD_SameSlice_4#1,eval_AF9628-Martensitic_SEM-SE-Stitch_EBSD_SameSlice_4,roma|direct|clahe|s0,roma,transform,10000.0,2644.0,44.164,0.2644,24237.330560340208,24270.993267927766,29133.78200747412,0.25584795639494406,2644.0
eval_AF9628-Martensitic_SEM-SE-Stitch_EBSD_SameSlice_4#1,eval_AF9628-Martensitic_SEM-SE-Stitch_EBSD_SameSlice_4,roma|direct|gradmag|s0,roma,transform,10000.0,352.0,109.77,0.0352,2446.088832378772,2479.7515399663307,3097.8766520868253,0.03176284843342436,352.0
eval_AF9628-Martensitic_SEM-SE-Stitch_EBSD_SameSlice_4#2,eval_AF9628-Martensitic_SEM-SE-Stitch_EBSD_SameSlice_4,roma|direct|none|s0,roma,core,10000.0,7350.0,6.337,0.735,77702.79176474627,77736.45447233383,91314.50852983256,0.7262609786283877,7350.0
eval_AF9628-Martensitic_SEM-SE-Stitch_EBSD_SameSlice_4#2,eval_AF9628-Martensitic_SEM-SE-Stitch_EBSD_SameSlice_4,roma|pyramid_v2|none|s0,roma,core,10000.0,7350.0,6.337,0.735,77702.79176474627,77736.45447233383,91314.50852983256,0.7262609786283877,7350.0
eval_AF9628-Martensitic_SEM-SE-Stitch_EBSD_SameSlice_4#2,eval_AF9628-Martensitic_SEM-SE-Stitch_EBSD_SameSlice_4,roma|direct|invert|s0,roma,transform,10000.0,7445.0,6.203,0.7445,78881.45891434237,78915.12162192992,92669.11069996809,0.7358590141216298,7445.0
eval_AF9628-Martensitic_SEM-SE-Stitch_EBSD_SameSlice_4#2,eval_AF9628-Martensitic_SEM-SE-Stitch_EBSD_SameSlice_4,roma|direct|histmatch|s0,roma,transform,10000.0,6813.0,6.374,0.6813,71124.58565051194,71158.2483580995,83741.80656274348,0.6720989774762158,6813.0
eval_AF9628-Martensitic_SEM-SE-Stitch_EBSD_SameSlice_4#2,eval_AF9628-Martensitic_SEM-SE-Stitch_EBSD_SameSlice_4,roma|direct|clahe|s0,roma,transform,10000.0,7232.0,6.292,0.7232,76245.20358253471,76278.86629012227,89638.39053264141,0.7143463490675469,7232.0
eval_AF9628-Martensitic_SEM-SE-Stitch_EBSD_SameSlice_4#2,eval_AF9628-Martensitic_SEM-SE-Stitch_EBSD_SameSlice_4,roma|direct|gradmag|s0,roma,transform,10000.0,6575.0,5.993,0.6575,68252.40443820044,68286.067145788,80428.86182538548,0.6481401820604932,6575.0
eval_C103_SEM-SE_LOM-DC-Height_FractureSurfaces_0#0,eval_C103_SEM-SE_LOM-DC-Height_FractureSurfaces_0,roma|direct|none|s0,roma,core,10000.0,331.0,1212.718,0.0331,2329.1242505310124,2362.786958118571,1754.3854943472968,0.029769049801484614,331.0
eval_C103_SEM-SE_LOM-DC-Height_FractureSurfaces_0#0,eval_C103_SEM-SE_LOM-DC-Height_FractureSurfaces_0,roma|pyramid_v2|none|s0,roma,core,10000.0,331.0,1212.718,0.0331,2329.1242505310124,2362.786958118571,1754.3854943472968,0.029769049801484614,331.0
eval_C103_SEM-SE_LOM-DC-Height_FractureSurfaces_0#0,eval_C103_SEM-SE_LOM-DC-Height_FractureSurfaces_0,roma|direct|invert|s0,roma,transform,10000.0,595.0,1120.998,0.0595,4567.848918448302,4601.511626035861,3534.3382313299503,0.05503050223544109,595.0
eval_C103_SEM-SE_LOM-DC-Height_FractureSurfaces_0#0,eval_C103_SEM-SE_LOM-DC-Height_FractureSurfaces_0,roma|direct|histmatch|s0,roma,transform,10000.0,345.0,1163.692,0.0345,2443.454851942221,2477.1175595297796,1844.3873051268092,0.031097851671050888,345.0
eval_C103_SEM-SE_LOM-DC-Height_FractureSurfaces_0#0,eval_C103_SEM-SE_LOM-DC-Height_FractureSurfaces_0,roma|direct|clahe|s0,roma,transform,10000.0,683.0,1067.134,0.0683,5345.202622190333,5378.865329777892,4158.767851201488,0.06351973742773287,683.0
eval_C103_SEM-SE_LOM-DC-Height_FractureSurfaces_0#0,eval_C103_SEM-SE_LOM-DC-Height_FractureSurfaces_0,roma|direct|gradmag|s0,roma,transform,10000.0,186.0,437.651,0.0186,1186.9179989114089,1220.5807064989674,864.1555007406996,0.016130861024283946,186.0
eval_C103_SEM-SE_LOM-DC-Height_FractureSurfaces_0#1,eval_C103_SEM-SE_LOM-DC-Height_FractureSurfaces_0,roma|direct|none|s0,roma,core,10000.0,152.0,1247.031,0.0152,933.4189264844933,967.0816340720519,669.7402163093417,0.012981435254342082,152.0
eval_C103_SEM-SE_LOM-DC-Height_FractureSurfaces_0#1,eval_C103_SEM-SE_LOM-DC-Height_FractureSurfaces_0,roma|pyramid_v2|none|s0,roma,core,10000.0,151.0,1635.04,0.0151,926.0721417933913,959.7348493809499,664.1311863149149,0.01288922549293397,151.0
eval_C103_SEM-SE_LOM-DC-Height_FractureSurfaces_0#1,eval_C103_SEM-SE_LOM-DC-Height_FractureSurfaces_0,roma|direct|invert|s0,roma,transform,10000.0,276.0,832.385,0.0276,1886.1478362796138,1919.8105438671723,1406.9864160990796,0.024566008678008976,276.0
eval_C103_SEM-SE_LOM-DC-Height_FractureSurfaces_0#1,eval_C103_SEM-SE_LOM-DC-Height_FractureSurfaces_0,roma|direct|histmatch|s0,roma,transform,10000.0,166.0,6343.127,0.0166,1036.9543867943082,1070.6170943818668,748.9470855061666,0.014275044215554755,166.0
eval_C103_SEM-SE_LOM-DC-Height_FractureSurfaces_0#1,eval_C103_SEM-SE_LOM-DC-Height_FractureSurfaces_0,roma|direct|clahe|s0,roma,transform,10000.0,1293.0,1276.947,0.1293,11013.136643768301,11046.79935135586,8766.659551072313,0.12286577010271402,1293.0
eval_C103_SEM-SE_LOM-DC-Height_FractureSurfaces_0#1,eval_C103_SEM-SE_LOM-DC-Height_FractureSurfaces_0,roma|direct|gradmag|s0,roma,transform,10000.0,138.0,1081.399,0.0138,831.1904093755559,864.8531169631144,591.840238538136,0.01169303356334014,138.0
eval_C103_SEM-SE_LOM-DC-Height_FractureSurfaces_1#0,eval_C103_SEM-SE_LOM-DC-Height_FractureSurfaces_1,roma|direct|none|s0,roma,core,10000.0,307.0,537.985,0.0307,1601.5341404163212,1635.1968480038797,2254.4948821491876,0.027495050002468435,307.0
eval_C103_SEM-SE_LOM-DC-Height_FractureSurfaces_1#0,eval_C103_SEM-SE_LOM-DC-Height_FractureSurfaces_1,roma|pyramid_v2|none|s0,roma,core,10000.0,494.0,939.586,0.0494,2834.892683714609,2868.5553913021677,3885.887138719396,0.04532304560552551,494.0
eval_C103_SEM-SE_LOM-DC-Height_FractureSurfaces_1#0,eval_C103_SEM-SE_LOM-DC-Height_FractureSurfaces_1,roma|direct|invert|s0,roma,transform,10000.0,549.0,215.383,0.0549,3213.327027811508,3246.9897353990664,4381.390301282603,0.0506040005642412,549.0
eval_C103_SEM-SE_LOM-DC-Height_FractureSurfaces_1#0,eval_C103_SEM-SE_LOM-DC-Height_FractureSurfaces_1,roma|direct|histmatch|s0,roma,transform,10000.0,510.0,730.714,0.051,2944.347355952457,2978.0100635400154,4029.3981922720286,0.046857920608897666,510.0
eval_C103_SEM-SE_LOM-DC-Height_FractureSurfaces_1#0,eval_C103_SEM-SE_LOM-DC-Height_FractureSurfaces_1,roma|direct|clahe|s0,roma,transform,10000.0,1119.0,657.518,0.1119,7410.678230215008,7444.340937802566,9792.000750823454,0.10586976203498187,1119.0
eval_C103_SEM-SE_LOM-DC-Height_FractureSurfaces_1#0,eval_C103_SEM-SE_LOM-DC-Height_FractureSurfaces_1,roma|direct|gradmag|s0,roma,transform,10000.0,369.0,614.329,0.0369,2000.0312267621046,2033.693934349663,2784.960296779975,0.03337941008580055,369.0
eval_C103_SEM-SE_LOM-DC-Height_FractureSurfaces_1#1,eval_C103_SEM-SE_LOM-DC-Height_FractureSurfaces_1,roma|direct|none|s0,roma,core,10000.0,887.0,536.952,0.0887,5651.053424868379,5684.716132455937,7538.558075124388,0.08328439209000256,887.0
eval_C103_SEM-SE_LOM-DC-Height_FractureSurfaces_1#1,eval_C103_SEM-SE_LOM-DC-Height_FractureSurfaces_1,roma|pyramid_v2|none|s0,roma,core,10000.0,887.0,536.952,0.0887,5651.053424868379,5684.716132455937,7538.558075124388,0.08328439209000256,887.0
eval_C103_SEM-SE_LOM-DC-Height_FractureSurfaces_1#1,eval_C103_SEM-SE_LOM-DC-Height_FractureSurfaces_1,roma|direct|invert|s0,roma,transform,10000.0,985.0,652.804,0.0985,6387.016543655614,6420.679251243173,8483.116666950405,0.09281277471267296,985.0
eval_C103_SEM-SE_LOM-DC-Height_FractureSurfaces_1#1,eval_C103_SEM-SE_LOM-DC-Height_FractureSurfaces_1,roma|direct|histmatch|s0,roma,transform,10000.0,1625.0,707.927,0.1625,11426.413253244858,11460.075960832417,14884.769692452133,0.1553993453552091,1625.0
eval_C103_SEM-SE_LOM-DC-Height_FractureSurfaces_1#1,eval_C103_SEM-SE_LOM-DC-Height_FractureSurfaces_1,roma|direct|clahe|s0,roma,transform,10000.0,1057.0,587.411,0.1057,6934.675499345932,6968.33820693349,9184.029446157474,0.09982469213199187,1057.0
eval_C103_SEM-SE_LOM-DC-Height_FractureSurfaces_1#1,eval_C103_SEM-SE_LOM-DC-Height_FractureSurfaces_1,roma|direct|gradmag|s0,roma,transform,10000.0,392.0,941.428,0.0392,2150.71118743223,2184.3738950197885,2984.5962720099014,0.035569850584891594,392.0
eval_C103_SEM-SE_LOM-DC-Height_FractureSurfaces_2#0,eval_C103_SEM-SE_LOM-DC-Height_FractureSurfaces_2,roma|direct|none|s0,roma,core,10000.0,122.0,145.592,0.0122,673.2929451459456,706.9556527335042,723.6973420233057,0.010227982913488939,122.0
eval_C103_SEM-SE_LOM-DC-Height_FractureSurfaces_2#0,eval_C103_SEM-SE_LOM-DC-Height_FractureSurfaces_2,roma|pyramid_v2|none|s0,roma,core,10000.0,122.0,145.592,0.0122,673.2929451459456,706.9556527335042,723.6973420233057,0.010227982913488939,122.0
eval_C103_SEM-SE_LOM-DC-Height_FractureSurfaces_2#0,eval_C103_SEM-SE_LOM-DC-Height_FractureSurfaces_2,roma|direct|invert|s0,roma,transform,10000.0,931.0,9.807,0.0931,7270.339192293965,7304.001899881524,7655.297235667866,0.08756008233810818,931.0
eval_C103_SEM-SE_LOM-DC-Height_FractureSurfaces_2#0,eval_C103_SEM-SE_LOM-DC-Height_FractureSurfaces_2,roma|direct|histmatch|s0,roma,transform,10000.0,142.0,1486.243,0.0142,810.3954691058096,844.0581766933682,869.070614518755,0.012060574139796658,142.0
eval_C103_SEM-SE_LOM-DC-Height_FractureSurfaces_2#0,eval_C103_SEM-SE_LOM-DC-Height_FractureSurfaces_2,roma|direct|clahe|s0,roma,transform,10000.0,219.0,163.384,0.0219,1362.121315197144,1395.7840227847025,1452.638935118994,0.01920972462624364,219.0
eval_C103_SEM-SE_LOM-DC-Height_FractureSurfaces_2#0,eval_C103_SEM-SE_LOM-DC-Height_FractureSurfaces_2,roma|direct|gradmag|s0,roma,transform,10000.0,104.0,457.06,0.0104,552.7230466955443,586.3857542831029,595.6837876776877,0.008591159114003776,104.0
eval_C103_SEM-SE_LOM-DC-Height_FractureSurfaces_2#1,eval_C103_SEM-SE_LOM-DC-Height_FractureSurfaces_2,roma|direct|none|s0,roma,core,10000.0,594.0,53.402,0.0594,4350.379065166418,4384.041772753976,4595.97410565417,0.05493418764592149,594.0
eval_C103_SEM-SE_LOM-DC-Height_FractureSurfaces_2#1,eval_C103_SEM-SE_LOM-DC-Height_FractureSurfaces_2,roma|pyramid_v2|none|s0,roma,core,10000.0,594.0,53.402,0.0594,4350.379065166418,4384.041772753976,4595.97410565417,0.05493418764592149,594.0
eval_C103_SEM-SE_LOM-DC-Height_FractureSurfaces_2#1,eval_C103_SEM-SE_LOM-DC-Height_FractureSurfaces_2,roma|direct|invert|s0,roma,transform,10000.0,739.0,37.613,0.0739,5586.64797707973,5620.310684667288,5892.206324164006,0.06893457150968865,739.0
eval_C103_SEM-SE_LOM-DC-Height_FractureSurfaces_2#1,eval_C103_SEM-SE_LOM-DC-Height_FractureSurfaces_2,roma|direct|histmatch|s0,roma,transform,10000.0,332.0,99.885,0.0332,2220.6350744902825,2254.297782077841,2357.88265791364,0.029863910020296733,332.0
eval_C103_SEM-SE_LOM-DC-Height_FractureSurfaces_2#1,eval_C103_SEM-SE_LOM-DC-Height_FractureSurfaces_2,roma|direct|clahe|s0,roma,transform,10000.0,1155.0,15.119,0.1155,9289.648990935331,9323.31169852289,9767.240018913402,0.1093825873342568,1155.0
eval_C103_SEM-SE_LOM-DC-Height_FractureSurfaces_2#1,eval_C103_SEM-SE_LOM-DC-Height_FractureSurfaces_2,roma|direct|gradmag|s0,roma,transform,10000.0,120.0,426.26,0.012,659.7563747967612,693.4190823843197,709.3910699727028,0.010045476139717914,120.0
eval_CoNi-AM67_OM-SEM_Multiscale_0#0,eval_CoNi-AM67_OM-SEM_Multiscale_0,roma|direct|none|s0,roma,core,10000.0,8533.0,13.333,0.8533,90521.79556301901,90555.45827060657,82242.3411845697,0.8462298557662081,8533.0
eval_CoNi-AM67_OM-SEM_Multiscale_0#0,eval_CoNi-AM67_OM-SEM_Multiscale_0,roma|pyramid_v2|none|s0,roma,core,10000.0,8533.0,13.333,0.8533,90521.79556301901,90555.45827060657,82242.3411845697,0.8462298557662081,8533.0
eval_CoNi-AM67_OM-SEM_Multiscale_0#0,eval_CoNi-AM67_OM-SEM_Multiscale_0,roma|direct|invert|s0,roma,transform,10000.0,2624.0,17.569,0.2624,23343.280339071807,23376.943046659366,20797.420010846876,0.2538697668399479,2624.0
eval_CoNi-AM67_OM-SEM_Multiscale_0#0,eval_CoNi-AM67_OM-SEM_Multiscale_0,roma|direct|histmatch|s0,roma,transform,10000.0,8640.0,13.534,0.864,91902.57930751958,91936.24201510714,83519.30117407972,0.85714152816353,8640.0
eval_CoNi-AM67_OM-SEM_Multiscale_0#0,eval_CoNi-AM67_OM-SEM_Multiscale_0,roma|direct|clahe|s0,roma,transform,10000.0,8925.0,13.439,0.8925,95629.89954018325,95663.56224777081,86970.08149854893,0.8862776284753757,8925.0
eval_CoNi-AM67_OM-SEM_Multiscale_0#0,eval_CoNi-AM67_OM-SEM_Multiscale_0,roma|direct|gradmag|s0,roma,transform,10000.0,258.0,1037.826,0.0258,1635.842574567726,1669.5052821552845,1385.7477871860754,0.022870065228898888,258.0
eval_CoNi-AM67_OM-SEM_Multiscale_0#1,eval_CoNi-AM67_OM-SEM_Multiscale_0,roma|direct|none|s0,roma,core,10000.0,344.0,428.187,0.0344,2291.6782959882394,2325.341003575798,1958.1366168365723,0.031002883969362332,344.0
eval_CoNi-AM67_OM-SEM_Multiscale_0#1,eval_CoNi-AM67_OM-SEM_Multiscale_0,roma|pyramid_v2|none|s0,roma,core,10000.0,344.0,428.187,0.0344,2291.6782959882394,2325.341003575798,1958.1366168365723,0.031002883969362332,344.0
eval_CoNi-AM67_OM-SEM_Multiscale_0#1,eval_CoNi-AM67_OM-SEM_Multiscale_0,roma|direct|invert|s0,roma,transform,10000.0,610.0,318.537,0.061,4444.761826877598,4478.424534465156,3853.116545330284,0.0564756593148203,610.0
eval_CoNi-AM67_OM-SEM_Multiscale_0#1,eval_CoNi-AM67_OM-SEM_Multiscale_0,roma|direct|histmatch|s0,roma,transform,10000.0,549.0,1864.214,0.0549,3937.7094198224036,3971.372127409962,3405.253337000527,0.0506040005642412,549.0
eval_CoNi-AM67_OM-SEM_Multiscale_0#1,eval_CoNi-AM67_OM-SEM_Multiscale_0,roma|direct|clahe|s0,roma,transform,10000.0,295.0,1395.045,0.0295,1914.873848473582,1948.5365560611406,1628.8775083927078,0.026360065950106665,295.0
eval_CoNi-AM67_OM-SEM_Multiscale_0#1,eval_CoNi-AM67_OM-SEM_Multiscale_0,roma|direct|gradmag|s0,roma,transform,10000.0,211.0,1404.596,0.0211,1289.3718302820566,1323.0345378696152,1084.8816576218608,0.018461624021603895,211.0
eval_CoNi-AM67_OM-SEM_Multiscale_0#2,eval_CoNi-AM67_OM-SEM_Multiscale_0,roma|direct|none|s0,roma,core,10000.0,1435.0,707.759,0.1435,10384.063990381332,10417.72669796889,10395.307001196314,0.13676556977562518,1435.0
eval_CoNi-AM67_OM-SEM_Multiscale_0#2,eval_CoNi-AM67_OM-SEM_Multiscale_0,roma|pyramid_v2|none|s0,roma,core,10000.0,1370.0,371.729,0.137,9843.959117230272,9877.62182481783,9854.692720888368,0.13039995958322764,1370.0
eval_CoNi-AM67_OM-SEM_Multiscale_0#2,eval_CoNi-AM67_OM-SEM_Multiscale_0,roma|direct|invert|s0,roma,transform,10000.0,1366.0,517.667,0.1366,9810.837155678926,9844.499863266485,9821.53941120461,0.13000839283267326,1366.0
eval_CoNi-AM67_OM-SEM_Multiscale_0#2,eval_CoNi-AM67_OM-SEM_Multiscale_0,roma|direct|histmatch|s0,roma,transform,10000.0,259.0,622.425,0.0259,1390.2238980826983,1423.8866056702568,1392.2505658962295,0.02296418394187259,259.0
eval_CoNi-AM67_OM-SEM_Multiscale_0#2,eval_CoNi-AM67_OM-SEM_Multiscale_0,roma|direct|clahe|s0,roma,transform,10000.0,455.0,555.457,0.0455,2725.8873117734934,2759.550019361052,2729.450033206238,0.04158705701454217,455.0
eval_CoNi-AM67_OM-SEM_Multiscale_0#2,eval_CoNi-AM67_OM-SEM_Multiscale_0,roma|direct|gradmag|s0,roma,transform,10000.0,106.0,180.183,0.0106,455.5384678207178,489.20117540827636,456.3660866506434,0.008772350992874956,106.0
eval_CoNi-AM67_SEM-EBSD_SameSliceSerialSectioning_0#0,eval_CoNi-AM67_SEM-EBSD_SameSliceSerialSectioning_0,roma|direct|none|s0,roma,core,10000.0,1877.0,42.294,0.1877,15977.932018477715,16011.594726065274,10988.679937743258,0.18016733373898292,1877.0
eval_CoNi-AM67_SEM-EBSD_SameSliceSerialSectioning_0#0,eval_CoNi-AM67_SEM-EBSD_SameSliceSerialSectioning_0,roma|pyramid_v2|none|s0,roma,core,10000.0,1877.0,42.294,0.1877,15977.932018477715,16011.594726065274,10988.679937743258,0.18016733373898292,1877.0
eval_CoNi-AM67_SEM-EBSD_SameSliceSerialSectioning_0#0,eval_CoNi-AM67_SEM-EBSD_SameSliceSerialSectioning_0,roma|direct|invert|s0,roma,transform,10000.0,540.0,112.254,0.054,3863.4879292809346,3897.150636868493,2429.5403171763364,0.04973893838942255,540.0
eval_CoNi-AM67_SEM-EBSD_SameSliceSerialSectioning_0#0,eval_CoNi-AM67_SEM-EBSD_SameSliceSerialSectioning_0,roma|direct|histmatch|s0,roma,transform,10000.0,2906.0,74.655,0.2906,26202.284780924423,26235.94748851198,18476.749591420066,0.2817827489190892,2906.0
eval_CoNi-AM67_SEM-EBSD_SameSliceSerialSectioning_0#0,eval_CoNi-AM67_SEM-EBSD_SameSliceSerialSectioning_0,roma|direct|clahe|s0,roma,transform,10000.0,2406.0,64.661,0.2406,21161.16836799494,21194.831075582497,14765.216848076094,0.23232280226470106,2406.0
eval_CoNi-AM67_SEM-EBSD_SameSliceSerialSectioning_0#0,eval_CoNi-AM67_SEM-EBSD_SameSliceSerialSectioning_0,roma|direct|gradmag|s0,roma,transform,10000.0,383.0,277.457,0.0383,2596.8054837837485,2630.468191371307,1580.3456649020557,0.034712283854238454,383.0
eval_CoNi-AM67_SEM-EBSD_SameSliceSerialSectioning_0#1,eval_CoNi-AM67_SEM-EBSD_SameSliceSerialSectioning_0,roma|direct|none|s0,roma,core,10000.0,246.0,609.683,0.0246,1546.4796137363637,1580.1423213239223,894.3228393815846,0.02174161464802862,246.0
eval_CoNi-AM67_SEM-EBSD_SameSliceSerialSectioning_0#1,eval_CoNi-AM67_SEM-EBSD_SameSliceSerialSectioning_0,roma|pyramid_v2|none|s0,roma,core,10000.0,246.0,609.683,0.0246,1546.4796137363637,1580.1423213239223,894.3228393815846,0.02174161464802862,246.0
eval_CoNi-AM67_SEM-EBSD_SameSliceSerialSectioning_0#1,eval_CoNi-AM67_SEM-EBSD_SameSliceSerialSectioning_0,roma|direct|invert|s0,roma,transform,10000.0,262.0,320.493,0.0262,1665.758614773326,1699.4213223608845,971.0556570411369,0.02324661275726247,262.0
eval_CoNi-AM67_SEM-EBSD_SameSliceSerialSectioning_0#1,eval_CoNi-AM67_SEM-EBSD_SameSliceSerialSectioning_0,roma|direct|histmatch|s0,roma,transform,10000.0,366.0,197.978,0.0366,2463.2691112637817,2496.9318188513403,1492.0148985124,0.03309397743507336,366.0
eval_CoNi-AM67_SEM-EBSD_SameSliceSerialSectioning_0#1,eval_CoNi-AM67_SEM-EBSD_SameSliceSerialSectioning_0,roma|direct|clahe|s0,roma,transform,10000.0,1234.0,1165.413,0.1234,9932.42080040985,9966.083507997408,6653.0129461966835,0.11709799034002366,1234.0
eval_CoNi-AM67_SEM-EBSD_SameSliceSerialSectioning_0#1,eval_CoNi-AM67_SEM-EBSD_SameSliceSerialSectioning_0,roma|direct|gradmag|s0,roma,transform,10000.0,156.0,1021.063,0.0156,897.7836099820831,931.4463175696417,484.9472097162992,0.013350536779147534,156.0
eval_CoNi-AM67_SEM-EBSD_SameSliceSerialSectioning_0#2,eval_CoNi-AM67_SEM-EBSD_SameSliceSerialSectioning_0,roma|direct|none|s0,roma,core,10000.0,1612.0,55.818,0.1612,13448.412505119193,13482.075212706752,9163.839669563447,0.15412322023982816,1612.0
eval_CoNi-AM67_SEM-EBSD_SameSliceSerialSectioning_0#2,eval_CoNi-AM67_SEM-EBSD_SameSliceSerialSectioning_0,roma|pyramid_v2|none|s0,roma,core,10000.0,1612.0,55.818,0.1612,13448.412505119193,13482.075212706752,9163.839669563447,0.15412322023982816,1612.0
eval_CoNi-AM67_SEM-EBSD_SameSliceSerialSectioning_0#2,eval_CoNi-AM67_SEM-EBSD_SameSliceSerialSectioning_0,roma|direct|invert|s0,roma,transform,10000.0,1421.0,63.124,0.1421,11657.142982004018,11690.805689591576,7880.470995714624,0.1353941002201034,1421.0
eval_CoNi-AM67_SEM-EBSD_SameSliceSerialSectioning_0#2,eval_CoNi-AM67_SEM-EBSD_SameSliceSerialSectioning_0,roma|direct|histmatch|s0,roma,transform,10000.0,1797.0,68.753,0.1797,15209.202424425594,15242.865132013152,10432.683706188987,0.17229840000760294,1797.0
eval_CoNi-AM67_SEM-EBSD_SameSliceSerialSectioning_0#2,eval_CoNi-AM67_SEM-EBSD_SameSliceSerialSectioning_0,roma|direct|clahe|s0,roma,transform,10000.0,1397.0,67.943,0.1397,11434.113095565624,11467.775803153183,7721.261108042019,0.13304353543799002,1397.0
eval_CoNi-AM67_SEM-EBSD_SameSliceSerialSectioning_0#2,eval_CoNi-AM67_SEM-EBSD_SameSliceSerialSectioning_0,roma|direct|gradmag|s0,roma,transform,10000.0,1869.0,71.205,0.1869,15900.867888831144,15934.530596418703,10932.889144529838,0.17938019917128442,1869.0
eval_CoNi-AM67_SEM-EBSD_SameSliceSerialSectioning_0#3,eval_CoNi-AM67_SEM-EBSD_SameSliceSerialSectioning_0,roma|direct|none|s0,roma,core,10000.0,2747.0,54.295,0.2747,24585.397362632248,24619.060070219806,17282.669785720977,0.26603921321298135,2747.0
eval_CoNi-AM67_SEM-EBSD_SameSliceSerialSectioning_0#3,eval_CoNi-AM67_SEM-EBSD_SameSliceSerialSectioning_0,roma|pyramid_v2|none|s0,roma,core,10000.0,2747.0,54.295,0.2747,24585.397362632248,24619.060070219806,17282.669785720977,0.26603921321298135,2747.0
eval_CoNi-AM67_SEM-EBSD_SameSliceSerialSectioning_0#3,eval_CoNi-AM67_SEM-EBSD_SameSliceSerialSectioning_0,roma|direct|invert|s0,roma,transform,10000.0,1566.0,44.661,0.1566,13014.437096565087,13048.099804152645,8852.185935245096,0.14960904775000275,1566.0
eval_CoNi-AM67_SEM-EBSD_SameSliceSerialSectioning_0#3,eval_CoNi-AM67_SEM-EBSD_SameSliceSerialSectioning_0,roma|direct|histmatch|s0,roma,transform,10000.0,1820.0,81.564,0.182,15429.77407339093,15463.436780978489,10592.094513864782,0.17456016380638473,1820.0
eval_CoNi-AM67_SEM-EBSD_SameSliceSerialSectioning_0#3,eval_CoNi-AM67_SEM-EBSD_SameSliceSerialSectioning_0,roma|direct|clahe|s0,roma,transform,10000.0,2638.0,78.18,0.2638,23484.269650016497,23517.932357604055,16471.391314174667,0.25525447547742036,2638.0
eval_CoNi-AM67_SEM-EBSD_SameSliceSerialSectioning_0#3,eval_CoNi-AM67_SEM-EBSD_SameSliceSerialSectioning_0,roma|direct|gradmag|s0,roma,transform,10000.0,584.0,100.521,0.0584,4227.810003508322,4261.47271109588,2676.8592959392026,0.053971246745883626,584.0
eval_CoNi-AM67_SEM-EBSD_SameSliceSerialSectioning_0#4,eval_CoNi-AM67_SEM-EBSD_SameSliceSerialSectioning_0,roma|direct|none|s0,roma,core,10000.0,486.0,238.898,0.0486,3421.577718096644,3455.2404256842024,2131.2247447272684,0.04455606550831664,486.0
eval_CoNi-AM67_SEM-EBSD_SameSliceSerialSectioning_0#4,eval_CoNi-AM67_SEM-EBSD_SameSliceSerialSectioning_0,roma|pyramid_v2|none|s0,roma,core,10000.0,486.0,238.898,0.0486,3421.577718096644,3455.2404256842024,2131.2247447272684,0.04455606550831664,486.0
eval_CoNi-AM67_SEM-EBSD_SameSliceSerialSectioning_0#4,eval_CoNi-AM67_SEM-EBSD_SameSliceSerialSectioning_0,roma|direct|invert|s0,roma,transform,10000.0,2703.0,37.626,0.2703,24140.179316710648,24173.842024298207,16954.45510345986,0.26168493974538576,2703.0
eval_CoNi-AM67_SEM-EBSD_SameSliceSerialSectioning_0#4,eval_CoNi-AM67_SEM-EBSD_SameSliceSerialSectioning_0,roma|direct|histmatch|s0,roma,transform,10000.0,172.0,241.519,0.0172,1009.9296899399508,1043.5923975275093,554.5478060697118,0.014830880567997445,172.0
eval_CoNi-AM67_SEM-EBSD_SameSliceSerialSectioning_0#4,eval_CoNi-AM67_SEM-EBSD_SameSliceSerialSectioning_0,roma|direct|clahe|s0,roma,transform,10000.0,168.0,412.011,0.0168,981.745946729726,1015.4086543172846,537.0004551759765,0.014460231994417769,168.0
eval_CoNi-AM67_SEM-EBSD_SameSliceSerialSectioning_0#4,eval_CoNi-AM67_SEM-EBSD_SameSliceSerialSectioning_0,roma|direct|gradmag|s0,roma,transform,10000.0,131.0,79.229,0.0131,725.9563865980812,759.6190941856397,379.5967178911133,0.011051026492993674,131.0
eval_CoNi-AM67_SEM-EBSD_SameSliceSerialSectioning_0#5,eval_CoNi-AM67_SEM-EBSD_SameSliceSerialSectioning_0,roma|direct|none|s0,roma,core,10000.0,1534.0,62.668,0.1534,12713.483602745551,12747.14631033311,8636.32577873073,0.14647002202965967,1534.0
eval_CoNi-AM67_SEM-EBSD_SameSliceSerialSectioning_0#5,eval_CoNi-AM67_SEM-EBSD_SameSliceSerialSectioning_0,roma|pyramid_v2|none|s0,roma,core,10000.0,1534.0,62.668,0.1534,12713.483602745551,12747.14631033311,8636.32577873073,0.14647002202965967,1534.0
eval_CoNi-AM67_SEM-EBSD_SameSliceSerialSectioning_0#5,eval_CoNi-AM67_SEM-EBSD_SameSliceSerialSectioning_0,roma|direct|invert|s0,roma,transform,10000.0,1963.0,72.749,0.1963,16808.994302334788,16842.657009922346,11591.05385258805,0.18863230233355757,1963.0
eval_CoNi-AM67_SEM-EBSD_SameSliceSerialSectioning_0#5,eval_CoNi-AM67_SEM-EBSD_SameSliceSerialSectioning_0,roma|direct|histmatch|s0,roma,transform,10000.0,1357.0,95.348,0.1357,11063.464815822528,11097.127523410087,7456.979491001234,0.12912743843709257,1357.0
eval_CoNi-AM67_SEM-EBSD_SameSliceSerialSectioning_0#5,eval_CoNi-AM67_SEM-EBSD_SameSliceSerialSectioning_0,roma|direct|clahe|s0,roma,transform,10000.0,973.0,120.086,0.0973,7580.449287520622,7614.111995108181,4995.083747473035,0.09164502945588462,973.0
eval_CoNi-AM67_SEM-EBSD_SameSliceSerialSectioning_0#5,eval_CoNi-AM67_SEM-EBSD_SameSliceSerialSectioning_0,roma|direct|gradmag|s0,roma,transform,10000.0,1950.0,47.031,0.195,16683.063998598816,16716.726706186375,11499.692721177149,0.18735233610524318,1950.0
eval_CoNi-AM67_SEM-EBSD_SameSliceSerialSectioning_1#0,eval_CoNi-AM67_SEM-EBSD_SameSliceSerialSectioning_1,roma|direct|none|s0,roma,core,10000.0,1561.0,41.165,0.1561,12967.361689471256,13001.024397058814,8287.91169456819,0.14911850548040445,1561.0
eval_CoNi-AM67_SEM-EBSD_SameSliceSerialSectioning_1#0,eval_CoNi-AM67_SEM-EBSD_SameSliceSerialSectioning_1,roma|pyramid_v2|none|s0,roma,core,10000.0,1561.0,41.165,0.1561,12967.361689471256,13001.024397058814,8287.91169456819,0.14911850548040445,1561.0
eval_CoNi-AM67_SEM-EBSD_SameSliceSerialSectioning_1#0,eval_CoNi-AM67_SEM-EBSD_SameSliceSerialSectioning_1,roma|direct|invert|s0,roma,transform,10000.0,268.0,364.885,0.0268,1710.7497583575564,1744.412465945115,909.7355434214107,0.023811791444583907,268.0
eval_CoNi-AM67_SEM-EBSD_SameSliceSerialSectioning_1#0,eval_CoNi-AM67_SEM-EBSD_SameSliceSerialSectioning_1,roma|direct|histmatch|s0,roma,transform,10000.0,271.0,596.148,0.0271,1733.2971866050873,1766.9598941926458,923.2843795675296,0.024094537831905,271.0
eval_CoNi-AM67_SEM-EBSD_SameSliceSerialSectioning_1#0,eval_CoNi-AM67_SEM-EBSD_SameSliceSerialSectioning_1,roma|direct|clahe|s0,roma,transform,10000.0,1684.0,85.593,0.1684,14130.80621859718,14164.468926184738,9082.409182284253,0.16119303779949118,1684.0
eval_CoNi-AM67_SEM-EBSD_SameSliceSerialSectioning_1#0,eval_CoNi-AM67_SEM-EBSD_SameSliceSerialSectioning_1,roma|direct|gradmag|s0,roma,transform,10000.0,913.0,193.706,0.0913,7050.136687280519,7083.799394868078,4314.407090469866,0.08581045538072925,913.0
eval_CoNi-AM67_SEM-EBSD_SameSliceSerialSectioning_1#1,eval_CoNi-AM67_SEM-EBSD_SameSliceSerialSectioning_1,roma|direct|none|s0,roma,core,10000.0,292.0,340.139,0.0292,1892.0635374486308,1925.7262450361893,1019.0605168053285,0.02607654313265518,292.0
eval_CoNi-AM67_SEM-EBSD_SameSliceSerialSectioning_1#1,eval_CoNi-AM67_SEM-EBSD_SameSliceSerialSectioning_1,roma|pyramid_v2|none|s0,roma,core,10000.0,292.0,340.139,0.0292,1892.0635374486308,1925.7262450361893,1019.0605168053285,0.02607654313265518,292.0
eval_CoNi-AM67_SEM-EBSD_SameSliceSerialSectioning_1#1,eval_CoNi-AM67_SEM-EBSD_SameSliceSerialSectioning_1,roma|direct|invert|s0,roma,transform,10000.0,365.0,326.398,0.0365,2455.4391724812417,2489.1018800688003,1363.469482850185,0.032998847920334314,365.0
eval_CoNi-AM67_SEM-EBSD_SameSliceSerialSectioning_1#1,eval_CoNi-AM67_SEM-EBSD_SameSliceSerialSectioning_1,roma|direct|histmatch|s0,roma,transform,10000.0,345.0,255.812,0.0345,2299.4469688134377,2333.1096764009962,1267.4682308867775,0.031097851671050888,345.0
eval_CoNi-AM67_SEM-EBSD_SameSliceSerialSectioning_1#1,eval_CoNi-AM67_SEM-EBSD_SameSliceSerialSectioning_1,roma|direct|clahe|s0,roma,transform,10000.0,439.0,427.843,0.0439,3042.06578041467,3075.7284880022285,1728.129205295765,0.04005666463531619,439.0
eval_CoNi-AM67_SEM-EBSD_SameSliceSerialSectioning_1#1,eval_CoNi-AM67_SEM-EBSD_SameSliceSerialSectioning_1,roma|direct|gradmag|s0,roma,transform,10000.0,315.0,335.0,0.0315,2067.7302114541544,2101.392919041713,1125.7377915816817,0.028252471039291713,315.0
eval_CoNi-AM67_SEM-EBSD_SameSliceSerialSectioning_1#2,eval_CoNi-AM67_SEM-EBSD_SameSliceSerialSectioning_1,roma|direct|none|s0,roma,core,10000.0,1836.0,20.587,0.1836,15583.424953874073,15617.087661461632,10079.09333734494,0.1761338309953241,1836.0
eval_CoNi-AM67_SEM-EBSD_SameSliceSerialSectioning_1#2,eval_CoNi-AM67_SEM-EBSD_SameSliceSerialSectioning_1,roma|pyramid_v2|none|s0,roma,core,10000.0,1836.0,20.587,0.1836,15583.424953874073,15617.087661461632,10079.09333734494,0.1761338309953241,1836.0
eval_CoNi-AM67_SEM-EBSD_SameSliceSerialSectioning_1#2,eval_CoNi-AM67_SEM-EBSD_SameSliceSerialSectioning_1,roma|direct|invert|s0,roma,transform,10000.0,646.0,169.242,0.0646,4747.09440420815,4780.757111795709,2812.248835095219,0.05994725911845422,646.0
eval_CoNi-AM67_SEM-EBSD_SameSliceSerialSectioning_1#2,eval_CoNi-AM67_SEM-EBSD_SameSliceSerialSectioning_1,roma|direct|histmatch|s0,roma,transform,10000.0,1111.0,217.807,0.1111,8815.378134366021,8849.04084195358,5485.734133841872,0.10508940612398694,1111.0
eval_CoNi-AM67_SEM-EBSD_SameSliceSerialSectioning_1#2,eval_CoNi-AM67_SEM-EBSD_SameSliceSerialSectioning_1,roma|direct|clahe|s0,roma,transform,10000.0,2800.0,28.277,0.28,25122.971871903355,25156.634579490914,16727.05479618939,0.2712855474143841,2800.0
eval_CoNi-AM67_SEM-EBSD_SameSliceSerialSectioning_1#2,eval_CoNi-AM67_SEM-EBSD_SameSliceSerialSectioning_1,roma|direct|gradmag|s0,roma,transform,10000.0,2290.0,30.673,0.229,20010.55111202241,20044.21381960997,13144.41478200456,0.22086942953182612,2290.0
eval_CoNi-AM67_SEM-EBSD_SameSliceSerialSectioning_1#3,eval_CoNi-AM67_SEM-EBSD_SameSliceSerialSectioning_1,roma|direct|none|s0,roma,core,10000.0,537.0,367.972,0.0537,3838.782515895585,3872.4452234831438,2230.8892284974345,0.04945066011211969,537.0
eval_CoNi-AM67_SEM-EBSD_SameSliceSerialSectioning_1#3,eval_CoNi-AM67_SEM-EBSD_SameSliceSerialSectioning_1,roma|pyramid_v2|none|s0,roma,core,10000.0,537.0,367.972,0.0537,3838.782515895585,3872.4452234831438,2230.8892284974345,0.04945066011211969,537.0
eval_CoNi-AM67_SEM-EBSD_SameSliceSerialSectioning_1#3,eval_CoNi-AM67_SEM-EBSD_SameSliceSerialSectioning_1,roma|direct|invert|s0,roma,transform,10000.0,2130.0,37.181,0.213,18436.059139517904,18469.721847105462,12049.854001205847,0.20508635704928802,2130.0
eval_CoNi-AM67_SEM-EBSD_SameSliceSerialSectioning_1#3,eval_CoNi-AM67_SEM-EBSD_SameSliceSerialSectioning_1,roma|direct|histmatch|s0,roma,transform,10000.0,724.0,93.765,0.0724,5409.364229663566,5443.026937251125,3240.5526397965095,0.06748329073472994,724.0
eval_CoNi-AM67_SEM-EBSD_SameSliceSerialSectioning_1#3,eval_CoNi-AM67_SEM-EBSD_SameSliceSerialSectioning_1,roma|direct|clahe|s0,roma,transform,10000.0,700.0,101.373,0.07,5204.5803215234355,5238.243029110994,3107.7582879375,0.0651625641208769,700.0
eval_CoNi-AM67_SEM-EBSD_SameSliceSerialSectioning_1#3,eval_CoNi-AM67_SEM-EBSD_SameSliceSerialSectioning_1,roma|direct|gradmag|s0,roma,transform,10000.0,1191.0,40.043,0.1191,9540.255634267935,9573.918341855493,5970.6461649761995,0.11289735519396915,1191.0
eval_CoNi-AM67_SEM-EBSD_SameSliceSerialSectioning_1#4,eval_CoNi-AM67_SEM-EBSD_SameSliceSerialSectioning_1,roma|direct|none|s0,roma,core,10000.0,207.0,264.615,0.0207,1260.3482106929357,1294.0109182804943,642.3046150898094,0.01808796362357549,207.0
eval_CoNi-AM67_SEM-EBSD_SameSliceSerialSectioning_1#4,eval_CoNi-AM67_SEM-EBSD_SameSliceSerialSectioning_1,roma|pyramid_v2|none|s0,roma,core,10000.0,207.0,264.615,0.0207,1260.3482106929357,1294.0109182804943,642.3046150898094,0.01808796362357549,207.0
eval_CoNi-AM67_SEM-EBSD_SameSliceSerialSectioning_1#4,eval_CoNi-AM67_SEM-EBSD_SameSliceSerialSectioning_1,roma|direct|invert|s0,roma,transform,10000.0,413.0,211.57,0.0413,2834.350164362209,2868.0128719497675,1598.402008981014,0.037572913714559224,413.0
eval_CoNi-AM67_SEM-EBSD_SameSliceSerialSectioning_1#4,eval_CoNi-AM67_SEM-EBSD_SameSliceSerialSectioning_1,roma|direct|histmatch|s0,roma,transform,10000.0,120.0,309.858,0.012,651.8309437221703,685.4936513097289,294.73981886188426,0.010045476139717914,120.0
eval_CoNi-AM67_SEM-EBSD_SameSliceSerialSectioning_1#4,eval_CoNi-AM67_SEM-EBSD_SameSliceSerialSectioning_1,roma|direct|clahe|s0,roma,transform,10000.0,536.0,541.675,0.0536,3830.551305778832,3864.2140133663906,2225.6575788886194,0.049354575868798316,536.0
eval_CoNi-AM67_SEM-EBSD_SameSliceSerialSectioning_1#4,eval_CoNi-AM67_SEM-EBSD_SameSliceSerialSectioning_1,roma|direct|gradmag|s0,roma,transform,10000.0,350.0,129.804,0.035,2338.335135590823,2371.9978431783816,1291.3586646647902,0.03157280989269597,350.0
eval_CoNi-AM67_SEM-EBSD_SameSliceSerialSectioning_1#5,eval_CoNi-AM67_SEM-EBSD_SameSliceSerialSectioning_1,roma|direct|none|s0,roma,core,10000.0,969.0,224.738,0.0969,7544.9650858999275,7578.627793487486,4641.25972148982,0.0912558409555618,969.0
eval_CoNi-AM67_SEM-EBSD_SameSliceSerialSectioning_1#5,eval_CoNi-AM67_SEM-EBSD_SameSliceSerialSectioning_1,roma|pyramid_v2|none|s0,roma,core,10000.0,1465.0,120.361,0.1465,12067.253210487486,12100.915918075045,7675.761866304778,0.13970517933802817,1465.0
eval_CoNi-AM67_SEM-EBSD_SameSliceSerialSectioning_1#5,eval_CoNi-AM67_SEM-EBSD_SameSliceSerialSectioning_1,roma|direct|invert|s0,roma,transform,10000.0,711.0,214.367,0.0711,5298.331512807266,5331.994220394825,3168.5142670719756,0.06622602477244359,711.0
eval_CoNi-AM67_SEM-EBSD_SameSliceSerialSectioning_1#5,eval_CoNi-AM67_SEM-EBSD_SameSliceSerialSectioning_1,roma|direct|histmatch|s0,roma,transform,10000.0,618.0,420.428,0.0618,4511.755719243425,4545.418426830984,2660.8979227903314,0.05724673957088127,618.0
eval_CoNi-AM67_SEM-EBSD_SameSliceSerialSectioning_1#5,eval_CoNi-AM67_SEM-EBSD_SameSliceSerialSectioning_1,roma|direct|clahe|s0,roma,transform,10000.0,657.0,191.818,0.0657,4839.906579181919,4873.569286769478,2872.065808941879,0.06100889233175331,657.0
eval_CoNi-AM67_SEM-EBSD_SameSliceSerialSectioning_1#5,eval_CoNi-AM67_SEM-EBSD_SameSliceSerialSectioning_1,roma|direct|gradmag|s0,roma,transform,10000.0,2358.0,24.22,0.2358,20684.14352627703,20717.806233864587,13614.036435897624,0.22758242783405513,2358.0
eval_CoNi-AM67_SEM-EBSD_SameSliceSerialSectioning_2#0,eval_CoNi-AM67_SEM-EBSD_SameSliceSerialSectioning_2,roma|direct|none|s0,roma,core,10000.0,1630.0,102.769,0.163,13618.656872952266,13652.319580539825,8732.23658903459,0.15589020666643003,1630.0
eval_CoNi-AM67_SEM-EBSD_SameSliceSerialSectioning_2#0,eval_CoNi-AM67_SEM-EBSD_SameSliceSerialSectioning_2,roma|pyramid_v2|none|s0,roma,core,10000.0,1630.0,102.769,0.163,13618.656872952266,13652.319580539825,8732.23658903459,0.15589020666643003,1630.0
eval_CoNi-AM67_SEM-EBSD_SameSliceSerialSectioning_2#0,eval_CoNi-AM67_SEM-EBSD_SameSliceSerialSectioning_2,roma|direct|invert|s0,roma,transform,10000.0,323.0,307.694,0.0323,2129.2439941717726,2162.906701759331,1163.2552373400526,0.029010477929632468,323.0
eval_CoNi-AM67_SEM-EBSD_SameSliceSerialSectioning_2#0,eval_CoNi-AM67_SEM-EBSD_SameSliceSerialSectioning_2,roma|direct|histmatch|s0,roma,transform,10000.0,553.0,673.128,0.0553,3970.746960152595,4004.4096677401535,2314.860699688301,0.05098858060189775,553.0
eval_CoNi-AM67_SEM-EBSD_SameSliceSerialSectioning_2#0,eval_CoNi-AM67_SEM-EBSD_SameSliceSerialSectioning_2,roma|direct|clahe|s0,roma,transform,10000.0,468.0,79.286,0.0468,3275.64361566477,3309.3063232523286,1874.7199026210894,0.04283152146262244,468.0
eval_CoNi-AM67_SEM-EBSD_SameSliceSerialSectioning_2#0,eval_CoNi-AM67_SEM-EBSD_SameSliceSerialSectioning_2,roma|direct|gradmag|s0,roma,transform,10000.0,513.0,162.788,0.0513,3641.7842437927375,3675.446951380296,2105.8803977791463,0.047145842042160484,513.0
eval_CoNi-AM67_SEM-EBSD_SameSliceSerialSectioning_2#1,eval_CoNi-AM67_SEM-EBSD_SameSliceSerialSectioning_2,roma|direct|none|s0,roma,core,10000.0,218.0,311.993,0.0218,1340.3482933591554,1374.011000946714,689.3101279181877,0.019116156600753505,218.0
eval_CoNi-AM67_SEM-EBSD_SameSliceSerialSectioning_2#1,eval_CoNi-AM67_SEM-EBSD_SameSliceSerialSectioning_2,roma|pyramid_v2|none|s0,roma,core,10000.0,218.0,311.993,0.0218,1340.3482933591554,1374.011000946714,689.3101279181877,0.019116156600753505,218.0
eval_CoNi-AM67_SEM-EBSD_SameSliceSerialSectioning_2#1,eval_CoNi-AM67_SEM-EBSD_SameSliceSerialSectioning_2,roma|direct|invert|s0,roma,transform,10000.0,217.0,328.938,0.0217,1333.0517346895524,1366.714442277111,685.0130785630472,0.01902260420448802,217.0
eval_CoNi-AM67_SEM-EBSD_SameSliceSerialSectioning_2#1,eval_CoNi-AM67_SEM-EBSD_SameSliceSerialSectioning_2,roma|direct|histmatch|s0,roma,transform,10000.0,379.0,340.134,0.0379,2565.3133960379405,2598.976103625499,1431.3500113416403,0.03433132150249827,379.0
eval_CoNi-AM67_SEM-EBSD_SameSliceSerialSectioning_2#1,eval_CoNi-AM67_SEM-EBSD_SameSliceSerialSectioning_2,roma|direct|clahe|s0,roma,transform,10000.0,353.0,395.479,0.0353,2361.703581735008,2395.3662893225664,1305.7284693791194,0.031857879414014786,353.0
eval_CoNi-AM67_SEM-EBSD_SameSliceSerialSectioning_2#1,eval_CoNi-AM67_SEM-EBSD_SameSliceSerialSectioning_2,roma|direct|gradmag|s0,roma,transform,10000.0,202.0,283.377,0.0202,1224.1795993911337,1257.8423069786922,621.1335100404939,0.017621268357355523,202.0
eval_CoNi-AM67_SEM-EBSD_SameSliceSerialSectioning_2#2,eval_CoNi-AM67_SEM-EBSD_SameSliceSerialSectioning_2,roma|direct|none|s0,roma,core,10000.0,2433.0,30.106,0.2433,21430.05001994845,21463.712727536007,14134.975176816592,0.2349898995502245,2433.0
eval_CoNi-AM67_SEM-EBSD_SameSliceSerialSectioning_2#2,eval_CoNi-AM67_SEM-EBSD_SameSliceSerialSectioning_2,roma|pyramid_v2|none|s0,roma,core,10000.0,2433.0,30.106,0.2433,21430.05001994845,21463.712727536007,14134.975176816592,0.2349898995502245,2433.0
eval_CoNi-AM67_SEM-EBSD_SameSliceSerialSectioning_2#2,eval_CoNi-AM67_SEM-EBSD_SameSliceSerialSectioning_2,roma|direct|invert|s0,roma,transform,10000.0,908.0,128.864,0.0908,7006.136319260615,7039.7990268481735,4285.404557746831,0.08532456484669394,908.0
eval_CoNi-AM67_SEM-EBSD_SameSliceSerialSectioning_2#2,eval_CoNi-AM67_SEM-EBSD_SameSliceSerialSectioning_2,roma|direct|histmatch|s0,roma,transform,10000.0,337.0,692.666,0.0337,2237.3822389828306,2271.044946570389,1229.3998664548665,0.030338337622781344,337.0
eval_CoNi-AM67_SEM-EBSD_SameSliceSerialSectioning_2#2,eval_CoNi-AM67_SEM-EBSD_SameSliceSerialSectioning_2,roma|direct|clahe|s0,roma,transform,10000.0,1688.0,31.943,0.1688,14168.826683174097,14202.489390761655,9108.431368761556,0.16158594976038615,1688.0
eval_CoNi-AM67_SEM-EBSD_SameSliceSerialSectioning_2#2,eval_CoNi-AM67_SEM-EBSD_SameSliceSerialSectioning_2,roma|direct|gradmag|s0,roma,transform,10000.0,1888.0,43.8,0.1888,16083.963691966288,16117.626399553847,10423.654450648826,0.18124972964307803,1888.0
eval_CoNi-AM67_SEM-EBSD_SameSliceSerialSectioning_2#3,eval_CoNi-AM67_SEM-EBSD_SameSliceSerialSectioning_2,roma|direct|none|s0,roma,core,10000.0,1607.0,33.647,0.1607,13401.164824780963,13434.827532368521,8583.73463794777,0.15363244709948803,1607.0
eval_CoNi-AM67_SEM-EBSD_SameSliceSerialSectioning_2#3,eval_CoNi-AM67_SEM-EBSD_SameSliceSerialSectioning_2,roma|pyramid_v2|none|s0,roma,core,10000.0,1607.0,33.647,0.1607,13401.164824780963,13434.827532368521,8583.73463794777,0.15363244709948803,1607.0
eval_CoNi-AM67_SEM-EBSD_SameSliceSerialSectioning_2#3,eval_CoNi-AM67_SEM-EBSD_SameSliceSerialSectioning_2,roma|direct|invert|s0,roma,transform,10000.0,2414.0,28.346,0.2414,21240.79555402793,21274.458261615488,14002.712541814864,0.23311300590283052,2414.0
eval_CoNi-AM67_SEM-EBSD_SameSliceSerialSectioning_2#3,eval_CoNi-AM67_SEM-EBSD_SameSliceSerialSectioning_2,roma|direct|histmatch|s0,roma,transform,10000.0,342.0,323.243,0.0342,2276.1499777060244,2309.812685293583,1253.1698778962345,0.03081297277655021,342.0
eval_CoNi-AM67_SEM-EBSD_SameSliceSerialSectioning_2#3,eval_CoNi-AM67_SEM-EBSD_SameSliceSerialSectioning_2,roma|direct|clahe|s0,roma,transform,10000.0,411.0,62.911,0.0411,2818.4414073208936,2852.104114908452,1588.4923589762225,0.037382024827490985,411.0
eval_CoNi-AM67_SEM-EBSD_SameSliceSerialSectioning_2#3,eval_CoNi-AM67_SEM-EBSD_SameSliceSerialSectioning_2,roma|direct|gradmag|s0,roma,transform,10000.0,1216.0,105.691,0.1216,9768.047709299088,9801.710416886646,6123.449026310225,0.11533926873125769,1216.0
eval_CoNi-AM67_SEM-EBSD_SameSliceSerialSectioning_2#4,eval_CoNi-AM67_SEM-EBSD_SameSliceSerialSectioning_2,roma|direct|none|s0,roma,core,10000.0,257.0,257.511,0.0257,1628.373455173334,1662.0361627608925,860.3540540177137,0.022775958742475743,257.0
eval_CoNi-AM67_SEM-EBSD_SameSliceSerialSectioning_2#4,eval_CoNi-AM67_SEM-EBSD_SameSliceSerialSectioning_2,roma|pyramid_v2|none|s0,roma,core,10000.0,301.0,115.282,0.0301,1960.5883183534042,1994.2510259409628,1060.5894590245136,0.026927382008732185,301.0
eval_CoNi-AM67_SEM-EBSD_SameSliceSerialSectioning_2#4,eval_CoNi-AM67_SEM-EBSD_SameSliceSerialSectioning_2,roma|direct|invert|s0,roma,transform,10000.0,288.0,423.677,0.0288,1861.6991501953798,1895.3618577829384,1000.6942741256858,0.02569865595525375,288.0
eval_CoNi-AM67_SEM-EBSD_SameSliceSerialSectioning_2#4,eval_CoNi-AM67_SEM-EBSD_SameSliceSerialSectioning_2,roma|direct|histmatch|s0,roma,transform,10000.0,302.0,341.584,0.0302,1968.2194308609335,2001.882138448492,1065.2210328086135,0.027021969174996986,302.0
eval_CoNi-AM67_SEM-EBSD_SameSliceSerialSectioning_2#4,eval_CoNi-AM67_SEM-EBSD_SameSliceSerialSectioning_2,roma|direct|clahe|s0,roma,transform,10000.0,312.0,387.104,0.0312,2044.7162725077114,2078.37898009527,1111.7224759835922,0.027968368332701166,312.0
eval_CoNi-AM67_SEM-EBSD_SameSliceSerialSectioning_2#4,eval_CoNi-AM67_SEM-EBSD_SameSliceSerialSectioning_2,roma|direct|gradmag|s0,roma,transform,10000.0,666.0,637.287,0.0666,4915.990471183776,4949.653178771335,2921.1536254547614,0.061877791043856295,666.0
eval_CoNi-AM67_SEM-EBSD_SameSliceSerialSectioning_2#5,eval_CoNi-AM67_SEM-EBSD_SameSliceSerialSectioning_2,roma|direct|none|s0,roma,core,10000.0,705.0,186.318,0.0705,5247.171633962757,5280.834341550316,3135.351776919508,0.06564591163523723,705.0
eval_CoNi-AM67_SEM-EBSD_SameSliceSerialSectioning_2#5,eval_CoNi-AM67_SEM-EBSD_SameSliceSerialSectioning_2,roma|pyramid_v2|none|s0,roma,core,10000.0,705.0,186.318,0.0705,5247.171633962757,5280.834341550316,3135.351776919508,0.06564591163523723,705.0
eval_CoNi-AM67_SEM-EBSD_SameSliceSerialSectioning_2#5,eval_CoNi-AM67_SEM-EBSD_SameSliceSerialSectioning_2,roma|direct|invert|s0,roma,transform,10000.0,1878.0,62.07,0.1878,15987.567988262097,16021.230695849656,10357.254444205366,0.18026572926541165,1878.0
eval_CoNi-AM67_SEM-EBSD_SameSliceSerialSectioning_2#5,eval_CoNi-AM67_SEM-EBSD_SameSliceSerialSectioning_2,roma|direct|histmatch|s0,roma,transform,10000.0,511.0,169.398,0.0511,3625.420389997614,3659.0830975851727,2095.5156630315923,0.04695388984871269,511.0
eval_CoNi-AM67_SEM-EBSD_SameSliceSerialSectioning_2#5,eval_CoNi-AM67_SEM-EBSD_SameSliceSerialSectioning_2,roma|direct|clahe|s0,roma,transform,10000.0,422.0,89.037,0.0422,2906.0637770176695,2939.726484605228,1643.1196359736339,0.03843221799684181,422.0
eval_CoNi-AM67_SEM-EBSD_SameSliceSerialSectioning_2#5,eval_CoNi-AM67_SEM-EBSD_SameSliceSerialSectioning_2,roma|direct|gradmag|s0,roma,transform,10000.0,2137.0,36.302,0.2137,18504.629619738807,18538.292327326366,12097.427492085879,0.20577649490250466,2137.0
eval_CoNi-AM90_OM-SEM_Multiscale_0#0,eval_CoNi-AM90_OM-SEM_Multiscale_0,roma|direct|none|s0,roma,core,10000.0,295.0,1245.217,0.0295,1914.873848473582,1948.5365560611406,473.28911726515014,0.026360065950106665,295.0
eval_CoNi-AM90_OM-SEM_Multiscale_0#0,eval_CoNi-AM90_OM-SEM_Multiscale_0,roma|pyramid_v2|none|s0,roma,core,10000.0,753.0,1090.743,0.0753,5657.952842359225,5691.615549946783,1945.274767889567,0.07028965503084275,753.0
eval_CoNi-AM90_OM-SEM_Multiscale_0#0,eval_CoNi-AM90_OM-SEM_Multiscale_0,roma|direct|invert|s0,roma,transform,10000.0,574.0,1844.687,0.0574,4144.691341616809,4178.354049204368,1319.6328921184504,0.05300868487210344,574.0
eval_CoNi-AM90_OM-SEM_Multiscale_0#0,eval_CoNi-AM90_OM-SEM_Multiscale_0,roma|direct|histmatch|s0,roma,transform,10000.0,400.0,2982.59,0.04,2731.125736128268,2764.7884437158264,768.8850608829588,0.036332586849879514,400.0
eval_CoNi-AM90_OM-SEM_Multiscale_0#0,eval_CoNi-AM90_OM-SEM_Multiscale_0,roma|direct|clahe|s0,roma,transform,10000.0,310.0,1467.557,0.031,2029.3901456979625,2063.052853285521,513.4268562764865,0.02777901285655552,310.0
eval_CoNi-AM90_OM-SEM_Multiscale_0#0,eval_CoNi-AM90_OM-SEM_Multiscale_0,roma|direct|gradmag|s0,roma,transform,10000.0,313.0,1582.359,0.0313,2052.3842958556766,2086.047003443235,521.5452503927396,0.02806306001212003,313.0
eval_CoNi-AM90_OM-SEM_Multiscale_0#1,eval_CoNi-AM90_OM-SEM_Multiscale_0,roma|direct|none|s0,roma,core,10000.0,1206.0,983.785,0.1206,9676.860102452441,9710.52281004,8288.510681474052,0.11436239686565423,1206.0
eval_CoNi-AM90_OM-SEM_Multiscale_0#1,eval_CoNi-AM90_OM-SEM_Multiscale_0,roma|pyramid_v2|none|s0,roma,core,10000.0,1206.0,983.785,0.1206,9676.860102452441,9710.52281004,8288.510681474052,0.11436239686565423,1206.0
eval_CoNi-AM90_OM-SEM_Multiscale_0#1,eval_CoNi-AM90_OM-SEM_Multiscale_0,roma|direct|invert|s0,roma,transform,10000.0,340.0,3207.096,0.034,2260.63375242706,2294.2964600146183,1869.458859161225,0.03062309409181081,340.0
eval_CoNi-AM90_OM-SEM_Multiscale_0#1,eval_CoNi-AM90_OM-SEM_Multiscale_0,roma|direct|histmatch|s0,roma,transform,10000.0,397.0,1029.562,0.0397,2707.366649660118,2741.0293572476767,2250.5579593080533,0.036046511447362685,397.0
eval_CoNi-AM90_OM-SEM_Multiscale_0#1,eval_CoNi-AM90_OM-SEM_Multiscale_0,roma|direct|clahe|s0,roma,transform,10000.0,204.0,615.48,0.0204,1238.6320913816799,1272.2947989692384,1004.0568258025223,0.017807894923034102,204.0
eval_CoNi-AM90_OM-SEM_Multiscale_0#1,eval_CoNi-AM90_OM-SEM_Multiscale_0,roma|direct|gradmag|s0,roma,transform,10000.0,171.0,790.066,0.0171,1002.8748209556163,1036.5375285431749,806.2978422648875,0.014738184787739425,171.0
eval_CoNi-AM90_SEM-DIC_EBSD_SlipPartitioning_0#0,eval_CoNi-AM90_SEM-DIC_EBSD_SlipPartitioning_0,roma|direct|none|s0,roma,core,10000.0,1663.0,896.281,0.1663,11987.383650635364,12021.046358222922,19487.83355601759,0.15913049617968592,1663.0
eval_CoNi-AM90_SEM-DIC_EBSD_SlipPartitioning_0#0,eval_CoNi-AM90_SEM-DIC_EBSD_SlipPartitioning_0,roma|pyramid_v2|none|s0,roma,core,10000.0,1663.0,896.281,0.1663,11987.383650635364,12021.046358222922,19487.83355601759,0.15913049617968592,1663.0
eval_CoNi-AM90_SEM-DIC_EBSD_SlipPartitioning_0#0,eval_CoNi-AM90_SEM-DIC_EBSD_SlipPartitioning_0,roma|direct|invert|s0,roma,transform,10000.0,1470.0,907.206,0.147,10395.603042544843,10429.265750132401,17025.53007215239,0.1401952118159905,1470.0
eval_CoNi-AM90_SEM-DIC_EBSD_SlipPartitioning_0#0,eval_CoNi-AM90_SEM-DIC_EBSD_SlipPartitioning_0,roma|direct|histmatch|s0,roma,transform,10000.0,1691.0,933.736,0.1691,12220.60958526091,12254.272292848469,19847.352965567745,0.1618806435128312,1691.0
eval_CoNi-AM90_SEM-DIC_EBSD_SlipPartitioning_0#0,eval_CoNi-AM90_SEM-DIC_EBSD_SlipPartitioning_0,roma|direct|clahe|s0,roma,transform,10000.0,1117.0,895.657,0.1117,7563.890577020385,7597.553284607943,12601.61776928534,0.10567466364979963,1117.0
eval_CoNi-AM90_SEM-DIC_EBSD_SlipPartitioning_0#0,eval_CoNi-AM90_SEM-DIC_EBSD_SlipPartitioning_0,roma|direct|gradmag|s0,roma,transform,10000.0,693.0,183.13,0.0693,4335.113489980301,4368.7761975678595,7460.3968239189935,0.06448600139146209,693.0
eval_CoNi-AM90_SEM-DIC_EBSD_SlipPartitioning_0#1,eval_CoNi-AM90_SEM-DIC_EBSD_SlipPartitioning_0,roma|direct|none|s0,roma,core,10000.0,273.0,714.244,0.0273,1429.4970086837639,1463.1597162713224,2660.3792106296537,0.024283092442663634,273.0
eval_CoNi-AM90_SEM-DIC_EBSD_SlipPartitioning_0#1,eval_CoNi-AM90_SEM-DIC_EBSD_SlipPartitioning_0,roma|pyramid_v2|none|s0,roma,core,10000.0,273.0,714.244,0.0273,1429.4970086837639,1463.1597162713224,2660.3792106296537,0.024283092442663634,273.0
eval_CoNi-AM90_SEM-DIC_EBSD_SlipPartitioning_0#1,eval_CoNi-AM90_SEM-DIC_EBSD_SlipPartitioning_0,roma|direct|invert|s0,roma,transform,10000.0,369.0,695.133,0.0369,2055.6846564425214,2089.34736403008,3719.5726183824127,0.03337941008580055,369.0
eval_CoNi-AM90_SEM-DIC_EBSD_SlipPartitioning_0#1,eval_CoNi-AM90_SEM-DIC_EBSD_SlipPartitioning_0,roma|direct|histmatch|s0,roma,transform,10000.0,726.0,786.11,0.0726,4577.982333090745,4611.645040678303,7852.111522349395,0.0676767587059946,726.0
eval_CoNi-AM90_SEM-DIC_EBSD_SlipPartitioning_0#1,eval_CoNi-AM90_SEM-DIC_EBSD_SlipPartitioning_0,roma|direct|clahe|s0,roma,transform,10000.0,1235.0,801.402,0.1235,8497.965268549737,8531.627976137295,14067.929227072216,0.11719571024051997,1235.0
eval_CoNi-AM90_SEM-DIC_EBSD_SlipPartitioning_0#1,eval_CoNi-AM90_SEM-DIC_EBSD_SlipPartitioning_0,roma|direct|gradmag|s0,roma,transform,10000.0,427.0,166.861,0.0427,2447.0881680069897,2480.7508755945482,4372.583875827525,0.03890982053191082,427.0
eval_CoNi-AM90_SEM-DIC_EBSD_SlipPartitioning_0#2,eval_CoNi-AM90_SEM-DIC_EBSD_SlipPartitioning_0,roma|direct|none|s0,roma,core,10000.0,705.0,959.134,0.0705,4423.2380170287515,4456.90072461631,7602.647116197716,0.06564591163523723,705.0
eval_CoNi-AM90_SEM-DIC_EBSD_SlipPartitioning_0#2,eval_CoNi-AM90_SEM-DIC_EBSD_SlipPartitioning_0,roma|pyramid_v2|none|s0,roma,core,10000.0,705.0,959.134,0.0705,4423.2380170287515,4456.90072461631,7602.647116197716,0.06564591163523723,705.0
eval_CoNi-AM90_SEM-DIC_EBSD_SlipPartitioning_0#2,eval_CoNi-AM90_SEM-DIC_EBSD_SlipPartitioning_0,roma|direct|invert|s0,roma,transform,10000.0,442.0,936.237,0.0442,2549.697405207638,2583.3601127951965,4542.850296207608,0.04034350470151691,442.0
eval_CoNi-AM90_SEM-DIC_EBSD_SlipPartitioning_0#2,eval_CoNi-AM90_SEM-DIC_EBSD_SlipPartitioning_0,roma|direct|histmatch|s0,roma,transform,10000.0,222.0,555.495,0.0222,1110.3580060354848,1144.0207136230433,2111.2060578999253,0.01949052144308665,222.0
eval_CoNi-AM90_SEM-DIC_EBSD_SlipPartitioning_0#2,eval_CoNi-AM90_SEM-DIC_EBSD_SlipPartitioning_0,roma|direct|clahe|s0,roma,transform,10000.0,611.0,680.459,0.0611,3739.0987493686785,3772.761456956237,6494.522699944332,0.05657203195329297,611.0
eval_CoNi-AM90_SEM-DIC_EBSD_SlipPartitioning_0#2,eval_CoNi-AM90_SEM-DIC_EBSD_SlipPartitioning_0,roma|direct|gradmag|s0,roma,transform,10000.0,423.0,476.519,0.0423,2419.817815932023,2453.4805235195818,4327.271608693507,0.03852772656784894,423.0
eval_CoNi-AM90_SEM-DIC_EBSD_SlipPartitioning_0#3,eval_CoNi-AM90_SEM-DIC_EBSD_SlipPartitioning_0,roma|direct|none|s0,roma,core,10000.0,562.0,910.705,0.0562,3388.451288269304,3422.1139958568624,5922.861717810629,0.05185412408045513,562.0
eval_CoNi-AM90_SEM-DIC_EBSD_SlipPartitioning_0#3,eval_CoNi-AM90_SEM-DIC_EBSD_SlipPartitioning_0,roma|pyramid_v2|none|s0,roma,core,10000.0,1039.0,880.688,0.1039,6954.081312977729,6987.744020565287,11639.990986904195,0.09807086253470187,1039.0
eval_CoNi-AM90_SEM-DIC_EBSD_SlipPartitioning_0#3,eval_CoNi-AM90_SEM-DIC_EBSD_SlipPartitioning_0,roma|direct|invert|s0,roma,transform,10000.0,556.0,789.276,0.0556,3345.8185453218534,3379.481252909412,5853.166095564601,0.05127705863589792,556.0
eval_CoNi-AM90_SEM-DIC_EBSD_SlipPartitioning_0#3,eval_CoNi-AM90_SEM-DIC_EBSD_SlipPartitioning_0,roma|direct|histmatch|s0,roma,transform,10000.0,857.0,915.839,0.0857,5557.440343494137,5591.103051081695,9422.442497461636,0.08037149560837357,857.0
eval_CoNi-AM90_SEM-DIC_EBSD_SlipPartitioning_0#3,eval_CoNi-AM90_SEM-DIC_EBSD_SlipPartitioning_0,roma|direct|clahe|s0,roma,transform,10000.0,438.0,805.09,0.0438,2522.282200032476,2555.9449076200344,4497.393175263255,0.03996106261277299,438.0
eval_CoNi-AM90_SEM-DIC_EBSD_SlipPartitioning_0#3,eval_CoNi-AM90_SEM-DIC_EBSD_SlipPartitioning_0,roma|direct|gradmag|s0,roma,transform,10000.0,1077.0,769.924,0.1077,7250.377649069862,7284.0403566574205,12107.685600577568,0.10177403090282862,1077.0
eval_CoNi-AM90_SEM-DIC_EBSD_SlipPartitioning_0#4,eval_CoNi-AM90_SEM-DIC_EBSD_SlipPartitioning_0,roma|direct|none|s0,roma,core,10000.0,172.0,669.865,0.0172,809.1649028604785,842.827610448037,1584.4895087261273,0.014830880567997445,172.0
eval_CoNi-AM90_SEM-DIC_EBSD_SlipPartitioning_0#4,eval_CoNi-AM90_SEM-DIC_EBSD_SlipPartitioning_0,roma|pyramid_v2|none|s0,roma,core,10000.0,1209.0,756.336,0.1209,8291.008879222352,8324.67158680991,13743.700329236879,0.11465544361804583,1209.0
eval_CoNi-AM90_SEM-DIC_EBSD_SlipPartitioning_0#4,eval_CoNi-AM90_SEM-DIC_EBSD_SlipPartitioning_0,roma|direct|invert|s0,roma,transform,10000.0,601.0,800.902,0.0601,3667.187728804733,3700.8504363922916,6377.506878263849,0.05560846700111595,601.0
eval_CoNi-AM90_SEM-DIC_EBSD_SlipPartitioning_0#4,eval_CoNi-AM90_SEM-DIC_EBSD_SlipPartitioning_0,roma|direct|histmatch|s0,roma,transform,10000.0,218.0,923.927,0.0218,1085.80186281666,1119.4645704042186,2068.608028488948,0.019116156600753505,218.0
eval_CoNi-AM90_SEM-DIC_EBSD_SlipPartitioning_0#4,eval_CoNi-AM90_SEM-DIC_EBSD_SlipPartitioning_0,roma|direct|clahe|s0,roma,transform,10000.0,303.0,807.411,0.0303,1621.9280724217197,1655.5907800092782,2988.124543393333,0.02711656606925434,303.0
eval_CoNi-AM90_SEM-DIC_EBSD_SlipPartitioning_0#4,eval_CoNi-AM90_SEM-DIC_EBSD_SlipPartitioning_0,roma|direct|gradmag|s0,roma,transform,10000.0,828.0,874.52,0.0828,5338.6114887835,5372.274196371059,9072.809701244822,0.07755760298166992,828.0
eval_CoNi-AM90_SEM-DIC_EBSD_SlipPartitioning_0#5,eval_CoNi-AM90_SEM-DIC_EBSD_SlipPartitioning_0,roma|direct|none|s0,roma,core,10000.0,580.0,929.779,0.058,3516.7537299531828,3550.4164375407413,6132.35279853213,0.053586176000557005,580.0
eval_CoNi-AM90_SEM-DIC_EBSD_SlipPartitioning_0#5,eval_CoNi-AM90_SEM-DIC_EBSD_SlipPartitioning_0,roma|pyramid_v2|none|s0,roma,core,10000.0,1033.0,881.555,0.1033,6907.438133188975,6941.100840776534,11566.284921291171,0.09748637603561754,1033.0
eval_CoNi-AM90_SEM-DIC_EBSD_SlipPartitioning_0#5,eval_CoNi-AM90_SEM-DIC_EBSD_SlipPartitioning_0,roma|direct|invert|s0,roma,transform,10000.0,478.0,540.303,0.0478,2798.099092501052,2831.7618000886105,4953.629232870694,0.043789399861243195,478.0
eval_CoNi-AM90_SEM-DIC_EBSD_SlipPartitioning_0#5,eval_CoNi-AM90_SEM-DIC_EBSD_SlipPartitioning_0,roma|direct|histmatch|s0,roma,transform,10000.0,182.0,2346.979,0.0182,868.3409949516453,902.0037025392038,1688.7702626629064,0.015759024204124412,182.0
eval_CoNi-AM90_SEM-DIC_EBSD_SlipPartitioning_0#5,eval_CoNi-AM90_SEM-DIC_EBSD_SlipPartitioning_0,roma|direct|clahe|s0,roma,transform,10000.0,119.0,627.961,0.0119,506.341979012376,540.0046865999345,1042.6123018097123,0.009954278775904261,119.0
eval_CoNi-AM90_SEM-DIC_EBSD_SlipPartitioning_0#5,eval_CoNi-AM90_SEM-DIC_EBSD_SlipPartitioning_0,roma|direct|gradmag|s0,roma,transform,10000.0,618.0,688.402,0.0618,3789.540263961557,3823.2029715491153,6576.5375755700625,0.05724673957088127,618.0
eval_CoNi-AM90_SEM-DIC_EBSD_SlipPartitioning_0#6,eval_CoNi-AM90_SEM-DIC_EBSD_SlipPartitioning_0,roma|direct|none|s0,roma,core,10000.0,1163.0,918.276,0.1163,7926.42044882424,7960.083156411799,13171.629769317244,0.1101634817491056,1163.0
eval_CoNi-AM90_SEM-DIC_EBSD_SlipPartitioning_0#6,eval_CoNi-AM90_SEM-DIC_EBSD_SlipPartitioning_0,roma|pyramid_v2|none|s0,roma,core,10000.0,1163.0,918.276,0.1163,7926.42044882424,7960.083156411799,13171.629769317244,0.1101634817491056,1163.0
eval_CoNi-AM90_SEM-DIC_EBSD_SlipPartitioning_0#6,eval_CoNi-AM90_SEM-DIC_EBSD_SlipPartitioning_0,roma|direct|invert|s0,roma,transform,10000.0,799.0,746.709,0.0799,5120.889614663566,5154.552322251125,8724.283887041682,0.07474567628818456,799.0
eval_CoNi-AM90_SEM-DIC_EBSD_SlipPartitioning_0#6,eval_CoNi-AM90_SEM-DIC_EBSD_SlipPartitioning_0,roma|direct|histmatch|s0,roma,transform,10000.0,900.0,923.052,0.09,5883.876102718051,5917.538810305609,9942.828930899559,0.084547247383241,900.0
eval_CoNi-AM90_SEM-DIC_EBSD_SlipPartitioning_0#6,eval_CoNi-AM90_SEM-DIC_EBSD_SlipPartitioning_0,roma|direct|clahe|s0,roma,transform,10000.0,342.0,845.419,0.0342,1876.6263969604386,1910.289104547997,3418.7314630756687,0.03081297277655021,342.0
eval_CoNi-AM90_SEM-DIC_EBSD_SlipPartitioning_0#6,eval_CoNi-AM90_SEM-DIC_EBSD_SlipPartitioning_0,roma|direct|gradmag|s0,roma,transform,10000.0,1071.0,656.728,0.1071,7203.492946483909,7237.155654071467,12033.738011980842,0.10118915955532345,1071.0
eval_CoNi-AM90_SEM-DIC_EBSD_SlipPartitioning_0#7,eval_CoNi-AM90_SEM-DIC_EBSD_SlipPartitioning_0,roma|direct|none|s0,roma,core,10000.0,604.0,783.692,0.0604,3688.7425857214375,3722.405293308996,6412.593175470146,0.05589749864483998,604.0
eval_CoNi-AM90_SEM-DIC_EBSD_SlipPartitioning_0#7,eval_CoNi-AM90_SEM-DIC_EBSD_SlipPartitioning_0,roma|pyramid_v2|none|s0,roma,core,10000.0,191.0,546.65,0.0191,922.0777344914676,955.7404420790261,1783.1012114480789,0.016596099487374092,191.0
eval_CoNi-AM90_SEM-DIC_EBSD_SlipPartitioning_0#7,eval_CoNi-AM90_SEM-DIC_EBSD_SlipPartitioning_0,roma|direct|invert|s0,roma,transform,10000.0,1198.0,821.962,0.1198,8203.64113272898,8237.30384031654,13606.71729079168,0.11358100130889932,1198.0
eval_CoNi-AM90_SEM-DIC_EBSD_SlipPartitioning_0#7,eval_CoNi-AM90_SEM-DIC_EBSD_SlipPartitioning_0,roma|direct|histmatch|s0,roma,transform,10000.0,615.0,1056.559,0.0615,3767.9120792517015,3801.57478683926,6541.3779503927935,0.05695755799797594,615.0
eval_CoNi-AM90_SEM-DIC_EBSD_SlipPartitioning_0#7,eval_CoNi-AM90_SEM-DIC_EBSD_SlipPartitioning_0,roma|direct|clahe|s0,roma,transform,10000.0,965.0,800.766,0.0965,6381.580159890548,6415.242867478107,10733.714244315901,0.0908666826899743,965.0
eval_CoNi-AM90_SEM-DIC_EBSD_SlipPartitioning_0#7,eval_CoNi-AM90_SEM-DIC_EBSD_SlipPartitioning_0,roma|direct|gradmag|s0,roma,transform,10000.0,1077.0,887.676,0.1077,7250.377649069862,7284.0403566574205,12107.685600577568,0.10177403090282862,1077.0
eval_CoNi-AM90_SEM-DIC_EBSD_SlipPartitioning_0#8,eval_CoNi-AM90_SEM-DIC_EBSD_SlipPartitioning_0,roma|direct|none|s0,roma,core,10000.0,470.0,1143.699,0.047,2742.6454417583395,2776.308149345898,4862.091747855049,0.043023056170192565,470.0
eval_CoNi-AM90_SEM-DIC_EBSD_SlipPartitioning_0#8,eval_CoNi-AM90_SEM-DIC_EBSD_SlipPartitioning_0,roma|pyramid_v2|none|s0,roma,core,10000.0,765.0,930.492,0.0765,4867.088593144617,4900.751300732176,8317.12652400676,0.07145157089871979,765.0
eval_CoNi-AM90_SEM-DIC_EBSD_SlipPartitioning_0#8,eval_CoNi-AM90_SEM-DIC_EBSD_SlipPartitioning_0,roma|direct|invert|s0,roma,transform,10000.0,1222.0,930.489,0.1222,8394.408326183891,8428.07103377145,13905.736030407921,0.11592545922975278,1222.0
eval_CoNi-AM90_SEM-DIC_EBSD_SlipPartitioning_0#8,eval_CoNi-AM90_SEM-DIC_EBSD_SlipPartitioning_0,roma|direct|histmatch|s0,roma,transform,10000.0,309.0,921.828,0.0309,1660.7911541439078,1694.4538617314663,3054.0504829539423,0.027684349146600024,309.0
eval_CoNi-AM90_SEM-DIC_EBSD_SlipPartitioning_0#8,eval_CoNi-AM90_SEM-DIC_EBSD_SlipPartitioning_0,roma|direct|clahe|s0,roma,transform,10000.0,1212.0,912.946,0.1212,8314.856235401832,8348.51894298939,13781.079128687434,0.11494850308045294,1212.0
eval_CoNi-AM90_SEM-DIC_EBSD_SlipPartitioning_0#8,eval_CoNi-AM90_SEM-DIC_EBSD_SlipPartitioning_0,roma|direct|gradmag|s0,roma,transform,10000.0,822.0,667.333,0.0822,5293.473593473764,5327.136301061322,9000.608921658222,0.07697566063788176,822.0
eval_CoNi-AM90_SEM-DIC_EBSD_SlipPartitioning_0#9,eval_CoNi-AM90_SEM-DIC_EBSD_SlipPartitioning_0,roma|direct|none|s0,roma,core,10000.0,630.0,908.884,0.063,3876.207412669057,3909.8701202566153,6717.330486507461,0.058403778834532516,630.0
eval_CoNi-AM90_SEM-DIC_EBSD_SlipPartitioning_0#9,eval_CoNi-AM90_SEM-DIC_EBSD_SlipPartitioning_0,roma|pyramid_v2|none|s0,roma,core,10000.0,535.0,1510.812,0.0535,3197.1480543083753,3230.810761895934,5609.775528630712,0.04925849590206198,535.0
eval_CoNi-AM90_SEM-DIC_EBSD_SlipPartitioning_0#9,eval_CoNi-AM90_SEM-DIC_EBSD_SlipPartitioning_0,roma|direct|invert|s0,roma,transform,10000.0,599.0,781.353,0.0599,3652.8266641036203,3686.489371691179,6354.124853391711,0.055415797426509726,599.0
eval_CoNi-AM90_SEM-DIC_EBSD_SlipPartitioning_0#9,eval_CoNi-AM90_SEM-DIC_EBSD_SlipPartitioning_0,roma|direct|histmatch|s0,roma,transform,10000.0,487.0,835.783,0.0487,2860.6522544500604,2894.314962037619,5056.776709046167,0.04465192097456977,487.0
eval_CoNi-AM90_SEM-DIC_EBSD_SlipPartitioning_0#9,eval_CoNi-AM90_SEM-DIC_EBSD_SlipPartitioning_0,roma|direct|clahe|s0,roma,transform,10000.0,514.0,803.922,0.0514,3049.3478911706047,3083.0105987581633,5367.255292335358,0.047241824970550315,514.0
eval_CoNi-AM90_SEM-DIC_EBSD_SlipPartitioning_0#9,eval_CoNi-AM90_SEM-DIC_EBSD_SlipPartitioning_0,roma|direct|gradmag|s0,roma,transform,10000.0,761.0,774.685,0.0761,4837.335900371039,4870.998607958598,8269.331908858601,0.0710642235407037,761.0
eval_CoNi-AM90_SEM-DIC_EBSD_SlipPartitioning_0#10,eval_CoNi-AM90_SEM-DIC_EBSD_SlipPartitioning_0,roma|direct|none|s0,roma,core,10000.0,451.0,803.41,0.0451,2611.5194496627123,2645.182157250271,4645.266651784591,0.04120432664892541,451.0
eval_CoNi-AM90_SEM-DIC_EBSD_SlipPartitioning_0#10,eval_CoNi-AM90_SEM-DIC_EBSD_SlipPartitioning_0,roma|pyramid_v2|none|s0,roma,core,10000.0,1025.0,713.223,0.1025,6845.307691261368,6878.970398848926,11468.070631646731,0.09670715796861107,1025.0
eval_CoNi-AM90_SEM-DIC_EBSD_SlipPartitioning_0#10,eval_CoNi-AM90_SEM-DIC_EBSD_SlipPartitioning_0,roma|direct|invert|s0,roma,transform,10000.0,249.0,870.546,0.0249,1277.9746197179904,1311.637327305549,2400.6054364564416,0.022023555462864053,249.0
eval_CoNi-AM90_SEM-DIC_EBSD_SlipPartitioning_0#10,eval_CoNi-AM90_SEM-DIC_EBSD_SlipPartitioning_0,roma|direct|histmatch|s0,roma,transform,10000.0,91.0,838.503,0.0091,355.49869216048586,389.1613997480444,765.4767607209616,0.007418178537780262,91.0
eval_CoNi-AM90_SEM-DIC_EBSD_SlipPartitioning_0#10,eval_CoNi-AM90_SEM-DIC_EBSD_SlipPartitioning_0,roma|direct|clahe|s0,roma,transform,10000.0,779.0,808.638,0.0779,4971.400554288336,5005.063261875895,8484.585213727985,0.07280761282706955,779.0
eval_CoNi-AM90_SEM-DIC_EBSD_SlipPartitioning_0#10,eval_CoNi-AM90_SEM-DIC_EBSD_SlipPartitioning_0,roma|direct|gradmag|s0,roma,transform,10000.0,1964.0,890.031,0.1964,14522.761004075599,14556.423711663158,23380.86577204417,0.18873076675537642,1964.0
eval_CoNi-AM90_SEM-DIC_EBSD_SlipPartitioning_0#11,eval_CoNi-AM90_SEM-DIC_EBSD_SlipPartitioning_0,roma|direct|none|s0,roma,core,10000.0,538.0,971.197,0.0538,3218.3341595681663,3251.996867155725,5644.493073146086,0.04954674862078316,538.0
eval_CoNi-AM90_SEM-DIC_EBSD_SlipPartitioning_0#11,eval_CoNi-AM90_SEM-DIC_EBSD_SlipPartitioning_0,roma|pyramid_v2|none|s0,roma,core,10000.0,2339.0,1037.858,0.2339,17761.3080658333,17794.970773420857,28310.843326387465,0.22570643531200518,2339.0
eval_CoNi-AM90_SEM-DIC_EBSD_SlipPartitioning_0#11,eval_CoNi-AM90_SEM-DIC_EBSD_SlipPartitioning_0,roma|direct|invert|s0,roma,transform,10000.0,1199.0,1030.409,0.1199,8211.5789288399,8245.241636427458,13619.165567986365,0.11367867076807738,1199.0
eval_CoNi-AM90_SEM-DIC_EBSD_SlipPartitioning_0#11,eval_CoNi-AM90_SEM-DIC_EBSD_SlipPartitioning_0,roma|direct|histmatch|s0,roma,transform,10000.0,245.0,639.226,0.0245,1252.9453649199856,1286.6080725075442,2357.5342873297163,0.02164766048220529,245.0
eval_CoNi-AM90_SEM-DIC_EBSD_SlipPartitioning_0#11,eval_CoNi-AM90_SEM-DIC_EBSD_SlipPartitioning_0,roma|direct|clahe|s0,roma,transform,10000.0,1262.0,930.582,0.1262,8713.542154604496,8747.204862192055,14405.28910309598,0.11983466229041347,1262.0
eval_CoNi-AM90_SEM-DIC_EBSD_SlipPartitioning_0#11,eval_CoNi-AM90_SEM-DIC_EBSD_SlipPartitioning_0,roma|direct|gradmag|s0,roma,transform,10000.0,442.0,751.729,0.0442,2549.697405207638,2583.3601127951965,4542.850296207608,0.04034350470151691,442.0
eval_CoNi-AM90_SEM-DIC_EBSD_SlipPartitioning_0#12,eval_CoNi-AM90_SEM-DIC_EBSD_SlipPartitioning_0,roma|direct|none|s0,roma,core,10000.0,556.0,816.549,0.0556,3345.8185453218534,3379.481252909412,5853.166095564601,0.05127705863589792,556.0
eval_CoNi-AM90_SEM-DIC_EBSD_SlipPartitioning_0#12,eval_CoNi-AM90_SEM-DIC_EBSD_SlipPartitioning_0,roma|pyramid_v2|none|s0,roma,core,10000.0,877.0,917.834,0.0877,5708.98388105809,5742.646588645649,9664.195650612848,0.08231320933706052,877.0
eval_CoNi-AM90_SEM-DIC_EBSD_SlipPartitioning_0#12,eval_CoNi-AM90_SEM-DIC_EBSD_SlipPartitioning_0,roma|direct|invert|s0,roma,transform,10000.0,877.0,971.551,0.0877,5708.98388105809,5742.646588645649,9664.195650612848,0.08231320933706052,877.0
eval_CoNi-AM90_SEM-DIC_EBSD_SlipPartitioning_0#12,eval_CoNi-AM90_SEM-DIC_EBSD_SlipPartitioning_0,roma|direct|histmatch|s0,roma,transform,10000.0,723.0,832.711,0.0723,4555.8355137431045,4589.498221330663,7816.433261490407,0.0673865609604734,723.0
eval_CoNi-AM90_SEM-DIC_EBSD_SlipPartitioning_0#12,eval_CoNi-AM90_SEM-DIC_EBSD_SlipPartitioning_0,roma|direct|clahe|s0,roma,transform,10000.0,1063.0,889.397,0.1063,7141.038576629745,7174.7012842173035,11935.199794156159,0.10040942381670014,1063.0
eval_CoNi-AM90_SEM-DIC_EBSD_SlipPartitioning_0#12,eval_CoNi-AM90_SEM-DIC_EBSD_SlipPartitioning_0,roma|direct|gradmag|s0,roma,transform,10000.0,774.0,773.604,0.0774,4934.114742718734,4967.777450306293,8424.746999048199,0.07232325434187925,774.0
eval_CoNi-AM90_SEM-DIC_EBSD_SlipPartitioning_0#13,eval_CoNi-AM90_SEM-DIC_EBSD_SlipPartitioning_0,roma|direct|none|s0,roma,core,10000.0,206.0,796.971,0.0206,1012.588132644222,1046.2508402317806,1941.2686489055725,0.017994590372836756,206.0
eval_CoNi-AM90_SEM-DIC_EBSD_SlipPartitioning_0#13,eval_CoNi-AM90_SEM-DIC_EBSD_SlipPartitioning_0,roma|pyramid_v2|none|s0,roma,core,10000.0,572.0,884.937,0.0572,3459.656227252866,3493.3189348404244,6039.171456053982,0.05281621879303869,572.0
eval_CoNi-AM90_SEM-DIC_EBSD_SlipPartitioning_0#13,eval_CoNi-AM90_SEM-DIC_EBSD_SlipPartitioning_0,roma|direct|invert|s0,roma,transform,10000.0,1162.0,820.719,0.1162,7918.517219332894,7952.179926920452,13159.21605876315,0.1100658647319099,1162.0
eval_CoNi-AM90_SEM-DIC_EBSD_SlipPartitioning_0#13,eval_CoNi-AM90_SEM-DIC_EBSD_SlipPartitioning_0,roma|direct|histmatch|s0,roma,transform,10000.0,137.0,667.954,0.0137,606.9425524296396,640.6052600171981,1224.4010159970667,0.011601223967326633,137.0
eval_CoNi-AM90_SEM-DIC_EBSD_SlipPartitioning_0#13,eval_CoNi-AM90_SEM-DIC_EBSD_SlipPartitioning_0,roma|direct|clahe|s0,roma,transform,10000.0,1029.0,801.392,0.1029,6876.364249738172,6910.02695732573,11517.169113974904,0.09709675304748978,1029.0
eval_CoNi-AM90_SEM-DIC_EBSD_SlipPartitioning_0#13,eval_CoNi-AM90_SEM-DIC_EBSD_SlipPartitioning_0,roma|direct|gradmag|s0,roma,transform,10000.0,1816.0,885.601,0.1816,13268.501373721623,13302.164081309182,21459.054911740743,0.1741667810095245,1816.0
eval_CoNi-AM90_SEM-DIC_EBSD_SlipPartitioning_0#14,eval_CoNi-AM90_SEM-DIC_EBSD_SlipPartitioning_0,roma|direct|none|s0,roma,core,10000.0,915.0,870.737,0.0915,5998.285009614066,6031.947717201625,10124.8950503221,0.08600482594391368,915.0
eval_CoNi-AM90_SEM-DIC_EBSD_SlipPartitioning_0#14,eval_CoNi-AM90_SEM-DIC_EBSD_SlipPartitioning_0,roma|pyramid_v2|none|s0,roma,core,10000.0,915.0,870.737,0.0915,5998.285009614066,6031.947717201625,10124.8950503221,0.08600482594391368,915.0
eval_CoNi-AM90_SEM-DIC_EBSD_SlipPartitioning_0#14,eval_CoNi-AM90_SEM-DIC_EBSD_SlipPartitioning_0,roma|direct|invert|s0,roma,transform,10000.0,526.0,947.702,0.0526,3133.6966625631185,3167.359370150677,5505.729819460346,0.0483939705288705,526.0
eval_CoNi-AM90_SEM-DIC_EBSD_SlipPartitioning_0#14,eval_CoNi-AM90_SEM-DIC_EBSD_SlipPartitioning_0,roma|direct|histmatch|s0,roma,transform,10000.0,410.0,3313.141,0.041,2331.463506014857,2365.1262136024156,4180.281076262046,0.037286589733032234,410.0
eval_CoNi-AM90_SEM-DIC_EBSD_SlipPartitioning_0#14,eval_CoNi-AM90_SEM-DIC_EBSD_SlipPartitioning_0,roma|direct|clahe|s0,roma,transform,10000.0,2291.0,935.907,0.2291,17342.193142991084,17375.855850578642,27675.225299777718,0.2209681282169577,2291.0
eval_CoNi-AM90_SEM-DIC_EBSD_SlipPartitioning_0#14,eval_CoNi-AM90_SEM-DIC_EBSD_SlipPartitioning_0,roma|direct|gradmag|s0,roma,transform,10000.0,566.0,2257.597,0.0566,3416.910833835178,3450.5735414227365,5969.363183017231,0.05223891451718412,566.0
eval_CoNi-AM90_SEM-DIC_EBSD_SlipPartitioning_0#15,eval_CoNi-AM90_SEM-DIC_EBSD_SlipPartitioning_0,roma|direct|none|s0,roma,core,10000.0,741.0,528.102,0.0741,4688.915802069265,4722.578509656823,8030.7021992175,0.0691281224200684,741.0
eval_CoNi-AM90_SEM-DIC_EBSD_SlipPartitioning_0#15,eval_CoNi-AM90_SEM-DIC_EBSD_SlipPartitioning_0,roma|pyramid_v2|none|s0,roma,core,10000.0,741.0,528.102,0.0741,4688.915802069265,4722.578509656823,8030.7021992175,0.0691281224200684,741.0
eval_CoNi-AM90_SEM-DIC_EBSD_SlipPartitioning_0#15,eval_CoNi-AM90_SEM-DIC_EBSD_SlipPartitioning_0,roma|direct|invert|s0,roma,transform,10000.0,1178.0,138.117,0.1178,8045.085202865908,8078.747910453467,13357.951739372465,0.11162791429463623,1178.0
eval_CoNi-AM90_SEM-DIC_EBSD_SlipPartitioning_0#15,eval_CoNi-AM90_SEM-DIC_EBSD_SlipPartitioning_0,roma|direct|histmatch|s0,roma,transform,10000.0,1124.0,516.999,0.1124,7618.922513930364,7652.585221517923,12688.223073444624,0.10635753529727687,1124.0
eval_CoNi-AM90_SEM-DIC_EBSD_SlipPartitioning_0#15,eval_CoNi-AM90_SEM-DIC_EBSD_SlipPartitioning_0,roma|direct|clahe|s0,roma,transform,10000.0,930.0,288.341,0.093,6112.964459284375,6146.627166871934,10307.231712800847,0.08746286373620066,930.0
eval_CoNi-AM90_SEM-DIC_EBSD_SlipPartitioning_0#15,eval_CoNi-AM90_SEM-DIC_EBSD_SlipPartitioning_0,roma|direct|gradmag|s0,roma,transform,10000.0,374.0,609.836,0.0374,2089.072868223137,2122.7355758106955,3775.5132198989745,0.033855276482213766,374.0
eval_CoNi-AM90_SEM-DIC_EBSD_SlipPartitioning_0#16,eval_CoNi-AM90_SEM-DIC_EBSD_SlipPartitioning_0,roma|direct|none|s0,roma,core,10000.0,1585.0,651.907,0.1585,11340.688418713728,11374.351126301286,18489.320787696928,0.15147334002955845,1585.0
eval_CoNi-AM90_SEM-DIC_EBSD_SlipPartitioning_0#16,eval_CoNi-AM90_SEM-DIC_EBSD_SlipPartitioning_0,roma|pyramid_v2|none|s0,roma,core,10000.0,2386.0,672.554,0.2386,18172.93727413754,18206.5999817251,28934.465157298542,0.23034746900161798,2386.0
eval_CoNi-AM90_SEM-DIC_EBSD_SlipPartitioning_0#16,eval_CoNi-AM90_SEM-DIC_EBSD_SlipPartitioning_0,roma|direct|invert|s0,roma,transform,10000.0,652.0,634.921,0.0652,4035.7272435293266,4069.389951116885,6976.080882868059,0.0605262830136431,652.0
eval_CoNi-AM90_SEM-DIC_EBSD_SlipPartitioning_0#16,eval_CoNi-AM90_SEM-DIC_EBSD_SlipPartitioning_0,roma|direct|histmatch|s0,roma,transform,10000.0,1319.0,559.491,0.1319,9170.804878492805,9204.467586080364,15119.649251370409,0.12540895121718382,1319.0
eval_CoNi-AM90_SEM-DIC_EBSD_SlipPartitioning_0#16,eval_CoNi-AM90_SEM-DIC_EBSD_SlipPartitioning_0,roma|direct|clahe|s0,roma,transform,10000.0,784.0,327.187,0.0784,5008.721148918899,5042.383856506458,8544.458211519452,0.07329203481457598,784.0
eval_CoNi-AM90_SEM-DIC_EBSD_SlipPartitioning_0#16,eval_CoNi-AM90_SEM-DIC_EBSD_SlipPartitioning_0,roma|direct|gradmag|s0,roma,transform,10000.0,258.0,615.227,0.0258,1334.5293794847219,1368.1920870722804,2497.754462005901,0.022870065228898888,258.0
eval_CoNi-AM90_SEM-DIC_EBSD_SlipPartitioning_0#17,eval_CoNi-AM90_SEM-DIC_EBSD_SlipPartitioning_0,roma|direct|none|s0,roma,core,10000.0,1466.0,911.564,0.1466,10362.916459028118,10396.579166615677,16974.801563854744,0.13980318362347405,1466.0
eval_CoNi-AM90_SEM-DIC_EBSD_SlipPartitioning_0#17,eval_CoNi-AM90_SEM-DIC_EBSD_SlipPartitioning_0,roma|pyramid_v2|none|s0,roma,core,10000.0,1466.0,911.564,0.1466,10362.916459028118,10396.579166615677,16974.801563854744,0.13980318362347405,1466.0
eval_CoNi-AM90_SEM-DIC_EBSD_SlipPartitioning_0#17,eval_CoNi-AM90_SEM-DIC_EBSD_SlipPartitioning_0,roma|direct|invert|s0,roma,transform,10000.0,886.0,916.042,0.0886,5777.342119916376,5811.004827503934,9773.148216673422,0.08318726418334277,886.0
eval_CoNi-AM90_SEM-DIC_EBSD_SlipPartitioning_0#17,eval_CoNi-AM90_SEM-DIC_EBSD_SlipPartitioning_0,roma|direct|histmatch|s0,roma,transform,10000.0,1113.0,892.204,0.1113,7532.465901973753,7566.128609561311,12552.151170111363,0.10528448567954815,1113.0
eval_CoNi-AM90_SEM-DIC_EBSD_SlipPartitioning_0#17,eval_CoNi-AM90_SEM-DIC_EBSD_SlipPartitioning_0,roma|direct|clahe|s0,roma,transform,10000.0,116.0,829.331,0.0116,489.8317461880988,523.4944537756573,1012.5707279198455,0.009680916376468826,116.0
eval_CoNi-AM90_SEM-DIC_EBSD_SlipPartitioning_0#17,eval_CoNi-AM90_SEM-DIC_EBSD_SlipPartitioning_0,roma|direct|gradmag|s0,roma,transform,10000.0,274.0,326.108,0.0274,1435.8587693178506,1469.5214769054091,2671.2514462874474,0.024377386671542323,274.0
eval_CoNi-AM90_SEM-DIC_EBSD_SlipPartitioning_0#18,eval_CoNi-AM90_SEM-DIC_EBSD_SlipPartitioning_0,roma|direct|none|s0,roma,core,10000.0,752.0,427.847,0.0752,4770.4756634146115,4804.13837100217,8161.877346687526,0.07019284589230979,752.0
eval_CoNi-AM90_SEM-DIC_EBSD_SlipPartitioning_0#18,eval_CoNi-AM90_SEM-DIC_EBSD_SlipPartitioning_0,roma|pyramid_v2|none|s0,roma,core,10000.0,1295.0,735.888,0.1295,8977.921324522167,9011.584032109726,14818.514150113422,0.12306136861047147,1295.0
eval_CoNi-AM90_SEM-DIC_EBSD_SlipPartitioning_0#18,eval_CoNi-AM90_SEM-DIC_EBSD_SlipPartitioning_0,roma|direct|invert|s0,roma,transform,10000.0,533.0,168.04,0.0533,3183.0338436476286,3216.696551235187,5586.640358497461,0.04906634884357678,533.0
eval_CoNi-AM90_SEM-DIC_EBSD_SlipPartitioning_0#18,eval_CoNi-AM90_SEM-DIC_EBSD_SlipPartitioning_0,roma|direct|histmatch|s0,roma,transform,10000.0,552.0,537.898,0.0552,3317.4347307422263,3351.097438329785,5806.740361563675,0.0508924294278944,552.0
eval_CoNi-AM90_SEM-DIC_EBSD_SlipPartitioning_0#18,eval_CoNi-AM90_SEM-DIC_EBSD_SlipPartitioning_0,roma|direct|clahe|s0,roma,transform,10000.0,474.0,415.935,0.0474,2770.3545673936746,2804.017274981233,4907.84279055493,0.043406187289910594,474.0
eval_CoNi-AM90_SEM-DIC_EBSD_SlipPartitioning_0#18,eval_CoNi-AM90_SEM-DIC_EBSD_SlipPartitioning_0,roma|direct|gradmag|s0,roma,transform,10000.0,677.0,514.44,0.0677,4217.961826768001,4251.624534355559,7271.077474382321,0.06294012484480531,677.0
eval_CoNi-AM90_SEM-DIC_EBSD_SlipPartitioning_0#19,eval_CoNi-AM90_SEM-DIC_EBSD_SlipPartitioning_0,roma|direct|none|s0,roma,core,10000.0,871.0,681.189,0.0871,5663.46787891491,5697.130586502469,9591.616763731936,0.08173060321353506,871.0
eval_CoNi-AM90_SEM-DIC_EBSD_SlipPartitioning_0#19,eval_CoNi-AM90_SEM-DIC_EBSD_SlipPartitioning_0,roma|pyramid_v2|none|s0,roma,core,10000.0,3526.0,695.701,0.3526,28498.913493342545,28532.576200930103,44402.39012809854,0.34329392247273477,3526.0
eval_CoNi-AM90_SEM-DIC_EBSD_SlipPartitioning_0#19,eval_CoNi-AM90_SEM-DIC_EBSD_SlipPartitioning_0,roma|direct|invert|s0,roma,transform,10000.0,874.0,710.309,0.0874,5686.220241116271,5719.882948703829,9627.900568295692,0.08202189650449387,874.0
eval_CoNi-AM90_SEM-DIC_EBSD_SlipPartitioning_0#19,eval_CoNi-AM90_SEM-DIC_EBSD_SlipPartitioning_0,roma|direct|histmatch|s0,roma,transform,10000.0,1006.0,740.556,0.1006,6698.02748469811,6731.690192285669,11235.091286987123,0.09485696696379994,1006.0
eval_CoNi-AM90_SEM-DIC_EBSD_SlipPartitioning_0#19,eval_CoNi-AM90_SEM-DIC_EBSD_SlipPartitioning_0,roma|direct|clahe|s0,roma,transform,10000.0,1034.0,617.126,0.1034,6915.209304112852,6948.87201170041,11578.566573183598,0.0975837861266544,1034.0
eval_CoNi-AM90_SEM-DIC_EBSD_SlipPartitioning_0#19,eval_CoNi-AM90_SEM-DIC_EBSD_SlipPartitioning_0,roma|direct|gradmag|s0,roma,transform,10000.0,444.0,638.585,0.0444,2563.4192152812016,2597.08192286876,4565.593064232569,0.04053475956156518,444.0
eval_CoNi-AM90_SEM-DIC_EBSD_SlipPartitioning_0#20,eval_CoNi-AM90_SEM-DIC_EBSD_SlipPartitioning_0,roma|direct|none|s0,roma,core,10000.0,1129.0,894.923,0.1129,7658.261114206946,7691.923821794505,12750.114078919602,0.10684534737713176,1129.0
eval_CoNi-AM90_SEM-DIC_EBSD_SlipPartitioning_0#20,eval_CoNi-AM90_SEM-DIC_EBSD_SlipPartitioning_0,roma|pyramid_v2|none|s0,roma,core,10000.0,1129.0,894.923,0.1129,7658.261114206946,7691.923821794505,12750.114078919602,0.10684534737713176,1129.0
eval_CoNi-AM90_SEM-DIC_EBSD_SlipPartitioning_0#20,eval_CoNi-AM90_SEM-DIC_EBSD_SlipPartitioning_0,roma|direct|invert|s0,roma,transform,10000.0,464.0,370.025,0.0464,2701.148754221249,2734.8114618088075,4793.532184998972,0.04244851437936255,464.0
eval_CoNi-AM90_SEM-DIC_EBSD_SlipPartitioning_0#20,eval_CoNi-AM90_SEM-DIC_EBSD_SlipPartitioning_0,roma|direct|histmatch|s0,roma,transform,10000.0,117.0,689.93,0.0117,495.32656978865407,528.9892773762126,1022.5759979581121,0.00977199841537232,117.0
eval_CoNi-AM90_SEM-DIC_EBSD_SlipPartitioning_0#20,eval_CoNi-AM90_SEM-DIC_EBSD_SlipPartitioning_0,roma|direct|clahe|s0,roma,transform,10000.0,419.0,469.558,0.0419,2392.5869151803026,2426.249622767861,4281.998793085017,0.03814572841630529,419.0
eval_CoNi-AM90_SEM-DIC_EBSD_SlipPartitioning_0#20,eval_CoNi-AM90_SEM-DIC_EBSD_SlipPartitioning_0,roma|direct|gradmag|s0,roma,transform,10000.0,211.0,1110.619,0.0211,1043.0095743238228,1076.6722819113813,1994.2424427488097,0.018461624021603895,211.0
eval_CoNi-AM90_SEM-DIC_EBSD_SlipPartitioning_0#21,eval_CoNi-AM90_SEM-DIC_EBSD_SlipPartitioning_0,roma|direct|none|s0,roma,core,10000.0,462.0,354.052,0.0462,2687.3345377107157,2720.9972452982743,4770.697010124786,0.0422570422586087,462.0
eval_CoNi-AM90_SEM-DIC_EBSD_SlipPartitioning_0#21,eval_CoNi-AM90_SEM-DIC_EBSD_SlipPartitioning_0,roma|pyramid_v2|none|s0,roma,core,10000.0,325.0,401.501,0.0325,1765.0069223192604,1798.669629906819,3230.433877555314,0.029200068717752336,325.0
eval_CoNi-AM90_SEM-DIC_EBSD_SlipPartitioning_0#21,eval_CoNi-AM90_SEM-DIC_EBSD_SlipPartitioning_0,roma|direct|invert|s0,roma,transform,10000.0,693.0,561.754,0.0693,4335.113489980301,4368.7761975678595,7460.3968239189935,0.06448600139146209,693.0
eval_CoNi-AM90_SEM-DIC_EBSD_SlipPartitioning_0#21,eval_CoNi-AM90_SEM-DIC_EBSD_SlipPartitioning_0,roma|direct|histmatch|s0,roma,transform,10000.0,407.0,423.118,0.0407,2311.134551297916,2344.7972588854745,4146.4206859055475,0.03700032210807924,407.0
eval_CoNi-AM90_SEM-DIC_EBSD_SlipPartitioning_0#21,eval_CoNi-AM90_SEM-DIC_EBSD_SlipPartitioning_0,roma|direct|clahe|s0,roma,transform,10000.0,361.0,579.189,0.0361,2002.410034968247,2036.0727425558055,3630.214174328485,0.03261840414899704,361.0
eval_CoNi-AM90_SEM-DIC_EBSD_SlipPartitioning_0#21,eval_CoNi-AM90_SEM-DIC_EBSD_SlipPartitioning_0,roma|direct|gradmag|s0,roma,transform,10000.0,244.0,292.631,0.0244,1246.6984495188597,1280.3611571064182,2346.776898506485,0.021553719498578837,244.0
eval_CoNi-AM90_SEM-DIC_EBSD_SlipPartitioning_0#22,eval_CoNi-AM90_SEM-DIC_EBSD_SlipPartitioning_0,roma|direct|none|s0,roma,core,10000.0,451.0,420.908,0.0451,2611.5194496627123,2645.182157250271,4645.266651784591,0.04120432664892541,451.0
eval_CoNi-AM90_SEM-DIC_EBSD_SlipPartitioning_0#22,eval_CoNi-AM90_SEM-DIC_EBSD_SlipPartitioning_0,roma|pyramid_v2|none|s0,roma,core,10000.0,451.0,420.908,0.0451,2611.5194496627123,2645.182157250271,4645.266651784591,0.04120432664892541,451.0
eval_CoNi-AM90_SEM-DIC_EBSD_SlipPartitioning_0#22,eval_CoNi-AM90_SEM-DIC_EBSD_SlipPartitioning_0,roma|direct|invert|s0,roma,transform,10000.0,546.0,665.179,0.0546,3274.916548562532,3308.5792561500907,5737.1593004235365,0.05031560891015104,546.0
eval_CoNi-AM90_SEM-DIC_EBSD_SlipPartitioning_0#22,eval_CoNi-AM90_SEM-DIC_EBSD_SlipPartitioning_0,roma|direct|histmatch|s0,roma,transform,10000.0,445.0,434.084,0.0445,2570.2836543730486,2603.946361960607,4576.967982316553,0.04063039538203104,445.0
eval_CoNi-AM90_SEM-DIC_EBSD_SlipPartitioning_0#22,eval_CoNi-AM90_SEM-DIC_EBSD_SlipPartitioning_0,roma|direct|clahe|s0,roma,transform,10000.0,423.0,514.416,0.0423,2419.817815932023,2453.4805235195818,4327.271608693507,0.03852772656784894,423.0
eval_CoNi-AM90_SEM-DIC_EBSD_SlipPartitioning_0#22,eval_CoNi-AM90_SEM-DIC_EBSD_SlipPartitioning_0,roma|direct|gradmag|s0,roma,transform,10000.0,255.0,904.617,0.0255,1315.6415046892473,1349.3042122768059,2465.3351647590703,0.022587782727039544,255.0
eval_CoNi-AM90_SEM-DIC_EBSD_SlipPartitioning_0#23,eval_CoNi-AM90_SEM-DIC_EBSD_SlipPartitioning_0,roma|direct|none|s0,roma,core,10000.0,846.0,913.676,0.0846,5474.308202418251,5507.97091000581,9289.695068070025,0.07930393149190801,846.0
eval_CoNi-AM90_SEM-DIC_EBSD_SlipPartitioning_0#23,eval_CoNi-AM90_SEM-DIC_EBSD_SlipPartitioning_0,roma|pyramid_v2|none|s0,roma,core,10000.0,846.0,913.676,0.0846,5474.308202418251,5507.97091000581,9289.695068070025,0.07930393149190801,846.0
eval_CoNi-AM90_SEM-DIC_EBSD_SlipPartitioning_0#23,eval_CoNi-AM90_SEM-DIC_EBSD_SlipPartitioning_0,roma|direct|invert|s0,roma,transform,10000.0,576.0,771.12,0.0576,3488.1902528412693,3521.852960428828,6085.747401491188,0.05320116648345307,576.0
eval_CoNi-AM90_SEM-DIC_EBSD_SlipPartitioning_0#23,eval_CoNi-AM90_SEM-DIC_EBSD_SlipPartitioning_0,roma|direct|histmatch|s0,roma,transform,10000.0,483.0,820.413,0.0483,2832.829101480961,2866.4918090685196,5010.91163855793,0.04426852864460951,483.0
eval_CoNi-AM90_SEM-DIC_EBSD_SlipPartitioning_0#23,eval_CoNi-AM90_SEM-DIC_EBSD_SlipPartitioning_0,roma|direct|clahe|s0,roma,transform,10000.0,163.0,314.441,0.0163,756.4100475843159,790.0727551718744,1491.1404736958161,0.013997437725809895,163.0
eval_CoNi-AM90_SEM-DIC_EBSD_SlipPartitioning_0#23,eval_CoNi-AM90_SEM-DIC_EBSD_SlipPartitioning_0,roma|direct|gradmag|s0,roma,transform,10000.0,225.0,417.254,0.0225,1128.8234499749537,1162.4861575625123,2143.20291740162,0.019771455245325743,225.0
eval_CoNi-AM90_SEM-DIC_EBSD_SlipPartitioning_0#24,eval_CoNi-AM90_SEM-DIC_EBSD_SlipPartitioning_0,roma|direct|none|s0,roma,core,10000.0,366.0,658.967,0.0366,2035.6853935961167,2069.348101183675,3686.0419219215773,0.03309397743507336,366.0
eval_CoNi-AM90_SEM-DIC_EBSD_SlipPartitioning_0#24,eval_CoNi-AM90_SEM-DIC_EBSD_SlipPartitioning_0,roma|pyramid_v2|none|s0,roma,core,10000.0,366.0,658.967,0.0366,2035.6853935961167,2069.348101183675,3686.0419219215773,0.03309397743507336,366.0
eval_CoNi-AM90_SEM-DIC_EBSD_SlipPartitioning_0#24,eval_CoNi-AM90_SEM-DIC_EBSD_SlipPartitioning_0,roma|direct|invert|s0,roma,transform,10000.0,941.0,625.027,0.0941,6197.232391680019,6230.895099267577,10441.114934760715,0.0885323775448461,941.0
eval_CoNi-AM90_SEM-DIC_EBSD_SlipPartitioning_0#24,eval_CoNi-AM90_SEM-DIC_EBSD_SlipPartitioning_0,roma|direct|histmatch|s0,roma,transform,10000.0,388.0,563.172,0.0388,2182.9260366268823,2216.588744214441,3932.5130819383307,0.035188641958211225,388.0
eval_CoNi-AM90_SEM-DIC_EBSD_SlipPartitioning_0#24,eval_CoNi-AM90_SEM-DIC_EBSD_SlipPartitioning_0,roma|direct|clahe|s0,roma,transform,10000.0,291.0,467.143,0.0291,1544.5713037717692,1578.2340113593277,2856.6420628509854,0.025982055888652017,291.0
eval_CoNi-AM90_SEM-DIC_EBSD_SlipPartitioning_0#24,eval_CoNi-AM90_SEM-DIC_EBSD_SlipPartitioning_0,roma|direct|gradmag|s0,roma,transform,10000.0,323.0,225.957,0.0323,1751.9346817553762,1785.5973893429348,3208.340683275945,0.029010477929632468,323.0
eval_CoNi-AM90_SEM-DIC_EBSD_SlipPartitioning_0#25,eval_CoNi-AM90_SEM-DIC_EBSD_SlipPartitioning_0,roma|direct|none|s0,roma,core,10000.0,238.0,16962.926,0.0238,1209.3055901932664,1242.968297780825,2282.3212000548456,0.0209903548907143,238.0
eval_CoNi-AM90_SEM-DIC_EBSD_SlipPartitioning_0#25,eval_CoNi-AM90_SEM-DIC_EBSD_SlipPartitioning_0,roma|pyramid_v2|none|s0,roma,core,10000.0,238.0,16962.926,0.0238,1209.3055901932664,1242.968297780825,2282.3212000548456,0.0209903548907143,238.0
eval_CoNi-AM90_SEM-DIC_EBSD_SlipPartitioning_0#25,eval_CoNi-AM90_SEM-DIC_EBSD_SlipPartitioning_0,roma|direct|invert|s0,roma,transform,10000.0,678.0,737.467,0.0678,4225.272022233899,4258.934729821458,7282.898150220886,0.06303671927101744,678.0
eval_CoNi-AM90_SEM-DIC_EBSD_SlipPartitioning_0#25,eval_CoNi-AM90_SEM-DIC_EBSD_SlipPartitioning_0,roma|direct|histmatch|s0,roma,transform,10000.0,392.0,701.812,0.0392,2209.8384462181,2243.5011538056588,3977.4674046020687,0.035569850584891594,392.0
eval_CoNi-AM90_SEM-DIC_EBSD_SlipPartitioning_0#25,eval_CoNi-AM90_SEM-DIC_EBSD_SlipPartitioning_0,roma|direct|clahe|s0,roma,transform,10000.0,261.0,383.048,0.0261,1353.4529945481686,1387.1157021357271,2530.209500020472,0.023152457773687764,261.0
eval_CoNi-AM90_SEM-DIC_EBSD_SlipPartitioning_0#25,eval_CoNi-AM90_SEM-DIC_EBSD_SlipPartitioning_0,roma|direct|gradmag|s0,roma,transform,10000.0,419.0,608.385,0.0419,2392.5869151803026,2426.249622767861,4281.998793085017,0.03814572841630529,419.0
eval_CoNi-AM90_SEM-DIC_EBSD_SlipPartitioning_0#26,eval_CoNi-AM90_SEM-DIC_EBSD_SlipPartitioning_0,roma|direct|none|s0,roma,core,10000.0,499.0,789.889,0.0499,2944.3276673957407,2977.9903749832993,5194.577875332389,0.04580256463405874,499.0
eval_CoNi-AM90_SEM-DIC_EBSD_SlipPartitioning_0#26,eval_CoNi-AM90_SEM-DIC_EBSD_SlipPartitioning_0,roma|pyramid_v2|none|s0,roma,core,10000.0,2229.0,1106.342,0.2229,16802.76970467572,16836.43241226328,26856.152019370318,0.214850069358987,2229.0
eval_CoNi-AM90_SEM-DIC_EBSD_SlipPartitioning_0#26,eval_CoNi-AM90_SEM-DIC_EBSD_SlipPartitioning_0,roma|direct|invert|s0,roma,transform,10000.0,872.0,867.332,0.0872,5671.050744404581,5704.713451992139,9603.710110007625,0.08182769880028107,872.0
eval_CoNi-AM90_SEM-DIC_EBSD_SlipPartitioning_0#26,eval_CoNi-AM90_SEM-DIC_EBSD_SlipPartitioning_0,roma|direct|histmatch|s0,roma,transform,10000.0,111.0,628.642,0.0111,462.48939823113346,496.152105818692,962.6761571636366,0.009226107694534672,111.0
eval_CoNi-AM90_SEM-DIC_EBSD_SlipPartitioning_0#26,eval_CoNi-AM90_SEM-DIC_EBSD_SlipPartitioning_0,roma|direct|clahe|s0,roma,transform,10000.0,349.0,617.486,0.0349,1922.8437696772235,1956.506477264782,3496.5221776353324,0.03147780239685026,349.0
eval_CoNi-AM90_SEM-DIC_EBSD_SlipPartitioning_0#26,eval_CoNi-AM90_SEM-DIC_EBSD_SlipPartitioning_0,roma|direct|gradmag|s0,roma,transform,10000.0,443.0,596.417,0.0443,2556.557130538863,2590.2198381264216,4554.220500509028,0.04043912932872393,443.0
eval_CoNi-AM90_SEM-EBSD_SameSlice_0#0,eval_CoNi-AM90_SEM-EBSD_SameSlice_0,roma|direct|none|s0,roma,core,10000.0,4543.0,2.803,0.4543,38199.842881345445,38233.505588933,58183.718684010986,0.4445606063833025,4543.0
eval_CoNi-AM90_SEM-EBSD_SameSlice_0#0,eval_CoNi-AM90_SEM-EBSD_SameSlice_0,roma|pyramid_v2|none|s0,roma,core,10000.0,4543.0,2.803,0.4543,38199.842881345445,38233.505588933,58183.718684010986,0.4445606063833025,4543.0
eval_CoNi-AM90_SEM-EBSD_SameSlice_0#0,eval_CoNi-AM90_SEM-EBSD_SameSlice_0,roma|direct|invert|s0,roma,transform,10000.0,466.0,785.763,0.0466,2714.9720015675243,2748.634709155083,4764.395809185956,0.04264000749008216,466.0
eval_CoNi-AM90_SEM-EBSD_SameSlice_0#0,eval_CoNi-AM90_SEM-EBSD_SameSlice_0,roma|direct|histmatch|s0,roma,transform,10000.0,4133.0,2.812,0.4133,34237.27642593969,34270.93913352725,52417.58939961049,0.4036837212922095,4133.0
eval_CoNi-AM90_SEM-EBSD_SameSlice_0#0,eval_CoNi-AM90_SEM-EBSD_SameSlice_0,roma|direct|clahe|s0,roma,transform,10000.0,1752.0,3.027,0.1752,12730.630660407718,12764.293367995277,20437.082521680077,0.16787453979120834,1752.0
eval_CoNi-AM90_SEM-EBSD_SameSlice_0#0,eval_CoNi-AM90_SEM-EBSD_SameSlice_0,roma|direct|gradmag|s0,roma,transform,10000.0,172.0,277.765,0.0172,809.1649028604785,842.827610448037,1565.3039378963094,0.014830880567997445,172.0
eval_CoNi-AM90_SEM-EBSD_SameSlice_0#1,eval_CoNi-AM90_SEM-EBSD_SameSlice_0,roma|direct|none|s0,roma,core,10000.0,542.0,126.608,0.0542,3246.609761640706,3280.2724692282645,5630.352390524588,0.049931145085800314,542.0
eval_CoNi-AM90_SEM-EBSD_SameSlice_0#1,eval_CoNi-AM90_SEM-EBSD_SameSlice_0,roma|pyramid_v2|none|s0,roma,core,10000.0,542.0,126.608,0.0542,3246.609761640706,3280.2724692282645,5630.352390524588,0.049931145085800314,542.0
eval_CoNi-AM90_SEM-EBSD_SameSlice_0#1,eval_CoNi-AM90_SEM-EBSD_SameSlice_0,roma|direct|invert|s0,roma,transform,10000.0,904.0,720.007,0.0904,5914.358464912175,5948.021172499733,9890.514758947193,0.08493588951941444,904.0
eval_CoNi-AM90_SEM-EBSD_SameSlice_0#1,eval_CoNi-AM90_SEM-EBSD_SameSlice_0,roma|direct|histmatch|s0,roma,transform,10000.0,478.0,170.923,0.0478,2798.099092501052,2831.7618000886105,4900.310079382959,0.043789399861243195,478.0
eval_CoNi-AM90_SEM-EBSD_SameSlice_0#1,eval_CoNi-AM90_SEM-EBSD_SameSlice_0,roma|direct|clahe|s0,roma,transform,10000.0,2048.0,4.081,0.2048,15240.864964109322,15274.52767169688,24249.401177217052,0.19700452221098946,2048.0
eval_CoNi-AM90_SEM-EBSD_SameSlice_0#1,eval_CoNi-AM90_SEM-EBSD_SameSlice_0,roma|direct|gradmag|s0,roma,transform,10000.0,134.0,222.075,0.0134,590.0009479035081,623.6636554910666,1178.9812842924305,0.011325981720013405,134.0
eval_CoNi-AM90_SEM-EBSD_SameSlice_0#2,eval_CoNi-AM90_SEM-EBSD_SameSlice_0,roma|direct|none|s0,roma,core,10000.0,1313.0,274.379,0.1313,9122.536539316998,9156.199246904556,14897.856573794626,0.12482198669575993,1313.0
eval_CoNi-AM90_SEM-EBSD_SameSlice_0#2,eval_CoNi-AM90_SEM-EBSD_SameSlice_0,roma|pyramid_v2|none|s0,roma,core,10000.0,1313.0,274.379,0.1313,9122.536539316998,9156.199246904556,14897.856573794626,0.12482198669575993,1313.0
eval_CoNi-AM90_SEM-EBSD_SameSlice_0#2,eval_CoNi-AM90_SEM-EBSD_SameSlice_0,roma|direct|invert|s0,roma,transform,10000.0,1819.0,11.13,0.1819,13293.78226896329,13327.444976550849,21294.962681719222,0.1744618168275345,1819.0
eval_CoNi-AM90_SEM-EBSD_SameSlice_0#2,eval_CoNi-AM90_SEM-EBSD_SameSlice_0,roma|direct|histmatch|s0,roma,transform,10000.0,513.0,191.698,0.0513,3042.332056920514,3075.9947645080724,5298.505656870179,0.047145842042160484,513.0
eval_CoNi-AM90_SEM-EBSD_SameSlice_0#2,eval_CoNi-AM90_SEM-EBSD_SameSlice_0,roma|direct|clahe|s0,roma,transform,10000.0,1850.0,4.906,0.185,13555.370840537147,13589.033548124706,21692.918195271493,0.17751096700738433,1850.0
eval_CoNi-AM90_SEM-EBSD_SameSlice_0#2,eval_CoNi-AM90_SEM-EBSD_SameSlice_0,roma|direct|gradmag|s0,roma,transform,10000.0,288.0,523.373,0.0288,1525.3108385979936,1558.973546185552,2791.7250722343283,0.02569865595525375,288.0
eval_CoNi-AM90_SEM-EBSD_SameSlice_0#3,eval_CoNi-AM90_SEM-EBSD_SameSlice_0,roma|direct|none|s0,roma,core,10000.0,1445.0,493.992,0.1445,10191.522327086419,10225.185034673977,16547.50158381937,0.1377453273460718,1445.0
eval_CoNi-AM90_SEM-EBSD_SameSlice_0#3,eval_CoNi-AM90_SEM-EBSD_SameSlice_0,roma|pyramid_v2|none|s0,roma,core,10000.0,802.0,733.909,0.0802,5143.3601825367205,5177.022890124279,8670.8253010374,0.07503647128342145,802.0
eval_CoNi-AM90_SEM-EBSD_SameSlice_0#3,eval_CoNi-AM90_SEM-EBSD_SameSlice_0,roma|direct|invert|s0,roma,transform,10000.0,913.0,661.378,0.0913,5983.014770230739,6016.677477818297,9998.761462830076,0.08581045538072925,913.0
eval_CoNi-AM90_SEM-EBSD_SameSlice_0#3,eval_CoNi-AM90_SEM-EBSD_SameSlice_0,roma|direct|histmatch|s0,roma,transform,10000.0,1055.0,506.964,0.1055,7078.651546782443,7112.314254370001,11719.046761863463,0.09962979501532679,1055.0
eval_CoNi-AM90_SEM-EBSD_SameSlice_0#3,eval_CoNi-AM90_SEM-EBSD_SameSlice_0,roma|direct|clahe|s0,roma,transform,10000.0,488.0,712.469,0.0488,2867.6134441977956,2901.276151785354,5013.813748100153,0.04474778133939989,488.0
eval_CoNi-AM90_SEM-EBSD_SameSlice_0#3,eval_CoNi-AM90_SEM-EBSD_SameSlice_0,roma|direct|gradmag|s0,roma,transform,10000.0,595.0,727.653,0.0595,3624.1258499956357,3657.7885575831942,6241.011889153228,0.05503050223544109,595.0
eval_CoNi-AM90_SEM-EBSD_SameSlice_0#4,eval_CoNi-AM90_SEM-EBSD_SameSlice_0,roma|direct|none|s0,roma,core,10000.0,1083.0,696.074,0.1083,7297.29979676275,7330.962504350308,12060.865145224254,0.10235896137295514,1083.0
eval_CoNi-AM90_SEM-EBSD_SameSlice_0#4,eval_CoNi-AM90_SEM-EBSD_SameSlice_0,roma|pyramid_v2|none|s0,roma,core,10000.0,1083.0,696.074,0.1083,7297.29979676275,7330.962504350308,12060.865145224254,0.10235896137295514,1083.0
eval_CoNi-AM90_SEM-EBSD_SameSlice_0#4,eval_CoNi-AM90_SEM-EBSD_SameSlice_0,roma|direct|invert|s0,roma,transform,10000.0,2143.0,713.226,0.2143,16058.22051957229,16091.88322715985,25484.65542899896,0.20636806935849122,2143.0
eval_CoNi-AM90_SEM-EBSD_SameSlice_0#4,eval_CoNi-AM90_SEM-EBSD_SameSlice_0,roma|direct|histmatch|s0,roma,transform,10000.0,1409.0,651.745,0.1409,9898.535968196094,9932.198675783653,16096.153618239445,0.1342187341570657,1409.0
eval_CoNi-AM90_SEM-EBSD_SameSlice_0#4,eval_CoNi-AM90_SEM-EBSD_SameSlice_0,roma|direct|clahe|s0,roma,transform,10000.0,688.0,613.93,0.0688,4298.460583712355,4332.123291299914,7324.447353201388,0.06400283172344767,688.0
eval_CoNi-AM90_SEM-EBSD_SameSlice_0#4,eval_CoNi-AM90_SEM-EBSD_SameSlice_0,roma|direct|gradmag|s0,roma,transform,10000.0,482.0,799.177,0.0482,2825.8787359014896,2859.541443489048,4945.685449489524,0.044172692916622396,482.0
eval_CoNi-AM90_SEM-EBSD_SameSlice_0#5,eval_CoNi-AM90_SEM-EBSD_SameSlice_0,roma|direct|none|s0,roma,core,10000.0,299.0,132.476,0.0299,1596.087169475691,1629.7498770632496,2910.8896133713674,0.026738237047978175,299.0
eval_CoNi-AM90_SEM-EBSD_SameSlice_0#5,eval_CoNi-AM90_SEM-EBSD_SameSlice_0,roma|pyramid_v2|none|s0,roma,core,10000.0,299.0,132.476,0.0299,1596.087169475691,1629.7498770632496,2910.8896133713674,0.026738237047978175,299.0
eval_CoNi-AM90_SEM-EBSD_SameSlice_0#5,eval_CoNi-AM90_SEM-EBSD_SameSlice_0,roma|direct|invert|s0,roma,transform,10000.0,172.0,4376.599,0.0172,809.1649028604785,842.827610448037,1565.3039378963094,0.014830880567997445,172.0
eval_CoNi-AM90_SEM-EBSD_SameSlice_0#5,eval_CoNi-AM90_SEM-EBSD_SameSlice_0,roma|direct|histmatch|s0,roma,transform,10000.0,224.0,419.519,0.0224,1122.6637388048623,1156.3264463924208,2107.5466858107648,0.019677795589832164,224.0
eval_CoNi-AM90_SEM-EBSD_SameSlice_0#5,eval_CoNi-AM90_SEM-EBSD_SameSlice_0,roma|direct|clahe|s0,roma,transform,10000.0,98.0,429.319,0.0098,392.4873909770404,426.1500985645989,823.1074114893102,0.008048716055211168,98.0
eval_CoNi-AM90_SEM-EBSD_SameSlice_0#5,eval_CoNi-AM90_SEM-EBSD_SameSlice_0,roma|direct|gradmag|s0,roma,transform,10000.0,153.0,433.995,0.0153,698.385733707706,732.0484412952645,1370.9453693886587,0.013073671515406563,153.0
eval_CoNi_SEM-SE_SEM-BSE_Cracks-SameSliceSerialSectioning_0#0,eval_CoNi_SEM-SE_SEM-BSE_Cracks-SameSliceSerialSectioning_0,roma|direct|none|s0,roma,core,10000.0,4564.0,6.119,0.4564,43740.41935443857,43774.08206202613,37413.61817986696,0.44665611184563675,4564.0
eval_CoNi_SEM-SE_SEM-BSE_Cracks-SameSliceSerialSectioning_0#0,eval_CoNi_SEM-SE_SEM-BSE_Cracks-SameSliceSerialSectioning_0,roma|pyramid_v2|none|s0,roma,core,10000.0,4564.0,6.119,0.4564,43740.41935443857,43774.08206202613,37413.61817986696,0.44665611184563675,4564.0
eval_CoNi_SEM-SE_SEM-BSE_Cracks-SameSliceSerialSectioning_0#0,eval_CoNi_SEM-SE_SEM-BSE_Cracks-SameSliceSerialSectioning_0,roma|direct|invert|s0,roma,transform,10000.0,4018.0,6.902,0.4018,37835.607999970016,37869.270707557574,32265.748276195958,0.3922305224670028,4018.0
eval_CoNi_SEM-SE_SEM-BSE_Cracks-SameSliceSerialSectioning_0#0,eval_CoNi_SEM-SE_SEM-BSE_Cracks-SameSliceSerialSectioning_0,roma|direct|histmatch|s0,roma,transform,10000.0,1358.0,31.833,0.1358,11072.71454109362,11106.377248681178,9190.518140485123,0.12922531740030382,1358.0
eval_CoNi_SEM-SE_SEM-BSE_Cracks-SameSliceSerialSectioning_0#0,eval_CoNi_SEM-SE_SEM-BSE_Cracks-SameSliceSerialSectioning_0,roma|direct|clahe|s0,roma,transform,10000.0,4159.0,5.98,0.4159,39348.78507791849,39382.44778550605,33583.451463343576,0.4062738943917496,4159.0
eval_CoNi_SEM-SE_SEM-BSE_Cracks-SameSliceSerialSectioning_0#0,eval_CoNi_SEM-SE_SEM-BSE_Cracks-SameSliceSerialSectioning_0,roma|direct|gradmag|s0,roma,transform,10000.0,6356.0,5.836,0.6356,63966.73842286136,64000.40113044892,55155.61657297779,0.6261170450431621,6356.0
eval_In718-PrecipitationStrengthened_SEM-BSE_EBSD_SameSliceSerialSectioning_0#0,eval_In718-PrecipitationStrengthened_SEM-BSE_EBSD_SameSliceSerialSectioning_0,roma|direct|none|s0,roma,core,10000.0,859.0,23.155,0.0859,7767.28181996836,7800.944527555918,3972.6813600064647,0.08056562730265948,859.0
eval_In718-PrecipitationStrengthened_SEM-BSE_EBSD_SameSliceSerialSectioning_0#0,eval_In718-PrecipitationStrengthened_SEM-BSE_EBSD_SameSliceSerialSectioning_0,roma|pyramid_v2|none|s0,roma,core,10000.0,859.0,23.155,0.0859,7767.28181996836,7800.944527555918,3972.6813600064647,0.08056562730265948,859.0
eval_In718-PrecipitationStrengthened_SEM-BSE_EBSD_SameSliceSerialSectioning_0#0,eval_In718-PrecipitationStrengthened_SEM-BSE_EBSD_SameSliceSerialSectioning_0,roma|direct|invert|s0,roma,transform,10000.0,1008.0,20.222,0.1008,9288.988457361818,9322.651164949377,4835.648912530012,0.09505169363372346,1008.0
eval_In718-PrecipitationStrengthened_SEM-BSE_EBSD_SameSliceSerialSectioning_0#0,eval_In718-PrecipitationStrengthened_SEM-BSE_EBSD_SameSliceSerialSectioning_0,roma|direct|histmatch|s0,roma,transform,10000.0,1059.0,31.186,0.1059,9815.642570457509,9849.305278045067,5136.828539179191,0.10001959598229367,1059.0
eval_In718-PrecipitationStrengthened_SEM-BSE_EBSD_SameSliceSerialSectioning_0#0,eval_In718-PrecipitationStrengthened_SEM-BSE_EBSD_SameSliceSerialSectioning_0,roma|direct|clahe|s0,roma,transform,10000.0,985.0,26.013,0.0985,9052.40879357126,9086.071501158818,4700.753816027146,0.09281277471267296,985.0
eval_In718-PrecipitationStrengthened_SEM-BSE_EBSD_SameSliceSerialSectioning_0#0,eval_In718-PrecipitationStrengthened_SEM-BSE_EBSD_SameSliceSerialSectioning_0,roma|direct|gradmag|s0,roma,transform,10000.0,571.0,313.482,0.0571,4911.259064561697,4944.921772149256,2389.9253058407135,0.05271999160197177,571.0
eval_In718-PrecipitationStrengthened_SEM-BSE_EBSD_SameSliceSerialSectioning_1#0,eval_In718-PrecipitationStrengthened_SEM-BSE_EBSD_SameSliceSerialSectioning_1,roma|direct|none|s0,roma,core,10000.0,865.0,96.001,0.0865,7828.039915855017,7861.702623442576,4006.9130533524044,0.08114807562224678,865.0
eval_In718-PrecipitationStrengthened_SEM-BSE_EBSD_SameSliceSerialSectioning_1#0,eval_In718-PrecipitationStrengthened_SEM-BSE_EBSD_SameSliceSerialSectioning_1,roma|pyramid_v2|none|s0,roma,core,10000.0,1465.0,36.135,0.1465,14098.077822947273,14131.740530534831,7624.309668114768,0.13970517933802817,1465.0
eval_In718-PrecipitationStrengthened_SEM-BSE_EBSD_SameSliceSerialSectioning_1#0,eval_In718-PrecipitationStrengthened_SEM-BSE_EBSD_SameSliceSerialSectioning_1,roma|direct|invert|s0,roma,transform,10000.0,1732.0,26.586,0.1732,16988.767787683413,17022.43049527097,9334.573930039624,0.16590895573364378,1732.0
eval_In718-PrecipitationStrengthened_SEM-BSE_EBSD_SameSliceSerialSectioning_1#0,eval_In718-PrecipitationStrengthened_SEM-BSE_EBSD_SameSliceSerialSectioning_1,roma|direct|histmatch|s0,roma,transform,10000.0,453.0,25.782,0.0453,3782.468520974894,3816.1312285624526,1782.8197535408553,0.04139568097178173,453.0
eval_In718-PrecipitationStrengthened_SEM-BSE_EBSD_SameSliceSerialSectioning_1#0,eval_In718-PrecipitationStrengthened_SEM-BSE_EBSD_SameSliceSerialSectioning_1,roma|direct|clahe|s0,roma,transform,10000.0,2403.0,33.128,0.2403,24462.496517607597,24496.159225195155,13841.764337156324,0.23202648623689018,2403.0
eval_In718-PrecipitationStrengthened_SEM-BSE_EBSD_SameSliceSerialSectioning_1#0,eval_In718-PrecipitationStrengthened_SEM-BSE_EBSD_SameSliceSerialSectioning_1,roma|direct|gradmag|s0,roma,transform,10000.0,1274.0,148.925,0.1274,12064.801197659775,12098.463905247334,6435.457337923996,0.12100784418697616,1274.0
eval_In718-PrecipitationStrengthened_SEM-BSE_EBSD_SameSliceSerialSectioning_2#0,eval_In718-PrecipitationStrengthened_SEM-BSE_EBSD_SameSliceSerialSectioning_2,roma|direct|none|s0,roma,core,10000.0,883.0,51.196,0.0883,8010.5862850074045,8044.248992594963,4109.8802128354555,0.08289589326583381,883.0
eval_In718-PrecipitationStrengthened_SEM-BSE_EBSD_SameSliceSerialSectioning_2#0,eval_In718-PrecipitationStrengthened_SEM-BSE_EBSD_SameSliceSerialSectioning_2,roma|pyramid_v2|none|s0,roma,core,10000.0,883.0,51.196,0.0883,8010.5862850074045,8044.248992594963,4109.8802128354555,0.08289589326583381,883.0
eval_In718-PrecipitationStrengthened_SEM-BSE_EBSD_SameSliceSerialSectioning_2#0,eval_In718-PrecipitationStrengthened_SEM-BSE_EBSD_SameSliceSerialSectioning_2,roma|direct|invert|s0,roma,transform,10000.0,1044.0,119.952,0.1044,9660.453910975826,9694.116618563385,5047.955906628997,0.09855798199552993,1044.0
eval_In718-PrecipitationStrengthened_SEM-BSE_EBSD_SameSliceSerialSectioning_2#0,eval_In718-PrecipitationStrengthened_SEM-BSE_EBSD_SameSliceSerialSectioning_2,roma|direct|histmatch|s0,roma,transform,10000.0,213.0,142.266,0.0213,1599.0830530652704,1632.745760652829,660.483642142409,0.018648553035367933,213.0
eval_In718-PrecipitationStrengthened_SEM-BSE_EBSD_SameSliceSerialSectioning_2#0,eval_In718-PrecipitationStrengthened_SEM-BSE_EBSD_SameSliceSerialSectioning_2,roma|direct|clahe|s0,roma,transform,10000.0,806.0,40.139,0.0806,7232.609362306787,7266.272069894346,3672.3254418862452,0.07542423209623754,806.0
eval_In718-PrecipitationStrengthened_SEM-BSE_EBSD_SameSliceSerialSectioning_2#0,eval_In718-PrecipitationStrengthened_SEM-BSE_EBSD_SameSliceSerialSectioning_2,roma|direct|gradmag|s0,roma,transform,10000.0,964.0,103.816,0.0964,8836.921042826223,8870.583750413782,4578.108493283113,0.09076939786738088,964.0
eval_In718-PrecipitationStrengthened_SEM-BSE_EBSD_SameSliceSerialSectioning_3#0,eval_In718-PrecipitationStrengthened_SEM-BSE_EBSD_SameSliceSerialSectioning_3,roma|direct|none|s0,roma,core,10000.0,256.0,704.582,0.0256,1975.6897187915176,2009.3524263790762,846.9867021996629,0.022681864551874903,256.0
eval_In718-PrecipitationStrengthened_SEM-BSE_EBSD_SameSliceSerialSectioning_3#0,eval_In718-PrecipitationStrengthened_SEM-BSE_EBSD_SameSliceSerialSectioning_3,roma|pyramid_v2|none|s0,roma,core,10000.0,419.0,53.714,0.0419,3462.885847678273,3496.5485552658315,1613.552946179097,0.03814572841630529,419.0
eval_In718-PrecipitationStrengthened_SEM-BSE_EBSD_SameSliceSerialSectioning_3#0,eval_In718-PrecipitationStrengthened_SEM-BSE_EBSD_SameSliceSerialSectioning_3,roma|direct|invert|s0,roma,transform,10000.0,629.0,32.747,0.0629,5475.925309249959,5509.588016837518,2698.169918825141,0.05830733996923044,629.0
eval_In718-PrecipitationStrengthened_SEM-BSE_EBSD_SameSliceSerialSectioning_3#0,eval_In718-PrecipitationStrengthened_SEM-BSE_EBSD_SameSliceSerialSectioning_3,roma|direct|histmatch|s0,roma,transform,10000.0,152.0,523.858,0.0152,1080.6064559609943,1114.2691635485528,411.6865087449367,0.012981435254342082,152.0
eval_In718-PrecipitationStrengthened_SEM-BSE_EBSD_SameSliceSerialSectioning_3#0,eval_In718-PrecipitationStrengthened_SEM-BSE_EBSD_SameSliceSerialSectioning_3,roma|direct|clahe|s0,roma,transform,10000.0,1899.0,32.31,0.1899,18822.555617376136,18856.218324963695,10430.043014997824,0.1823322243737553,1899.0
eval_In718-PrecipitationStrengthened_SEM-BSE_EBSD_SameSliceSerialSectioning_3#0,eval_In718-PrecipitationStrengthened_SEM-BSE_EBSD_SameSliceSerialSectioning_3,roma|direct|gradmag|s0,roma,transform,10000.0,1096.0,41.13,0.1096,10199.45076876114,10233.113476348699,5357.057199450241,0.10362651150274717,1096.0
eval_In718-PrecipitationStrengthened_SEM-DIC_EBSD_SlipPartitioning_0#0,eval_In718-PrecipitationStrengthened_SEM-DIC_EBSD_SlipPartitioning_0,roma|direct|none|s0,roma,core,10000.0,898.0,322.411,0.0898,4154.071273704849,4187.733981292407,9223.662251877095,0.0843529388240022,898.0
eval_In718-PrecipitationStrengthened_SEM-DIC_EBSD_SlipPartitioning_0#0,eval_In718-PrecipitationStrengthened_SEM-DIC_EBSD_SlipPartitioning_0,roma|pyramid_v2|none|s0,roma,core,10000.0,898.0,322.411,0.0898,4154.071273704849,4187.733981292407,9223.662251877095,0.0843529388240022,898.0
eval_In718-PrecipitationStrengthened_SEM-DIC_EBSD_SlipPartitioning_0#0,eval_In718-PrecipitationStrengthened_SEM-DIC_EBSD_SlipPartitioning_0,roma|direct|invert|s0,roma,transform,10000.0,661.0,408.546,0.0661,2839.892282522548,2873.5549901101067,6570.654280024449,0.06139503768608282,661.0
eval_In718-PrecipitationStrengthened_SEM-DIC_EBSD_SlipPartitioning_0#0,eval_In718-PrecipitationStrengthened_SEM-DIC_EBSD_SlipPartitioning_0,roma|direct|histmatch|s0,roma,transform,10000.0,7987.0,114.753,0.7987,58998.75614791644,59032.418855504,104114.62212104029,0.7907270705450712,7987.0
eval_In718-PrecipitationStrengthened_SEM-DIC_EBSD_SlipPartitioning_0#0,eval_In718-PrecipitationStrengthened_SEM-DIC_EBSD_SlipPartitioning_0,roma|direct|clahe|s0,roma,transform,10000.0,883.0,351.107,0.0883,4068.660472893366,4102.323180480925,9053.51541874318,0.08289589326583381,883.0
eval_In718-PrecipitationStrengthened_SEM-DIC_EBSD_SlipPartitioning_0#0,eval_In718-PrecipitationStrengthened_SEM-DIC_EBSD_SlipPartitioning_0,roma|direct|gradmag|s0,roma,transform,10000.0,1869.0,4.902,0.1869,10144.46388437256,10178.12659196012,20699.30281077745,0.17938019917128442,1869.0
eval_In718-PrecipitationStrengthened_SEM-DIC_EBSD_SlipPartitioning_0#1,eval_In718-PrecipitationStrengthened_SEM-DIC_EBSD_SlipPartitioning_0,roma|direct|none|s0,roma,core,10000.0,586.0,324.231,0.0586,2441.763155983932,2475.4258635714905,5748.8453175613195,0.05416380489488375,586.0
eval_In718-PrecipitationStrengthened_SEM-DIC_EBSD_SlipPartitioning_0#1,eval_In718-PrecipitationStrengthened_SEM-DIC_EBSD_SlipPartitioning_0,roma|pyramid_v2|none|s0,roma,core,10000.0,586.0,324.231,0.0586,2441.763155983932,2475.4258635714905,5748.8453175613195,0.05416380489488375,586.0
eval_In718-PrecipitationStrengthened_SEM-DIC_EBSD_SlipPartitioning_0#1,eval_In718-PrecipitationStrengthened_SEM-DIC_EBSD_SlipPartitioning_0,roma|direct|invert|s0,roma,transform,10000.0,230.0,344.742,0.023,722.6211299378411,756.2838375253997,2018.6420128310674,0.020239975482713782,230.0
eval_In718-PrecipitationStrengthened_SEM-DIC_EBSD_SlipPartitioning_0#1,eval_In718-PrecipitationStrengthened_SEM-DIC_EBSD_SlipPartitioning_0,roma|direct|histmatch|s0,roma,transform,10000.0,8636.0,115.757,0.8636,65241.0817413131,65274.74444890066,114023.19603696391,0.8567333730874042,8636.0
eval_In718-PrecipitationStrengthened_SEM-DIC_EBSD_SlipPartitioning_0#1,eval_In718-PrecipitationStrengthened_SEM-DIC_EBSD_SlipPartitioning_0,roma|direct|clahe|s0,roma,transform,10000.0,370.0,315.521,0.037,1357.550871429358,1391.2135790169166,3444.4365494094486,0.03347456890925213,370.0
eval_In718-PrecipitationStrengthened_SEM-DIC_EBSD_SlipPartitioning_0#1,eval_In718-PrecipitationStrengthened_SEM-DIC_EBSD_SlipPartitioning_0,roma|direct|gradmag|s0,roma,transform,10000.0,478.0,302.937,0.0478,1886.7511943391307,1920.4139019266893,4583.734743471069,0.043789399861243195,478.0
eval_In718-PrecipitationStrengthened_SEM-DIC_EBSD_SlipPartitioning_0#2,eval_In718-PrecipitationStrengthened_SEM-DIC_EBSD_SlipPartitioning_0,roma|direct|none|s0,roma,core,10000.0,1513.0,355.738,0.1513,7857.061861192712,7890.724568780271,16400.83122575519,0.14441061673384445,1513.0
eval_In718-PrecipitationStrengthened_SEM-DIC_EBSD_SlipPartitioning_0#2,eval_In718-PrecipitationStrengthened_SEM-DIC_EBSD_SlipPartitioning_0,roma|pyramid_v2|none|s0,roma,core,10000.0,1513.0,355.738,0.1513,7857.061861192712,7890.724568780271,16400.83122575519,0.14441061673384445,1513.0
eval_In718-PrecipitationStrengthened_SEM-DIC_EBSD_SlipPartitioning_0#2,eval_In718-PrecipitationStrengthened_SEM-DIC_EBSD_SlipPartitioning_0,roma|direct|invert|s0,roma,transform,10000.0,618.0,356.647,0.0618,2610.451759671189,2644.1144672587475,6098.303965665441,0.05724673957088127,618.0
eval_In718-PrecipitationStrengthened_SEM-DIC_EBSD_SlipPartitioning_0#2,eval_In718-PrecipitationStrengthened_SEM-DIC_EBSD_SlipPartitioning_0,roma|direct|histmatch|s0,roma,transform,10000.0,8691.0,115.369,0.8691,65784.90312439033,65818.56583197789,114877.71643063668,0.862347234809128,8691.0
eval_In718-PrecipitationStrengthened_SEM-DIC_EBSD_SlipPartitioning_0#2,eval_In718-PrecipitationStrengthened_SEM-DIC_EBSD_SlipPartitioning_0,roma|direct|clahe|s0,roma,transform,10000.0,412.0,345.126,0.0412,1559.9012122552247,1593.5639198427832,3884.047048116944,0.037477466161893035,412.0
eval_In718-PrecipitationStrengthened_SEM-DIC_EBSD_SlipPartitioning_0#2,eval_In718-PrecipitationStrengthened_SEM-DIC_EBSD_SlipPartitioning_0,roma|direct|gradmag|s0,roma,transform,10000.0,1796.0,5.401,0.1796,9668.174467993513,9701.837175581071,19810.631139428635,0.17220007278114635,1796.0
eval_In718-PrecipitationStrengthened_SEM-DIC_EBSD_SlipPartitioning_0#3,eval_In718-PrecipitationStrengthened_SEM-DIC_EBSD_SlipPartitioning_0,roma|direct|none|s0,roma,core,10000.0,1119.0,773.747,0.1119,5442.388838493652,5476.05154608121,11760.424219389928,0.10586976203498187,1119.0
eval_In718-PrecipitationStrengthened_SEM-DIC_EBSD_SlipPartitioning_0#3,eval_In718-PrecipitationStrengthened_SEM-DIC_EBSD_SlipPartitioning_0,roma|pyramid_v2|none|s0,roma,core,10000.0,1119.0,773.747,0.1119,5442.388838493652,5476.05154608121,11760.424219389928,0.10586976203498187,1119.0
eval_In718-PrecipitationStrengthened_SEM-DIC_EBSD_SlipPartitioning_0#3,eval_In718-PrecipitationStrengthened_SEM-DIC_EBSD_SlipPartitioning_0,roma|direct|invert|s0,roma,transform,10000.0,339.0,314.952,0.0339,1211.343314247726,1245.0060218352846,3123.108543869153,0.030528167026144658,339.0
eval_In718-PrecipitationStrengthened_SEM-DIC_EBSD_SlipPartitioning_0#3,eval_In718-PrecipitationStrengthened_SEM-DIC_EBSD_SlipPartitioning_0,roma|direct|histmatch|s0,roma,transform,10000.0,8650.0,115.29,0.865,65379.26190375256,65412.92461134012,114240.46322027936,0.8581620010628351,8650.0
eval_In718-PrecipitationStrengthened_SEM-DIC_EBSD_SlipPartitioning_0#3,eval_In718-PrecipitationStrengthened_SEM-DIC_EBSD_SlipPartitioning_0,roma|direct|clahe|s0,roma,transform,10000.0,311.0,334.427,0.0311,1081.7991220150911,1115.4618296026497,2835.3911831214637,0.027873685933108745,311.0
eval_In718-PrecipitationStrengthened_SEM-DIC_EBSD_SlipPartitioning_0#3,eval_In718-PrecipitationStrengthened_SEM-DIC_EBSD_SlipPartitioning_0,roma|direct|gradmag|s0,roma,transform,10000.0,1890.0,4.871,0.189,10282.132722083457,10315.795429671016,20955.602161213523,0.18144653953549209,1890.0
eval_In718-SolutionStrengthened_SEM-SE_EBSD_SameSliceSerialSectioning_0#0,eval_In718-SolutionStrengthened_SEM-SE_EBSD_SameSliceSerialSectioning_0,roma|direct|none|s0,roma,core,10000.0,831.0,419.016,0.0831,5180.852220702675,5214.514928290234,5180.852220702675,0.07784860575276353,831.0
eval_In718-SolutionStrengthened_SEM-SE_EBSD_SameSliceSerialSectioning_0#0,eval_In718-SolutionStrengthened_SEM-SE_EBSD_SameSliceSerialSectioning_0,roma|pyramid_v2|none|s0,roma,core,10000.0,831.0,419.016,0.0831,5180.852220702675,5214.514928290234,5180.852220702675,0.07784860575276353,831.0
eval_In718-SolutionStrengthened_SEM-SE_EBSD_SameSliceSerialSectioning_0#0,eval_In718-SolutionStrengthened_SEM-SE_EBSD_SameSliceSerialSectioning_0,roma|direct|invert|s0,roma,transform,10000.0,265.0,523.378,0.0265,1321.3082699748345,1354.970977562393,1321.3082699748345,0.023529149180417482,265.0
eval_In718-SolutionStrengthened_SEM-SE_EBSD_SameSliceSerialSectioning_0#0,eval_In718-SolutionStrengthened_SEM-SE_EBSD_SameSliceSerialSectioning_0,roma|direct|histmatch|s0,roma,transform,10000.0,761.0,407.11,0.0761,4672.191410397347,4705.854117984905,4672.191410397347,0.0710642235407037,761.0
eval_In718-SolutionStrengthened_SEM-SE_EBSD_SameSliceSerialSectioning_0#0,eval_In718-SolutionStrengthened_SEM-SE_EBSD_SameSliceSerialSectioning_0,roma|direct|clahe|s0,roma,transform,10000.0,532.0,693.772,0.0532,3060.5658522290796,3094.228559816638,3060.5658522290796,0.04897028177457526,532.0
eval_In718-SolutionStrengthened_SEM-SE_EBSD_SameSliceSerialSectioning_0#0,eval_In718-SolutionStrengthened_SEM-SE_EBSD_SameSliceSerialSectioning_0,roma|direct|gradmag|s0,roma,transform,10000.0,290.0,539.408,0.029,1475.287403021533,1508.9501106090916,1475.287403021533,0.02588757891009469,290.0
eval_In718-SolutionStrengthened_SEM-SE_EBSD_SameSliceSerialSectioning_0#1,eval_In718-SolutionStrengthened_SEM-SE_EBSD_SameSliceSerialSectioning_0,roma|direct|none|s0,roma,core,10000.0,763.0,350.978,0.0763,3195.0471479256476,3228.709855513206,4686.6305918906,0.07125789199275818,763.0
eval_In718-SolutionStrengthened_SEM-SE_EBSD_SameSliceSerialSectioning_0#1,eval_In718-SolutionStrengthened_SEM-SE_EBSD_SameSliceSerialSectioning_0,roma|pyramid_v2|none|s0,roma,core,10000.0,763.0,350.978,0.0763,3195.0471479256476,3228.709855513206,4686.6305918906,0.07125789199275818,763.0
eval_In718-SolutionStrengthened_SEM-SE_EBSD_SameSliceSerialSectioning_0#1,eval_In718-SolutionStrengthened_SEM-SE_EBSD_SameSliceSerialSectioning_0,roma|direct|invert|s0,roma,transform,10000.0,815.0,239.676,0.0815,3470.513345260108,3504.1760528476666,5064.001644546373,0.07629683534911798,815.0
eval_In718-SolutionStrengthened_SEM-SE_EBSD_SameSliceSerialSectioning_0#1,eval_In718-SolutionStrengthened_SEM-SE_EBSD_SameSliceSerialSectioning_0,roma|direct|histmatch|s0,roma,transform,10000.0,1011.0,703.657,0.1011,4539.719925816002,4573.38263340356,6517.311427504861,0.09534379707844429,1011.0
eval_In718-SolutionStrengthened_SEM-SE_EBSD_SameSliceSerialSectioning_0#1,eval_In718-SolutionStrengthened_SEM-SE_EBSD_SameSliceSerialSectioning_0,roma|direct|clahe|s0,roma,transform,10000.0,323.0,1824.889,0.0323,1052.5925009534737,1086.2552085410323,1681.9080936688508,0.029010477929632468,323.0
eval_In718-SolutionStrengthened_SEM-SE_EBSD_SameSliceSerialSectioning_0#1,eval_In718-SolutionStrengthened_SEM-SE_EBSD_SameSliceSerialSectioning_0,roma|direct|gradmag|s0,roma,transform,10000.0,699.0,589.173,0.0699,2861.3056424554375,2894.968350042996,4227.467789285782,0.06506590342515885,699.0
eval_In718-SolutionStrengthened_SEM-SE_EBSD_SameSliceSerialSectioning_0#2,eval_In718-SolutionStrengthened_SEM-SE_EBSD_SameSliceSerialSectioning_0,roma|direct|none|s0,roma,core,10000.0,5402.0,232.21,0.5402,34965.64559806885,34999.30830565641,45548.341382555904,0.5304183319434908,5402.0
eval_In718-SolutionStrengthened_SEM-SE_EBSD_SameSliceSerialSectioning_0#2,eval_In718-SolutionStrengthened_SEM-SE_EBSD_SameSliceSerialSectioning_0,roma|pyramid_v2|none|s0,roma,core,10000.0,5402.0,232.21,0.5402,34965.64559806885,34999.30830565641,45548.341382555904,0.5304183319434908,5402.0
eval_In718-SolutionStrengthened_SEM-SE_EBSD_SameSliceSerialSectioning_0#2,eval_In718-SolutionStrengthened_SEM-SE_EBSD_SameSliceSerialSectioning_0,roma|direct|invert|s0,roma,transform,10000.0,752.0,259.662,0.0752,3137.2590001990266,3170.921707786585,4607.285653334172,0.07019284589230979,752.0
eval_In718-SolutionStrengthened_SEM-SE_EBSD_SameSliceSerialSectioning_0#2,eval_In718-SolutionStrengthened_SEM-SE_EBSD_SameSliceSerialSectioning_0,roma|direct|histmatch|s0,roma,transform,10000.0,597.0,218.82,0.0597,2342.6710136847155,2376.333721272274,3508.9431652976364,0.05522314248169482,597.0
eval_In718-SolutionStrengthened_SEM-SE_EBSD_SameSliceSerialSectioning_0#2,eval_In718-SolutionStrengthened_SEM-SE_EBSD_SameSliceSerialSectioning_0,roma|direct|clahe|s0,roma,transform,10000.0,989.0,295.031,0.0989,4417.452468188842,4451.115175776401,6351.930327737699,0.09320208250763985,989.0
eval_In718-SolutionStrengthened_SEM-SE_EBSD_SameSliceSerialSectioning_0#2,eval_In718-SolutionStrengthened_SEM-SE_EBSD_SameSliceSerialSectioning_0,roma|direct|gradmag|s0,roma,transform,10000.0,744.0,203.558,0.0744,3095.3403386219147,3129.0030462094733,4549.689327017867,0.06941846917938226,744.0
eval_In718-SolutionStrengthened_SEM-SE_EBSD_SameSliceSerialSectioning_0#3,eval_In718-SolutionStrengthened_SEM-SE_EBSD_SameSliceSerialSectioning_0,roma|direct|none|s0,roma,core,10000.0,805.0,217.528,0.0805,3417.2520095702453,3450.914717157804,4991.143218187937,0.07532728824628389,805.0
eval_In718-SolutionStrengthened_SEM-SE_EBSD_SameSliceSerialSectioning_0#3,eval_In718-SolutionStrengthened_SEM-SE_EBSD_SameSliceSerialSectioning_0,roma|pyramid_v2|none|s0,roma,core,10000.0,805.0,217.528,0.0805,3417.2520095702453,3450.914717157804,4991.143218187937,0.07532728824628389,805.0
eval_In718-SolutionStrengthened_SEM-SE_EBSD_SameSliceSerialSectioning_0#3,eval_In718-SolutionStrengthened_SEM-SE_EBSD_SameSliceSerialSectioning_0,roma|direct|invert|s0,roma,transform,10000.0,394.0,203.216,0.0394,1369.4121111950712,1403.0748187826298,2137.8653763187676,0.03576049506533982,394.0
eval_In718-SolutionStrengthened_SEM-SE_EBSD_SameSliceSerialSectioning_0#3,eval_In718-SolutionStrengthened_SEM-SE_EBSD_SameSliceSerialSectioning_0,roma|direct|histmatch|s0,roma,transform,10000.0,403.0,563.73,0.0403,1410.5749477466893,1444.2376553342478,2196.66543491716,0.03661872063908073,403.0
eval_In718-SolutionStrengthened_SEM-SE_EBSD_SameSliceSerialSectioning_0#3,eval_In718-SolutionStrengthened_SEM-SE_EBSD_SameSliceSerialSectioning_0,roma|direct|clahe|s0,roma,transform,10000.0,798.0,64351.353,0.0798,3380.049321812739,3413.7120294002975,4940.222567804009,0.07464874952428152,798.0
eval_In718-SolutionStrengthened_SEM-SE_EBSD_SameSliceSerialSectioning_0#3,eval_In718-SolutionStrengthened_SEM-SE_EBSD_SameSliceSerialSectioning_0,roma|direct|gradmag|s0,roma,transform,10000.0,575.0,1819.501,0.0575,2233.143395178067,2266.8061027656254,3356.3020605730935,0.05310492374099383,575.0
eval_In718-SolutionStrengthened_SEM-SE_EBSD_SameSliceSerialSectioning_1#0,eval_In718-SolutionStrengthened_SEM-SE_EBSD_SameSliceSerialSectioning_1,roma|direct|none|s0,roma,core,10000.0,2835.0,16.316,0.2835,21548.918777683197,21582.581485270755,15996.810010963061,0.27475094245557774,2835.0
eval_In718-SolutionStrengthened_SEM-SE_EBSD_SameSliceSerialSectioning_1#0,eval_In718-SolutionStrengthened_SEM-SE_EBSD_SameSliceSerialSectioning_1,roma|pyramid_v2|none|s0,roma,core,10000.0,2835.0,16.316,0.2835,21548.918777683197,21582.581485270755,15996.810010963061,0.27475094245557774,2835.0
eval_In718-SolutionStrengthened_SEM-SE_EBSD_SameSliceSerialSectioning_1#0,eval_In718-SolutionStrengthened_SEM-SE_EBSD_SameSliceSerialSectioning_1,roma|direct|invert|s0,roma,transform,10000.0,4845.0,14.59,0.4845,40110.028109500956,40143.690817088514,30618.89333463369,0.4747127210223683,4845.0
eval_In718-SolutionStrengthened_SEM-SE_EBSD_SameSliceSerialSectioning_1#0,eval_In718-SolutionStrengthened_SEM-SE_EBSD_SameSliceSerialSectioning_1,roma|direct|histmatch|s0,roma,transform,10000.0,3059.0,23.58,0.3059,23529.382741597845,23563.045449185403,17538.297977239545,0.2969446901015281,3059.0
eval_In718-SolutionStrengthened_SEM-SE_EBSD_SameSliceSerialSectioning_1#0,eval_In718-SolutionStrengthened_SEM-SE_EBSD_SameSliceSerialSectioning_1,roma|direct|clahe|s0,roma,transform,10000.0,3845.0,13.825,0.3845,30660.303118929656,30693.965826517215,23128.882846489687,0.37501130793863485,3845.0
eval_In718-SolutionStrengthened_SEM-SE_EBSD_SameSliceSerialSectioning_1#0,eval_In718-SolutionStrengthened_SEM-SE_EBSD_SameSliceSerialSectioning_1,roma|direct|gradmag|s0,roma,transform,10000.0,2362.0,21.235,0.2362,17449.76571950797,17483.42842709553,12824.601745575463,0.2279774031356079,2362.0
eval_In718-SolutionStrengthened_SEM-SE_EBSD_SameSliceSerialSectioning_1#1,eval_In718-SolutionStrengthened_SEM-SE_EBSD_SameSliceSerialSectioning_1,roma|direct|none|s0,roma,core,10000.0,432.0,114.222,0.0432,2387.533607894891,2421.1963154824493,1544.612012116699,0.03938757077465523,432.0
eval_In718-SolutionStrengthened_SEM-SE_EBSD_SameSliceSerialSectioning_1#1,eval_In718-SolutionStrengthened_SEM-SE_EBSD_SameSliceSerialSectioning_1,roma|pyramid_v2|none|s0,roma,core,10000.0,432.0,114.222,0.0432,2387.533607894891,2421.1963154824493,1544.612012116699,0.03938757077465523,432.0
eval_In718-SolutionStrengthened_SEM-SE_EBSD_SameSliceSerialSectioning_1#1,eval_In718-SolutionStrengthened_SEM-SE_EBSD_SameSliceSerialSectioning_1,roma|direct|invert|s0,roma,transform,10000.0,2455.0,16.748,0.2455,18246.420752140864,18280.083459728423,13439.00337022083,0.23716342424233552,2455.0
eval_In718-SolutionStrengthened_SEM-SE_EBSD_SameSliceSerialSectioning_1#1,eval_In718-SolutionStrengthened_SEM-SE_EBSD_SameSliceSerialSectioning_1,roma|direct|histmatch|s0,roma,transform,10000.0,110.0,867.052,0.011,433.2765981036811,466.93930569123967,221.3577740583827,0.009135269953194405,110.0
eval_In718-SolutionStrengthened_SEM-SE_EBSD_SameSliceSerialSectioning_1#1,eval_In718-SolutionStrengthened_SEM-SE_EBSD_SameSliceSerialSectioning_1,roma|direct|clahe|s0,roma,transform,10000.0,1080.0,171.861,0.108,7039.4140898170235,7073.076797404582,4926.602507184632,0.1020664887746424,1080.0
eval_In718-SolutionStrengthened_SEM-SE_EBSD_SameSliceSerialSectioning_1#1,eval_In718-SolutionStrengthened_SEM-SE_EBSD_SameSliceSerialSectioning_1,roma|direct|gradmag|s0,roma,transform,10000.0,983.0,42.339,0.0983,6306.920157610099,6340.582865197657,4384.200563467196,0.09261813189777852,983.0
eval_In718-SolutionStrengthened_SEM-SE_EBSD_SameSliceSerialSectioning_2#0,eval_In718-SolutionStrengthened_SEM-SE_EBSD_SameSliceSerialSectioning_2,roma|direct|none|s0,roma,core,10000.0,3266.0,12.735,0.3266,25380.585318098023,25414.24802568558,18983.8396871624,0.3174764747510332,3266.0
eval_In718-SolutionStrengthened_SEM-SE_EBSD_SameSliceSerialSectioning_2#0,eval_In718-SolutionStrengthened_SEM-SE_EBSD_SameSliceSerialSectioning_2,roma|pyramid_v2|none|s0,roma,core,10000.0,3266.0,12.735,0.3266,25380.585318098023,25414.24802568558,18983.8396871624,0.3174764747510332,3266.0
eval_In718-SolutionStrengthened_SEM-SE_EBSD_SameSliceSerialSectioning_2#0,eval_In718-SolutionStrengthened_SEM-SE_EBSD_SameSliceSerialSectioning_2,roma|direct|invert|s0,roma,transform,10000.0,5411.0,11.27,0.5411,45637.23497293265,45670.89768052021,35036.90175727786,0.5313194243837741,5411.0
eval_In718-SolutionStrengthened_SEM-SE_EBSD_SameSliceSerialSectioning_2#0,eval_In718-SolutionStrengthened_SEM-SE_EBSD_SameSliceSerialSectioning_2,roma|direct|histmatch|s0,roma,transform,10000.0,3406.0,17.388,0.3406,26643.692579235772,26677.35528682333,19972.5869366546,0.3313743061744871,3406.0
eval_In718-SolutionStrengthened_SEM-SE_EBSD_SameSliceSerialSectioning_2#0,eval_In718-SolutionStrengthened_SEM-SE_EBSD_SameSliceSerialSectioning_2,roma|direct|clahe|s0,roma,transform,10000.0,2708.0,16.289,0.2708,20436.968237589565,20470.630945177123,15133.743176814964,0.26217968935670005,2708.0
eval_In718-SolutionStrengthened_SEM-SE_EBSD_SameSliceSerialSectioning_2#0,eval_In718-SolutionStrengthened_SEM-SE_EBSD_SameSliceSerialSectioning_2,roma|direct|gradmag|s0,roma,transform,10000.0,1939.0,19.179,0.1939,13888.931984146286,13922.594691733844,10092.726987815928,0.18626939161937364,1939.0
eval_In718-SolutionStrengthened_SEM-SE_EBSD_SameSliceSerialSectioning_2#1,eval_In718-SolutionStrengthened_SEM-SE_EBSD_SameSliceSerialSectioning_2,roma|direct|none|s0,roma,core,10000.0,3266.0,16.167,0.3266,25380.585318098023,25414.24802568558,18983.8396871624,0.3174764747510332,3266.0
eval_In718-SolutionStrengthened_SEM-SE_EBSD_SameSliceSerialSectioning_2#1,eval_In718-SolutionStrengthened_SEM-SE_EBSD_SameSliceSerialSectioning_2,roma|pyramid_v2|none|s0,roma,core,10000.0,3266.0,16.167,0.3266,25380.585318098023,25414.24802568558,18983.8396871624,0.3174764747510332,3266.0
eval_In718-SolutionStrengthened_SEM-SE_EBSD_SameSliceSerialSectioning_2#1,eval_In718-SolutionStrengthened_SEM-SE_EBSD_SameSliceSerialSectioning_2,roma|direct|invert|s0,roma,transform,10000.0,2791.0,19.599,0.2791,21162.765998277984,21196.428705865543,15696.884657868439,0.2703945526358745,2791.0
eval_In718-SolutionStrengthened_SEM-SE_EBSD_SameSliceSerialSectioning_2#1,eval_In718-SolutionStrengthened_SEM-SE_EBSD_SameSliceSerialSectioning_2,roma|direct|histmatch|s0,roma,transform,10000.0,2070.0,26.049,0.207,14980.248219871302,15013.91092745886,10927.32071818069,0.19917233675200943,2070.0
eval_In718-SolutionStrengthened_SEM-SE_EBSD_SameSliceSerialSectioning_2#1,eval_In718-SolutionStrengthened_SEM-SE_EBSD_SameSliceSerialSectioning_2,roma|direct|clahe|s0,roma,transform,10000.0,3930.0,13.82,0.393,31447.538068713307,31481.200776300866,23749.54206748343,0.383470043810891,3930.0
eval_In718-SolutionStrengthened_SEM-SE_EBSD_SameSliceSerialSectioning_2#1,eval_In718-SolutionStrengthened_SEM-SE_EBSD_SameSliceSerialSectioning_2,roma|direct|gradmag|s0,roma,transform,10000.0,468.0,21.53,0.0468,2627.288895125684,2660.9516027132427,1713.8182301138645,0.04283152146262244,468.0
eval_In718-SolutionStrengthened_SEM-SE_EBSD_SameSliceSerialSectioning_3#0,eval_In718-SolutionStrengthened_SEM-SE_EBSD_SameSliceSerialSectioning_3,roma|direct|none|s0,roma,core,10000.0,3832.0,29.724,0.3832,30540.170996521745,30573.833704109304,23034.22701193323,0.3737178889361985,3832.0
eval_In718-SolutionStrengthened_SEM-SE_EBSD_SameSliceSerialSectioning_3#0,eval_In718-SolutionStrengthened_SEM-SE_EBSD_SameSliceSerialSectioning_3,roma|pyramid_v2|none|s0,roma,core,10000.0,3832.0,29.724,0.3832,30540.170996521745,30573.833704109304,23034.22701193323,0.3737178889361985,3832.0
eval_In718-SolutionStrengthened_SEM-SE_EBSD_SameSliceSerialSectioning_3#0,eval_In718-SolutionStrengthened_SEM-SE_EBSD_SameSliceSerialSectioning_3,roma|direct|invert|s0,roma,transform,10000.0,4539.0,15.658,0.4539,37175.26176816807,37208.92447575563,28283.799640302062,0.44416148231588315,4539.0
eval_In718-SolutionStrengthened_SEM-SE_EBSD_SameSliceSerialSectioning_3#0,eval_In718-SolutionStrengthened_SEM-SE_EBSD_SameSliceSerialSectioning_3,roma|direct|histmatch|s0,roma,transform,10000.0,2544.0,53.228,0.2544,19013.18510170815,19046.84780929571,14031.353164007145,0.24595932604642828,2544.0
eval_In718-SolutionStrengthened_SEM-SE_EBSD_SameSliceSerialSectioning_3#0,eval_In718-SolutionStrengthened_SEM-SE_EBSD_SameSliceSerialSectioning_3,roma|direct|clahe|s0,roma,transform,10000.0,4117.0,20.942,0.4117,33190.08461338903,33223.74732097659,25125.622005807003,0.40208990636651754,4117.0
eval_In718-SolutionStrengthened_SEM-SE_EBSD_SameSliceSerialSectioning_3#0,eval_In718-SolutionStrengthened_SEM-SE_EBSD_SameSliceSerialSectioning_3,roma|direct|gradmag|s0,roma,transform,10000.0,3202.0,29.535,0.3202,24806.1213122398,24839.78401982736,18534.79739956187,0.31112626188019393,3202.0
eval_In718-SolutionStrengthened_SEM-SE_EBSD_SameSliceSerialSectioning_3#1,eval_In718-SolutionStrengthened_SEM-SE_EBSD_SameSliceSerialSectioning_3,roma|direct|none|s0,roma,core,10000.0,4181.0,22.438,0.4181,33789.79067046334,33823.4533780509,25599.90633576768,0.4084657953020974,4181.0
eval_In718-SolutionStrengthened_SEM-SE_EBSD_SameSliceSerialSectioning_3#1,eval_In718-SolutionStrengthened_SEM-SE_EBSD_SameSliceSerialSectioning_3,roma|pyramid_v2|none|s0,roma,core,10000.0,4181.0,22.438,0.4181,33789.79067046334,33823.4533780509,25599.90633576768,0.4084657953020974,4181.0
eval_In718-SolutionStrengthened_SEM-SE_EBSD_SameSliceSerialSectioning_3#1,eval_In718-SolutionStrengthened_SEM-SE_EBSD_SameSliceSerialSectioning_3,roma|direct|invert|s0,roma,transform,10000.0,4420.0,23.341,0.442,36044.14579339965,36077.80850098721,27385.889693005025,0.43229045202492355,4420.0
eval_In718-SolutionStrengthened_SEM-SE_EBSD_SameSliceSerialSectioning_3#1,eval_In718-SolutionStrengthened_SEM-SE_EBSD_SameSliceSerialSectioning_3,roma|direct|histmatch|s0,roma,transform,10000.0,2243.0,38.701,0.2243,16437.400220607677,16471.062928195235,12045.442213180122,0.21623134105788622,2243.0
eval_In718-SolutionStrengthened_SEM-SE_EBSD_SameSliceSerialSectioning_3#1,eval_In718-SolutionStrengthened_SEM-SE_EBSD_SameSliceSerialSectioning_3,roma|direct|clahe|s0,roma,transform,10000.0,3288.0,31.216,0.3288,25578.48836275616,25612.15107034372,19138.629015966537,0.3196598110579466,3288.0
eval_In718-SolutionStrengthened_SEM-SE_EBSD_SameSliceSerialSectioning_3#1,eval_In718-SolutionStrengthened_SEM-SE_EBSD_SameSliceSerialSectioning_3,roma|direct|gradmag|s0,roma,transform,10000.0,1900.0,40.829,0.19,13566.132270347665,13599.794977935224,9846.35610828214,0.1824306378633301,1900.0
eval_MoTaTiZrHf-HEA-DDRX-1100C_TEM_DislocationCharacterization_0#0,eval_MoTaTiZrHf-HEA-DDRX-1100C_TEM_DislocationCharacterization_0,roma|direct|none|s0,roma,core,10000.0,7704.0,26.212,0.7704,77500.98184882409,77534.64455641164,77500.98184882409,0.7620539652121193,7704.0
eval_MoTaTiZrHf-HEA-DDRX-1100C_TEM_DislocationCharacterization_0#0,eval_MoTaTiZrHf-HEA-DDRX-1100C_TEM_DislocationCharacterization_0,roma|pyramid_v2|none|s0,roma,core,10000.0,7704.0,26.212,0.7704,77500.98184882409,77534.64455641164,77500.98184882409,0.7620539652121193,7704.0
eval_MoTaTiZrHf-HEA-DDRX-1100C_TEM_DislocationCharacterization_0#0,eval_MoTaTiZrHf-HEA-DDRX-1100C_TEM_DislocationCharacterization_0,roma|direct|invert|s0,roma,transform,10000.0,3293.0,19.281,0.3293,29076.866007288685,29110.528714876244,29076.866007288685,0.3201560557783031,3293.0
eval_MoTaTiZrHf-HEA-DDRX-1100C_TEM_DislocationCharacterization_0#0,eval_MoTaTiZrHf-HEA-DDRX-1100C_TEM_DislocationCharacterization_0,roma|direct|histmatch|s0,roma,transform,10000.0,8246.0,26.398,0.8246,84078.85985746673,84112.52256505429,84078.85985746673,0.817021826138976,8246.0
eval_MoTaTiZrHf-HEA-DDRX-1100C_TEM_DislocationCharacterization_0#0,eval_MoTaTiZrHf-HEA-DDRX-1100C_TEM_DislocationCharacterization_0,roma|direct|clahe|s0,roma,transform,10000.0,8715.0,27.031,0.8715,89934.75984369895,89968.42255128651,89934.75984369895,0.8647981172043434,8715.0
eval_MoTaTiZrHf-HEA-DDRX-1100C_TEM_DislocationCharacterization_0#0,eval_MoTaTiZrHf-HEA-DDRX-1100C_TEM_DislocationCharacterization_0,roma|direct|gradmag|s0,roma,transform,10000.0,3682.0,14.814,0.3682,33020.58678600806,33054.24949359562,33020.58678600806,0.35879907003764533,3682.0
eval_MoTaTiZrHf-HEA-DDRX-1100C_TEM_DislocationCharacterization_0#1,eval_MoTaTiZrHf-HEA-DDRX-1100C_TEM_DislocationCharacterization_0,roma|direct|none|s0,roma,core,10000.0,5025.0,16.857,0.5025,47123.81364197923,47157.47634956679,47123.81364197923,0.49270122424744034,5025.0
eval_MoTaTiZrHf-HEA-DDRX-1100C_TEM_DislocationCharacterization_0#1,eval_MoTaTiZrHf-HEA-DDRX-1100C_TEM_DislocationCharacterization_0,roma|pyramid_v2|none|s0,roma,core,10000.0,5025.0,16.857,0.5025,47123.81364197923,47157.47634956679,47123.81364197923,0.49270122424744034,5025.0
eval_MoTaTiZrHf-HEA-DDRX-1100C_TEM_DislocationCharacterization_0#1,eval_MoTaTiZrHf-HEA-DDRX-1100C_TEM_DislocationCharacterization_0,roma|direct|invert|s0,roma,transform,10000.0,2829.0,19.608,0.2829,24462.922261647334,24496.584969234893,24462.922261647334,0.2741568279978225,2829.0
eval_MoTaTiZrHf-HEA-DDRX-1100C_TEM_DislocationCharacterization_0#1,eval_MoTaTiZrHf-HEA-DDRX-1100C_TEM_DislocationCharacterization_0,roma|direct|histmatch|s0,roma,transform,10000.0,4951.0,17.612,0.4951,46327.71114980561,46361.37385739317,46327.71114980561,0.4853044137350311,4951.0
eval_MoTaTiZrHf-HEA-DDRX-1100C_TEM_DislocationCharacterization_0#1,eval_MoTaTiZrHf-HEA-DDRX-1100C_TEM_DislocationCharacterization_0,roma|direct|clahe|s0,roma,transform,10000.0,4818.0,20.099,0.4818,44902.38538432789,44936.04809191545,44902.38538432789,0.47201554118116124,4818.0
eval_MoTaTiZrHf-HEA-DDRX-1100C_TEM_DislocationCharacterization_0#1,eval_MoTaTiZrHf-HEA-DDRX-1100C_TEM_DislocationCharacterization_0,roma|direct|gradmag|s0,roma,transform,10000.0,4868.0,86.541,0.4868,45437.39170999782,45471.05441758538,45437.39170999782,0.4770105442629507,4868.0
eval_MoTaTiZrHf-HEA-DDRX-1100C_TEM_DislocationCharacterization_0#2,eval_MoTaTiZrHf-HEA-DDRX-1100C_TEM_DislocationCharacterization_0,roma|direct|none|s0,roma,core,10000.0,4528.0,17.751,0.4528,41819.12551490576,41852.78822249332,41819.12551490576,0.44306392387194415,4528.0
eval_MoTaTiZrHf-HEA-DDRX-1100C_TEM_DislocationCharacterization_0#2,eval_MoTaTiZrHf-HEA-DDRX-1100C_TEM_DislocationCharacterization_0,roma|pyramid_v2|none|s0,roma,core,10000.0,4528.0,17.751,0.4528,41819.12551490576,41852.78822249332,41819.12551490576,0.44306392387194415,4528.0
eval_MoTaTiZrHf-HEA-DDRX-1100C_TEM_DislocationCharacterization_0#2,eval_MoTaTiZrHf-HEA-DDRX-1100C_TEM_DislocationCharacterization_0,roma|direct|invert|s0,roma,transform,10000.0,3701.0,13.29,0.3701,33214.90229054338,33248.56499813094,33214.90229054338,0.3606882489459405,3701.0
eval_MoTaTiZrHf-HEA-DDRX-1100C_TEM_DislocationCharacterization_0#2,eval_MoTaTiZrHf-HEA-DDRX-1100C_TEM_DislocationCharacterization_0,roma|direct|histmatch|s0,roma,transform,10000.0,5060.0,20.982,0.506,47501.11154833583,47534.77425592339,47501.11154833583,0.4962004630312164,5060.0
eval_MoTaTiZrHf-HEA-DDRX-1100C_TEM_DislocationCharacterization_0#2,eval_MoTaTiZrHf-HEA-DDRX-1100C_TEM_DislocationCharacterization_0,roma|direct|clahe|s0,roma,transform,10000.0,3537.0,19.321,0.3537,31542.788451259217,31576.451158846776,31542.788451259217,0.34438687980649507,3537.0
eval_MoTaTiZrHf-HEA-DDRX-1100C_TEM_DislocationCharacterization_0#2,eval_MoTaTiZrHf-HEA-DDRX-1100C_TEM_DislocationCharacterization_0,roma|direct|gradmag|s0,roma,transform,10000.0,3029.0,18.205,0.3029,26439.230185535307,26472.892893122866,26439.230185535307,0.29397082101000416,3029.0
eval_MoTaTiZrHf-HEA-DDRX-1100C_TEM_DislocationCharacterization_0#3,eval_MoTaTiZrHf-HEA-DDRX-1100C_TEM_DislocationCharacterization_0,roma|direct|none|s0,roma,core,10000.0,4319.0,20.46,0.4319,39618.0837758163,39651.74648340386,39618.0837758163,0.42221948032334766,4319.0
eval_MoTaTiZrHf-HEA-DDRX-1100C_TEM_DislocationCharacterization_0#3,eval_MoTaTiZrHf-HEA-DDRX-1100C_TEM_DislocationCharacterization_0,roma|pyramid_v2|none|s0,roma,core,10000.0,4319.0,20.46,0.4319,39618.0837758163,39651.74648340386,39618.0837758163,0.42221948032334766,4319.0
eval_MoTaTiZrHf-HEA-DDRX-1100C_TEM_DislocationCharacterization_0#3,eval_MoTaTiZrHf-HEA-DDRX-1100C_TEM_DislocationCharacterization_0,roma|direct|invert|s0,roma,transform,10000.0,9430.0,24.255,0.943,99278.83037229585,99312.49307988341,99278.83037229585,0.9382835457662696,9430.0
eval_MoTaTiZrHf-HEA-DDRX-1100C_TEM_DislocationCharacterization_0#3,eval_MoTaTiZrHf-HEA-DDRX-1100C_TEM_DislocationCharacterization_0,roma|direct|histmatch|s0,roma,transform,10000.0,4405.0,21.157,0.4405,40521.63091826305,40555.29362585061,40521.63091826305,0.4307945045464484,4405.0
eval_MoTaTiZrHf-HEA-DDRX-1100C_TEM_DislocationCharacterization_0#3,eval_MoTaTiZrHf-HEA-DDRX-1100C_TEM_DislocationCharacterization_0,roma|direct|clahe|s0,roma,transform,10000.0,1728.0,23.964,0.1728,13966.480030272036,14000.142737859594,13966.480030272036,0.16551588212319593,1728.0
eval_MoTaTiZrHf-HEA-DDRX-1100C_TEM_DislocationCharacterization_0#3,eval_MoTaTiZrHf-HEA-DDRX-1100C_TEM_DislocationCharacterization_0,roma|direct|gradmag|s0,roma,transform,10000.0,2511.0,67.233,0.2511,21361.579436801472,21395.24214438903,21361.579436801472,0.24269736773788722,2511.0
eval_MoTaTiZrHf-HEA-DDRX-1100C_TEM_DislocationCharacterization_0#4,eval_MoTaTiZrHf-HEA-DDRX-1100C_TEM_DislocationCharacterization_0,roma|direct|none|s0,roma,core,10000.0,4724.0,16.615,0.4724,43899.2847122865,43932.94741987406,43899.2847122865,0.4626275931728061,4724.0
eval_MoTaTiZrHf-HEA-DDRX-1100C_TEM_DislocationCharacterization_0#4,eval_MoTaTiZrHf-HEA-DDRX-1100C_TEM_DislocationCharacterization_0,roma|pyramid_v2|none|s0,roma,core,10000.0,4724.0,16.615,0.4724,43899.2847122865,43932.94741987406,43899.2847122865,0.4626275931728061,4724.0
eval_MoTaTiZrHf-HEA-DDRX-1100C_TEM_DislocationCharacterization_0#4,eval_MoTaTiZrHf-HEA-DDRX-1100C_TEM_DislocationCharacterization_0,roma|direct|invert|s0,roma,transform,10000.0,1888.0,14.846,0.1888,15446.785584352194,15480.448291939752,15446.785584352194,0.18124972964307803,1888.0
eval_MoTaTiZrHf-HEA-DDRX-1100C_TEM_DislocationCharacterization_0#4,eval_MoTaTiZrHf-HEA-DDRX-1100C_TEM_DislocationCharacterization_0,roma|direct|histmatch|s0,roma,transform,10000.0,4558.0,11.433,0.4558,42136.5149452618,42170.17765284936,42136.5149452618,0.4460573781582409,4558.0
eval_MoTaTiZrHf-HEA-DDRX-1100C_TEM_DislocationCharacterization_0#4,eval_MoTaTiZrHf-HEA-DDRX-1100C_TEM_DislocationCharacterization_0,roma|direct|clahe|s0,roma,transform,10000.0,3701.0,10.559,0.3701,33214.90229054338,33248.56499813094,33214.90229054338,0.3606882489459405,3701.0
eval_MoTaTiZrHf-HEA-DDRX-1100C_TEM_DislocationCharacterization_0#4,eval_MoTaTiZrHf-HEA-DDRX-1100C_TEM_DislocationCharacterization_0,roma|direct|gradmag|s0,roma,transform,10000.0,2759.0,17.075,0.2759,23775.831030589583,23809.49373817714,23775.831030589583,0.26722692800814607,2759.0
eval_MoTaTiZrHf-HEA-DDRX-1100C_TEM_DislocationCharacterization_0#5,eval_MoTaTiZrHf-HEA-DDRX-1100C_TEM_DislocationCharacterization_0,roma|direct|none|s0,roma,core,10000.0,1847.0,21.025,0.1847,15065.819286112745,15099.481993700303,15065.819286112745,0.1772158525878403,1847.0
eval_MoTaTiZrHf-HEA-DDRX-1100C_TEM_DislocationCharacterization_0#5,eval_MoTaTiZrHf-HEA-DDRX-1100C_TEM_DislocationCharacterization_0,roma|pyramid_v2|none|s0,roma,core,10000.0,1847.0,21.025,0.1847,15065.819286112745,15099.481993700303,15065.819286112745,0.1772158525878403,1847.0
eval_MoTaTiZrHf-HEA-DDRX-1100C_TEM_DislocationCharacterization_0#5,eval_MoTaTiZrHf-HEA-DDRX-1100C_TEM_DislocationCharacterization_0,roma|direct|invert|s0,roma,transform,10000.0,3985.0,15.179,0.3985,36137.69255982232,36171.355267409876,36137.69255982232,0.3889449639224708,3985.0
eval_MoTaTiZrHf-HEA-DDRX-1100C_TEM_DislocationCharacterization_0#5,eval_MoTaTiZrHf-HEA-DDRX-1100C_TEM_DislocationCharacterization_0,roma|direct|histmatch|s0,roma,transform,10000.0,2408.0,18.66,0.2408,20368.383118216294,20402.045825803852,20368.383118216294,0.23252034941817418,2408.0
eval_MoTaTiZrHf-HEA-DDRX-1100C_TEM_DislocationCharacterization_0#5,eval_MoTaTiZrHf-HEA-DDRX-1100C_TEM_DislocationCharacterization_0,roma|direct|clahe|s0,roma,transform,10000.0,1619.0,33.215,0.1619,12968.205205003258,13001.867912590817,12968.205205003258,0.15481034396234306,1619.0
eval_MoTaTiZrHf-HEA-DDRX-1100C_TEM_DislocationCharacterization_0#5,eval_MoTaTiZrHf-HEA-DDRX-1100C_TEM_DislocationCharacterization_0,roma|direct|gradmag|s0,roma,transform,10000.0,1949.0,194.326,0.1949,16015.614645844526,16049.277353432084,16015.614645844526,0.18725388266169696,1949.0
eval_MoTaTiZrHf-HEA-DDRX-1100C_TEM_DislocationCharacterization_0#6,eval_MoTaTiZrHf-HEA-DDRX-1100C_TEM_DislocationCharacterization_0,roma|direct|none|s0,roma,core,10000.0,2177.0,19.352,0.2177,18162.296636374478,18195.959343962037,18162.296636374478,0.20972080418983316,2177.0
eval_MoTaTiZrHf-HEA-DDRX-1100C_TEM_DislocationCharacterization_0#6,eval_MoTaTiZrHf-HEA-DDRX-1100C_TEM_DislocationCharacterization_0,roma|pyramid_v2|none|s0,roma,core,10000.0,2177.0,19.352,0.2177,18162.296636374478,18195.959343962037,18162.296636374478,0.20972080418983316,2177.0
eval_MoTaTiZrHf-HEA-DDRX-1100C_TEM_DislocationCharacterization_0#6,eval_MoTaTiZrHf-HEA-DDRX-1100C_TEM_DislocationCharacterization_0,roma|direct|invert|s0,roma,transform,10000.0,3788.0,16.114,0.3788,34106.63555138892,34140.29825897648,34106.63555138892,0.3693406983110359,3788.0
eval_MoTaTiZrHf-HEA-DDRX-1100C_TEM_DislocationCharacterization_0#6,eval_MoTaTiZrHf-HEA-DDRX-1100C_TEM_DislocationCharacterization_0,roma|direct|histmatch|s0,roma,transform,10000.0,1808.0,12.74,0.1808,14704.472200531505,14738.134908119064,14704.472200531505,0.1733800564607453,1808.0
eval_MoTaTiZrHf-HEA-DDRX-1100C_TEM_DislocationCharacterization_0#6,eval_MoTaTiZrHf-HEA-DDRX-1100C_TEM_DislocationCharacterization_0,roma|direct|clahe|s0,roma,transform,10000.0,1693.0,17.795,0.1693,13645.006681810459,13678.669389398017,13645.006681810459,0.16207711066257666,1693.0
eval_MoTaTiZrHf-HEA-DDRX-1100C_TEM_DislocationCharacterization_0#6,eval_MoTaTiZrHf-HEA-DDRX-1100C_TEM_DislocationCharacterization_0,roma|direct|gradmag|s0,roma,transform,10000.0,1434.0,181.622,0.1434,11294.204681038214,11327.867388625773,11294.204681038214,0.13666760024937882,1434.0
eval_MoTaTiZrHf-HEA-DDRX-1100C_TEM_DislocationCharacterization_0#7,eval_MoTaTiZrHf-HEA-DDRX-1100C_TEM_DislocationCharacterization_0,roma|direct|none|s0,roma,core,10000.0,3862.0,14.89,0.3862,34867.65385492643,34901.31656251399,34867.65385492643,0.3767028104598686,3862.0
eval_MoTaTiZrHf-HEA-DDRX-1100C_TEM_DislocationCharacterization_0#7,eval_MoTaTiZrHf-HEA-DDRX-1100C_TEM_DislocationCharacterization_0,roma|pyramid_v2|none|s0,roma,core,10000.0,3862.0,14.89,0.3862,34867.65385492643,34901.31656251399,34867.65385492643,0.3767028104598686,3862.0
eval_MoTaTiZrHf-HEA-DDRX-1100C_TEM_DislocationCharacterization_0#7,eval_MoTaTiZrHf-HEA-DDRX-1100C_TEM_DislocationCharacterization_0,roma|direct|invert|s0,roma,transform,10000.0,2734.0,21.324,0.2734,23531.033659656667,23564.696367244225,23531.033659656667,0.26475261166243114,2734.0
eval_MoTaTiZrHf-HEA-DDRX-1100C_TEM_DislocationCharacterization_0#7,eval_MoTaTiZrHf-HEA-DDRX-1100C_TEM_DislocationCharacterization_0,roma|direct|histmatch|s0,roma,transform,10000.0,4088.0,19.82,0.4088,37206.07933698099,37239.74204456855,37206.07933698099,0.39920138500815167,4088.0
eval_MoTaTiZrHf-HEA-DDRX-1100C_TEM_DislocationCharacterization_0#7,eval_MoTaTiZrHf-HEA-DDRX-1100C_TEM_DislocationCharacterization_0,roma|direct|clahe|s0,roma,transform,10000.0,4497.0,15.632,0.4497,41491.53800592339,41525.200713510945,41491.53800592339,0.4399710632078167,4497.0
eval_MoTaTiZrHf-HEA-DDRX-1100C_TEM_DislocationCharacterization_0#7,eval_MoTaTiZrHf-HEA-DDRX-1100C_TEM_DislocationCharacterization_0,roma|direct|gradmag|s0,roma,transform,10000.0,1159.0,181.11,0.1159,8858.426597189857,8892.089304777415,8858.426597189857,0.10977302260751828,1159.0
eval_MoTaTiZrHf-HEA-DDRX-1100C_TEM_DislocationCharacterization_0#8,eval_MoTaTiZrHf-HEA-DDRX-1100C_TEM_DislocationCharacterization_0,roma|direct|none|s0,roma,core,10000.0,2543.0,22.572,0.2543,21671.301125119724,21704.963832707283,21671.301125119724,0.24586046929990682,2543.0
eval_MoTaTiZrHf-HEA-DDRX-1100C_TEM_DislocationCharacterization_0#8,eval_MoTaTiZrHf-HEA-DDRX-1100C_TEM_DislocationCharacterization_0,roma|pyramid_v2|none|s0,roma,core,10000.0,2543.0,22.572,0.2543,21671.301125119724,21704.963832707283,21671.301125119724,0.24586046929990682,2543.0
eval_MoTaTiZrHf-HEA-DDRX-1100C_TEM_DislocationCharacterization_0#8,eval_MoTaTiZrHf-HEA-DDRX-1100C_TEM_DislocationCharacterization_0,roma|direct|invert|s0,roma,transform,10000.0,6857.0,27.63,0.6857,67547.81424372099,67581.47695130855,67547.81424372099,0.6765312913466229,6857.0
eval_MoTaTiZrHf-HEA-DDRX-1100C_TEM_DislocationCharacterization_0#8,eval_MoTaTiZrHf-HEA-DDRX-1100C_TEM_DislocationCharacterization_0,roma|direct|histmatch|s0,roma,transform,10000.0,2106.0,20.031,0.2106,17490.425080010602,17524.08778759816,17490.425080010602,0.20272043625663694,2106.0
eval_MoTaTiZrHf-HEA-DDRX-1100C_TEM_DislocationCharacterization_0#8,eval_MoTaTiZrHf-HEA-DDRX-1100C_TEM_DislocationCharacterization_0,roma|direct|clahe|s0,roma,transform,10000.0,1792.0,27.772,0.1792,14556.523278670611,14590.18598625817,14556.523278670611,0.1718067725359429,1792.0
eval_MoTaTiZrHf-HEA-DDRX-1100C_TEM_DislocationCharacterization_0#8,eval_MoTaTiZrHf-HEA-DDRX-1100C_TEM_DislocationCharacterization_0,roma|direct|gradmag|s0,roma,transform,10000.0,5258.0,23.095,0.5258,49644.771381756225,49678.434089343784,49644.771381756225,0.5160052021351625,5258.0
eval_MoTaTiZrHf-HEA-DDRX-1100C_TEM_DislocationCharacterization_0#9,eval_MoTaTiZrHf-HEA-DDRX-1100C_TEM_DislocationCharacterization_0,roma|direct|none|s0,roma,core,10000.0,2637.0,14.435,0.2637,22584.21467370168,22617.87738128924,22584.21467370168,0.2551555639922469,2637.0
eval_MoTaTiZrHf-HEA-DDRX-1100C_TEM_DislocationCharacterization_0#9,eval_MoTaTiZrHf-HEA-DDRX-1100C_TEM_DislocationCharacterization_0,roma|pyramid_v2|none|s0,roma,core,10000.0,2637.0,14.435,0.2637,22584.21467370168,22617.87738128924,22584.21467370168,0.2551555639922469,2637.0
eval_MoTaTiZrHf-HEA-DDRX-1100C_TEM_DislocationCharacterization_0#9,eval_MoTaTiZrHf-HEA-DDRX-1100C_TEM_DislocationCharacterization_0,roma|direct|invert|s0,roma,transform,10000.0,4712.0,19.529,0.4712,43771.48431830435,43805.14702589191,43771.48431830435,0.4614293818242406,4712.0
eval_MoTaTiZrHf-HEA-DDRX-1100C_TEM_DislocationCharacterization_0#9,eval_MoTaTiZrHf-HEA-DDRX-1100C_TEM_DislocationCharacterization_0,roma|direct|histmatch|s0,roma,transform,10000.0,2835.0,20.877,0.2835,24521.928688969376,24555.591396556934,24521.928688969376,0.27475094245557774,2835.0
eval_MoTaTiZrHf-HEA-DDRX-1100C_TEM_DislocationCharacterization_0#9,eval_MoTaTiZrHf-HEA-DDRX-1100C_TEM_DislocationCharacterization_0,roma|direct|clahe|s0,roma,transform,10000.0,2929.0,16.86,0.2929,25448.662029040213,25482.324736627772,25448.662029040213,0.28406122636441133,2929.0
eval_MoTaTiZrHf-HEA-DDRX-1100C_TEM_DislocationCharacterization_0#9,eval_MoTaTiZrHf-HEA-DDRX-1100C_TEM_DislocationCharacterization_0,roma|direct|gradmag|s0,roma,transform,10000.0,1440.0,69.677,0.144,11348.074704955896,11381.737412543454,11348.074704955896,0.13725543442448415,1440.0
eval_MoTaTiZrHf-HEA-DDRX-1100C_TEM_DislocationCharacterization_0#10,eval_MoTaTiZrHf-HEA-DDRX-1100C_TEM_DislocationCharacterization_0,roma|direct|none|s0,roma,core,10000.0,2024.0,55.568,0.2024,16718.238772548935,16751.901480136494,16718.238772548935,0.194640044963689,2024.0
eval_MoTaTiZrHf-HEA-DDRX-1100C_TEM_DislocationCharacterization_0#10,eval_MoTaTiZrHf-HEA-DDRX-1100C_TEM_DislocationCharacterization_0,roma|pyramid_v2|none|s0,roma,core,10000.0,2024.0,55.568,0.2024,16718.238772548935,16751.901480136494,16718.238772548935,0.194640044963689,2024.0
eval_MoTaTiZrHf-HEA-DDRX-1100C_TEM_DislocationCharacterization_0#10,eval_MoTaTiZrHf-HEA-DDRX-1100C_TEM_DislocationCharacterization_0,roma|direct|invert|s0,roma,transform,10000.0,3268.0,21.203,0.3268,28825.71601543703,28859.378723024587,28825.71601543703,0.31767495039260146,3268.0
eval_MoTaTiZrHf-HEA-DDRX-1100C_TEM_DislocationCharacterization_0#10,eval_MoTaTiZrHf-HEA-DDRX-1100C_TEM_DislocationCharacterization_0,roma|direct|histmatch|s0,roma,transform,10000.0,1725.0,43.34,0.1725,13938.891403003106,13972.554110590665,13938.891403003106,0.16522108642380678,1725.0
eval_MoTaTiZrHf-HEA-DDRX-1100C_TEM_DislocationCharacterization_0#10,eval_MoTaTiZrHf-HEA-DDRX-1100C_TEM_DislocationCharacterization_0,roma|direct|clahe|s0,roma,transform,10000.0,2469.0,15.778,0.2469,20955.89671854166,20989.559426129217,20955.89671854166,0.23854673126062217,2469.0
eval_MoTaTiZrHf-HEA-DDRX-1100C_TEM_DislocationCharacterization_0#10,eval_MoTaTiZrHf-HEA-DDRX-1100C_TEM_DislocationCharacterization_0,roma|direct|gradmag|s0,roma,transform,10000.0,5302.0,20.283,0.5302,50123.27350223986,50156.93620982742,50123.27350223986,0.5204083467422222,5302.0
eval_MoTaTiZrHf-HEA-DDRX-1100C_TEM_DislocationCharacterization_0#11,eval_MoTaTiZrHf-HEA-DDRX-1100C_TEM_DislocationCharacterization_0,roma|direct|none|s0,roma,core,10000.0,6795.0,21.204,0.6795,66833.04006348175,66866.70277106931,66833.04006348175,0.670286028815518,6795.0
eval_MoTaTiZrHf-HEA-DDRX-1100C_TEM_DislocationCharacterization_0#11,eval_MoTaTiZrHf-HEA-DDRX-1100C_TEM_DislocationCharacterization_0,roma|pyramid_v2|none|s0,roma,core,10000.0,6795.0,21.204,0.6795,66833.04006348175,66866.70277106931,66833.04006348175,0.670286028815518,6795.0
eval_MoTaTiZrHf-HEA-DDRX-1100C_TEM_DislocationCharacterization_0#11,eval_MoTaTiZrHf-HEA-DDRX-1100C_TEM_DislocationCharacterization_0,roma|direct|invert|s0,roma,transform,10000.0,2855.0,26.226,0.2855,24718.74463295586,24752.407340543417,24718.74463295586,0.2767314628343584,2855.0
eval_MoTaTiZrHf-HEA-DDRX-1100C_TEM_DislocationCharacterization_0#11,eval_MoTaTiZrHf-HEA-DDRX-1100C_TEM_DislocationCharacterization_0,roma|direct|histmatch|s0,roma,transform,10000.0,8134.0,22.931,0.8134,82704.34377892046,82738.00648650802,82704.34377892046,0.8056443471498969,8134.0
eval_MoTaTiZrHf-HEA-DDRX-1100C_TEM_DislocationCharacterization_0#11,eval_MoTaTiZrHf-HEA-DDRX-1100C_TEM_DislocationCharacterization_0,roma|direct|clahe|s0,roma,transform,10000.0,6397.0,20.932,0.6397,62285.96933719995,62319.63204478751,62285.96933719995,0.6302384691800411,6397.0
eval_MoTaTiZrHf-HEA-DDRX-1100C_TEM_DislocationCharacterization_0#11,eval_MoTaTiZrHf-HEA-DDRX-1100C_TEM_DislocationCharacterization_0,roma|direct|gradmag|s0,roma,transform,10000.0,5092.0,23.664,0.5092,47846.498454175475,47880.16116176303,47846.498454175475,0.4994001871287721,5092.0
eval_MoTaTiZrHf-HEA-DDRX-1100C_TEM_DislocationCharacterization_0#12,eval_MoTaTiZrHf-HEA-DDRX-1100C_TEM_DislocationCharacterization_0,roma|direct|none|s0,roma,core,10000.0,1978.0,17.155,0.1978,16286.876593037141,16320.5393006247,16286.876593037141,0.19010935043708796,1978.0
eval_MoTaTiZrHf-HEA-DDRX-1100C_TEM_DislocationCharacterization_0#12,eval_MoTaTiZrHf-HEA-DDRX-1100C_TEM_DislocationCharacterization_0,roma|pyramid_v2|none|s0,roma,core,10000.0,1978.0,17.155,0.1978,16286.876593037141,16320.5393006247,16286.876593037141,0.19010935043708796,1978.0
eval_MoTaTiZrHf-HEA-DDRX-1100C_TEM_DislocationCharacterization_0#12,eval_MoTaTiZrHf-HEA-DDRX-1100C_TEM_DislocationCharacterization_0,roma|direct|invert|s0,roma,transform,10000.0,2471.0,11.962,0.2471,20975.193519600645,21008.856227188204,20975.193519600645,0.23874435633533345,2471.0
eval_MoTaTiZrHf-HEA-DDRX-1100C_TEM_DislocationCharacterization_0#12,eval_MoTaTiZrHf-HEA-DDRX-1100C_TEM_DislocationCharacterization_0,roma|direct|histmatch|s0,roma,transform,10000.0,2366.0,12.886,0.2366,19965.046466277992,19998.70917386555,19965.046466277992,0.2283723886600194,2366.0
eval_MoTaTiZrHf-HEA-DDRX-1100C_TEM_DislocationCharacterization_0#12,eval_MoTaTiZrHf-HEA-DDRX-1100C_TEM_DislocationCharacterization_0,roma|direct|clahe|s0,roma,transform,10000.0,2078.0,27.627,0.2078,17226.291114636926,17259.953822224485,17226.291114636926,0.19996072150418215,2078.0
eval_MoTaTiZrHf-HEA-DDRX-1100C_TEM_DislocationCharacterization_0#12,eval_MoTaTiZrHf-HEA-DDRX-1100C_TEM_DislocationCharacterization_0,roma|direct|gradmag|s0,roma,transform,10000.0,2286.0,186.226,0.2286,19199.497782787243,19233.1604903748,19199.497782787243,0.22047464139365877,2286.0
eval_MoTaTiZrHf-HEA-DDRX-1100C_TEM_DislocationCharacterization_0#13,eval_MoTaTiZrHf-HEA-DDRX-1100C_TEM_DislocationCharacterization_0,roma|direct|none|s0,roma,core,10000.0,5363.0,13.218,0.5363,50787.93720547352,50821.59991306108,50787.93720547352,0.5265139681377393,5363.0
eval_MoTaTiZrHf-HEA-DDRX-1100C_TEM_DislocationCharacterization_0#13,eval_MoTaTiZrHf-HEA-DDRX-1100C_TEM_DislocationCharacterization_0,roma|pyramid_v2|none|s0,roma,core,10000.0,5363.0,13.218,0.5363,50787.93720547352,50821.59991306108,50787.93720547352,0.5265139681377393,5363.0
eval_MoTaTiZrHf-HEA-DDRX-1100C_TEM_DislocationCharacterization_0#13,eval_MoTaTiZrHf-HEA-DDRX-1100C_TEM_DislocationCharacterization_0,roma|direct|invert|s0,roma,transform,10000.0,1775.0,31.336,0.1775,14399.518236372282,14433.18094395984,14399.518236372282,0.1701354018307872,1775.0
eval_MoTaTiZrHf-HEA-DDRX-1100C_TEM_DislocationCharacterization_0#13,eval_MoTaTiZrHf-HEA-DDRX-1100C_TEM_DislocationCharacterization_0,roma|direct|histmatch|s0,roma,transform,10000.0,5458.0,14.253,0.5458,51826.0497341104,51859.71244169796,51826.0497341104,0.5360256505205496,5458.0
eval_MoTaTiZrHf-HEA-DDRX-1100C_TEM_DislocationCharacterization_0#13,eval_MoTaTiZrHf-HEA-DDRX-1100C_TEM_DislocationCharacterization_0,roma|direct|clahe|s0,roma,transform,10000.0,5084.0,11.185,0.5084,47760.11332197959,47793.77602956715,47760.11332197959,0.49860021848068,5084.0
eval_MoTaTiZrHf-HEA-DDRX-1100C_TEM_DislocationCharacterization_0#13,eval_MoTaTiZrHf-HEA-DDRX-1100C_TEM_DislocationCharacterization_0,roma|direct|gradmag|s0,roma,transform,10000.0,1273.0,178.955,0.1273,9859.981749320901,9893.64445690846,9859.981749320901,0.12091007173588295,1273.0
eval_MoTaTiZrHf-HEA-DDRX-1100C_TEM_DislocationCharacterization_0#14,eval_MoTaTiZrHf-HEA-DDRX-1100C_TEM_DislocationCharacterization_0,roma|direct|none|s0,roma,core,10000.0,5450.0,11.477,0.545,51738.48953658873,51772.152244176286,51738.48953658873,0.5352245289210417,5450.0
eval_MoTaTiZrHf-HEA-DDRX-1100C_TEM_DislocationCharacterization_0#14,eval_MoTaTiZrHf-HEA-DDRX-1100C_TEM_DislocationCharacterization_0,roma|pyramid_v2|none|s0,roma,core,10000.0,5450.0,11.477,0.545,51738.48953658873,51772.152244176286,51738.48953658873,0.5352245289210417,5450.0
eval_MoTaTiZrHf-HEA-DDRX-1100C_TEM_DislocationCharacterization_0#14,eval_MoTaTiZrHf-HEA-DDRX-1100C_TEM_DislocationCharacterization_0,roma|direct|invert|s0,roma,transform,10000.0,3279.0,22.661,0.3279,28936.18708227665,28969.84978986421,28936.18708227665,0.31876660032622867,3279.0
eval_MoTaTiZrHf-HEA-DDRX-1100C_TEM_DislocationCharacterization_0#14,eval_MoTaTiZrHf-HEA-DDRX-1100C_TEM_DislocationCharacterization_0,roma|direct|histmatch|s0,roma,transform,10000.0,5743.0,10.78,0.5743,54962.28919282356,54995.95190041112,54962.28919282356,0.5645822714555161,5743.0
eval_MoTaTiZrHf-HEA-DDRX-1100C_TEM_DislocationCharacterization_0#14,eval_MoTaTiZrHf-HEA-DDRX-1100C_TEM_DislocationCharacterization_0,roma|direct|clahe|s0,roma,transform,10000.0,5488.0,12.7,0.5488,52154.63044411234,52188.2931516999,52154.63044411234,0.5390300827586929,5488.0
eval_MoTaTiZrHf-HEA-DDRX-1100C_TEM_DislocationCharacterization_0#14,eval_MoTaTiZrHf-HEA-DDRX-1100C_TEM_DislocationCharacterization_0,roma|direct|gradmag|s0,roma,transform,10000.0,2000.0,16.023,0.2,16493.01531744101,16526.67802502857,16493.01531744101,0.19227600247096752,2000.0
eval_MoTaTiZrHf-HEA-DDRX-1100C_TEM_DislocationCharacterization_0#15,eval_MoTaTiZrHf-HEA-DDRX-1100C_TEM_DislocationCharacterization_0,roma|direct|none|s0,roma,core,10000.0,2035.0,34.716,0.2035,16821.58560018563,16855.24830777319,16821.58560018563,0.19572371008191106,2035.0
eval_MoTaTiZrHf-HEA-DDRX-1100C_TEM_DislocationCharacterization_0#15,eval_MoTaTiZrHf-HEA-DDRX-1100C_TEM_DislocationCharacterization_0,roma|pyramid_v2|none|s0,roma,core,10000.0,2035.0,34.716,0.2035,16821.58560018563,16855.24830777319,16821.58560018563,0.19572371008191106,2035.0
eval_MoTaTiZrHf-HEA-DDRX-1100C_TEM_DislocationCharacterization_0#15,eval_MoTaTiZrHf-HEA-DDRX-1100C_TEM_DislocationCharacterization_0,roma|direct|invert|s0,roma,transform,10000.0,5959.0,12.301,0.5959,57361.33806409247,57395.00077168003,57361.33806409247,0.5862470740614031,5959.0
eval_MoTaTiZrHf-HEA-DDRX-1100C_TEM_DislocationCharacterization_0#15,eval_MoTaTiZrHf-HEA-DDRX-1100C_TEM_DislocationCharacterization_0,roma|direct|histmatch|s0,roma,transform,10000.0,1182.0,71.403,0.1182,9059.507060891863,9093.169768479422,9059.507060891863,0.11201848536746892,1182.0
eval_MoTaTiZrHf-HEA-DDRX-1100C_TEM_DislocationCharacterization_0#15,eval_MoTaTiZrHf-HEA-DDRX-1100C_TEM_DislocationCharacterization_0,roma|direct|clahe|s0,roma,transform,10000.0,1007.0,40.289,0.1007,7542.970960512612,7576.63366810017,7542.970960512612,0.09495432940119516,1007.0
eval_MoTaTiZrHf-HEA-DDRX-1100C_TEM_DislocationCharacterization_0#15,eval_MoTaTiZrHf-HEA-DDRX-1100C_TEM_DislocationCharacterization_0,roma|direct|gradmag|s0,roma,transform,10000.0,2205.0,15.82,0.2205,18428.077689810405,18461.740397397964,18428.077689810405,0.21248248519818708,2205.0
eval_MoTaTiZrHf-HEA-DDRX-1100C_TEM_DislocationCharacterization_0#16,eval_MoTaTiZrHf-HEA-DDRX-1100C_TEM_DislocationCharacterization_0,roma|direct|none|s0,roma,core,10000.0,3817.0,20.168,0.3817,34404.596152012164,34438.25885959972,34404.596152012164,0.3722255718967811,3817.0
eval_MoTaTiZrHf-HEA-DDRX-1100C_TEM_DislocationCharacterization_0#16,eval_MoTaTiZrHf-HEA-DDRX-1100C_TEM_DislocationCharacterization_0,roma|pyramid_v2|none|s0,roma,core,10000.0,3817.0,20.168,0.3817,34404.596152012164,34438.25885959972,34404.596152012164,0.3722255718967811,3817.0
eval_MoTaTiZrHf-HEA-DDRX-1100C_TEM_DislocationCharacterization_0#16,eval_MoTaTiZrHf-HEA-DDRX-1100C_TEM_DislocationCharacterization_0,roma|direct|invert|s0,roma,transform,10000.0,9151.0,28.474,0.9151,95556.70528303403,95590.36799062158,95556.70528303403,0.9094762628643874,9151.0
eval_MoTaTiZrHf-HEA-DDRX-1100C_TEM_DislocationCharacterization_0#16,eval_MoTaTiZrHf-HEA-DDRX-1100C_TEM_DislocationCharacterization_0,roma|direct|histmatch|s0,roma,transform,10000.0,3620.0,20.405,0.362,32387.585674617825,32421.248382205384,32387.585674617825,0.35263547958635216,3620.0
eval_MoTaTiZrHf-HEA-DDRX-1100C_TEM_DislocationCharacterization_0#16,eval_MoTaTiZrHf-HEA-DDRX-1100C_TEM_DislocationCharacterization_0,roma|direct|clahe|s0,roma,transform,10000.0,1532.0,22.585,0.1532,12177.679230746277,12211.341938333835,12177.679230746277,0.1462738681987124,1532.0
eval_MoTaTiZrHf-HEA-DDRX-1100C_TEM_DislocationCharacterization_0#16,eval_MoTaTiZrHf-HEA-DDRX-1100C_TEM_DislocationCharacterization_0,roma|direct|gradmag|s0,roma,transform,10000.0,3862.0,27.31,0.3862,34867.65385492643,34901.31656251399,34867.65385492643,0.3767028104598686,3862.0
eval_MoTaTiZrHf-HEA-DDRX-1100C_TEM_DislocationCharacterization_0#17,eval_MoTaTiZrHf-HEA-DDRX-1100C_TEM_DislocationCharacterization_0,roma|direct|none|s0,roma,core,10000.0,2650.0,32.675,0.265,22710.82922974083,22744.49193732839,22710.82922974083,0.25644145786260564,2650.0
eval_MoTaTiZrHf-HEA-DDRX-1100C_TEM_DislocationCharacterization_0#17,eval_MoTaTiZrHf-HEA-DDRX-1100C_TEM_DislocationCharacterization_0,roma|pyramid_v2|none|s0,roma,core,10000.0,2650.0,32.675,0.265,22710.82922974083,22744.49193732839,22710.82922974083,0.25644145786260564,2650.0
eval_MoTaTiZrHf-HEA-DDRX-1100C_TEM_DislocationCharacterization_0#17,eval_MoTaTiZrHf-HEA-DDRX-1100C_TEM_DislocationCharacterization_0,roma|direct|invert|s0,roma,transform,10000.0,3702.0,23.595,0.3702,33225.13371427679,33258.79642186435,33225.13371427679,0.3607876837696272,3702.0
eval_MoTaTiZrHf-HEA-DDRX-1100C_TEM_DislocationCharacterization_0#17,eval_MoTaTiZrHf-HEA-DDRX-1100C_TEM_DislocationCharacterization_0,roma|direct|histmatch|s0,roma,transform,10000.0,2455.0,22.078,0.2455,20820.879401095935,20854.542108683494,20820.879401095935,0.23716342424233552,2455.0
eval_MoTaTiZrHf-HEA-DDRX-1100C_TEM_DislocationCharacterization_0#17,eval_MoTaTiZrHf-HEA-DDRX-1100C_TEM_DislocationCharacterization_0,roma|direct|clahe|s0,roma,transform,10000.0,1760.0,18.327,0.176,14261.148679724336,14294.811387311895,14261.148679724336,0.16866087348999043,1760.0
eval_MoTaTiZrHf-HEA-DDRX-1100C_TEM_DislocationCharacterization_0#17,eval_MoTaTiZrHf-HEA-DDRX-1100C_TEM_DislocationCharacterization_0,roma|direct|gradmag|s0,roma,transform,10000.0,1939.0,46.096,0.1939,15922.199985058458,15955.862692646017,15922.199985058458,0.18626939161937364,1939.0
eval_MoTaTiZrHf-HEA-DDRX-1100C_TEM_DislocationCharacterization_0#18,eval_MoTaTiZrHf-HEA-DDRX-1100C_TEM_DislocationCharacterization_0,roma|direct|none|s0,roma,core,10000.0,2687.0,15.168,0.2687,23071.667660598996,23105.330368186555,23071.667660598996,0.2601018350162693,2687.0
eval_MoTaTiZrHf-HEA-DDRX-1100C_TEM_DislocationCharacterization_0#18,eval_MoTaTiZrHf-HEA-DDRX-1100C_TEM_DislocationCharacterization_0,roma|pyramid_v2|none|s0,roma,core,10000.0,2687.0,15.168,0.2687,23071.667660598996,23105.330368186555,23071.667660598996,0.2601018350162693,2687.0
eval_MoTaTiZrHf-HEA-DDRX-1100C_TEM_DislocationCharacterization_0#18,eval_MoTaTiZrHf-HEA-DDRX-1100C_TEM_DislocationCharacterization_0,roma|direct|invert|s0,roma,transform,10000.0,3647.0,21.067,0.3647,32663.043601247642,32696.7063088352,32663.043601247642,0.3553194164423617,3647.0
eval_MoTaTiZrHf-HEA-DDRX-1100C_TEM_DislocationCharacterization_0#18,eval_MoTaTiZrHf-HEA-DDRX-1100C_TEM_DislocationCharacterization_0,roma|direct|histmatch|s0,roma,transform,10000.0,2924.0,14.5,0.2924,25399.259562843446,25432.922270431005,25399.259562843446,0.28356588173732356,2924.0
eval_MoTaTiZrHf-HEA-DDRX-1100C_TEM_DislocationCharacterization_0#18,eval_MoTaTiZrHf-HEA-DDRX-1100C_TEM_DislocationCharacterization_0,roma|direct|clahe|s0,roma,transform,10000.0,3447.0,15.509,0.3447,30630.149705534768,30663.812413122327,30630.149705534768,0.3354461049109262,3447.0
eval_MoTaTiZrHf-HEA-DDRX-1100C_TEM_DislocationCharacterization_0#18,eval_MoTaTiZrHf-HEA-DDRX-1100C_TEM_DislocationCharacterization_0,roma|direct|gradmag|s0,roma,transform,10000.0,4951.0,20.246,0.4951,46327.71114980561,46361.37385739317,46327.71114980561,0.4853044137350311,4951.0
eval_MoTaTiZrHf-HEA-DDRX-1100C_TEM_DislocationCharacterization_0#19,eval_MoTaTiZrHf-HEA-DDRX-1100C_TEM_DislocationCharacterization_0,roma|direct|none|s0,roma,core,10000.0,9471.0,24.782,0.9471,99836.72268881691,99870.38539640447,99836.72268881691,0.9425387352030742,9471.0
eval_MoTaTiZrHf-HEA-DDRX-1100C_TEM_DislocationCharacterization_0#19,eval_MoTaTiZrHf-HEA-DDRX-1100C_TEM_DislocationCharacterization_0,roma|pyramid_v2|none|s0,roma,core,10000.0,9471.0,24.782,0.9471,99836.72268881691,99870.38539640447,99836.72268881691,0.9425387352030742,9471.0
eval_MoTaTiZrHf-HEA-DDRX-1100C_TEM_DislocationCharacterization_0#19,eval_MoTaTiZrHf-HEA-DDRX-1100C_TEM_DislocationCharacterization_0,roma|direct|invert|s0,roma,transform,10000.0,3388.0,27.116,0.3388,30033.807361117815,30067.470068705374,30033.807361117815,0.3295869311183005,3388.0
eval_MoTaTiZrHf-HEA-DDRX-1100C_TEM_DislocationCharacterization_0#19,eval_MoTaTiZrHf-HEA-DDRX-1100C_TEM_DislocationCharacterization_0,roma|direct|histmatch|s0,roma,transform,10000.0,9326.0,24.691,0.9326,97877.27093133873,97910.93363892629,97877.27093133873,0.927518124699565,9326.0
eval_MoTaTiZrHf-HEA-DDRX-1100C_TEM_DislocationCharacterization_0#19,eval_MoTaTiZrHf-HEA-DDRX-1100C_TEM_DislocationCharacterization_0,roma|direct|clahe|s0,roma,transform,10000.0,9624.0,24.824,0.9624,101950.55839660249,101984.22110419004,101950.55839660249,0.9584905515539185,9624.0
eval_MoTaTiZrHf-HEA-DDRX-1100C_TEM_DislocationCharacterization_0#19,eval_MoTaTiZrHf-HEA-DDRX-1100C_TEM_DislocationCharacterization_0,roma|direct|gradmag|s0,roma,transform,10000.0,1358.0,70.551,0.1358,10614.422291471847,10648.084999059405,10614.422291471847,0.12922531740030382,1358.0
eval_MoTaTiZrHf-HEA-DDRX-1100C_TEM_DislocationCharacterization_0#20,eval_MoTaTiZrHf-HEA-DDRX-1100C_TEM_DislocationCharacterization_0,roma|direct|none|s0,roma,core,10000.0,1600.0,19.242,0.16,12795.07700781409,12828.739715401649,12795.07700781409,0.15294540622651676,1600.0
eval_MoTaTiZrHf-HEA-DDRX-1100C_TEM_DislocationCharacterization_0#20,eval_MoTaTiZrHf-HEA-DDRX-1100C_TEM_DislocationCharacterization_0,roma|pyramid_v2|none|s0,roma,core,10000.0,1600.0,19.242,0.16,12795.07700781409,12828.739715401649,12795.07700781409,0.15294540622651676,1600.0
eval_MoTaTiZrHf-HEA-DDRX-1100C_TEM_DislocationCharacterization_0#20,eval_MoTaTiZrHf-HEA-DDRX-1100C_TEM_DislocationCharacterization_0,roma|direct|invert|s0,roma,transform,10000.0,2418.0,17.569,0.2418,20464.558284356524,20498.220991944083,20464.558284356524,0.2335081227249108,2418.0
eval_MoTaTiZrHf-HEA-DDRX-1100C_TEM_DislocationCharacterization_0#20,eval_MoTaTiZrHf-HEA-DDRX-1100C_TEM_DislocationCharacterization_0,roma|direct|histmatch|s0,roma,transform,10000.0,1959.0,17.335,0.1959,16109.093022101726,16142.755729689285,16109.093022101726,0.18823845246294182,1959.0
eval_MoTaTiZrHf-HEA-DDRX-1100C_TEM_DislocationCharacterization_0#20,eval_MoTaTiZrHf-HEA-DDRX-1100C_TEM_DislocationCharacterization_0,roma|direct|clahe|s0,roma,transform,10000.0,1891.0,51.331,0.1891,15474.704475440512,15508.367183028071,15474.704475440512,0.18154494570556967,1891.0
eval_MoTaTiZrHf-HEA-DDRX-1100C_TEM_DislocationCharacterization_0#20,eval_MoTaTiZrHf-HEA-DDRX-1100C_TEM_DislocationCharacterization_0,roma|direct|gradmag|s0,roma,transform,10000.0,2326.0,24.107,0.2326,19581.824001657285,19615.486709244844,19581.824001657285,0.22442299561764656,2326.0
eval_MoTaTiZrHf-HEA-DDRX-1100C_TEM_DislocationCharacterization_0#21,eval_MoTaTiZrHf-HEA-DDRX-1100C_TEM_DislocationCharacterization_0,roma|direct|none|s0,roma,core,10000.0,4177.0,14.176,0.4177,38132.78483680851,38166.44754439607,38132.78483680851,0.4080672531602584,4177.0
eval_MoTaTiZrHf-HEA-DDRX-1100C_TEM_DislocationCharacterization_0#21,eval_MoTaTiZrHf-HEA-DDRX-1100C_TEM_DislocationCharacterization_0,roma|pyramid_v2|none|s0,roma,core,10000.0,4177.0,14.176,0.4177,38132.78483680851,38166.44754439607,38132.78483680851,0.4080672531602584,4177.0
eval_MoTaTiZrHf-HEA-DDRX-1100C_TEM_DislocationCharacterization_0#21,eval_MoTaTiZrHf-HEA-DDRX-1100C_TEM_DislocationCharacterization_0,roma|direct|invert|s0,roma,transform,10000.0,2658.0,30.395,0.2658,22788.78901697531,22822.451724562867,22788.78901697531,0.2572328250425719,2658.0
eval_MoTaTiZrHf-HEA-DDRX-1100C_TEM_DislocationCharacterization_0#21,eval_MoTaTiZrHf-HEA-DDRX-1100C_TEM_DislocationCharacterization_0,roma|direct|histmatch|s0,roma,transform,10000.0,4462.0,12.578,0.4462,41122.14784561565,41155.810553203206,41122.14784561565,0.43647958323623653,4462.0
eval_MoTaTiZrHf-HEA-DDRX-1100C_TEM_DislocationCharacterization_0#21,eval_MoTaTiZrHf-HEA-DDRX-1100C_TEM_DislocationCharacterization_0,roma|direct|clahe|s0,roma,transform,10000.0,4447.0,12.361,0.4447,40963.98947533511,40997.65218292267,40963.98947533511,0.43498338411382853,4447.0
eval_MoTaTiZrHf-HEA-DDRX-1100C_TEM_DislocationCharacterization_0#21,eval_MoTaTiZrHf-HEA-DDRX-1100C_TEM_DislocationCharacterization_0,roma|direct|gradmag|s0,roma,transform,10000.0,2782.0,14.461,0.2782,24001.320919360383,24034.983626947942,24001.320919360383,0.2695036018025123,2782.0
eval_MoTaTiZrHf-HEA-DDRX-1100C_TEM_DislocationCharacterization_0#22,eval_MoTaTiZrHf-HEA-DDRX-1100C_TEM_DislocationCharacterization_0,roma|direct|none|s0,roma,core,10000.0,3703.0,14.636,0.3703,33235.36556686594,33269.0282744535,33235.36556686594,0.36088711902828596,3703.0
eval_MoTaTiZrHf-HEA-DDRX-1100C_TEM_DislocationCharacterization_0#22,eval_MoTaTiZrHf-HEA-DDRX-1100C_TEM_DislocationCharacterization_0,roma|pyramid_v2|none|s0,roma,core,10000.0,3703.0,14.636,0.3703,33235.36556686594,33269.0282744535,33235.36556686594,0.36088711902828596,3703.0
eval_MoTaTiZrHf-HEA-DDRX-1100C_TEM_DislocationCharacterization_0#22,eval_MoTaTiZrHf-HEA-DDRX-1100C_TEM_DislocationCharacterization_0,roma|direct|invert|s0,roma,transform,10000.0,2380.0,16.265,0.238,20099.384105389472,20133.04681297703,20099.384105389472,0.2297549182429185,2380.0
eval_MoTaTiZrHf-HEA-DDRX-1100C_TEM_DislocationCharacterization_0#22,eval_MoTaTiZrHf-HEA-DDRX-1100C_TEM_DislocationCharacterization_0,roma|direct|histmatch|s0,roma,transform,10000.0,4063.0,14.103,0.4063,36946.35743670113,36980.02014428869,36946.35743670113,0.39671155855449547,4063.0
eval_MoTaTiZrHf-HEA-DDRX-1100C_TEM_DislocationCharacterization_0#22,eval_MoTaTiZrHf-HEA-DDRX-1100C_TEM_DislocationCharacterization_0,roma|direct|clahe|s0,roma,transform,10000.0,4492.0,14.062,0.4492,41438.73766267522,41472.40037026278,41438.73766267522,0.4394722504959307,4492.0
eval_MoTaTiZrHf-HEA-DDRX-1100C_TEM_DislocationCharacterization_0#22,eval_MoTaTiZrHf-HEA-DDRX-1100C_TEM_DislocationCharacterization_0,roma|direct|gradmag|s0,roma,transform,10000.0,1676.0,48.378,0.1676,13489.175814444077,13522.838522031636,13489.175814444077,0.16040725875333528,1676.0
eval_MoTaTiZrHf-HEA-DDRX-1100C_TEM_DislocationCharacterization_0#23,eval_MoTaTiZrHf-HEA-DDRX-1100C_TEM_DislocationCharacterization_0,roma|direct|none|s0,roma,core,10000.0,1322.0,106.337,0.1322,10294.123724237126,10327.786431824685,10294.123724237126,0.12570245054555462,1322.0
eval_MoTaTiZrHf-HEA-DDRX-1100C_TEM_DislocationCharacterization_0#23,eval_MoTaTiZrHf-HEA-DDRX-1100C_TEM_DislocationCharacterization_0,roma|pyramid_v2|none|s0,roma,core,10000.0,1322.0,106.337,0.1322,10294.123724237126,10327.786431824685,10294.123724237126,0.12570245054555462,1322.0
eval_MoTaTiZrHf-HEA-DDRX-1100C_TEM_DislocationCharacterization_0#23,eval_MoTaTiZrHf-HEA-DDRX-1100C_TEM_DislocationCharacterization_0,roma|direct|invert|s0,roma,transform,10000.0,5283.0,13.557,0.5283,49916.55229485029,49950.21500243785,49916.55229485029,0.5185068953561952,5283.0
eval_MoTaTiZrHf-HEA-DDRX-1100C_TEM_DislocationCharacterization_0#23,eval_MoTaTiZrHf-HEA-DDRX-1100C_TEM_DislocationCharacterization_0,roma|direct|histmatch|s0,roma,transform,10000.0,1771.0,118.371,0.1771,14362.604580109633,14396.267287697192,14362.604580109633,0.16974217488631396,1771.0
eval_MoTaTiZrHf-HEA-DDRX-1100C_TEM_DislocationCharacterization_0#23,eval_MoTaTiZrHf-HEA-DDRX-1100C_TEM_DislocationCharacterization_0,roma|direct|clahe|s0,roma,transform,10000.0,1634.0,67.342,0.1634,13105.073368637559,13138.736076225117,13105.073368637559,0.1562829132034274,1634.0
eval_MoTaTiZrHf-HEA-DDRX-1100C_TEM_DislocationCharacterization_0#23,eval_MoTaTiZrHf-HEA-DDRX-1100C_TEM_DislocationCharacterization_0,roma|direct|gradmag|s0,roma,transform,10000.0,2898.0,18.79,0.2898,25142.561764155635,25176.224471743193,25142.561764155635,0.2809902997942909,2898.0
eval_MoTaTiZrHf-HEA-DDRX-1100C_TEM_DislocationCharacterization_0#24,eval_MoTaTiZrHf-HEA-DDRX-1100C_TEM_DislocationCharacterization_0,roma|direct|none|s0,roma,core,10000.0,585.0,28.23,0.0585,4038.742958082597,4072.4056656701555,4038.742958082597,0.05406752392995941,585.0
eval_MoTaTiZrHf-HEA-DDRX-1100C_TEM_DislocationCharacterization_0#24,eval_MoTaTiZrHf-HEA-DDRX-1100C_TEM_DislocationCharacterization_0,roma|pyramid_v2|none|s0,roma,core,10000.0,585.0,28.23,0.0585,4038.742958082597,4072.4056656701555,4038.742958082597,0.05406752392995941,585.0
eval_MoTaTiZrHf-HEA-DDRX-1100C_TEM_DislocationCharacterization_0#24,eval_MoTaTiZrHf-HEA-DDRX-1100C_TEM_DislocationCharacterization_0,roma|direct|invert|s0,roma,transform,10000.0,3196.0,25.826,0.3196,28103.995086180585,28137.657793768143,28103.995086180585,0.31053103020112666,3196.0
eval_MoTaTiZrHf-HEA-DDRX-1100C_TEM_DislocationCharacterization_0#24,eval_MoTaTiZrHf-HEA-DDRX-1100C_TEM_DislocationCharacterization_0,roma|direct|histmatch|s0,roma,transform,10000.0,7087.0,28.069,0.7087,70215.13410374144,70248.796811329,70215.13410374144,0.6997158884501958,7087.0
eval_MoTaTiZrHf-HEA-DDRX-1100C_TEM_DislocationCharacterization_0#24,eval_MoTaTiZrHf-HEA-DDRX-1100C_TEM_DislocationCharacterization_0,roma|direct|clahe|s0,roma,transform,10000.0,207.0,570.87,0.0207,1190.541821358092,1224.2045289456505,1190.541821358092,0.01808796362357549,207.0
eval_MoTaTiZrHf-HEA-DDRX-1100C_TEM_DislocationCharacterization_0#24,eval_MoTaTiZrHf-HEA-DDRX-1100C_TEM_DislocationCharacterization_0,roma|direct|gradmag|s0,roma,transform,10000.0,4486.0,24.848,0.4486,41375.390587280184,41409.05329486774,41375.390587280184,0.43887368837296886,4486.0
eval_MoTaTiZrHf-HEA-DDRX-1100C_TEM_DislocationCharacterization_0#25,eval_MoTaTiZrHf-HEA-DDRX-1100C_TEM_DislocationCharacterization_0,roma|direct|none|s0,roma,core,10000.0,5601.0,21.052,0.5601,53395.550793331204,53429.21350091876,53395.550793331204,0.5503499941602923,5601.0
eval_MoTaTiZrHf-HEA-DDRX-1100C_TEM_DislocationCharacterization_0#25,eval_MoTaTiZrHf-HEA-DDRX-1100C_TEM_DislocationCharacterization_0,roma|pyramid_v2|none|s0,roma,core,10000.0,5601.0,21.052,0.5601,53395.550793331204,53429.21350091876,53395.550793331204,0.5503499941602923,5601.0
eval_MoTaTiZrHf-HEA-DDRX-1100C_TEM_DislocationCharacterization_0#25,eval_MoTaTiZrHf-HEA-DDRX-1100C_TEM_DislocationCharacterization_0,roma|direct|invert|s0,roma,transform,10000.0,1292.0,66.098,0.1292,10028.069882271886,10061.732589859444,10028.069882271886,0.1227679727914228,1292.0
eval_MoTaTiZrHf-HEA-DDRX-1100C_TEM_DislocationCharacterization_0#25,eval_MoTaTiZrHf-HEA-DDRX-1100C_TEM_DislocationCharacterization_0,roma|direct|histmatch|s0,roma,transform,10000.0,2171.0,70.808,0.2171,18105.403289396538,18139.065996984096,18105.403289396538,0.2091290861971418,2171.0
eval_MoTaTiZrHf-HEA-DDRX-1100C_TEM_DislocationCharacterization_0#25,eval_MoTaTiZrHf-HEA-DDRX-1100C_TEM_DislocationCharacterization_0,roma|direct|clahe|s0,roma,transform,10000.0,2984.0,21.94,0.2984,25992.883101920284,26026.545809507843,25992.883101920284,0.28951087021185234,2984.0
eval_MoTaTiZrHf-HEA-DDRX-1100C_TEM_DislocationCharacterization_0#25,eval_MoTaTiZrHf-HEA-DDRX-1100C_TEM_DislocationCharacterization_0,roma|direct|gradmag|s0,roma,transform,10000.0,2036.0,50.4,0.2036,16830.98447178648,16864.64717937404,16830.98447178648,0.19582222960211498,2036.0
eval_MoTaTiZrHf-HEA-DDRX-1100C_TEM_DislocationCharacterization_0#26,eval_MoTaTiZrHf-HEA-DDRX-1100C_TEM_DislocationCharacterization_0,roma|direct|none|s0,roma,core,10000.0,1365.0,66.22,0.1365,10676.831546278561,10710.49425386612,10676.831546278561,0.1299105041629235,1365.0
eval_MoTaTiZrHf-HEA-DDRX-1100C_TEM_DislocationCharacterization_0#26,eval_MoTaTiZrHf-HEA-DDRX-1100C_TEM_DislocationCharacterization_0,roma|pyramid_v2|none|s0,roma,core,10000.0,1365.0,66.22,0.1365,10676.831546278561,10710.49425386612,10676.831546278561,0.1299105041629235,1365.0
eval_MoTaTiZrHf-HEA-DDRX-1100C_TEM_DislocationCharacterization_0#26,eval_MoTaTiZrHf-HEA-DDRX-1100C_TEM_DislocationCharacterization_0,roma|direct|invert|s0,roma,transform,10000.0,2247.0,18.414,0.2247,18827.60309016942,18861.26579775698,18827.60309016942,0.2166260144388203,2247.0
eval_MoTaTiZrHf-HEA-DDRX-1100C_TEM_DislocationCharacterization_0#26,eval_MoTaTiZrHf-HEA-DDRX-1100C_TEM_DislocationCharacterization_0,roma|direct|histmatch|s0,roma,transform,10000.0,940.0,103.414,0.094,6971.046722015426,7004.7094296029845,6971.046722015426,0.08843513913331587,940.0
eval_MoTaTiZrHf-HEA-DDRX-1100C_TEM_DislocationCharacterization_0#26,eval_MoTaTiZrHf-HEA-DDRX-1100C_TEM_DislocationCharacterization_0,roma|direct|clahe|s0,roma,transform,10000.0,1105.0,118.592,0.1105,8388.369001358582,8422.03170894614,8388.369001358582,0.10450420535399171,1105.0
eval_MoTaTiZrHf-HEA-DDRX-1100C_TEM_DislocationCharacterization_0#26,eval_MoTaTiZrHf-HEA-DDRX-1100C_TEM_DislocationCharacterization_0,roma|direct|gradmag|s0,roma,transform,10000.0,5499.0,21.762,0.5499,52275.20107369764,52308.863781285196,52275.20107369764,0.5401317975002642,5499.0
eval_MoTaTiZrHf-HEA-DDRX-1100C_TEM_DislocationCharacterization_0#27,eval_MoTaTiZrHf-HEA-DDRX-1100C_TEM_DislocationCharacterization_0,roma|direct|none|s0,roma,core,10000.0,3951.0,22.467,0.3951,35785.990904071565,35819.65361165912,35785.990904071565,0.3855603183105866,3951.0
eval_MoTaTiZrHf-HEA-DDRX-1100C_TEM_DislocationCharacterization_0#27,eval_MoTaTiZrHf-HEA-DDRX-1100C_TEM_DislocationCharacterization_0,roma|pyramid_v2|none|s0,roma,core,10000.0,3951.0,22.467,0.3951,35785.990904071565,35819.65361165912,35785.990904071565,0.3855603183105866,3951.0
eval_MoTaTiZrHf-HEA-DDRX-1100C_TEM_DislocationCharacterization_0#27,eval_MoTaTiZrHf-HEA-DDRX-1100C_TEM_DislocationCharacterization_0,roma|direct|invert|s0,roma,transform,10000.0,9549.0,24.539,0.9549,100907.56289052623,100941.22559811379,100907.56289052623,0.9506549649312839,9549.0
eval_MoTaTiZrHf-HEA-DDRX-1100C_TEM_DislocationCharacterization_0#27,eval_MoTaTiZrHf-HEA-DDRX-1100C_TEM_DislocationCharacterization_0,roma|direct|histmatch|s0,roma,transform,10000.0,4067.0,24.012,0.4067,36987.89554411454,37021.558251702096,36987.89554411454,0.3971099134461696,4067.0
eval_MoTaTiZrHf-HEA-DDRX-1100C_TEM_DislocationCharacterization_0#27,eval_MoTaTiZrHf-HEA-DDRX-1100C_TEM_DislocationCharacterization_0,roma|direct|clahe|s0,roma,transform,10000.0,5065.0,26.644,0.5065,47555.05124936975,47588.71395695731,47555.05124936975,0.49670039346880573,5065.0
eval_MoTaTiZrHf-HEA-DDRX-1100C_TEM_DislocationCharacterization_0#27,eval_MoTaTiZrHf-HEA-DDRX-1100C_TEM_DislocationCharacterization_0,roma|direct|gradmag|s0,roma,transform,10000.0,5961.0,21.957,0.5961,57383.64151874854,57417.3042263361,57383.64151874854,0.5864477637087218,5961.0
eval_MoTaTiZrHf-HEA-DDRX-1100C_TEM_DislocationCharacterization_0#28,eval_MoTaTiZrHf-HEA-DDRX-1100C_TEM_DislocationCharacterization_0,roma|direct|none|s0,roma,core,10000.0,1158.0,186.298,0.1158,8849.695611168936,8883.358318756495,8849.695611168936,0.10967541154735509,1158.0
eval_MoTaTiZrHf-HEA-DDRX-1100C_TEM_DislocationCharacterization_0#28,eval_MoTaTiZrHf-HEA-DDRX-1100C_TEM_DislocationCharacterization_0,roma|pyramid_v2|none|s0,roma,core,10000.0,1158.0,186.298,0.1158,8849.695611168936,8883.358318756495,8849.695611168936,0.10967541154735509,1158.0
eval_MoTaTiZrHf-HEA-DDRX-1100C_TEM_DislocationCharacterization_0#28,eval_MoTaTiZrHf-HEA-DDRX-1100C_TEM_DislocationCharacterization_0,roma|direct|invert|s0,roma,transform,10000.0,2409.0,31.961,0.2409,20377.998176309553,20411.66088389711,20377.998176309553,0.23261912393459036,2409.0
eval_MoTaTiZrHf-HEA-DDRX-1100C_TEM_DislocationCharacterization_0#28,eval_MoTaTiZrHf-HEA-DDRX-1100C_TEM_DislocationCharacterization_0,roma|direct|histmatch|s0,roma,transform,10000.0,937.0,180.824,0.0937,6945.558987172337,6979.221694759895,6945.558987172337,0.0881434357192143,937.0
eval_MoTaTiZrHf-HEA-DDRX-1100C_TEM_DislocationCharacterization_0#28,eval_MoTaTiZrHf-HEA-DDRX-1100C_TEM_DislocationCharacterization_0,roma|direct|clahe|s0,roma,transform,10000.0,1012.0,187.658,0.1012,7585.854294951451,7619.51700253901,7585.854294951451,0.09544116846787132,1012.0
eval_MoTaTiZrHf-HEA-DDRX-1100C_TEM_DislocationCharacterization_0#28,eval_MoTaTiZrHf-HEA-DDRX-1100C_TEM_DislocationCharacterization_0,roma|direct|gradmag|s0,roma,transform,10000.0,1092.0,190.847,0.1092,8275.645213986609,8309.307921574167,8275.645213986609,0.10323646699178142,1092.0
eval_MoTaTiZrHf-HEA-DDRX-1100C_TEM_DislocationCharacterization_0#29,eval_MoTaTiZrHf-HEA-DDRX-1100C_TEM_DislocationCharacterization_0,roma|direct|none|s0,roma,core,10000.0,927.0,187.326,0.0927,6860.676547707158,6894.339255294716,6860.676547707158,0.08717121992221598,927.0
eval_MoTaTiZrHf-HEA-DDRX-1100C_TEM_DislocationCharacterization_0#29,eval_MoTaTiZrHf-HEA-DDRX-1100C_TEM_DislocationCharacterization_0,roma|pyramid_v2|none|s0,roma,core,10000.0,927.0,187.326,0.0927,6860.676547707158,6894.339255294716,6860.676547707158,0.08717121992221598,927.0
eval_MoTaTiZrHf-HEA-DDRX-1100C_TEM_DislocationCharacterization_0#29,eval_MoTaTiZrHf-HEA-DDRX-1100C_TEM_DislocationCharacterization_0,roma|direct|invert|s0,roma,transform,10000.0,5415.0,12.976,0.5415,51355.71700262811,51389.37971021567,51355.71700262811,0.5317199202019627,5415.0
eval_MoTaTiZrHf-HEA-DDRX-1100C_TEM_DislocationCharacterization_0#29,eval_MoTaTiZrHf-HEA-DDRX-1100C_TEM_DislocationCharacterization_0,roma|direct|histmatch|s0,roma,transform,10000.0,200.0,1131.393,0.02,1142.3035129150733,1175.9662205026318,1142.3035129150733,0.01743471167513658,200.0
eval_MoTaTiZrHf-HEA-DDRX-1100C_TEM_DislocationCharacterization_0#29,eval_MoTaTiZrHf-HEA-DDRX-1100C_TEM_DislocationCharacterization_0,roma|direct|clahe|s0,roma,transform,10000.0,335.0,180.809,0.0335,2108.8876442963688,2142.5503518839273,2108.8876442963688,0.0301485414257931,335.0
eval_MoTaTiZrHf-HEA-DDRX-1100C_TEM_DislocationCharacterization_0#29,eval_MoTaTiZrHf-HEA-DDRX-1100C_TEM_DislocationCharacterization_0,roma|direct|gradmag|s0,roma,transform,10000.0,1861.0,33.131,0.1861,15195.780809366752,15229.44351695431,15195.780809366752,0.17859311748810516,1861.0
eval_MoTaTiZrHf-HEA-DDRX-1100C_TEM_DislocationCharacterization_0#30,eval_MoTaTiZrHf-HEA-DDRX-1100C_TEM_DislocationCharacterization_0,roma|direct|none|s0,roma,core,10000.0,235.0,940.752,0.0235,1385.8322800075432,1419.4949875951017,1385.8322800075432,0.020708857111790654,235.0
eval_MoTaTiZrHf-HEA-DDRX-1100C_TEM_DislocationCharacterization_0#30,eval_MoTaTiZrHf-HEA-DDRX-1100C_TEM_DislocationCharacterization_0,roma|pyramid_v2|none|s0,roma,core,10000.0,187.0,848.723,0.0187,1053.3865356015754,1087.049243189134,1053.3865356015754,0.016223869902920362,187.0
eval_MoTaTiZrHf-HEA-DDRX-1100C_TEM_DislocationCharacterization_0#30,eval_MoTaTiZrHf-HEA-DDRX-1100C_TEM_DislocationCharacterization_0,roma|direct|invert|s0,roma,transform,10000.0,4545.0,15.408,0.4545,41998.93495864198,42032.597666229536,41998.93495864198,0.4447601707974569,4545.0
eval_MoTaTiZrHf-HEA-DDRX-1100C_TEM_DislocationCharacterization_0#30,eval_MoTaTiZrHf-HEA-DDRX-1100C_TEM_DislocationCharacterization_0,roma|direct|histmatch|s0,roma,transform,10000.0,73.0,1124.219,0.0073,323.41830404491066,357.0810116324692,323.41830404491066,0.005810351168746253,73.0
eval_MoTaTiZrHf-HEA-DDRX-1100C_TEM_DislocationCharacterization_0#30,eval_MoTaTiZrHf-HEA-DDRX-1100C_TEM_DislocationCharacterization_0,roma|direct|clahe|s0,roma,transform,10000.0,55.0,18850.831,0.0055,220.41449265991565,254.0772002474742,220.41449265991565,0.004228233256266612,55.0
eval_MoTaTiZrHf-HEA-DDRX-1100C_TEM_DislocationCharacterization_0#30,eval_MoTaTiZrHf-HEA-DDRX-1100C_TEM_DislocationCharacterization_0,roma|direct|gradmag|s0,roma,transform,10000.0,3377.0,17.409,0.3377,29922.79634264195,29956.459050229507,29922.79634264195,0.3284947199889555,3377.0
eval_MoTaTiZrHf-HEA-DDRX-1100C_TEM_DislocationCharacterization_0#31,eval_MoTaTiZrHf-HEA-DDRX-1100C_TEM_DislocationCharacterization_0,roma|direct|none|s0,roma,core,10000.0,6022.0,13.781,0.6022,58064.69615729094,58098.3588648785,58064.69615729094,0.5925695963506091,6022.0
eval_MoTaTiZrHf-HEA-DDRX-1100C_TEM_DislocationCharacterization_0#31,eval_MoTaTiZrHf-HEA-DDRX-1100C_TEM_DislocationCharacterization_0,roma|pyramid_v2|none|s0,roma,core,10000.0,6022.0,13.781,0.6022,58064.69615729094,58098.3588648785,58064.69615729094,0.5925695963506091,6022.0
eval_MoTaTiZrHf-HEA-DDRX-1100C_TEM_DislocationCharacterization_0#31,eval_MoTaTiZrHf-HEA-DDRX-1100C_TEM_DislocationCharacterization_0,roma|direct|invert|s0,roma,transform,10000.0,1361.0,243.276,0.1361,10641.164014619826,10674.826722207385,10641.164014619826,0.1295189615889894,1361.0
eval_MoTaTiZrHf-HEA-DDRX-1100C_TEM_DislocationCharacterization_0#31,eval_MoTaTiZrHf-HEA-DDRX-1100C_TEM_DislocationCharacterization_0,roma|direct|histmatch|s0,roma,transform,10000.0,6155.0,14.971,0.6155,59555.01499517347,59588.67770276103,59555.01499517347,0.6059226043150087,6155.0
eval_MoTaTiZrHf-HEA-DDRX-1100C_TEM_DislocationCharacterization_0#31,eval_MoTaTiZrHf-HEA-DDRX-1100C_TEM_DislocationCharacterization_0,roma|direct|clahe|s0,roma,transform,10000.0,5970.0,13.527,0.597,57484.027625811315,57517.690333398874,57484.027625811315,0.5873508876458291,5970.0
eval_MoTaTiZrHf-HEA-DDRX-1100C_TEM_DislocationCharacterization_0#31,eval_MoTaTiZrHf-HEA-DDRX-1100C_TEM_DislocationCharacterization_0,roma|direct|gradmag|s0,roma,transform,10000.0,1145.0,175.876,0.1145,8736.281902025426,8769.944609612985,8736.281902025426,0.10840660428425211,1145.0
eval_MoTaTiZrHf-HEA-DDRX-900C_TEM_DislocationCharacterization_0#0,eval_MoTaTiZrHf-HEA-DDRX-900C_TEM_DislocationCharacterization_0,roma|direct|none|s0,roma,core,10000.0,1881.0,33.995,0.1881,15381.66436510906,15415.327072696618,15381.66436510906,0.1805609207731889,1881.0
eval_MoTaTiZrHf-HEA-DDRX-900C_TEM_DislocationCharacterization_0#0,eval_MoTaTiZrHf-HEA-DDRX-900C_TEM_DislocationCharacterization_0,roma|pyramid_v2|none|s0,roma,core,10000.0,1881.0,33.995,0.1881,15381.66436510906,15415.327072696618,15381.66436510906,0.1805609207731889,1881.0
eval_MoTaTiZrHf-HEA-DDRX-900C_TEM_DislocationCharacterization_0#0,eval_MoTaTiZrHf-HEA-DDRX-900C_TEM_DislocationCharacterization_0,roma|direct|invert|s0,roma,transform,10000.0,806.0,63.625,0.0806,5843.379178064148,5877.041885651706,5843.379178064148,0.07542423209623754,806.0
eval_MoTaTiZrHf-HEA-DDRX-900C_TEM_DislocationCharacterization_0#0,eval_MoTaTiZrHf-HEA-DDRX-900C_TEM_DislocationCharacterization_0,roma|direct|histmatch|s0,roma,transform,10000.0,1854.0,31.346,0.1854,15130.783829175338,15164.446536762896,15130.783829175338,0.17790446460364423,1854.0
eval_MoTaTiZrHf-HEA-DDRX-900C_TEM_DislocationCharacterization_0#0,eval_MoTaTiZrHf-HEA-DDRX-900C_TEM_DislocationCharacterization_0,roma|direct|clahe|s0,roma,transform,10000.0,2231.0,36.242,0.2231,18675.282826061946,18708.945533649505,18675.282826061946,0.2150473857587224,2231.0
eval_MoTaTiZrHf-HEA-DDRX-900C_TEM_DislocationCharacterization_0#0,eval_MoTaTiZrHf-HEA-DDRX-900C_TEM_DislocationCharacterization_0,roma|direct|gradmag|s0,roma,transform,10000.0,2279.0,57.465,0.2279,19132.683649461786,19166.346357049344,19132.683649461786,0.21978378761790648,2279.0
eval_MoTaTiZrHf-HEA-DDRX-900C_TEM_DislocationCharacterization_0#1,eval_MoTaTiZrHf-HEA-DDRX-900C_TEM_DislocationCharacterization_0,roma|direct|none|s0,roma,core,10000.0,819.0,55.723,0.0819,5951.773291845695,5985.4359994332535,5951.773291845695,0.07668472127476501,819.0
eval_MoTaTiZrHf-HEA-DDRX-900C_TEM_DislocationCharacterization_0#1,eval_MoTaTiZrHf-HEA-DDRX-900C_TEM_DislocationCharacterization_0,roma|pyramid_v2|none|s0,roma,core,10000.0,819.0,55.723,0.0819,5951.773291845695,5985.4359994332535,5951.773291845695,0.07668472127476501,819.0
eval_MoTaTiZrHf-HEA-DDRX-900C_TEM_DislocationCharacterization_0#1,eval_MoTaTiZrHf-HEA-DDRX-900C_TEM_DislocationCharacterization_0,roma|direct|invert|s0,roma,transform,10000.0,492.0,113.373,0.0492,3304.379656383909,3338.0423639714677,3304.379656383909,0.045131271500572244,492.0
eval_MoTaTiZrHf-HEA-DDRX-900C_TEM_DislocationCharacterization_0#1,eval_MoTaTiZrHf-HEA-DDRX-900C_TEM_DislocationCharacterization_0,roma|direct|histmatch|s0,roma,transform,10000.0,807.0,57.763,0.0807,5851.709137075287,5885.371844662845,5851.709137075287,0.07552117837048508,807.0
eval_MoTaTiZrHf-HEA-DDRX-900C_TEM_DislocationCharacterization_0#1,eval_MoTaTiZrHf-HEA-DDRX-900C_TEM_DislocationCharacterization_0,roma|direct|clahe|s0,roma,transform,10000.0,651.0,57.404,0.0651,4569.59184260336,4603.254550190919,4569.59184260336,0.06042977086856711,651.0
eval_MoTaTiZrHf-HEA-DDRX-900C_TEM_DislocationCharacterization_0#1,eval_MoTaTiZrHf-HEA-DDRX-900C_TEM_DislocationCharacterization_0,roma|direct|gradmag|s0,roma,transform,10000.0,1327.0,61.593,0.1327,10338.542688362848,10372.205395950406,10338.542688362848,0.12619164126492796,1327.0
eval_MoTaTiZrHf-HEA-DDRX-900C_TEM_DislocationCharacterization_0#2,eval_MoTaTiZrHf-HEA-DDRX-900C_TEM_DislocationCharacterization_0,roma|direct|none|s0,roma,core,10000.0,346.0,53.791,0.0346,2190.497016233962,2224.1597238215204,2190.497016233962,0.03119282739795368,346.0
eval_MoTaTiZrHf-HEA-DDRX-900C_TEM_DislocationCharacterization_0#2,eval_MoTaTiZrHf-HEA-DDRX-900C_TEM_DislocationCharacterization_0,roma|pyramid_v2|none|s0,roma,core,10000.0,346.0,53.791,0.0346,2190.497016233962,2224.1597238215204,2190.497016233962,0.03119282739795368,346.0
eval_MoTaTiZrHf-HEA-DDRX-900C_TEM_DislocationCharacterization_0#2,eval_MoTaTiZrHf-HEA-DDRX-900C_TEM_DislocationCharacterization_0,roma|direct|invert|s0,roma,transform,10000.0,1391.0,50.137,0.1391,10908.999793466905,10942.662501054463,10908.999793466905,0.13245599939496297,1391.0
eval_MoTaTiZrHf-HEA-DDRX-900C_TEM_DislocationCharacterization_0#2,eval_MoTaTiZrHf-HEA-DDRX-900C_TEM_DislocationCharacterization_0,roma|direct|histmatch|s0,roma,transform,10000.0,764.0,94.488,0.0764,5494.758100306242,5528.420807893801,5494.758100306242,0.07135473014135223,764.0
eval_MoTaTiZrHf-HEA-DDRX-900C_TEM_DislocationCharacterization_0#2,eval_MoTaTiZrHf-HEA-DDRX-900C_TEM_DislocationCharacterization_0,roma|direct|clahe|s0,roma,transform,10000.0,373.0,60.614,0.0373,2392.3229103633894,2425.985617950948,2392.3229103633894,0.03376008880295819,373.0
eval_MoTaTiZrHf-HEA-DDRX-900C_TEM_DislocationCharacterization_0#2,eval_MoTaTiZrHf-HEA-DDRX-900C_TEM_DislocationCharacterization_0,roma|direct|gradmag|s0,roma,transform,10000.0,1727.0,60.858,0.1727,13957.28312133654,13990.9458289241,13957.28312133654,0.16541761598346388,1727.0
eval_MoTaTiZrHf-HEA-DDRX-900C_TEM_DislocationCharacterization_0#3,eval_MoTaTiZrHf-HEA-DDRX-900C_TEM_DislocationCharacterization_0,roma|direct|none|s0,roma,core,10000.0,932.0,66.125,0.0932,6903.102984159755,6936.765691747313,6903.102984159755,0.08765730293382702,932.0
eval_MoTaTiZrHf-HEA-DDRX-900C_TEM_DislocationCharacterization_0#3,eval_MoTaTiZrHf-HEA-DDRX-900C_TEM_DislocationCharacterization_0,roma|pyramid_v2|none|s0,roma,core,10000.0,932.0,66.125,0.0932,6903.102984159755,6936.765691747313,6903.102984159755,0.08765730293382702,932.0
eval_MoTaTiZrHf-HEA-DDRX-900C_TEM_DislocationCharacterization_0#3,eval_MoTaTiZrHf-HEA-DDRX-900C_TEM_DislocationCharacterization_0,roma|direct|invert|s0,roma,transform,10000.0,360.0,628.702,0.036,2294.8853217601813,2328.54802934774,2294.8853217601813,0.032523311925956866,360.0
eval_MoTaTiZrHf-HEA-DDRX-900C_TEM_DislocationCharacterization_0#3,eval_MoTaTiZrHf-HEA-DDRX-900C_TEM_DislocationCharacterization_0,roma|direct|histmatch|s0,roma,transform,10000.0,597.0,88.776,0.0597,4134.696297556192,4168.35900514375,4134.696297556192,0.05522314248169482,597.0
eval_MoTaTiZrHf-HEA-DDRX-900C_TEM_DislocationCharacterization_0#3,eval_MoTaTiZrHf-HEA-DDRX-900C_TEM_DislocationCharacterization_0,roma|direct|clahe|s0,roma,transform,10000.0,388.0,60.71,0.0388,2505.334087548039,2538.9967951355975,2505.334087548039,0.035188641958211225,388.0
eval_MoTaTiZrHf-HEA-DDRX-900C_TEM_DislocationCharacterization_0#3,eval_MoTaTiZrHf-HEA-DDRX-900C_TEM_DislocationCharacterization_0,roma|direct|gradmag|s0,roma,transform,10000.0,896.0,62.047,0.0896,6598.301418135881,6631.96412572344,6598.301418135881,0.08415863863743331,896.0
eval_MoTaTiZrHf-HEA-DDRX-900C_TEM_DislocationCharacterization_0#4,eval_MoTaTiZrHf-HEA-DDRX-900C_TEM_DislocationCharacterization_0,roma|direct|none|s0,roma,core,10000.0,142.0,380.058,0.0142,753.1476082117537,786.8103157993122,753.1476082117537,0.012060574139796658,142.0
eval_MoTaTiZrHf-HEA-DDRX-900C_TEM_DislocationCharacterization_0#4,eval_MoTaTiZrHf-HEA-DDRX-900C_TEM_DislocationCharacterization_0,roma|pyramid_v2|none|s0,roma,core,10000.0,142.0,380.058,0.0142,753.1476082117537,786.8103157993122,753.1476082117537,0.012060574139796658,142.0
eval_MoTaTiZrHf-HEA-DDRX-900C_TEM_DislocationCharacterization_0#4,eval_MoTaTiZrHf-HEA-DDRX-900C_TEM_DislocationCharacterization_0,roma|direct|invert|s0,roma,transform,10000.0,198.0,266.106,0.0198,1128.5665787636235,1162.229286351182,1128.5665787636235,0.01724822590054425,198.0
eval_MoTaTiZrHf-HEA-DDRX-900C_TEM_DislocationCharacterization_0#4,eval_MoTaTiZrHf-HEA-DDRX-900C_TEM_DislocationCharacterization_0,roma|direct|histmatch|s0,roma,transform,10000.0,135.0,681.847,0.0135,707.6418701178935,741.3045777054521,707.6418701178935,0.011417697708664352,135.0
eval_MoTaTiZrHf-HEA-DDRX-900C_TEM_DislocationCharacterization_0#4,eval_MoTaTiZrHf-HEA-DDRX-900C_TEM_DislocationCharacterization_0,roma|direct|clahe|s0,roma,transform,10000.0,63.0,852.056,0.0063,265.56458360182086,299.2272911893794,265.56458360182086,0.004927565458326494,63.0
eval_MoTaTiZrHf-HEA-DDRX-900C_TEM_DislocationCharacterization_0#4,eval_MoTaTiZrHf-HEA-DDRX-900C_TEM_DislocationCharacterization_0,roma|direct|gradmag|s0,roma,transform,10000.0,1546.0,58.976,0.1546,12304.503402269878,12338.166109857437,12304.503402269878,0.14764703262993475,1546.0
eval_MoTaTiZrHf-HEA-DDRX-900C_TEM_DislocationCharacterization_0#5,eval_MoTaTiZrHf-HEA-DDRX-900C_TEM_DislocationCharacterization_0,roma|direct|none|s0,roma,core,10000.0,831.0,60.053,0.0831,6052.028853380484,6085.691560968043,6052.028853380484,0.07784860575276353,831.0
eval_MoTaTiZrHf-HEA-DDRX-900C_TEM_DislocationCharacterization_0#5,eval_MoTaTiZrHf-HEA-DDRX-900C_TEM_DislocationCharacterization_0,roma|pyramid_v2|none|s0,roma,core,10000.0,831.0,60.053,0.0831,6052.028853380484,6085.691560968043,6052.028853380484,0.07784860575276353,831.0
eval_MoTaTiZrHf-HEA-DDRX-900C_TEM_DislocationCharacterization_0#5,eval_MoTaTiZrHf-HEA-DDRX-900C_TEM_DislocationCharacterization_0,roma|direct|invert|s0,roma,transform,10000.0,135.0,3143.706,0.0135,707.6418701178935,741.3045777054521,707.6418701178935,0.011417697708664352,135.0
eval_MoTaTiZrHf-HEA-DDRX-900C_TEM_DislocationCharacterization_0#5,eval_MoTaTiZrHf-HEA-DDRX-900C_TEM_DislocationCharacterization_0,roma|direct|histmatch|s0,roma,transform,10000.0,694.0,61.997,0.0694,4919.342753386571,4953.005460974129,4919.342753386571,0.06458264430323603,694.0
eval_MoTaTiZrHf-HEA-DDRX-900C_TEM_DislocationCharacterization_0#5,eval_MoTaTiZrHf-HEA-DDRX-900C_TEM_DislocationCharacterization_0,roma|direct|clahe|s0,roma,transform,10000.0,592.0,57.619,0.0592,4094.6843099493417,4128.3470175369,4094.6843099493417,0.05474156957770626,592.0
eval_MoTaTiZrHf-HEA-DDRX-900C_TEM_DislocationCharacterization_0#5,eval_MoTaTiZrHf-HEA-DDRX-900C_TEM_DislocationCharacterization_0,roma|direct|gradmag|s0,roma,transform,10000.0,1851.0,50.558,0.1851,15102.93790473641,15136.600612323968,15102.93790473641,0.1776093401535459,1851.0
eval_MoTaTiZrHf-HEA-DDRX-900C_TEM_DislocationCharacterization_0#6,eval_MoTaTiZrHf-HEA-DDRX-900C_TEM_DislocationCharacterization_0,roma|direct|none|s0,roma,core,10000.0,121.0,669.321,0.0121,617.7491071772223,651.4118147647808,617.7491071772223,0.010136711003799979,121.0
eval_MoTaTiZrHf-HEA-DDRX-900C_TEM_DislocationCharacterization_0#6,eval_MoTaTiZrHf-HEA-DDRX-900C_TEM_DislocationCharacterization_0,roma|pyramid_v2|none|s0,roma,core,10000.0,121.0,669.321,0.0121,617.7491071772223,651.4118147647808,617.7491071772223,0.010136711003799979,121.0
eval_MoTaTiZrHf-HEA-DDRX-900C_TEM_DislocationCharacterization_0#6,eval_MoTaTiZrHf-HEA-DDRX-900C_TEM_DislocationCharacterization_0,roma|direct|invert|s0,roma,transform,10000.0,67.0,3082.554,0.0067,288.52868418453943,322.191391772098,288.52868418453943,0.00527963331754198,67.0
eval_MoTaTiZrHf-HEA-DDRX-900C_TEM_DislocationCharacterization_0#6,eval_MoTaTiZrHf-HEA-DDRX-900C_TEM_DislocationCharacterization_0,roma|direct|histmatch|s0,roma,transform,10000.0,283.0,60.757,0.0283,1728.3661953114633,1762.028902899022,1728.3661953114633,0.025226531864319626,283.0
eval_MoTaTiZrHf-HEA-DDRX-900C_TEM_DislocationCharacterization_0#6,eval_MoTaTiZrHf-HEA-DDRX-900C_TEM_DislocationCharacterization_0,roma|direct|clahe|s0,roma,transform,10000.0,705.0,59.352,0.0705,5009.280236344998,5042.942943932557,5009.280236344998,0.06564591163523723,705.0
eval_MoTaTiZrHf-HEA-DDRX-900C_TEM_DislocationCharacterization_0#6,eval_MoTaTiZrHf-HEA-DDRX-900C_TEM_DislocationCharacterization_0,roma|direct|gradmag|s0,roma,transform,10000.0,2252.0,58.953,0.2252,18875.23333819091,18908.896045778467,18875.23333819091,0.2171193713122496,2252.0
eval_MoTaTiZrHf-HEA-DDRX-900C_TEM_DislocationCharacterization_0#7,eval_MoTaTiZrHf-HEA-DDRX-900C_TEM_DislocationCharacterization_0,roma|direct|none|s0,roma,core,10000.0,91.0,974.905,0.0091,430.9076372617785,464.57034484933706,430.9076372617785,0.007418178537780262,91.0
eval_MoTaTiZrHf-HEA-DDRX-900C_TEM_DislocationCharacterization_0#7,eval_MoTaTiZrHf-HEA-DDRX-900C_TEM_DislocationCharacterization_0,roma|pyramid_v2|none|s0,roma,core,10000.0,342.0,1028.028,0.0342,2160.7784343840144,2194.441141971573,2160.7784343840144,0.03081297277655021,342.0
eval_MoTaTiZrHf-HEA-DDRX-900C_TEM_DislocationCharacterization_0#7,eval_MoTaTiZrHf-HEA-DDRX-900C_TEM_DislocationCharacterization_0,roma|direct|invert|s0,roma,transform,10000.0,100.0,958.383,0.01,486.0430374126204,519.7057450001789,486.0430374126204,0.008229336148148416,100.0
eval_MoTaTiZrHf-HEA-DDRX-900C_TEM_DislocationCharacterization_0#7,eval_MoTaTiZrHf-HEA-DDRX-900C_TEM_DislocationCharacterization_0,roma|direct|histmatch|s0,roma,transform,10000.0,140.0,936.357,0.014,740.109498914153,773.7722065017116,740.109498914153,0.011876744048833454,140.0
eval_MoTaTiZrHf-HEA-DDRX-900C_TEM_DislocationCharacterization_0#7,eval_MoTaTiZrHf-HEA-DDRX-900C_TEM_DislocationCharacterization_0,roma|direct|clahe|s0,roma,transform,10000.0,77.0,995.002,0.0077,346.9548588002348,380.6175663877933,346.9548588002348,0.006165744043271591,77.0
eval_MoTaTiZrHf-HEA-DDRX-900C_TEM_DislocationCharacterization_0#7,eval_MoTaTiZrHf-HEA-DDRX-900C_TEM_DislocationCharacterization_0,roma|direct|gradmag|s0,roma,transform,10000.0,1474.0,62.243,0.1474,11653.8867317864,11687.54943937396,11653.8867317864,0.14058725764493435,1474.0
eval_MoTaTiZrHf-HEA-DDRX-900C_TEM_DislocationCharacterization_0#8,eval_MoTaTiZrHf-HEA-DDRX-900C_TEM_DislocationCharacterization_0,roma|direct|none|s0,roma,core,10000.0,810.0,62.113,0.081,5876.707091004686,5910.3697985922445,5876.707091004686,0.07581203169800813,810.0
eval_MoTaTiZrHf-HEA-DDRX-900C_TEM_DislocationCharacterization_0#8,eval_MoTaTiZrHf-HEA-DDRX-900C_TEM_DislocationCharacterization_0,roma|pyramid_v2|none|s0,roma,core,10000.0,810.0,62.113,0.081,5876.707091004686,5910.3697985922445,5876.707091004686,0.07581203169800813,810.0
eval_MoTaTiZrHf-HEA-DDRX-900C_TEM_DislocationCharacterization_0#8,eval_MoTaTiZrHf-HEA-DDRX-900C_TEM_DislocationCharacterization_0,roma|direct|invert|s0,roma,transform,10000.0,131.0,78.555,0.0131,681.8013878085351,715.4640953960936,681.8013878085351,0.011051026492993674,131.0
eval_MoTaTiZrHf-HEA-DDRX-900C_TEM_DislocationCharacterization_0#8,eval_MoTaTiZrHf-HEA-DDRX-900C_TEM_DislocationCharacterization_0,roma|direct|histmatch|s0,roma,transform,10000.0,556.0,66.333,0.0556,3807.944343931251,3841.6070515188094,3807.944343931251,0.05127705863589792,556.0
eval_MoTaTiZrHf-HEA-DDRX-900C_TEM_DislocationCharacterization_0#8,eval_MoTaTiZrHf-HEA-DDRX-900C_TEM_DislocationCharacterization_0,roma|direct|clahe|s0,roma,transform,10000.0,150.0,643.105,0.015,805.5809750259008,839.2436826134593,805.5809750259008,0.012797042489119614,150.0
eval_MoTaTiZrHf-HEA-DDRX-900C_TEM_DislocationCharacterization_0#8,eval_MoTaTiZrHf-HEA-DDRX-900C_TEM_DislocationCharacterization_0,roma|direct|gradmag|s0,roma,transform,10000.0,1440.0,61.554,0.144,11348.074704955896,11381.737412543454,11348.074704955896,0.13725543442448415,1440.0
eval_MoTaTiZrHf-HEA-DDRX-900C_TEM_DislocationCharacterization_0#9,eval_MoTaTiZrHf-HEA-DDRX-900C_TEM_DislocationCharacterization_0,roma|direct|none|s0,roma,core,10000.0,549.0,64.913,0.0549,3752.4711974489765,3786.133905036535,3752.4711974489765,0.0506040005642412,549.0
eval_MoTaTiZrHf-HEA-DDRX-900C_TEM_DislocationCharacterization_0#9,eval_MoTaTiZrHf-HEA-DDRX-900C_TEM_DislocationCharacterization_0,roma|pyramid_v2|none|s0,roma,core,10000.0,549.0,64.913,0.0549,3752.4711974489765,3786.133905036535,3752.4711974489765,0.0506040005642412,549.0
eval_MoTaTiZrHf-HEA-DDRX-900C_TEM_DislocationCharacterization_0#9,eval_MoTaTiZrHf-HEA-DDRX-900C_TEM_DislocationCharacterization_0,roma|direct|invert|s0,roma,transform,10000.0,112.0,1080.385,0.0112,560.8131760389417,594.4758836265003,560.8131760389417,0.009316987490236137,112.0
eval_MoTaTiZrHf-HEA-DDRX-900C_TEM_DislocationCharacterization_0#9,eval_MoTaTiZrHf-HEA-DDRX-900C_TEM_DislocationCharacterization_0,roma|direct|histmatch|s0,roma,transform,10000.0,488.0,57.141,0.0488,3273.1868034608237,3306.8495110483823,3273.1868034608237,0.04474778133939989,488.0
eval_MoTaTiZrHf-HEA-DDRX-900C_TEM_DislocationCharacterization_0#9,eval_MoTaTiZrHf-HEA-DDRX-900C_TEM_DislocationCharacterization_0,roma|direct|clahe|s0,roma,transform,10000.0,244.0,1034.019,0.0244,1449.3486640804156,1483.0113716679741,1449.3486640804156,0.021553719498578837,244.0
eval_MoTaTiZrHf-HEA-DDRX-900C_TEM_DislocationCharacterization_0#9,eval_MoTaTiZrHf-HEA-DDRX-900C_TEM_DislocationCharacterization_0,roma|direct|gradmag|s0,roma,transform,10000.0,3003.0,56.288,0.3003,26181.223274970176,26214.885982557735,26181.223274970176,0.2913938350605817,3003.0
eval_MoTaTiZrHf-HEA-DDRX-900C_TEM_DislocationCharacterization_0#10,eval_MoTaTiZrHf-HEA-DDRX-900C_TEM_DislocationCharacterization_0,roma|direct|none|s0,roma,core,10000.0,466.0,54.946,0.0466,3102.24898767838,3135.9116952659388,3102.24898767838,0.04264000749008216,466.0
eval_MoTaTiZrHf-HEA-DDRX-900C_TEM_DislocationCharacterization_0#10,eval_MoTaTiZrHf-HEA-DDRX-900C_TEM_DislocationCharacterization_0,roma|pyramid_v2|none|s0,roma,core,10000.0,466.0,54.946,0.0466,3102.24898767838,3135.9116952659388,3102.24898767838,0.04264000749008216,466.0
eval_MoTaTiZrHf-HEA-DDRX-900C_TEM_DislocationCharacterization_0#10,eval_MoTaTiZrHf-HEA-DDRX-900C_TEM_DislocationCharacterization_0,roma|direct|invert|s0,roma,transform,10000.0,122.0,9601.688,0.0122,624.1179171777886,657.7806247653472,624.1179171777886,0.010227982913488939,122.0
eval_MoTaTiZrHf-HEA-DDRX-900C_TEM_DislocationCharacterization_0#10,eval_MoTaTiZrHf-HEA-DDRX-900C_TEM_DislocationCharacterization_0,roma|direct|histmatch|s0,roma,transform,10000.0,610.0,52.969,0.061,4238.93486438486,4272.597571972418,4238.93486438486,0.0564756593148203,610.0
eval_MoTaTiZrHf-HEA-DDRX-900C_TEM_DislocationCharacterization_0#10,eval_MoTaTiZrHf-HEA-DDRX-900C_TEM_DislocationCharacterization_0,roma|direct|clahe|s0,roma,transform,10000.0,588.0,57.681,0.0588,4062.706996009486,4096.3697035970445,4062.706996009486,0.05435637813108763,588.0
eval_MoTaTiZrHf-HEA-DDRX-900C_TEM_DislocationCharacterization_0#10,eval_MoTaTiZrHf-HEA-DDRX-900C_TEM_DislocationCharacterization_0,roma|direct|gradmag|s0,roma,transform,10000.0,2121.0,59.545,0.2121,17632.11966335695,17665.782370944507,17632.11966335695,0.20419908832898098,2121.0
eval_MoTaTiZrHf-HEA-DDRX-900C_TEM_DislocationCharacterization_0#11,eval_MoTaTiZrHf-HEA-DDRX-900C_TEM_DislocationCharacterization_0,roma|direct|none|s0,roma,core,10000.0,209.0,131.534,0.0209,1204.3688420537649,1238.0315496413234,1204.3688420537649,0.018274760578079145,209.0
eval_MoTaTiZrHf-HEA-DDRX-900C_TEM_DislocationCharacterization_0#11,eval_MoTaTiZrHf-HEA-DDRX-900C_TEM_DislocationCharacterization_0,roma|pyramid_v2|none|s0,roma,core,10000.0,209.0,131.534,0.0209,1204.3688420537649,1238.0315496413234,1204.3688420537649,0.018274760578079145,209.0
eval_MoTaTiZrHf-HEA-DDRX-900C_TEM_DislocationCharacterization_0#11,eval_MoTaTiZrHf-HEA-DDRX-900C_TEM_DislocationCharacterization_0,roma|direct|invert|s0,roma,transform,10000.0,278.0,1064.383,0.0278,1692.2694693809665,1725.932176968525,1692.2694693809665,0.024754675024605585,278.0
eval_MoTaTiZrHf-HEA-DDRX-900C_TEM_DislocationCharacterization_0#11,eval_MoTaTiZrHf-HEA-DDRX-900C_TEM_DislocationCharacterization_0,roma|direct|histmatch|s0,roma,transform,10000.0,85.0,323.866,0.0085,394.64224130405097,428.3049488916095,394.64224130405097,0.006879905952442005,85.0
eval_MoTaTiZrHf-HEA-DDRX-900C_TEM_DislocationCharacterization_0#11,eval_MoTaTiZrHf-HEA-DDRX-900C_TEM_DislocationCharacterization_0,roma|direct|clahe|s0,roma,transform,10000.0,308.0,74.158,0.0308,1910.1814487041302,1943.8441562916887,1910.1814487041302,0.02758969484715041,308.0
eval_MoTaTiZrHf-HEA-DDRX-900C_TEM_DislocationCharacterization_0#11,eval_MoTaTiZrHf-HEA-DDRX-900C_TEM_DislocationCharacterization_0,roma|direct|gradmag|s0,roma,transform,10000.0,219.0,59.53,0.0219,1273.792911361174,1307.4556189487325,1273.792911361174,0.01920972462624364,219.0
eval_MoTaTiZrHf-HEA-DDRX-900C_TEM_DislocationCharacterization_0#12,eval_MoTaTiZrHf-HEA-DDRX-900C_TEM_DislocationCharacterization_0,roma|direct|none|s0,roma,core,10000.0,740.0,60.54,0.074,5296.6600824748975,5330.322790062456,5296.6600824748975,0.06903134560192228,740.0
eval_MoTaTiZrHf-HEA-DDRX-900C_TEM_DislocationCharacterization_0#12,eval_MoTaTiZrHf-HEA-DDRX-900C_TEM_DislocationCharacterization_0,roma|pyramid_v2|none|s0,roma,core,10000.0,740.0,60.54,0.074,5296.6600824748975,5330.322790062456,5296.6600824748975,0.06903134560192228,740.0
eval_MoTaTiZrHf-HEA-DDRX-900C_TEM_DislocationCharacterization_0#12,eval_MoTaTiZrHf-HEA-DDRX-900C_TEM_DislocationCharacterization_0,roma|direct|invert|s0,roma,transform,10000.0,335.0,202.513,0.0335,2108.8876442963688,2142.5503518839273,2108.8876442963688,0.0301485414257931,335.0
eval_MoTaTiZrHf-HEA-DDRX-900C_TEM_DislocationCharacterization_0#12,eval_MoTaTiZrHf-HEA-DDRX-900C_TEM_DislocationCharacterization_0,roma|direct|histmatch|s0,roma,transform,10000.0,720.0,57.731,0.072,5132.219133181412,5165.8818407689705,5132.219133181412,0.06709638854767495,720.0
eval_MoTaTiZrHf-HEA-DDRX-900C_TEM_DislocationCharacterization_0#12,eval_MoTaTiZrHf-HEA-DDRX-900C_TEM_DislocationCharacterization_0,roma|direct|clahe|s0,roma,transform,10000.0,240.0,75.77,0.024,1421.0764957094573,1454.7392032970158,1421.0764957094573,0.0211780889734631,240.0
eval_MoTaTiZrHf-HEA-DDRX-900C_TEM_DislocationCharacterization_0#12,eval_MoTaTiZrHf-HEA-DDRX-900C_TEM_DislocationCharacterization_0,roma|direct|gradmag|s0,roma,transform,10000.0,1548.0,64.723,0.1548,12322.633405472172,12356.29611305973,12322.633405472172,0.14784321560387417,1548.0
eval_MoTaTiZrHf-HEA-DDRX-900C_TEM_DislocationCharacterization_0#13,eval_MoTaTiZrHf-HEA-DDRX-900C_TEM_DislocationCharacterization_0,roma|direct|none|s0,roma,core,10000.0,255.0,129.031,0.0255,1527.4398707798155,1561.102578367374,1527.4398707798155,0.022587782727039544,255.0
eval_MoTaTiZrHf-HEA-DDRX-900C_TEM_DislocationCharacterization_0#13,eval_MoTaTiZrHf-HEA-DDRX-900C_TEM_DislocationCharacterization_0,roma|pyramid_v2|none|s0,roma,core,10000.0,255.0,129.031,0.0255,1527.4398707798155,1561.102578367374,1527.4398707798155,0.022587782727039544,255.0
eval_MoTaTiZrHf-HEA-DDRX-900C_TEM_DislocationCharacterization_0#13,eval_MoTaTiZrHf-HEA-DDRX-900C_TEM_DislocationCharacterization_0,roma|direct|invert|s0,roma,transform,10000.0,99.0,926.806,0.0099,479.875295868625,513.5380034561836,479.875295868625,0.008139001221781109,99.0
eval_MoTaTiZrHf-HEA-DDRX-900C_TEM_DislocationCharacterization_0#13,eval_MoTaTiZrHf-HEA-DDRX-900C_TEM_DislocationCharacterization_0,roma|direct|histmatch|s0,roma,transform,10000.0,238.0,868.899,0.0238,1406.9659057971892,1440.6286133847477,1406.9659057971892,0.0209903548907143,238.0
eval_MoTaTiZrHf-HEA-DDRX-900C_TEM_DislocationCharacterization_0#13,eval_MoTaTiZrHf-HEA-DDRX-900C_TEM_DislocationCharacterization_0,roma|direct|clahe|s0,roma,transform,10000.0,249.0,1054.702,0.0249,1484.783084446993,1518.4457920345515,1484.783084446993,0.022023555462864053,249.0
eval_MoTaTiZrHf-HEA-DDRX-900C_TEM_DislocationCharacterization_0#13,eval_MoTaTiZrHf-HEA-DDRX-900C_TEM_DislocationCharacterization_0,roma|direct|gradmag|s0,roma,transform,10000.0,1737.0,76.494,0.1737,14049.28364622638,14082.946353813939,14049.28364622638,0.16640031806620498,1737.0
eval_MoTaTiZrHf-HEA-DDRX-900C_TEM_DislocationCharacterization_0#14,eval_MoTaTiZrHf-HEA-DDRX-900C_TEM_DislocationCharacterization_0,roma|direct|none|s0,roma,core,10000.0,888.0,47.616,0.0888,6530.781405436792,6564.44411302435,6530.781405436792,0.08338152212498395,888.0
eval_MoTaTiZrHf-HEA-DDRX-900C_TEM_DislocationCharacterization_0#14,eval_MoTaTiZrHf-HEA-DDRX-900C_TEM_DislocationCharacterization_0,roma|pyramid_v2|none|s0,roma,core,10000.0,888.0,47.616,0.0888,6530.781405436792,6564.44411302435,6530.781405436792,0.08338152212498395,888.0
eval_MoTaTiZrHf-HEA-DDRX-900C_TEM_DislocationCharacterization_0#14,eval_MoTaTiZrHf-HEA-DDRX-900C_TEM_DislocationCharacterization_0,roma|direct|invert|s0,roma,transform,10000.0,697.0,168.013,0.0697,4943.852704300579,4977.515411888137,4943.852704300579,0.06487259088742876,697.0
eval_MoTaTiZrHf-HEA-DDRX-900C_TEM_DislocationCharacterization_0#14,eval_MoTaTiZrHf-HEA-DDRX-900C_TEM_DislocationCharacterization_0,roma|direct|histmatch|s0,roma,transform,10000.0,1041.0,49.578,0.1041,7835.115653700706,7868.778361288265,7835.115653700706,0.09826570516805093,1041.0
eval_MoTaTiZrHf-HEA-DDRX-900C_TEM_DislocationCharacterization_0#14,eval_MoTaTiZrHf-HEA-DDRX-900C_TEM_DislocationCharacterization_0,roma|direct|clahe|s0,roma,transform,10000.0,647.0,47.516,0.0647,4537.2084377225965,4570.871145310155,4537.2084377225965,0.060043754915036135,647.0
eval_MoTaTiZrHf-HEA-DDRX-900C_TEM_DislocationCharacterization_0#14,eval_MoTaTiZrHf-HEA-DDRX-900C_TEM_DislocationCharacterization_0,roma|direct|gradmag|s0,roma,transform,10000.0,1488.0,56.496,0.1488,11780.077626480443,11813.740334068001,11780.077626480443,0.14195955608005578,1488.0
eval_MoTaTiZrHf-HEA-DDRX-900C_TEM_DislocationCharacterization_0#15,eval_MoTaTiZrHf-HEA-DDRX-900C_TEM_DislocationCharacterization_0,roma|direct|none|s0,roma,core,10000.0,183.0,728.785,0.0183,1026.209470807269,1059.8721783948276,1026.209470807269,0.0158519532884049,183.0
eval_MoTaTiZrHf-HEA-DDRX-900C_TEM_DislocationCharacterization_0#15,eval_MoTaTiZrHf-HEA-DDRX-900C_TEM_DislocationCharacterization_0,roma|pyramid_v2|none|s0,roma,core,10000.0,183.0,728.785,0.0183,1026.209470807269,1059.8721783948276,1026.209470807269,0.0158519532884049,183.0
eval_MoTaTiZrHf-HEA-DDRX-900C_TEM_DislocationCharacterization_0#15,eval_MoTaTiZrHf-HEA-DDRX-900C_TEM_DislocationCharacterization_0,roma|direct|invert|s0,roma,transform,10000.0,108.0,1420.507,0.0108,535.7388041499646,569.4015117375232,535.7388041499646,0.008953722899766217,108.0
eval_MoTaTiZrHf-HEA-DDRX-900C_TEM_DislocationCharacterization_0#15,eval_MoTaTiZrHf-HEA-DDRX-900C_TEM_DislocationCharacterization_0,roma|direct|histmatch|s0,roma,transform,10000.0,360.0,54.601,0.036,2294.8853217601813,2328.54802934774,2294.8853217601813,0.032523311925956866,360.0
eval_MoTaTiZrHf-HEA-DDRX-900C_TEM_DislocationCharacterization_0#15,eval_MoTaTiZrHf-HEA-DDRX-900C_TEM_DislocationCharacterization_0,roma|direct|clahe|s0,roma,transform,10000.0,260.0,1125.244,0.026,1563.0977946805433,1596.7605022681018,1563.0977946805433,0.02305831481278748,260.0
eval_MoTaTiZrHf-HEA-DDRX-900C_TEM_DislocationCharacterization_0#15,eval_MoTaTiZrHf-HEA-DDRX-900C_TEM_DislocationCharacterization_0,roma|direct|gradmag|s0,roma,transform,10000.0,3832.0,68.107,0.3832,34558.85358206589,34592.516289653446,34558.85358206589,0.3737178889361985,3832.0
eval_MoTaTiZrHf-HEA-DDRX-900C_TEM_largeFOV-DislocationCharacterization_0#0,eval_MoTaTiZrHf-HEA-DDRX-900C_TEM_largeFOV-DislocationCharacterization_0,roma|direct|none|s0,roma,core,10000.0,4046.0,20.187,0.4046,42378.74697211307,42412.40967970063,42378.74697211307,0.39501862408362187,4046.0
eval_MoTaTiZrHf-HEA-DDRX-900C_TEM_largeFOV-DislocationCharacterization_0#0,eval_MoTaTiZrHf-HEA-DDRX-900C_TEM_largeFOV-DislocationCharacterization_0,roma|pyramid_v2|none|s0,roma,core,10000.0,4046.0,20.187,0.4046,42378.74697211307,42412.40967970063,42378.74697211307,0.39501862408362187,4046.0
eval_MoTaTiZrHf-HEA-DDRX-900C_TEM_largeFOV-DislocationCharacterization_0#0,eval_MoTaTiZrHf-HEA-DDRX-900C_TEM_largeFOV-DislocationCharacterization_0,roma|direct|invert|s0,roma,transform,10000.0,316.0,695.962,0.0316,2406.7278082385833,2440.390515826142,2406.7278082385833,0.02834719030231343,316.0
eval_MoTaTiZrHf-HEA-DDRX-900C_TEM_largeFOV-DislocationCharacterization_0#0,eval_MoTaTiZrHf-HEA-DDRX-900C_TEM_largeFOV-DislocationCharacterization_0,roma|direct|histmatch|s0,roma,transform,10000.0,4333.0,20.091,0.4333,45771.69133506305,45805.35404265061,45771.69133506305,0.42361521197004665,4333.0
eval_MoTaTiZrHf-HEA-DDRX-900C_TEM_largeFOV-DislocationCharacterization_0#0,eval_MoTaTiZrHf-HEA-DDRX-900C_TEM_largeFOV-DislocationCharacterization_0,roma|direct|clahe|s0,roma,transform,10000.0,3076.0,19.525,0.3076,31170.57014581628,31204.23285340384,31170.57014581628,0.29863008277109615,3076.0
eval_MoTaTiZrHf-HEA-DDRX-900C_TEM_largeFOV-DislocationCharacterization_0#0,eval_MoTaTiZrHf-HEA-DDRX-900C_TEM_largeFOV-DislocationCharacterization_0,roma|direct|gradmag|s0,roma,transform,10000.0,1783.0,537.53,0.1783,16945.01085646266,16978.67356405022,16945.01085646266,0.17092189780378297,1783.0
eval_MoTaTiZrHf-HEA-DDRX-900C_TEM_largeFOV-DislocationCharacterization_0#1,eval_MoTaTiZrHf-HEA-DDRX-900C_TEM_largeFOV-DislocationCharacterization_0,roma|direct|none|s0,roma,core,10000.0,1939.0,520.328,0.1939,18610.096831772615,18643.759539360173,18610.096831772615,0.18626939161937364,1939.0
eval_MoTaTiZrHf-HEA-DDRX-900C_TEM_largeFOV-DislocationCharacterization_0#1,eval_MoTaTiZrHf-HEA-DDRX-900C_TEM_largeFOV-DislocationCharacterization_0,roma|pyramid_v2|none|s0,roma,core,10000.0,1939.0,520.328,0.1939,18610.096831772615,18643.759539360173,18610.096831772615,0.18626939161937364,1939.0
eval_MoTaTiZrHf-HEA-DDRX-900C_TEM_largeFOV-DislocationCharacterization_0#1,eval_MoTaTiZrHf-HEA-DDRX-900C_TEM_largeFOV-DislocationCharacterization_0,roma|direct|invert|s0,roma,transform,10000.0,790.0,100.544,0.079,6805.310804925488,6838.973512513046,6805.310804925488,0.07387342424238177,790.0
eval_MoTaTiZrHf-HEA-DDRX-900C_TEM_largeFOV-DislocationCharacterization_0#1,eval_MoTaTiZrHf-HEA-DDRX-900C_TEM_largeFOV-DislocationCharacterization_0,roma|direct|histmatch|s0,roma,transform,10000.0,1850.0,506.183,0.185,17658.17249462052,17691.83520220808,17658.17249462052,0.17751096700738433,1850.0
eval_MoTaTiZrHf-HEA-DDRX-900C_TEM_largeFOV-DislocationCharacterization_0#1,eval_MoTaTiZrHf-HEA-DDRX-900C_TEM_largeFOV-DislocationCharacterization_0,roma|direct|clahe|s0,roma,transform,10000.0,1667.0,526.498,0.1667,15717.58133274951,15751.24404033707,15717.58133274951,0.15952332920479764,1667.0
eval_MoTaTiZrHf-HEA-DDRX-900C_TEM_largeFOV-DislocationCharacterization_0#1,eval_MoTaTiZrHf-HEA-DDRX-900C_TEM_largeFOV-DislocationCharacterization_0,roma|direct|gradmag|s0,roma,transform,10000.0,2256.0,501.019,0.2256,22040.70503258623,22074.367740173788,22040.70503258623,0.21751406890398936,2256.0
eval_MoTaTiZrHf-HEA-DDRX-900C_TEM_largeFOV-DislocationCharacterization_0#2,eval_MoTaTiZrHf-HEA-DDRX-900C_TEM_largeFOV-DislocationCharacterization_0,roma|direct|none|s0,roma,core,10000.0,1450.0,527.21,0.145,13447.91407785185,13481.576785439409,13447.91407785185,0.13823524841852597,1450.0
eval_MoTaTiZrHf-HEA-DDRX-900C_TEM_largeFOV-DislocationCharacterization_0#2,eval_MoTaTiZrHf-HEA-DDRX-900C_TEM_largeFOV-DislocationCharacterization_0,roma|pyramid_v2|none|s0,roma,core,10000.0,1450.0,527.21,0.145,13447.91407785185,13481.576785439409,13447.91407785185,0.13823524841852597,1450.0
eval_MoTaTiZrHf-HEA-DDRX-900C_TEM_largeFOV-DislocationCharacterization_0#2,eval_MoTaTiZrHf-HEA-DDRX-900C_TEM_largeFOV-DislocationCharacterization_0,roma|direct|invert|s0,roma,transform,10000.0,3828.0,20.183,0.3828,39824.345801019255,39858.008508606814,39824.345801019255,0.3733199283414163,3828.0
eval_MoTaTiZrHf-HEA-DDRX-900C_TEM_largeFOV-DislocationCharacterization_0#2,eval_MoTaTiZrHf-HEA-DDRX-900C_TEM_largeFOV-DislocationCharacterization_0,roma|direct|histmatch|s0,roma,transform,10000.0,1061.0,510.476,0.1061,9478.263115078675,9511.925822666233,9478.263115078675,0.10021450654943581,1061.0
eval_MoTaTiZrHf-HEA-DDRX-900C_TEM_largeFOV-DislocationCharacterization_0#2,eval_MoTaTiZrHf-HEA-DDRX-900C_TEM_largeFOV-DislocationCharacterization_0,roma|direct|clahe|s0,roma,transform,10000.0,1362.0,506.184,0.1362,12538.075497404234,12571.738204991792,12538.075497404234,0.12961684541447108,1362.0
eval_MoTaTiZrHf-HEA-DDRX-900C_TEM_largeFOV-DislocationCharacterization_0#2,eval_MoTaTiZrHf-HEA-DDRX-900C_TEM_largeFOV-DislocationCharacterization_0,roma|direct|gradmag|s0,roma,transform,10000.0,1716.0,505.698,0.1716,16234.91305077987,16268.57575836743,16234.91305077987,0.16433674840595952,1716.0
eval_MoTaTiZrHf-HEA-DDRX-900C_TEM_largeFOV-DislocationCharacterization_0#3,eval_MoTaTiZrHf-HEA-DDRX-900C_TEM_largeFOV-DislocationCharacterization_0,roma|direct|none|s0,roma,core,10000.0,2449.0,21.787,0.2449,24157.962250729917,24191.624958317476,24157.962250729917,0.23657061518691064,2449.0
eval_MoTaTiZrHf-HEA-DDRX-900C_TEM_largeFOV-DislocationCharacterization_0#3,eval_MoTaTiZrHf-HEA-DDRX-900C_TEM_largeFOV-DislocationCharacterization_0,roma|pyramid_v2|none|s0,roma,core,10000.0,2449.0,21.787,0.2449,24157.962250729917,24191.624958317476,24157.962250729917,0.23657061518691064,2449.0
eval_MoTaTiZrHf-HEA-DDRX-900C_TEM_largeFOV-DislocationCharacterization_0#3,eval_MoTaTiZrHf-HEA-DDRX-900C_TEM_largeFOV-DislocationCharacterization_0,roma|direct|invert|s0,roma,transform,10000.0,199.0,952.964,0.0199,1411.1502333490087,1444.8129409365672,1411.1502333490087,0.017341459859383034,199.0
eval_MoTaTiZrHf-HEA-DDRX-900C_TEM_largeFOV-DislocationCharacterization_0#3,eval_MoTaTiZrHf-HEA-DDRX-900C_TEM_largeFOV-DislocationCharacterization_0,roma|direct|histmatch|s0,roma,transform,10000.0,2559.0,21.947,0.2559,25373.773891587796,25407.436599175355,25373.773891587796,0.24744224823808544,2559.0
eval_MoTaTiZrHf-HEA-DDRX-900C_TEM_largeFOV-DislocationCharacterization_0#3,eval_MoTaTiZrHf-HEA-DDRX-900C_TEM_largeFOV-DislocationCharacterization_0,roma|direct|clahe|s0,roma,transform,10000.0,2493.0,21.56,0.2493,24643.512655813513,24677.17536340107,24643.512655813513,0.24091839280172836,2493.0
eval_MoTaTiZrHf-HEA-DDRX-900C_TEM_largeFOV-DislocationCharacterization_0#3,eval_MoTaTiZrHf-HEA-DDRX-900C_TEM_largeFOV-DislocationCharacterization_0,roma|direct|gradmag|s0,roma,transform,10000.0,1468.0,422.006,0.1468,13634.797328230065,13668.460035817623,13634.797328230065,0.13999919551145484,1468.0
eval_MoTaTiZrHf-HEA-DDRX-900C_TEM_largeFOV-DislocationCharacterization_0#4,eval_MoTaTiZrHf-HEA-DDRX-900C_TEM_largeFOV-DislocationCharacterization_0,roma|direct|none|s0,roma,core,10000.0,1031.0,449.019,0.1031,9178.187724890291,9211.85043247785,9178.187724890291,0.09729156106188178,1031.0
eval_MoTaTiZrHf-HEA-DDRX-900C_TEM_largeFOV-DislocationCharacterization_0#4,eval_MoTaTiZrHf-HEA-DDRX-900C_TEM_largeFOV-DislocationCharacterization_0,roma|pyramid_v2|none|s0,roma,core,10000.0,1031.0,449.019,0.1031,9178.187724890291,9211.85043247785,9178.187724890291,0.09729156106188178,1031.0
eval_MoTaTiZrHf-HEA-DDRX-900C_TEM_largeFOV-DislocationCharacterization_0#4,eval_MoTaTiZrHf-HEA-DDRX-900C_TEM_largeFOV-DislocationCharacterization_0,roma|direct|invert|s0,roma,transform,10000.0,2602.0,22.732,0.2602,25850.78318336605,25884.445890953608,25850.78318336605,0.25169402406061747,2602.0
eval_MoTaTiZrHf-HEA-DDRX-900C_TEM_largeFOV-DislocationCharacterization_0#4,eval_MoTaTiZrHf-HEA-DDRX-900C_TEM_largeFOV-DislocationCharacterization_0,roma|direct|histmatch|s0,roma,transform,10000.0,1240.0,441.784,0.124,11287.6797565672,11321.342464154759,11287.6797565672,0.11768433032420811,1240.0
eval_MoTaTiZrHf-HEA-DDRX-900C_TEM_largeFOV-DislocationCharacterization_0#4,eval_MoTaTiZrHf-HEA-DDRX-900C_TEM_largeFOV-DislocationCharacterization_0,roma|direct|clahe|s0,roma,transform,10000.0,1588.0,421.262,0.1588,14887.173048470815,14920.835756058374,14887.173048470815,0.15176773526473986,1588.0
eval_MoTaTiZrHf-HEA-DDRX-900C_TEM_largeFOV-DislocationCharacterization_0#4,eval_MoTaTiZrHf-HEA-DDRX-900C_TEM_largeFOV-DislocationCharacterization_0,roma|direct|gradmag|s0,roma,transform,10000.0,3150.0,429.72,0.315,32010.86029114106,32044.52299872862,32010.86029114106,0.30596816679648997,3150.0
eval_MoTaTiZrHf-HEA-DDRX-900C_TEM_largeFOV-DislocationCharacterization_0#5,eval_MoTaTiZrHf-HEA-DDRX-900C_TEM_largeFOV-DislocationCharacterization_0,roma|direct|none|s0,roma,core,10000.0,1075.0,437.584,0.1075,9618.624373164634,9652.287080752192,9618.624373164634,0.10157906719635687,1075.0
eval_MoTaTiZrHf-HEA-DDRX-900C_TEM_largeFOV-DislocationCharacterization_0#5,eval_MoTaTiZrHf-HEA-DDRX-900C_TEM_largeFOV-DislocationCharacterization_0,roma|pyramid_v2|none|s0,roma,core,10000.0,1075.0,437.584,0.1075,9618.624373164634,9652.287080752192,9618.624373164634,0.10157906719635687,1075.0
eval_MoTaTiZrHf-HEA-DDRX-900C_TEM_largeFOV-DislocationCharacterization_0#5,eval_MoTaTiZrHf-HEA-DDRX-900C_TEM_largeFOV-DislocationCharacterization_0,roma|direct|invert|s0,roma,transform,10000.0,1907.0,21.738,0.1907,18267.239078050203,18300.90178563776,18267.239078050203,0.18311955496592291,1907.0
eval_MoTaTiZrHf-HEA-DDRX-900C_TEM_largeFOV-DislocationCharacterization_0#5,eval_MoTaTiZrHf-HEA-DDRX-900C_TEM_largeFOV-DislocationCharacterization_0,roma|direct|histmatch|s0,roma,transform,10000.0,1173.0,440.768,0.1173,10606.745760604583,10640.408468192141,10606.745760604583,0.1111397333282864,1173.0
eval_MoTaTiZrHf-HEA-DDRX-900C_TEM_largeFOV-DislocationCharacterization_0#5,eval_MoTaTiZrHf-HEA-DDRX-900C_TEM_largeFOV-DislocationCharacterization_0,roma|direct|clahe|s0,roma,transform,10000.0,1265.0,441.09,0.1265,11542.828532025522,11576.49123961308,11542.828532025522,0.12012793981517769,1265.0
eval_MoTaTiZrHf-HEA-DDRX-900C_TEM_largeFOV-DislocationCharacterization_0#5,eval_MoTaTiZrHf-HEA-DDRX-900C_TEM_largeFOV-DislocationCharacterization_0,roma|direct|gradmag|s0,roma,transform,10000.0,2019.0,440.463,0.2019,19470.08935884236,19503.75206642992,19470.08935884236,0.19414750006702025,2019.0
eval_MoTaTiZrHf-HEA-DDRX-900C_TEM_largeFOV-DislocationCharacterization_0#6,eval_MoTaTiZrHf-HEA-DDRX-900C_TEM_largeFOV-DislocationCharacterization_0,roma|direct|none|s0,roma,core,10000.0,2446.0,504.256,0.2446,24124.894516366698,24158.557223954256,24124.894516366698,0.2362742189675432,2446.0
eval_MoTaTiZrHf-HEA-DDRX-900C_TEM_largeFOV-DislocationCharacterization_0#6,eval_MoTaTiZrHf-HEA-DDRX-900C_TEM_largeFOV-DislocationCharacterization_0,roma|pyramid_v2|none|s0,roma,core,10000.0,2446.0,504.256,0.2446,24124.894516366698,24158.557223954256,24124.894516366698,0.2362742189675432,2446.0
eval_MoTaTiZrHf-HEA-DDRX-900C_TEM_largeFOV-DislocationCharacterization_0#6,eval_MoTaTiZrHf-HEA-DDRX-900C_TEM_largeFOV-DislocationCharacterization_0,roma|direct|invert|s0,roma,transform,10000.0,444.0,108.236,0.0444,3547.7631464776086,3581.425854065167,3547.7631464776086,0.04053475956156518,444.0
eval_MoTaTiZrHf-HEA-DDRX-900C_TEM_largeFOV-DislocationCharacterization_0#6,eval_MoTaTiZrHf-HEA-DDRX-900C_TEM_largeFOV-DislocationCharacterization_0,roma|direct|histmatch|s0,roma,transform,10000.0,2368.0,503.475,0.2368,23266.85484937883,23300.517556966388,23266.85484937883,0.22856988525020389,2368.0
eval_MoTaTiZrHf-HEA-DDRX-900C_TEM_largeFOV-DislocationCharacterization_0#6,eval_MoTaTiZrHf-HEA-DDRX-900C_TEM_largeFOV-DislocationCharacterization_0,roma|direct|clahe|s0,roma,transform,10000.0,1609.0,500.343,0.1609,15107.466269948292,15141.128977535851,15107.466269948292,0.1538287533963665,1609.0
eval_MoTaTiZrHf-HEA-DDRX-900C_TEM_largeFOV-DislocationCharacterization_0#6,eval_MoTaTiZrHf-HEA-DDRX-900C_TEM_largeFOV-DislocationCharacterization_0,roma|direct|gradmag|s0,roma,transform,10000.0,3302.0,526.48,0.3302,33744.78699491248,33778.44970250004,33744.78699491248,0.3210493259869295,3302.0
eval_MoTaTiZrHf-HEA-DDRX-900C_TEM_largeFOV-DislocationCharacterization_0#7,eval_MoTaTiZrHf-HEA-DDRX-900C_TEM_largeFOV-DislocationCharacterization_0,roma|direct|none|s0,roma,core,10000.0,1260.0,507.649,0.126,11491.753234201005,11525.415941788564,11491.753234201005,0.1196391506199685,1260.0
eval_MoTaTiZrHf-HEA-DDRX-900C_TEM_largeFOV-DislocationCharacterization_0#7,eval_MoTaTiZrHf-HEA-DDRX-900C_TEM_largeFOV-DislocationCharacterization_0,roma|pyramid_v2|none|s0,roma,core,10000.0,1260.0,507.649,0.126,11491.753234201005,11525.415941788564,11491.753234201005,0.1196391506199685,1260.0
eval_MoTaTiZrHf-HEA-DDRX-900C_TEM_largeFOV-DislocationCharacterization_0#7,eval_MoTaTiZrHf-HEA-DDRX-900C_TEM_largeFOV-DislocationCharacterization_0,roma|direct|invert|s0,roma,transform,10000.0,154.0,1182.443,0.0154,1045.2950448734446,1078.957752461003,1045.2950448734446,0.013165934022359623,154.0
eval_MoTaTiZrHf-HEA-DDRX-900C_TEM_largeFOV-DislocationCharacterization_0#7,eval_MoTaTiZrHf-HEA-DDRX-900C_TEM_largeFOV-DislocationCharacterization_0,roma|direct|histmatch|s0,roma,transform,10000.0,1115.0,510.481,0.1115,10020.773925672893,10054.436633260451,10020.773925672893,0.10547957152641464,1115.0
eval_MoTaTiZrHf-HEA-DDRX-900C_TEM_largeFOV-DislocationCharacterization_0#7,eval_MoTaTiZrHf-HEA-DDRX-900C_TEM_largeFOV-DislocationCharacterization_0,roma|direct|clahe|s0,roma,transform,10000.0,1032.0,526.02,0.1032,9188.174701052565,9221.837408640124,9188.174701052565,0.09738896767995,1032.0
eval_MoTaTiZrHf-HEA-DDRX-900C_TEM_largeFOV-DislocationCharacterization_0#7,eval_MoTaTiZrHf-HEA-DDRX-900C_TEM_largeFOV-DislocationCharacterization_0,roma|direct|gradmag|s0,roma,transform,10000.0,1793.0,509.022,0.1793,17051.260559629984,17084.923267217542,17051.260559629984,0.17190509629701947,1793.0
eval_MoTaTiZrHf-HEA-DDRX-900C_TEM_largeFOV-DislocationCharacterization_0#8,eval_MoTaTiZrHf-HEA-DDRX-900C_TEM_largeFOV-DislocationCharacterization_0,roma|direct|none|s0,roma,core,10000.0,725.0,496.56,0.0725,6178.190226741589,6211.8529343291475,6178.190226741589,0.06758002331835347,725.0
eval_MoTaTiZrHf-HEA-DDRX-900C_TEM_largeFOV-DislocationCharacterization_0#8,eval_MoTaTiZrHf-HEA-DDRX-900C_TEM_largeFOV-DislocationCharacterization_0,roma|pyramid_v2|none|s0,roma,core,10000.0,725.0,496.56,0.0725,6178.190226741589,6211.8529343291475,6178.190226741589,0.06758002331835347,725.0
eval_MoTaTiZrHf-HEA-DDRX-900C_TEM_largeFOV-DislocationCharacterization_0#8,eval_MoTaTiZrHf-HEA-DDRX-900C_TEM_largeFOV-DislocationCharacterization_0,roma|direct|invert|s0,roma,transform,10000.0,100.0,565.266,0.01,624.5168482990914,658.17955588665,624.5168482990914,0.008229336148148416,100.0
eval_MoTaTiZrHf-HEA-DDRX-900C_TEM_largeFOV-DislocationCharacterization_0#8,eval_MoTaTiZrHf-HEA-DDRX-900C_TEM_largeFOV-DislocationCharacterization_0,roma|direct|histmatch|s0,roma,transform,10000.0,1595.0,22.582,0.1595,14960.567624405965,14994.230331993524,14960.567624405965,0.15245469253285007,1595.0
eval_MoTaTiZrHf-HEA-DDRX-900C_TEM_largeFOV-DislocationCharacterization_0#8,eval_MoTaTiZrHf-HEA-DDRX-900C_TEM_largeFOV-DislocationCharacterization_0,roma|direct|clahe|s0,roma,transform,10000.0,816.0,504.475,0.0816,7057.8097705682985,7091.472478155857,7057.8097705682985,0.0763938032587989,816.0
eval_MoTaTiZrHf-HEA-DDRX-900C_TEM_largeFOV-DislocationCharacterization_0#8,eval_MoTaTiZrHf-HEA-DDRX-900C_TEM_largeFOV-DislocationCharacterization_0,roma|direct|gradmag|s0,roma,transform,10000.0,3959.0,518.549,0.3959,41356.94426334878,41390.60697093634,41356.94426334878,0.3863566620041833,3959.0
eval_MoTaTiZrHf-HEA-DDRX-900C_TEM_largeFOV-DislocationCharacterization_0#9,eval_MoTaTiZrHf-HEA-DDRX-900C_TEM_largeFOV-DislocationCharacterization_0,roma|direct|none|s0,roma,core,10000.0,2740.0,434.061,0.274,27388.08773054812,27421.750438135678,27388.08773054812,0.2653464161745538,2740.0
eval_MoTaTiZrHf-HEA-DDRX-900C_TEM_largeFOV-DislocationCharacterization_0#9,eval_MoTaTiZrHf-HEA-DDRX-900C_TEM_largeFOV-DislocationCharacterization_0,roma|pyramid_v2|none|s0,roma,core,10000.0,2740.0,434.061,0.274,27388.08773054812,27421.750438135678,27388.08773054812,0.2653464161745538,2740.0
eval_MoTaTiZrHf-HEA-DDRX-900C_TEM_largeFOV-DislocationCharacterization_0#9,eval_MoTaTiZrHf-HEA-DDRX-900C_TEM_largeFOV-DislocationCharacterization_0,roma|direct|invert|s0,roma,transform,10000.0,813.0,29.289,0.0813,7028.6287601799995,7062.291467767558,7028.6287601799995,0.07610290669716138,813.0
eval_MoTaTiZrHf-HEA-DDRX-900C_TEM_largeFOV-DislocationCharacterization_0#9,eval_MoTaTiZrHf-HEA-DDRX-900C_TEM_largeFOV-DislocationCharacterization_0,roma|direct|histmatch|s0,roma,transform,10000.0,2601.0,436.568,0.2601,25839.678996201383,25873.34170378894,25839.678996201383,0.25159513331119515,2601.0
eval_MoTaTiZrHf-HEA-DDRX-900C_TEM_largeFOV-DislocationCharacterization_0#9,eval_MoTaTiZrHf-HEA-DDRX-900C_TEM_largeFOV-DislocationCharacterization_0,roma|direct|clahe|s0,roma,transform,10000.0,1534.0,436.313,0.1534,14322.228970234984,14355.891677822543,14322.228970234984,0.14647002202965967,1534.0
eval_MoTaTiZrHf-HEA-DDRX-900C_TEM_largeFOV-DislocationCharacterization_0#9,eval_MoTaTiZrHf-HEA-DDRX-900C_TEM_largeFOV-DislocationCharacterization_0,roma|direct|gradmag|s0,roma,transform,10000.0,2647.0,445.166,0.2647,26351.007249617687,26384.669957205246,26351.007249617687,0.2561447045628046,2647.0
eval_MoTaTiZrHf-HEA-DDRX-900C_TEM_largeFOV-DislocationCharacterization_0#10,eval_MoTaTiZrHf-HEA-DDRX-900C_TEM_largeFOV-DislocationCharacterization_0,roma|direct|none|s0,roma,core,10000.0,1717.0,25.724,0.1717,16245.488555068883,16279.151262656442,16245.488555068883,0.1644350045409378,1717.0
eval_MoTaTiZrHf-HEA-DDRX-900C_TEM_largeFOV-DislocationCharacterization_0#10,eval_MoTaTiZrHf-HEA-DDRX-900C_TEM_largeFOV-DislocationCharacterization_0,roma|pyramid_v2|none|s0,roma,core,10000.0,1717.0,25.724,0.1717,16245.488555068883,16279.151262656442,16245.488555068883,0.1644350045409378,1717.0
eval_MoTaTiZrHf-HEA-DDRX-900C_TEM_largeFOV-DislocationCharacterization_0#10,eval_MoTaTiZrHf-HEA-DDRX-900C_TEM_largeFOV-DislocationCharacterization_0,roma|direct|invert|s0,roma,transform,10000.0,81.0,1131.175,0.0081,482.83383368639284,516.4965412739514,482.83383368639284,0.006522289905863052,81.0
eval_MoTaTiZrHf-HEA-DDRX-900C_TEM_largeFOV-DislocationCharacterization_0#10,eval_MoTaTiZrHf-HEA-DDRX-900C_TEM_largeFOV-DislocationCharacterization_0,roma|direct|histmatch|s0,roma,transform,10000.0,1629.0,24.774,0.1629,15317.572992234358,15351.235699821917,15317.572992234358,0.15579203245867299,1629.0
eval_MoTaTiZrHf-HEA-DDRX-900C_TEM_largeFOV-DislocationCharacterization_0#10,eval_MoTaTiZrHf-HEA-DDRX-900C_TEM_largeFOV-DislocationCharacterization_0,roma|direct|clahe|s0,roma,transform,10000.0,1424.0,26.167,0.1424,13178.433569424727,13212.096277012286,13178.433569424727,0.1356879676754544,1424.0
eval_MoTaTiZrHf-HEA-DDRX-900C_TEM_largeFOV-DislocationCharacterization_0#10,eval_MoTaTiZrHf-HEA-DDRX-900C_TEM_largeFOV-DislocationCharacterization_0,roma|direct|gradmag|s0,roma,transform,10000.0,1295.0,430.715,0.1295,11849.752632904214,11883.415340491772,11849.752632904214,0.12306136861047147,1295.0
eval_MoTaTiZrHf-HEA-DDRX-900C_TEM_largeFOV-DislocationCharacterization_0#11,eval_MoTaTiZrHf-HEA-DDRX-900C_TEM_largeFOV-DislocationCharacterization_0,roma|direct|none|s0,roma,core,10000.0,1338.0,25.453,0.1338,12291.065178597666,12324.727886185225,12291.065178597666,0.12726797093584832,1338.0
eval_MoTaTiZrHf-HEA-DDRX-900C_TEM_largeFOV-DislocationCharacterization_0#11,eval_MoTaTiZrHf-HEA-DDRX-900C_TEM_largeFOV-DislocationCharacterization_0,roma|pyramid_v2|none|s0,roma,core,10000.0,1338.0,25.453,0.1338,12291.065178597666,12324.727886185225,12291.065178597666,0.12726797093584832,1338.0
eval_MoTaTiZrHf-HEA-DDRX-900C_TEM_largeFOV-DislocationCharacterization_0#11,eval_MoTaTiZrHf-HEA-DDRX-900C_TEM_largeFOV-DislocationCharacterization_0,roma|direct|invert|s0,roma,transform,10000.0,134.0,467.594,0.0134,886.7780432753,920.4407508628585,886.7780432753,0.011325981720013405,134.0
eval_MoTaTiZrHf-HEA-DDRX-900C_TEM_largeFOV-DislocationCharacterization_0#11,eval_MoTaTiZrHf-HEA-DDRX-900C_TEM_largeFOV-DislocationCharacterization_0,roma|direct|histmatch|s0,roma,transform,10000.0,1198.0,22.395,0.1198,10860.329885721561,10893.99259330912,10860.329885721561,0.11358100130889932,1198.0
eval_MoTaTiZrHf-HEA-DDRX-900C_TEM_largeFOV-DislocationCharacterization_0#11,eval_MoTaTiZrHf-HEA-DDRX-900C_TEM_largeFOV-DislocationCharacterization_0,roma|direct|clahe|s0,roma,transform,10000.0,1362.0,23.806,0.1362,12538.075497404234,12571.738204991792,12538.075497404234,0.12961684541447108,1362.0
eval_MoTaTiZrHf-HEA-DDRX-900C_TEM_largeFOV-DislocationCharacterization_0#11,eval_MoTaTiZrHf-HEA-DDRX-900C_TEM_largeFOV-DislocationCharacterization_0,roma|direct|gradmag|s0,roma,transform,10000.0,1676.0,441.711,0.1676,15812.47308133874,15846.135788926298,15812.47308133874,0.16040725875333528,1676.0
eval_MoTaTiZrHf-HEA-DDRX-900C_TEM_largeFOV-DislocationCharacterization_0#12,eval_MoTaTiZrHf-HEA-DDRX-900C_TEM_largeFOV-DislocationCharacterization_0,roma|direct|none|s0,roma,core,10000.0,2536.0,536.012,0.2536,25119.027254336088,25152.689961923646,25119.027254336088,0.24516848868880328,2536.0
eval_MoTaTiZrHf-HEA-DDRX-900C_TEM_largeFOV-DislocationCharacterization_0#12,eval_MoTaTiZrHf-HEA-DDRX-900C_TEM_largeFOV-DislocationCharacterization_0,roma|pyramid_v2|none|s0,roma,core,10000.0,2536.0,536.012,0.2536,25119.027254336088,25152.689961923646,25119.027254336088,0.24516848868880328,2536.0
eval_MoTaTiZrHf-HEA-DDRX-900C_TEM_largeFOV-DislocationCharacterization_0#12,eval_MoTaTiZrHf-HEA-DDRX-900C_TEM_largeFOV-DislocationCharacterization_0,roma|direct|invert|s0,roma,transform,10000.0,3084.0,20.307,0.3084,31261.28898834896,31294.951695936517,31261.28898834896,0.2994232585911705,3084.0
eval_MoTaTiZrHf-HEA-DDRX-900C_TEM_largeFOV-DislocationCharacterization_0#12,eval_MoTaTiZrHf-HEA-DDRX-900C_TEM_largeFOV-DislocationCharacterization_0,roma|direct|histmatch|s0,roma,transform,10000.0,2643.0,500.963,0.2643,26306.50059636501,26340.16330395257,26306.50059636501,0.25574904148038735,2643.0
eval_MoTaTiZrHf-HEA-DDRX-900C_TEM_largeFOV-DislocationCharacterization_0#12,eval_MoTaTiZrHf-HEA-DDRX-900C_TEM_largeFOV-DislocationCharacterization_0,roma|direct|clahe|s0,roma,transform,10000.0,1294.0,508.873,0.1294,11839.508882987942,11873.1715905755,11839.508882987942,0.12296356870948937,1294.0
eval_MoTaTiZrHf-HEA-DDRX-900C_TEM_largeFOV-DislocationCharacterization_0#12,eval_MoTaTiZrHf-HEA-DDRX-900C_TEM_largeFOV-DislocationCharacterization_0,roma|direct|gradmag|s0,roma,transform,10000.0,1110.0,522.2,0.111,9970.41588616912,10004.078593756678,9970.41588616912,0.10499186871008465,1110.0
eval_MoTaTiZrHf-HEA-DDRX-900C_TEM_largeFOV-DislocationCharacterization_0#13,eval_MoTaTiZrHf-HEA-DDRX-900C_TEM_largeFOV-DislocationCharacterization_0,roma|direct|none|s0,roma,core,10000.0,1373.0,509.828,0.1373,12651.452572272732,12685.11527986029,12651.452572272732,0.13069364729017033,1373.0
eval_MoTaTiZrHf-HEA-DDRX-900C_TEM_largeFOV-DislocationCharacterization_0#13,eval_MoTaTiZrHf-HEA-DDRX-900C_TEM_largeFOV-DislocationCharacterization_0,roma|pyramid_v2|none|s0,roma,core,10000.0,1373.0,509.828,0.1373,12651.452572272732,12685.11527986029,12651.452572272732,0.13069364729017033,1373.0
eval_MoTaTiZrHf-HEA-DDRX-900C_TEM_largeFOV-DislocationCharacterization_0#13,eval_MoTaTiZrHf-HEA-DDRX-900C_TEM_largeFOV-DislocationCharacterization_0,roma|direct|invert|s0,roma,transform,10000.0,85.0,1589.292,0.0085,512.321673583481,545.9843811710396,512.321673583481,0.006879905952442005,85.0
eval_MoTaTiZrHf-HEA-DDRX-900C_TEM_largeFOV-DislocationCharacterization_0#13,eval_MoTaTiZrHf-HEA-DDRX-900C_TEM_largeFOV-DislocationCharacterization_0,roma|direct|histmatch|s0,roma,transform,10000.0,1323.0,506.753,0.1323,12136.93555459459,12170.598262182148,12136.93555459459,0.1258002861754433,1323.0
eval_MoTaTiZrHf-HEA-DDRX-900C_TEM_largeFOV-DislocationCharacterization_0#13,eval_MoTaTiZrHf-HEA-DDRX-900C_TEM_largeFOV-DislocationCharacterization_0,roma|direct|clahe|s0,roma,transform,10000.0,1035.0,506.392,0.1035,9218.142105988503,9251.804813576062,9218.142105988503,0.09768119795083596,1035.0
eval_MoTaTiZrHf-HEA-DDRX-900C_TEM_largeFOV-DislocationCharacterization_0#13,eval_MoTaTiZrHf-HEA-DDRX-900C_TEM_largeFOV-DislocationCharacterization_0,roma|direct|gradmag|s0,roma,transform,10000.0,1707.0,517.354,0.1707,16139.765199234116,16173.427906821675,16139.765199234116,0.16345248436568285,1707.0
eval_MoTaTiZrHf-HEA-DDRX-900C_TEM_largeFOV-DislocationCharacterization_0#14,eval_MoTaTiZrHf-HEA-DDRX-900C_TEM_largeFOV-DislocationCharacterization_0,roma|direct|none|s0,roma,core,10000.0,1549.0,20.637,0.1549,14478.935427813822,14512.59813540138,14478.935427813822,0.14794130864258875,1549.0
eval_MoTaTiZrHf-HEA-DDRX-900C_TEM_largeFOV-DislocationCharacterization_0#14,eval_MoTaTiZrHf-HEA-DDRX-900C_TEM_largeFOV-DislocationCharacterization_0,roma|pyramid_v2|none|s0,roma,core,10000.0,1549.0,20.637,0.1549,14478.935427813822,14512.59813540138,14478.935427813822,0.14794130864258875,1549.0
eval_MoTaTiZrHf-HEA-DDRX-900C_TEM_largeFOV-DislocationCharacterization_0#14,eval_MoTaTiZrHf-HEA-DDRX-900C_TEM_largeFOV-DislocationCharacterization_0,roma|direct|invert|s0,roma,transform,10000.0,310.0,1775.971,0.031,2354.4171380405055,2388.079845628064,2354.4171380405055,0.02777901285655552,310.0
eval_MoTaTiZrHf-HEA-DDRX-900C_TEM_largeFOV-DislocationCharacterization_0#14,eval_MoTaTiZrHf-HEA-DDRX-900C_TEM_largeFOV-DislocationCharacterization_0,roma|direct|histmatch|s0,roma,transform,10000.0,1489.0,21.622,0.1489,13853.154460020189,13886.817167607747,13853.154460020189,0.14205758556971831,1489.0
eval_MoTaTiZrHf-HEA-DDRX-900C_TEM_largeFOV-DislocationCharacterization_0#14,eval_MoTaTiZrHf-HEA-DDRX-900C_TEM_largeFOV-DislocationCharacterization_0,roma|direct|clahe|s0,roma,transform,10000.0,3248.0,19.562,0.3248,33127.5774029275,33161.24011051506,33127.5774029275,0.3156902795410928,3248.0
eval_MoTaTiZrHf-HEA-DDRX-900C_TEM_largeFOV-DislocationCharacterization_0#14,eval_MoTaTiZrHf-HEA-DDRX-900C_TEM_largeFOV-DislocationCharacterization_0,roma|direct|gradmag|s0,roma,transform,10000.0,1530.0,546.753,0.153,14280.469776677795,14314.132484265354,14280.469776677795,0.14607771855769536,1530.0
eval_MoTaTiZrHf-HEA-DDRX-900C_TEM_largeFOV-DislocationCharacterization_0#15,eval_MoTaTiZrHf-HEA-DDRX-900C_TEM_largeFOV-DislocationCharacterization_0,roma|direct|none|s0,roma,core,10000.0,1377.0,438.821,0.1377,12692.705955104137,12726.368662691695,12692.705955104137,0.13108524770141053,1377.0
eval_MoTaTiZrHf-HEA-DDRX-900C_TEM_largeFOV-DislocationCharacterization_0#15,eval_MoTaTiZrHf-HEA-DDRX-900C_TEM_largeFOV-DislocationCharacterization_0,roma|pyramid_v2|none|s0,roma,core,10000.0,1377.0,438.821,0.1377,12692.705955104137,12726.368662691695,12692.705955104137,0.13108524770141053,1377.0
eval_MoTaTiZrHf-HEA-DDRX-900C_TEM_largeFOV-DislocationCharacterization_0#15,eval_MoTaTiZrHf-HEA-DDRX-900C_TEM_largeFOV-DislocationCharacterization_0,roma|direct|invert|s0,roma,transform,10000.0,1879.0,23.284,0.1879,17967.782425358986,18001.445132946545,17967.782425358986,0.18036412561359144,1879.0
eval_MoTaTiZrHf-HEA-DDRX-900C_TEM_largeFOV-DislocationCharacterization_0#15,eval_MoTaTiZrHf-HEA-DDRX-900C_TEM_largeFOV-DislocationCharacterization_0,roma|direct|histmatch|s0,roma,transform,10000.0,1371.0,435.185,0.1371,12630.830942647135,12664.493650234694,12630.830942647135,0.13049785428319532,1371.0
eval_MoTaTiZrHf-HEA-DDRX-900C_TEM_largeFOV-DislocationCharacterization_0#15,eval_MoTaTiZrHf-HEA-DDRX-900C_TEM_largeFOV-DislocationCharacterization_0,roma|direct|clahe|s0,roma,transform,10000.0,1422.0,430.411,0.1422,13157.727113963116,13191.389821550674,13157.727113963116,0.1354920548900833,1422.0
eval_MoTaTiZrHf-HEA-DDRX-900C_TEM_largeFOV-DislocationCharacterization_0#15,eval_MoTaTiZrHf-HEA-DDRX-900C_TEM_largeFOV-DislocationCharacterization_0,roma|direct|gradmag|s0,roma,transform,10000.0,2343.0,413.472,0.2343,22992.55082864392,23026.21353623148,22992.55082864392,0.22610136180823018,2343.0
eval_MoTaTiZrHf-HEA-DDRX-900C_TEM_largeFOV-DislocationCharacterization_0#16,eval_MoTaTiZrHf-HEA-DDRX-900C_TEM_largeFOV-DislocationCharacterization_0,roma|direct|none|s0,roma,core,10000.0,1634.0,24.482,0.1634,15370.145607958733,15403.808315546292,15370.145607958733,0.1562829132034274,1634.0
eval_MoTaTiZrHf-HEA-DDRX-900C_TEM_largeFOV-DislocationCharacterization_0#16,eval_MoTaTiZrHf-HEA-DDRX-900C_TEM_largeFOV-DislocationCharacterization_0,roma|pyramid_v2|none|s0,roma,core,10000.0,1634.0,24.482,0.1634,15370.145607958733,15403.808315546292,15370.145607958733,0.1562829132034274,1634.0
eval_MoTaTiZrHf-HEA-DDRX-900C_TEM_largeFOV-DislocationCharacterization_0#16,eval_MoTaTiZrHf-HEA-DDRX-900C_TEM_largeFOV-DislocationCharacterization_0,roma|direct|invert|s0,roma,transform,10000.0,94.0,1943.335,0.0094,579.3469727764697,613.0096803640282,579.3469727764697,0.007688088248246493,94.0
eval_MoTaTiZrHf-HEA-DDRX-900C_TEM_largeFOV-DislocationCharacterization_0#16,eval_MoTaTiZrHf-HEA-DDRX-900C_TEM_largeFOV-DislocationCharacterization_0,roma|direct|histmatch|s0,roma,transform,10000.0,1718.0,27.26,0.1718,16256.064762321466,16289.727469909025,16256.064762321466,0.16453326158858123,1718.0
eval_MoTaTiZrHf-HEA-DDRX-900C_TEM_largeFOV-DislocationCharacterization_0#16,eval_MoTaTiZrHf-HEA-DDRX-900C_TEM_largeFOV-DislocationCharacterization_0,roma|direct|clahe|s0,roma,transform,10000.0,1384.0,24.722,0.1384,12764.931769103112,12798.59447669067,12764.931769103112,0.1317705944296222,1384.0
eval_MoTaTiZrHf-HEA-DDRX-900C_TEM_largeFOV-DislocationCharacterization_0#16,eval_MoTaTiZrHf-HEA-DDRX-900C_TEM_largeFOV-DislocationCharacterization_0,roma|direct|gradmag|s0,roma,transform,10000.0,2219.0,432.78,0.2219,21637.20319902881,21670.865906616367,21637.20319902881,0.21386352815979137,2219.0
eval_MoTaTiZrHf-HEA-DDRX-900C_TEM_largeFOV-DislocationCharacterization_0#17,eval_MoTaTiZrHf-HEA-DDRX-900C_TEM_largeFOV-DislocationCharacterization_0,roma|direct|none|s0,roma,core,10000.0,2105.0,26.142,0.2105,20399.0079176123,20432.67062519986,20399.0079176123,0.20262186521568673,2105.0
eval_MoTaTiZrHf-HEA-DDRX-900C_TEM_largeFOV-DislocationCharacterization_0#17,eval_MoTaTiZrHf-HEA-DDRX-900C_TEM_largeFOV-DislocationCharacterization_0,roma|pyramid_v2|none|s0,roma,core,10000.0,2105.0,26.142,0.2105,20399.0079176123,20432.67062519986,20399.0079176123,0.20262186521568673,2105.0
eval_MoTaTiZrHf-HEA-DDRX-900C_TEM_largeFOV-DislocationCharacterization_0#17,eval_MoTaTiZrHf-HEA-DDRX-900C_TEM_largeFOV-DislocationCharacterization_0,roma|direct|invert|s0,roma,transform,10000.0,106.0,391.654,0.0106,670.048775372649,703.7114829602075,670.048775372649,0.008772350992874956,106.0
eval_MoTaTiZrHf-HEA-DDRX-900C_TEM_largeFOV-DislocationCharacterization_0#17,eval_MoTaTiZrHf-HEA-DDRX-900C_TEM_largeFOV-DislocationCharacterization_0,roma|direct|histmatch|s0,roma,transform,10000.0,2172.0,24.264,0.2172,21125.79116789705,21159.453875484607,21125.79116789705,0.20922770411795022,2172.0
eval_MoTaTiZrHf-HEA-DDRX-900C_TEM_largeFOV-DislocationCharacterization_0#17,eval_MoTaTiZrHf-HEA-DDRX-900C_TEM_largeFOV-DislocationCharacterization_0,roma|direct|clahe|s0,roma,transform,10000.0,2680.0,21.966,0.268,26718.50002826176,26752.162735849317,26718.50002826176,0.2594092718998606,2680.0
eval_MoTaTiZrHf-HEA-DDRX-900C_TEM_largeFOV-DislocationCharacterization_0#17,eval_MoTaTiZrHf-HEA-DDRX-900C_TEM_largeFOV-DislocationCharacterization_0,roma|direct|gradmag|s0,roma,transform,10000.0,1404.0,424.69,0.1404,12971.516999730913,13005.179707318472,12971.516999730913,0.13372904758446755,1404.0
eval_TRIP1-Bainitic_LOM_SEM_EBSD_Multiscale_0#0,eval_TRIP1-Bainitic_LOM_SEM_EBSD_Multiscale_0,roma|direct|none|s0,roma,core,10000.0,9998.0,1.399,0.9998,100226.22356257483,100259.88627016239,116807.4500270013,0.9992710041559925,9998.0
eval_TRIP1-Bainitic_LOM_SEM_EBSD_Multiscale_0#0,eval_TRIP1-Bainitic_LOM_SEM_EBSD_Multiscale_0,roma|pyramid_v2|none|s0,roma,core,10000.0,9998.0,1.399,0.9998,100226.22356257483,100259.88627016239,116807.4500270013,0.9992710041559925,9998.0
eval_TRIP1-Bainitic_LOM_SEM_EBSD_Multiscale_0#0,eval_TRIP1-Bainitic_LOM_SEM_EBSD_Multiscale_0,roma|direct|invert|s0,roma,transform,10000.0,9991.0,1.305,0.9991,100103.6552985356,100137.31800612315,116673.27233283508,0.9982902698869756,9991.0
eval_TRIP1-Bainitic_LOM_SEM_EBSD_Multiscale_0#0,eval_TRIP1-Bainitic_LOM_SEM_EBSD_Multiscale_0,roma|direct|histmatch|s0,roma,transform,10000.0,9998.0,1.378,0.9998,100226.22356257483,100259.88627016239,116807.4500270013,0.9992710041559925,9998.0
eval_TRIP1-Bainitic_LOM_SEM_EBSD_Multiscale_0#0,eval_TRIP1-Bainitic_LOM_SEM_EBSD_Multiscale_0,roma|direct|clahe|s0,roma,transform,10000.0,9992.0,1.389,0.9992,100120.69733726012,100154.36004484768,116691.97286157771,0.9984220497466133,9992.0
eval_TRIP1-Bainitic_LOM_SEM_EBSD_Multiscale_0#0,eval_TRIP1-Bainitic_LOM_SEM_EBSD_Multiscale_0,roma|direct|gradmag|s0,roma,transform,10000.0,9996.0,1.282,0.9996,100190.22884204557,100223.89154963313,116768.13832643573,0.9989718716646431,9996.0
eval_TRIP1-Bainitic_LOM_SEM_EBSD_Multiscale_0#1,eval_TRIP1-Bainitic_LOM_SEM_EBSD_Multiscale_0,roma|direct|none|s0,roma,core,10000.0,9795.0,1.899,0.9795,97211.7006970555,97245.36340464305,97860.54087436112,0.9765329796614527,9795.0
eval_TRIP1-Bainitic_LOM_SEM_EBSD_Multiscale_0#1,eval_TRIP1-Bainitic_LOM_SEM_EBSD_Multiscale_0,roma|pyramid_v2|none|s0,roma,core,10000.0,9795.0,1.899,0.9795,97211.7006970555,97245.36340464305,97860.54087436112,0.9765329796614527,9795.0
eval_TRIP1-Bainitic_LOM_SEM_EBSD_Multiscale_0#1,eval_TRIP1-Bainitic_LOM_SEM_EBSD_Multiscale_0,roma|direct|invert|s0,roma,transform,10000.0,9782.0,2.442,0.9782,97031.49070240912,97065.15340999668,97679.46969651112,0.9751489005590384,9782.0
eval_TRIP1-Bainitic_LOM_SEM_EBSD_Multiscale_0#1,eval_TRIP1-Bainitic_LOM_SEM_EBSD_Multiscale_0,roma|direct|histmatch|s0,roma,transform,10000.0,9838.0,1.91,0.9838,97814.08517091464,97847.7478785022,98465.77387727854,0.9811333929583878,9838.0
eval_TRIP1-Bainitic_LOM_SEM_EBSD_Multiscale_0#1,eval_TRIP1-Bainitic_LOM_SEM_EBSD_Multiscale_0,roma|direct|clahe|s0,roma,transform,10000.0,9786.0,1.931,0.9786,97086.85350565145,97120.51621323901,97735.0974792007,0.9755744786094125,9786.0
eval_TRIP1-Bainitic_LOM_SEM_EBSD_Multiscale_0#1,eval_TRIP1-Bainitic_LOM_SEM_EBSD_Multiscale_0,roma|direct|gradmag|s0,roma,transform,10000.0,8470.0,2.72,0.847,80644.25846117733,80677.9211687649,81205.32419663353,0.8398112236884459,8470.0
eval_TRIP1-Bainitic_LOM_SEM_EBSD_Multiscale_0#2,eval_TRIP1-Bainitic_LOM_SEM_EBSD_Multiscale_0,roma|direct|none|s0,roma,core,10000.0,5378.0,10.426,0.5378,47008.58996221278,47042.25266980034,46916.217464691435,0.5280155753877788,5378.0
eval_TRIP1-Bainitic_LOM_SEM_EBSD_Multiscale_0#2,eval_TRIP1-Bainitic_LOM_SEM_EBSD_Multiscale_0,roma|pyramid_v2|none|s0,roma,core,10000.0,5378.0,10.426,0.5378,47008.58996221278,47042.25266980034,46916.217464691435,0.5280155753877788,5378.0
eval_TRIP1-Bainitic_LOM_SEM_EBSD_Multiscale_0#2,eval_TRIP1-Bainitic_LOM_SEM_EBSD_Multiscale_0,roma|direct|invert|s0,roma,transform,10000.0,5400.0,9.406,0.54,47232.67366704365,47266.33637463121,47139.923266421836,0.5302180935310257,5400.0
eval_TRIP1-Bainitic_LOM_SEM_EBSD_Multiscale_0#2,eval_TRIP1-Bainitic_LOM_SEM_EBSD_Multiscale_0,roma|direct|histmatch|s0,roma,transform,10000.0,5217.0,10.754,0.5217,45374.62311540649,45408.28582299405,45285.01618148254,0.5119029573555333,5217.0
eval_TRIP1-Bainitic_LOM_SEM_EBSD_Multiscale_0#2,eval_TRIP1-Bainitic_LOM_SEM_EBSD_Multiscale_0,roma|direct|clahe|s0,roma,transform,10000.0,5251.0,9.839,0.5251,45718.81812616562,45752.48083375318,45628.62716017785,0.515304772095365,5251.0
eval_TRIP1-Bainitic_LOM_SEM_EBSD_Multiscale_0#2,eval_TRIP1-Bainitic_LOM_SEM_EBSD_Multiscale_0,roma|direct|gradmag|s0,roma,transform,10000.0,5293.0,10.004,0.5293,46144.640187601784,46178.30289518934,46053.72777024088,0.5195076415230886,5293.0
eval_TRIP1-Bainitic_LOM_SEM_EBSD_Multiscale_0#3,eval_TRIP1-Bainitic_LOM_SEM_EBSD_Multiscale_0,roma|direct|none|s0,roma,core,10000.0,302.0,687.809,0.0302,2145.6534261610586,2179.316133748617,1925.874770730661,0.027021969174996986,302.0
eval_TRIP1-Bainitic_LOM_SEM_EBSD_Multiscale_0#3,eval_TRIP1-Bainitic_LOM_SEM_EBSD_Multiscale_0,roma|pyramid_v2|none|s0,roma,core,10000.0,784.0,1138.502,0.0784,6385.749562056215,6419.4122696437735,5815.055540738741,0.07329203481457598,784.0
eval_TRIP1-Bainitic_LOM_SEM_EBSD_Multiscale_0#3,eval_TRIP1-Bainitic_LOM_SEM_EBSD_Multiscale_0,roma|direct|invert|s0,roma,transform,10000.0,201.0,836.856,0.0201,1335.0321203038725,1368.694827891431,1188.7854125757133,0.017527981217395204,201.0
eval_TRIP1-Bainitic_LOM_SEM_EBSD_Multiscale_0#3,eval_TRIP1-Bainitic_LOM_SEM_EBSD_Multiscale_0,roma|direct|histmatch|s0,roma,transform,10000.0,198.0,1168.692,0.0198,1311.643266226613,1345.3059738141715,1167.5806734505054,0.01724822590054425,198.0
eval_TRIP1-Bainitic_LOM_SEM_EBSD_Multiscale_0#3,eval_TRIP1-Bainitic_LOM_SEM_EBSD_Multiscale_0,roma|direct|clahe|s0,roma,transform,10000.0,173.0,1314.913,0.0173,1118.6046917118235,1152.267399299382,992.7430478556482,0.014923598454330068,173.0
eval_TRIP1-Bainitic_LOM_SEM_EBSD_Multiscale_0#3,eval_TRIP1-Bainitic_LOM_SEM_EBSD_Multiscale_0,roma|direct|gradmag|s0,roma,transform,10000.0,147.0,1773.691,0.0147,921.7546613759907,955.4173689635493,814.8219810866085,0.012520656667208162,147.0
eval_TRIP1-Bainitic_LOM_SEM_EBSD_Multiscale_0#4,eval_TRIP1-Bainitic_LOM_SEM_EBSD_Multiscale_0,roma|direct|none|s0,roma,core,10000.0,933.0,718.32,0.0933,7774.742832252913,7808.405539840472,7095.989007626378,0.0877545255204817,933.0
eval_TRIP1-Bainitic_LOM_SEM_EBSD_Multiscale_0#4,eval_TRIP1-Bainitic_LOM_SEM_EBSD_Multiscale_0,roma|pyramid_v2|none|s0,roma,core,10000.0,933.0,718.32,0.0933,7774.742832252913,7808.405539840472,7095.989007626378,0.0877545255204817,933.0
eval_TRIP1-Bainitic_LOM_SEM_EBSD_Multiscale_0#4,eval_TRIP1-Bainitic_LOM_SEM_EBSD_Multiscale_0,roma|direct|invert|s0,roma,transform,10000.0,177.0,932.07,0.0177,1149.2570853482223,1182.9197929357808,1020.5625692041895,0.015294687360053223,177.0
eval_TRIP1-Bainitic_LOM_SEM_EBSD_Multiscale_0#4,eval_TRIP1-Bainitic_LOM_SEM_EBSD_Multiscale_0,roma|direct|histmatch|s0,roma,transform,10000.0,329.0,693.34,0.0329,2368.8170427082646,2402.479750295823,2129.528741999718,0.029579354960203693,329.0
eval_TRIP1-Bainitic_LOM_SEM_EBSD_Multiscale_0#4,eval_TRIP1-Bainitic_LOM_SEM_EBSD_Multiscale_0,roma|direct|clahe|s0,roma,transform,10000.0,245.0,703.148,0.0245,1682.9915720841027,1716.6542796716612,1504.8209247198226,0.02164766048220529,245.0
eval_TRIP1-Bainitic_LOM_SEM_EBSD_Multiscale_0#4,eval_TRIP1-Bainitic_LOM_SEM_EBSD_Multiscale_0,roma|direct|gradmag|s0,roma,transform,10000.0,90.0,1271.439,0.009,507.983199686851,541.6459072744095,442.58872317521013,0.007328320093401381,90.0
eval_TRIP1-Bainitic_LOM_SEM_EBSD_Multiscale_0#5,eval_TRIP1-Bainitic_LOM_SEM_EBSD_Multiscale_0,roma|direct|none|s0,roma,core,10000.0,224.0,978.472,0.0224,1515.8146445562404,1549.477352143799,1352.4211990291922,0.019677795589832164,224.0
eval_TRIP1-Bainitic_LOM_SEM_EBSD_Multiscale_0#5,eval_TRIP1-Bainitic_LOM_SEM_EBSD_Multiscale_0,roma|pyramid_v2|none|s0,roma,core,10000.0,161.0,730.039,0.0161,1027.21944765119,1060.8821552387485,909.8055089823757,0.013812485972864772,161.0
eval_TRIP1-Bainitic_LOM_SEM_EBSD_Multiscale_0#5,eval_TRIP1-Bainitic_LOM_SEM_EBSD_Multiscale_0,roma|direct|invert|s0,roma,transform,10000.0,66.0,13089.986,0.0066,343.7067910146954,377.36949860225394,295.62647319569487,0.005191478817931517,66.0
eval_TRIP1-Bainitic_LOM_SEM_EBSD_Multiscale_0#5,eval_TRIP1-Bainitic_LOM_SEM_EBSD_Multiscale_0,roma|direct|histmatch|s0,roma,transform,10000.0,102.0,3670.996,0.0102,592.6597626926446,626.3224702802031,518.3058237349824,0.008410152377830622,102.0
eval_TRIP1-Bainitic_LOM_SEM_EBSD_Multiscale_0#5,eval_TRIP1-Bainitic_LOM_SEM_EBSD_Multiscale_0,roma|direct|clahe|s0,roma,transform,10000.0,180.0,570.815,0.018,1172.3067190465629,1205.9694266341214,1041.0259564292114,0.015573227249600538,180.0
eval_TRIP1-Bainitic_LOM_SEM_EBSD_Multiscale_0#5,eval_TRIP1-Bainitic_LOM_SEM_EBSD_Multiscale_0,roma|direct|gradmag|s0,roma,transform,10000.0,88.0,1126.85,0.0088,494.02120832126457,527.6839159088231,429.8848341286604,0.007148775894213397,88.0
eval_TRIP1-Bainitic_LOM_SEM_EBSD_Multiscale_0#6,eval_TRIP1-Bainitic_LOM_SEM_EBSD_Multiscale_0,roma|direct|none|s0,roma,core,10000.0,68.0,546.369,0.0068,357.1001179044445,390.76282549200306,307.56016740974746,0.005367876155841786,68.0
eval_TRIP1-Bainitic_LOM_SEM_EBSD_Multiscale_0#6,eval_TRIP1-Bainitic_LOM_SEM_EBSD_Multiscale_0,roma|pyramid_v2|none|s0,roma,core,10000.0,2257.0,1055.485,0.2257,21011.0887991593,21044.75150674686,19363.93928909219,0.21761274497886685,2257.0
eval_TRIP1-Bainitic_LOM_SEM_EBSD_Multiscale_0#6,eval_TRIP1-Bainitic_LOM_SEM_EBSD_Multiscale_0,roma|direct|invert|s0,roma,transform,10000.0,407.0,513.539,0.0407,3025.802184947195,3059.4648925347537,2728.848945998618,0.03700032210807924,407.0
eval_TRIP1-Bainitic_LOM_SEM_EBSD_Multiscale_0#6,eval_TRIP1-Bainitic_LOM_SEM_EBSD_Multiscale_0,roma|direct|histmatch|s0,roma,transform,10000.0,114.0,553.511,0.0114,678.7589446247466,712.4216522123052,595.6470662173987,0.009498871053053342,114.0
eval_TRIP1-Bainitic_LOM_SEM_EBSD_Multiscale_0#6,eval_TRIP1-Bainitic_LOM_SEM_EBSD_Multiscale_0,roma|direct|clahe|s0,roma,transform,10000.0,320.0,702.094,0.032,2294.165608093222,2327.8283156807806,2060.7080342381,0.0287261580441765,320.0
eval_TRIP1-Bainitic_LOM_SEM_EBSD_Multiscale_0#6,eval_TRIP1-Bainitic_LOM_SEM_EBSD_Multiscale_0,roma|direct|gradmag|s0,roma,transform,10000.0,99.0,780.968,0.0099,571.3507050075935,605.0134125951521,499.18624747344757,0.008139001221781109,99.0
eval_Ta-AM-Spalled_SEM-BSE_EBSD_SameSliceSerialSectioning_0#0,eval_Ta-AM-Spalled_SEM-BSE_EBSD_SameSliceSerialSectioning_0,roma|direct|none|s0,roma,core,10000.0,714.0,86.021,0.0714,6313.6410265613895,6347.303734148948,3500.8930967932333,0.06651612030545832,714.0
eval_Ta-AM-Spalled_SEM-BSE_EBSD_SameSliceSerialSectioning_0#0,eval_Ta-AM-Spalled_SEM-BSE_EBSD_SameSliceSerialSectioning_0,roma|pyramid_v2|none|s0,roma,core,10000.0,714.0,86.021,0.0714,6313.6410265613895,6347.303734148948,3500.8930967932333,0.06651612030545832,714.0
eval_Ta-AM-Spalled_SEM-BSE_EBSD_SameSliceSerialSectioning_0#0,eval_Ta-AM-Spalled_SEM-BSE_EBSD_SameSliceSerialSectioning_0,roma|direct|invert|s0,roma,transform,10000.0,187.0,1352.933,0.0187,1375.5690120280112,1409.2317196155698,640.2957349248849,0.016223869902920362,187.0
eval_Ta-AM-Spalled_SEM-BSE_EBSD_SameSliceSerialSectioning_0#0,eval_Ta-AM-Spalled_SEM-BSE_EBSD_SameSliceSerialSectioning_0,roma|direct|histmatch|s0,roma,transform,10000.0,322.0,768.206,0.0322,2567.8209713480855,2601.483678935644,1300.36962827373,0.02891569575526514,322.0
eval_Ta-AM-Spalled_SEM-BSE_EBSD_SameSliceSerialSectioning_0#0,eval_Ta-AM-Spalled_SEM-BSE_EBSD_SameSliceSerialSectioning_0,roma|direct|clahe|s0,roma,transform,10000.0,553.0,118.328,0.0553,4737.260910530545,4770.923618118103,2559.1889226117437,0.05098858060189775,553.0
eval_Ta-AM-Spalled_SEM-BSE_EBSD_SameSliceSerialSectioning_0#0,eval_Ta-AM-Spalled_SEM-BSE_EBSD_SameSliceSerialSectioning_0,roma|direct|gradmag|s0,roma,transform,10000.0,248.0,422.296,0.0248,1905.0235621506868,1938.6862697382453,929.2852169666671,0.021929562215162172,248.0
eval_Ta-AM-Spalled_SEM-BSE_EBSD_SameSliceSerialSectioning_0#1,eval_Ta-AM-Spalled_SEM-BSE_EBSD_SameSliceSerialSectioning_0,roma|direct|none|s0,roma,core,10000.0,221.0,124.561,0.0221,1668.526726671934,1702.1894342594926,799.2239103169218,0.019396907149743604,221.0
eval_Ta-AM-Spalled_SEM-BSE_EBSD_SameSliceSerialSectioning_0#1,eval_Ta-AM-Spalled_SEM-BSE_EBSD_SameSliceSerialSectioning_0,roma|pyramid_v2|none|s0,roma,core,10000.0,221.0,124.561,0.0221,1668.526726671934,1702.1894342594926,799.2239103169218,0.019396907149743604,221.0
eval_Ta-AM-Spalled_SEM-BSE_EBSD_SameSliceSerialSectioning_0#1,eval_Ta-AM-Spalled_SEM-BSE_EBSD_SameSliceSerialSectioning_0,roma|direct|invert|s0,roma,transform,10000.0,379.0,1532.131,0.0379,3090.610250028676,3124.2729576162346,1598.4605866211698,0.03433132150249827,379.0
eval_Ta-AM-Spalled_SEM-BSE_EBSD_SameSliceSerialSectioning_0#1,eval_Ta-AM-Spalled_SEM-BSE_EBSD_SameSliceSerialSectioning_0,roma|direct|histmatch|s0,roma,transform,10000.0,115.0,147.853,0.0115,777.7812043080817,811.4439118956402,326.3321247611213,0.009589873754053872,115.0
eval_Ta-AM-Spalled_SEM-BSE_EBSD_SameSliceSerialSectioning_0#1,eval_Ta-AM-Spalled_SEM-BSE_EBSD_SameSliceSerialSectioning_0,roma|direct|clahe|s0,roma,transform,10000.0,610.0,190.778,0.061,5290.29518250418,5323.957890091739,2887.524305604484,0.0564756593148203,610.0
eval_Ta-AM-Spalled_SEM-BSE_EBSD_SameSliceSerialSectioning_0#1,eval_Ta-AM-Spalled_SEM-BSE_EBSD_SameSliceSerialSectioning_0,roma|direct|gradmag|s0,roma,transform,10000.0,192.0,910.191,0.0192,1418.2815396892506,1451.9442472768092,663.2980710760689,0.016689204655312168,192.0
eval_Ta-AM-Spalled_SEM-BSE_EBSD_SameSliceSerialSectioning_0#2,eval_Ta-AM-Spalled_SEM-BSE_EBSD_SameSliceSerialSectioning_0,roma|direct|none|s0,roma,core,10000.0,791.0,105.712,0.0791,7081.965292920935,7115.628000508494,3965.6765833725267,0.07397033122667958,791.0
eval_Ta-AM-Spalled_SEM-BSE_EBSD_SameSliceSerialSectioning_0#2,eval_Ta-AM-Spalled_SEM-BSE_EBSD_SameSliceSerialSectioning_0,roma|pyramid_v2|none|s0,roma,core,10000.0,791.0,105.712,0.0791,7081.965292920935,7115.628000508494,3965.6765833725267,0.07397033122667958,791.0
eval_Ta-AM-Spalled_SEM-BSE_EBSD_SameSliceSerialSectioning_0#2,eval_Ta-AM-Spalled_SEM-BSE_EBSD_SameSliceSerialSectioning_0,roma|direct|invert|s0,roma,transform,10000.0,756.0,183.729,0.0756,6731.672492061657,6765.335199649216,3753.3568707996374,0.07058009839494228,756.0
eval_Ta-AM-Spalled_SEM-BSE_EBSD_SameSliceSerialSectioning_0#2,eval_Ta-AM-Spalled_SEM-BSE_EBSD_SameSliceSerialSectioning_0,roma|direct|histmatch|s0,roma,transform,10000.0,753.0,86.363,0.0753,6701.727876486852,6735.390584074411,3735.238519452112,0.07028965503084275,753.0
eval_Ta-AM-Spalled_SEM-BSE_EBSD_SameSliceSerialSectioning_0#2,eval_Ta-AM-Spalled_SEM-BSE_EBSD_SameSliceSerialSectioning_0,roma|direct|clahe|s0,roma,transform,10000.0,1047.0,65.978,0.1047,9691.472496952976,9725.135204540535,5566.008971804124,0.09885027422372604,1047.0
eval_Ta-AM-Spalled_SEM-BSE_EBSD_SameSliceSerialSectioning_0#2,eval_Ta-AM-Spalled_SEM-BSE_EBSD_SameSliceSerialSectioning_0,roma|direct|gradmag|s0,roma,transform,10000.0,1377.0,80.548,0.1377,13157.450284269607,13191.112991857166,7731.097024881626,0.13108524770141053,1377.0
eval_Ta-AM-Spalled_SEM-BSE_EBSD_SameSliceSerialSectioning_1#0,eval_Ta-AM-Spalled_SEM-BSE_EBSD_SameSliceSerialSectioning_1,roma|direct|none|s0,roma,core,10000.0,923.0,83.278,0.0923,8417.674604914524,8451.337312502083,4751.13588319778,0.08678238959271947,923.0
eval_Ta-AM-Spalled_SEM-BSE_EBSD_SameSliceSerialSectioning_1#0,eval_Ta-AM-Spalled_SEM-BSE_EBSD_SameSliceSerialSectioning_1,roma|pyramid_v2|none|s0,roma,core,10000.0,923.0,83.278,0.0923,8417.674604914524,8451.337312502083,4751.13588319778,0.08678238959271947,923.0
eval_Ta-AM-Spalled_SEM-BSE_EBSD_SameSliceSerialSectioning_1#0,eval_Ta-AM-Spalled_SEM-BSE_EBSD_SameSliceSerialSectioning_1,roma|direct|invert|s0,roma,transform,10000.0,539.0,1228.152,0.0539,4602.356507105005,4636.019214692564,2462.0431060697556,0.04964284138359743,539.0
eval_Ta-AM-Spalled_SEM-BSE_EBSD_SameSliceSerialSectioning_1#0,eval_Ta-AM-Spalled_SEM-BSE_EBSD_SameSliceSerialSectioning_1,roma|direct|histmatch|s0,roma,transform,10000.0,1042.0,203.688,0.1042,9639.78019738845,9673.44290497601,5500.270380346599,0.09836312906239922,1042.0
eval_Ta-AM-Spalled_SEM-BSE_EBSD_SameSliceSerialSectioning_1#0,eval_Ta-AM-Spalled_SEM-BSE_EBSD_SameSliceSerialSectioning_1,roma|direct|clahe|s0,roma,transform,10000.0,876.0,86.553,0.0876,7939.547819143092,7973.210526730651,4459.812789081821,0.08221610289384985,876.0
eval_Ta-AM-Spalled_SEM-BSE_EBSD_SameSliceSerialSectioning_1#0,eval_Ta-AM-Spalled_SEM-BSE_EBSD_SameSliceSerialSectioning_1,roma|direct|gradmag|s0,roma,transform,10000.0,462.0,449.345,0.0462,3867.5190422872283,3901.181749874787,2033.2453098254982,0.0422570422586087,462.0
eval_Ta-AM-Spalled_SEM-BSE_EBSD_SameSliceSerialSectioning_1#1,eval_Ta-AM-Spalled_SEM-BSE_EBSD_SameSliceSerialSectioning_1,roma|direct|none|s0,roma,core,10000.0,948.0,80.201,0.0948,8673.07904563954,8706.7417532271,4907.176653517391,0.0892131013003006,948.0
eval_Ta-AM-Spalled_SEM-BSE_EBSD_SameSliceSerialSectioning_1#1,eval_Ta-AM-Spalled_SEM-BSE_EBSD_SameSliceSerialSectioning_1,roma|pyramid_v2|none|s0,roma,core,10000.0,948.0,80.201,0.0948,8673.07904563954,8706.7417532271,4907.176653517391,0.0892131013003006,948.0
eval_Ta-AM-Spalled_SEM-BSE_EBSD_SameSliceSerialSectioning_1#1,eval_Ta-AM-Spalled_SEM-BSE_EBSD_SameSliceSerialSectioning_1,roma|direct|invert|s0,roma,transform,10000.0,604.0,79.713,0.0604,5231.8051263186,5265.467833906158,2833.146429485758,0.05589749864483998,604.0
eval_Ta-AM-Spalled_SEM-BSE_EBSD_SameSliceSerialSectioning_1#1,eval_Ta-AM-Spalled_SEM-BSE_EBSD_SameSliceSerialSectioning_1,roma|direct|histmatch|s0,roma,transform,10000.0,1923.0,91.112,0.1923,19087.613603710914,19121.276311298472,11446.526923038338,0.18469437092597596,1923.0
eval_Ta-AM-Spalled_SEM-BSE_EBSD_SameSliceSerialSectioning_1#1,eval_Ta-AM-Spalled_SEM-BSE_EBSD_SameSliceSerialSectioning_1,roma|direct|clahe|s0,roma,transform,10000.0,761.0,148.468,0.0761,6781.608762672696,6815.271470260254,3758.9465354607905,0.0710642235407037,761.0
eval_Ta-AM-Spalled_SEM-BSE_EBSD_SameSliceSerialSectioning_1#1,eval_Ta-AM-Spalled_SEM-BSE_EBSD_SameSliceSerialSectioning_1,roma|direct|gradmag|s0,roma,transform,10000.0,254.0,68.331,0.0254,1957.9988632946224,1991.661570882181,950.4278416708023,0.022493713338593437,254.0
eval_Ta-AM-Spalled_SEM-BSE_EBSD_SameSliceSerialSectioning_1#2,eval_Ta-AM-Spalled_SEM-BSE_EBSD_SameSliceSerialSectioning_1,roma|direct|none|s0,roma,core,10000.0,638.0,100.236,0.0638,5564.070051365596,5597.732758953154,3030.2768601548987,0.059175411817862796,638.0
eval_Ta-AM-Spalled_SEM-BSE_EBSD_SameSliceSerialSectioning_1#2,eval_Ta-AM-Spalled_SEM-BSE_EBSD_SameSliceSerialSectioning_1,roma|pyramid_v2|none|s0,roma,core,10000.0,638.0,100.236,0.0638,5564.070051365596,5597.732758953154,3030.2768601548987,0.059175411817862796,638.0
eval_Ta-AM-Spalled_SEM-BSE_EBSD_SameSliceSerialSectioning_1#2,eval_Ta-AM-Spalled_SEM-BSE_EBSD_SameSliceSerialSectioning_1,roma|direct|invert|s0,roma,transform,10000.0,1296.0,108.261,0.1296,12297.40280650504,12331.0655140926,7148.3578966004425,0.12315916980438535,1296.0
eval_Ta-AM-Spalled_SEM-BSE_EBSD_SameSliceSerialSectioning_1#2,eval_Ta-AM-Spalled_SEM-BSE_EBSD_SameSliceSerialSectioning_1,roma|direct|histmatch|s0,roma,transform,10000.0,560.0,103.882,0.056,4804.854251969245,4838.516959556803,2581.0754576718746,0.051661752823658105,560.0
eval_Ta-AM-Spalled_SEM-BSE_EBSD_SameSliceSerialSectioning_1#2,eval_Ta-AM-Spalled_SEM-BSE_EBSD_SameSliceSerialSectioning_1,roma|direct|clahe|s0,roma,transform,10000.0,764.0,65.196,0.0764,6811.587595966775,6845.250303554333,3777.0017317207285,0.07135473014135223,764.0
eval_Ta-AM-Spalled_SEM-BSE_EBSD_SameSliceSerialSectioning_1#2,eval_Ta-AM-Spalled_SEM-BSE_EBSD_SameSliceSerialSectioning_1,roma|direct|gradmag|s0,roma,transform,10000.0,1043.0,89.412,0.1043,9650.116519206327,9683.779226793886,5506.632154909019,0.0984605546722847,1043.0
eval_Ta-AM-Spalled_SEM-BSE_EBSD_SameSliceSerialSectioning_2#0,eval_Ta-AM-Spalled_SEM-BSE_EBSD_SameSliceSerialSectioning_2,roma|direct|none|s0,roma,core,10000.0,354.0,704.312,0.0354,2860.138172237252,2893.8008798248106,1455.1144369986382,0.03195291815893721,354.0
eval_Ta-AM-Spalled_SEM-BSE_EBSD_SameSliceSerialSectioning_2#0,eval_Ta-AM-Spalled_SEM-BSE_EBSD_SameSliceSerialSectioning_2,roma|pyramid_v2|none|s0,roma,core,10000.0,354.0,704.312,0.0354,2860.138172237252,2893.8008798248106,1455.1144369986382,0.03195291815893721,354.0
eval_Ta-AM-Spalled_SEM-BSE_EBSD_SameSliceSerialSectioning_2#0,eval_Ta-AM-Spalled_SEM-BSE_EBSD_SameSliceSerialSectioning_2,roma|direct|invert|s0,roma,transform,10000.0,97.0,1273.184,0.0097,634.6093372220395,668.272044809598,251.0299526671567,0.007958481396960246,97.0
eval_Ta-AM-Spalled_SEM-BSE_EBSD_SameSliceSerialSectioning_2#0,eval_Ta-AM-Spalled_SEM-BSE_EBSD_SameSliceSerialSectioning_2,roma|direct|histmatch|s0,roma,transform,10000.0,314.0,280.245,0.0314,2495.242657909553,2528.9053654971117,1249.2001757679966,0.028157760928494462,314.0
eval_Ta-AM-Spalled_SEM-BSE_EBSD_SameSliceSerialSectioning_2#0,eval_Ta-AM-Spalled_SEM-BSE_EBSD_SameSliceSerialSectioning_2,roma|direct|clahe|s0,roma,transform,10000.0,557.0,132.026,0.0557,4775.874272895303,4809.5369804828615,2564.0191068402564,0.05137322611668912,557.0
eval_Ta-AM-Spalled_SEM-BSE_EBSD_SameSliceSerialSectioning_2#0,eval_Ta-AM-Spalled_SEM-BSE_EBSD_SameSliceSerialSectioning_2,roma|direct|gradmag|s0,roma,transform,10000.0,650.0,253.393,0.065,5681.806871328739,5715.469578916298,3100.3191483443184,0.06033326197917361,650.0
eval_Ta-AM-Spalled_SEM-BSE_EBSD_SameSliceSerialSectioning_2#1,eval_Ta-AM-Spalled_SEM-BSE_EBSD_SameSliceSerialSectioning_2,roma|direct|none|s0,roma,core,10000.0,492.0,757.729,0.0492,4152.328551019789,4185.991258607348,2198.8186067462843,0.045131271500572244,492.0
eval_Ta-AM-Spalled_SEM-BSE_EBSD_SameSliceSerialSectioning_2#1,eval_Ta-AM-Spalled_SEM-BSE_EBSD_SameSliceSerialSectioning_2,roma|pyramid_v2|none|s0,roma,core,10000.0,492.0,757.729,0.0492,4152.328551019789,4185.991258607348,2198.8186067462843,0.045131271500572244,492.0
eval_Ta-AM-Spalled_SEM-BSE_EBSD_SameSliceSerialSectioning_2#1,eval_Ta-AM-Spalled_SEM-BSE_EBSD_SameSliceSerialSectioning_2,roma|direct|invert|s0,roma,transform,10000.0,635.0,378.683,0.0635,5534.673325274147,5568.3360328617055,3012.8037666698647,0.05888602413178547,635.0
eval_Ta-AM-Spalled_SEM-BSE_EBSD_SameSliceSerialSectioning_2#1,eval_Ta-AM-Spalled_SEM-BSE_EBSD_SameSliceSerialSectioning_2,roma|direct|histmatch|s0,roma,transform,10000.0,219.0,579.539,0.0219,1651.1376914577243,1684.8003990452828,782.6746463584733,0.01920972462624364,219.0
eval_Ta-AM-Spalled_SEM-BSE_EBSD_SameSliceSerialSectioning_2#1,eval_Ta-AM-Spalled_SEM-BSE_EBSD_SameSliceSerialSectioning_2,roma|direct|clahe|s0,roma,transform,10000.0,555.0,356.509,0.0555,4756.563779605934,4790.226487193492,2552.657698931847,0.05118089521628428,555.0
eval_Ta-AM-Spalled_SEM-BSE_EBSD_SameSliceSerialSectioning_2#1,eval_Ta-AM-Spalled_SEM-BSE_EBSD_SameSliceSerialSectioning_2,roma|direct|gradmag|s0,roma,transform,10000.0,621.0,347.035,0.0621,5397.689651977976,5431.352359565534,2931.4637103379505,0.05753595265242093,621.0
eval_Ta-AM-Spalled_SEM-BSE_EBSD_SameSliceSerialSectioning_2#2,eval_Ta-AM-Spalled_SEM-BSE_EBSD_SameSliceSerialSectioning_2,roma|direct|none|s0,roma,core,10000.0,811.0,65.792,0.0811,7282.891743476815,7316.554451064373,4061.502222533549,0.07590898762851074,811.0
eval_Ta-AM-Spalled_SEM-BSE_EBSD_SameSliceSerialSectioning_2#2,eval_Ta-AM-Spalled_SEM-BSE_EBSD_SameSliceSerialSectioning_2,roma|pyramid_v2|none|s0,roma,core,10000.0,811.0,65.792,0.0811,7282.891743476815,7316.554451064373,4061.502222533549,0.07590898762851074,811.0
eval_Ta-AM-Spalled_SEM-BSE_EBSD_SameSliceSerialSectioning_2#2,eval_Ta-AM-Spalled_SEM-BSE_EBSD_SameSliceSerialSectioning_2,roma|direct|invert|s0,roma,transform,10000.0,574.0,314.376,0.0574,4940.317704014487,4973.980411602046,2660.895308631316,0.05300868487210344,574.0
eval_Ta-AM-Spalled_SEM-BSE_EBSD_SameSliceSerialSectioning_2#2,eval_Ta-AM-Spalled_SEM-BSE_EBSD_SameSliceSerialSectioning_2,roma|direct|histmatch|s0,roma,transform,10000.0,556.0,81.632,0.0556,4766.218074837132,4799.880782424691,2558.337451484039,0.05127705863589792,556.0
eval_Ta-AM-Spalled_SEM-BSE_EBSD_SameSliceSerialSectioning_2#2,eval_Ta-AM-Spalled_SEM-BSE_EBSD_SameSliceSerialSectioning_2,roma|direct|clahe|s0,roma,transform,10000.0,1227.0,62.68,0.1227,11569.346018354612,11603.00872594217,6694.5449087117195,0.11641398962895036,1227.0
eval_Ta-AM-Spalled_SEM-BSE_EBSD_SameSliceSerialSectioning_2#2,eval_Ta-AM-Spalled_SEM-BSE_EBSD_SameSliceSerialSectioning_2,roma|direct|gradmag|s0,roma,transform,10000.0,1086.0,69.292,0.1086,10095.578778861334,10129.241486448893,5781.1888794180095,0.10265144864407348,1086.0
eval_Ti3AlC2-MAX-Phase_TEM_DislocationCharacterization_0#0,eval_Ti3AlC2-MAX-Phase_TEM_DislocationCharacterization_0,roma|direct|none|s0,roma,core,10000.0,9149.0,2.042,0.9149,59361.36083642797,59395.02354401553,59330.08539188091,0.9092705123088065,9149.0
eval_Ti3AlC2-MAX-Phase_TEM_DislocationCharacterization_0#0,eval_Ti3AlC2-MAX-Phase_TEM_DislocationCharacterization_0,roma|pyramid_v2|none|s0,roma,core,10000.0,9149.0,2.042,0.9149,59361.36083642797,59395.02354401553,59330.08539188091,0.9092705123088065,9149.0
eval_Ti3AlC2-MAX-Phase_TEM_DislocationCharacterization_0#0,eval_Ti3AlC2-MAX-Phase_TEM_DislocationCharacterization_0,roma|direct|invert|s0,roma,transform,10000.0,7415.0,2.091,0.7415,44751.7049286722,44785.36763625976,44726.364252592975,0.732827489129078,7415.0
eval_Ti3AlC2-MAX-Phase_TEM_DislocationCharacterization_0#0,eval_Ti3AlC2-MAX-Phase_TEM_DislocationCharacterization_0,roma|direct|histmatch|s0,roma,transform,10000.0,9144.0,2.114,0.9144,59315.46246635417,59349.12517394173,59284.20413475016,0.9087561752547046,9144.0
eval_Ti3AlC2-MAX-Phase_TEM_DislocationCharacterization_0#0,eval_Ti3AlC2-MAX-Phase_TEM_DislocationCharacterization_0,roma|direct|clahe|s0,roma,transform,10000.0,8620.0,2.07,0.862,54657.274549641705,54690.93725722926,54627.80965445517,0.8551009457525296,8620.0
eval_Ti3AlC2-MAX-Phase_TEM_DislocationCharacterization_0#0,eval_Ti3AlC2-MAX-Phase_TEM_DislocationCharacterization_0,roma|direct|gradmag|s0,roma,transform,10000.0,4776.0,2.336,0.4776,25577.796835935907,25611.459543523466,25561.48836956964,0.4678204969648807,4776.0
eval_Ti3AlC2-MAX-Phase_TEM_DislocationCharacterization_0#1,eval_Ti3AlC2-MAX-Phase_TEM_DislocationCharacterization_0,roma|direct|none|s0,roma,core,10000.0,9999.0,1.776,0.9999,68079.64976204494,68113.3124696325,68045.58158974332,0.9994337311025987,9999.0
eval_Ti3AlC2-MAX-Phase_TEM_DislocationCharacterization_0#1,eval_Ti3AlC2-MAX-Phase_TEM_DislocationCharacterization_0,roma|pyramid_v2|none|s0,roma,core,10000.0,9999.0,1.776,0.9999,68079.64976204494,68113.3124696325,68045.58158974332,0.9994337311025987,9999.0
eval_Ti3AlC2-MAX-Phase_TEM_DislocationCharacterization_0#1,eval_Ti3AlC2-MAX-Phase_TEM_DislocationCharacterization_0,roma|direct|invert|s0,roma,transform,10000.0,9674.0,1.879,0.9674,64442.14037146337,64475.80307905093,64409.18074637532,0.9637359155761993,9674.0
eval_Ti3AlC2-MAX-Phase_TEM_DislocationCharacterization_0#1,eval_Ti3AlC2-MAX-Phase_TEM_DislocationCharacterization_0,roma|direct|histmatch|s0,roma,transform,10000.0,9980.0,1.766,0.998,67817.58308716991,67851.24579475747,67783.57972224407,0.9969126493353494,9980.0
eval_Ti3AlC2-MAX-Phase_TEM_DislocationCharacterization_0#1,eval_Ti3AlC2-MAX-Phase_TEM_DislocationCharacterization_0,roma|direct|clahe|s0,roma,transform,10000.0,10000.0,1.778,1.0,68095.67193592357,68129.33464351113,68061.60035270742,0.9996160016293233,10000.0
eval_Ti3AlC2-MAX-Phase_TEM_DislocationCharacterization_0#1,eval_Ti3AlC2-MAX-Phase_TEM_DislocationCharacterization_0,roma|direct|gradmag|s0,roma,transform,10000.0,8124.0,1.724,0.8124,50494.01412133089,50527.67682891845,50466.34141358374,0.8046290168528111,8124.0
eval_Ti3AlC2-MAX-Phase_TEM_DislocationCharacterization_0#2,eval_Ti3AlC2-MAX-Phase_TEM_DislocationCharacterization_0,roma|direct|none|s0,roma,core,10000.0,9657.0,1.278,0.9657,64236.27767778561,64269.94038537317,64236.27767778561,0.9619502682441096,9657.0
eval_Ti3AlC2-MAX-Phase_TEM_DislocationCharacterization_0#2,eval_Ti3AlC2-MAX-Phase_TEM_DislocationCharacterization_0,roma|pyramid_v2|none|s0,roma,core,10000.0,9657.0,1.278,0.9657,64236.27767778561,64269.94038537317,64236.27767778561,0.9619502682441096,9657.0
eval_Ti3AlC2-MAX-Phase_TEM_DislocationCharacterization_0#2,eval_Ti3AlC2-MAX-Phase_TEM_DislocationCharacterization_0,roma|direct|invert|s0,roma,transform,10000.0,9571.0,1.342,0.9571,63374.18053182987,63407.84323941743,63374.18053182987,0.9529498517316977,9571.0
eval_Ti3AlC2-MAX-Phase_TEM_DislocationCharacterization_0#2,eval_Ti3AlC2-MAX-Phase_TEM_DislocationCharacterization_0,roma|direct|histmatch|s0,roma,transform,10000.0,9399.0,1.249,0.9399,61701.39988064387,61735.06258823143,61701.39988064387,0.9350706252345946,9399.0
eval_Ti3AlC2-MAX-Phase_TEM_DislocationCharacterization_0#2,eval_Ti3AlC2-MAX-Phase_TEM_DislocationCharacterization_0,roma|direct|clahe|s0,roma,transform,10000.0,9568.0,1.267,0.9568,63344.45441746767,63378.11712505523,63344.45441746767,0.9526367498632051,9568.0
eval_Ti3AlC2-MAX-Phase_TEM_DislocationCharacterization_0#2,eval_Ti3AlC2-MAX-Phase_TEM_DislocationCharacterization_0,roma|direct|gradmag|s0,roma,transform,10000.0,9050.0,1.342,0.905,58458.33772482091,58492.000432408466,58458.33772482091,0.8990965726766117,9050.0
eval_X2CrNi12-Ferritic_SEM-SE-Stitch_EBSD_Fatigue-SameSlice_0#0,eval_X2CrNi12-Ferritic_SEM-SE-Stitch_EBSD_Fatigue-SameSlice_0,roma|direct|none|s0,roma,core,10000.0,4314.0,8.931,0.4314,48018.217206691734,48051.87991427929,48063.48897985475,0.42172102386929805,4314.0
eval_X2CrNi12-Ferritic_SEM-SE-Stitch_EBSD_Fatigue-SameSlice_0#0,eval_X2CrNi12-Ferritic_SEM-SE-Stitch_EBSD_Fatigue-SameSlice_0,roma|pyramid_v2|none|s0,roma,core,10000.0,4314.0,8.931,0.4314,48018.217206691734,48051.87991427929,48063.48897985475,0.42172102386929805,4314.0
eval_X2CrNi12-Ferritic_SEM-SE-Stitch_EBSD_Fatigue-SameSlice_0#0,eval_X2CrNi12-Ferritic_SEM-SE-Stitch_EBSD_Fatigue-SameSlice_0,roma|direct|invert|s0,roma,transform,10000.0,6392.0,9.633,0.6392,74753.44912217319,74787.11182976075,74820.5278938794,0.6297358167613569,6392.0
eval_X2CrNi12-Ferritic_SEM-SE-Stitch_EBSD_Fatigue-SameSlice_0#0,eval_X2CrNi12-Ferritic_SEM-SE-Stitch_EBSD_Fatigue-SameSlice_0,roma|direct|histmatch|s0,roma,transform,10000.0,4581.0,9.036,0.4581,51355.819011863736,51389.481719451294,51403.8927429712,0.4483526014171978,4581.0
eval_X2CrNi12-Ferritic_SEM-SE-Stitch_EBSD_Fatigue-SameSlice_0#0,eval_X2CrNi12-Ferritic_SEM-SE-Stitch_EBSD_Fatigue-SameSlice_0,roma|direct|clahe|s0,roma,transform,10000.0,4037.0,8.999,0.4037,44586.34659502358,44620.009302611135,44628.71146799763,0.3941224131002874,4037.0
eval_X2CrNi12-Ferritic_SEM-SE-Stitch_EBSD_Fatigue-SameSlice_0#0,eval_X2CrNi12-Ferritic_SEM-SE-Stitch_EBSD_Fatigue-SameSlice_0,roma|direct|gradmag|s0,roma,transform,10000.0,4670.0,8.884,0.467,52474.74916206053,52508.41186964809,52523.75687914958,0.45723608874852445,4670.0
eval_X2CrNi12-Ferritic_SEM-SE-Stitch_EBSD_Fatigue-SameSlice_0#1,eval_X2CrNi12-Ferritic_SEM-SE-Stitch_EBSD_Fatigue-SameSlice_0,roma|direct|none|s0,roma,core,10000.0,2431.0,22.952,0.2431,25378.24353931138,25411.90624689894,19349.43529545875,0.23479232123031785,2431.0
eval_X2CrNi12-Ferritic_SEM-SE-Stitch_EBSD_Fatigue-SameSlice_0#1,eval_X2CrNi12-Ferritic_SEM-SE-Stitch_EBSD_Fatigue-SameSlice_0,roma|pyramid_v2|none|s0,roma,core,10000.0,2431.0,22.952,0.2431,25378.24353931138,25411.90624689894,19349.43529545875,0.23479232123031785,2431.0
eval_X2CrNi12-Ferritic_SEM-SE-Stitch_EBSD_Fatigue-SameSlice_0#1,eval_X2CrNi12-Ferritic_SEM-SE-Stitch_EBSD_Fatigue-SameSlice_0,roma|direct|invert|s0,roma,transform,10000.0,1745.0,35.369,0.1745,17560.17829574282,17593.841003330377,13232.72089358577,0.16718654457773904,1745.0
eval_X2CrNi12-Ferritic_SEM-SE-Stitch_EBSD_Fatigue-SameSlice_0#1,eval_X2CrNi12-Ferritic_SEM-SE-Stitch_EBSD_Fatigue-SameSlice_0,roma|direct|histmatch|s0,roma,transform,10000.0,2766.0,24.543,0.2766,29292.91346965195,29326.57617723951,22433.270621685297,0.26791979812379974,2766.0
eval_X2CrNi12-Ferritic_SEM-SE-Stitch_EBSD_Fatigue-SameSlice_0#1,eval_X2CrNi12-Ferritic_SEM-SE-Stitch_EBSD_Fatigue-SameSlice_0,roma|direct|clahe|s0,roma,transform,10000.0,2484.0,23.964,0.2484,25993.654302621733,26027.31701020929,19833.400584377225,0.2400289787220215,2484.0
eval_X2CrNi12-Ferritic_SEM-SE-Stitch_EBSD_Fatigue-SameSlice_0#1,eval_X2CrNi12-Ferritic_SEM-SE-Stitch_EBSD_Fatigue-SameSlice_0,roma|direct|gradmag|s0,roma,transform,10000.0,1765.0,103.747,0.1765,17783.896177532584,17817.558885120143,13406.83671059408,0.16915236087696553,1765.0
eval_X2CrNi12-Ferritic_SEM-SE-Stitch_EBSD_Fatigue-SameSlice_0#2,eval_X2CrNi12-Ferritic_SEM-SE-Stitch_EBSD_Fatigue-SameSlice_0,roma|direct|none|s0,roma,core,10000.0,2312.0,27.804,0.2312,24002.068625249154,24035.731332836713,18268.392672482405,0.22304095251443928,2312.0
eval_X2CrNi12-Ferritic_SEM-SE-Stitch_EBSD_Fatigue-SameSlice_0#2,eval_X2CrNi12-Ferritic_SEM-SE-Stitch_EBSD_Fatigue-SameSlice_0,roma|pyramid_v2|none|s0,roma,core,10000.0,2312.0,27.804,0.2312,24002.068625249154,24035.731332836713,18268.392672482405,0.22304095251443928,2312.0
eval_X2CrNi12-Ferritic_SEM-SE-Stitch_EBSD_Fatigue-SameSlice_0#2,eval_X2CrNi12-Ferritic_SEM-SE-Stitch_EBSD_Fatigue-SameSlice_0,roma|direct|invert|s0,roma,transform,10000.0,313.0,117.359,0.0313,2563.1890721885043,2596.851779776063,1787.2388139121977,0.02806306001212003,313.0
eval_X2CrNi12-Ferritic_SEM-SE-Stitch_EBSD_Fatigue-SameSlice_0#2,eval_X2CrNi12-Ferritic_SEM-SE-Stitch_EBSD_Fatigue-SameSlice_0,roma|direct|histmatch|s0,roma,transform,10000.0,389.0,29.645,0.0389,3278.9882205548256,3312.650928142384,2314.5503088885857,0.03528393401149463,389.0
eval_X2CrNi12-Ferritic_SEM-SE-Stitch_EBSD_Fatigue-SameSlice_0#2,eval_X2CrNi12-Ferritic_SEM-SE-Stitch_EBSD_Fatigue-SameSlice_0,roma|direct|clahe|s0,roma,transform,10000.0,2893.0,25.59,0.2893,30791.891149852632,30825.55385744019,23617.275182337722,0.28049503612920906,2893.0
eval_X2CrNi12-Ferritic_SEM-SE-Stitch_EBSD_Fatigue-SameSlice_0#2,eval_X2CrNi12-Ferritic_SEM-SE-Stitch_EBSD_Fatigue-SameSlice_0,roma|direct|gradmag|s0,roma,transform,10000.0,741.0,76.055,0.0741,6764.390566321831,6798.05327390939,4926.95667093147,0.0691281224200684,741.0
eval_X2CrNi12-Ferritic_SEM-SE-Stitch_EBSD_Fatigue-SameSlice_0#3,eval_X2CrNi12-Ferritic_SEM-SE-Stitch_EBSD_Fatigue-SameSlice_0,roma|direct|none|s0,roma,core,10000.0,1902.0,27.036,0.1902,19303.678101598325,19337.340809185884,14606.804193417964,0.18262746727444681,1902.0
eval_X2CrNi12-Ferritic_SEM-SE-Stitch_EBSD_Fatigue-SameSlice_0#3,eval_X2CrNi12-Ferritic_SEM-SE-Stitch_EBSD_Fatigue-SameSlice_0,roma|pyramid_v2|none|s0,roma,core,10000.0,1902.0,27.036,0.1902,19303.678101598325,19337.340809185884,14606.804193417964,0.18262746727444681,1902.0
eval_X2CrNi12-Ferritic_SEM-SE-Stitch_EBSD_Fatigue-SameSlice_0#3,eval_X2CrNi12-Ferritic_SEM-SE-Stitch_EBSD_Fatigue-SameSlice_0,roma|direct|invert|s0,roma,transform,10000.0,1464.0,36.133,0.1464,14432.192662080002,14465.85536966756,10817.007497452467,0.1396071761595279,1464.0
eval_X2CrNi12-Ferritic_SEM-SE-Stitch_EBSD_Fatigue-SameSlice_0#3,eval_X2CrNi12-Ferritic_SEM-SE-Stitch_EBSD_Fatigue-SameSlice_0,roma|direct|histmatch|s0,roma,transform,10000.0,101.0,1201.812,0.0101,689.9378668542302,723.6005744417887,440.82698174084504,0.00831972010424615,101.0
eval_X2CrNi12-Ferritic_SEM-SE-Stitch_EBSD_Fatigue-SameSlice_0#3,eval_X2CrNi12-Ferritic_SEM-SE-Stitch_EBSD_Fatigue-SameSlice_0,roma|direct|clahe|s0,roma,transform,10000.0,2392.0,30.518,0.2392,24901.2658343221,24934.92854190966,18994.283492395887,0.23094004252292283,2392.0
eval_X2CrNi12-Ferritic_SEM-SE-Stitch_EBSD_Fatigue-SameSlice_0#3,eval_X2CrNi12-Ferritic_SEM-SE-Stitch_EBSD_Fatigue-SameSlice_0,roma|direct|gradmag|s0,roma,transform,10000.0,1854.0,43.848,0.1854,18763.287921514693,18796.95062910225,14184.95524667337,0.17790446460364423,1854.0
eval_X2CrNi12-Ferritic_SEM-SE-Stitch_EBSD_Fatigue-SameSlice_0#4,eval_X2CrNi12-Ferritic_SEM-SE-Stitch_EBSD_Fatigue-SameSlice_0,roma|direct|none|s0,roma,core,10000.0,32.0,594.369,0.0032,160.35715258709854,194.01986017465708,81.64263171817139,0.0022677138537914978,32.0
eval_X2CrNi12-Ferritic_SEM-SE-Stitch_EBSD_Fatigue-SameSlice_0#4,eval_X2CrNi12-Ferritic_SEM-SE-Stitch_EBSD_Fatigue-SameSlice_0,roma|pyramid_v2|none|s0,roma,core,10000.0,143.0,2550.502,0.0143,1039.687736470677,1073.3504440582356,686.8541942756897,0.012152533263456854,143.0
eval_X2CrNi12-Ferritic_SEM-SE-Stitch_EBSD_Fatigue-SameSlice_0#4,eval_X2CrNi12-Ferritic_SEM-SE-Stitch_EBSD_Fatigue-SameSlice_0,roma|direct|invert|s0,roma,transform,10000.0,34.0,1581.929,0.0034,174.41054000275207,208.07324759031061,90.75736566879756,0.002434181816300086,34.0
eval_X2CrNi12-Ferritic_SEM-SE-Stitch_EBSD_Fatigue-SameSlice_0#4,eval_X2CrNi12-Ferritic_SEM-SE-Stitch_EBSD_Fatigue-SameSlice_0,roma|direct|histmatch|s0,roma,transform,10000.0,52.0,690.162,0.0052,305.4831172319687,339.14582481952726,177.38013768166618,0.003967852921628256,52.0
eval_X2CrNi12-Ferritic_SEM-SE-Stitch_EBSD_Fatigue-SameSlice_0#4,eval_X2CrNi12-Ferritic_SEM-SE-Stitch_EBSD_Fatigue-SameSlice_0,roma|direct|clahe|s0,roma,transform,10000.0,212.0,82.688,0.0212,1640.352889918208,1674.0155975057664,1117.117046253492,0.018555080388788135,212.0
eval_X2CrNi12-Ferritic_SEM-SE-Stitch_EBSD_Fatigue-SameSlice_0#4,eval_X2CrNi12-Ferritic_SEM-SE-Stitch_EBSD_Fatigue-SameSlice_0,roma|direct|gradmag|s0,roma,transform,10000.0,784.0,135.985,0.0784,7196.434347065855,7230.097054653414,5260.583192661706,0.07329203481457598,784.0
