pair_id,cand,group,backbone,pool,err,dist_id,gt_disp,shared,fixed,NIF
eval_5842WCu-Spalled_SEM-SE_SEM-BSE_Multiscale_0#0,sift|direct|none|s0,Multiscale,sift,core,220.267,1621.612910157457,1640.9157118787784,False,False,False
eval_AF9628-Martensitic_SEM-SE-Stitch_EBSD_SameSlice_0#0,sift|direct|none|s0,SameSlice,sift,core,2876.805,6963.672253507758,4379.665287698245,False,False,False
eval_AF9628-Martensitic_SEM-SE-Stitch_EBSD_SameSlice_0#1,sift|direct|none|s0,SameSlice,sift,core,inf,,4379.665287698245,False,False,False
eval_AF9628-Martensitic_SEM-SE-Stitch_EBSD_SameSlice_0#2,sift|direct|none|s0,SameSlice,sift,core,9944.564,9382.077611440754,4379.665287698245,False,False,False
eval_AF9628-Martensitic_SEM-SE-Stitch_EBSD_SameSlice_1#0,sift|direct|none|s0,SameSlice,sift,core,2505.663,6497.640943037233,3794.057868227916,False,False,False
eval_AF9628-Martensitic_SEM-SE-Stitch_EBSD_SameSlice_1#1,sift|direct|none|s0,SameSlice,sift,core,2151.284,4480.327321644855,3794.057868227916,False,False,False
eval_AF9628-Martensitic_SEM-SE-Stitch_EBSD_SameSlice_1#2,sift|direct|none|s0,SameSlice,sift,core,2602.196,4517.493603200509,3794.057868227916,False,False,False
eval_AF9628-Martensitic_SEM-SE-Stitch_EBSD_SameSlice_2#0,sift|direct|none|s0,SameSlice,sift,core,5919.615,5110.302935199023,3166.362747256587,False,False,False
eval_AF9628-Martensitic_SEM-SE-Stitch_EBSD_SameSlice_2#1,sift|direct|none|s0,SameSlice,sift,core,17065.601,18349.004610459102,3166.362747256587,False,False,False
eval_AF9628-Martensitic_SEM-SE-Stitch_EBSD_SameSlice_2#2,sift|direct|none|s0,SameSlice,sift,core,1337.004,3958.053313137832,3166.362747256587,False,False,False
eval_AF9628-Martensitic_SEM-SE-Stitch_EBSD_SameSlice_3#0,sift|direct|none|s0,SameSlice,sift,core,9845.532,6814.758567175633,3605.988497472302,False,False,False
eval_AF9628-Martensitic_SEM-SE-Stitch_EBSD_SameSlice_3#1,sift|direct|none|s0,SameSlice,sift,core,5876.137,7598.23197097035,3605.988497472302,False,False,False
eval_AF9628-Martensitic_SEM-SE-Stitch_EBSD_SameSlice_3#2,sift|direct|none|s0,SameSlice,sift,core,5804.371,5968.879470169123,3605.988497472302,False,False,False
eval_AF9628-Martensitic_SEM-SE-Stitch_EBSD_SameSlice_4#0,sift|direct|none|s0,SameSlice,sift,core,7740.282,31342.093433635473,3964.3365470616873,False,False,False
eval_AF9628-Martensitic_SEM-SE-Stitch_EBSD_SameSlice_4#1,sift|direct|none|s0,SameSlice,sift,core,36412.823,40982.357316833986,3964.3365470616873,False,False,False
eval_AF9628-Martensitic_SEM-SE-Stitch_EBSD_SameSlice_4#2,sift|direct|none|s0,SameSlice,sift,core,2751.314,6405.534566183666,3964.3365470616873,False,False,False
eval_C103_SEM-SE_LOM-DC-Height_FractureSurfaces_0#0,sift|direct|none|s0,FractureSurfaces,sift,core,465.991,2744.339183038471,1739.5512772071381,False,False,False
eval_C103_SEM-SE_LOM-DC-Height_FractureSurfaces_0#1,sift|direct|none|s0,FractureSurfaces,sift,core,73358.029,93892.27125862334,1739.5512772071381,False,False,False
eval_C103_SEM-SE_LOM-DC-Height_FractureSurfaces_1#0,sift|direct|none|s0,FractureSurfaces,sift,core,29811.986,27032.256332606714,2760.9479899659173,False,False,False
eval_C103_SEM-SE_LOM-DC-Height_FractureSurfaces_1#1,sift|direct|none|s0,FractureSurfaces,sift,core,987.362,2532.520714696539,2760.9479899659173,False,False,False
eval_C103_SEM-SE_LOM-DC-Height_FractureSurfaces_2#0,sift|direct|none|s0,FractureSurfaces,sift,core,903.08,2268.1400050349785,2240.8395984666686,False,False,False
eval_C103_SEM-SE_LOM-DC-Height_FractureSurfaces_2#1,sift|direct|none|s0,FractureSurfaces,sift,core,3236.653,4371.68474602674,2240.8395984666686,True,False,False
eval_CoNi-AM67_OM-SEM_Multiscale_0#0,sift|direct|none|s0,Multiscale,sift,core,1531.48,2437.302538497947,573.1677945159098,False,False,False
eval_CoNi-AM67_OM-SEM_Multiscale_0#1,sift|direct|none|s0,Multiscale,sift,core,13921.408,16915.288900202213,573.1677945159098,False,False,False
eval_CoNi-AM67_OM-SEM_Multiscale_0#2,sift|direct|none|s0,Multiscale,sift,core,70349.804,4338.136769887674,637.5474244682443,False,False,False
eval_CoNi-AM67_SEM-EBSD_SameSliceSerialSectioning_0#0,sift|direct|none|s0,SerialSectioning,sift,core,1806.59,2078.560677362584,1514.0474558928317,False,False,False
eval_CoNi-AM67_SEM-EBSD_SameSliceSerialSectioning_0#1,sift|direct|none|s0,SerialSectioning,sift,core,2372.101,5461.211431939492,1514.0474558928317,False,False,False
eval_CoNi-AM67_SEM-EBSD_SameSliceSerialSectioning_0#2,sift|direct|none|s0,SerialSectioning,sift,core,15389.942,8739.4313387755,1514.0474558928317,False,False,False
eval_CoNi-AM67_SEM-EBSD_SameSliceSerialSectioning_0#3,sift|direct|none|s0,SerialSectioning,sift,core,2418.196,2735.5426678985186,1514.0474558928317,False,False,False
eval_CoNi-AM67_SEM-EBSD_SameSliceSerialSectioning_0#4,sift|direct|none|s0,SerialSectioning,sift,core,1195.115,1190.0786992483363,1514.0474558928317,False,False,False
eval_CoNi-AM67_SEM-EBSD_SameSliceSerialSectioning_0#5,sift|direct|none|s0,SerialSectioning,sift,core,1266.091,2075.7637908530037,1514.0474558928317,False,False,False
eval_CoNi-AM67_SEM-EBSD_SameSliceSerialSectioning_1#0,sift|direct|none|s0,SerialSectioning,sift,core,1597.655,3249.3834716488473,1468.2458357440826,False,False,False
eval_CoNi-AM67_SEM-EBSD_SameSliceSerialSectioning_1#1,sift|direct|none|s0,SerialSectioning,sift,core,2636.314,3060.983833140028,1468.2458357440826,False,False,False
eval_CoNi-AM67_SEM-EBSD_SameSliceSerialSectioning_1#2,sift|direct|none|s0,SerialSectioning,sift,core,126762.777,128912.80897191247,1468.2458357440826,False,False,False
eval_CoNi-AM67_SEM-EBSD_SameSliceSerialSectioning_1#3,sift|direct|none|s0,SerialSectioning,sift,core,1318.654,2209.8515103926566,1468.2458357440826,False,False,False
eval_CoNi-AM67_SEM-EBSD_SameSliceSerialSectioning_1#4,sift|direct|none|s0,SerialSectioning,sift,core,101403.88,112984.32547202146,1468.2458357440826,False,False,False
eval_CoNi-AM67_SEM-EBSD_SameSliceSerialSectioning_1#5,sift|direct|none|s0,SerialSectioning,sift,core,811.453,2458.907572071082,1468.2458357440826,False,False,False
eval_CoNi-AM67_SEM-EBSD_SameSliceSerialSectioning_2#0,sift|direct|none|s0,SerialSectioning,sift,core,4036.079,4250.878080506657,1461.4176959109016,False,False,False
eval_CoNi-AM67_SEM-EBSD_SameSliceSerialSectioning_2#1,sift|direct|none|s0,SerialSectioning,sift,core,1956.223,2267.469030248422,1461.4176959109016,False,False,False
eval_CoNi-AM67_SEM-EBSD_SameSliceSerialSectioning_2#2,sift|direct|none|s0,SerialSectioning,sift,core,1115.559,2231.1694538498236,1461.4176959109016,False,False,False
eval_CoNi-AM67_SEM-EBSD_SameSliceSerialSectioning_2#3,sift|direct|none|s0,SerialSectioning,sift,core,1026.873,986.0925143764914,1461.4176959109016,False,False,False
eval_CoNi-AM67_SEM-EBSD_SameSliceSerialSectioning_2#4,sift|direct|none|s0,SerialSectioning,sift,core,4436.307,9494.196386459987,1461.4176959109016,False,False,False
eval_CoNi-AM67_SEM-EBSD_SameSliceSerialSectioning_2#5,sift|direct|none|s0,SerialSectioning,sift,core,1325.119,1485.4853736845316,1461.4176959109016,False,False,False
eval_CoNi-AM90_OM-SEM_Multiscale_0#0,sift|direct|none|s0,Multiscale,sift,core,1215.031,4279.831616863159,1093.0057200582637,False,False,False
eval_CoNi-AM90_OM-SEM_Multiscale_0#1,sift|direct|none|s0,Multiscale,sift,core,2665.474,3848.6765112561493,538.2817125825392,False,False,False
eval_CoNi-AM90_SEM-DIC_EBSD_SlipPartitioning_0#0,sift|direct|none|s0,SlipPartitioning,sift,core,12107.679,9725.398360324261,9671.051310742896,False,False,False
eval_CoNi-AM90_SEM-DIC_EBSD_SlipPartitioning_0#1,sift|direct|none|s0,SlipPartitioning,sift,core,inf,,9671.051310742896,False,False,False
eval_CoNi-AM90_SEM-DIC_EBSD_SlipPartitioning_0#2,sift|direct|none|s0,SlipPartitioning,sift,core,inf,,9671.051310742896,False,False,False
eval_CoNi-AM90_SEM-DIC_EBSD_SlipPartitioning_0#3,sift|direct|none|s0,SlipPartitioning,sift,core,1358.485,13852.193393165968,9671.051310742896,False,False,False
eval_CoNi-AM90_SEM-DIC_EBSD_SlipPartitioning_0#4,sift|direct|none|s0,SlipPartitioning,sift,core,926.875,10196.35411170968,9671.051310742896,False,False,False
eval_CoNi-AM90_SEM-DIC_EBSD_SlipPartitioning_0#5,sift|direct|none|s0,SlipPartitioning,sift,core,inf,,9671.051310742896,False,False,False
eval_CoNi-AM90_SEM-DIC_EBSD_SlipPartitioning_0#6,sift|direct|none|s0,SlipPartitioning,sift,core,670.041,10012.30198485528,9671.051310742896,False,False,False
eval_CoNi-AM90_SEM-DIC_EBSD_SlipPartitioning_0#7,sift|direct|none|s0,SlipPartitioning,sift,core,1512.321,10820.853617986313,9671.051310742896,False,False,False
eval_CoNi-AM90_SEM-DIC_EBSD_SlipPartitioning_0#8,sift|direct|none|s0,SlipPartitioning,sift,core,inf,,9671.051310742896,False,False,False
eval_CoNi-AM90_SEM-DIC_EBSD_SlipPartitioning_0#9,sift|direct|none|s0,SlipPartitioning,sift,core,383.596,9793.179359028338,9671.051310742896,False,False,False
eval_CoNi-AM90_SEM-DIC_EBSD_SlipPartitioning_0#10,sift|direct|none|s0,SlipPartitioning,sift,core,3754.215,9350.667876938474,9671.051310742896,False,False,False
eval_CoNi-AM90_SEM-DIC_EBSD_SlipPartitioning_0#11,sift|direct|none|s0,SlipPartitioning,sift,core,inf,,9671.051310742896,False,False,False
eval_CoNi-AM90_SEM-DIC_EBSD_SlipPartitioning_0#12,sift|direct|none|s0,SlipPartitioning,sift,core,1024.676,9716.731148166467,9671.051310742896,False,False,False
eval_CoNi-AM90_SEM-DIC_EBSD_SlipPartitioning_0#13,sift|direct|none|s0,SlipPartitioning,sift,core,564.87,9412.734495061806,9671.051310742896,False,False,False
eval_CoNi-AM90_SEM-DIC_EBSD_SlipPartitioning_0#14,sift|direct|none|s0,SlipPartitioning,sift,core,inf,,9671.051310742896,False,False,False
eval_CoNi-AM90_SEM-DIC_EBSD_SlipPartitioning_0#15,sift|direct|none|s0,SlipPartitioning,sift,core,1501.982,12675.802497995632,9671.051310742896,False,False,False
eval_CoNi-AM90_SEM-DIC_EBSD_SlipPartitioning_0#16,sift|direct|none|s0,SlipPartitioning,sift,core,12237.613,15187.1316826606,9671.051310742896,False,False,False
eval_CoNi-AM90_SEM-DIC_EBSD_SlipPartitioning_0#17,sift|direct|none|s0,SlipPartitioning,sift,core,inf,,9671.051310742896,False,False,False
eval_CoNi-AM90_SEM-DIC_EBSD_SlipPartitioning_0#18,sift|direct|none|s0,SlipPartitioning,sift,core,1881.247,10229.010982612412,9671.051310742896,False,False,False
eval_CoNi-AM90_SEM-DIC_EBSD_SlipPartitioning_0#19,sift|direct|none|s0,SlipPartitioning,sift,core,2515.846,16418.331592122904,9671.051310742896,False,False,False
eval_CoNi-AM90_SEM-DIC_EBSD_SlipPartitioning_0#20,sift|direct|none|s0,SlipPartitioning,sift,core,inf,,9671.051310742896,False,False,False
eval_CoNi-AM90_SEM-DIC_EBSD_SlipPartitioning_0#21,sift|direct|none|s0,SlipPartitioning,sift,core,4819.002,10270.225505207078,9671.051310742896,False,False,False
eval_CoNi-AM90_SEM-DIC_EBSD_SlipPartitioning_0#22,sift|direct|none|s0,SlipPartitioning,sift,core,661.156,9579.688566942343,9671.051310742896,False,False,False
eval_CoNi-AM90_SEM-DIC_EBSD_SlipPartitioning_0#23,sift|direct|none|s0,SlipPartitioning,sift,core,inf,,9671.051310742896,False,False,False
eval_CoNi-AM90_SEM-DIC_EBSD_SlipPartitioning_0#24,sift|direct|none|s0,SlipPartitioning,sift,core,4265.87,10660.55253380842,9671.051310742896,False,False,False
eval_CoNi-AM90_SEM-DIC_EBSD_SlipPartitioning_0#25,sift|direct|none|s0,SlipPartitioning,sift,core,1256.082,10635.520768893368,9671.051310742896,False,False,False
eval_CoNi-AM90_SEM-DIC_EBSD_SlipPartitioning_0#26,sift|direct|none|s0,SlipPartitioning,sift,core,inf,,9671.051310742896,False,False,False
eval_CoNi-AM90_SEM-EBSD_SameSlice_0#0,sift|direct|none|s0,SameSlice,sift,core,6104.229,9628.331267429048,8929.302079474888,False,False,False
eval_CoNi-AM90_SEM-EBSD_SameSlice_0#1,sift|direct|none|s0,SameSlice,sift,core,998.899,9266.453630734984,8929.302079474888,False,False,False
eval_CoNi-AM90_SEM-EBSD_SameSlice_0#2,sift|direct|none|s0,SameSlice,sift,core,inf,,8929.302079474888,False,False,False
eval_CoNi-AM90_SEM-EBSD_SameSlice_0#3,sift|direct|none|s0,SameSlice,sift,core,781.765,9702.128946601722,8929.302079474888,False,False,False
eval_CoNi-AM90_SEM-EBSD_SameSlice_0#4,sift|direct|none|s0,SameSlice,sift,core,111486.667,9259.768672246317,8929.302079474888,False,False,False
eval_CoNi-AM90_SEM-EBSD_SameSlice_0#5,sift|direct|none|s0,SameSlice,sift,core,inf,,8929.302079474888,False,False,False
eval_CoNi_SEM-SE_SEM-BSE_Cracks-SameSliceSerialSectioning_0#0,sift|direct|none|s0,SerialSectioning,sift,core,2987.218,5480.334912945336,1067.3043744784136,False,False,False
eval_In718-PrecipitationStrengthened_SEM-BSE_EBSD_SameSliceSerialSectioning_0#0,sift|direct|none|s0,SerialSectioning,sift,core,1866.386,5152.853404661995,3666.3568655009735,False,False,False
eval_In718-PrecipitationStrengthened_SEM-BSE_EBSD_SameSliceSerialSectioning_1#0,sift|direct|none|s0,SerialSectioning,sift,core,1535.999,3799.534506322967,3643.3357725965784,False,False,False
eval_In718-PrecipitationStrengthened_SEM-BSE_EBSD_SameSliceSerialSectioning_2#0,sift|direct|none|s0,SerialSectioning,sift,core,93832.559,73134.84467494952,3644.479519716709,False,False,False
eval_In718-PrecipitationStrengthened_SEM-BSE_EBSD_SameSliceSerialSectioning_3#0,sift|direct|none|s0,SerialSectioning,sift,core,2312.443,3238.5208321900254,3646.2391600041365,False,False,False
eval_In718-PrecipitationStrengthened_SEM-DIC_EBSD_SlipPartitioning_0#0,sift|direct|none|s0,SlipPartitioning,sift,core,inf,,6545.947731845366,False,False,False
eval_In718-PrecipitationStrengthened_SEM-DIC_EBSD_SlipPartitioning_0#1,sift|direct|none|s0,SlipPartitioning,sift,core,inf,,6545.947731845366,False,False,False
eval_In718-PrecipitationStrengthened_SEM-DIC_EBSD_SlipPartitioning_0#2,sift|direct|none|s0,SlipPartitioning,sift,core,inf,,6545.947731845366,False,False,False
eval_In718-PrecipitationStrengthened_SEM-DIC_EBSD_SlipPartitioning_0#3,sift|direct|none|s0,SlipPartitioning,sift,core,inf,,6545.947731845366,False,False,False
eval_In718-SolutionStrengthened_SEM-SE_EBSD_SameSliceSerialSectioning_0#0,sift|direct|none|s0,SerialSectioning,sift,core,2958.095,2439.0012925016777,915.3036002283283,False,False,False
eval_In718-SolutionStrengthened_SEM-SE_EBSD_SameSliceSerialSectioning_0#1,sift|direct|none|s0,SerialSectioning,sift,core,457.875,949.2307723572577,857.8366028120234,False,False,False
eval_In718-SolutionStrengthened_SEM-SE_EBSD_SameSliceSerialSectioning_0#2,sift|direct|none|s0,SerialSectioning,sift,core,316.469,2733.405589339402,857.8366028120234,False,False,False
eval_In718-SolutionStrengthened_SEM-SE_EBSD_SameSliceSerialSectioning_0#3,sift|direct|none|s0,SerialSectioning,sift,core,907.973,9272.026807895449,857.8366028120234,False,False,False
eval_In718-SolutionStrengthened_SEM-SE_EBSD_SameSliceSerialSectioning_1#0,sift|direct|none|s0,SerialSectioning,sift,core,1264.659,1581.7439920461497,643.9548230749092,False,False,False
eval_In718-SolutionStrengthened_SEM-SE_EBSD_SameSliceSerialSectioning_1#1,sift|direct|none|s0,SerialSectioning,sift,core,1367.273,1497.8374765194226,643.9548230749092,False,False,False
eval_In718-SolutionStrengthened_SEM-SE_EBSD_SameSliceSerialSectioning_2#0,sift|direct|none|s0,SerialSectioning,sift,core,592.36,419.8537905343258,644.3175629159776,False,False,False
eval_In718-SolutionStrengthened_SEM-SE_EBSD_SameSliceSerialSectioning_2#1,sift|direct|none|s0,SerialSectioning,sift,core,9944.721,12661.7004913694,644.3175629159776,False,False,False
eval_In718-SolutionStrengthened_SEM-SE_EBSD_SameSliceSerialSectioning_3#0,sift|direct|none|s0,SerialSectioning,sift,core,654.157,810.63349776433,650.7636247772366,False,False,False
eval_In718-SolutionStrengthened_SEM-SE_EBSD_SameSliceSerialSectioning_3#1,sift|direct|none|s0,SerialSectioning,sift,core,731.171,1378.4838299480298,650.7636247772366,False,False,False
eval_MoTaTiZrHf-HEA-DDRX-1100C_TEM_DislocationCharacterization_0#0,sift|direct|none|s0,DislocationCharacterization,sift,core,73.703,0.020760769776816144,72.7054614232099,True,True,True
eval_MoTaTiZrHf-HEA-DDRX-1100C_TEM_DislocationCharacterization_0#1,sift|direct|none|s0,DislocationCharacterization,sift,core,73.689,0.0,72.7054614232099,True,True,True
eval_MoTaTiZrHf-HEA-DDRX-1100C_TEM_DislocationCharacterization_0#2,sift|direct|none|s0,DislocationCharacterization,sift,core,73.693,0.007575133174740412,72.7054614232099,True,True,True
eval_MoTaTiZrHf-HEA-DDRX-1100C_TEM_DislocationCharacterization_0#3,sift|direct|none|s0,DislocationCharacterization,sift,core,73.688,0.00178639692383058,72.7054614232099,True,True,True
eval_MoTaTiZrHf-HEA-DDRX-1100C_TEM_DislocationCharacterization_0#4,sift|direct|none|s0,DislocationCharacterization,sift,core,187.564,0.11327722161449975,173.97341437036224,True,True,True
eval_MoTaTiZrHf-HEA-DDRX-1100C_TEM_DislocationCharacterization_0#5,sift|direct|none|s0,DislocationCharacterization,sift,core,187.488,0.00590827979929145,173.97341437036224,True,True,True
eval_MoTaTiZrHf-HEA-DDRX-1100C_TEM_DislocationCharacterization_0#6,sift|direct|none|s0,DislocationCharacterization,sift,core,187.494,0.005599802752475738,173.97341437036224,True,True,True
eval_MoTaTiZrHf-HEA-DDRX-1100C_TEM_DislocationCharacterization_0#7,sift|direct|none|s0,DislocationCharacterization,sift,core,187.492,0.00015186668354090217,173.97341437036224,True,True,True
eval_MoTaTiZrHf-HEA-DDRX-1100C_TEM_DislocationCharacterization_0#8,sift|direct|none|s0,DislocationCharacterization,sift,core,73.689,0.0,72.7054614232099,True,True,True
eval_MoTaTiZrHf-HEA-DDRX-1100C_TEM_DislocationCharacterization_0#9,sift|direct|none|s0,DislocationCharacterization,sift,core,73.615,0.13184649770179133,72.7054614232099,True,True,True
eval_MoTaTiZrHf-HEA-DDRX-1100C_TEM_DislocationCharacterization_0#10,sift|direct|none|s0,DislocationCharacterization,sift,core,73.689,0.0,72.7054614232099,True,True,True
eval_MoTaTiZrHf-HEA-DDRX-1100C_TEM_DislocationCharacterization_0#11,sift|direct|none|s0,DislocationCharacterization,sift,core,73.686,0.005377869774451938,72.7054614232099,True,True,True
eval_MoTaTiZrHf-HEA-DDRX-1100C_TEM_DislocationCharacterization_0#12,sift|direct|none|s0,DislocationCharacterization,sift,core,187.488,0.006357737302639118,173.97341437036224,True,True,True
eval_MoTaTiZrHf-HEA-DDRX-1100C_TEM_DislocationCharacterization_0#13,sift|direct|none|s0,DislocationCharacterization,sift,core,187.492,0.0,173.97341437036224,True,True,True
eval_MoTaTiZrHf-HEA-DDRX-1100C_TEM_DislocationCharacterization_0#14,sift|direct|none|s0,DislocationCharacterization,sift,core,187.492,3.814697265625e-06,173.97341437036224,True,True,True
eval_MoTaTiZrHf-HEA-DDRX-1100C_TEM_DislocationCharacterization_0#15,sift|direct|none|s0,DislocationCharacterization,sift,core,187.492,0.002770722943619166,173.97341437036224,True,True,True
eval_MoTaTiZrHf-HEA-DDRX-1100C_TEM_DislocationCharacterization_0#16,sift|direct|none|s0,DislocationCharacterization,sift,core,73.69,0.0015661250058883525,72.7054614232099,True,True,True
eval_MoTaTiZrHf-HEA-DDRX-1100C_TEM_DislocationCharacterization_0#17,sift|direct|none|s0,DislocationCharacterization,sift,core,73.687,0.004096720588636825,72.7054614232099,True,True,True
eval_MoTaTiZrHf-HEA-DDRX-1100C_TEM_DislocationCharacterization_0#18,sift|direct|none|s0,DislocationCharacterization,sift,core,73.82,0.20142851611032284,72.7054614232099,True,True,True
eval_MoTaTiZrHf-HEA-DDRX-1100C_TEM_DislocationCharacterization_0#19,sift|direct|none|s0,DislocationCharacterization,sift,core,73.689,0.0,72.7054614232099,True,True,True
eval_MoTaTiZrHf-HEA-DDRX-1100C_TEM_DislocationCharacterization_0#20,sift|direct|none|s0,DislocationCharacterization,sift,core,187.492,0.0002444160019057132,173.97341437036224,True,True,True
eval_MoTaTiZrHf-HEA-DDRX-1100C_TEM_DislocationCharacterization_0#21,sift|direct|none|s0,DislocationCharacterization,sift,core,187.49,0.004701818845363153,173.97341437036224,True,True,True
eval_MoTaTiZrHf-HEA-DDRX-1100C_TEM_DislocationCharacterization_0#22,sift|direct|none|s0,DislocationCharacterization,sift,core,187.562,0.10972827825293324,173.97341437036224,True,True,True
eval_MoTaTiZrHf-HEA-DDRX-1100C_TEM_DislocationCharacterization_0#23,sift|direct|none|s0,DislocationCharacterization,sift,core,187.492,3.049516569119329e-13,173.97341437036224,True,True,True
eval_MoTaTiZrHf-HEA-DDRX-1100C_TEM_DislocationCharacterization_0#24,sift|direct|none|s0,DislocationCharacterization,sift,core,73.689,0.00021958152392238497,72.7054614232099,True,True,True
eval_MoTaTiZrHf-HEA-DDRX-1100C_TEM_DislocationCharacterization_0#25,sift|direct|none|s0,DislocationCharacterization,sift,core,73.689,0.0,72.7054614232099,True,True,True
eval_MoTaTiZrHf-HEA-DDRX-1100C_TEM_DislocationCharacterization_0#26,sift|direct|none|s0,DislocationCharacterization,sift,core,73.691,0.0038680695469565764,72.7054614232099,True,True,True
eval_MoTaTiZrHf-HEA-DDRX-1100C_TEM_DislocationCharacterization_0#27,sift|direct|none|s0,DislocationCharacterization,sift,core,73.698,0.18809586523053418,72.7054614232099,True,True,True
eval_MoTaTiZrHf-HEA-DDRX-1100C_TEM_DislocationCharacterization_0#28,sift|direct|none|s0,DislocationCharacterization,sift,core,187.503,0.021888697106403572,173.97341437036224,True,True,True
eval_MoTaTiZrHf-HEA-DDRX-1100C_TEM_DislocationCharacterization_0#29,sift|direct|none|s0,DislocationCharacterization,sift,core,187.494,0.0034601876372107655,173.97341437036224,True,True,True
eval_MoTaTiZrHf-HEA-DDRX-1100C_TEM_DislocationCharacterization_0#30,sift|direct|none|s0,DislocationCharacterization,sift,core,187.49,0.00337660127070194,173.97341437036224,True,True,True
eval_MoTaTiZrHf-HEA-DDRX-1100C_TEM_DislocationCharacterization_0#31,sift|direct|none|s0,DislocationCharacterization,sift,core,187.352,0.33015854132509065,173.97341437036224,True,True,True
eval_MoTaTiZrHf-HEA-DDRX-900C_TEM_DislocationCharacterization_0#0,sift|direct|none|s0,DislocationCharacterization,sift,core,59.227,0.0,54.27409954263899,True,True,True
eval_MoTaTiZrHf-HEA-DDRX-900C_TEM_DislocationCharacterization_0#1,sift|direct|none|s0,DislocationCharacterization,sift,core,59.227,2.963347411643006e-13,54.27409954263899,True,True,True
eval_MoTaTiZrHf-HEA-DDRX-900C_TEM_DislocationCharacterization_0#2,sift|direct|none|s0,DislocationCharacterization,sift,core,59.226,0.0013797351821949633,54.27409954263899,True,True,True
eval_MoTaTiZrHf-HEA-DDRX-900C_TEM_DislocationCharacterization_0#3,sift|direct|none|s0,DislocationCharacterization,sift,core,59.227,0.0,54.27409954263899,True,True,True
eval_MoTaTiZrHf-HEA-DDRX-900C_TEM_DislocationCharacterization_0#4,sift|direct|none|s0,DislocationCharacterization,sift,core,59.227,0.0011927635327992903,54.27409954263899,True,True,True
eval_MoTaTiZrHf-HEA-DDRX-900C_TEM_DislocationCharacterization_0#5,sift|direct|none|s0,DislocationCharacterization,sift,core,59.222,0.012678245643822363,54.27409954263899,True,True,True
eval_MoTaTiZrHf-HEA-DDRX-900C_TEM_DislocationCharacterization_0#6,sift|direct|none|s0,DislocationCharacterization,sift,core,59.227,0.0,54.27409954263899,True,True,True
eval_MoTaTiZrHf-HEA-DDRX-900C_TEM_DislocationCharacterization_0#7,sift|direct|none|s0,DislocationCharacterization,sift,core,59.226,0.0003626771280323737,54.27409954263899,True,True,True
eval_MoTaTiZrHf-HEA-DDRX-900C_TEM_DislocationCharacterization_0#8,sift|direct|none|s0,DislocationCharacterization,sift,core,59.227,2.963347411643006e-13,54.27409954263899,True,True,True
eval_MoTaTiZrHf-HEA-DDRX-900C_TEM_DislocationCharacterization_0#9,sift|direct|none|s0,DislocationCharacterization,sift,core,59.227,0.0009950613764431182,54.27409954263899,True,True,True
eval_MoTaTiZrHf-HEA-DDRX-900C_TEM_DislocationCharacterization_0#10,sift|direct|none|s0,DislocationCharacterization,sift,core,59.22,0.019326778279287284,54.27409954263899,True,True,True
eval_MoTaTiZrHf-HEA-DDRX-900C_TEM_DislocationCharacterization_0#11,sift|direct|none|s0,DislocationCharacterization,sift,core,59.227,0.002314770145494549,54.27409954263899,True,True,True
eval_MoTaTiZrHf-HEA-DDRX-900C_TEM_DislocationCharacterization_0#12,sift|direct|none|s0,DislocationCharacterization,sift,core,59.227,0.0,54.27409954263899,True,True,True
eval_MoTaTiZrHf-HEA-DDRX-900C_TEM_DislocationCharacterization_0#13,sift|direct|none|s0,DislocationCharacterization,sift,core,59.225,0.005152684953372955,54.27409954263899,True,True,True
eval_MoTaTiZrHf-HEA-DDRX-900C_TEM_DislocationCharacterization_0#14,sift|direct|none|s0,DislocationCharacterization,sift,core,59.227,0.0,54.27409954263899,True,True,True
eval_MoTaTiZrHf-HEA-DDRX-900C_TEM_DislocationCharacterization_0#15,sift|direct|none|s0,DislocationCharacterization,sift,core,59.226,0.00240547514829359,54.27409954263899,True,True,True
eval_MoTaTiZrHf-HEA-DDRX-900C_TEM_largeFOV-DislocationCharacterization_0#0,sift|direct|none|s0,DislocationCharacterization,sift,core,510.141,0.0,510.7112573671852,True,True,True
eval_MoTaTiZrHf-HEA-DDRX-900C_TEM_largeFOV-DislocationCharacterization_0#1,sift|direct|none|s0,DislocationCharacterization,sift,core,510.141,0.0003758353566509763,510.7112573671852,True,True,True
eval_MoTaTiZrHf-HEA-DDRX-900C_TEM_largeFOV-DislocationCharacterization_0#2,sift|direct|none|s0,DislocationCharacterization,sift,core,510.141,0.0,510.7112573671852,True,True,True
eval_MoTaTiZrHf-HEA-DDRX-900C_TEM_largeFOV-DislocationCharacterization_0#3,sift|direct|none|s0,DislocationCharacterization,sift,core,434.075,0.0015853964134282883,427.7041620562354,True,True,True
eval_MoTaTiZrHf-HEA-DDRX-900C_TEM_largeFOV-DislocationCharacterization_0#4,sift|direct|none|s0,DislocationCharacterization,sift,core,434.076,0.0,427.7041620562354,True,True,True
eval_MoTaTiZrHf-HEA-DDRX-900C_TEM_largeFOV-DislocationCharacterization_0#5,sift|direct|none|s0,DislocationCharacterization,sift,core,434.076,0.0,427.7041620562354,True,True,True
eval_MoTaTiZrHf-HEA-DDRX-900C_TEM_largeFOV-DislocationCharacterization_0#6,sift|direct|none|s0,DislocationCharacterization,sift,core,510.121,0.016397462400709866,510.7112573671852,True,True,True
eval_MoTaTiZrHf-HEA-DDRX-900C_TEM_largeFOV-DislocationCharacterization_0#7,sift|direct|none|s0,DislocationCharacterization,sift,core,510.136,0.00899715120558558,510.7112573671852,True,True,True
eval_MoTaTiZrHf-HEA-DDRX-900C_TEM_largeFOV-DislocationCharacterization_0#8,sift|direct|none|s0,DislocationCharacterization,sift,core,510.128,0.010062805894904159,510.7112573671852,True,True,True
eval_MoTaTiZrHf-HEA-DDRX-900C_TEM_largeFOV-DislocationCharacterization_0#9,sift|direct|none|s0,DislocationCharacterization,sift,core,434.071,0.010365194787469303,427.7041620562354,True,True,True
eval_MoTaTiZrHf-HEA-DDRX-900C_TEM_largeFOV-DislocationCharacterization_0#10,sift|direct|none|s0,DislocationCharacterization,sift,core,434.076,0.0,427.7041620562354,True,True,True
eval_MoTaTiZrHf-HEA-DDRX-900C_TEM_largeFOV-DislocationCharacterization_0#11,sift|direct|none|s0,DislocationCharacterization,sift,core,434.077,0.0005656724153976358,427.7041620562354,True,True,True
eval_MoTaTiZrHf-HEA-DDRX-900C_TEM_largeFOV-DislocationCharacterization_0#12,sift|direct|none|s0,DislocationCharacterization,sift,core,510.141,0.00028586315152097087,510.7112573671852,True,True,True
eval_MoTaTiZrHf-HEA-DDRX-900C_TEM_largeFOV-DislocationCharacterization_0#13,sift|direct|none|s0,DislocationCharacterization,sift,core,510.141,0.0,510.7112573671852,True,True,True
eval_MoTaTiZrHf-HEA-DDRX-900C_TEM_largeFOV-DislocationCharacterization_0#14,sift|direct|none|s0,DislocationCharacterization,sift,core,510.076,0.054312606692258736,510.7112573671852,True,True,True
eval_MoTaTiZrHf-HEA-DDRX-900C_TEM_largeFOV-DislocationCharacterization_0#15,sift|direct|none|s0,DislocationCharacterization,sift,core,434.084,0.007795177860947583,427.7041620562354,True,True,True
eval_MoTaTiZrHf-HEA-DDRX-900C_TEM_largeFOV-DislocationCharacterization_0#16,sift|direct|none|s0,DislocationCharacterization,sift,core,434.079,0.003097353716877469,427.7041620562354,True,True,True
eval_MoTaTiZrHf-HEA-DDRX-900C_TEM_largeFOV-DislocationCharacterization_0#17,sift|direct|none|s0,DislocationCharacterization,sift,core,434.069,0.009040550645723152,427.7041620562354,True,True,True
eval_TRIP1-Bainitic_LOM_SEM_EBSD_Multiscale_0#0,sift|direct|none|s0,Multiscale,sift,core,946.078,1683.5404658405098,1546.8880551353102,False,False,False
eval_TRIP1-Bainitic_LOM_SEM_EBSD_Multiscale_0#1,sift|direct|none|s0,Multiscale,sift,core,4.582,42.60730564659763,41.92651964922444,False,False,False
eval_TRIP1-Bainitic_LOM_SEM_EBSD_Multiscale_0#2,sift|direct|none|s0,Multiscale,sift,core,11.158,26.976045945729243,20.082746220152444,False,False,False
eval_TRIP1-Bainitic_LOM_SEM_EBSD_Multiscale_0#3,sift|direct|none|s0,Multiscale,sift,core,1378.875,5646.428136205106,975.1935200006224,False,False,False
eval_TRIP1-Bainitic_LOM_SEM_EBSD_Multiscale_0#4,sift|direct|none|s0,Multiscale,sift,core,1857.747,1357.8046403335184,975.3427342073453,False,False,False
eval_TRIP1-Bainitic_LOM_SEM_EBSD_Multiscale_0#5,sift|direct|none|s0,Multiscale,sift,core,2275.506,3329.455514237071,974.5966727802365,False,False,False
eval_TRIP1-Bainitic_LOM_SEM_EBSD_Multiscale_0#6,sift|direct|none|s0,Multiscale,sift,core,3559.445,3554.6579650383023,974.5966727802365,False,False,False
eval_Ta-AM-Spalled_SEM-BSE_EBSD_SameSliceSerialSectioning_0#0,sift|direct|none|s0,SerialSectioning,sift,core,1621.652,2123.690098750263,3553.3886640913247,False,False,False
eval_Ta-AM-Spalled_SEM-BSE_EBSD_SameSliceSerialSectioning_0#1,sift|direct|none|s0,SerialSectioning,sift,core,3237.17,2136.967494410292,3553.3886640913247,False,False,False
eval_Ta-AM-Spalled_SEM-BSE_EBSD_SameSliceSerialSectioning_0#2,sift|direct|none|s0,SerialSectioning,sift,core,2255.227,5954.845040199255,3553.3886640913247,False,False,False
eval_Ta-AM-Spalled_SEM-BSE_EBSD_SameSliceSerialSectioning_1#0,sift|direct|none|s0,SerialSectioning,sift,core,2259.163,2027.3007153550955,3254.437914113256,False,False,False
eval_Ta-AM-Spalled_SEM-BSE_EBSD_SameSliceSerialSectioning_1#1,sift|direct|none|s0,SerialSectioning,sift,core,1974.359,3706.2004831018726,3254.437914113256,False,False,False
eval_Ta-AM-Spalled_SEM-BSE_EBSD_SameSliceSerialSectioning_1#2,sift|direct|none|s0,SerialSectioning,sift,core,1449.022,4422.924764270861,3254.437914113256,False,False,False
eval_Ta-AM-Spalled_SEM-BSE_EBSD_SameSliceSerialSectioning_2#0,sift|direct|none|s0,SerialSectioning,sift,core,2743.835,4989.223125421194,3235.854974060104,False,False,False
eval_Ta-AM-Spalled_SEM-BSE_EBSD_SameSliceSerialSectioning_2#1,sift|direct|none|s0,SerialSectioning,sift,core,3589.327,4932.327966068512,3235.854974060104,False,False,False
eval_Ta-AM-Spalled_SEM-BSE_EBSD_SameSliceSerialSectioning_2#2,sift|direct|none|s0,SerialSectioning,sift,core,2557.324,1705.566423406569,3235.854974060104,False,False,False
eval_Ti3AlC2-MAX-Phase_TEM_DislocationCharacterization_0#0,sift|direct|none|s0,DislocationCharacterization,sift,core,68.362,148.54766902923092,74.07887722377498,False,False,False
eval_Ti3AlC2-MAX-Phase_TEM_DislocationCharacterization_0#1,sift|direct|none|s0,DislocationCharacterization,sift,core,inf,,1.2519457393431235,False,False,False
eval_Ti3AlC2-MAX-Phase_TEM_DislocationCharacterization_0#2,sift|direct|none|s0,DislocationCharacterization,sift,core,2.148,70.90188790726157,69.77706677883077,False,False,False
eval_X2CrNi12-Ferritic_SEM-SE-Stitch_EBSD_Fatigue-SameSlice_0#0,sift|direct|none|s0,SameSlice,sift,core,8.935,516.5854844419704,512.8066672981621,False,False,False
eval_X2CrNi12-Ferritic_SEM-SE-Stitch_EBSD_Fatigue-SameSlice_0#1,sift|direct|none|s0,SameSlice,sift,core,2268.686,3748.999711233393,3549.567300432973,False,False,False
eval_X2CrNi12-Ferritic_SEM-SE-Stitch_EBSD_Fatigue-SameSlice_0#2,sift|direct|none|s0,SameSlice,sift,core,4850.695,8197.473609341476,3549.567300432973,False,False,False
eval_X2CrNi12-Ferritic_SEM-SE-Stitch_EBSD_Fatigue-SameSlice_0#3,sift|direct|none|s0,SameSlice,sift,core,6472.481,9055.539696149805,3161.008099797329,False,False,False
eval_X2CrNi12-Ferritic_SEM-SE-Stitch_EBSD_Fatigue-SameSlice_0#4,sift|direct|none|s0,SameSlice,sift,core,5694.492,7409.200238723532,3161.008099797329,False,False,False
eval_5842WCu-Spalled_SEM-SE_SEM-BSE_Multiscale_0#0,loftr|direct|none|s0,Multiscale,loftr,core,31.467,1613.304485727725,1640.9157118787784,False,False,False
eval_AF9628-Martensitic_SEM-SE-Stitch_EBSD_SameSlice_0#0,loftr|direct|none|s0,SameSlice,loftr,core,5134.227,9401.64995025374,4379.665287698245,False,False,False
eval_AF9628-Martensitic_SEM-SE-Stitch_EBSD_SameSlice_0#1,loftr|direct|none|s0,SameSlice,loftr,core,1636.741,4812.677474025413,4379.665287698245,False,False,False
eval_AF9628-Martensitic_SEM-SE-Stitch_EBSD_SameSlice_0#2,loftr|direct|none|s0,SameSlice,loftr,core,9.903,4372.808108524196,4379.665287698245,False,False,False
eval_AF9628-Martensitic_SEM-SE-Stitch_EBSD_SameSlice_1#0,loftr|direct|none|s0,SameSlice,loftr,core,252.659,3794.0716592680174,3794.057868227916,False,False,False
eval_AF9628-Martensitic_SEM-SE-Stitch_EBSD_SameSlice_1#1,loftr|direct|none|s0,SameSlice,loftr,core,488.166,3652.3353865730214,3794.057868227916,False,False,False
eval_AF9628-Martensitic_SEM-SE-Stitch_EBSD_SameSlice_1#2,loftr|direct|none|s0,SameSlice,loftr,core,32.988,3805.75921641785,3794.057868227916,False,False,False
eval_AF9628-Martensitic_SEM-SE-Stitch_EBSD_SameSlice_2#0,loftr|direct|none|s0,SameSlice,loftr,core,12.325,3159.5875345954955,3166.362747256587,False,False,False
eval_AF9628-Martensitic_SEM-SE-Stitch_EBSD_SameSlice_2#1,loftr|direct|none|s0,SameSlice,loftr,core,436.794,3117.9838397109165,3166.362747256587,False,False,False
eval_AF9628-Martensitic_SEM-SE-Stitch_EBSD_SameSlice_2#2,loftr|direct|none|s0,SameSlice,loftr,core,10.62,3170.271776877514,3166.362747256587,False,False,False
eval_AF9628-Martensitic_SEM-SE-Stitch_EBSD_SameSlice_3#0,loftr|direct|none|s0,SameSlice,loftr,core,77.847,3587.1541263122485,3605.988497472302,False,False,False
eval_AF9628-Martensitic_SEM-SE-Stitch_EBSD_SameSlice_3#1,loftr|direct|none|s0,SameSlice,loftr,core,2330.39,4980.235431986205,3605.988497472302,False,False,False
eval_AF9628-Martensitic_SEM-SE-Stitch_EBSD_SameSlice_3#2,loftr|direct|none|s0,SameSlice,loftr,core,64.144,3614.2390613092266,3605.988497472302,False,False,False
eval_AF9628-Martensitic_SEM-SE-Stitch_EBSD_SameSlice_4#0,loftr|direct|none|s0,SameSlice,loftr,core,26.639,3969.1960618094263,3964.3365470616873,False,False,False
eval_AF9628-Martensitic_SEM-SE-Stitch_EBSD_SameSlice_4#1,loftr|direct|none|s0,SameSlice,loftr,core,9555.913,7429.939173762087,3964.3365470616873,False,False,False
eval_AF9628-Martensitic_SEM-SE-Stitch_EBSD_SameSlice_4#2,loftr|direct|none|s0,SameSlice,loftr,core,6.361,3964.415636398541,3964.3365470616873,False,False,False
eval_C103_SEM-SE_LOM-DC-Height_FractureSurfaces_0#0,loftr|direct|none|s0,FractureSurfaces,loftr,core,1298.293,8206.268656299195,1739.5512772071381,False,False,False
eval_C103_SEM-SE_LOM-DC-Height_FractureSurfaces_0#1,loftr|direct|none|s0,FractureSurfaces,loftr,core,1379.497,2014.688103776794,1739.5512772071381,False,False,False
eval_C103_SEM-SE_LOM-DC-Height_FractureSurfaces_1#0,loftr|direct|none|s0,FractureSurfaces,loftr,core,767.338,2085.0596022217624,2760.9479899659173,False,False,False
eval_C103_SEM-SE_LOM-DC-Height_FractureSurfaces_1#1,loftr|direct|none|s0,FractureSurfaces,loftr,core,298.285,2556.6137022497965,2760.9479899659173,False,False,False
eval_C103_SEM-SE_LOM-DC-Height_FractureSurfaces_2#0,loftr|direct|none|s0,FractureSurfaces,loftr,core,1445.22,1664.1878099522512,2240.8395984666686,False,False,False
eval_C103_SEM-SE_LOM-DC-Height_FractureSurfaces_2#1,loftr|direct|none|s0,FractureSurfaces,loftr,core,7213.437,5851.965120825258,2240.8395984666686,True,False,False
eval_CoNi-AM67_OM-SEM_Multiscale_0#0,loftr|direct|none|s0,Multiscale,loftr,core,13.27,570.7723541579072,573.1677945159098,False,False,False
eval_CoNi-AM67_OM-SEM_Multiscale_0#1,loftr|direct|none|s0,Multiscale,loftr,core,981.332,1241.6784420179204,573.1677945159098,False,False,False
eval_CoNi-AM67_OM-SEM_Multiscale_0#2,loftr|direct|none|s0,Multiscale,loftr,core,300.988,807.99883436978,637.5474244682443,False,False,False
eval_CoNi-AM67_SEM-EBSD_SameSliceSerialSectioning_0#0,loftr|direct|none|s0,SerialSectioning,loftr,core,81.772,1528.490756136043,1514.0474558928317,False,False,False
eval_CoNi-AM67_SEM-EBSD_SameSliceSerialSectioning_0#1,loftr|direct|none|s0,SerialSectioning,loftr,core,1370.26,2730.293064213586,1514.0474558928317,False,False,False
eval_CoNi-AM67_SEM-EBSD_SameSliceSerialSectioning_0#2,loftr|direct|none|s0,SerialSectioning,loftr,core,59.56,1512.8444125911392,1514.0474558928317,False,False,False
eval_CoNi-AM67_SEM-EBSD_SameSliceSerialSectioning_0#3,loftr|direct|none|s0,SerialSectioning,loftr,core,327.111,1655.9480302669406,1514.0474558928317,False,False,False
eval_CoNi-AM67_SEM-EBSD_SameSliceSerialSectioning_0#4,loftr|direct|none|s0,SerialSectioning,loftr,core,795.823,829.6186899694293,1514.0474558928317,False,False,False
eval_CoNi-AM67_SEM-EBSD_SameSliceSerialSectioning_0#5,loftr|direct|none|s0,SerialSectioning,loftr,core,378.94,1287.2869940520998,1514.0474558928317,False,False,False
eval_CoNi-AM67_SEM-EBSD_SameSliceSerialSectioning_1#0,loftr|direct|none|s0,SerialSectioning,loftr,core,114.995,1480.5441843773503,1468.2458357440826,False,False,False
eval_CoNi-AM67_SEM-EBSD_SameSliceSerialSectioning_1#1,loftr|direct|none|s0,SerialSectioning,loftr,core,1405.994,2629.437599136812,1468.2458357440826,False,False,False
eval_CoNi-AM67_SEM-EBSD_SameSliceSerialSectioning_1#2,loftr|direct|none|s0,SerialSectioning,loftr,core,389.406,1848.214651434978,1468.2458357440826,False,False,False
eval_CoNi-AM67_SEM-EBSD_SameSliceSerialSectioning_1#3,loftr|direct|none|s0,SerialSectioning,loftr,core,390.643,1507.5617654515286,1468.2458357440826,False,False,False
eval_CoNi-AM67_SEM-EBSD_SameSliceSerialSectioning_1#4,loftr|direct|none|s0,SerialSectioning,loftr,core,603.615,1799.7764690230542,1468.2458357440826,False,False,False
eval_CoNi-AM67_SEM-EBSD_SameSliceSerialSectioning_1#5,loftr|direct|none|s0,SerialSectioning,loftr,core,316.551,1254.4253799817345,1468.2458357440826,False,False,False
eval_CoNi-AM67_SEM-EBSD_SameSliceSerialSectioning_2#0,loftr|direct|none|s0,SerialSectioning,loftr,core,1225.402,1677.0170387900705,1461.4176959109016,False,False,False
eval_CoNi-AM67_SEM-EBSD_SameSliceSerialSectioning_2#1,loftr|direct|none|s0,SerialSectioning,loftr,core,1802.331,2436.9574923437644,1461.4176959109016,False,False,False
eval_CoNi-AM67_SEM-EBSD_SameSliceSerialSectioning_2#2,loftr|direct|none|s0,SerialSectioning,loftr,core,586.711,1887.0731778773259,1461.4176959109016,False,False,False
eval_CoNi-AM67_SEM-EBSD_SameSliceSerialSectioning_2#3,loftr|direct|none|s0,SerialSectioning,loftr,core,310.465,1326.5945578529686,1461.4176959109016,False,False,False
eval_CoNi-AM67_SEM-EBSD_SameSliceSerialSectioning_2#4,loftr|direct|none|s0,SerialSectioning,loftr,core,3703.679,1131.6036442382558,1461.4176959109016,False,False,False
eval_CoNi-AM67_SEM-EBSD_SameSliceSerialSectioning_2#5,loftr|direct|none|s0,SerialSectioning,loftr,core,871.125,2801.4447351182343,1461.4176959109016,False,False,False
eval_CoNi-AM90_OM-SEM_Multiscale_0#0,loftr|direct|none|s0,Multiscale,loftr,core,629.902,1694.9198553095914,1093.0057200582637,False,False,False
eval_CoNi-AM90_OM-SEM_Multiscale_0#1,loftr|direct|none|s0,Multiscale,loftr,core,956.514,1534.8028726224993,538.2817125825392,False,False,False
eval_CoNi-AM90_SEM-DIC_EBSD_SlipPartitioning_0#0,loftr|direct|none|s0,SlipPartitioning,loftr,core,666.833,9752.170982764495,9671.051310742896,False,False,False
eval_CoNi-AM90_SEM-DIC_EBSD_SlipPartitioning_0#1,loftr|direct|none|s0,SlipPartitioning,loftr,core,1215.672,9763.136203011849,9671.051310742896,False,False,False
eval_CoNi-AM90_SEM-DIC_EBSD_SlipPartitioning_0#2,loftr|direct|none|s0,SlipPartitioning,loftr,core,587.802,9272.544699691833,9671.051310742896,False,False,False
eval_CoNi-AM90_SEM-DIC_EBSD_SlipPartitioning_0#3,loftr|direct|none|s0,SlipPartitioning,loftr,core,646.313,9196.147335363341,9671.051310742896,False,False,False
eval_CoNi-AM90_SEM-DIC_EBSD_SlipPartitioning_0#4,loftr|direct|none|s0,SlipPartitioning,loftr,core,772.02,9082.267132287952,9671.051310742896,False,False,False
eval_CoNi-AM90_SEM-DIC_EBSD_SlipPartitioning_0#5,loftr|direct|none|s0,SlipPartitioning,loftr,core,429.969,9423.537750711937,9671.051310742896,False,False,False
eval_CoNi-AM90_SEM-DIC_EBSD_SlipPartitioning_0#6,loftr|direct|none|s0,SlipPartitioning,loftr,core,741.656,9556.0017091108,9671.051310742896,False,False,False
eval_CoNi-AM90_SEM-DIC_EBSD_SlipPartitioning_0#7,loftr|direct|none|s0,SlipPartitioning,loftr,core,2201.248,10314.076869156974,9671.051310742896,False,False,False
eval_CoNi-AM90_SEM-DIC_EBSD_SlipPartitioning_0#8,loftr|direct|none|s0,SlipPartitioning,loftr,core,752.473,8875.31345329522,9671.051310742896,False,False,False
eval_CoNi-AM90_SEM-DIC_EBSD_SlipPartitioning_0#9,loftr|direct|none|s0,SlipPartitioning,loftr,core,2276.509,10348.864154216315,9671.051310742896,False,False,False
eval_CoNi-AM90_SEM-DIC_EBSD_SlipPartitioning_0#10,loftr|direct|none|s0,SlipPartitioning,loftr,core,816.184,9012.963974020426,9671.051310742896,False,False,False
eval_CoNi-AM90_SEM-DIC_EBSD_SlipPartitioning_0#11,loftr|direct|none|s0,SlipPartitioning,loftr,core,690.516,9256.070686717629,9671.051310742896,False,False,False
eval_CoNi-AM90_SEM-DIC_EBSD_SlipPartitioning_0#12,loftr|direct|none|s0,SlipPartitioning,loftr,core,975.937,9952.790383691045,9671.051310742896,False,False,False
eval_CoNi-AM90_SEM-DIC_EBSD_SlipPartitioning_0#13,loftr|direct|none|s0,SlipPartitioning,loftr,core,1171.383,10444.541570077978,9671.051310742896,False,False,False
eval_CoNi-AM90_SEM-DIC_EBSD_SlipPartitioning_0#14,loftr|direct|none|s0,SlipPartitioning,loftr,core,853.746,9206.841924673809,9671.051310742896,False,False,False
eval_CoNi-AM90_SEM-DIC_EBSD_SlipPartitioning_0#15,loftr|direct|none|s0,SlipPartitioning,loftr,core,791.247,10357.407578387258,9671.051310742896,False,False,False
eval_CoNi-AM90_SEM-DIC_EBSD_SlipPartitioning_0#16,loftr|direct|none|s0,SlipPartitioning,loftr,core,579.685,9775.518248291111,9671.051310742896,False,False,False
eval_CoNi-AM90_SEM-DIC_EBSD_SlipPartitioning_0#17,loftr|direct|none|s0,SlipPartitioning,loftr,core,581.352,9445.918820697865,9671.051310742896,False,False,False
eval_CoNi-AM90_SEM-DIC_EBSD_SlipPartitioning_0#18,loftr|direct|none|s0,SlipPartitioning,loftr,core,626.936,9855.801697181883,9671.051310742896,False,False,False
eval_CoNi-AM90_SEM-DIC_EBSD_SlipPartitioning_0#19,loftr|direct|none|s0,SlipPartitioning,loftr,core,659.604,10532.814822936794,9671.051310742896,False,False,False
eval_CoNi-AM90_SEM-DIC_EBSD_SlipPartitioning_0#20,loftr|direct|none|s0,SlipPartitioning,loftr,core,962.687,9985.518915014149,9671.051310742896,False,False,False
eval_CoNi-AM90_SEM-DIC_EBSD_SlipPartitioning_0#21,loftr|direct|none|s0,SlipPartitioning,loftr,core,508.093,9748.723119308832,9671.051310742896,False,False,False
eval_CoNi-AM90_SEM-DIC_EBSD_SlipPartitioning_0#22,loftr|direct|none|s0,SlipPartitioning,loftr,core,831.083,9659.745083839933,9671.051310742896,False,False,False
eval_CoNi-AM90_SEM-DIC_EBSD_SlipPartitioning_0#23,loftr|direct|none|s0,SlipPartitioning,loftr,core,552.73,9802.82287952471,9671.051310742896,False,False,False
eval_CoNi-AM90_SEM-DIC_EBSD_SlipPartitioning_0#24,loftr|direct|none|s0,SlipPartitioning,loftr,core,357.06,10165.683183367864,9671.051310742896,False,False,False
eval_CoNi-AM90_SEM-DIC_EBSD_SlipPartitioning_0#25,loftr|direct|none|s0,SlipPartitioning,loftr,core,991.752,9561.936800121288,9671.051310742896,False,False,False
eval_CoNi-AM90_SEM-DIC_EBSD_SlipPartitioning_0#26,loftr|direct|none|s0,SlipPartitioning,loftr,core,438.19,9806.545830062754,9671.051310742896,False,False,False
eval_CoNi-AM90_SEM-EBSD_SameSlice_0#0,loftr|direct|none|s0,SameSlice,loftr,core,6.221,8931.454684296148,8929.302079474888,False,False,False
eval_CoNi-AM90_SEM-EBSD_SameSlice_0#1,loftr|direct|none|s0,SameSlice,loftr,core,2.352,8928.92948453494,8929.302079474888,False,False,False
eval_CoNi-AM90_SEM-EBSD_SameSlice_0#2,loftr|direct|none|s0,SameSlice,loftr,core,30.161,8917.080124482738,8929.302079474888,False,False,False
eval_CoNi-AM90_SEM-EBSD_SameSlice_0#3,loftr|direct|none|s0,SameSlice,loftr,core,804.65,9605.35879025512,8929.302079474888,False,False,False
eval_CoNi-AM90_SEM-EBSD_SameSlice_0#4,loftr|direct|none|s0,SameSlice,loftr,core,478.358,9035.8199070059,8929.302079474888,False,False,False
eval_CoNi-AM90_SEM-EBSD_SameSlice_0#5,loftr|direct|none|s0,SameSlice,loftr,core,551.394,8976.166196663195,8929.302079474888,False,False,False
eval_CoNi_SEM-SE_SEM-BSE_Cracks-SameSliceSerialSectioning_0#0,loftr|direct|none|s0,SerialSectioning,loftr,core,10.026,1064.9518307647747,1067.3043744784136,False,False,False
eval_In718-PrecipitationStrengthened_SEM-BSE_EBSD_SameSliceSerialSectioning_0#0,loftr|direct|none|s0,SerialSectioning,loftr,core,71.965,3677.4787137582393,3666.3568655009735,False,False,False
eval_In718-PrecipitationStrengthened_SEM-BSE_EBSD_SameSliceSerialSectioning_1#0,loftr|direct|none|s0,SerialSectioning,loftr,core,42.698,3680.116451083196,3643.3357725965784,False,False,False
eval_In718-PrecipitationStrengthened_SEM-BSE_EBSD_SameSliceSerialSectioning_2#0,loftr|direct|none|s0,SerialSectioning,loftr,core,647.929,5360.302964788608,3644.479519716709,False,False,False
eval_In718-PrecipitationStrengthened_SEM-BSE_EBSD_SameSliceSerialSectioning_3#0,loftr|direct|none|s0,SerialSectioning,loftr,core,1222.448,3435.9220392351244,3646.2391600041365,False,False,False
eval_In718-PrecipitationStrengthened_SEM-DIC_EBSD_SlipPartitioning_0#0,loftr|direct|none|s0,SlipPartitioning,loftr,core,inf,,6545.947731845366,False,False,False
eval_In718-PrecipitationStrengthened_SEM-DIC_EBSD_SlipPartitioning_0#1,loftr|direct|none|s0,SlipPartitioning,loftr,core,inf,,6545.947731845366,False,False,False
eval_In718-PrecipitationStrengthened_SEM-DIC_EBSD_SlipPartitioning_0#2,loftr|direct|none|s0,SlipPartitioning,loftr,core,inf,,6545.947731845366,False,False,False
eval_In718-PrecipitationStrengthened_SEM-DIC_EBSD_SlipPartitioning_0#3,loftr|direct|none|s0,SlipPartitioning,loftr,core,inf,,6545.947731845366,False,False,False
eval_In718-SolutionStrengthened_SEM-SE_EBSD_SameSliceSerialSectioning_0#0,loftr|direct|none|s0,SerialSectioning,loftr,core,498.286,347.7828449900168,915.3036002283283,False,False,False
eval_In718-SolutionStrengthened_SEM-SE_EBSD_SameSliceSerialSectioning_0#1,loftr|direct|none|s0,SerialSectioning,loftr,core,281.258,643.6488546488957,857.8366028120234,False,False,False
eval_In718-SolutionStrengthened_SEM-SE_EBSD_SameSliceSerialSectioning_0#2,loftr|direct|none|s0,SerialSectioning,loftr,core,319.733,787.2068270358428,857.8366028120234,False,False,False
eval_In718-SolutionStrengthened_SEM-SE_EBSD_SameSliceSerialSectioning_0#3,loftr|direct|none|s0,SerialSectioning,loftr,core,863.758,1523.4907792803301,857.8366028120234,False,False,False
eval_In718-SolutionStrengthened_SEM-SE_EBSD_SameSliceSerialSectioning_1#0,loftr|direct|none|s0,SerialSectioning,loftr,core,30.897,658.7826094498893,643.9548230749092,False,False,False
eval_In718-SolutionStrengthened_SEM-SE_EBSD_SameSliceSerialSectioning_1#1,loftr|direct|none|s0,SerialSectioning,loftr,core,345.327,906.7295292045595,643.9548230749092,False,False,False
eval_In718-SolutionStrengthened_SEM-SE_EBSD_SameSliceSerialSectioning_2#0,loftr|direct|none|s0,SerialSectioning,loftr,core,26.458,643.5223662177156,644.3175629159776,False,False,False
eval_In718-SolutionStrengthened_SEM-SE_EBSD_SameSliceSerialSectioning_2#1,loftr|direct|none|s0,SerialSectioning,loftr,core,119.373,630.8524522497531,644.3175629159776,False,False,False
eval_In718-SolutionStrengthened_SEM-SE_EBSD_SameSliceSerialSectioning_3#0,loftr|direct|none|s0,SerialSectioning,loftr,core,20.018,635.0969124766877,650.7636247772366,False,False,False
eval_In718-SolutionStrengthened_SEM-SE_EBSD_SameSliceSerialSectioning_3#1,loftr|direct|none|s0,SerialSectioning,loftr,core,87.532,682.9135732211226,650.7636247772366,False,False,False
eval_MoTaTiZrHf-HEA-DDRX-1100C_TEM_DislocationCharacterization_0#0,loftr|direct|none|s0,DislocationCharacterization,loftr,core,59.347,28.84662778540186,72.7054614232099,True,True,False
eval_MoTaTiZrHf-HEA-DDRX-1100C_TEM_DislocationCharacterization_0#1,loftr|direct|none|s0,DislocationCharacterization,loftr,core,70.072,6.237796808509683,72.7054614232099,True,True,True
eval_MoTaTiZrHf-HEA-DDRX-1100C_TEM_DislocationCharacterization_0#2,loftr|direct|none|s0,DislocationCharacterization,loftr,core,65.918,13.249659709573057,72.7054614232099,True,True,True
eval_MoTaTiZrHf-HEA-DDRX-1100C_TEM_DislocationCharacterization_0#3,loftr|direct|none|s0,DislocationCharacterization,loftr,core,68.201,12.932800683633708,72.7054614232099,True,True,True
eval_MoTaTiZrHf-HEA-DDRX-1100C_TEM_DislocationCharacterization_0#4,loftr|direct|none|s0,DislocationCharacterization,loftr,core,192.008,7.270117983215658,173.97341437036224,True,True,True
eval_MoTaTiZrHf-HEA-DDRX-1100C_TEM_DislocationCharacterization_0#5,loftr|direct|none|s0,DislocationCharacterization,loftr,core,171.5,115.88220552270485,173.97341437036224,True,True,False
eval_MoTaTiZrHf-HEA-DDRX-1100C_TEM_DislocationCharacterization_0#6,loftr|direct|none|s0,DislocationCharacterization,loftr,core,189.492,16.653789743307875,173.97341437036224,True,True,True
eval_MoTaTiZrHf-HEA-DDRX-1100C_TEM_DislocationCharacterization_0#7,loftr|direct|none|s0,DislocationCharacterization,loftr,core,173.636,30.254422391904804,173.97341437036224,True,True,False
eval_MoTaTiZrHf-HEA-DDRX-1100C_TEM_DislocationCharacterization_0#8,loftr|direct|none|s0,DislocationCharacterization,loftr,core,84.328,94.21438042497628,72.7054614232099,True,True,False
eval_MoTaTiZrHf-HEA-DDRX-1100C_TEM_DislocationCharacterization_0#9,loftr|direct|none|s0,DislocationCharacterization,loftr,core,68.323,40.35746403647381,72.7054614232099,True,True,False
eval_MoTaTiZrHf-HEA-DDRX-1100C_TEM_DislocationCharacterization_0#10,loftr|direct|none|s0,DislocationCharacterization,loftr,core,71.945,3.733666856990088,72.7054614232099,True,True,True
eval_MoTaTiZrHf-HEA-DDRX-1100C_TEM_DislocationCharacterization_0#11,loftr|direct|none|s0,DislocationCharacterization,loftr,core,22.999,81.52900936355552,72.7054614232099,True,True,False
eval_MoTaTiZrHf-HEA-DDRX-1100C_TEM_DislocationCharacterization_0#12,loftr|direct|none|s0,DislocationCharacterization,loftr,core,189.175,2.8004881657688774,173.97341437036224,True,True,True
eval_MoTaTiZrHf-HEA-DDRX-1100C_TEM_DislocationCharacterization_0#13,loftr|direct|none|s0,DislocationCharacterization,loftr,core,189.75,5.53265443845198,173.97341437036224,True,True,True
eval_MoTaTiZrHf-HEA-DDRX-1100C_TEM_DislocationCharacterization_0#14,loftr|direct|none|s0,DislocationCharacterization,loftr,core,188.963,11.47616231627331,173.97341437036224,True,True,True
eval_MoTaTiZrHf-HEA-DDRX-1100C_TEM_DislocationCharacterization_0#15,loftr|direct|none|s0,DislocationCharacterization,loftr,core,177.802,15.759678785868083,173.97341437036224,True,True,True
eval_MoTaTiZrHf-HEA-DDRX-1100C_TEM_DislocationCharacterization_0#16,loftr|direct|none|s0,DislocationCharacterization,loftr,core,78.097,74.05269631341316,72.7054614232099,True,True,False
eval_MoTaTiZrHf-HEA-DDRX-1100C_TEM_DislocationCharacterization_0#17,loftr|direct|none|s0,DislocationCharacterization,loftr,core,67.751,59.76431040998252,72.7054614232099,True,True,False
eval_MoTaTiZrHf-HEA-DDRX-1100C_TEM_DislocationCharacterization_0#18,loftr|direct|none|s0,DislocationCharacterization,loftr,core,71.103,5.490427526416721,72.7054614232099,True,True,True
eval_MoTaTiZrHf-HEA-DDRX-1100C_TEM_DislocationCharacterization_0#19,loftr|direct|none|s0,DislocationCharacterization,loftr,core,24.501,81.36254797714176,72.7054614232099,True,True,False
eval_MoTaTiZrHf-HEA-DDRX-1100C_TEM_DislocationCharacterization_0#20,loftr|direct|none|s0,DislocationCharacterization,loftr,core,181.807,11.055380716372401,173.97341437036224,True,True,True
eval_MoTaTiZrHf-HEA-DDRX-1100C_TEM_DislocationCharacterization_0#21,loftr|direct|none|s0,DislocationCharacterization,loftr,core,170.769,40.42604577737505,173.97341437036224,True,True,False
eval_MoTaTiZrHf-HEA-DDRX-1100C_TEM_DislocationCharacterization_0#22,loftr|direct|none|s0,DislocationCharacterization,loftr,core,187.309,12.267319378723899,173.97341437036224,True,True,True
eval_MoTaTiZrHf-HEA-DDRX-1100C_TEM_DislocationCharacterization_0#23,loftr|direct|none|s0,DislocationCharacterization,loftr,core,178.853,17.568502097592983,173.97341437036224,True,True,True
eval_MoTaTiZrHf-HEA-DDRX-1100C_TEM_DislocationCharacterization_0#24,loftr|direct|none|s0,DislocationCharacterization,loftr,core,61.589,28.383261043879667,72.7054614232099,True,True,False
eval_MoTaTiZrHf-HEA-DDRX-1100C_TEM_DislocationCharacterization_0#25,loftr|direct|none|s0,DislocationCharacterization,loftr,core,58.648,34.386884118960545,72.7054614232099,True,True,False
eval_MoTaTiZrHf-HEA-DDRX-1100C_TEM_DislocationCharacterization_0#26,loftr|direct|none|s0,DislocationCharacterization,loftr,core,62.243,29.671453153805004,72.7054614232099,True,True,False
eval_MoTaTiZrHf-HEA-DDRX-1100C_TEM_DislocationCharacterization_0#27,loftr|direct|none|s0,DislocationCharacterization,loftr,core,66.208,23.19315258910951,72.7054614232099,True,True,False
eval_MoTaTiZrHf-HEA-DDRX-1100C_TEM_DislocationCharacterization_0#28,loftr|direct|none|s0,DislocationCharacterization,loftr,core,189.571,5.059456139514303,173.97341437036224,True,True,True
eval_MoTaTiZrHf-HEA-DDRX-1100C_TEM_DislocationCharacterization_0#29,loftr|direct|none|s0,DislocationCharacterization,loftr,core,185.245,17.010551421428527,173.97341437036224,True,True,True
eval_MoTaTiZrHf-HEA-DDRX-1100C_TEM_DislocationCharacterization_0#30,loftr|direct|none|s0,DislocationCharacterization,loftr,core,184.983,4.205986662548852,173.97341437036224,True,True,True
eval_MoTaTiZrHf-HEA-DDRX-1100C_TEM_DislocationCharacterization_0#31,loftr|direct|none|s0,DislocationCharacterization,loftr,core,184.241,5.456767619971031,173.97341437036224,True,True,True
eval_MoTaTiZrHf-HEA-DDRX-900C_TEM_DislocationCharacterization_0#0,loftr|direct|none|s0,DislocationCharacterization,loftr,core,57.395,3.565739896652546,54.27409954263899,True,True,True
eval_MoTaTiZrHf-HEA-DDRX-900C_TEM_DislocationCharacterization_0#1,loftr|direct|none|s0,DislocationCharacterization,loftr,core,62.979,9.688803524818523,54.27409954263899,True,True,True
eval_MoTaTiZrHf-HEA-DDRX-900C_TEM_DislocationCharacterization_0#2,loftr|direct|none|s0,DislocationCharacterization,loftr,core,61.096,4.907052117780576,54.27409954263899,True,True,True
eval_MoTaTiZrHf-HEA-DDRX-900C_TEM_DislocationCharacterization_0#3,loftr|direct|none|s0,DislocationCharacterization,loftr,core,79.967,25.416436764243134,54.27409954263899,True,True,False
eval_MoTaTiZrHf-HEA-DDRX-900C_TEM_DislocationCharacterization_0#4,loftr|direct|none|s0,DislocationCharacterization,loftr,core,75.512,48.8092619303595,54.27409954263899,True,True,False
eval_MoTaTiZrHf-HEA-DDRX-900C_TEM_DislocationCharacterization_0#5,loftr|direct|none|s0,DislocationCharacterization,loftr,core,57.316,3.2827979520641093,54.27409954263899,True,True,True
eval_MoTaTiZrHf-HEA-DDRX-900C_TEM_DislocationCharacterization_0#6,loftr|direct|none|s0,DislocationCharacterization,loftr,core,59.483,0.8798204035611519,54.27409954263899,True,True,True
eval_MoTaTiZrHf-HEA-DDRX-900C_TEM_DislocationCharacterization_0#7,loftr|direct|none|s0,DislocationCharacterization,loftr,core,63.217,8.233167158725971,54.27409954263899,True,True,True
eval_MoTaTiZrHf-HEA-DDRX-900C_TEM_DislocationCharacterization_0#8,loftr|direct|none|s0,DislocationCharacterization,loftr,core,61.876,10.670378495804625,54.27409954263899,True,True,True
eval_MoTaTiZrHf-HEA-DDRX-900C_TEM_DislocationCharacterization_0#9,loftr|direct|none|s0,DislocationCharacterization,loftr,core,64.043,18.944374692169998,54.27409954263899,True,True,True
eval_MoTaTiZrHf-HEA-DDRX-900C_TEM_DislocationCharacterization_0#10,loftr|direct|none|s0,DislocationCharacterization,loftr,core,49.199,18.25242532942869,54.27409954263899,True,True,True
eval_MoTaTiZrHf-HEA-DDRX-900C_TEM_DislocationCharacterization_0#11,loftr|direct|none|s0,DislocationCharacterization,loftr,core,71.33,36.61880602445267,54.27409954263899,True,True,False
eval_MoTaTiZrHf-HEA-DDRX-900C_TEM_DislocationCharacterization_0#12,loftr|direct|none|s0,DislocationCharacterization,loftr,core,68.366,12.103251777577157,54.27409954263899,True,True,True
eval_MoTaTiZrHf-HEA-DDRX-900C_TEM_DislocationCharacterization_0#13,loftr|direct|none|s0,DislocationCharacterization,loftr,core,57.662,4.747023048753573,54.27409954263899,True,True,True
eval_MoTaTiZrHf-HEA-DDRX-900C_TEM_DislocationCharacterization_0#14,loftr|direct|none|s0,DislocationCharacterization,loftr,core,58.032,2.287191051959204,54.27409954263899,True,True,True
eval_MoTaTiZrHf-HEA-DDRX-900C_TEM_DislocationCharacterization_0#15,loftr|direct|none|s0,DislocationCharacterization,loftr,core,61.269,3.632236790128616,54.27409954263899,True,True,True
eval_MoTaTiZrHf-HEA-DDRX-900C_TEM_largeFOV-DislocationCharacterization_0#0,loftr|direct|none|s0,DislocationCharacterization,loftr,core,535.087,23.160172568817185,510.7112573671852,True,True,False
eval_MoTaTiZrHf-HEA-DDRX-900C_TEM_largeFOV-DislocationCharacterization_0#1,loftr|direct|none|s0,DislocationCharacterization,loftr,core,552.45,32.962835329965934,510.7112573671852,True,True,False
eval_MoTaTiZrHf-HEA-DDRX-900C_TEM_largeFOV-DislocationCharacterization_0#2,loftr|direct|none|s0,DislocationCharacterization,loftr,core,548.682,30.074190030477695,510.7112573671852,True,True,False
eval_MoTaTiZrHf-HEA-DDRX-900C_TEM_largeFOV-DislocationCharacterization_0#3,loftr|direct|none|s0,DislocationCharacterization,loftr,core,447.7,19.980120928656348,427.7041620562354,True,True,True
eval_MoTaTiZrHf-HEA-DDRX-900C_TEM_largeFOV-DislocationCharacterization_0#4,loftr|direct|none|s0,DislocationCharacterization,loftr,core,461.336,32.74445009549597,427.7041620562354,True,True,False
eval_MoTaTiZrHf-HEA-DDRX-900C_TEM_largeFOV-DislocationCharacterization_0#5,loftr|direct|none|s0,DislocationCharacterization,loftr,core,462.743,31.008128065433755,427.7041620562354,True,True,False
eval_MoTaTiZrHf-HEA-DDRX-900C_TEM_largeFOV-DislocationCharacterization_0#6,loftr|direct|none|s0,DislocationCharacterization,loftr,core,519.074,7.12874289660581,510.7112573671852,True,True,True
eval_MoTaTiZrHf-HEA-DDRX-900C_TEM_largeFOV-DislocationCharacterization_0#7,loftr|direct|none|s0,DislocationCharacterization,loftr,core,532.366,18.25173163741915,510.7112573671852,True,True,True
eval_MoTaTiZrHf-HEA-DDRX-900C_TEM_largeFOV-DislocationCharacterization_0#8,loftr|direct|none|s0,DislocationCharacterization,loftr,core,543.41,26.394071763077594,510.7112573671852,True,True,False
eval_MoTaTiZrHf-HEA-DDRX-900C_TEM_largeFOV-DislocationCharacterization_0#9,loftr|direct|none|s0,DislocationCharacterization,loftr,core,429.025,4.632171301095863,427.7041620562354,True,True,True
eval_MoTaTiZrHf-HEA-DDRX-900C_TEM_largeFOV-DislocationCharacterization_0#10,loftr|direct|none|s0,DislocationCharacterization,loftr,core,455.146,21.692224704657406,427.7041620562354,True,True,False
eval_MoTaTiZrHf-HEA-DDRX-900C_TEM_largeFOV-DislocationCharacterization_0#11,loftr|direct|none|s0,DislocationCharacterization,loftr,core,457.842,21.88162535190936,427.7041620562354,True,True,False
eval_MoTaTiZrHf-HEA-DDRX-900C_TEM_largeFOV-DislocationCharacterization_0#12,loftr|direct|none|s0,DislocationCharacterization,loftr,core,498.843,10.641338078520718,510.7112573671852,True,True,True
eval_MoTaTiZrHf-HEA-DDRX-900C_TEM_largeFOV-DislocationCharacterization_0#13,loftr|direct|none|s0,DislocationCharacterization,loftr,core,534.727,19.189047279055114,510.7112573671852,True,True,True
eval_MoTaTiZrHf-HEA-DDRX-900C_TEM_largeFOV-DislocationCharacterization_0#14,loftr|direct|none|s0,DislocationCharacterization,loftr,core,535.375,19.6104157273519,510.7112573671852,True,True,True
eval_MoTaTiZrHf-HEA-DDRX-900C_TEM_largeFOV-DislocationCharacterization_0#15,loftr|direct|none|s0,DislocationCharacterization,loftr,core,430.5,4.366095285344787,427.7041620562354,True,True,True
eval_MoTaTiZrHf-HEA-DDRX-900C_TEM_largeFOV-DislocationCharacterization_0#16,loftr|direct|none|s0,DislocationCharacterization,loftr,core,451.135,24.37047527457996,427.7041620562354,True,True,False
eval_MoTaTiZrHf-HEA-DDRX-900C_TEM_largeFOV-DislocationCharacterization_0#17,loftr|direct|none|s0,DislocationCharacterization,loftr,core,446.178,10.907518012065157,427.7041620562354,True,True,True
eval_TRIP1-Bainitic_LOM_SEM_EBSD_Multiscale_0#0,loftr|direct|none|s0,Multiscale,loftr,core,1.814,1547.4130452765544,1546.8880551353102,False,False,False
eval_TRIP1-Bainitic_LOM_SEM_EBSD_Multiscale_0#1,loftr|direct|none|s0,Multiscale,loftr,core,1.884,41.802788172877634,41.92651964922444,False,False,False
eval_TRIP1-Bainitic_LOM_SEM_EBSD_Multiscale_0#2,loftr|direct|none|s0,Multiscale,loftr,core,9.681,24.01957148552601,20.082746220152444,False,False,False
eval_TRIP1-Bainitic_LOM_SEM_EBSD_Multiscale_0#3,loftr|direct|none|s0,Multiscale,loftr,core,897.851,1159.4490579445294,975.1935200006224,False,False,False
eval_TRIP1-Bainitic_LOM_SEM_EBSD_Multiscale_0#4,loftr|direct|none|s0,Multiscale,loftr,core,1073.666,1741.8271852871417,975.3427342073453,False,False,False
eval_TRIP1-Bainitic_LOM_SEM_EBSD_Multiscale_0#5,loftr|direct|none|s0,Multiscale,loftr,core,19268.6,3859.989187177129,974.5966727802365,False,False,False
eval_TRIP1-Bainitic_LOM_SEM_EBSD_Multiscale_0#6,loftr|direct|none|s0,Multiscale,loftr,core,19095.73,28028.560451995203,974.5966727802365,False,False,False
eval_Ta-AM-Spalled_SEM-BSE_EBSD_SameSliceSerialSectioning_0#0,loftr|direct|none|s0,SerialSectioning,loftr,core,1005.924,3423.5655972346112,3553.3886640913247,False,False,False
eval_Ta-AM-Spalled_SEM-BSE_EBSD_SameSliceSerialSectioning_0#1,loftr|direct|none|s0,SerialSectioning,loftr,core,1697.842,2348.168936933921,3553.3886640913247,False,False,False
eval_Ta-AM-Spalled_SEM-BSE_EBSD_SameSliceSerialSectioning_0#2,loftr|direct|none|s0,SerialSectioning,loftr,core,92.872,3530.5517247386206,3553.3886640913247,False,False,False
eval_Ta-AM-Spalled_SEM-BSE_EBSD_SameSliceSerialSectioning_1#0,loftr|direct|none|s0,SerialSectioning,loftr,core,69.907,3268.7620337596,3254.437914113256,False,False,False
eval_Ta-AM-Spalled_SEM-BSE_EBSD_SameSliceSerialSectioning_1#1,loftr|direct|none|s0,SerialSectioning,loftr,core,513.196,3072.1970341690985,3254.437914113256,False,False,False
eval_Ta-AM-Spalled_SEM-BSE_EBSD_SameSliceSerialSectioning_1#2,loftr|direct|none|s0,SerialSectioning,loftr,core,68.851,3271.134152040137,3254.437914113256,False,False,False
eval_Ta-AM-Spalled_SEM-BSE_EBSD_SameSliceSerialSectioning_2#0,loftr|direct|none|s0,SerialSectioning,loftr,core,632.123,3147.020375214571,3235.854974060104,False,False,False
eval_Ta-AM-Spalled_SEM-BSE_EBSD_SameSliceSerialSectioning_2#1,loftr|direct|none|s0,SerialSectioning,loftr,core,9245.317,12187.48603458513,3235.854974060104,False,False,False
eval_Ta-AM-Spalled_SEM-BSE_EBSD_SameSliceSerialSectioning_2#2,loftr|direct|none|s0,SerialSectioning,loftr,core,86.282,3254.5947500910315,3235.854974060104,False,False,False
eval_Ti3AlC2-MAX-Phase_TEM_DislocationCharacterization_0#0,loftr|direct|none|s0,DislocationCharacterization,loftr,core,2.555,73.5801754907528,74.07887722377498,False,False,False
eval_Ti3AlC2-MAX-Phase_TEM_DislocationCharacterization_0#1,loftr|direct|none|s0,DislocationCharacterization,loftr,core,1.896,0.6137653237944982,1.2519457393431235,False,False,False
eval_Ti3AlC2-MAX-Phase_TEM_DislocationCharacterization_0#2,loftr|direct|none|s0,DislocationCharacterization,loftr,core,1.261,69.93236049616317,69.77706677883077,False,False,False
eval_X2CrNi12-Ferritic_SEM-SE-Stitch_EBSD_Fatigue-SameSlice_0#0,loftr|direct|none|s0,SameSlice,loftr,core,9.176,512.5912587493222,512.8066672981621,False,False,False
eval_X2CrNi12-Ferritic_SEM-SE-Stitch_EBSD_Fatigue-SameSlice_0#1,loftr|direct|none|s0,SameSlice,loftr,core,29.455,3569.3310830624523,3549.567300432973,False,False,False
eval_X2CrNi12-Ferritic_SEM-SE-Stitch_EBSD_Fatigue-SameSlice_0#2,loftr|direct|none|s0,SameSlice,loftr,core,25.074,3567.653315666048,3549.567300432973,False,False,False
eval_X2CrNi12-Ferritic_SEM-SE-Stitch_EBSD_Fatigue-SameSlice_0#3,loftr|direct|none|s0,SameSlice,loftr,core,71.006,3129.677038144301,3161.008099797329,False,False,False
eval_X2CrNi12-Ferritic_SEM-SE-Stitch_EBSD_Fatigue-SameSlice_0#4,loftr|direct|none|s0,SameSlice,loftr,core,41.71,3159.017490058288,3161.008099797329,False,False,False
eval_5842WCu-Spalled_SEM-SE_SEM-BSE_Multiscale_0#0,matchanything|direct|none|s0,Multiscale,matchanything,core,122.518,1711.594594736702,1640.9157118787784,False,False,False
eval_AF9628-Martensitic_SEM-SE-Stitch_EBSD_SameSlice_0#0,matchanything|direct|none|s0,SameSlice,matchanything,core,1720.685,5712.755207047558,4379.665287698245,False,False,False
eval_AF9628-Martensitic_SEM-SE-Stitch_EBSD_SameSlice_0#1,matchanything|direct|none|s0,SameSlice,matchanything,core,3589.916,6200.201046871496,4379.665287698245,False,False,False
eval_AF9628-Martensitic_SEM-SE-Stitch_EBSD_SameSlice_0#2,matchanything|direct|none|s0,SameSlice,matchanything,core,155.138,4336.265647865094,4379.665287698245,False,False,False
eval_AF9628-Martensitic_SEM-SE-Stitch_EBSD_SameSlice_1#0,matchanything|direct|none|s0,SameSlice,matchanything,core,451.122,3925.2929873970484,3794.057868227916,False,False,False
eval_AF9628-Martensitic_SEM-SE-Stitch_EBSD_SameSlice_1#1,matchanything|direct|none|s0,SameSlice,matchanything,core,1810.258,3686.4853613108794,3794.057868227916,False,False,False
eval_AF9628-Martensitic_SEM-SE-Stitch_EBSD_SameSlice_1#2,matchanything|direct|none|s0,SameSlice,matchanything,core,253.959,3925.0982725341273,3794.057868227916,False,False,False
eval_AF9628-Martensitic_SEM-SE-Stitch_EBSD_SameSlice_2#0,matchanything|direct|none|s0,SameSlice,matchanything,core,1664.408,2134.786888435608,3166.362747256587,False,False,False
eval_AF9628-Martensitic_SEM-SE-Stitch_EBSD_SameSlice_2#1,matchanything|direct|none|s0,SameSlice,matchanything,core,487.844,3146.4841250507084,3166.362747256587,False,False,False
eval_AF9628-Martensitic_SEM-SE-Stitch_EBSD_SameSlice_2#2,matchanything|direct|none|s0,SameSlice,matchanything,core,244.8,2988.032975003884,3166.362747256587,False,False,False
eval_AF9628-Martensitic_SEM-SE-Stitch_EBSD_SameSlice_3#0,matchanything|direct|none|s0,SameSlice,matchanything,core,7531.125,8854.554653895362,3605.988497472302,False,False,False
eval_AF9628-Martensitic_SEM-SE-Stitch_EBSD_SameSlice_3#1,matchanything|direct|none|s0,SameSlice,matchanything,core,2177.28,4921.224715181153,3605.988497472302,False,False,False
eval_AF9628-Martensitic_SEM-SE-Stitch_EBSD_SameSlice_3#2,matchanything|direct|none|s0,SameSlice,matchanything,core,1733.404,3303.025591230537,3605.988497472302,False,False,False
eval_AF9628-Martensitic_SEM-SE-Stitch_EBSD_SameSlice_4#0,matchanything|direct|none|s0,SameSlice,matchanything,core,55.165,3949.8375211312664,3964.3365470616873,False,False,False
eval_AF9628-Martensitic_SEM-SE-Stitch_EBSD_SameSlice_4#1,matchanything|direct|none|s0,SameSlice,matchanything,core,2259.409,5997.694884901871,3964.3365470616873,False,False,False
eval_AF9628-Martensitic_SEM-SE-Stitch_EBSD_SameSlice_4#2,matchanything|direct|none|s0,SameSlice,matchanything,core,226.478,3822.086610257941,3964.3365470616873,False,False,False
eval_C103_SEM-SE_LOM-DC-Height_FractureSurfaces_0#0,matchanything|direct|none|s0,FractureSurfaces,matchanything,core,1044.422,1986.9505961815928,1739.5512772071381,False,False,False
eval_C103_SEM-SE_LOM-DC-Height_FractureSurfaces_0#1,matchanything|direct|none|s0,FractureSurfaces,matchanything,core,1875.733,2854.9721370746825,1739.5512772071381,False,False,False
eval_C103_SEM-SE_LOM-DC-Height_FractureSurfaces_1#0,matchanything|direct|none|s0,FractureSurfaces,matchanything,core,628.195,2439.867835057903,2760.9479899659173,False,False,False
eval_C103_SEM-SE_LOM-DC-Height_FractureSurfaces_1#1,matchanything|direct|none|s0,FractureSurfaces,matchanything,core,700.973,1966.7583491525788,2760.9479899659173,False,False,False
eval_C103_SEM-SE_LOM-DC-Height_FractureSurfaces_2#0,matchanything|direct|none|s0,FractureSurfaces,matchanything,core,839.919,4406.197788613723,2240.8395984666686,False,False,False
eval_C103_SEM-SE_LOM-DC-Height_FractureSurfaces_2#1,matchanything|direct|none|s0,FractureSurfaces,matchanything,core,11409.637,4081.430888677251,2240.8395984666686,True,False,False
eval_CoNi-AM67_OM-SEM_Multiscale_0#0,matchanything|direct|none|s0,Multiscale,matchanything,core,420.716,752.5990450358247,573.1677945159098,False,False,False
eval_CoNi-AM67_OM-SEM_Multiscale_0#1,matchanything|direct|none|s0,Multiscale,matchanything,core,3112.039,14247.730997853047,573.1677945159098,False,False,False
eval_CoNi-AM67_OM-SEM_Multiscale_0#2,matchanything|direct|none|s0,Multiscale,matchanything,core,970.529,980.0064481870791,637.5474244682443,False,False,False
eval_CoNi-AM67_SEM-EBSD_SameSliceSerialSectioning_0#0,matchanything|direct|none|s0,SerialSectioning,matchanything,core,20760.531,25722.24816193287,1514.0474558928317,False,False,False
eval_CoNi-AM67_SEM-EBSD_SameSliceSerialSectioning_0#1,matchanything|direct|none|s0,SerialSectioning,matchanything,core,492.508,2147.0549768208775,1514.0474558928317,False,False,False
eval_CoNi-AM67_SEM-EBSD_SameSliceSerialSectioning_0#2,matchanything|direct|none|s0,SerialSectioning,matchanything,core,1558.956,2771.1987771080435,1514.0474558928317,False,False,False
eval_CoNi-AM67_SEM-EBSD_SameSliceSerialSectioning_0#3,matchanything|direct|none|s0,SerialSectioning,matchanything,core,1509.677,5057.644243503344,1514.0474558928317,False,False,False
eval_CoNi-AM67_SEM-EBSD_SameSliceSerialSectioning_0#4,matchanything|direct|none|s0,SerialSectioning,matchanything,core,3271.671,7026.39808394673,1514.0474558928317,False,False,False
eval_CoNi-AM67_SEM-EBSD_SameSliceSerialSectioning_0#5,matchanything|direct|none|s0,SerialSectioning,matchanything,core,343.697,1549.9946339222033,1514.0474558928317,False,False,False
eval_CoNi-AM67_SEM-EBSD_SameSliceSerialSectioning_1#0,matchanything|direct|none|s0,SerialSectioning,matchanything,core,1038.903,1737.5220086741622,1468.2458357440826,False,False,False
eval_CoNi-AM67_SEM-EBSD_SameSliceSerialSectioning_1#1,matchanything|direct|none|s0,SerialSectioning,matchanything,core,2597.671,3215.8989034579204,1468.2458357440826,False,False,False
eval_CoNi-AM67_SEM-EBSD_SameSliceSerialSectioning_1#2,matchanything|direct|none|s0,SerialSectioning,matchanything,core,164.713,1452.0512113349855,1468.2458357440826,False,False,False
eval_CoNi-AM67_SEM-EBSD_SameSliceSerialSectioning_1#3,matchanything|direct|none|s0,SerialSectioning,matchanything,core,2231.568,1958.7787285527133,1468.2458357440826,False,False,False
eval_CoNi-AM67_SEM-EBSD_SameSliceSerialSectioning_1#4,matchanything|direct|none|s0,SerialSectioning,matchanything,core,292.047,1321.4830492560168,1468.2458357440826,False,False,False
eval_CoNi-AM67_SEM-EBSD_SameSliceSerialSectioning_1#5,matchanything|direct|none|s0,SerialSectioning,matchanything,core,868.816,3399.41611245385,1468.2458357440826,False,False,False
eval_CoNi-AM67_SEM-EBSD_SameSliceSerialSectioning_2#0,matchanything|direct|none|s0,SerialSectioning,matchanything,core,1885.836,3557.6185176357867,1461.4176959109016,False,False,False
eval_CoNi-AM67_SEM-EBSD_SameSliceSerialSectioning_2#1,matchanything|direct|none|s0,SerialSectioning,matchanything,core,2074.294,3273.454910796638,1461.4176959109016,False,False,False
eval_CoNi-AM67_SEM-EBSD_SameSliceSerialSectioning_2#2,matchanything|direct|none|s0,SerialSectioning,matchanything,core,446.21,1228.6884350789849,1461.4176959109016,False,False,False
eval_CoNi-AM67_SEM-EBSD_SameSliceSerialSectioning_2#3,matchanything|direct|none|s0,SerialSectioning,matchanything,core,1822.048,22810.846055615155,1461.4176959109016,False,False,False
eval_CoNi-AM67_SEM-EBSD_SameSliceSerialSectioning_2#4,matchanything|direct|none|s0,SerialSectioning,matchanything,core,1178.612,49420.21804994461,1461.4176959109016,False,False,False
eval_CoNi-AM67_SEM-EBSD_SameSliceSerialSectioning_2#5,matchanything|direct|none|s0,SerialSectioning,matchanything,core,478.794,1599.0655021945056,1461.4176959109016,False,False,False
eval_CoNi-AM90_OM-SEM_Multiscale_0#0,matchanything|direct|none|s0,Multiscale,matchanything,core,653.352,1463.4603975498808,1093.0057200582637,False,False,False
eval_CoNi-AM90_OM-SEM_Multiscale_0#1,matchanything|direct|none|s0,Multiscale,matchanything,core,1284.777,1998.0398984370827,538.2817125825392,False,False,False
eval_CoNi-AM90_SEM-DIC_EBSD_SlipPartitioning_0#0,matchanything|direct|none|s0,SlipPartitioning,matchanything,core,2478.216,11865.151725104568,9671.051310742896,False,False,False
eval_CoNi-AM90_SEM-DIC_EBSD_SlipPartitioning_0#1,matchanything|direct|none|s0,SlipPartitioning,matchanything,core,729.286,9483.558473195546,9671.051310742896,False,False,False
eval_CoNi-AM90_SEM-DIC_EBSD_SlipPartitioning_0#2,matchanything|direct|none|s0,SlipPartitioning,matchanything,core,1423.511,9717.827007891548,9671.051310742896,False,False,False
eval_CoNi-AM90_SEM-DIC_EBSD_SlipPartitioning_0#3,matchanything|direct|none|s0,SlipPartitioning,matchanything,core,2247.757,11058.426269277554,9671.051310742896,False,False,False
eval_CoNi-AM90_SEM-DIC_EBSD_SlipPartitioning_0#4,matchanything|direct|none|s0,SlipPartitioning,matchanything,core,844.479,10154.495681897759,9671.051310742896,False,False,False
eval_CoNi-AM90_SEM-DIC_EBSD_SlipPartitioning_0#5,matchanything|direct|none|s0,SlipPartitioning,matchanything,core,588.196,10130.73990247826,9671.051310742896,False,False,False
eval_CoNi-AM90_SEM-DIC_EBSD_SlipPartitioning_0#6,matchanything|direct|none|s0,SlipPartitioning,matchanything,core,1879.475,11415.115945002779,9671.051310742896,False,False,False
eval_CoNi-AM90_SEM-DIC_EBSD_SlipPartitioning_0#7,matchanything|direct|none|s0,SlipPartitioning,matchanything,core,714.833,10220.036486901408,9671.051310742896,False,False,False
eval_CoNi-AM90_SEM-DIC_EBSD_SlipPartitioning_0#8,matchanything|direct|none|s0,SlipPartitioning,matchanything,core,602.2,9309.808263455618,9671.051310742896,False,False,False
eval_CoNi-AM90_SEM-DIC_EBSD_SlipPartitioning_0#9,matchanything|direct|none|s0,SlipPartitioning,matchanything,core,674.251,10088.789287911895,9671.051310742896,False,False,False
eval_CoNi-AM90_SEM-DIC_EBSD_SlipPartitioning_0#10,matchanything|direct|none|s0,SlipPartitioning,matchanything,core,857.377,9687.454031211208,9671.051310742896,False,False,False
eval_CoNi-AM90_SEM-DIC_EBSD_SlipPartitioning_0#11,matchanything|direct|none|s0,SlipPartitioning,matchanything,core,880.792,9995.062918084637,9671.051310742896,False,False,False
eval_CoNi-AM90_SEM-DIC_EBSD_SlipPartitioning_0#12,matchanything|direct|none|s0,SlipPartitioning,matchanything,core,1559.745,9785.26522456401,9671.051310742896,False,False,False
eval_CoNi-AM90_SEM-DIC_EBSD_SlipPartitioning_0#13,matchanything|direct|none|s0,SlipPartitioning,matchanything,core,1533.166,10449.79138441527,9671.051310742896,False,False,False
eval_CoNi-AM90_SEM-DIC_EBSD_SlipPartitioning_0#14,matchanything|direct|none|s0,SlipPartitioning,matchanything,core,764.663,9980.904246344488,9671.051310742896,False,False,False
eval_CoNi-AM90_SEM-DIC_EBSD_SlipPartitioning_0#15,matchanything|direct|none|s0,SlipPartitioning,matchanything,core,inf,,9671.051310742896,False,False,False
eval_CoNi-AM90_SEM-DIC_EBSD_SlipPartitioning_0#16,matchanything|direct|none|s0,SlipPartitioning,matchanything,core,inf,,9671.051310742896,False,False,False
eval_CoNi-AM90_SEM-DIC_EBSD_SlipPartitioning_0#17,matchanything|direct|none|s0,SlipPartitioning,matchanything,core,863.556,8993.756568386138,9671.051310742896,False,False,False
eval_CoNi-AM90_SEM-DIC_EBSD_SlipPartitioning_0#18,matchanything|direct|none|s0,SlipPartitioning,matchanything,core,973.409,9892.453726497282,9671.051310742896,False,False,False
eval_CoNi-AM90_SEM-DIC_EBSD_SlipPartitioning_0#19,matchanything|direct|none|s0,SlipPartitioning,matchanything,core,inf,,9671.051310742896,False,False,False
eval_CoNi-AM90_SEM-DIC_EBSD_SlipPartitioning_0#20,matchanything|direct|none|s0,SlipPartitioning,matchanything,core,19765.642,21504.93813812019,9671.051310742896,False,False,False
eval_CoNi-AM90_SEM-DIC_EBSD_SlipPartitioning_0#21,matchanything|direct|none|s0,SlipPartitioning,matchanything,core,386.115,9657.988307393694,9671.051310742896,False,False,False
eval_CoNi-AM90_SEM-DIC_EBSD_SlipPartitioning_0#22,matchanything|direct|none|s0,SlipPartitioning,matchanything,core,485.341,18941.250784144788,9671.051310742896,False,False,False
eval_CoNi-AM90_SEM-DIC_EBSD_SlipPartitioning_0#23,matchanything|direct|none|s0,SlipPartitioning,matchanything,core,inf,,9671.051310742896,False,False,False
eval_CoNi-AM90_SEM-DIC_EBSD_SlipPartitioning_0#24,matchanything|direct|none|s0,SlipPartitioning,matchanything,core,433.861,10073.295161711005,9671.051310742896,False,False,False
eval_CoNi-AM90_SEM-DIC_EBSD_SlipPartitioning_0#25,matchanything|direct|none|s0,SlipPartitioning,matchanything,core,801.446,10324.606597410611,9671.051310742896,False,False,False
eval_CoNi-AM90_SEM-DIC_EBSD_SlipPartitioning_0#26,matchanything|direct|none|s0,SlipPartitioning,matchanything,core,996.105,10554.035769896584,9671.051310742896,False,False,False
eval_CoNi-AM90_SEM-EBSD_SameSlice_0#0,matchanything|direct|none|s0,SameSlice,matchanything,core,336.049,9044.856918288015,8929.302079474888,False,False,False
eval_CoNi-AM90_SEM-EBSD_SameSlice_0#1,matchanything|direct|none|s0,SameSlice,matchanything,core,543.314,9241.295074763686,8929.302079474888,False,False,False
eval_CoNi-AM90_SEM-EBSD_SameSlice_0#2,matchanything|direct|none|s0,SameSlice,matchanything,core,897.817,9161.119950091484,8929.302079474888,False,False,False
eval_CoNi-AM90_SEM-EBSD_SameSlice_0#3,matchanything|direct|none|s0,SameSlice,matchanything,core,6015.424,7017.629667114047,8929.302079474888,False,False,False
eval_CoNi-AM90_SEM-EBSD_SameSlice_0#4,matchanything|direct|none|s0,SameSlice,matchanything,core,1220.267,8951.906824900136,8929.302079474888,False,False,False
eval_CoNi-AM90_SEM-EBSD_SameSlice_0#5,matchanything|direct|none|s0,SameSlice,matchanything,core,717.578,9026.634579558588,8929.302079474888,False,False,False
eval_CoNi_SEM-SE_SEM-BSE_Cracks-SameSliceSerialSectioning_0#0,matchanything|direct|none|s0,SerialSectioning,matchanything,core,674.728,1317.1454103523843,1067.3043744784136,False,False,False
eval_In718-PrecipitationStrengthened_SEM-BSE_EBSD_SameSliceSerialSectioning_0#0,matchanything|direct|none|s0,SerialSectioning,matchanything,core,661.999,6197.5803880132,3666.3568655009735,False,False,False
eval_In718-PrecipitationStrengthened_SEM-BSE_EBSD_SameSliceSerialSectioning_1#0,matchanything|direct|none|s0,SerialSectioning,matchanything,core,533.807,3265.057081974983,3643.3357725965784,False,False,False
eval_In718-PrecipitationStrengthened_SEM-BSE_EBSD_SameSliceSerialSectioning_2#0,matchanything|direct|none|s0,SerialSectioning,matchanything,core,1348.274,3091.960456306547,3644.479519716709,False,False,False
eval_In718-PrecipitationStrengthened_SEM-BSE_EBSD_SameSliceSerialSectioning_3#0,matchanything|direct|none|s0,SerialSectioning,matchanything,core,1330.262,4188.172123220605,3646.2391600041365,False,False,False
eval_In718-PrecipitationStrengthened_SEM-DIC_EBSD_SlipPartitioning_0#0,matchanything|direct|none|s0,SlipPartitioning,matchanything,core,inf,,6545.947731845366,False,False,False
eval_In718-PrecipitationStrengthened_SEM-DIC_EBSD_SlipPartitioning_0#1,matchanything|direct|none|s0,SlipPartitioning,matchanything,core,inf,,6545.947731845366,False,False,False
eval_In718-PrecipitationStrengthened_SEM-DIC_EBSD_SlipPartitioning_0#2,matchanything|direct|none|s0,SlipPartitioning,matchanything,core,inf,,6545.947731845366,False,False,False
eval_In718-PrecipitationStrengthened_SEM-DIC_EBSD_SlipPartitioning_0#3,matchanything|direct|none|s0,SlipPartitioning,matchanything,core,inf,,6545.947731845366,False,False,False
eval_In718-SolutionStrengthened_SEM-SE_EBSD_SameSliceSerialSectioning_0#0,matchanything|direct|none|s0,SerialSectioning,matchanything,core,425.264,498.0466587815597,915.3036002283283,False,False,False
eval_In718-SolutionStrengthened_SEM-SE_EBSD_SameSliceSerialSectioning_0#1,matchanything|direct|none|s0,SerialSectioning,matchanything,core,126.769,807.3985999180777,857.8366028120234,False,False,False
eval_In718-SolutionStrengthened_SEM-SE_EBSD_SameSliceSerialSectioning_0#2,matchanything|direct|none|s0,SerialSectioning,matchanything,core,218.837,923.4477201702399,857.8366028120234,False,False,False
eval_In718-SolutionStrengthened_SEM-SE_EBSD_SameSliceSerialSectioning_0#3,matchanything|direct|none|s0,SerialSectioning,matchanything,core,400.078,695.9002934066484,857.8366028120234,False,False,False
eval_In718-SolutionStrengthened_SEM-SE_EBSD_SameSliceSerialSectioning_1#0,matchanything|direct|none|s0,SerialSectioning,matchanything,core,73.543,638.1547999240161,643.9548230749092,False,False,False
eval_In718-SolutionStrengthened_SEM-SE_EBSD_SameSliceSerialSectioning_1#1,matchanything|direct|none|s0,SerialSectioning,matchanything,core,254.733,527.2925847741412,643.9548230749092,False,False,False
eval_In718-SolutionStrengthened_SEM-SE_EBSD_SameSliceSerialSectioning_2#0,matchanything|direct|none|s0,SerialSectioning,matchanything,core,139.133,687.5370939433087,644.3175629159776,False,False,False
eval_In718-SolutionStrengthened_SEM-SE_EBSD_SameSliceSerialSectioning_2#1,matchanything|direct|none|s0,SerialSectioning,matchanything,core,19.189,628.6945651569856,644.3175629159776,False,False,False
eval_In718-SolutionStrengthened_SEM-SE_EBSD_SameSliceSerialSectioning_3#0,matchanything|direct|none|s0,SerialSectioning,matchanything,core,155.592,696.7874314454534,650.7636247772366,False,False,False
eval_In718-SolutionStrengthened_SEM-SE_EBSD_SameSliceSerialSectioning_3#1,matchanything|direct|none|s0,SerialSectioning,matchanything,core,644.534,1367.472600927798,650.7636247772366,False,False,False
eval_MoTaTiZrHf-HEA-DDRX-1100C_TEM_DislocationCharacterization_0#0,matchanything|direct|none|s0,DislocationCharacterization,matchanything,core,73.689,0.0,72.7054614232099,True,True,True
eval_MoTaTiZrHf-HEA-DDRX-1100C_TEM_DislocationCharacterization_0#1,matchanything|direct|none|s0,DislocationCharacterization,matchanything,core,73.689,0.0,72.7054614232099,True,True,True
eval_MoTaTiZrHf-HEA-DDRX-1100C_TEM_DislocationCharacterization_0#2,matchanything|direct|none|s0,DislocationCharacterization,matchanything,core,73.69,0.002065988183403533,72.7054614232099,True,True,True
eval_MoTaTiZrHf-HEA-DDRX-1100C_TEM_DislocationCharacterization_0#3,matchanything|direct|none|s0,DislocationCharacterization,matchanything,core,73.689,0.0,72.7054614232099,True,True,True
eval_MoTaTiZrHf-HEA-DDRX-1100C_TEM_DislocationCharacterization_0#4,matchanything|direct|none|s0,DislocationCharacterization,matchanything,core,187.487,0.008007707901174398,173.97341437036224,True,True,True
eval_MoTaTiZrHf-HEA-DDRX-1100C_TEM_DislocationCharacterization_0#5,matchanything|direct|none|s0,DislocationCharacterization,matchanything,core,187.492,0.0,173.97341437036224,True,True,True
eval_MoTaTiZrHf-HEA-DDRX-1100C_TEM_DislocationCharacterization_0#6,matchanything|direct|none|s0,DislocationCharacterization,matchanything,core,187.492,0.00046541695485302625,173.97341437036224,True,True,True
eval_MoTaTiZrHf-HEA-DDRX-1100C_TEM_DislocationCharacterization_0#7,matchanything|direct|none|s0,DislocationCharacterization,matchanything,core,187.493,0.0016202775198735254,173.97341437036224,True,True,True
eval_MoTaTiZrHf-HEA-DDRX-1100C_TEM_DislocationCharacterization_0#8,matchanything|direct|none|s0,DislocationCharacterization,matchanything,core,73.689,0.0,72.7054614232099,True,True,True
eval_MoTaTiZrHf-HEA-DDRX-1100C_TEM_DislocationCharacterization_0#9,matchanything|direct|none|s0,DislocationCharacterization,matchanything,core,73.689,0.0,72.7054614232099,True,True,True
eval_MoTaTiZrHf-HEA-DDRX-1100C_TEM_DislocationCharacterization_0#10,matchanything|direct|none|s0,DislocationCharacterization,matchanything,core,73.689,0.0004163549063378014,72.7054614232099,True,True,True
eval_MoTaTiZrHf-HEA-DDRX-1100C_TEM_DislocationCharacterization_0#11,matchanything|direct|none|s0,DislocationCharacterization,matchanything,core,73.683,0.009505550138715079,72.7054614232099,True,True,True
eval_MoTaTiZrHf-HEA-DDRX-1100C_TEM_DislocationCharacterization_0#12,matchanything|direct|none|s0,DislocationCharacterization,matchanything,core,187.492,0.0,173.97341437036224,True,True,True
eval_MoTaTiZrHf-HEA-DDRX-1100C_TEM_DislocationCharacterization_0#13,matchanything|direct|none|s0,DislocationCharacterization,matchanything,core,187.492,0.0,173.97341437036224,True,True,True
eval_MoTaTiZrHf-HEA-DDRX-1100C_TEM_DislocationCharacterization_0#14,matchanything|direct|none|s0,DislocationCharacterization,matchanything,core,187.492,0.0004953894334221332,173.97341437036224,True,True,True
eval_MoTaTiZrHf-HEA-DDRX-1100C_TEM_DislocationCharacterization_0#15,matchanything|direct|none|s0,DislocationCharacterization,matchanything,core,187.492,0.0,173.97341437036224,True,True,True
eval_MoTaTiZrHf-HEA-DDRX-1100C_TEM_DislocationCharacterization_0#16,matchanything|direct|none|s0,DislocationCharacterization,matchanything,core,73.689,0.00017381759898853487,72.7054614232099,True,True,True
eval_MoTaTiZrHf-HEA-DDRX-1100C_TEM_DislocationCharacterization_0#17,matchanything|direct|none|s0,DislocationCharacterization,matchanything,core,73.689,0.0,72.7054614232099,True,True,True
eval_MoTaTiZrHf-HEA-DDRX-1100C_TEM_DislocationCharacterization_0#18,matchanything|direct|none|s0,DislocationCharacterization,matchanything,core,73.689,0.0,72.7054614232099,True,True,True
eval_MoTaTiZrHf-HEA-DDRX-1100C_TEM_DislocationCharacterization_0#19,matchanything|direct|none|s0,DislocationCharacterization,matchanything,core,73.691,0.004139508762477817,72.7054614232099,True,True,True
eval_MoTaTiZrHf-HEA-DDRX-1100C_TEM_DislocationCharacterization_0#20,matchanything|direct|none|s0,DislocationCharacterization,matchanything,core,187.491,0.001057593927612288,173.97341437036224,True,True,True
eval_MoTaTiZrHf-HEA-DDRX-1100C_TEM_DislocationCharacterization_0#21,matchanything|direct|none|s0,DislocationCharacterization,matchanything,core,187.492,0.00037082700741848386,173.97341437036224,True,True,True
eval_MoTaTiZrHf-HEA-DDRX-1100C_TEM_DislocationCharacterization_0#22,matchanything|direct|none|s0,DislocationCharacterization,matchanything,core,187.494,0.0038754993472593924,173.97341437036224,True,True,True
eval_MoTaTiZrHf-HEA-DDRX-1100C_TEM_DislocationCharacterization_0#23,matchanything|direct|none|s0,DislocationCharacterization,matchanything,core,187.493,0.0021537945517366096,173.97341437036224,True,True,True
eval_MoTaTiZrHf-HEA-DDRX-1100C_TEM_DislocationCharacterization_0#24,matchanything|direct|none|s0,DislocationCharacterization,matchanything,core,67.387,20.120908033499546,72.7054614232099,True,True,False
eval_MoTaTiZrHf-HEA-DDRX-1100C_TEM_DislocationCharacterization_0#25,matchanything|direct|none|s0,DislocationCharacterization,matchanything,core,73.689,0.0,72.7054614232099,True,True,True
eval_MoTaTiZrHf-HEA-DDRX-1100C_TEM_DislocationCharacterization_0#26,matchanything|direct|none|s0,DislocationCharacterization,matchanything,core,73.69,0.002100846824328073,72.7054614232099,True,True,True
eval_MoTaTiZrHf-HEA-DDRX-1100C_TEM_DislocationCharacterization_0#27,matchanything|direct|none|s0,DislocationCharacterization,matchanything,core,73.686,0.005457765433015993,72.7054614232099,True,True,True
eval_MoTaTiZrHf-HEA-DDRX-1100C_TEM_DislocationCharacterization_0#28,matchanything|direct|none|s0,DislocationCharacterization,matchanything,core,187.492,0.0005744407913198301,173.97341437036224,True,True,True
eval_MoTaTiZrHf-HEA-DDRX-1100C_TEM_DislocationCharacterization_0#29,matchanything|direct|none|s0,DislocationCharacterization,matchanything,core,187.49,0.0035245166631739265,173.97341437036224,True,True,True
eval_MoTaTiZrHf-HEA-DDRX-1100C_TEM_DislocationCharacterization_0#30,matchanything|direct|none|s0,DislocationCharacterization,matchanything,core,187.492,0.0,173.97341437036224,True,True,True
eval_MoTaTiZrHf-HEA-DDRX-1100C_TEM_DislocationCharacterization_0#31,matchanything|direct|none|s0,DislocationCharacterization,matchanything,core,187.492,0.0,173.97341437036224,True,True,True
eval_MoTaTiZrHf-HEA-DDRX-900C_TEM_DislocationCharacterization_0#0,matchanything|direct|none|s0,DislocationCharacterization,matchanything,core,59.227,0.0,54.27409954263899,True,True,True
eval_MoTaTiZrHf-HEA-DDRX-900C_TEM_DislocationCharacterization_0#1,matchanything|direct|none|s0,DislocationCharacterization,matchanything,core,59.227,0.0,54.27409954263899,True,True,True
eval_MoTaTiZrHf-HEA-DDRX-900C_TEM_DislocationCharacterization_0#2,matchanything|direct|none|s0,DislocationCharacterization,matchanything,core,59.227,0.0,54.27409954263899,True,True,True
eval_MoTaTiZrHf-HEA-DDRX-900C_TEM_DislocationCharacterization_0#3,matchanything|direct|none|s0,DislocationCharacterization,matchanything,core,59.227,0.0,54.27409954263899,True,True,True
eval_MoTaTiZrHf-HEA-DDRX-900C_TEM_DislocationCharacterization_0#4,matchanything|direct|none|s0,DislocationCharacterization,matchanything,core,59.228,0.006461467050689862,54.27409954263899,True,True,True
eval_MoTaTiZrHf-HEA-DDRX-900C_TEM_DislocationCharacterization_0#5,matchanything|direct|none|s0,DislocationCharacterization,matchanything,core,59.227,0.0018502331267200133,54.27409954263899,True,True,True
eval_MoTaTiZrHf-HEA-DDRX-900C_TEM_DislocationCharacterization_0#6,matchanything|direct|none|s0,DislocationCharacterization,matchanything,core,59.227,0.0,54.27409954263899,True,True,True
eval_MoTaTiZrHf-HEA-DDRX-900C_TEM_DislocationCharacterization_0#7,matchanything|direct|none|s0,DislocationCharacterization,matchanything,core,59.227,0.0,54.27409954263899,True,True,True
eval_MoTaTiZrHf-HEA-DDRX-900C_TEM_DislocationCharacterization_0#8,matchanything|direct|none|s0,DislocationCharacterization,matchanything,core,59.226,0.00036039617687038116,54.27409954263899,True,True,True
eval_MoTaTiZrHf-HEA-DDRX-900C_TEM_DislocationCharacterization_0#9,matchanything|direct|none|s0,DislocationCharacterization,matchanything,core,59.226,0.0018620794899561588,54.27409954263899,True,True,True
eval_MoTaTiZrHf-HEA-DDRX-900C_TEM_DislocationCharacterization_0#10,matchanything|direct|none|s0,DislocationCharacterization,matchanything,core,59.227,0.0,54.27409954263899,True,True,True
eval_MoTaTiZrHf-HEA-DDRX-900C_TEM_DislocationCharacterization_0#11,matchanything|direct|none|s0,DislocationCharacterization,matchanything,core,59.225,0.0034053413398396513,54.27409954263899,True,True,True
eval_MoTaTiZrHf-HEA-DDRX-900C_TEM_DislocationCharacterization_0#12,matchanything|direct|none|s0,DislocationCharacterization,matchanything,core,59.227,0.0011647143937125292,54.27409954263899,True,True,True
eval_MoTaTiZrHf-HEA-DDRX-900C_TEM_DislocationCharacterization_0#13,matchanything|direct|none|s0,DislocationCharacterization,matchanything,core,59.227,0.0,54.27409954263899,True,True,True
eval_MoTaTiZrHf-HEA-DDRX-900C_TEM_DislocationCharacterization_0#14,matchanything|direct|none|s0,DislocationCharacterization,matchanything,core,59.227,0.0023982042993111463,54.27409954263899,True,True,True
eval_MoTaTiZrHf-HEA-DDRX-900C_TEM_DislocationCharacterization_0#15,matchanything|direct|none|s0,DislocationCharacterization,matchanything,core,59.227,0.0006559579598615529,54.27409954263899,True,True,True
eval_MoTaTiZrHf-HEA-DDRX-900C_TEM_largeFOV-DislocationCharacterization_0#0,matchanything|direct|none|s0,DislocationCharacterization,matchanything,core,510.141,0.0,510.7112573671852,True,True,True
eval_MoTaTiZrHf-HEA-DDRX-900C_TEM_largeFOV-DislocationCharacterization_0#1,matchanything|direct|none|s0,DislocationCharacterization,matchanything,core,510.141,0.0,510.7112573671852,True,True,True
eval_MoTaTiZrHf-HEA-DDRX-900C_TEM_largeFOV-DislocationCharacterization_0#2,matchanything|direct|none|s0,DislocationCharacterization,matchanything,core,510.141,0.0,510.7112573671852,True,True,True
eval_MoTaTiZrHf-HEA-DDRX-900C_TEM_largeFOV-DislocationCharacterization_0#3,matchanything|direct|none|s0,DislocationCharacterization,matchanything,core,434.076,0.0,427.7041620562354,True,True,True
eval_MoTaTiZrHf-HEA-DDRX-900C_TEM_largeFOV-DislocationCharacterization_0#4,matchanything|direct|none|s0,DislocationCharacterization,matchanything,core,434.076,0.0,427.7041620562354,True,True,True
eval_MoTaTiZrHf-HEA-DDRX-900C_TEM_largeFOV-DislocationCharacterization_0#5,matchanything|direct|none|s0,DislocationCharacterization,matchanything,core,434.076,0.0,427.7041620562354,True,True,True
eval_MoTaTiZrHf-HEA-DDRX-900C_TEM_largeFOV-DislocationCharacterization_0#6,matchanything|direct|none|s0,DislocationCharacterization,matchanything,core,510.141,0.0,510.7112573671852,True,True,True
eval_MoTaTiZrHf-HEA-DDRX-900C_TEM_largeFOV-DislocationCharacterization_0#7,matchanything|direct|none|s0,DislocationCharacterization,matchanything,core,510.141,5.926694823286012e-13,510.7112573671852,True,True,True
eval_MoTaTiZrHf-HEA-DDRX-900C_TEM_largeFOV-DislocationCharacterization_0#8,matchanything|direct|none|s0,DislocationCharacterization,matchanything,core,510.141,0.0005348472627701994,510.7112573671852,True,True,True
eval_MoTaTiZrHf-HEA-DDRX-900C_TEM_largeFOV-DislocationCharacterization_0#9,matchanything|direct|none|s0,DislocationCharacterization,matchanything,core,434.076,5.87698783052929e-13,427.7041620562354,True,True,True
eval_MoTaTiZrHf-HEA-DDRX-900C_TEM_largeFOV-DislocationCharacterization_0#10,matchanything|direct|none|s0,DislocationCharacterization,matchanything,core,434.076,0.0,427.7041620562354,True,True,True
eval_MoTaTiZrHf-HEA-DDRX-900C_TEM_largeFOV-DislocationCharacterization_0#11,matchanything|direct|none|s0,DislocationCharacterization,matchanything,core,434.076,0.0,427.7041620562354,True,True,True
eval_MoTaTiZrHf-HEA-DDRX-900C_TEM_largeFOV-DislocationCharacterization_0#12,matchanything|direct|none|s0,DislocationCharacterization,matchanything,core,510.142,0.005028510692177733,510.7112573671852,True,True,True
eval_MoTaTiZrHf-HEA-DDRX-900C_TEM_largeFOV-DislocationCharacterization_0#13,matchanything|direct|none|s0,DislocationCharacterization,matchanything,core,510.141,0.0,510.7112573671852,True,True,True
eval_MoTaTiZrHf-HEA-DDRX-900C_TEM_largeFOV-DislocationCharacterization_0#14,matchanything|direct|none|s0,DislocationCharacterization,matchanything,core,510.141,0.0,510.7112573671852,True,True,True
eval_MoTaTiZrHf-HEA-DDRX-900C_TEM_largeFOV-DislocationCharacterization_0#15,matchanything|direct|none|s0,DislocationCharacterization,matchanything,core,434.076,0.0,427.7041620562354,True,True,True
eval_MoTaTiZrHf-HEA-DDRX-900C_TEM_largeFOV-DislocationCharacterization_0#16,matchanything|direct|none|s0,DislocationCharacterization,matchanything,core,434.074,0.00223806943740783,427.7041620562354,True,True,True
eval_MoTaTiZrHf-HEA-DDRX-900C_TEM_largeFOV-DislocationCharacterization_0#17,matchanything|direct|none|s0,DislocationCharacterization,matchanything,core,434.091,0.014861150810020263,427.7041620562354,True,True,True
eval_TRIP1-Bainitic_LOM_SEM_EBSD_Multiscale_0#0,matchanything|direct|none|s0,Multiscale,matchanything,core,99.523,1589.04049285734,1546.8880551353102,False,False,False
eval_TRIP1-Bainitic_LOM_SEM_EBSD_Multiscale_0#1,matchanything|direct|none|s0,Multiscale,matchanything,core,4.189,39.966561795537146,41.92651964922444,False,False,False
eval_TRIP1-Bainitic_LOM_SEM_EBSD_Multiscale_0#2,matchanything|direct|none|s0,Multiscale,matchanything,core,13.892,14.306330618903376,20.082746220152444,False,False,False
eval_TRIP1-Bainitic_LOM_SEM_EBSD_Multiscale_0#3,matchanything|direct|none|s0,Multiscale,matchanything,core,3882.373,4643.075649075134,975.1935200006224,False,False,False
eval_TRIP1-Bainitic_LOM_SEM_EBSD_Multiscale_0#4,matchanything|direct|none|s0,Multiscale,matchanything,core,1343.111,2423.1387266934103,975.3427342073453,False,False,False
eval_TRIP1-Bainitic_LOM_SEM_EBSD_Multiscale_0#5,matchanything|direct|none|s0,Multiscale,matchanything,core,2339.856,2624.9350456526568,974.5966727802365,False,False,False
eval_TRIP1-Bainitic_LOM_SEM_EBSD_Multiscale_0#6,matchanything|direct|none|s0,Multiscale,matchanything,core,inf,,974.5966727802365,False,False,False
eval_Ta-AM-Spalled_SEM-BSE_EBSD_SameSliceSerialSectioning_0#0,matchanything|direct|none|s0,SerialSectioning,matchanything,core,2500.395,4651.1492689158,3553.3886640913247,False,False,False
eval_Ta-AM-Spalled_SEM-BSE_EBSD_SameSliceSerialSectioning_0#1,matchanything|direct|none|s0,SerialSectioning,matchanything,core,1218.886,4107.05531097424,3553.3886640913247,False,False,False
eval_Ta-AM-Spalled_SEM-BSE_EBSD_SameSliceSerialSectioning_0#2,matchanything|direct|none|s0,SerialSectioning,matchanything,core,1302.516,3536.915277005467,3553.3886640913247,False,False,False
eval_Ta-AM-Spalled_SEM-BSE_EBSD_SameSliceSerialSectioning_1#0,matchanything|direct|none|s0,SerialSectioning,matchanything,core,1230.447,3430.0360996445656,3254.437914113256,False,False,False
eval_Ta-AM-Spalled_SEM-BSE_EBSD_SameSliceSerialSectioning_1#1,matchanything|direct|none|s0,SerialSectioning,matchanything,core,5392.609,7873.615182745666,3254.437914113256,False,False,False
eval_Ta-AM-Spalled_SEM-BSE_EBSD_SameSliceSerialSectioning_1#2,matchanything|direct|none|s0,SerialSectioning,matchanything,core,1990.786,3989.4051358418783,3254.437914113256,False,False,False
eval_Ta-AM-Spalled_SEM-BSE_EBSD_SameSliceSerialSectioning_2#0,matchanything|direct|none|s0,SerialSectioning,matchanything,core,9276.78,8421.48545222537,3235.854974060104,False,False,False
eval_Ta-AM-Spalled_SEM-BSE_EBSD_SameSliceSerialSectioning_2#1,matchanything|direct|none|s0,SerialSectioning,matchanything,core,221.17,3289.9323851641616,3235.854974060104,False,False,False
eval_Ta-AM-Spalled_SEM-BSE_EBSD_SameSliceSerialSectioning_2#2,matchanything|direct|none|s0,SerialSectioning,matchanything,core,2895.323,3943.2136422685767,3235.854974060104,False,False,False
eval_Ti3AlC2-MAX-Phase_TEM_DislocationCharacterization_0#0,matchanything|direct|none|s0,DislocationCharacterization,matchanything,core,34.904,70.49919219218889,74.07887722377498,False,False,False
eval_Ti3AlC2-MAX-Phase_TEM_DislocationCharacterization_0#1,matchanything|direct|none|s0,DislocationCharacterization,matchanything,core,2.174,1.3063082105026256,1.2519457393431235,False,False,False
eval_Ti3AlC2-MAX-Phase_TEM_DislocationCharacterization_0#2,matchanything|direct|none|s0,DislocationCharacterization,matchanything,core,12.33,80.01602556835275,69.77706677883077,False,False,False
eval_X2CrNi12-Ferritic_SEM-SE-Stitch_EBSD_Fatigue-SameSlice_0#0,matchanything|direct|none|s0,SameSlice,matchanything,core,2598.184,3180.1811625905034,512.8066672981621,False,False,False
eval_X2CrNi12-Ferritic_SEM-SE-Stitch_EBSD_Fatigue-SameSlice_0#1,matchanything|direct|none|s0,SameSlice,matchanything,core,3162.517,3038.375705292747,3549.567300432973,False,False,False
eval_X2CrNi12-Ferritic_SEM-SE-Stitch_EBSD_Fatigue-SameSlice_0#2,matchanything|direct|none|s0,SameSlice,matchanything,core,210.938,3678.5569728236815,3549.567300432973,False,False,False
eval_X2CrNi12-Ferritic_SEM-SE-Stitch_EBSD_Fatigue-SameSlice_0#3,matchanything|direct|none|s0,SameSlice,matchanything,core,10330.175,2145.7067939058534,3161.008099797329,False,False,False
eval_X2CrNi12-Ferritic_SEM-SE-Stitch_EBSD_Fatigue-SameSlice_0#4,matchanything|direct|none|s0,SameSlice,matchanything,core,466.743,3573.9488963100735,3161.008099797329,False,False,False
eval_5842WCu-Spalled_SEM-SE_SEM-BSE_Multiscale_0#0,ma_roma|direct|none|s0,Multiscale,ma_roma,core,110.994,1733.101047248486,1640.9157118787784,False,False,False
eval_5842WCu-Spalled_SEM-SE_SEM-BSE_Multiscale_0#0,ma_roma|pyramid_v2|none|s0,Multiscale,ma_roma,core,96.341,1694.624437146767,1640.9157118787784,False,False,False
eval_5842WCu-Spalled_SEM-SE_SEM-BSE_Multiscale_0#0,ma_roma|direct|invert|s0,Multiscale,ma_roma,transform,228.913,1865.84072273683,1640.9157118787784,False,False,False
eval_5842WCu-Spalled_SEM-SE_SEM-BSE_Multiscale_0#0,ma_roma|direct|histmatch|s0,Multiscale,ma_roma,transform,205.377,1844.075237855052,1640.9157118787784,False,False,False
eval_5842WCu-Spalled_SEM-SE_SEM-BSE_Multiscale_0#0,ma_roma|direct|clahe|s0,Multiscale,ma_roma,transform,127.324,1767.7312553470706,1640.9157118787784,False,False,False
eval_5842WCu-Spalled_SEM-SE_SEM-BSE_Multiscale_0#0,ma_roma|direct|gradmag|s0,Multiscale,ma_roma,transform,82.807,1577.0173124198825,1640.9157118787784,False,False,False
eval_AF9628-Martensitic_SEM-SE-Stitch_EBSD_SameSlice_0#0,ma_roma|direct|none|s0,SameSlice,ma_roma,core,8.23,4375.860079422728,4379.665287698245,False,False,False
eval_AF9628-Martensitic_SEM-SE-Stitch_EBSD_SameSlice_0#0,ma_roma|pyramid_v2|none|s0,SameSlice,ma_roma,core,8.23,4375.860079422728,4379.665287698245,False,False,False
eval_AF9628-Martensitic_SEM-SE-Stitch_EBSD_SameSlice_0#0,ma_roma|direct|invert|s0,SameSlice,ma_roma,transform,5.648,4379.292779432515,4379.665287698245,False,False,False
eval_AF9628-Martensitic_SEM-SE-Stitch_EBSD_SameSlice_0#0,ma_roma|direct|histmatch|s0,SameSlice,ma_roma,transform,15.284,4378.148423331627,4379.665287698245,False,False,False
eval_AF9628-Martensitic_SEM-SE-Stitch_EBSD_SameSlice_0#0,ma_roma|direct|clahe|s0,SameSlice,ma_roma,transform,9.208,4375.632078764083,4379.665287698245,False,False,False
eval_AF9628-Martensitic_SEM-SE-Stitch_EBSD_SameSlice_0#0,ma_roma|direct|gradmag|s0,SameSlice,ma_roma,transform,5.253,4378.7121523211945,4379.665287698245,False,False,False
eval_AF9628-Martensitic_SEM-SE-Stitch_EBSD_SameSlice_0#1,ma_roma|direct|none|s0,SameSlice,ma_roma,core,21.026,4389.764693724138,4379.665287698245,False,False,False
eval_AF9628-Martensitic_SEM-SE-Stitch_EBSD_SameSlice_0#1,ma_roma|pyramid_v2|none|s0,SameSlice,ma_roma,core,21.026,4389.764693724138,4379.665287698245,False,False,False
eval_AF9628-Martensitic_SEM-SE-Stitch_EBSD_SameSlice_0#1,ma_roma|direct|invert|s0,SameSlice,ma_roma,transform,12.247,4386.055255491803,4379.665287698245,False,False,False
eval_AF9628-Martensitic_SEM-SE-Stitch_EBSD_SameSlice_0#1,ma_roma|direct|histmatch|s0,SameSlice,ma_roma,transform,45.439,4389.8194700127815,4379.665287698245,False,False,False
eval_AF9628-Martensitic_SEM-SE-Stitch_EBSD_SameSlice_0#1,ma_roma|direct|clahe|s0,SameSlice,ma_roma,transform,149.148,4281.910669140363,4379.665287698245,False,False,False
eval_AF9628-Martensitic_SEM-SE-Stitch_EBSD_SameSlice_0#1,ma_roma|direct|gradmag|s0,SameSlice,ma_roma,transform,559.861,4140.648082452399,4379.665287698245,False,False,False
eval_AF9628-Martensitic_SEM-SE-Stitch_EBSD_SameSlice_0#2,ma_roma|direct|none|s0,SameSlice,ma_roma,core,5.578,4378.130428471088,4379.665287698245,False,False,False
eval_AF9628-Martensitic_SEM-SE-Stitch_EBSD_SameSlice_0#2,ma_roma|pyramid_v2|none|s0,SameSlice,ma_roma,core,5.578,4378.130428471088,4379.665287698245,False,False,False
eval_AF9628-Martensitic_SEM-SE-Stitch_EBSD_SameSlice_0#2,ma_roma|direct|invert|s0,SameSlice,ma_roma,transform,5.862,4376.879958548192,4379.665287698245,False,False,False
eval_AF9628-Martensitic_SEM-SE-Stitch_EBSD_SameSlice_0#2,ma_roma|direct|histmatch|s0,SameSlice,ma_roma,transform,2364.805,5259.819491112928,4379.665287698245,False,False,False
eval_AF9628-Martensitic_SEM-SE-Stitch_EBSD_SameSlice_0#2,ma_roma|direct|clahe|s0,SameSlice,ma_roma,transform,187.451,4493.008365323582,4379.665287698245,False,False,False
eval_AF9628-Martensitic_SEM-SE-Stitch_EBSD_SameSlice_0#2,ma_roma|direct|gradmag|s0,SameSlice,ma_roma,transform,5.521,4377.6487555893455,4379.665287698245,False,False,False
eval_AF9628-Martensitic_SEM-SE-Stitch_EBSD_SameSlice_1#0,ma_roma|direct|none|s0,SameSlice,ma_roma,core,5.99,3796.9070517115238,3794.057868227916,False,False,False
eval_AF9628-Martensitic_SEM-SE-Stitch_EBSD_SameSlice_1#0,ma_roma|pyramid_v2|none|s0,SameSlice,ma_roma,core,5.99,3796.9070517115238,3794.057868227916,False,False,False
eval_AF9628-Martensitic_SEM-SE-Stitch_EBSD_SameSlice_1#0,ma_roma|direct|invert|s0,SameSlice,ma_roma,transform,4.476,3793.4807487433504,3794.057868227916,False,False,False
eval_AF9628-Martensitic_SEM-SE-Stitch_EBSD_SameSlice_1#0,ma_roma|direct|histmatch|s0,SameSlice,ma_roma,transform,31.204,3774.729187606507,3794.057868227916,False,False,False
eval_AF9628-Martensitic_SEM-SE-Stitch_EBSD_SameSlice_1#0,ma_roma|direct|clahe|s0,SameSlice,ma_roma,transform,7.71,3792.3735748621366,3794.057868227916,False,False,False
eval_AF9628-Martensitic_SEM-SE-Stitch_EBSD_SameSlice_1#0,ma_roma|direct|gradmag|s0,SameSlice,ma_roma,transform,4.45,3793.387889193489,3794.057868227916,False,False,False
eval_AF9628-Martensitic_SEM-SE-Stitch_EBSD_SameSlice_1#1,ma_roma|direct|none|s0,SameSlice,ma_roma,core,13.98,3783.295134819674,3794.057868227916,False,False,False
eval_AF9628-Martensitic_SEM-SE-Stitch_EBSD_SameSlice_1#1,ma_roma|pyramid_v2|none|s0,SameSlice,ma_roma,core,13.98,3783.295134819674,3794.057868227916,False,False,False
eval_AF9628-Martensitic_SEM-SE-Stitch_EBSD_SameSlice_1#1,ma_roma|direct|invert|s0,SameSlice,ma_roma,transform,7.462,3788.4974123710494,3794.057868227916,False,False,False
eval_AF9628-Martensitic_SEM-SE-Stitch_EBSD_SameSlice_1#1,ma_roma|direct|histmatch|s0,SameSlice,ma_roma,transform,105.556,3794.968008673983,3794.057868227916,False,False,False
eval_AF9628-Martensitic_SEM-SE-Stitch_EBSD_SameSlice_1#1,ma_roma|direct|clahe|s0,SameSlice,ma_roma,transform,52.858,3796.8421008664836,3794.057868227916,False,False,False
eval_AF9628-Martensitic_SEM-SE-Stitch_EBSD_SameSlice_1#1,ma_roma|direct|gradmag|s0,SameSlice,ma_roma,transform,220.664,3755.2473835846713,3794.057868227916,False,False,False
eval_AF9628-Martensitic_SEM-SE-Stitch_EBSD_SameSlice_1#2,ma_roma|direct|none|s0,SameSlice,ma_roma,core,4.598,3794.0255616286595,3794.057868227916,False,False,False
eval_AF9628-Martensitic_SEM-SE-Stitch_EBSD_SameSlice_1#2,ma_roma|pyramid_v2|none|s0,SameSlice,ma_roma,core,4.598,3794.0255616286595,3794.057868227916,False,False,False
eval_AF9628-Martensitic_SEM-SE-Stitch_EBSD_SameSlice_1#2,ma_roma|direct|invert|s0,SameSlice,ma_roma,transform,4.671,3792.3629458214277,3794.057868227916,False,False,False
eval_AF9628-Martensitic_SEM-SE-Stitch_EBSD_SameSlice_1#2,ma_roma|direct|histmatch|s0,SameSlice,ma_roma,transform,4.574,3793.7282361768735,3794.057868227916,False,False,False
eval_AF9628-Martensitic_SEM-SE-Stitch_EBSD_SameSlice_1#2,ma_roma|direct|clahe|s0,SameSlice,ma_roma,transform,4.663,3793.46596492474,3794.057868227916,False,False,False
eval_AF9628-Martensitic_SEM-SE-Stitch_EBSD_SameSlice_1#2,ma_roma|direct|gradmag|s0,SameSlice,ma_roma,transform,4.477,3793.5628630434685,3794.057868227916,False,False,False
eval_AF9628-Martensitic_SEM-SE-Stitch_EBSD_SameSlice_2#0,ma_roma|direct|none|s0,SameSlice,ma_roma,core,4.285,3167.0185660690295,3166.362747256587,False,False,False
eval_AF9628-Martensitic_SEM-SE-Stitch_EBSD_SameSlice_2#0,ma_roma|pyramid_v2|none|s0,SameSlice,ma_roma,core,4.285,3167.0185660690295,3166.362747256587,False,False,False
eval_AF9628-Martensitic_SEM-SE-Stitch_EBSD_SameSlice_2#0,ma_roma|direct|invert|s0,SameSlice,ma_roma,transform,3.679,3167.408111382509,3166.362747256587,False,False,False
eval_AF9628-Martensitic_SEM-SE-Stitch_EBSD_SameSlice_2#0,ma_roma|direct|histmatch|s0,SameSlice,ma_roma,transform,5.297,3168.1983720039675,3166.362747256587,False,False,False
eval_AF9628-Martensitic_SEM-SE-Stitch_EBSD_SameSlice_2#0,ma_roma|direct|clahe|s0,SameSlice,ma_roma,transform,4.184,3166.693587279556,3166.362747256587,False,False,False
eval_AF9628-Martensitic_SEM-SE-Stitch_EBSD_SameSlice_2#0,ma_roma|direct|gradmag|s0,SameSlice,ma_roma,transform,3.569,3166.7800148259917,3166.362747256587,False,False,False
eval_AF9628-Martensitic_SEM-SE-Stitch_EBSD_SameSlice_2#1,ma_roma|direct|none|s0,SameSlice,ma_roma,core,36.176,3143.8720965919965,3166.362747256587,False,False,False
eval_AF9628-Martensitic_SEM-SE-Stitch_EBSD_SameSlice_2#1,ma_roma|pyramid_v2|none|s0,SameSlice,ma_roma,core,36.176,3143.8720965919965,3166.362747256587,False,False,False
eval_AF9628-Martensitic_SEM-SE-Stitch_EBSD_SameSlice_2#1,ma_roma|direct|invert|s0,SameSlice,ma_roma,transform,74.918,3176.1587637480307,3166.362747256587,False,False,False
eval_AF9628-Martensitic_SEM-SE-Stitch_EBSD_SameSlice_2#1,ma_roma|direct|histmatch|s0,SameSlice,ma_roma,transform,453.257,3610.1854893088375,3166.362747256587,False,False,False
eval_AF9628-Martensitic_SEM-SE-Stitch_EBSD_SameSlice_2#1,ma_roma|direct|clahe|s0,SameSlice,ma_roma,transform,73.882,3123.0041670956275,3166.362747256587,False,False,False
eval_AF9628-Martensitic_SEM-SE-Stitch_EBSD_SameSlice_2#1,ma_roma|direct|gradmag|s0,SameSlice,ma_roma,transform,1102.876,2879.136410658999,3166.362747256587,False,False,False
eval_AF9628-Martensitic_SEM-SE-Stitch_EBSD_SameSlice_2#2,ma_roma|direct|none|s0,SameSlice,ma_roma,core,3.962,3166.353177761907,3166.362747256587,False,False,False
eval_AF9628-Martensitic_SEM-SE-Stitch_EBSD_SameSlice_2#2,ma_roma|pyramid_v2|none|s0,SameSlice,ma_roma,core,3.962,3166.353177761907,3166.362747256587,False,False,False
eval_AF9628-Martensitic_SEM-SE-Stitch_EBSD_SameSlice_2#2,ma_roma|direct|invert|s0,SameSlice,ma_roma,transform,4.0,3165.071666916397,3166.362747256587,False,False,False
eval_AF9628-Martensitic_SEM-SE-Stitch_EBSD_SameSlice_2#2,ma_roma|direct|histmatch|s0,SameSlice,ma_roma,transform,3.878,3166.695154750368,3166.362747256587,False,False,False
eval_AF9628-Martensitic_SEM-SE-Stitch_EBSD_SameSlice_2#2,ma_roma|direct|clahe|s0,SameSlice,ma_roma,transform,3.86,3166.7490500386793,3166.362747256587,False,False,False
eval_AF9628-Martensitic_SEM-SE-Stitch_EBSD_SameSlice_2#2,ma_roma|direct|gradmag|s0,SameSlice,ma_roma,transform,3.651,3166.472669847475,3166.362747256587,False,False,False
eval_AF9628-Martensitic_SEM-SE-Stitch_EBSD_SameSlice_3#0,ma_roma|direct|none|s0,SameSlice,ma_roma,core,20.042,3599.2220947394176,3605.988497472302,False,False,False
eval_AF9628-Martensitic_SEM-SE-Stitch_EBSD_SameSlice_3#0,ma_roma|pyramid_v2|none|s0,SameSlice,ma_roma,core,20.042,3599.2220947394176,3605.988497472302,False,False,False
eval_AF9628-Martensitic_SEM-SE-Stitch_EBSD_SameSlice_3#0,ma_roma|direct|invert|s0,SameSlice,ma_roma,transform,14.713,3601.9157104380715,3605.988497472302,False,False,False
eval_AF9628-Martensitic_SEM-SE-Stitch_EBSD_SameSlice_3#0,ma_roma|direct|histmatch|s0,SameSlice,ma_roma,transform,20.316,3600.1414730481997,3605.988497472302,False,False,False
eval_AF9628-Martensitic_SEM-SE-Stitch_EBSD_SameSlice_3#0,ma_roma|direct|clahe|s0,SameSlice,ma_roma,transform,26.229,3606.488413636222,3605.988497472302,False,False,False
eval_AF9628-Martensitic_SEM-SE-Stitch_EBSD_SameSlice_3#0,ma_roma|direct|gradmag|s0,SameSlice,ma_roma,transform,14.743,3601.5051450058895,3605.988497472302,False,False,False
eval_AF9628-Martensitic_SEM-SE-Stitch_EBSD_SameSlice_3#1,ma_roma|direct|none|s0,SameSlice,ma_roma,core,21.406,3604.158194634186,3605.988497472302,False,False,False
eval_AF9628-Martensitic_SEM-SE-Stitch_EBSD_SameSlice_3#1,ma_roma|pyramid_v2|none|s0,SameSlice,ma_roma,core,21.406,3604.158194634186,3605.988497472302,False,False,False
eval_AF9628-Martensitic_SEM-SE-Stitch_EBSD_SameSlice_3#1,ma_roma|direct|invert|s0,SameSlice,ma_roma,transform,3541.68,588.948219678614,3605.988497472302,False,False,False
eval_AF9628-Martensitic_SEM-SE-Stitch_EBSD_SameSlice_3#1,ma_roma|direct|histmatch|s0,SameSlice,ma_roma,transform,72.215,3611.6718424041333,3605.988497472302,False,False,False
eval_AF9628-Martensitic_SEM-SE-Stitch_EBSD_SameSlice_3#1,ma_roma|direct|clahe|s0,SameSlice,ma_roma,transform,28.896,3613.282432605985,3605.988497472302,False,False,False
eval_AF9628-Martensitic_SEM-SE-Stitch_EBSD_SameSlice_3#1,ma_roma|direct|gradmag|s0,SameSlice,ma_roma,transform,20.337,3594.731416380769,3605.988497472302,False,False,False
eval_AF9628-Martensitic_SEM-SE-Stitch_EBSD_SameSlice_3#2,ma_roma|direct|none|s0,SameSlice,ma_roma,core,15.588,3601.889120879614,3605.988497472302,False,False,False
eval_AF9628-Martensitic_SEM-SE-Stitch_EBSD_SameSlice_3#2,ma_roma|pyramid_v2|none|s0,SameSlice,ma_roma,core,15.588,3601.889120879614,3605.988497472302,False,False,False
eval_AF9628-Martensitic_SEM-SE-Stitch_EBSD_SameSlice_3#2,ma_roma|direct|invert|s0,SameSlice,ma_roma,transform,15.16,3600.1998726450197,3605.988497472302,False,False,False
eval_AF9628-Martensitic_SEM-SE-Stitch_EBSD_SameSlice_3#2,ma_roma|direct|histmatch|s0,SameSlice,ma_roma,transform,15.272,3601.634044240875,3605.988497472302,False,False,False
eval_AF9628-Martensitic_SEM-SE-Stitch_EBSD_SameSlice_3#2,ma_roma|direct|clahe|s0,SameSlice,ma_roma,transform,15.556,3601.534012702419,3605.988497472302,False,False,False
eval_AF9628-Martensitic_SEM-SE-Stitch_EBSD_SameSlice_3#2,ma_roma|direct|gradmag|s0,SameSlice,ma_roma,transform,14.255,3602.9955957558213,3605.988497472302,False,False,False
eval_AF9628-Martensitic_SEM-SE-Stitch_EBSD_SameSlice_4#0,ma_roma|direct|none|s0,SameSlice,ma_roma,core,8.149,3967.158345366333,3964.3365470616873,False,False,False
eval_AF9628-Martensitic_SEM-SE-Stitch_EBSD_SameSlice_4#0,ma_roma|pyramid_v2|none|s0,SameSlice,ma_roma,core,8.149,3967.158345366333,3964.3365470616873,False,False,False
eval_AF9628-Martensitic_SEM-SE-Stitch_EBSD_SameSlice_4#0,ma_roma|direct|invert|s0,SameSlice,ma_roma,transform,6.103,3962.774696833614,3964.3365470616873,False,False,False
eval_AF9628-Martensitic_SEM-SE-Stitch_EBSD_SameSlice_4#0,ma_roma|direct|histmatch|s0,SameSlice,ma_roma,transform,6.616,3963.73001700115,3964.3365470616873,False,False,False
eval_AF9628-Martensitic_SEM-SE-Stitch_EBSD_SameSlice_4#0,ma_roma|direct|clahe|s0,SameSlice,ma_roma,transform,5.964,3963.056324691259,3964.3365470616873,False,False,False
eval_AF9628-Martensitic_SEM-SE-Stitch_EBSD_SameSlice_4#0,ma_roma|direct|gradmag|s0,SameSlice,ma_roma,transform,6.214,3962.440510903378,3964.3365470616873,False,False,False
eval_AF9628-Martensitic_SEM-SE-Stitch_EBSD_SameSlice_4#1,ma_roma|direct|none|s0,SameSlice,ma_roma,core,12.453,3959.2447312823915,3964.3365470616873,False,False,False
eval_AF9628-Martensitic_SEM-SE-Stitch_EBSD_SameSlice_4#1,ma_roma|pyramid_v2|none|s0,SameSlice,ma_roma,core,12.453,3959.2447312823915,3964.3365470616873,False,False,False
eval_AF9628-Martensitic_SEM-SE-Stitch_EBSD_SameSlice_4#1,ma_roma|direct|invert|s0,SameSlice,ma_roma,transform,7.48,3964.845236823551,3964.3365470616873,False,False,False
eval_AF9628-Martensitic_SEM-SE-Stitch_EBSD_SameSlice_4#1,ma_roma|direct|histmatch|s0,SameSlice,ma_roma,transform,12.614,3954.9143372511357,3964.3365470616873,False,False,False
eval_AF9628-Martensitic_SEM-SE-Stitch_EBSD_SameSlice_4#1,ma_roma|direct|clahe|s0,SameSlice,ma_roma,transform,6.957,3964.3136019346875,3964.3365470616873,False,False,False
eval_AF9628-Martensitic_SEM-SE-Stitch_EBSD_SameSlice_4#1,ma_roma|direct|gradmag|s0,SameSlice,ma_roma,transform,40.202,3951.68848945395,3964.3365470616873,False,False,False
eval_AF9628-Martensitic_SEM-SE-Stitch_EBSD_SameSlice_4#2,ma_roma|direct|none|s0,SameSlice,ma_roma,core,6.298,3963.6256387205353,3964.3365470616873,False,False,False
eval_AF9628-Martensitic_SEM-SE-Stitch_EBSD_SameSlice_4#2,ma_roma|pyramid_v2|none|s0,SameSlice,ma_roma,core,6.298,3963.6256387205353,3964.3365470616873,False,False,False
eval_AF9628-Martensitic_SEM-SE-Stitch_EBSD_SameSlice_4#2,ma_roma|direct|invert|s0,SameSlice,ma_roma,transform,6.824,3961.583784322196,3964.3365470616873,False,False,False
eval_AF9628-Martensitic_SEM-SE-Stitch_EBSD_SameSlice_4#2,ma_roma|direct|histmatch|s0,SameSlice,ma_roma,transform,6.278,3962.922808981888,3964.3365470616873,False,False,False
eval_AF9628-Martensitic_SEM-SE-Stitch_EBSD_SameSlice_4#2,ma_roma|direct|clahe|s0,SameSlice,ma_roma,transform,6.484,3962.714511766072,3964.3365470616873,False,False,False
eval_AF9628-Martensitic_SEM-SE-Stitch_EBSD_SameSlice_4#2,ma_roma|direct|gradmag|s0,SameSlice,ma_roma,transform,6.218,3962.3956273118506,3964.3365470616873,False,False,False
eval_C103_SEM-SE_LOM-DC-Height_FractureSurfaces_0#0,ma_roma|direct|none|s0,FractureSurfaces,ma_roma,core,11.955,1751.2818803986222,1739.5512772071381,False,False,False
eval_C103_SEM-SE_LOM-DC-Height_FractureSurfaces_0#0,ma_roma|pyramid_v2|none|s0,FractureSurfaces,ma_roma,core,11.955,1751.2818803986222,1739.5512772071381,False,False,False
eval_C103_SEM-SE_LOM-DC-Height_FractureSurfaces_0#0,ma_roma|direct|invert|s0,FractureSurfaces,ma_roma,transform,14.318,1744.011309463138,1739.5512772071381,False,False,False
eval_C103_SEM-SE_LOM-DC-Height_FractureSurfaces_0#0,ma_roma|direct|histmatch|s0,FractureSurfaces,ma_roma,transform,12.572,1749.8934665675113,1739.5512772071381,False,False,False
eval_C103_SEM-SE_LOM-DC-Height_FractureSurfaces_0#0,ma_roma|direct|clahe|s0,FractureSurfaces,ma_roma,transform,11.951,1750.8312050359277,1739.5512772071381,False,False,False
eval_C103_SEM-SE_LOM-DC-Height_FractureSurfaces_0#0,ma_roma|direct|gradmag|s0,FractureSurfaces,ma_roma,transform,13.172,1747.8131143554938,1739.5512772071381,False,False,False
eval_C103_SEM-SE_LOM-DC-Height_FractureSurfaces_0#1,ma_roma|direct|none|s0,FractureSurfaces,ma_roma,core,19.674,1749.8089668337686,1739.5512772071381,False,False,False
eval_C103_SEM-SE_LOM-DC-Height_FractureSurfaces_0#1,ma_roma|pyramid_v2|none|s0,FractureSurfaces,ma_roma,core,19.674,1749.8089668337686,1739.5512772071381,False,False,False
eval_C103_SEM-SE_LOM-DC-Height_FractureSurfaces_0#1,ma_roma|direct|invert|s0,FractureSurfaces,ma_roma,transform,33.679,1737.2840520994596,1739.5512772071381,False,False,False
eval_C103_SEM-SE_LOM-DC-Height_FractureSurfaces_0#1,ma_roma|direct|histmatch|s0,FractureSurfaces,ma_roma,transform,13.838,1750.2177597628843,1739.5512772071381,False,False,False
eval_C103_SEM-SE_LOM-DC-Height_FractureSurfaces_0#1,ma_roma|direct|clahe|s0,FractureSurfaces,ma_roma,transform,16.613,1748.515437888717,1739.5512772071381,False,False,False
eval_C103_SEM-SE_LOM-DC-Height_FractureSurfaces_0#1,ma_roma|direct|gradmag|s0,FractureSurfaces,ma_roma,transform,13.248,1726.9926375978766,1739.5512772071381,False,False,False
eval_C103_SEM-SE_LOM-DC-Height_FractureSurfaces_1#0,ma_roma|direct|none|s0,FractureSurfaces,ma_roma,core,6.039,2750.78105948998,2760.9479899659173,False,False,False
eval_C103_SEM-SE_LOM-DC-Height_FractureSurfaces_1#0,ma_roma|pyramid_v2|none|s0,FractureSurfaces,ma_roma,core,6.039,2750.78105948998,2760.9479899659173,False,False,False
eval_C103_SEM-SE_LOM-DC-Height_FractureSurfaces_1#0,ma_roma|direct|invert|s0,FractureSurfaces,ma_roma,transform,6.468,2749.729606477126,2760.9479899659173,False,False,False
eval_C103_SEM-SE_LOM-DC-Height_FractureSurfaces_1#0,ma_roma|direct|histmatch|s0,FractureSurfaces,ma_roma,transform,6.981,2764.1369444845227,2760.9479899659173,False,False,False
eval_C103_SEM-SE_LOM-DC-Height_FractureSurfaces_1#0,ma_roma|direct|clahe|s0,FractureSurfaces,ma_roma,transform,6.142,2752.430919448773,2760.9479899659173,False,False,False
eval_C103_SEM-SE_LOM-DC-Height_FractureSurfaces_1#0,ma_roma|direct|gradmag|s0,FractureSurfaces,ma_roma,transform,46.651,2750.448583972857,2760.9479899659173,False,False,False
eval_C103_SEM-SE_LOM-DC-Height_FractureSurfaces_1#1,ma_roma|direct|none|s0,FractureSurfaces,ma_roma,core,10.734,2743.0120944242753,2760.9479899659173,False,False,False
eval_C103_SEM-SE_LOM-DC-Height_FractureSurfaces_1#1,ma_roma|pyramid_v2|none|s0,FractureSurfaces,ma_roma,core,10.734,2743.0120944242753,2760.9479899659173,False,False,False
eval_C103_SEM-SE_LOM-DC-Height_FractureSurfaces_1#1,ma_roma|direct|invert|s0,FractureSurfaces,ma_roma,transform,45.639,2692.168460340756,2760.9479899659173,False,False,False
eval_C103_SEM-SE_LOM-DC-Height_FractureSurfaces_1#1,ma_roma|direct|histmatch|s0,FractureSurfaces,ma_roma,transform,18.284,2744.98700186097,2760.9479899659173,False,False,False
eval_C103_SEM-SE_LOM-DC-Height_FractureSurfaces_1#1,ma_roma|direct|clahe|s0,FractureSurfaces,ma_roma,transform,723.65,2236.350712048664,2760.9479899659173,False,False,False
eval_C103_SEM-SE_LOM-DC-Height_FractureSurfaces_1#1,ma_roma|direct|gradmag|s0,FractureSurfaces,ma_roma,transform,6.198,2751.2766064648213,2760.9479899659173,False,False,False
eval_C103_SEM-SE_LOM-DC-Height_FractureSurfaces_2#0,ma_roma|direct|none|s0,FractureSurfaces,ma_roma,core,7.968,2235.1877445987793,2240.8395984666686,False,False,False
eval_C103_SEM-SE_LOM-DC-Height_FractureSurfaces_2#0,ma_roma|pyramid_v2|none|s0,FractureSurfaces,ma_roma,core,7.968,2235.1877445987793,2240.8395984666686,False,False,False
eval_C103_SEM-SE_LOM-DC-Height_FractureSurfaces_2#0,ma_roma|direct|invert|s0,FractureSurfaces,ma_roma,transform,8.092,2236.129510899993,2240.8395984666686,False,False,False
eval_C103_SEM-SE_LOM-DC-Height_FractureSurfaces_2#0,ma_roma|direct|histmatch|s0,FractureSurfaces,ma_roma,transform,7.895,2234.6078296676396,2240.8395984666686,False,False,False
eval_C103_SEM-SE_LOM-DC-Height_FractureSurfaces_2#0,ma_roma|direct|clahe|s0,FractureSurfaces,ma_roma,transform,7.351,2235.317258855742,2240.8395984666686,False,False,False
eval_C103_SEM-SE_LOM-DC-Height_FractureSurfaces_2#0,ma_roma|direct|gradmag|s0,FractureSurfaces,ma_roma,transform,15.835,2238.060057611171,2240.8395984666686,False,False,False
eval_C103_SEM-SE_LOM-DC-Height_FractureSurfaces_2#1,ma_roma|direct|none|s0,FractureSurfaces,ma_roma,core,11.813,2234.6780227804065,2240.8395984666686,True,False,False
eval_C103_SEM-SE_LOM-DC-Height_FractureSurfaces_2#1,ma_roma|pyramid_v2|none|s0,FractureSurfaces,ma_roma,core,11.813,2234.6780227804065,2240.8395984666686,True,False,False
eval_C103_SEM-SE_LOM-DC-Height_FractureSurfaces_2#1,ma_roma|direct|invert|s0,FractureSurfaces,ma_roma,transform,8.999,2233.881029118913,2240.8395984666686,True,False,False
eval_C103_SEM-SE_LOM-DC-Height_FractureSurfaces_2#1,ma_roma|direct|histmatch|s0,FractureSurfaces,ma_roma,transform,8.953,2225.752796352115,2240.8395984666686,True,False,False
eval_C103_SEM-SE_LOM-DC-Height_FractureSurfaces_2#1,ma_roma|direct|clahe|s0,FractureSurfaces,ma_roma,transform,11.965,2229.702061431541,2240.8395984666686,True,False,False
eval_C103_SEM-SE_LOM-DC-Height_FractureSurfaces_2#1,ma_roma|direct|gradmag|s0,FractureSurfaces,ma_roma,transform,8.398,2234.342034572072,2240.8395984666686,True,False,False
eval_CoNi-AM67_OM-SEM_Multiscale_0#0,ma_roma|direct|none|s0,Multiscale,ma_roma,core,13.6,573.982307188791,573.1677945159098,False,False,False
eval_CoNi-AM67_OM-SEM_Multiscale_0#0,ma_roma|pyramid_v2|none|s0,Multiscale,ma_roma,core,13.6,573.982307188791,573.1677945159098,False,False,False
eval_CoNi-AM67_OM-SEM_Multiscale_0#0,ma_roma|direct|invert|s0,Multiscale,ma_roma,transform,16.338,577.3151504932698,573.1677945159098,False,False,False
eval_CoNi-AM67_OM-SEM_Multiscale_0#0,ma_roma|direct|histmatch|s0,Multiscale,ma_roma,transform,13.821,573.6208154020127,573.1677945159098,False,False,False
eval_CoNi-AM67_OM-SEM_Multiscale_0#0,ma_roma|direct|clahe|s0,Multiscale,ma_roma,transform,13.583,574.0654122005157,573.1677945159098,False,False,False
eval_CoNi-AM67_OM-SEM_Multiscale_0#0,ma_roma|direct|gradmag|s0,Multiscale,ma_roma,transform,265.141,382.81364713953985,573.1677945159098,False,False,False
eval_CoNi-AM67_OM-SEM_Multiscale_0#1,ma_roma|direct|none|s0,Multiscale,ma_roma,core,41.683,607.2734611422661,573.1677945159098,False,False,False
eval_CoNi-AM67_OM-SEM_Multiscale_0#1,ma_roma|pyramid_v2|none|s0,Multiscale,ma_roma,core,41.683,607.2734611422661,573.1677945159098,False,False,False
eval_CoNi-AM67_OM-SEM_Multiscale_0#1,ma_roma|direct|invert|s0,Multiscale,ma_roma,transform,19.204,564.5081621011129,573.1677945159098,False,False,False
eval_CoNi-AM67_OM-SEM_Multiscale_0#1,ma_roma|direct|histmatch|s0,Multiscale,ma_roma,transform,1350.577,865.5853818897125,573.1677945159098,False,False,False
eval_CoNi-AM67_OM-SEM_Multiscale_0#1,ma_roma|direct|clahe|s0,Multiscale,ma_roma,transform,1432.978,2956.4200162711572,573.1677945159098,False,False,False
eval_CoNi-AM67_OM-SEM_Multiscale_0#1,ma_roma|direct|gradmag|s0,Multiscale,ma_roma,transform,153.758,706.5143707948034,573.1677945159098,False,False,False
eval_CoNi-AM67_OM-SEM_Multiscale_0#2,ma_roma|direct|none|s0,Multiscale,ma_roma,core,626.734,764.2663583151983,637.5474244682443,False,False,False
eval_CoNi-AM67_OM-SEM_Multiscale_0#2,ma_roma|pyramid_v2|none|s0,Multiscale,ma_roma,core,928.178,1076.2034981139213,637.5474244682443,False,False,False
eval_CoNi-AM67_OM-SEM_Multiscale_0#2,ma_roma|direct|invert|s0,Multiscale,ma_roma,transform,406.257,203.58619481522183,637.5474244682443,False,False,False
eval_CoNi-AM67_OM-SEM_Multiscale_0#2,ma_roma|direct|histmatch|s0,Multiscale,ma_roma,transform,658.217,651.6268989619718,637.5474244682443,False,False,False
eval_CoNi-AM67_OM-SEM_Multiscale_0#2,ma_roma|direct|clahe|s0,Multiscale,ma_roma,transform,1026.914,918.5076221133522,637.5474244682443,False,False,False
eval_CoNi-AM67_OM-SEM_Multiscale_0#2,ma_roma|direct|gradmag|s0,Multiscale,ma_roma,transform,812.768,829.9101970041249,637.5474244682443,False,False,False
eval_CoNi-AM67_SEM-EBSD_SameSliceSerialSectioning_0#0,ma_roma|direct|none|s0,SerialSectioning,ma_roma,core,70.299,1465.8755202650975,1514.0474558928317,False,False,False
eval_CoNi-AM67_SEM-EBSD_SameSliceSerialSectioning_0#0,ma_roma|pyramid_v2|none|s0,SerialSectioning,ma_roma,core,70.299,1465.8755202650975,1514.0474558928317,False,False,False
eval_CoNi-AM67_SEM-EBSD_SameSliceSerialSectioning_0#0,ma_roma|direct|invert|s0,SerialSectioning,ma_roma,transform,44.003,1534.2144973949812,1514.0474558928317,False,False,False
eval_CoNi-AM67_SEM-EBSD_SameSliceSerialSectioning_0#0,ma_roma|direct|histmatch|s0,SerialSectioning,ma_roma,transform,43.88,1527.8392375993055,1514.0474558928317,False,False,False
eval_CoNi-AM67_SEM-EBSD_SameSliceSerialSectioning_0#0,ma_roma|direct|clahe|s0,SerialSectioning,ma_roma,transform,45.216,1498.5437117768133,1514.0474558928317,False,False,False
eval_CoNi-AM67_SEM-EBSD_SameSliceSerialSectioning_0#0,ma_roma|direct|gradmag|s0,SerialSectioning,ma_roma,transform,75.246,1486.3394498250989,1514.0474558928317,False,False,False
eval_CoNi-AM67_SEM-EBSD_SameSliceSerialSectioning_0#1,ma_roma|direct|none|s0,SerialSectioning,ma_roma,core,63.621,1515.2742050039562,1514.0474558928317,False,False,False
eval_CoNi-AM67_SEM-EBSD_SameSliceSerialSectioning_0#1,ma_roma|pyramid_v2|none|s0,SerialSectioning,ma_roma,core,63.621,1515.2742050039562,1514.0474558928317,False,False,False
eval_CoNi-AM67_SEM-EBSD_SameSliceSerialSectioning_0#1,ma_roma|direct|invert|s0,SerialSectioning,ma_roma,transform,75.934,1521.647708188279,1514.0474558928317,False,False,False
eval_CoNi-AM67_SEM-EBSD_SameSliceSerialSectioning_0#1,ma_roma|direct|histmatch|s0,SerialSectioning,ma_roma,transform,158.849,1557.9673157383027,1514.0474558928317,False,False,False
eval_CoNi-AM67_SEM-EBSD_SameSliceSerialSectioning_0#1,ma_roma|direct|clahe|s0,SerialSectioning,ma_roma,transform,49.41,1552.1415236016132,1514.0474558928317,False,False,False
eval_CoNi-AM67_SEM-EBSD_SameSliceSerialSectioning_0#1,ma_roma|direct|gradmag|s0,SerialSectioning,ma_roma,transform,300.296,1637.2802082621943,1514.0474558928317,False,False,False
eval_CoNi-AM67_SEM-EBSD_SameSliceSerialSectioning_0#2,ma_roma|direct|none|s0,SerialSectioning,ma_roma,core,61.126,1549.254840837304,1514.0474558928317,False,False,False
eval_CoNi-AM67_SEM-EBSD_SameSliceSerialSectioning_0#2,ma_roma|pyramid_v2|none|s0,SerialSectioning,ma_roma,core,61.126,1549.254840837304,1514.0474558928317,False,False,False
eval_CoNi-AM67_SEM-EBSD_SameSliceSerialSectioning_0#2,ma_roma|direct|invert|s0,SerialSectioning,ma_roma,transform,65.766,1487.4991626104866,1514.0474558928317,False,False,False
eval_CoNi-AM67_SEM-EBSD_SameSliceSerialSectioning_0#2,ma_roma|direct|histmatch|s0,SerialSectioning,ma_roma,transform,53.219,1536.6657014969323,1514.0474558928317,False,False,False
eval_CoNi-AM67_SEM-EBSD_SameSliceSerialSectioning_0#2,ma_roma|direct|clahe|s0,SerialSectioning,ma_roma,transform,48.788,1544.375080177699,1514.0474558928317,False,False,False
eval_CoNi-AM67_SEM-EBSD_SameSliceSerialSectioning_0#2,ma_roma|direct|gradmag|s0,SerialSectioning,ma_roma,transform,49.504,1496.1098290013508,1514.0474558928317,False,False,False
eval_CoNi-AM67_SEM-EBSD_SameSliceSerialSectioning_0#3,ma_roma|direct|none|s0,SerialSectioning,ma_roma,core,44.63,1528.5930737127417,1514.0474558928317,False,False,False
eval_CoNi-AM67_SEM-EBSD_SameSliceSerialSectioning_0#3,ma_roma|pyramid_v2|none|s0,SerialSectioning,ma_roma,core,44.63,1528.5930737127417,1514.0474558928317,False,False,False
eval_CoNi-AM67_SEM-EBSD_SameSliceSerialSectioning_0#3,ma_roma|direct|invert|s0,SerialSectioning,ma_roma,transform,55.08,1545.4553207368936,1514.0474558928317,False,False,False
eval_CoNi-AM67_SEM-EBSD_SameSliceSerialSectioning_0#3,ma_roma|direct|histmatch|s0,SerialSectioning,ma_roma,transform,36.862,1532.1356089414794,1514.0474558928317,False,False,False
eval_CoNi-AM67_SEM-EBSD_SameSliceSerialSectioning_0#3,ma_roma|direct|clahe|s0,SerialSectioning,ma_roma,transform,38.528,1526.1252451965238,1514.0474558928317,False,False,False
eval_CoNi-AM67_SEM-EBSD_SameSliceSerialSectioning_0#3,ma_roma|direct|gradmag|s0,SerialSectioning,ma_roma,transform,50.552,1495.440393440947,1514.0474558928317,False,False,False
eval_CoNi-AM67_SEM-EBSD_SameSliceSerialSectioning_0#4,ma_roma|direct|none|s0,SerialSectioning,ma_roma,core,48.109,1527.7226352725522,1514.0474558928317,False,False,False
eval_CoNi-AM67_SEM-EBSD_SameSliceSerialSectioning_0#4,ma_roma|pyramid_v2|none|s0,SerialSectioning,ma_roma,core,48.109,1527.7226352725522,1514.0474558928317,False,False,False
eval_CoNi-AM67_SEM-EBSD_SameSliceSerialSectioning_0#4,ma_roma|direct|invert|s0,SerialSectioning,ma_roma,transform,38.227,1536.3871202699643,1514.0474558928317,False,False,False
eval_CoNi-AM67_SEM-EBSD_SameSliceSerialSectioning_0#4,ma_roma|direct|histmatch|s0,SerialSectioning,ma_roma,transform,111.819,1484.925133439866,1514.0474558928317,False,False,False
eval_CoNi-AM67_SEM-EBSD_SameSliceSerialSectioning_0#4,ma_roma|direct|clahe|s0,SerialSectioning,ma_roma,transform,60.771,1548.513927942825,1514.0474558928317,False,False,False
eval_CoNi-AM67_SEM-EBSD_SameSliceSerialSectioning_0#4,ma_roma|direct|gradmag|s0,SerialSectioning,ma_roma,transform,189.592,1621.766179421608,1514.0474558928317,False,False,False
eval_CoNi-AM67_SEM-EBSD_SameSliceSerialSectioning_0#5,ma_roma|direct|none|s0,SerialSectioning,ma_roma,core,63.545,1497.8384731240626,1514.0474558928317,False,False,False
eval_CoNi-AM67_SEM-EBSD_SameSliceSerialSectioning_0#5,ma_roma|pyramid_v2|none|s0,SerialSectioning,ma_roma,core,63.545,1497.8384731240626,1514.0474558928317,False,False,False
eval_CoNi-AM67_SEM-EBSD_SameSliceSerialSectioning_0#5,ma_roma|direct|invert|s0,SerialSectioning,ma_roma,transform,51.881,1494.0295430647625,1514.0474558928317,False,False,False
eval_CoNi-AM67_SEM-EBSD_SameSliceSerialSectioning_0#5,ma_roma|direct|histmatch|s0,SerialSectioning,ma_roma,transform,56.474,1542.5537924093687,1514.0474558928317,False,False,False
eval_CoNi-AM67_SEM-EBSD_SameSliceSerialSectioning_0#5,ma_roma|direct|clahe|s0,SerialSectioning,ma_roma,transform,45.039,1552.3337592159337,1514.0474558928317,False,False,False
eval_CoNi-AM67_SEM-EBSD_SameSliceSerialSectioning_0#5,ma_roma|direct|gradmag|s0,SerialSectioning,ma_roma,transform,43.602,1501.291136714495,1514.0474558928317,False,False,False
eval_CoNi-AM67_SEM-EBSD_SameSliceSerialSectioning_1#0,ma_roma|direct|none|s0,SerialSectioning,ma_roma,core,58.343,1506.9464186875903,1468.2458357440826,False,False,False
eval_CoNi-AM67_SEM-EBSD_SameSliceSerialSectioning_1#0,ma_roma|pyramid_v2|none|s0,SerialSectioning,ma_roma,core,58.343,1506.9464186875903,1468.2458357440826,False,False,False
eval_CoNi-AM67_SEM-EBSD_SameSliceSerialSectioning_1#0,ma_roma|direct|invert|s0,SerialSectioning,ma_roma,transform,59.592,1437.8897808331355,1468.2458357440826,False,False,False
eval_CoNi-AM67_SEM-EBSD_SameSliceSerialSectioning_1#0,ma_roma|direct|histmatch|s0,SerialSectioning,ma_roma,transform,88.676,1511.675978795911,1468.2458357440826,False,False,False
eval_CoNi-AM67_SEM-EBSD_SameSliceSerialSectioning_1#0,ma_roma|direct|clahe|s0,SerialSectioning,ma_roma,transform,26.597,1472.5135634391277,1468.2458357440826,False,False,False
eval_CoNi-AM67_SEM-EBSD_SameSliceSerialSectioning_1#0,ma_roma|direct|gradmag|s0,SerialSectioning,ma_roma,transform,89.388,1484.6861065000112,1468.2458357440826,False,False,False
eval_CoNi-AM67_SEM-EBSD_SameSliceSerialSectioning_1#1,ma_roma|direct|none|s0,SerialSectioning,ma_roma,core,39.642,1479.525171652081,1468.2458357440826,False,False,False
eval_CoNi-AM67_SEM-EBSD_SameSliceSerialSectioning_1#1,ma_roma|pyramid_v2|none|s0,SerialSectioning,ma_roma,core,39.642,1479.525171652081,1468.2458357440826,False,False,False
eval_CoNi-AM67_SEM-EBSD_SameSliceSerialSectioning_1#1,ma_roma|direct|invert|s0,SerialSectioning,ma_roma,transform,320.994,1735.763669210498,1468.2458357440826,False,False,False
eval_CoNi-AM67_SEM-EBSD_SameSliceSerialSectioning_1#1,ma_roma|direct|histmatch|s0,SerialSectioning,ma_roma,transform,51.66,1482.7048137690272,1468.2458357440826,False,False,False
eval_CoNi-AM67_SEM-EBSD_SameSliceSerialSectioning_1#1,ma_roma|direct|clahe|s0,SerialSectioning,ma_roma,transform,32.55,1472.440205994579,1468.2458357440826,False,False,False
eval_CoNi-AM67_SEM-EBSD_SameSliceSerialSectioning_1#1,ma_roma|direct|gradmag|s0,SerialSectioning,ma_roma,transform,114.257,1521.6189120024687,1468.2458357440826,False,False,False
eval_CoNi-AM67_SEM-EBSD_SameSliceSerialSectioning_1#2,ma_roma|direct|none|s0,SerialSectioning,ma_roma,core,35.136,1477.610333966976,1468.2458357440826,False,False,False
eval_CoNi-AM67_SEM-EBSD_SameSliceSerialSectioning_1#2,ma_roma|pyramid_v2|none|s0,SerialSectioning,ma_roma,core,35.136,1477.610333966976,1468.2458357440826,False,False,False
eval_CoNi-AM67_SEM-EBSD_SameSliceSerialSectioning_1#2,ma_roma|direct|invert|s0,SerialSectioning,ma_roma,transform,115.326,1456.3375220868982,1468.2458357440826,False,False,False
eval_CoNi-AM67_SEM-EBSD_SameSliceSerialSectioning_1#2,ma_roma|direct|histmatch|s0,SerialSectioning,ma_roma,transform,114.274,1459.0244791890636,1468.2458357440826,False,False,False
eval_CoNi-AM67_SEM-EBSD_SameSliceSerialSectioning_1#2,ma_roma|direct|clahe|s0,SerialSectioning,ma_roma,transform,35.435,1478.510403884768,1468.2458357440826,False,False,False
eval_CoNi-AM67_SEM-EBSD_SameSliceSerialSectioning_1#2,ma_roma|direct|gradmag|s0,SerialSectioning,ma_roma,transform,33.422,1466.5073492619163,1468.2458357440826,False,False,False
eval_CoNi-AM67_SEM-EBSD_SameSliceSerialSectioning_1#3,ma_roma|direct|none|s0,SerialSectioning,ma_roma,core,25.609,1474.99561481263,1468.2458357440826,False,False,False
eval_CoNi-AM67_SEM-EBSD_SameSliceSerialSectioning_1#3,ma_roma|pyramid_v2|none|s0,SerialSectioning,ma_roma,core,25.609,1474.99561481263,1468.2458357440826,False,False,False
eval_CoNi-AM67_SEM-EBSD_SameSliceSerialSectioning_1#3,ma_roma|direct|invert|s0,SerialSectioning,ma_roma,transform,37.081,1450.2097661164173,1468.2458357440826,False,False,False
eval_CoNi-AM67_SEM-EBSD_SameSliceSerialSectioning_1#3,ma_roma|direct|histmatch|s0,SerialSectioning,ma_roma,transform,40.197,1495.862138145221,1468.2458357440826,False,False,False
eval_CoNi-AM67_SEM-EBSD_SameSliceSerialSectioning_1#3,ma_roma|direct|clahe|s0,SerialSectioning,ma_roma,transform,31.026,1461.8144035978733,1468.2458357440826,False,False,False
eval_CoNi-AM67_SEM-EBSD_SameSliceSerialSectioning_1#3,ma_roma|direct|gradmag|s0,SerialSectioning,ma_roma,transform,136.048,1436.3529006464469,1468.2458357440826,False,False,False
eval_CoNi-AM67_SEM-EBSD_SameSliceSerialSectioning_1#4,ma_roma|direct|none|s0,SerialSectioning,ma_roma,core,44.833,1467.8725937137433,1468.2458357440826,False,False,False
eval_CoNi-AM67_SEM-EBSD_SameSliceSerialSectioning_1#4,ma_roma|pyramid_v2|none|s0,SerialSectioning,ma_roma,core,44.833,1467.8725937137433,1468.2458357440826,False,False,False
eval_CoNi-AM67_SEM-EBSD_SameSliceSerialSectioning_1#4,ma_roma|direct|invert|s0,SerialSectioning,ma_roma,transform,180.113,1642.257432438856,1468.2458357440826,False,False,False
eval_CoNi-AM67_SEM-EBSD_SameSliceSerialSectioning_1#4,ma_roma|direct|histmatch|s0,SerialSectioning,ma_roma,transform,51.067,1492.7304912200689,1468.2458357440826,False,False,False
eval_CoNi-AM67_SEM-EBSD_SameSliceSerialSectioning_1#4,ma_roma|direct|clahe|s0,SerialSectioning,ma_roma,transform,51.921,1474.9159272312338,1468.2458357440826,False,False,False
eval_CoNi-AM67_SEM-EBSD_SameSliceSerialSectioning_1#4,ma_roma|direct|gradmag|s0,SerialSectioning,ma_roma,transform,111.069,1565.0161655396191,1468.2458357440826,False,False,False
eval_CoNi-AM67_SEM-EBSD_SameSliceSerialSectioning_1#5,ma_roma|direct|none|s0,SerialSectioning,ma_roma,core,29.474,1473.8550540433298,1468.2458357440826,False,False,False
eval_CoNi-AM67_SEM-EBSD_SameSliceSerialSectioning_1#5,ma_roma|pyramid_v2|none|s0,SerialSectioning,ma_roma,core,29.474,1473.8550540433298,1468.2458357440826,False,False,False
eval_CoNi-AM67_SEM-EBSD_SameSliceSerialSectioning_1#5,ma_roma|direct|invert|s0,SerialSectioning,ma_roma,transform,36.933,1467.5936292668525,1468.2458357440826,False,False,False
eval_CoNi-AM67_SEM-EBSD_SameSliceSerialSectioning_1#5,ma_roma|direct|histmatch|s0,SerialSectioning,ma_roma,transform,31.197,1479.905461007035,1468.2458357440826,False,False,False
eval_CoNi-AM67_SEM-EBSD_SameSliceSerialSectioning_1#5,ma_roma|direct|clahe|s0,SerialSectioning,ma_roma,transform,63.197,1459.8150785066825,1468.2458357440826,False,False,False
eval_CoNi-AM67_SEM-EBSD_SameSliceSerialSectioning_1#5,ma_roma|direct|gradmag|s0,SerialSectioning,ma_roma,transform,26.151,1469.4421477310916,1468.2458357440826,False,False,False
eval_CoNi-AM67_SEM-EBSD_SameSliceSerialSectioning_2#0,ma_roma|direct|none|s0,SerialSectioning,ma_roma,core,43.52,1450.7899919745514,1461.4176959109016,False,False,False
eval_CoNi-AM67_SEM-EBSD_SameSliceSerialSectioning_2#0,ma_roma|pyramid_v2|none|s0,SerialSectioning,ma_roma,core,43.52,1450.7899919745514,1461.4176959109016,False,False,False
eval_CoNi-AM67_SEM-EBSD_SameSliceSerialSectioning_2#0,ma_roma|direct|invert|s0,SerialSectioning,ma_roma,transform,213.541,1632.5581525072091,1461.4176959109016,False,False,False
eval_CoNi-AM67_SEM-EBSD_SameSliceSerialSectioning_2#0,ma_roma|direct|histmatch|s0,SerialSectioning,ma_roma,transform,80.847,1494.6606042338046,1461.4176959109016,False,False,False
eval_CoNi-AM67_SEM-EBSD_SameSliceSerialSectioning_2#0,ma_roma|direct|clahe|s0,SerialSectioning,ma_roma,transform,39.985,1465.0461466962859,1461.4176959109016,False,False,False
eval_CoNi-AM67_SEM-EBSD_SameSliceSerialSectioning_2#0,ma_roma|direct|gradmag|s0,SerialSectioning,ma_roma,transform,171.034,1467.1666555995607,1461.4176959109016,False,False,False
eval_CoNi-AM67_SEM-EBSD_SameSliceSerialSectioning_2#1,ma_roma|direct|none|s0,SerialSectioning,ma_roma,core,195.107,1623.3910766356203,1461.4176959109016,False,False,False
eval_CoNi-AM67_SEM-EBSD_SameSliceSerialSectioning_2#1,ma_roma|pyramid_v2|none|s0,SerialSectioning,ma_roma,core,195.107,1623.3910766356203,1461.4176959109016,False,False,False
eval_CoNi-AM67_SEM-EBSD_SameSliceSerialSectioning_2#1,ma_roma|direct|invert|s0,SerialSectioning,ma_roma,transform,163.759,1592.189988975655,1461.4176959109016,False,False,False
eval_CoNi-AM67_SEM-EBSD_SameSliceSerialSectioning_2#1,ma_roma|direct|histmatch|s0,SerialSectioning,ma_roma,transform,206.652,1596.3390897147447,1461.4176959109016,False,False,False
eval_CoNi-AM67_SEM-EBSD_SameSliceSerialSectioning_2#1,ma_roma|direct|clahe|s0,SerialSectioning,ma_roma,transform,175.709,1607.0102845546198,1461.4176959109016,False,False,False
eval_CoNi-AM67_SEM-EBSD_SameSliceSerialSectioning_2#1,ma_roma|direct|gradmag|s0,SerialSectioning,ma_roma,transform,208.957,1644.0529946908316,1461.4176959109016,False,False,False
eval_CoNi-AM67_SEM-EBSD_SameSliceSerialSectioning_2#2,ma_roma|direct|none|s0,SerialSectioning,ma_roma,core,34.142,1470.3810757715576,1461.4176959109016,False,False,False
eval_CoNi-AM67_SEM-EBSD_SameSliceSerialSectioning_2#2,ma_roma|pyramid_v2|none|s0,SerialSectioning,ma_roma,core,34.142,1470.3810757715576,1461.4176959109016,False,False,False
eval_CoNi-AM67_SEM-EBSD_SameSliceSerialSectioning_2#2,ma_roma|direct|invert|s0,SerialSectioning,ma_roma,transform,34.023,1450.3261213441103,1461.4176959109016,False,False,False
eval_CoNi-AM67_SEM-EBSD_SameSliceSerialSectioning_2#2,ma_roma|direct|histmatch|s0,SerialSectioning,ma_roma,transform,69.348,1517.801561341964,1461.4176959109016,False,False,False
eval_CoNi-AM67_SEM-EBSD_SameSliceSerialSectioning_2#2,ma_roma|direct|clahe|s0,SerialSectioning,ma_roma,transform,29.757,1468.1759763974194,1461.4176959109016,False,False,False
eval_CoNi-AM67_SEM-EBSD_SameSliceSerialSectioning_2#2,ma_roma|direct|gradmag|s0,SerialSectioning,ma_roma,transform,68.46,1502.9106541351848,1461.4176959109016,False,False,False
eval_CoNi-AM67_SEM-EBSD_SameSliceSerialSectioning_2#3,ma_roma|direct|none|s0,SerialSectioning,ma_roma,core,26.05,1454.0566795675404,1461.4176959109016,False,False,False
eval_CoNi-AM67_SEM-EBSD_SameSliceSerialSectioning_2#3,ma_roma|pyramid_v2|none|s0,SerialSectioning,ma_roma,core,26.05,1454.0566795675404,1461.4176959109016,False,False,False
eval_CoNi-AM67_SEM-EBSD_SameSliceSerialSectioning_2#3,ma_roma|direct|invert|s0,SerialSectioning,ma_roma,transform,36.877,1458.4947588473674,1461.4176959109016,False,False,False
eval_CoNi-AM67_SEM-EBSD_SameSliceSerialSectioning_2#3,ma_roma|direct|histmatch|s0,SerialSectioning,ma_roma,transform,39.644,1458.5757554023223,1461.4176959109016,False,False,False
eval_CoNi-AM67_SEM-EBSD_SameSliceSerialSectioning_2#3,ma_roma|direct|clahe|s0,SerialSectioning,ma_roma,transform,27.541,1459.768834324747,1461.4176959109016,False,False,False
eval_CoNi-AM67_SEM-EBSD_SameSliceSerialSectioning_2#3,ma_roma|direct|gradmag|s0,SerialSectioning,ma_roma,transform,52.036,1470.4987796566936,1461.4176959109016,False,False,False
eval_CoNi-AM67_SEM-EBSD_SameSliceSerialSectioning_2#4,ma_roma|direct|none|s0,SerialSectioning,ma_roma,core,24.456,1461.4048553369573,1461.4176959109016,False,False,False
eval_CoNi-AM67_SEM-EBSD_SameSliceSerialSectioning_2#4,ma_roma|pyramid_v2|none|s0,SerialSectioning,ma_roma,core,24.456,1461.4048553369573,1461.4176959109016,False,False,False
eval_CoNi-AM67_SEM-EBSD_SameSliceSerialSectioning_2#4,ma_roma|direct|invert|s0,SerialSectioning,ma_roma,transform,21.154,1465.7466042111998,1461.4176959109016,False,False,False
eval_CoNi-AM67_SEM-EBSD_SameSliceSerialSectioning_2#4,ma_roma|direct|histmatch|s0,SerialSectioning,ma_roma,transform,30.79,1459.6471898593925,1461.4176959109016,False,False,False
eval_CoNi-AM67_SEM-EBSD_SameSliceSerialSectioning_2#4,ma_roma|direct|clahe|s0,SerialSectioning,ma_roma,transform,33.337,1464.8945819042576,1461.4176959109016,False,False,False
eval_CoNi-AM67_SEM-EBSD_SameSliceSerialSectioning_2#4,ma_roma|direct|gradmag|s0,SerialSectioning,ma_roma,transform,63.126,1503.2191853792342,1461.4176959109016,False,False,False
eval_CoNi-AM67_SEM-EBSD_SameSliceSerialSectioning_2#5,ma_roma|direct|none|s0,SerialSectioning,ma_roma,core,25.642,1453.742992895539,1461.4176959109016,False,False,False
eval_CoNi-AM67_SEM-EBSD_SameSliceSerialSectioning_2#5,ma_roma|pyramid_v2|none|s0,SerialSectioning,ma_roma,core,25.642,1453.742992895539,1461.4176959109016,False,False,False
eval_CoNi-AM67_SEM-EBSD_SameSliceSerialSectioning_2#5,ma_roma|direct|invert|s0,SerialSectioning,ma_roma,transform,44.428,1458.201753115344,1461.4176959109016,False,False,False
eval_CoNi-AM67_SEM-EBSD_SameSliceSerialSectioning_2#5,ma_roma|direct|histmatch|s0,SerialSectioning,ma_roma,transform,122.402,1581.816568939407,1461.4176959109016,False,False,False
eval_CoNi-AM67_SEM-EBSD_SameSliceSerialSectioning_2#5,ma_roma|direct|clahe|s0,SerialSectioning,ma_roma,transform,24.978,1471.6949611644543,1461.4176959109016,False,False,False
eval_CoNi-AM67_SEM-EBSD_SameSliceSerialSectioning_2#5,ma_roma|direct|gradmag|s0,SerialSectioning,ma_roma,transform,37.785,1460.3547305798816,1461.4176959109016,False,False,False
eval_CoNi-AM90_OM-SEM_Multiscale_0#0,ma_roma|direct|none|s0,Multiscale,ma_roma,core,145.149,1214.5542580133533,1093.0057200582637,False,False,False
eval_CoNi-AM90_OM-SEM_Multiscale_0#0,ma_roma|pyramid_v2|none|s0,Multiscale,ma_roma,core,2279.274,4088.0135670988752,1093.0057200582637,False,False,False
eval_CoNi-AM90_OM-SEM_Multiscale_0#0,ma_roma|direct|invert|s0,Multiscale,ma_roma,transform,311.595,1373.5151974991845,1093.0057200582637,False,False,False
eval_CoNi-AM90_OM-SEM_Multiscale_0#0,ma_roma|direct|histmatch|s0,Multiscale,ma_roma,transform,382.268,1413.6168804823392,1093.0057200582637,False,False,False
eval_CoNi-AM90_OM-SEM_Multiscale_0#0,ma_roma|direct|clahe|s0,Multiscale,ma_roma,transform,328.351,1378.282572330693,1093.0057200582637,False,False,False
eval_CoNi-AM90_OM-SEM_Multiscale_0#0,ma_roma|direct|gradmag|s0,Multiscale,ma_roma,transform,1560.474,4182.183888900615,1093.0057200582637,False,False,False
eval_CoNi-AM90_OM-SEM_Multiscale_0#1,ma_roma|direct|none|s0,Multiscale,ma_roma,core,19.948,523.6915462875872,538.2817125825392,False,False,False
eval_CoNi-AM90_OM-SEM_Multiscale_0#1,ma_roma|pyramid_v2|none|s0,Multiscale,ma_roma,core,19.582,523.7546368097169,538.2817125825392,False,False,False
eval_CoNi-AM90_OM-SEM_Multiscale_0#1,ma_roma|direct|invert|s0,Multiscale,ma_roma,transform,26.635,524.2369596145959,538.2817125825392,False,False,False
eval_CoNi-AM90_OM-SEM_Multiscale_0#1,ma_roma|direct|histmatch|s0,Multiscale,ma_roma,transform,20.992,524.3335993273244,538.2817125825392,False,False,False
eval_CoNi-AM90_OM-SEM_Multiscale_0#1,ma_roma|direct|clahe|s0,Multiscale,ma_roma,transform,19.849,524.3775074657548,538.2817125825392,False,False,False
eval_CoNi-AM90_OM-SEM_Multiscale_0#1,ma_roma|direct|gradmag|s0,Multiscale,ma_roma,transform,3593.939,3034.7490969160463,538.2817125825392,False,False,False
eval_CoNi-AM90_SEM-DIC_EBSD_SlipPartitioning_0#0,ma_roma|direct|none|s0,SlipPartitioning,ma_roma,core,333.936,9864.315141666902,9671.051310742896,False,False,False
eval_CoNi-AM90_SEM-DIC_EBSD_SlipPartitioning_0#0,ma_roma|pyramid_v2|none|s0,SlipPartitioning,ma_roma,core,333.936,9864.315141666902,9671.051310742896,False,False,False
eval_CoNi-AM90_SEM-DIC_EBSD_SlipPartitioning_0#0,ma_roma|direct|invert|s0,SlipPartitioning,ma_roma,transform,364.374,9919.159149826968,9671.051310742896,False,False,False
eval_CoNi-AM90_SEM-DIC_EBSD_SlipPartitioning_0#0,ma_roma|direct|histmatch|s0,SlipPartitioning,ma_roma,transform,403.568,10411.045367205052,9671.051310742896,False,False,False
eval_CoNi-AM90_SEM-DIC_EBSD_SlipPartitioning_0#0,ma_roma|direct|clahe|s0,SlipPartitioning,ma_roma,transform,535.638,9911.040812995107,9671.051310742896,False,False,False
eval_CoNi-AM90_SEM-DIC_EBSD_SlipPartitioning_0#0,ma_roma|direct|gradmag|s0,SlipPartitioning,ma_roma,transform,378.15,9442.938772516289,9671.051310742896,False,False,False
eval_CoNi-AM90_SEM-DIC_EBSD_SlipPartitioning_0#1,ma_roma|direct|none|s0,SlipPartitioning,ma_roma,core,304.34,9640.970063740202,9671.051310742896,False,False,False
eval_CoNi-AM90_SEM-DIC_EBSD_SlipPartitioning_0#1,ma_roma|pyramid_v2|none|s0,SlipPartitioning,ma_roma,core,304.34,9640.970063740202,9671.051310742896,False,False,False
eval_CoNi-AM90_SEM-DIC_EBSD_SlipPartitioning_0#1,ma_roma|direct|invert|s0,SlipPartitioning,ma_roma,transform,380.747,9652.270447042087,9671.051310742896,False,False,False
eval_CoNi-AM90_SEM-DIC_EBSD_SlipPartitioning_0#1,ma_roma|direct|histmatch|s0,SlipPartitioning,ma_roma,transform,340.306,9652.158628373134,9671.051310742896,False,False,False
eval_CoNi-AM90_SEM-DIC_EBSD_SlipPartitioning_0#1,ma_roma|direct|clahe|s0,SlipPartitioning,ma_roma,transform,339.832,9618.839048960046,9671.051310742896,False,False,False
eval_CoNi-AM90_SEM-DIC_EBSD_SlipPartitioning_0#1,ma_roma|direct|gradmag|s0,SlipPartitioning,ma_roma,transform,377.53,9376.93022157928,9671.051310742896,False,False,False
eval_CoNi-AM90_SEM-DIC_EBSD_SlipPartitioning_0#2,ma_roma|direct|none|s0,SlipPartitioning,ma_roma,core,1135.582,10542.252374256379,9671.051310742896,False,False,False
eval_CoNi-AM90_SEM-DIC_EBSD_SlipPartitioning_0#2,ma_roma|pyramid_v2|none|s0,SlipPartitioning,ma_roma,core,1135.582,10542.252374256379,9671.051310742896,False,False,False
eval_CoNi-AM90_SEM-DIC_EBSD_SlipPartitioning_0#2,ma_roma|direct|invert|s0,SlipPartitioning,ma_roma,transform,410.779,9851.476418204944,9671.051310742896,False,False,False
eval_CoNi-AM90_SEM-DIC_EBSD_SlipPartitioning_0#2,ma_roma|direct|histmatch|s0,SlipPartitioning,ma_roma,transform,1032.689,9707.045704705013,9671.051310742896,False,False,False
eval_CoNi-AM90_SEM-DIC_EBSD_SlipPartitioning_0#2,ma_roma|direct|clahe|s0,SlipPartitioning,ma_roma,transform,2155.116,10175.123103464452,9671.051310742896,False,False,False
eval_CoNi-AM90_SEM-DIC_EBSD_SlipPartitioning_0#2,ma_roma|direct|gradmag|s0,SlipPartitioning,ma_roma,transform,534.573,9319.137516396526,9671.051310742896,False,False,False
eval_CoNi-AM90_SEM-DIC_EBSD_SlipPartitioning_0#3,ma_roma|direct|none|s0,SlipPartitioning,ma_roma,core,307.544,9815.32665432497,9671.051310742896,False,False,False
eval_CoNi-AM90_SEM-DIC_EBSD_SlipPartitioning_0#3,ma_roma|pyramid_v2|none|s0,SlipPartitioning,ma_roma,core,307.544,9815.32665432497,9671.051310742896,False,False,False
eval_CoNi-AM90_SEM-DIC_EBSD_SlipPartitioning_0#3,ma_roma|direct|invert|s0,SlipPartitioning,ma_roma,transform,282.656,9746.933299426262,9671.051310742896,False,False,False
eval_CoNi-AM90_SEM-DIC_EBSD_SlipPartitioning_0#3,ma_roma|direct|histmatch|s0,SlipPartitioning,ma_roma,transform,130.958,9783.747669138798,9671.051310742896,False,False,False
eval_CoNi-AM90_SEM-DIC_EBSD_SlipPartitioning_0#3,ma_roma|direct|clahe|s0,SlipPartitioning,ma_roma,transform,372.666,9672.207893847088,9671.051310742896,False,False,False
eval_CoNi-AM90_SEM-DIC_EBSD_SlipPartitioning_0#3,ma_roma|direct|gradmag|s0,SlipPartitioning,ma_roma,transform,336.11,9626.610126483909,9671.051310742896,False,False,False
eval_CoNi-AM90_SEM-DIC_EBSD_SlipPartitioning_0#4,ma_roma|direct|none|s0,SlipPartitioning,ma_roma,core,1244.498,38470.464944166684,9671.051310742896,False,False,False
eval_CoNi-AM90_SEM-DIC_EBSD_SlipPartitioning_0#4,ma_roma|pyramid_v2|none|s0,SlipPartitioning,ma_roma,core,1244.498,38470.464944166684,9671.051310742896,False,False,False
eval_CoNi-AM90_SEM-DIC_EBSD_SlipPartitioning_0#4,ma_roma|direct|invert|s0,SlipPartitioning,ma_roma,transform,374.34,9645.986303187408,9671.051310742896,False,False,False
eval_CoNi-AM90_SEM-DIC_EBSD_SlipPartitioning_0#4,ma_roma|direct|histmatch|s0,SlipPartitioning,ma_roma,transform,406.392,9801.366787124618,9671.051310742896,False,False,False
eval_CoNi-AM90_SEM-DIC_EBSD_SlipPartitioning_0#4,ma_roma|direct|clahe|s0,SlipPartitioning,ma_roma,transform,415.173,9574.118892682422,9671.051310742896,False,False,False
eval_CoNi-AM90_SEM-DIC_EBSD_SlipPartitioning_0#4,ma_roma|direct|gradmag|s0,SlipPartitioning,ma_roma,transform,380.187,9495.60880360691,9671.051310742896,False,False,False
eval_CoNi-AM90_SEM-DIC_EBSD_SlipPartitioning_0#5,ma_roma|direct|none|s0,SlipPartitioning,ma_roma,core,401.21,9977.426242423726,9671.051310742896,False,False,False
eval_CoNi-AM90_SEM-DIC_EBSD_SlipPartitioning_0#5,ma_roma|pyramid_v2|none|s0,SlipPartitioning,ma_roma,core,1173.771,12275.178642336286,9671.051310742896,False,False,False
eval_CoNi-AM90_SEM-DIC_EBSD_SlipPartitioning_0#5,ma_roma|direct|invert|s0,SlipPartitioning,ma_roma,transform,379.658,9908.622102492054,9671.051310742896,False,False,False
eval_CoNi-AM90_SEM-DIC_EBSD_SlipPartitioning_0#5,ma_roma|direct|histmatch|s0,SlipPartitioning,ma_roma,transform,414.125,9387.432026804256,9671.051310742896,False,False,False
eval_CoNi-AM90_SEM-DIC_EBSD_SlipPartitioning_0#5,ma_roma|direct|clahe|s0,SlipPartitioning,ma_roma,transform,642.531,10014.98233373066,9671.051310742896,False,False,False
eval_CoNi-AM90_SEM-DIC_EBSD_SlipPartitioning_0#5,ma_roma|direct|gradmag|s0,SlipPartitioning,ma_roma,transform,500.466,9357.15671485441,9671.051310742896,False,False,False
eval_CoNi-AM90_SEM-DIC_EBSD_SlipPartitioning_0#6,ma_roma|direct|none|s0,SlipPartitioning,ma_roma,core,332.772,9798.955322184818,9671.051310742896,False,False,False
eval_CoNi-AM90_SEM-DIC_EBSD_SlipPartitioning_0#6,ma_roma|pyramid_v2|none|s0,SlipPartitioning,ma_roma,core,332.772,9798.955322184818,9671.051310742896,False,False,False
eval_CoNi-AM90_SEM-DIC_EBSD_SlipPartitioning_0#6,ma_roma|direct|invert|s0,SlipPartitioning,ma_roma,transform,305.618,9712.332696705376,9671.051310742896,False,False,False
eval_CoNi-AM90_SEM-DIC_EBSD_SlipPartitioning_0#6,ma_roma|direct|histmatch|s0,SlipPartitioning,ma_roma,transform,48.939,9636.140611553848,9671.051310742896,False,False,False
eval_CoNi-AM90_SEM-DIC_EBSD_SlipPartitioning_0#6,ma_roma|direct|clahe|s0,SlipPartitioning,ma_roma,transform,367.877,9688.018641893192,9671.051310742896,False,False,False
eval_CoNi-AM90_SEM-DIC_EBSD_SlipPartitioning_0#6,ma_roma|direct|gradmag|s0,SlipPartitioning,ma_roma,transform,392.867,9530.99397202079,9671.051310742896,False,False,False
eval_CoNi-AM90_SEM-DIC_EBSD_SlipPartitioning_0#7,ma_roma|direct|none|s0,SlipPartitioning,ma_roma,core,466.23,9660.638555815496,9671.051310742896,False,False,False
eval_CoNi-AM90_SEM-DIC_EBSD_SlipPartitioning_0#7,ma_roma|pyramid_v2|none|s0,SlipPartitioning,ma_roma,core,466.23,9660.638555815496,9671.051310742896,False,False,False
eval_CoNi-AM90_SEM-DIC_EBSD_SlipPartitioning_0#7,ma_roma|direct|invert|s0,SlipPartitioning,ma_roma,transform,339.607,9633.000903377984,9671.051310742896,False,False,False
eval_CoNi-AM90_SEM-DIC_EBSD_SlipPartitioning_0#7,ma_roma|direct|histmatch|s0,SlipPartitioning,ma_roma,transform,325.099,9540.852036288263,9671.051310742896,False,False,False
eval_CoNi-AM90_SEM-DIC_EBSD_SlipPartitioning_0#7,ma_roma|direct|clahe|s0,SlipPartitioning,ma_roma,transform,340.144,9535.795832294007,9671.051310742896,False,False,False
eval_CoNi-AM90_SEM-DIC_EBSD_SlipPartitioning_0#7,ma_roma|direct|gradmag|s0,SlipPartitioning,ma_roma,transform,390.224,9541.599778525599,9671.051310742896,False,False,False
eval_CoNi-AM90_SEM-DIC_EBSD_SlipPartitioning_0#8,ma_roma|direct|none|s0,SlipPartitioning,ma_roma,core,880.354,10651.954804061837,9671.051310742896,False,False,False
eval_CoNi-AM90_SEM-DIC_EBSD_SlipPartitioning_0#8,ma_roma|pyramid_v2|none|s0,SlipPartitioning,ma_roma,core,880.354,10651.954804061837,9671.051310742896,False,False,False
eval_CoNi-AM90_SEM-DIC_EBSD_SlipPartitioning_0#8,ma_roma|direct|invert|s0,SlipPartitioning,ma_roma,transform,301.778,9744.2379000672,9671.051310742896,False,False,False
eval_CoNi-AM90_SEM-DIC_EBSD_SlipPartitioning_0#8,ma_roma|direct|histmatch|s0,SlipPartitioning,ma_roma,transform,320.489,9533.768210612161,9671.051310742896,False,False,False
eval_CoNi-AM90_SEM-DIC_EBSD_SlipPartitioning_0#8,ma_roma|direct|clahe|s0,SlipPartitioning,ma_roma,transform,454.795,10032.24093098737,9671.051310742896,False,False,False
eval_CoNi-AM90_SEM-DIC_EBSD_SlipPartitioning_0#8,ma_roma|direct|gradmag|s0,SlipPartitioning,ma_roma,transform,586.954,9396.562545635774,9671.051310742896,False,False,False
eval_CoNi-AM90_SEM-DIC_EBSD_SlipPartitioning_0#9,ma_roma|direct|none|s0,SlipPartitioning,ma_roma,core,221.219,9797.09760659819,9671.051310742896,False,False,False
eval_CoNi-AM90_SEM-DIC_EBSD_SlipPartitioning_0#9,ma_roma|pyramid_v2|none|s0,SlipPartitioning,ma_roma,core,221.219,9797.09760659819,9671.051310742896,False,False,False
eval_CoNi-AM90_SEM-DIC_EBSD_SlipPartitioning_0#9,ma_roma|direct|invert|s0,SlipPartitioning,ma_roma,transform,244.446,9826.868576617415,9671.051310742896,False,False,False
eval_CoNi-AM90_SEM-DIC_EBSD_SlipPartitioning_0#9,ma_roma|direct|histmatch|s0,SlipPartitioning,ma_roma,transform,1470.727,9892.07781499005,9671.051310742896,False,False,False
eval_CoNi-AM90_SEM-DIC_EBSD_SlipPartitioning_0#9,ma_roma|direct|clahe|s0,SlipPartitioning,ma_roma,transform,508.621,9731.232989708838,9671.051310742896,False,False,False
eval_CoNi-AM90_SEM-DIC_EBSD_SlipPartitioning_0#9,ma_roma|direct|gradmag|s0,SlipPartitioning,ma_roma,transform,518.188,9428.861699190591,9671.051310742896,False,False,False
eval_CoNi-AM90_SEM-DIC_EBSD_SlipPartitioning_0#10,ma_roma|direct|none|s0,SlipPartitioning,ma_roma,core,394.879,9622.597536141173,9671.051310742896,False,False,False
eval_CoNi-AM90_SEM-DIC_EBSD_SlipPartitioning_0#10,ma_roma|pyramid_v2|none|s0,SlipPartitioning,ma_roma,core,394.879,9622.597536141173,9671.051310742896,False,False,False
eval_CoNi-AM90_SEM-DIC_EBSD_SlipPartitioning_0#10,ma_roma|direct|invert|s0,SlipPartitioning,ma_roma,transform,325.351,9614.79067787778,9671.051310742896,False,False,False
eval_CoNi-AM90_SEM-DIC_EBSD_SlipPartitioning_0#10,ma_roma|direct|histmatch|s0,SlipPartitioning,ma_roma,transform,352.538,9594.718266843596,9671.051310742896,False,False,False
eval_CoNi-AM90_SEM-DIC_EBSD_SlipPartitioning_0#10,ma_roma|direct|clahe|s0,SlipPartitioning,ma_roma,transform,351.187,9662.590981492693,9671.051310742896,False,False,False
eval_CoNi-AM90_SEM-DIC_EBSD_SlipPartitioning_0#10,ma_roma|direct|gradmag|s0,SlipPartitioning,ma_roma,transform,365.263,9451.527993376523,9671.051310742896,False,False,False
eval_CoNi-AM90_SEM-DIC_EBSD_SlipPartitioning_0#11,ma_roma|direct|none|s0,SlipPartitioning,ma_roma,core,475.686,14660.482751811105,9671.051310742896,False,False,False
eval_CoNi-AM90_SEM-DIC_EBSD_SlipPartitioning_0#11,ma_roma|pyramid_v2|none|s0,SlipPartitioning,ma_roma,core,475.686,14660.482751811105,9671.051310742896,False,False,False
eval_CoNi-AM90_SEM-DIC_EBSD_SlipPartitioning_0#11,ma_roma|direct|invert|s0,SlipPartitioning,ma_roma,transform,693.687,10300.683358384365,9671.051310742896,False,False,False
eval_CoNi-AM90_SEM-DIC_EBSD_SlipPartitioning_0#11,ma_roma|direct|histmatch|s0,SlipPartitioning,ma_roma,transform,755.386,9968.140064973673,9671.051310742896,False,False,False
eval_CoNi-AM90_SEM-DIC_EBSD_SlipPartitioning_0#11,ma_roma|direct|clahe|s0,SlipPartitioning,ma_roma,transform,391.341,10028.826720567075,9671.051310742896,False,False,False
eval_CoNi-AM90_SEM-DIC_EBSD_SlipPartitioning_0#11,ma_roma|direct|gradmag|s0,SlipPartitioning,ma_roma,transform,492.342,9403.127419806093,9671.051310742896,False,False,False
eval_CoNi-AM90_SEM-DIC_EBSD_SlipPartitioning_0#12,ma_roma|direct|none|s0,SlipPartitioning,ma_roma,core,232.409,9796.56050903508,9671.051310742896,False,False,False
eval_CoNi-AM90_SEM-DIC_EBSD_SlipPartitioning_0#12,ma_roma|pyramid_v2|none|s0,SlipPartitioning,ma_roma,core,307.33,11106.073768922915,9671.051310742896,False,False,False
eval_CoNi-AM90_SEM-DIC_EBSD_SlipPartitioning_0#12,ma_roma|direct|invert|s0,SlipPartitioning,ma_roma,transform,449.023,10896.610988814236,9671.051310742896,False,False,False
eval_CoNi-AM90_SEM-DIC_EBSD_SlipPartitioning_0#12,ma_roma|direct|histmatch|s0,SlipPartitioning,ma_roma,transform,275.951,9818.189800430506,9671.051310742896,False,False,False
eval_CoNi-AM90_SEM-DIC_EBSD_SlipPartitioning_0#12,ma_roma|direct|clahe|s0,SlipPartitioning,ma_roma,transform,403.992,9658.004482334158,9671.051310742896,False,False,False
eval_CoNi-AM90_SEM-DIC_EBSD_SlipPartitioning_0#12,ma_roma|direct|gradmag|s0,SlipPartitioning,ma_roma,transform,368.523,9476.753914549154,9671.051310742896,False,False,False
eval_CoNi-AM90_SEM-DIC_EBSD_SlipPartitioning_0#13,ma_roma|direct|none|s0,SlipPartitioning,ma_roma,core,397.503,9619.278495934808,9671.051310742896,False,False,False
eval_CoNi-AM90_SEM-DIC_EBSD_SlipPartitioning_0#13,ma_roma|pyramid_v2|none|s0,SlipPartitioning,ma_roma,core,397.503,9619.278495934808,9671.051310742896,False,False,False
eval_CoNi-AM90_SEM-DIC_EBSD_SlipPartitioning_0#13,ma_roma|direct|invert|s0,SlipPartitioning,ma_roma,transform,375.91,9643.69104808418,9671.051310742896,False,False,False
eval_CoNi-AM90_SEM-DIC_EBSD_SlipPartitioning_0#13,ma_roma|direct|histmatch|s0,SlipPartitioning,ma_roma,transform,417.394,9592.757228030086,9671.051310742896,False,False,False
eval_CoNi-AM90_SEM-DIC_EBSD_SlipPartitioning_0#13,ma_roma|direct|clahe|s0,SlipPartitioning,ma_roma,transform,479.936,9602.088301740767,9671.051310742896,False,False,False
eval_CoNi-AM90_SEM-DIC_EBSD_SlipPartitioning_0#13,ma_roma|direct|gradmag|s0,SlipPartitioning,ma_roma,transform,352.062,9473.178596683394,9671.051310742896,False,False,False
eval_CoNi-AM90_SEM-DIC_EBSD_SlipPartitioning_0#14,ma_roma|direct|none|s0,SlipPartitioning,ma_roma,core,10179.107,10376.898695344087,9671.051310742896,False,False,False
eval_CoNi-AM90_SEM-DIC_EBSD_SlipPartitioning_0#14,ma_roma|pyramid_v2|none|s0,SlipPartitioning,ma_roma,core,242.456,9641.525817094871,9671.051310742896,False,False,False
eval_CoNi-AM90_SEM-DIC_EBSD_SlipPartitioning_0#14,ma_roma|direct|invert|s0,SlipPartitioning,ma_roma,transform,1999.927,10520.02844303986,9671.051310742896,False,False,False
eval_CoNi-AM90_SEM-DIC_EBSD_SlipPartitioning_0#14,ma_roma|direct|histmatch|s0,SlipPartitioning,ma_roma,transform,886.833,10072.15118067274,9671.051310742896,False,False,False
eval_CoNi-AM90_SEM-DIC_EBSD_SlipPartitioning_0#14,ma_roma|direct|clahe|s0,SlipPartitioning,ma_roma,transform,2971.923,10079.981872494662,9671.051310742896,False,False,False
eval_CoNi-AM90_SEM-DIC_EBSD_SlipPartitioning_0#14,ma_roma|direct|gradmag|s0,SlipPartitioning,ma_roma,transform,548.019,9315.225940467613,9671.051310742896,False,False,False
eval_CoNi-AM90_SEM-DIC_EBSD_SlipPartitioning_0#15,ma_roma|direct|none|s0,SlipPartitioning,ma_roma,core,470.395,9406.094122780343,9671.051310742896,False,False,False
eval_CoNi-AM90_SEM-DIC_EBSD_SlipPartitioning_0#15,ma_roma|pyramid_v2|none|s0,SlipPartitioning,ma_roma,core,470.395,9406.094122780343,9671.051310742896,False,False,False
eval_CoNi-AM90_SEM-DIC_EBSD_SlipPartitioning_0#15,ma_roma|direct|invert|s0,SlipPartitioning,ma_roma,transform,481.944,9406.222139295272,9671.051310742896,False,False,False
eval_CoNi-AM90_SEM-DIC_EBSD_SlipPartitioning_0#15,ma_roma|direct|histmatch|s0,SlipPartitioning,ma_roma,transform,587.94,9377.567673885755,9671.051310742896,False,False,False
eval_CoNi-AM90_SEM-DIC_EBSD_SlipPartitioning_0#15,ma_roma|direct|clahe|s0,SlipPartitioning,ma_roma,transform,251.698,9418.051970891864,9671.051310742896,False,False,False
eval_CoNi-AM90_SEM-DIC_EBSD_SlipPartitioning_0#15,ma_roma|direct|gradmag|s0,SlipPartitioning,ma_roma,transform,352.374,9454.454717108885,9671.051310742896,False,False,False
eval_CoNi-AM90_SEM-DIC_EBSD_SlipPartitioning_0#16,ma_roma|direct|none|s0,SlipPartitioning,ma_roma,core,568.056,9383.93153629345,9671.051310742896,False,False,False
eval_CoNi-AM90_SEM-DIC_EBSD_SlipPartitioning_0#16,ma_roma|pyramid_v2|none|s0,SlipPartitioning,ma_roma,core,568.056,9383.93153629345,9671.051310742896,False,False,False
eval_CoNi-AM90_SEM-DIC_EBSD_SlipPartitioning_0#16,ma_roma|direct|invert|s0,SlipPartitioning,ma_roma,transform,477.064,9326.944141640955,9671.051310742896,False,False,False
eval_CoNi-AM90_SEM-DIC_EBSD_SlipPartitioning_0#16,ma_roma|direct|histmatch|s0,SlipPartitioning,ma_roma,transform,315.026,9431.71418352122,9671.051310742896,False,False,False
eval_CoNi-AM90_SEM-DIC_EBSD_SlipPartitioning_0#16,ma_roma|direct|clahe|s0,SlipPartitioning,ma_roma,transform,295.588,9405.966039327799,9671.051310742896,False,False,False
eval_CoNi-AM90_SEM-DIC_EBSD_SlipPartitioning_0#16,ma_roma|direct|gradmag|s0,SlipPartitioning,ma_roma,transform,440.303,9545.037253994567,9671.051310742896,False,False,False
eval_CoNi-AM90_SEM-DIC_EBSD_SlipPartitioning_0#17,ma_roma|direct|none|s0,SlipPartitioning,ma_roma,core,518.815,9405.790342920716,9671.051310742896,False,False,False
eval_CoNi-AM90_SEM-DIC_EBSD_SlipPartitioning_0#17,ma_roma|pyramid_v2|none|s0,SlipPartitioning,ma_roma,core,518.815,9405.790342920716,9671.051310742896,False,False,False
eval_CoNi-AM90_SEM-DIC_EBSD_SlipPartitioning_0#17,ma_roma|direct|invert|s0,SlipPartitioning,ma_roma,transform,463.588,9378.29626281853,9671.051310742896,False,False,False
eval_CoNi-AM90_SEM-DIC_EBSD_SlipPartitioning_0#17,ma_roma|direct|histmatch|s0,SlipPartitioning,ma_roma,transform,402.301,9567.80574300931,9671.051310742896,False,False,False
eval_CoNi-AM90_SEM-DIC_EBSD_SlipPartitioning_0#17,ma_roma|direct|clahe|s0,SlipPartitioning,ma_roma,transform,515.16,9738.751904762521,9671.051310742896,False,False,False
eval_CoNi-AM90_SEM-DIC_EBSD_SlipPartitioning_0#17,ma_roma|direct|gradmag|s0,SlipPartitioning,ma_roma,transform,555.984,9406.65156646595,9671.051310742896,False,False,False
eval_CoNi-AM90_SEM-DIC_EBSD_SlipPartitioning_0#18,ma_roma|direct|none|s0,SlipPartitioning,ma_roma,core,1597.882,9916.036924681204,9671.051310742896,False,False,False
eval_CoNi-AM90_SEM-DIC_EBSD_SlipPartitioning_0#18,ma_roma|pyramid_v2|none|s0,SlipPartitioning,ma_roma,core,1597.882,9916.036924681204,9671.051310742896,False,False,False
eval_CoNi-AM90_SEM-DIC_EBSD_SlipPartitioning_0#18,ma_roma|direct|invert|s0,SlipPartitioning,ma_roma,transform,381.147,9452.109473324539,9671.051310742896,False,False,False
eval_CoNi-AM90_SEM-DIC_EBSD_SlipPartitioning_0#18,ma_roma|direct|histmatch|s0,SlipPartitioning,ma_roma,transform,488.129,9978.02200867061,9671.051310742896,False,False,False
eval_CoNi-AM90_SEM-DIC_EBSD_SlipPartitioning_0#18,ma_roma|direct|clahe|s0,SlipPartitioning,ma_roma,transform,434.708,9715.445362823226,9671.051310742896,False,False,False
eval_CoNi-AM90_SEM-DIC_EBSD_SlipPartitioning_0#18,ma_roma|direct|gradmag|s0,SlipPartitioning,ma_roma,transform,366.296,9530.638005568071,9671.051310742896,False,False,False
eval_CoNi-AM90_SEM-DIC_EBSD_SlipPartitioning_0#19,ma_roma|direct|none|s0,SlipPartitioning,ma_roma,core,297.914,9656.468358674592,9671.051310742896,False,False,False
eval_CoNi-AM90_SEM-DIC_EBSD_SlipPartitioning_0#19,ma_roma|pyramid_v2|none|s0,SlipPartitioning,ma_roma,core,297.914,9656.468358674592,9671.051310742896,False,False,False
eval_CoNi-AM90_SEM-DIC_EBSD_SlipPartitioning_0#19,ma_roma|direct|invert|s0,SlipPartitioning,ma_roma,transform,406.501,9420.627300992373,9671.051310742896,False,False,False
eval_CoNi-AM90_SEM-DIC_EBSD_SlipPartitioning_0#19,ma_roma|direct|histmatch|s0,SlipPartitioning,ma_roma,transform,381.312,9716.78081604463,9671.051310742896,False,False,False
eval_CoNi-AM90_SEM-DIC_EBSD_SlipPartitioning_0#19,ma_roma|direct|clahe|s0,SlipPartitioning,ma_roma,transform,464.085,9649.06039871132,9671.051310742896,False,False,False
eval_CoNi-AM90_SEM-DIC_EBSD_SlipPartitioning_0#19,ma_roma|direct|gradmag|s0,SlipPartitioning,ma_roma,transform,412.531,9446.483354292332,9671.051310742896,False,False,False
eval_CoNi-AM90_SEM-DIC_EBSD_SlipPartitioning_0#20,ma_roma|direct|none|s0,SlipPartitioning,ma_roma,core,405.072,9382.040226106008,9671.051310742896,False,False,False
eval_CoNi-AM90_SEM-DIC_EBSD_SlipPartitioning_0#20,ma_roma|pyramid_v2|none|s0,SlipPartitioning,ma_roma,core,405.072,9382.040226106008,9671.051310742896,False,False,False
eval_CoNi-AM90_SEM-DIC_EBSD_SlipPartitioning_0#20,ma_roma|direct|invert|s0,SlipPartitioning,ma_roma,transform,297.374,9354.804385532678,9671.051310742896,False,False,False
eval_CoNi-AM90_SEM-DIC_EBSD_SlipPartitioning_0#20,ma_roma|direct|histmatch|s0,SlipPartitioning,ma_roma,transform,441.567,9513.770553097498,9671.051310742896,False,False,False
eval_CoNi-AM90_SEM-DIC_EBSD_SlipPartitioning_0#20,ma_roma|direct|clahe|s0,SlipPartitioning,ma_roma,transform,344.071,9757.596146495185,9671.051310742896,False,False,False
eval_CoNi-AM90_SEM-DIC_EBSD_SlipPartitioning_0#20,ma_roma|direct|gradmag|s0,SlipPartitioning,ma_roma,transform,333.534,9485.875123067532,9671.051310742896,False,False,False
eval_CoNi-AM90_SEM-DIC_EBSD_SlipPartitioning_0#21,ma_roma|direct|none|s0,SlipPartitioning,ma_roma,core,254.075,9856.020646293955,9671.051310742896,False,False,False
eval_CoNi-AM90_SEM-DIC_EBSD_SlipPartitioning_0#21,ma_roma|pyramid_v2|none|s0,SlipPartitioning,ma_roma,core,254.075,9856.020646293955,9671.051310742896,False,False,False
eval_CoNi-AM90_SEM-DIC_EBSD_SlipPartitioning_0#21,ma_roma|direct|invert|s0,SlipPartitioning,ma_roma,transform,270.461,9759.790404217933,9671.051310742896,False,False,False
eval_CoNi-AM90_SEM-DIC_EBSD_SlipPartitioning_0#21,ma_roma|direct|histmatch|s0,SlipPartitioning,ma_roma,transform,361.632,9910.368397551232,9671.051310742896,False,False,False
eval_CoNi-AM90_SEM-DIC_EBSD_SlipPartitioning_0#21,ma_roma|direct|clahe|s0,SlipPartitioning,ma_roma,transform,214.648,9772.37603309232,9671.051310742896,False,False,False
eval_CoNi-AM90_SEM-DIC_EBSD_SlipPartitioning_0#21,ma_roma|direct|gradmag|s0,SlipPartitioning,ma_roma,transform,380.404,9669.453489394937,9671.051310742896,False,False,False
eval_CoNi-AM90_SEM-DIC_EBSD_SlipPartitioning_0#22,ma_roma|direct|none|s0,SlipPartitioning,ma_roma,core,907.182,10536.677750373352,9671.051310742896,False,False,False
eval_CoNi-AM90_SEM-DIC_EBSD_SlipPartitioning_0#22,ma_roma|pyramid_v2|none|s0,SlipPartitioning,ma_roma,core,907.182,10536.677750373352,9671.051310742896,False,False,False
eval_CoNi-AM90_SEM-DIC_EBSD_SlipPartitioning_0#22,ma_roma|direct|invert|s0,SlipPartitioning,ma_roma,transform,384.839,9828.639081455154,9671.051310742896,False,False,False
eval_CoNi-AM90_SEM-DIC_EBSD_SlipPartitioning_0#22,ma_roma|direct|histmatch|s0,SlipPartitioning,ma_roma,transform,501.602,9674.0908322454,9671.051310742896,False,False,False
eval_CoNi-AM90_SEM-DIC_EBSD_SlipPartitioning_0#22,ma_roma|direct|clahe|s0,SlipPartitioning,ma_roma,transform,280.462,9737.00951006761,9671.051310742896,False,False,False
eval_CoNi-AM90_SEM-DIC_EBSD_SlipPartitioning_0#22,ma_roma|direct|gradmag|s0,SlipPartitioning,ma_roma,transform,400.933,9522.769441285405,9671.051310742896,False,False,False
eval_CoNi-AM90_SEM-DIC_EBSD_SlipPartitioning_0#23,ma_roma|direct|none|s0,SlipPartitioning,ma_roma,core,684.784,9239.077350658645,9671.051310742896,False,False,False
eval_CoNi-AM90_SEM-DIC_EBSD_SlipPartitioning_0#23,ma_roma|pyramid_v2|none|s0,SlipPartitioning,ma_roma,core,684.784,9239.077350658645,9671.051310742896,False,False,False
eval_CoNi-AM90_SEM-DIC_EBSD_SlipPartitioning_0#23,ma_roma|direct|invert|s0,SlipPartitioning,ma_roma,transform,363.591,9345.491573650748,9671.051310742896,False,False,False
eval_CoNi-AM90_SEM-DIC_EBSD_SlipPartitioning_0#23,ma_roma|direct|histmatch|s0,SlipPartitioning,ma_roma,transform,345.478,9875.779090705093,9671.051310742896,False,False,False
eval_CoNi-AM90_SEM-DIC_EBSD_SlipPartitioning_0#23,ma_roma|direct|clahe|s0,SlipPartitioning,ma_roma,transform,338.84,9803.434126422864,9671.051310742896,False,False,False
eval_CoNi-AM90_SEM-DIC_EBSD_SlipPartitioning_0#23,ma_roma|direct|gradmag|s0,SlipPartitioning,ma_roma,transform,206.265,9708.68716601991,9671.051310742896,False,False,False
eval_CoNi-AM90_SEM-DIC_EBSD_SlipPartitioning_0#24,ma_roma|direct|none|s0,SlipPartitioning,ma_roma,core,464.946,9989.460238134357,9671.051310742896,False,False,False
eval_CoNi-AM90_SEM-DIC_EBSD_SlipPartitioning_0#24,ma_roma|pyramid_v2|none|s0,SlipPartitioning,ma_roma,core,464.946,9989.460238134357,9671.051310742896,False,False,False
eval_CoNi-AM90_SEM-DIC_EBSD_SlipPartitioning_0#24,ma_roma|direct|invert|s0,SlipPartitioning,ma_roma,transform,228.015,9659.912473537728,9671.051310742896,False,False,False
eval_CoNi-AM90_SEM-DIC_EBSD_SlipPartitioning_0#24,ma_roma|direct|histmatch|s0,SlipPartitioning,ma_roma,transform,211.343,9766.696503151126,9671.051310742896,False,False,False
eval_CoNi-AM90_SEM-DIC_EBSD_SlipPartitioning_0#24,ma_roma|direct|clahe|s0,SlipPartitioning,ma_roma,transform,364.454,9909.041450120427,9671.051310742896,False,False,False
eval_CoNi-AM90_SEM-DIC_EBSD_SlipPartitioning_0#24,ma_roma|direct|gradmag|s0,SlipPartitioning,ma_roma,transform,346.543,9735.752938342577,9671.051310742896,False,False,False
eval_CoNi-AM90_SEM-DIC_EBSD_SlipPartitioning_0#25,ma_roma|direct|none|s0,SlipPartitioning,ma_roma,core,251.964,9795.791657867076,9671.051310742896,False,False,False
eval_CoNi-AM90_SEM-DIC_EBSD_SlipPartitioning_0#25,ma_roma|pyramid_v2|none|s0,SlipPartitioning,ma_roma,core,472.758,9932.898177248091,9671.051310742896,False,False,False
eval_CoNi-AM90_SEM-DIC_EBSD_SlipPartitioning_0#25,ma_roma|direct|invert|s0,SlipPartitioning,ma_roma,transform,298.419,9778.459623382292,9671.051310742896,False,False,False
eval_CoNi-AM90_SEM-DIC_EBSD_SlipPartitioning_0#25,ma_roma|direct|histmatch|s0,SlipPartitioning,ma_roma,transform,264.785,9886.912662202782,9671.051310742896,False,False,False
eval_CoNi-AM90_SEM-DIC_EBSD_SlipPartitioning_0#25,ma_roma|direct|clahe|s0,SlipPartitioning,ma_roma,transform,267.826,9736.405000324907,9671.051310742896,False,False,False
eval_CoNi-AM90_SEM-DIC_EBSD_SlipPartitioning_0#25,ma_roma|direct|gradmag|s0,SlipPartitioning,ma_roma,transform,610.638,9188.587695555296,9671.051310742896,False,False,False
eval_CoNi-AM90_SEM-DIC_EBSD_SlipPartitioning_0#26,ma_roma|direct|none|s0,SlipPartitioning,ma_roma,core,331.926,9511.94286395842,9671.051310742896,False,False,False
eval_CoNi-AM90_SEM-DIC_EBSD_SlipPartitioning_0#26,ma_roma|pyramid_v2|none|s0,SlipPartitioning,ma_roma,core,331.926,9511.94286395842,9671.051310742896,False,False,False
eval_CoNi-AM90_SEM-DIC_EBSD_SlipPartitioning_0#26,ma_roma|direct|invert|s0,SlipPartitioning,ma_roma,transform,422.057,9340.023267157154,9671.051310742896,False,False,False
eval_CoNi-AM90_SEM-DIC_EBSD_SlipPartitioning_0#26,ma_roma|direct|histmatch|s0,SlipPartitioning,ma_roma,transform,381.876,9425.97617413255,9671.051310742896,False,False,False
eval_CoNi-AM90_SEM-DIC_EBSD_SlipPartitioning_0#26,ma_roma|direct|clahe|s0,SlipPartitioning,ma_roma,transform,406.671,9895.125241492458,9671.051310742896,False,False,False
eval_CoNi-AM90_SEM-DIC_EBSD_SlipPartitioning_0#26,ma_roma|direct|gradmag|s0,SlipPartitioning,ma_roma,transform,373.036,9699.607823157281,9671.051310742896,False,False,False
eval_CoNi-AM90_SEM-EBSD_SameSlice_0#0,ma_roma|direct|none|s0,SameSlice,ma_roma,core,3.673,8930.984021756074,8929.302079474888,False,False,False
eval_CoNi-AM90_SEM-EBSD_SameSlice_0#0,ma_roma|pyramid_v2|none|s0,SameSlice,ma_roma,core,3.673,8930.984021756074,8929.302079474888,False,False,False
eval_CoNi-AM90_SEM-EBSD_SameSlice_0#0,ma_roma|direct|invert|s0,SameSlice,ma_roma,transform,602.584,9493.121320782531,8929.302079474888,False,False,False
eval_CoNi-AM90_SEM-EBSD_SameSlice_0#0,ma_roma|direct|histmatch|s0,SameSlice,ma_roma,transform,17.963,8932.965476751966,8929.302079474888,False,False,False
eval_CoNi-AM90_SEM-EBSD_SameSlice_0#0,ma_roma|direct|clahe|s0,SameSlice,ma_roma,transform,35.42,8922.387661250617,8929.302079474888,False,False,False
eval_CoNi-AM90_SEM-EBSD_SameSlice_0#0,ma_roma|direct|gradmag|s0,SameSlice,ma_roma,transform,708.074,10006.418796666107,8929.302079474888,False,False,False
eval_CoNi-AM90_SEM-EBSD_SameSlice_0#1,ma_roma|direct|none|s0,SameSlice,ma_roma,core,10.014,8935.704296261103,8929.302079474888,False,False,False
eval_CoNi-AM90_SEM-EBSD_SameSlice_0#1,ma_roma|pyramid_v2|none|s0,SameSlice,ma_roma,core,10.014,8935.704296261103,8929.302079474888,False,False,False
eval_CoNi-AM90_SEM-EBSD_SameSlice_0#1,ma_roma|direct|invert|s0,SameSlice,ma_roma,transform,419.561,9346.453048798507,8929.302079474888,False,False,False
eval_CoNi-AM90_SEM-EBSD_SameSlice_0#1,ma_roma|direct|histmatch|s0,SameSlice,ma_roma,transform,3.845,8931.353679672775,8929.302079474888,False,False,False
eval_CoNi-AM90_SEM-EBSD_SameSlice_0#1,ma_roma|direct|clahe|s0,SameSlice,ma_roma,transform,6.341,8931.992413094093,8929.302079474888,False,False,False
eval_CoNi-AM90_SEM-EBSD_SameSlice_0#1,ma_roma|direct|gradmag|s0,SameSlice,ma_roma,transform,809.182,9474.09863462707,8929.302079474888,False,False,False
eval_CoNi-AM90_SEM-EBSD_SameSlice_0#2,ma_roma|direct|none|s0,SameSlice,ma_roma,core,2.766,8928.608663609459,8929.302079474888,False,False,False
eval_CoNi-AM90_SEM-EBSD_SameSlice_0#2,ma_roma|pyramid_v2|none|s0,SameSlice,ma_roma,core,2.766,8928.608663609459,8929.302079474888,False,False,False
eval_CoNi-AM90_SEM-EBSD_SameSlice_0#2,ma_roma|direct|invert|s0,SameSlice,ma_roma,transform,3.033,8930.125755220195,8929.302079474888,False,False,False
eval_CoNi-AM90_SEM-EBSD_SameSlice_0#2,ma_roma|direct|histmatch|s0,SameSlice,ma_roma,transform,13.206,8937.15999086853,8929.302079474888,False,False,False
eval_CoNi-AM90_SEM-EBSD_SameSlice_0#2,ma_roma|direct|clahe|s0,SameSlice,ma_roma,transform,2.133,8928.840892291593,8929.302079474888,False,False,False
eval_CoNi-AM90_SEM-EBSD_SameSlice_0#2,ma_roma|direct|gradmag|s0,SameSlice,ma_roma,transform,1089.179,9638.423910918667,8929.302079474888,False,False,False
eval_CoNi-AM90_SEM-EBSD_SameSlice_0#3,ma_roma|direct|none|s0,SameSlice,ma_roma,core,11.247,8939.300442670741,8929.302079474888,False,False,False
eval_CoNi-AM90_SEM-EBSD_SameSlice_0#3,ma_roma|pyramid_v2|none|s0,SameSlice,ma_roma,core,11.247,8939.300442670741,8929.302079474888,False,False,False
eval_CoNi-AM90_SEM-EBSD_SameSlice_0#3,ma_roma|direct|invert|s0,SameSlice,ma_roma,transform,1004.861,9670.506811153062,8929.302079474888,False,False,False
eval_CoNi-AM90_SEM-EBSD_SameSlice_0#3,ma_roma|direct|histmatch|s0,SameSlice,ma_roma,transform,49.138,8953.389065481144,8929.302079474888,False,False,False
eval_CoNi-AM90_SEM-EBSD_SameSlice_0#3,ma_roma|direct|clahe|s0,SameSlice,ma_roma,transform,120.368,8981.222948585642,8929.302079474888,False,False,False
eval_CoNi-AM90_SEM-EBSD_SameSlice_0#3,ma_roma|direct|gradmag|s0,SameSlice,ma_roma,transform,370.078,8759.75187338458,8929.302079474888,False,False,False
eval_CoNi-AM90_SEM-EBSD_SameSlice_0#4,ma_roma|direct|none|s0,SameSlice,ma_roma,core,215.228,8921.211523527581,8929.302079474888,False,False,False
eval_CoNi-AM90_SEM-EBSD_SameSlice_0#4,ma_roma|pyramid_v2|none|s0,SameSlice,ma_roma,core,215.228,8921.211523527581,8929.302079474888,False,False,False
eval_CoNi-AM90_SEM-EBSD_SameSlice_0#4,ma_roma|direct|invert|s0,SameSlice,ma_roma,transform,1054.641,9711.15232283176,8929.302079474888,False,False,False
eval_CoNi-AM90_SEM-EBSD_SameSlice_0#4,ma_roma|direct|histmatch|s0,SameSlice,ma_roma,transform,326.105,8957.899321677462,8929.302079474888,False,False,False
eval_CoNi-AM90_SEM-EBSD_SameSlice_0#4,ma_roma|direct|clahe|s0,SameSlice,ma_roma,transform,331.323,8725.029877703037,8929.302079474888,False,False,False
eval_CoNi-AM90_SEM-EBSD_SameSlice_0#4,ma_roma|direct|gradmag|s0,SameSlice,ma_roma,transform,163.537,8850.775199758538,8929.302079474888,False,False,False
eval_CoNi-AM90_SEM-EBSD_SameSlice_0#5,ma_roma|direct|none|s0,SameSlice,ma_roma,core,8275.562,44688.07842225481,8929.302079474888,False,False,False
eval_CoNi-AM90_SEM-EBSD_SameSlice_0#5,ma_roma|pyramid_v2|none|s0,SameSlice,ma_roma,core,8275.562,44688.07842225481,8929.302079474888,False,False,False
eval_CoNi-AM90_SEM-EBSD_SameSlice_0#5,ma_roma|direct|invert|s0,SameSlice,ma_roma,transform,91.976,8993.178328542797,8929.302079474888,False,False,False
eval_CoNi-AM90_SEM-EBSD_SameSlice_0#5,ma_roma|direct|histmatch|s0,SameSlice,ma_roma,transform,1040.837,8345.126973090742,8929.302079474888,False,False,False
eval_CoNi-AM90_SEM-EBSD_SameSlice_0#5,ma_roma|direct|clahe|s0,SameSlice,ma_roma,transform,130.325,9048.770443709598,8929.302079474888,False,False,False
eval_CoNi-AM90_SEM-EBSD_SameSlice_0#5,ma_roma|direct|gradmag|s0,SameSlice,ma_roma,transform,149.827,8778.852982003655,8929.302079474888,False,False,False
eval_CoNi_SEM-SE_SEM-BSE_Cracks-SameSliceSerialSectioning_0#0,ma_roma|direct|none|s0,SerialSectioning,ma_roma,core,7.913,1061.9813569185035,1067.3043744784136,False,False,False
eval_CoNi_SEM-SE_SEM-BSE_Cracks-SameSliceSerialSectioning_0#0,ma_roma|pyramid_v2|none|s0,SerialSectioning,ma_roma,core,7.913,1061.9813569185035,1067.3043744784136,False,False,False
eval_CoNi_SEM-SE_SEM-BSE_Cracks-SameSliceSerialSectioning_0#0,ma_roma|direct|invert|s0,SerialSectioning,ma_roma,transform,8.004,1064.7900247980613,1067.3043744784136,False,False,False
eval_CoNi_SEM-SE_SEM-BSE_Cracks-SameSliceSerialSectioning_0#0,ma_roma|direct|histmatch|s0,SerialSectioning,ma_roma,transform,7.532,1067.8078452697537,1067.3043744784136,False,False,False
eval_CoNi_SEM-SE_SEM-BSE_Cracks-SameSliceSerialSectioning_0#0,ma_roma|direct|clahe|s0,SerialSectioning,ma_roma,transform,9.36,1070.3465939292012,1067.3043744784136,False,False,False
eval_CoNi_SEM-SE_SEM-BSE_Cracks-SameSliceSerialSectioning_0#0,ma_roma|direct|gradmag|s0,SerialSectioning,ma_roma,transform,5.405,1064.7850261292863,1067.3043744784136,False,False,False
eval_In718-PrecipitationStrengthened_SEM-BSE_EBSD_SameSliceSerialSectioning_0#0,ma_roma|direct|none|s0,SerialSectioning,ma_roma,core,23.537,3671.684076555209,3666.3568655009735,False,False,False
eval_In718-PrecipitationStrengthened_SEM-BSE_EBSD_SameSliceSerialSectioning_0#0,ma_roma|pyramid_v2|none|s0,SerialSectioning,ma_roma,core,23.537,3671.684076555209,3666.3568655009735,False,False,False
eval_In718-PrecipitationStrengthened_SEM-BSE_EBSD_SameSliceSerialSectioning_0#0,ma_roma|direct|invert|s0,SerialSectioning,ma_roma,transform,18.17,3659.0996677568965,3666.3568655009735,False,False,False
eval_In718-PrecipitationStrengthened_SEM-BSE_EBSD_SameSliceSerialSectioning_0#0,ma_roma|direct|histmatch|s0,SerialSectioning,ma_roma,transform,35.888,3659.7384163320316,3666.3568655009735,False,False,False
eval_In718-PrecipitationStrengthened_SEM-BSE_EBSD_SameSliceSerialSectioning_0#0,ma_roma|direct|clahe|s0,SerialSectioning,ma_roma,transform,25.736,3672.3667746309206,3666.3568655009735,False,False,False
eval_In718-PrecipitationStrengthened_SEM-BSE_EBSD_SameSliceSerialSectioning_0#0,ma_roma|direct|gradmag|s0,SerialSectioning,ma_roma,transform,28.609,3662.12462810648,3666.3568655009735,False,False,False
eval_In718-PrecipitationStrengthened_SEM-BSE_EBSD_SameSliceSerialSectioning_1#0,ma_roma|direct|none|s0,SerialSectioning,ma_roma,core,21.971,3651.2375555340423,3643.3357725965784,False,False,False
eval_In718-PrecipitationStrengthened_SEM-BSE_EBSD_SameSliceSerialSectioning_1#0,ma_roma|pyramid_v2|none|s0,SerialSectioning,ma_roma,core,25.544,3657.2310467709267,3643.3357725965784,False,False,False
eval_In718-PrecipitationStrengthened_SEM-BSE_EBSD_SameSliceSerialSectioning_1#0,ma_roma|direct|invert|s0,SerialSectioning,ma_roma,transform,22.307,3647.6987362203304,3643.3357725965784,False,False,False
eval_In718-PrecipitationStrengthened_SEM-BSE_EBSD_SameSliceSerialSectioning_1#0,ma_roma|direct|histmatch|s0,SerialSectioning,ma_roma,transform,27.03,3658.7994528145878,3643.3357725965784,False,False,False
eval_In718-PrecipitationStrengthened_SEM-BSE_EBSD_SameSliceSerialSectioning_1#0,ma_roma|direct|clahe|s0,SerialSectioning,ma_roma,transform,25.405,3653.464327801341,3643.3357725965784,False,False,False
eval_In718-PrecipitationStrengthened_SEM-BSE_EBSD_SameSliceSerialSectioning_1#0,ma_roma|direct|gradmag|s0,SerialSectioning,ma_roma,transform,109.266,3593.4307419533375,3643.3357725965784,False,False,False
eval_In718-PrecipitationStrengthened_SEM-BSE_EBSD_SameSliceSerialSectioning_2#0,ma_roma|direct|none|s0,SerialSectioning,ma_roma,core,19.644,3653.6877029141037,3644.479519716709,False,False,False
eval_In718-PrecipitationStrengthened_SEM-BSE_EBSD_SameSliceSerialSectioning_2#0,ma_roma|pyramid_v2|none|s0,SerialSectioning,ma_roma,core,18.544,3653.4593552505603,3644.479519716709,False,False,False
eval_In718-PrecipitationStrengthened_SEM-BSE_EBSD_SameSliceSerialSectioning_2#0,ma_roma|direct|invert|s0,SerialSectioning,ma_roma,transform,19.358,3649.467479922148,3644.479519716709,False,False,False
eval_In718-PrecipitationStrengthened_SEM-BSE_EBSD_SameSliceSerialSectioning_2#0,ma_roma|direct|histmatch|s0,SerialSectioning,ma_roma,transform,29.028,3655.112632066963,3644.479519716709,False,False,False
eval_In718-PrecipitationStrengthened_SEM-BSE_EBSD_SameSliceSerialSectioning_2#0,ma_roma|direct|clahe|s0,SerialSectioning,ma_roma,transform,18.646,3654.8026727514894,3644.479519716709,False,False,False
eval_In718-PrecipitationStrengthened_SEM-BSE_EBSD_SameSliceSerialSectioning_2#0,ma_roma|direct|gradmag|s0,SerialSectioning,ma_roma,transform,41.467,3621.9262775846314,3644.479519716709,False,False,False
eval_In718-PrecipitationStrengthened_SEM-BSE_EBSD_SameSliceSerialSectioning_3#0,ma_roma|direct|none|s0,SerialSectioning,ma_roma,core,14.406,3648.6106532068056,3646.2391600041365,False,False,False
eval_In718-PrecipitationStrengthened_SEM-BSE_EBSD_SameSliceSerialSectioning_3#0,ma_roma|pyramid_v2|none|s0,SerialSectioning,ma_roma,core,14.406,3648.6106532068056,3646.2391600041365,False,False,False
eval_In718-PrecipitationStrengthened_SEM-BSE_EBSD_SameSliceSerialSectioning_3#0,ma_roma|direct|invert|s0,SerialSectioning,ma_roma,transform,20.132,3653.1969236926125,3646.2391600041365,False,False,False
eval_In718-PrecipitationStrengthened_SEM-BSE_EBSD_SameSliceSerialSectioning_3#0,ma_roma|direct|histmatch|s0,SerialSectioning,ma_roma,transform,40.093,3665.7090775428933,3646.2391600041365,False,False,False
eval_In718-PrecipitationStrengthened_SEM-BSE_EBSD_SameSliceSerialSectioning_3#0,ma_roma|direct|clahe|s0,SerialSectioning,ma_roma,transform,14.387,3650.43185385808,3646.2391600041365,False,False,False
eval_In718-PrecipitationStrengthened_SEM-BSE_EBSD_SameSliceSerialSectioning_3#0,ma_roma|direct|gradmag|s0,SerialSectioning,ma_roma,transform,32.229,3673.610234544587,3646.2391600041365,False,False,False
eval_In718-PrecipitationStrengthened_SEM-DIC_EBSD_SlipPartitioning_0#0,ma_roma|direct|none|s0,SlipPartitioning,ma_roma,core,201.563,6847.211559756759,6545.947731845366,False,False,False
eval_In718-PrecipitationStrengthened_SEM-DIC_EBSD_SlipPartitioning_0#0,ma_roma|pyramid_v2|none|s0,SlipPartitioning,ma_roma,core,158.921,6785.320075675433,6545.947731845366,False,False,False
eval_In718-PrecipitationStrengthened_SEM-DIC_EBSD_SlipPartitioning_0#0,ma_roma|direct|invert|s0,SlipPartitioning,ma_roma,transform,218.664,6959.873627351394,6545.947731845366,False,False,False
eval_In718-PrecipitationStrengthened_SEM-DIC_EBSD_SlipPartitioning_0#0,ma_roma|direct|histmatch|s0,SlipPartitioning,ma_roma,transform,114.858,6756.058902219793,6545.947731845366,False,False,False
eval_In718-PrecipitationStrengthened_SEM-DIC_EBSD_SlipPartitioning_0#0,ma_roma|direct|clahe|s0,SlipPartitioning,ma_roma,transform,213.532,6905.381955614039,6545.947731845366,False,False,False
eval_In718-PrecipitationStrengthened_SEM-DIC_EBSD_SlipPartitioning_0#0,ma_roma|direct|gradmag|s0,SlipPartitioning,ma_roma,transform,3.031,6552.426167366148,6545.947731845366,False,False,False
eval_In718-PrecipitationStrengthened_SEM-DIC_EBSD_SlipPartitioning_0#1,ma_roma|direct|none|s0,SlipPartitioning,ma_roma,core,242.783,6668.554408978743,6545.947731845366,False,False,False
eval_In718-PrecipitationStrengthened_SEM-DIC_EBSD_SlipPartitioning_0#1,ma_roma|pyramid_v2|none|s0,SlipPartitioning,ma_roma,core,242.783,6668.554408978743,6545.947731845366,False,False,False
eval_In718-PrecipitationStrengthened_SEM-DIC_EBSD_SlipPartitioning_0#1,ma_roma|direct|invert|s0,SlipPartitioning,ma_roma,transform,288.129,6835.044810827355,6545.947731845366,False,False,False
eval_In718-PrecipitationStrengthened_SEM-DIC_EBSD_SlipPartitioning_0#1,ma_roma|direct|histmatch|s0,SlipPartitioning,ma_roma,transform,115.075,6758.141397603319,6545.947731845366,False,False,False
eval_In718-PrecipitationStrengthened_SEM-DIC_EBSD_SlipPartitioning_0#1,ma_roma|direct|clahe|s0,SlipPartitioning,ma_roma,transform,220.517,6883.612810141628,6545.947731845366,False,False,False
eval_In718-PrecipitationStrengthened_SEM-DIC_EBSD_SlipPartitioning_0#1,ma_roma|direct|gradmag|s0,SlipPartitioning,ma_roma,transform,2.964,6542.253564816244,6545.947731845366,False,False,False
eval_In718-PrecipitationStrengthened_SEM-DIC_EBSD_SlipPartitioning_0#2,ma_roma|direct|none|s0,SlipPartitioning,ma_roma,core,166.46,6845.335227724047,6545.947731845366,False,False,False
eval_In718-PrecipitationStrengthened_SEM-DIC_EBSD_SlipPartitioning_0#2,ma_roma|pyramid_v2|none|s0,SlipPartitioning,ma_roma,core,166.46,6845.335227724047,6545.947731845366,False,False,False
eval_In718-PrecipitationStrengthened_SEM-DIC_EBSD_SlipPartitioning_0#2,ma_roma|direct|invert|s0,SlipPartitioning,ma_roma,transform,189.801,6864.265286383593,6545.947731845366,False,False,False
eval_In718-PrecipitationStrengthened_SEM-DIC_EBSD_SlipPartitioning_0#2,ma_roma|direct|histmatch|s0,SlipPartitioning,ma_roma,transform,115.416,6757.154078555409,6545.947731845366,False,False,False
eval_In718-PrecipitationStrengthened_SEM-DIC_EBSD_SlipPartitioning_0#2,ma_roma|direct|clahe|s0,SlipPartitioning,ma_roma,transform,218.67,6892.423786784157,6545.947731845366,False,False,False
eval_In718-PrecipitationStrengthened_SEM-DIC_EBSD_SlipPartitioning_0#2,ma_roma|direct|gradmag|s0,SlipPartitioning,ma_roma,transform,2.626,6549.038268871031,6545.947731845366,False,False,False
eval_In718-PrecipitationStrengthened_SEM-DIC_EBSD_SlipPartitioning_0#3,ma_roma|direct|none|s0,SlipPartitioning,ma_roma,core,208.898,6824.103878375067,6545.947731845366,False,False,False
eval_In718-PrecipitationStrengthened_SEM-DIC_EBSD_SlipPartitioning_0#3,ma_roma|pyramid_v2|none|s0,SlipPartitioning,ma_roma,core,208.898,6824.103878375067,6545.947731845366,False,False,False
eval_In718-PrecipitationStrengthened_SEM-DIC_EBSD_SlipPartitioning_0#3,ma_roma|direct|invert|s0,SlipPartitioning,ma_roma,transform,117.235,6695.19825030606,6545.947731845366,False,False,False
eval_In718-PrecipitationStrengthened_SEM-DIC_EBSD_SlipPartitioning_0#3,ma_roma|direct|histmatch|s0,SlipPartitioning,ma_roma,transform,114.687,6756.092336565006,6545.947731845366,False,False,False
eval_In718-PrecipitationStrengthened_SEM-DIC_EBSD_SlipPartitioning_0#3,ma_roma|direct|clahe|s0,SlipPartitioning,ma_roma,transform,286.732,6703.744814546231,6545.947731845366,False,False,False
eval_In718-PrecipitationStrengthened_SEM-DIC_EBSD_SlipPartitioning_0#3,ma_roma|direct|gradmag|s0,SlipPartitioning,ma_roma,transform,2.615,6544.966664537604,6545.947731845366,False,False,False
eval_In718-SolutionStrengthened_SEM-SE_EBSD_SameSliceSerialSectioning_0#0,ma_roma|direct|none|s0,SerialSectioning,ma_roma,core,3.284,914.7144732314633,915.3036002283283,False,False,False
eval_In718-SolutionStrengthened_SEM-SE_EBSD_SameSliceSerialSectioning_0#0,ma_roma|pyramid_v2|none|s0,SerialSectioning,ma_roma,core,3.284,914.7144732314633,915.3036002283283,False,False,False
eval_In718-SolutionStrengthened_SEM-SE_EBSD_SameSliceSerialSectioning_0#0,ma_roma|direct|invert|s0,SerialSectioning,ma_roma,transform,8.554,919.5541924726308,915.3036002283283,False,False,False
eval_In718-SolutionStrengthened_SEM-SE_EBSD_SameSliceSerialSectioning_0#0,ma_roma|direct|histmatch|s0,SerialSectioning,ma_roma,transform,815.443,910.09059817492,915.3036002283283,False,False,False
eval_In718-SolutionStrengthened_SEM-SE_EBSD_SameSliceSerialSectioning_0#0,ma_roma|direct|clahe|s0,SerialSectioning,ma_roma,transform,4.794,914.3230887248459,915.3036002283283,False,False,False
eval_In718-SolutionStrengthened_SEM-SE_EBSD_SameSliceSerialSectioning_0#0,ma_roma|direct|gradmag|s0,SerialSectioning,ma_roma,transform,4.996,916.0758585031311,915.3036002283283,False,False,False
eval_In718-SolutionStrengthened_SEM-SE_EBSD_SameSliceSerialSectioning_0#1,ma_roma|direct|none|s0,SerialSectioning,ma_roma,core,306.519,875.0579221179376,857.8366028120234,False,False,False
eval_In718-SolutionStrengthened_SEM-SE_EBSD_SameSliceSerialSectioning_0#1,ma_roma|pyramid_v2|none|s0,SerialSectioning,ma_roma,core,306.519,875.0579221179376,857.8366028120234,False,False,False
eval_In718-SolutionStrengthened_SEM-SE_EBSD_SameSliceSerialSectioning_0#1,ma_roma|direct|invert|s0,SerialSectioning,ma_roma,transform,3.635,859.726875383189,857.8366028120234,False,False,False
eval_In718-SolutionStrengthened_SEM-SE_EBSD_SameSliceSerialSectioning_0#1,ma_roma|direct|histmatch|s0,SerialSectioning,ma_roma,transform,36.752,835.3451688147975,857.8366028120234,False,False,False
eval_In718-SolutionStrengthened_SEM-SE_EBSD_SameSliceSerialSectioning_0#1,ma_roma|direct|clahe|s0,SerialSectioning,ma_roma,transform,210.427,753.1072623896207,857.8366028120234,False,False,False
eval_In718-SolutionStrengthened_SEM-SE_EBSD_SameSliceSerialSectioning_0#1,ma_roma|direct|gradmag|s0,SerialSectioning,ma_roma,transform,7.228,858.8813762665391,857.8366028120234,False,False,False
eval_In718-SolutionStrengthened_SEM-SE_EBSD_SameSliceSerialSectioning_0#2,ma_roma|direct|none|s0,SerialSectioning,ma_roma,core,238.845,678.8172795611534,857.8366028120234,False,False,False
eval_In718-SolutionStrengthened_SEM-SE_EBSD_SameSliceSerialSectioning_0#2,ma_roma|pyramid_v2|none|s0,SerialSectioning,ma_roma,core,238.845,678.8172795611534,857.8366028120234,False,False,False
eval_In718-SolutionStrengthened_SEM-SE_EBSD_SameSliceSerialSectioning_0#2,ma_roma|direct|invert|s0,SerialSectioning,ma_roma,transform,242.492,657.2515005392072,857.8366028120234,False,False,False
eval_In718-SolutionStrengthened_SEM-SE_EBSD_SameSliceSerialSectioning_0#2,ma_roma|direct|histmatch|s0,SerialSectioning,ma_roma,transform,8.087,867.8467066085555,857.8366028120234,False,False,False
eval_In718-SolutionStrengthened_SEM-SE_EBSD_SameSliceSerialSectioning_0#2,ma_roma|direct|clahe|s0,SerialSectioning,ma_roma,transform,214.913,742.8315526904776,857.8366028120234,False,False,False
eval_In718-SolutionStrengthened_SEM-SE_EBSD_SameSliceSerialSectioning_0#2,ma_roma|direct|gradmag|s0,SerialSectioning,ma_roma,transform,244.232,699.1360574751493,857.8366028120234,False,False,False
eval_In718-SolutionStrengthened_SEM-SE_EBSD_SameSliceSerialSectioning_0#3,ma_roma|direct|none|s0,SerialSectioning,ma_roma,core,236.171,637.1986816036589,857.8366028120234,False,False,False
eval_In718-SolutionStrengthened_SEM-SE_EBSD_SameSliceSerialSectioning_0#3,ma_roma|pyramid_v2|none|s0,SerialSectioning,ma_roma,core,236.171,637.1986816036589,857.8366028120234,False,False,False
eval_In718-SolutionStrengthened_SEM-SE_EBSD_SameSliceSerialSectioning_0#3,ma_roma|direct|invert|s0,SerialSectioning,ma_roma,transform,228.438,658.7878617467487,857.8366028120234,False,False,False
eval_In718-SolutionStrengthened_SEM-SE_EBSD_SameSliceSerialSectioning_0#3,ma_roma|direct|histmatch|s0,SerialSectioning,ma_roma,transform,242.174,625.6232216614621,857.8366028120234,False,False,False
eval_In718-SolutionStrengthened_SEM-SE_EBSD_SameSliceSerialSectioning_0#3,ma_roma|direct|clahe|s0,SerialSectioning,ma_roma,transform,244.31,623.1822101921068,857.8366028120234,False,False,False
eval_In718-SolutionStrengthened_SEM-SE_EBSD_SameSliceSerialSectioning_0#3,ma_roma|direct|gradmag|s0,SerialSectioning,ma_roma,transform,229.126,608.6681140177398,857.8366028120234,False,False,False
eval_In718-SolutionStrengthened_SEM-SE_EBSD_SameSliceSerialSectioning_1#0,ma_roma|direct|none|s0,SerialSectioning,ma_roma,core,11.184,648.2357015846542,643.9548230749092,False,False,False
eval_In718-SolutionStrengthened_SEM-SE_EBSD_SameSliceSerialSectioning_1#0,ma_roma|pyramid_v2|none|s0,SerialSectioning,ma_roma,core,11.184,648.2357015846542,643.9548230749092,False,False,False
eval_In718-SolutionStrengthened_SEM-SE_EBSD_SameSliceSerialSectioning_1#0,ma_roma|direct|invert|s0,SerialSectioning,ma_roma,transform,13.561,653.2292435988584,643.9548230749092,False,False,False
eval_In718-SolutionStrengthened_SEM-SE_EBSD_SameSliceSerialSectioning_1#0,ma_roma|direct|histmatch|s0,SerialSectioning,ma_roma,transform,13.704,650.3339307551971,643.9548230749092,False,False,False
eval_In718-SolutionStrengthened_SEM-SE_EBSD_SameSliceSerialSectioning_1#0,ma_roma|direct|clahe|s0,SerialSectioning,ma_roma,transform,11.85,650.0202701465822,643.9548230749092,False,False,False
eval_In718-SolutionStrengthened_SEM-SE_EBSD_SameSliceSerialSectioning_1#0,ma_roma|direct|gradmag|s0,SerialSectioning,ma_roma,transform,18.045,647.2663494477704,643.9548230749092,False,False,False
eval_In718-SolutionStrengthened_SEM-SE_EBSD_SameSliceSerialSectioning_1#1,ma_roma|direct|none|s0,SerialSectioning,ma_roma,core,14.643,649.8890371464388,643.9548230749092,False,False,False
eval_In718-SolutionStrengthened_SEM-SE_EBSD_SameSliceSerialSectioning_1#1,ma_roma|pyramid_v2|none|s0,SerialSectioning,ma_roma,core,14.643,649.8890371464388,643.9548230749092,False,False,False
eval_In718-SolutionStrengthened_SEM-SE_EBSD_SameSliceSerialSectioning_1#1,ma_roma|direct|invert|s0,SerialSectioning,ma_roma,transform,14.26,649.0821528094295,643.9548230749092,False,False,False
eval_In718-SolutionStrengthened_SEM-SE_EBSD_SameSliceSerialSectioning_1#1,ma_roma|direct|histmatch|s0,SerialSectioning,ma_roma,transform,11.196,647.323336965714,643.9548230749092,False,False,False
eval_In718-SolutionStrengthened_SEM-SE_EBSD_SameSliceSerialSectioning_1#1,ma_roma|direct|clahe|s0,SerialSectioning,ma_roma,transform,10.949,651.195286373161,643.9548230749092,False,False,False
eval_In718-SolutionStrengthened_SEM-SE_EBSD_SameSliceSerialSectioning_1#1,ma_roma|direct|gradmag|s0,SerialSectioning,ma_roma,transform,49.757,628.1198625082619,643.9548230749092,False,False,False
eval_In718-SolutionStrengthened_SEM-SE_EBSD_SameSliceSerialSectioning_2#0,ma_roma|direct|none|s0,SerialSectioning,ma_roma,core,13.991,650.4707693141178,644.3175629159776,False,False,False
eval_In718-SolutionStrengthened_SEM-SE_EBSD_SameSliceSerialSectioning_2#0,ma_roma|pyramid_v2|none|s0,SerialSectioning,ma_roma,core,13.991,650.4707693141178,644.3175629159776,False,False,False
eval_In718-SolutionStrengthened_SEM-SE_EBSD_SameSliceSerialSectioning_2#0,ma_roma|direct|invert|s0,SerialSectioning,ma_roma,transform,13.975,654.1709706794662,644.3175629159776,False,False,False
eval_In718-SolutionStrengthened_SEM-SE_EBSD_SameSliceSerialSectioning_2#0,ma_roma|direct|histmatch|s0,SerialSectioning,ma_roma,transform,13.817,652.0999848901484,644.3175629159776,False,False,False
eval_In718-SolutionStrengthened_SEM-SE_EBSD_SameSliceSerialSectioning_2#0,ma_roma|direct|clahe|s0,SerialSectioning,ma_roma,transform,14.616,651.8424529960728,644.3175629159776,False,False,False
eval_In718-SolutionStrengthened_SEM-SE_EBSD_SameSliceSerialSectioning_2#0,ma_roma|direct|gradmag|s0,SerialSectioning,ma_roma,transform,12.566,650.0449761253302,644.3175629159776,False,False,False
eval_In718-SolutionStrengthened_SEM-SE_EBSD_SameSliceSerialSectioning_2#1,ma_roma|direct|none|s0,SerialSectioning,ma_roma,core,15.045,654.3484847740244,644.3175629159776,False,False,False
eval_In718-SolutionStrengthened_SEM-SE_EBSD_SameSliceSerialSectioning_2#1,ma_roma|pyramid_v2|none|s0,SerialSectioning,ma_roma,core,15.045,654.3484847740244,644.3175629159776,False,False,False
eval_In718-SolutionStrengthened_SEM-SE_EBSD_SameSliceSerialSectioning_2#1,ma_roma|direct|invert|s0,SerialSectioning,ma_roma,transform,14.142,655.0329337165404,644.3175629159776,False,False,False
eval_In718-SolutionStrengthened_SEM-SE_EBSD_SameSliceSerialSectioning_2#1,ma_roma|direct|histmatch|s0,SerialSectioning,ma_roma,transform,12.546,652.9461615832876,644.3175629159776,False,False,False
eval_In718-SolutionStrengthened_SEM-SE_EBSD_SameSliceSerialSectioning_2#1,ma_roma|direct|clahe|s0,SerialSectioning,ma_roma,transform,14.115,654.0616107499351,644.3175629159776,False,False,False
eval_In718-SolutionStrengthened_SEM-SE_EBSD_SameSliceSerialSectioning_2#1,ma_roma|direct|gradmag|s0,SerialSectioning,ma_roma,transform,40.742,644.3706471021686,644.3175629159776,False,False,False
eval_In718-SolutionStrengthened_SEM-SE_EBSD_SameSliceSerialSectioning_3#0,ma_roma|direct|none|s0,SerialSectioning,ma_roma,core,11.008,655.7597638795938,650.7636247772366,False,False,False
eval_In718-SolutionStrengthened_SEM-SE_EBSD_SameSliceSerialSectioning_3#0,ma_roma|pyramid_v2|none|s0,SerialSectioning,ma_roma,core,11.008,655.7597638795938,650.7636247772366,False,False,False
eval_In718-SolutionStrengthened_SEM-SE_EBSD_SameSliceSerialSectioning_3#0,ma_roma|direct|invert|s0,SerialSectioning,ma_roma,transform,19.386,663.9169616925736,650.7636247772366,False,False,False
eval_In718-SolutionStrengthened_SEM-SE_EBSD_SameSliceSerialSectioning_3#0,ma_roma|direct|histmatch|s0,SerialSectioning,ma_roma,transform,22.671,651.6959814844962,650.7636247772366,False,False,False
eval_In718-SolutionStrengthened_SEM-SE_EBSD_SameSliceSerialSectioning_3#0,ma_roma|direct|clahe|s0,SerialSectioning,ma_roma,transform,21.064,668.8761705037963,650.7636247772366,False,False,False
eval_In718-SolutionStrengthened_SEM-SE_EBSD_SameSliceSerialSectioning_3#0,ma_roma|direct|gradmag|s0,SerialSectioning,ma_roma,transform,20.374,657.3838057327207,650.7636247772366,False,False,False
eval_In718-SolutionStrengthened_SEM-SE_EBSD_SameSliceSerialSectioning_3#1,ma_roma|direct|none|s0,SerialSectioning,ma_roma,core,20.319,654.6668728232726,650.7636247772366,False,False,False
eval_In718-SolutionStrengthened_SEM-SE_EBSD_SameSliceSerialSectioning_3#1,ma_roma|pyramid_v2|none|s0,SerialSectioning,ma_roma,core,20.319,654.6668728232726,650.7636247772366,False,False,False
eval_In718-SolutionStrengthened_SEM-SE_EBSD_SameSliceSerialSectioning_3#1,ma_roma|direct|invert|s0,SerialSectioning,ma_roma,transform,16.677,664.5320854195284,650.7636247772366,False,False,False
eval_In718-SolutionStrengthened_SEM-SE_EBSD_SameSliceSerialSectioning_3#1,ma_roma|direct|histmatch|s0,SerialSectioning,ma_roma,transform,20.972,654.9137596077769,650.7636247772366,False,False,False
eval_In718-SolutionStrengthened_SEM-SE_EBSD_SameSliceSerialSectioning_3#1,ma_roma|direct|clahe|s0,SerialSectioning,ma_roma,transform,15.473,658.713440314337,650.7636247772366,False,False,False
eval_In718-SolutionStrengthened_SEM-SE_EBSD_SameSliceSerialSectioning_3#1,ma_roma|direct|gradmag|s0,SerialSectioning,ma_roma,transform,19.258,660.7224474617833,650.7636247772366,False,False,False
eval_MoTaTiZrHf-HEA-DDRX-1100C_TEM_DislocationCharacterization_0#0,ma_roma|direct|none|s0,DislocationCharacterization,ma_roma,core,28.542,81.59359002823346,72.7054614232099,True,True,False
eval_MoTaTiZrHf-HEA-DDRX-1100C_TEM_DislocationCharacterization_0#0,ma_roma|pyramid_v2|none|s0,DislocationCharacterization,ma_roma,core,28.542,81.59359002823346,72.7054614232099,True,True,False
eval_MoTaTiZrHf-HEA-DDRX-1100C_TEM_DislocationCharacterization_0#0,ma_roma|direct|invert|s0,DislocationCharacterization,ma_roma,transform,60.089,36.60150448173893,72.7054614232099,True,True,False
eval_MoTaTiZrHf-HEA-DDRX-1100C_TEM_DislocationCharacterization_0#0,ma_roma|direct|histmatch|s0,DislocationCharacterization,ma_roma,transform,28.813,81.87910334035456,72.7054614232099,True,True,False
eval_MoTaTiZrHf-HEA-DDRX-1100C_TEM_DislocationCharacterization_0#0,ma_roma|direct|clahe|s0,DislocationCharacterization,ma_roma,transform,28.974,81.93385400324404,72.7054614232099,True,True,False
eval_MoTaTiZrHf-HEA-DDRX-1100C_TEM_DislocationCharacterization_0#0,ma_roma|direct|gradmag|s0,DislocationCharacterization,ma_roma,transform,65.637,13.352860777994984,72.7054614232099,True,True,True
eval_MoTaTiZrHf-HEA-DDRX-1100C_TEM_DislocationCharacterization_0#1,ma_roma|direct|none|s0,DislocationCharacterization,ma_roma,core,22.489,79.72385368397647,72.7054614232099,True,True,False
eval_MoTaTiZrHf-HEA-DDRX-1100C_TEM_DislocationCharacterization_0#1,ma_roma|pyramid_v2|none|s0,DislocationCharacterization,ma_roma,core,22.489,79.72385368397647,72.7054614232099,True,True,False
eval_MoTaTiZrHf-HEA-DDRX-1100C_TEM_DislocationCharacterization_0#1,ma_roma|direct|invert|s0,DislocationCharacterization,ma_roma,transform,61.94,42.44608880832304,72.7054614232099,True,True,False
eval_MoTaTiZrHf-HEA-DDRX-1100C_TEM_DislocationCharacterization_0#1,ma_roma|direct|histmatch|s0,DislocationCharacterization,ma_roma,transform,22.017,79.4755471647808,72.7054614232099,True,True,False
eval_MoTaTiZrHf-HEA-DDRX-1100C_TEM_DislocationCharacterization_0#1,ma_roma|direct|clahe|s0,DislocationCharacterization,ma_roma,transform,22.824,80.2519661563636,72.7054614232099,True,True,False
eval_MoTaTiZrHf-HEA-DDRX-1100C_TEM_DislocationCharacterization_0#1,ma_roma|direct|gradmag|s0,DislocationCharacterization,ma_roma,transform,90.603,104.67737059287738,72.7054614232099,True,True,False
eval_MoTaTiZrHf-HEA-DDRX-1100C_TEM_DislocationCharacterization_0#2,ma_roma|direct|none|s0,DislocationCharacterization,ma_roma,core,19.477,77.95277275637434,72.7054614232099,True,True,False
eval_MoTaTiZrHf-HEA-DDRX-1100C_TEM_DislocationCharacterization_0#2,ma_roma|pyramid_v2|none|s0,DislocationCharacterization,ma_roma,core,19.477,77.95277275637434,72.7054614232099,True,True,False
eval_MoTaTiZrHf-HEA-DDRX-1100C_TEM_DislocationCharacterization_0#2,ma_roma|direct|invert|s0,DislocationCharacterization,ma_roma,transform,63.101,32.36182761311498,72.7054614232099,True,True,False
eval_MoTaTiZrHf-HEA-DDRX-1100C_TEM_DislocationCharacterization_0#2,ma_roma|direct|histmatch|s0,DislocationCharacterization,ma_roma,transform,20.758,79.60225091607573,72.7054614232099,True,True,False
eval_MoTaTiZrHf-HEA-DDRX-1100C_TEM_DislocationCharacterization_0#2,ma_roma|direct|clahe|s0,DislocationCharacterization,ma_roma,transform,22.336,80.61613163229903,72.7054614232099,True,True,False
eval_MoTaTiZrHf-HEA-DDRX-1100C_TEM_DislocationCharacterization_0#2,ma_roma|direct|gradmag|s0,DislocationCharacterization,ma_roma,transform,61.268,22.954473946198256,72.7054614232099,True,True,False
eval_MoTaTiZrHf-HEA-DDRX-1100C_TEM_DislocationCharacterization_0#3,ma_roma|direct|none|s0,DislocationCharacterization,ma_roma,core,25.069,87.1992983275446,72.7054614232099,True,True,False
eval_MoTaTiZrHf-HEA-DDRX-1100C_TEM_DislocationCharacterization_0#3,ma_roma|pyramid_v2|none|s0,DislocationCharacterization,ma_roma,core,25.069,87.1992983275446,72.7054614232099,True,True,False
eval_MoTaTiZrHf-HEA-DDRX-1100C_TEM_DislocationCharacterization_0#3,ma_roma|direct|invert|s0,DislocationCharacterization,ma_roma,transform,24.58,81.9941141407058,72.7054614232099,True,True,False
eval_MoTaTiZrHf-HEA-DDRX-1100C_TEM_DislocationCharacterization_0#3,ma_roma|direct|histmatch|s0,DislocationCharacterization,ma_roma,transform,26.498,88.62422895271757,72.7054614232099,True,True,False
eval_MoTaTiZrHf-HEA-DDRX-1100C_TEM_DislocationCharacterization_0#3,ma_roma|direct|clahe|s0,DislocationCharacterization,ma_roma,transform,24.986,87.20483893172158,72.7054614232099,True,True,False
eval_MoTaTiZrHf-HEA-DDRX-1100C_TEM_DislocationCharacterization_0#3,ma_roma|direct|gradmag|s0,DislocationCharacterization,ma_roma,transform,66.059,14.67083983965645,72.7054614232099,True,True,True
eval_MoTaTiZrHf-HEA-DDRX-1100C_TEM_DislocationCharacterization_0#4,ma_roma|direct|none|s0,DislocationCharacterization,ma_roma,core,187.123,11.407673412337274,173.97341437036224,True,True,True
eval_MoTaTiZrHf-HEA-DDRX-1100C_TEM_DislocationCharacterization_0#4,ma_roma|pyramid_v2|none|s0,DislocationCharacterization,ma_roma,core,187.123,11.407673412337274,173.97341437036224,True,True,True
eval_MoTaTiZrHf-HEA-DDRX-1100C_TEM_DislocationCharacterization_0#4,ma_roma|direct|invert|s0,DislocationCharacterization,ma_roma,transform,189.678,3.5173622735690317,173.97341437036224,True,True,True
eval_MoTaTiZrHf-HEA-DDRX-1100C_TEM_DislocationCharacterization_0#4,ma_roma|direct|histmatch|s0,DislocationCharacterization,ma_roma,transform,183.925,10.622011296563088,173.97341437036224,True,True,True
eval_MoTaTiZrHf-HEA-DDRX-1100C_TEM_DislocationCharacterization_0#4,ma_roma|direct|clahe|s0,DislocationCharacterization,ma_roma,transform,188.682,4.042847620280271,173.97341437036224,True,True,True
eval_MoTaTiZrHf-HEA-DDRX-1100C_TEM_DislocationCharacterization_0#4,ma_roma|direct|gradmag|s0,DislocationCharacterization,ma_roma,transform,178.227,19.604148946024253,173.97341437036224,True,True,True
eval_MoTaTiZrHf-HEA-DDRX-1100C_TEM_DislocationCharacterization_0#5,ma_roma|direct|none|s0,DislocationCharacterization,ma_roma,core,186.524,2.9250632410617716,173.97341437036224,True,True,True
eval_MoTaTiZrHf-HEA-DDRX-1100C_TEM_DislocationCharacterization_0#5,ma_roma|pyramid_v2|none|s0,DislocationCharacterization,ma_roma,core,186.524,2.9250632410617716,173.97341437036224,True,True,True
eval_MoTaTiZrHf-HEA-DDRX-1100C_TEM_DislocationCharacterization_0#5,ma_roma|direct|invert|s0,DislocationCharacterization,ma_roma,transform,185.312,6.8594399837027105,173.97341437036224,True,True,True
eval_MoTaTiZrHf-HEA-DDRX-1100C_TEM_DislocationCharacterization_0#5,ma_roma|direct|histmatch|s0,DislocationCharacterization,ma_roma,transform,188.25,2.435170130943403,173.97341437036224,True,True,True
eval_MoTaTiZrHf-HEA-DDRX-1100C_TEM_DislocationCharacterization_0#5,ma_roma|direct|clahe|s0,DislocationCharacterization,ma_roma,transform,180.807,10.990090790875113,173.97341437036224,True,True,True
eval_MoTaTiZrHf-HEA-DDRX-1100C_TEM_DislocationCharacterization_0#5,ma_roma|direct|gradmag|s0,DislocationCharacterization,ma_roma,transform,173.475,23.024878069781302,173.97341437036224,True,True,False
eval_MoTaTiZrHf-HEA-DDRX-1100C_TEM_DislocationCharacterization_0#6,ma_roma|direct|none|s0,DislocationCharacterization,ma_roma,core,183.828,26.48600497532865,173.97341437036224,True,True,False
eval_MoTaTiZrHf-HEA-DDRX-1100C_TEM_DislocationCharacterization_0#6,ma_roma|pyramid_v2|none|s0,DislocationCharacterization,ma_roma,core,183.828,26.48600497532865,173.97341437036224,True,True,False
eval_MoTaTiZrHf-HEA-DDRX-1100C_TEM_DislocationCharacterization_0#6,ma_roma|direct|invert|s0,DislocationCharacterization,ma_roma,transform,18.88,190.92826891696836,173.97341437036224,True,True,False
eval_MoTaTiZrHf-HEA-DDRX-1100C_TEM_DislocationCharacterization_0#6,ma_roma|direct|histmatch|s0,DislocationCharacterization,ma_roma,transform,182.25,20.076175882565266,173.97341437036224,True,True,False
eval_MoTaTiZrHf-HEA-DDRX-1100C_TEM_DislocationCharacterization_0#6,ma_roma|direct|clahe|s0,DislocationCharacterization,ma_roma,transform,186.876,8.017751101531077,173.97341437036224,True,True,True
eval_MoTaTiZrHf-HEA-DDRX-1100C_TEM_DislocationCharacterization_0#6,ma_roma|direct|gradmag|s0,DislocationCharacterization,ma_roma,transform,174.568,32.20209542793275,173.97341437036224,True,True,False
eval_MoTaTiZrHf-HEA-DDRX-1100C_TEM_DislocationCharacterization_0#7,ma_roma|direct|none|s0,DislocationCharacterization,ma_roma,core,183.672,14.777739190989246,173.97341437036224,True,True,True
eval_MoTaTiZrHf-HEA-DDRX-1100C_TEM_DislocationCharacterization_0#7,ma_roma|pyramid_v2|none|s0,DislocationCharacterization,ma_roma,core,183.672,14.777739190989246,173.97341437036224,True,True,True
eval_MoTaTiZrHf-HEA-DDRX-1100C_TEM_DislocationCharacterization_0#7,ma_roma|direct|invert|s0,DislocationCharacterization,ma_roma,transform,190.24,4.54950549132512,173.97341437036224,True,True,True
eval_MoTaTiZrHf-HEA-DDRX-1100C_TEM_DislocationCharacterization_0#7,ma_roma|direct|histmatch|s0,DislocationCharacterization,ma_roma,transform,188.482,4.104167860364909,173.97341437036224,True,True,True
eval_MoTaTiZrHf-HEA-DDRX-1100C_TEM_DislocationCharacterization_0#7,ma_roma|direct|clahe|s0,DislocationCharacterization,ma_roma,transform,17.451,176.79556250544832,173.97341437036224,True,True,False
eval_MoTaTiZrHf-HEA-DDRX-1100C_TEM_DislocationCharacterization_0#7,ma_roma|direct|gradmag|s0,DislocationCharacterization,ma_roma,transform,182.769,23.17100827003817,173.97341437036224,True,True,False
eval_MoTaTiZrHf-HEA-DDRX-1100C_TEM_DislocationCharacterization_0#8,ma_roma|direct|none|s0,DislocationCharacterization,ma_roma,core,68.88,23.290512560884395,72.7054614232099,True,True,False
eval_MoTaTiZrHf-HEA-DDRX-1100C_TEM_DislocationCharacterization_0#8,ma_roma|pyramid_v2|none|s0,DislocationCharacterization,ma_roma,core,68.88,23.290512560884395,72.7054614232099,True,True,False
eval_MoTaTiZrHf-HEA-DDRX-1100C_TEM_DislocationCharacterization_0#8,ma_roma|direct|invert|s0,DislocationCharacterization,ma_roma,transform,26.508,77.17784657877375,72.7054614232099,True,True,False
eval_MoTaTiZrHf-HEA-DDRX-1100C_TEM_DislocationCharacterization_0#8,ma_roma|direct|histmatch|s0,DislocationCharacterization,ma_roma,transform,72.763,1.6781096972197593,72.7054614232099,True,True,True
eval_MoTaTiZrHf-HEA-DDRX-1100C_TEM_DislocationCharacterization_0#8,ma_roma|direct|clahe|s0,DislocationCharacterization,ma_roma,transform,67.294,10.221410894103688,72.7054614232099,True,True,True
eval_MoTaTiZrHf-HEA-DDRX-1100C_TEM_DislocationCharacterization_0#8,ma_roma|direct|gradmag|s0,DislocationCharacterization,ma_roma,transform,23.092,74.29417357761422,72.7054614232099,True,True,False
eval_MoTaTiZrHf-HEA-DDRX-1100C_TEM_DislocationCharacterization_0#9,ma_roma|direct|none|s0,DislocationCharacterization,ma_roma,core,73.062,3.113450947087601,72.7054614232099,True,True,True
eval_MoTaTiZrHf-HEA-DDRX-1100C_TEM_DislocationCharacterization_0#9,ma_roma|pyramid_v2|none|s0,DislocationCharacterization,ma_roma,core,73.062,3.113450947087601,72.7054614232099,True,True,True
eval_MoTaTiZrHf-HEA-DDRX-1100C_TEM_DislocationCharacterization_0#9,ma_roma|direct|invert|s0,DislocationCharacterization,ma_roma,transform,21.023,76.76226983307167,72.7054614232099,True,True,False
eval_MoTaTiZrHf-HEA-DDRX-1100C_TEM_DislocationCharacterization_0#9,ma_roma|direct|histmatch|s0,DislocationCharacterization,ma_roma,transform,72.6,2.0619644752821866,72.7054614232099,True,True,True
eval_MoTaTiZrHf-HEA-DDRX-1100C_TEM_DislocationCharacterization_0#9,ma_roma|direct|clahe|s0,DislocationCharacterization,ma_roma,transform,62.508,22.321515035950306,72.7054614232099,True,True,False
eval_MoTaTiZrHf-HEA-DDRX-1100C_TEM_DislocationCharacterization_0#9,ma_roma|direct|gradmag|s0,DislocationCharacterization,ma_roma,transform,77.858,8.786726412608221,72.7054614232099,True,True,True
eval_MoTaTiZrHf-HEA-DDRX-1100C_TEM_DislocationCharacterization_0#10,ma_roma|direct|none|s0,DislocationCharacterization,ma_roma,core,66.478,14.083090532038677,72.7054614232099,True,True,True
eval_MoTaTiZrHf-HEA-DDRX-1100C_TEM_DislocationCharacterization_0#10,ma_roma|pyramid_v2|none|s0,DislocationCharacterization,ma_roma,core,66.478,14.083090532038677,72.7054614232099,True,True,True
eval_MoTaTiZrHf-HEA-DDRX-1100C_TEM_DislocationCharacterization_0#10,ma_roma|direct|invert|s0,DislocationCharacterization,ma_roma,transform,22.039,73.99313890232284,72.7054614232099,True,True,False
eval_MoTaTiZrHf-HEA-DDRX-1100C_TEM_DislocationCharacterization_0#10,ma_roma|direct|histmatch|s0,DislocationCharacterization,ma_roma,transform,105.657,65.08592987672463,72.7054614232099,True,True,False
eval_MoTaTiZrHf-HEA-DDRX-1100C_TEM_DislocationCharacterization_0#10,ma_roma|direct|clahe|s0,DislocationCharacterization,ma_roma,transform,68.551,14.586719920548832,72.7054614232099,True,True,True
eval_MoTaTiZrHf-HEA-DDRX-1100C_TEM_DislocationCharacterization_0#10,ma_roma|direct|gradmag|s0,DislocationCharacterization,ma_roma,transform,77.394,62.424319833822146,72.7054614232099,True,True,False
eval_MoTaTiZrHf-HEA-DDRX-1100C_TEM_DislocationCharacterization_0#11,ma_roma|direct|none|s0,DislocationCharacterization,ma_roma,core,23.036,81.54518111580957,72.7054614232099,True,True,False
eval_MoTaTiZrHf-HEA-DDRX-1100C_TEM_DislocationCharacterization_0#11,ma_roma|pyramid_v2|none|s0,DislocationCharacterization,ma_roma,core,23.036,81.54518111580957,72.7054614232099,True,True,False
eval_MoTaTiZrHf-HEA-DDRX-1100C_TEM_DislocationCharacterization_0#11,ma_roma|direct|invert|s0,DislocationCharacterization,ma_roma,transform,24.758,67.70931737917329,72.7054614232099,True,True,False
eval_MoTaTiZrHf-HEA-DDRX-1100C_TEM_DislocationCharacterization_0#11,ma_roma|direct|histmatch|s0,DislocationCharacterization,ma_roma,transform,20.725,77.33482224898228,72.7054614232099,True,True,False
eval_MoTaTiZrHf-HEA-DDRX-1100C_TEM_DislocationCharacterization_0#11,ma_roma|direct|clahe|s0,DislocationCharacterization,ma_roma,transform,22.075,79.75554340673789,72.7054614232099,True,True,False
eval_MoTaTiZrHf-HEA-DDRX-1100C_TEM_DislocationCharacterization_0#11,ma_roma|direct|gradmag|s0,DislocationCharacterization,ma_roma,transform,21.47,78.53340290273131,72.7054614232099,True,True,False
eval_MoTaTiZrHf-HEA-DDRX-1100C_TEM_DislocationCharacterization_0#12,ma_roma|direct|none|s0,DislocationCharacterization,ma_roma,core,186.565,2.840022758100871,173.97341437036224,True,True,True
eval_MoTaTiZrHf-HEA-DDRX-1100C_TEM_DislocationCharacterization_0#12,ma_roma|pyramid_v2|none|s0,DislocationCharacterization,ma_roma,core,186.565,2.840022758100871,173.97341437036224,True,True,True
eval_MoTaTiZrHf-HEA-DDRX-1100C_TEM_DislocationCharacterization_0#12,ma_roma|direct|invert|s0,DislocationCharacterization,ma_roma,transform,186.575,2.3474079128598158,173.97341437036224,True,True,True
eval_MoTaTiZrHf-HEA-DDRX-1100C_TEM_DislocationCharacterization_0#12,ma_roma|direct|histmatch|s0,DislocationCharacterization,ma_roma,transform,185.89,5.278322919552771,173.97341437036224,True,True,True
eval_MoTaTiZrHf-HEA-DDRX-1100C_TEM_DislocationCharacterization_0#12,ma_roma|direct|clahe|s0,DislocationCharacterization,ma_roma,transform,190.952,5.866310860493736,173.97341437036224,True,True,True
eval_MoTaTiZrHf-HEA-DDRX-1100C_TEM_DislocationCharacterization_0#12,ma_roma|direct|gradmag|s0,DislocationCharacterization,ma_roma,transform,195.374,14.833068170787236,173.97341437036224,True,True,True
eval_MoTaTiZrHf-HEA-DDRX-1100C_TEM_DislocationCharacterization_0#13,ma_roma|direct|none|s0,DislocationCharacterization,ma_roma,core,188.794,12.472306800230506,173.97341437036224,True,True,True
eval_MoTaTiZrHf-HEA-DDRX-1100C_TEM_DislocationCharacterization_0#13,ma_roma|pyramid_v2|none|s0,DislocationCharacterization,ma_roma,core,188.794,12.472306800230506,173.97341437036224,True,True,True
eval_MoTaTiZrHf-HEA-DDRX-1100C_TEM_DislocationCharacterization_0#13,ma_roma|direct|invert|s0,DislocationCharacterization,ma_roma,transform,189.768,9.309920902888745,173.97341437036224,True,True,True
eval_MoTaTiZrHf-HEA-DDRX-1100C_TEM_DislocationCharacterization_0#13,ma_roma|direct|histmatch|s0,DislocationCharacterization,ma_roma,transform,188.757,12.618384244567928,173.97341437036224,True,True,True
eval_MoTaTiZrHf-HEA-DDRX-1100C_TEM_DislocationCharacterization_0#13,ma_roma|direct|clahe|s0,DislocationCharacterization,ma_roma,transform,18.555,175.98706993009714,173.97341437036224,True,True,False
eval_MoTaTiZrHf-HEA-DDRX-1100C_TEM_DislocationCharacterization_0#13,ma_roma|direct|gradmag|s0,DislocationCharacterization,ma_roma,transform,178.126,23.157920909293065,173.97341437036224,True,True,False
eval_MoTaTiZrHf-HEA-DDRX-1100C_TEM_DislocationCharacterization_0#14,ma_roma|direct|none|s0,DislocationCharacterization,ma_roma,core,18.073,189.82191601823928,173.97341437036224,True,True,False
eval_MoTaTiZrHf-HEA-DDRX-1100C_TEM_DislocationCharacterization_0#14,ma_roma|pyramid_v2|none|s0,DislocationCharacterization,ma_roma,core,18.073,189.82191601823928,173.97341437036224,True,True,False
eval_MoTaTiZrHf-HEA-DDRX-1100C_TEM_DislocationCharacterization_0#14,ma_roma|direct|invert|s0,DislocationCharacterization,ma_roma,transform,160.865,93.9465475640232,173.97341437036224,True,True,False
eval_MoTaTiZrHf-HEA-DDRX-1100C_TEM_DislocationCharacterization_0#14,ma_roma|direct|histmatch|s0,DislocationCharacterization,ma_roma,transform,20.649,172.15622080258544,173.97341437036224,True,True,False
eval_MoTaTiZrHf-HEA-DDRX-1100C_TEM_DislocationCharacterization_0#14,ma_roma|direct|clahe|s0,DislocationCharacterization,ma_roma,transform,21.056,174.73651364190752,173.97341437036224,True,True,False
eval_MoTaTiZrHf-HEA-DDRX-1100C_TEM_DislocationCharacterization_0#14,ma_roma|direct|gradmag|s0,DislocationCharacterization,ma_roma,transform,174.814,37.259294236392336,173.97341437036224,True,True,False
eval_MoTaTiZrHf-HEA-DDRX-1100C_TEM_DislocationCharacterization_0#15,ma_roma|direct|none|s0,DislocationCharacterization,ma_roma,core,189.689,3.863243555069957,173.97341437036224,True,True,True
eval_MoTaTiZrHf-HEA-DDRX-1100C_TEM_DislocationCharacterization_0#15,ma_roma|pyramid_v2|none|s0,DislocationCharacterization,ma_roma,core,189.689,3.863243555069957,173.97341437036224,True,True,True
eval_MoTaTiZrHf-HEA-DDRX-1100C_TEM_DislocationCharacterization_0#15,ma_roma|direct|invert|s0,DislocationCharacterization,ma_roma,transform,19.963,175.5800896942418,173.97341437036224,True,True,False
eval_MoTaTiZrHf-HEA-DDRX-1100C_TEM_DislocationCharacterization_0#15,ma_roma|direct|histmatch|s0,DislocationCharacterization,ma_roma,transform,197.149,16.930259326302433,173.97341437036224,True,True,True
eval_MoTaTiZrHf-HEA-DDRX-1100C_TEM_DislocationCharacterization_0#15,ma_roma|direct|clahe|s0,DislocationCharacterization,ma_roma,transform,185.69,4.027356368374465,173.97341437036224,True,True,True
eval_MoTaTiZrHf-HEA-DDRX-1100C_TEM_DislocationCharacterization_0#15,ma_roma|direct|gradmag|s0,DislocationCharacterization,ma_roma,transform,185.034,5.663490940306279,173.97341437036224,True,True,True
eval_MoTaTiZrHf-HEA-DDRX-1100C_TEM_DislocationCharacterization_0#16,ma_roma|direct|none|s0,DislocationCharacterization,ma_roma,core,65.161,14.987231634799125,72.7054614232099,True,True,True
eval_MoTaTiZrHf-HEA-DDRX-1100C_TEM_DislocationCharacterization_0#16,ma_roma|pyramid_v2|none|s0,DislocationCharacterization,ma_roma,core,65.161,14.987231634799125,72.7054614232099,True,True,True
eval_MoTaTiZrHf-HEA-DDRX-1100C_TEM_DislocationCharacterization_0#16,ma_roma|direct|invert|s0,DislocationCharacterization,ma_roma,transform,28.587,82.16312145351425,72.7054614232099,True,True,False
eval_MoTaTiZrHf-HEA-DDRX-1100C_TEM_DislocationCharacterization_0#16,ma_roma|direct|histmatch|s0,DislocationCharacterization,ma_roma,transform,65.815,14.65434869320564,72.7054614232099,True,True,True
eval_MoTaTiZrHf-HEA-DDRX-1100C_TEM_DislocationCharacterization_0#16,ma_roma|direct|clahe|s0,DislocationCharacterization,ma_roma,transform,30.443,70.76852061152847,72.7054614232099,True,True,False
eval_MoTaTiZrHf-HEA-DDRX-1100C_TEM_DislocationCharacterization_0#16,ma_roma|direct|gradmag|s0,DislocationCharacterization,ma_roma,transform,26.148,76.42602840232847,72.7054614232099,True,True,False
eval_MoTaTiZrHf-HEA-DDRX-1100C_TEM_DislocationCharacterization_0#17,ma_roma|direct|none|s0,DislocationCharacterization,ma_roma,core,69.059,13.737811176112752,72.7054614232099,True,True,True
eval_MoTaTiZrHf-HEA-DDRX-1100C_TEM_DislocationCharacterization_0#17,ma_roma|pyramid_v2|none|s0,DislocationCharacterization,ma_roma,core,69.059,13.737811176112752,72.7054614232099,True,True,True
eval_MoTaTiZrHf-HEA-DDRX-1100C_TEM_DislocationCharacterization_0#17,ma_roma|direct|invert|s0,DislocationCharacterization,ma_roma,transform,22.29,78.14408212735246,72.7054614232099,True,True,False
eval_MoTaTiZrHf-HEA-DDRX-1100C_TEM_DislocationCharacterization_0#17,ma_roma|direct|histmatch|s0,DislocationCharacterization,ma_roma,transform,74.081,32.145779467310554,72.7054614232099,True,True,False
eval_MoTaTiZrHf-HEA-DDRX-1100C_TEM_DislocationCharacterization_0#17,ma_roma|direct|clahe|s0,DislocationCharacterization,ma_roma,transform,15.352,74.85323315877686,72.7054614232099,True,True,False
eval_MoTaTiZrHf-HEA-DDRX-1100C_TEM_DislocationCharacterization_0#17,ma_roma|direct|gradmag|s0,DislocationCharacterization,ma_roma,transform,86.996,24.273781336725524,72.7054614232099,True,True,False
eval_MoTaTiZrHf-HEA-DDRX-1100C_TEM_DislocationCharacterization_0#18,ma_roma|direct|none|s0,DislocationCharacterization,ma_roma,core,72.054,3.1667488896074145,72.7054614232099,True,True,True
eval_MoTaTiZrHf-HEA-DDRX-1100C_TEM_DislocationCharacterization_0#18,ma_roma|pyramid_v2|none|s0,DislocationCharacterization,ma_roma,core,72.054,3.1667488896074145,72.7054614232099,True,True,True
eval_MoTaTiZrHf-HEA-DDRX-1100C_TEM_DislocationCharacterization_0#18,ma_roma|direct|invert|s0,DislocationCharacterization,ma_roma,transform,21.956,79.50093142850675,72.7054614232099,True,True,False
eval_MoTaTiZrHf-HEA-DDRX-1100C_TEM_DislocationCharacterization_0#18,ma_roma|direct|histmatch|s0,DislocationCharacterization,ma_roma,transform,63.99,16.483351595258842,72.7054614232099,True,True,True
eval_MoTaTiZrHf-HEA-DDRX-1100C_TEM_DislocationCharacterization_0#18,ma_roma|direct|clahe|s0,DislocationCharacterization,ma_roma,transform,15.891,77.99031593629067,72.7054614232099,True,True,False
eval_MoTaTiZrHf-HEA-DDRX-1100C_TEM_DislocationCharacterization_0#18,ma_roma|direct|gradmag|s0,DislocationCharacterization,ma_roma,transform,24.957,81.21578042657644,72.7054614232099,True,True,False
eval_MoTaTiZrHf-HEA-DDRX-1100C_TEM_DislocationCharacterization_0#19,ma_roma|direct|none|s0,DislocationCharacterization,ma_roma,core,24.201,81.96025115575532,72.7054614232099,True,True,False
eval_MoTaTiZrHf-HEA-DDRX-1100C_TEM_DislocationCharacterization_0#19,ma_roma|pyramid_v2|none|s0,DislocationCharacterization,ma_roma,core,24.201,81.96025115575532,72.7054614232099,True,True,False
eval_MoTaTiZrHf-HEA-DDRX-1100C_TEM_DislocationCharacterization_0#19,ma_roma|direct|invert|s0,DislocationCharacterization,ma_roma,transform,29.175,72.2849236254101,72.7054614232099,True,True,False
eval_MoTaTiZrHf-HEA-DDRX-1100C_TEM_DislocationCharacterization_0#19,ma_roma|direct|histmatch|s0,DislocationCharacterization,ma_roma,transform,24.05,81.933714200967,72.7054614232099,True,True,False
eval_MoTaTiZrHf-HEA-DDRX-1100C_TEM_DislocationCharacterization_0#19,ma_roma|direct|clahe|s0,DislocationCharacterization,ma_roma,transform,24.339,82.13333214914987,72.7054614232099,True,True,False
eval_MoTaTiZrHf-HEA-DDRX-1100C_TEM_DislocationCharacterization_0#19,ma_roma|direct|gradmag|s0,DislocationCharacterization,ma_roma,transform,24.005,82.16070812959887,72.7054614232099,True,True,False
eval_MoTaTiZrHf-HEA-DDRX-1100C_TEM_DislocationCharacterization_0#20,ma_roma|direct|none|s0,DislocationCharacterization,ma_roma,core,204.849,48.094609535063746,173.97341437036224,True,True,False
eval_MoTaTiZrHf-HEA-DDRX-1100C_TEM_DislocationCharacterization_0#20,ma_roma|pyramid_v2|none|s0,DislocationCharacterization,ma_roma,core,204.849,48.094609535063746,173.97341437036224,True,True,False
eval_MoTaTiZrHf-HEA-DDRX-1100C_TEM_DislocationCharacterization_0#20,ma_roma|direct|invert|s0,DislocationCharacterization,ma_roma,transform,191.808,7.3880589767700915,173.97341437036224,True,True,True
eval_MoTaTiZrHf-HEA-DDRX-1100C_TEM_DislocationCharacterization_0#20,ma_roma|direct|histmatch|s0,DislocationCharacterization,ma_roma,transform,176.005,18.678218046766432,173.97341437036224,True,True,True
eval_MoTaTiZrHf-HEA-DDRX-1100C_TEM_DislocationCharacterization_0#20,ma_roma|direct|clahe|s0,DislocationCharacterization,ma_roma,transform,188.771,8.581106087653014,173.97341437036224,True,True,True
eval_MoTaTiZrHf-HEA-DDRX-1100C_TEM_DislocationCharacterization_0#20,ma_roma|direct|gradmag|s0,DislocationCharacterization,ma_roma,transform,187.971,17.218813429043834,173.97341437036224,True,True,True
eval_MoTaTiZrHf-HEA-DDRX-1100C_TEM_DislocationCharacterization_0#21,ma_roma|direct|none|s0,DislocationCharacterization,ma_roma,core,185.157,7.176894866394871,173.97341437036224,True,True,True
eval_MoTaTiZrHf-HEA-DDRX-1100C_TEM_DislocationCharacterization_0#21,ma_roma|pyramid_v2|none|s0,DislocationCharacterization,ma_roma,core,185.157,7.176894866394871,173.97341437036224,True,True,True
eval_MoTaTiZrHf-HEA-DDRX-1100C_TEM_DislocationCharacterization_0#21,ma_roma|direct|invert|s0,DislocationCharacterization,ma_roma,transform,176.318,156.71324337642966,173.97341437036224,True,True,False
eval_MoTaTiZrHf-HEA-DDRX-1100C_TEM_DislocationCharacterization_0#21,ma_roma|direct|histmatch|s0,DislocationCharacterization,ma_roma,transform,155.461,87.42233567474008,173.97341437036224,True,True,False
eval_MoTaTiZrHf-HEA-DDRX-1100C_TEM_DislocationCharacterization_0#21,ma_roma|direct|clahe|s0,DislocationCharacterization,ma_roma,transform,15.019,176.66923800882066,173.97341437036224,True,True,False
eval_MoTaTiZrHf-HEA-DDRX-1100C_TEM_DislocationCharacterization_0#21,ma_roma|direct|gradmag|s0,DislocationCharacterization,ma_roma,transform,178.088,15.015640385492432,173.97341437036224,True,True,True
eval_MoTaTiZrHf-HEA-DDRX-1100C_TEM_DislocationCharacterization_0#22,ma_roma|direct|none|s0,DislocationCharacterization,ma_roma,core,181.152,10.886528374471386,173.97341437036224,True,True,True
eval_MoTaTiZrHf-HEA-DDRX-1100C_TEM_DislocationCharacterization_0#22,ma_roma|pyramid_v2|none|s0,DislocationCharacterization,ma_roma,core,181.152,10.886528374471386,173.97341437036224,True,True,True
eval_MoTaTiZrHf-HEA-DDRX-1100C_TEM_DislocationCharacterization_0#22,ma_roma|direct|invert|s0,DislocationCharacterization,ma_roma,transform,189.501,3.8168208122591354,173.97341437036224,True,True,True
eval_MoTaTiZrHf-HEA-DDRX-1100C_TEM_DislocationCharacterization_0#22,ma_roma|direct|histmatch|s0,DislocationCharacterization,ma_roma,transform,187.311,2.2093258038367507,173.97341437036224,True,True,True
eval_MoTaTiZrHf-HEA-DDRX-1100C_TEM_DislocationCharacterization_0#22,ma_roma|direct|clahe|s0,DislocationCharacterization,ma_roma,transform,13.587,177.5629785053418,173.97341437036224,True,True,False
eval_MoTaTiZrHf-HEA-DDRX-1100C_TEM_DislocationCharacterization_0#22,ma_roma|direct|gradmag|s0,DislocationCharacterization,ma_roma,transform,169.153,31.018659739453316,173.97341437036224,True,True,False
eval_MoTaTiZrHf-HEA-DDRX-1100C_TEM_DislocationCharacterization_0#23,ma_roma|direct|none|s0,DislocationCharacterization,ma_roma,core,187.365,13.364571471651507,173.97341437036224,True,True,True
eval_MoTaTiZrHf-HEA-DDRX-1100C_TEM_DislocationCharacterization_0#23,ma_roma|pyramid_v2|none|s0,DislocationCharacterization,ma_roma,core,187.365,13.364571471651507,173.97341437036224,True,True,True
eval_MoTaTiZrHf-HEA-DDRX-1100C_TEM_DislocationCharacterization_0#23,ma_roma|direct|invert|s0,DislocationCharacterization,ma_roma,transform,16.819,176.44118423761353,173.97341437036224,True,True,False
eval_MoTaTiZrHf-HEA-DDRX-1100C_TEM_DislocationCharacterization_0#23,ma_roma|direct|histmatch|s0,DislocationCharacterization,ma_roma,transform,186.46,9.690189556941469,173.97341437036224,True,True,True
eval_MoTaTiZrHf-HEA-DDRX-1100C_TEM_DislocationCharacterization_0#23,ma_roma|direct|clahe|s0,DislocationCharacterization,ma_roma,transform,164.245,52.128731526636265,173.97341437036224,True,True,False
eval_MoTaTiZrHf-HEA-DDRX-1100C_TEM_DislocationCharacterization_0#23,ma_roma|direct|gradmag|s0,DislocationCharacterization,ma_roma,transform,159.458,88.44293042629847,173.97341437036224,True,True,False
eval_MoTaTiZrHf-HEA-DDRX-1100C_TEM_DislocationCharacterization_0#24,ma_roma|direct|none|s0,DislocationCharacterization,ma_roma,core,28.056,80.83467429545755,72.7054614232099,True,True,False
eval_MoTaTiZrHf-HEA-DDRX-1100C_TEM_DislocationCharacterization_0#24,ma_roma|pyramid_v2|none|s0,DislocationCharacterization,ma_roma,core,28.056,80.83467429545755,72.7054614232099,True,True,False
eval_MoTaTiZrHf-HEA-DDRX-1100C_TEM_DislocationCharacterization_0#24,ma_roma|direct|invert|s0,DislocationCharacterization,ma_roma,transform,31.001,69.73584786464566,72.7054614232099,True,True,False
eval_MoTaTiZrHf-HEA-DDRX-1100C_TEM_DislocationCharacterization_0#24,ma_roma|direct|histmatch|s0,DislocationCharacterization,ma_roma,transform,27.334,79.94098624134809,72.7054614232099,True,True,False
eval_MoTaTiZrHf-HEA-DDRX-1100C_TEM_DislocationCharacterization_0#24,ma_roma|direct|clahe|s0,DislocationCharacterization,ma_roma,transform,26.377,81.36244235937073,72.7054614232099,True,True,False
eval_MoTaTiZrHf-HEA-DDRX-1100C_TEM_DislocationCharacterization_0#24,ma_roma|direct|gradmag|s0,DislocationCharacterization,ma_roma,transform,24.853,77.68690036824628,72.7054614232099,True,True,False
eval_MoTaTiZrHf-HEA-DDRX-1100C_TEM_DislocationCharacterization_0#25,ma_roma|direct|none|s0,DislocationCharacterization,ma_roma,core,20.69,75.54707754607543,72.7054614232099,True,True,False
eval_MoTaTiZrHf-HEA-DDRX-1100C_TEM_DislocationCharacterization_0#25,ma_roma|pyramid_v2|none|s0,DislocationCharacterization,ma_roma,core,20.69,75.54707754607543,72.7054614232099,True,True,False
eval_MoTaTiZrHf-HEA-DDRX-1100C_TEM_DislocationCharacterization_0#25,ma_roma|direct|invert|s0,DislocationCharacterization,ma_roma,transform,59.453,29.42185638743328,72.7054614232099,True,True,False
eval_MoTaTiZrHf-HEA-DDRX-1100C_TEM_DislocationCharacterization_0#25,ma_roma|direct|histmatch|s0,DislocationCharacterization,ma_roma,transform,21.888,79.17165631780561,72.7054614232099,True,True,False
eval_MoTaTiZrHf-HEA-DDRX-1100C_TEM_DislocationCharacterization_0#25,ma_roma|direct|clahe|s0,DislocationCharacterization,ma_roma,transform,60.49,25.613072963915865,72.7054614232099,True,True,False
eval_MoTaTiZrHf-HEA-DDRX-1100C_TEM_DislocationCharacterization_0#25,ma_roma|direct|gradmag|s0,DislocationCharacterization,ma_roma,transform,65.732,13.71342048512251,72.7054614232099,True,True,True
eval_MoTaTiZrHf-HEA-DDRX-1100C_TEM_DislocationCharacterization_0#26,ma_roma|direct|none|s0,DislocationCharacterization,ma_roma,core,19.789,77.2815852323374,72.7054614232099,True,True,False
eval_MoTaTiZrHf-HEA-DDRX-1100C_TEM_DislocationCharacterization_0#26,ma_roma|pyramid_v2|none|s0,DislocationCharacterization,ma_roma,core,19.789,77.2815852323374,72.7054614232099,True,True,False
eval_MoTaTiZrHf-HEA-DDRX-1100C_TEM_DislocationCharacterization_0#26,ma_roma|direct|invert|s0,DislocationCharacterization,ma_roma,transform,75.036,71.21461324297792,72.7054614232099,True,True,False
eval_MoTaTiZrHf-HEA-DDRX-1100C_TEM_DislocationCharacterization_0#26,ma_roma|direct|histmatch|s0,DislocationCharacterization,ma_roma,transform,20.7,78.26923163660976,72.7054614232099,True,True,False
eval_MoTaTiZrHf-HEA-DDRX-1100C_TEM_DislocationCharacterization_0#26,ma_roma|direct|clahe|s0,DislocationCharacterization,ma_roma,transform,106.199,67.89449479214487,72.7054614232099,True,True,False
eval_MoTaTiZrHf-HEA-DDRX-1100C_TEM_DislocationCharacterization_0#26,ma_roma|direct|gradmag|s0,DislocationCharacterization,ma_roma,transform,23.118,79.95434628508644,72.7054614232099,True,True,False
eval_MoTaTiZrHf-HEA-DDRX-1100C_TEM_DislocationCharacterization_0#27,ma_roma|direct|none|s0,DislocationCharacterization,ma_roma,core,22.914,84.9009085381573,72.7054614232099,True,True,False
eval_MoTaTiZrHf-HEA-DDRX-1100C_TEM_DislocationCharacterization_0#27,ma_roma|pyramid_v2|none|s0,DislocationCharacterization,ma_roma,core,22.914,84.9009085381573,72.7054614232099,True,True,False
eval_MoTaTiZrHf-HEA-DDRX-1100C_TEM_DislocationCharacterization_0#27,ma_roma|direct|invert|s0,DislocationCharacterization,ma_roma,transform,24.04,82.02264317628891,72.7054614232099,True,True,False
eval_MoTaTiZrHf-HEA-DDRX-1100C_TEM_DislocationCharacterization_0#27,ma_roma|direct|histmatch|s0,DislocationCharacterization,ma_roma,transform,23.602,85.35141195197814,72.7054614232099,True,True,False
eval_MoTaTiZrHf-HEA-DDRX-1100C_TEM_DislocationCharacterization_0#27,ma_roma|direct|clahe|s0,DislocationCharacterization,ma_roma,transform,26.65,76.20701986514695,72.7054614232099,True,True,False
eval_MoTaTiZrHf-HEA-DDRX-1100C_TEM_DislocationCharacterization_0#27,ma_roma|direct|gradmag|s0,DislocationCharacterization,ma_roma,transform,23.598,81.89772544299976,72.7054614232099,True,True,False
eval_MoTaTiZrHf-HEA-DDRX-1100C_TEM_DislocationCharacterization_0#28,ma_roma|direct|none|s0,DislocationCharacterization,ma_roma,core,207.71,54.40076502190007,173.97341437036224,True,True,False
eval_MoTaTiZrHf-HEA-DDRX-1100C_TEM_DislocationCharacterization_0#28,ma_roma|pyramid_v2|none|s0,DislocationCharacterization,ma_roma,core,207.71,54.40076502190007,173.97341437036224,True,True,False
eval_MoTaTiZrHf-HEA-DDRX-1100C_TEM_DislocationCharacterization_0#28,ma_roma|direct|invert|s0,DislocationCharacterization,ma_roma,transform,170.894,59.133520654875056,173.97341437036224,True,True,False
eval_MoTaTiZrHf-HEA-DDRX-1100C_TEM_DislocationCharacterization_0#28,ma_roma|direct|histmatch|s0,DislocationCharacterization,ma_roma,transform,203.076,46.11741318134598,173.97341437036224,True,True,False
eval_MoTaTiZrHf-HEA-DDRX-1100C_TEM_DislocationCharacterization_0#28,ma_roma|direct|clahe|s0,DislocationCharacterization,ma_roma,transform,180.788,13.27790086638927,173.97341437036224,True,True,True
eval_MoTaTiZrHf-HEA-DDRX-1100C_TEM_DislocationCharacterization_0#28,ma_roma|direct|gradmag|s0,DislocationCharacterization,ma_roma,transform,192.941,15.96833804558839,173.97341437036224,True,True,True
eval_MoTaTiZrHf-HEA-DDRX-1100C_TEM_DislocationCharacterization_0#29,ma_roma|direct|none|s0,DislocationCharacterization,ma_roma,core,176.834,20.2881120607905,173.97341437036224,True,True,False
eval_MoTaTiZrHf-HEA-DDRX-1100C_TEM_DislocationCharacterization_0#29,ma_roma|pyramid_v2|none|s0,DislocationCharacterization,ma_roma,core,176.834,20.2881120607905,173.97341437036224,True,True,False
eval_MoTaTiZrHf-HEA-DDRX-1100C_TEM_DislocationCharacterization_0#29,ma_roma|direct|invert|s0,DislocationCharacterization,ma_roma,transform,18.649,174.90817751585612,173.97341437036224,True,True,False
eval_MoTaTiZrHf-HEA-DDRX-1100C_TEM_DislocationCharacterization_0#29,ma_roma|direct|histmatch|s0,DislocationCharacterization,ma_roma,transform,176.407,18.914513246009125,173.97341437036224,True,True,True
eval_MoTaTiZrHf-HEA-DDRX-1100C_TEM_DislocationCharacterization_0#29,ma_roma|direct|clahe|s0,DislocationCharacterization,ma_roma,transform,181.529,25.417326888189493,173.97341437036224,True,True,False
eval_MoTaTiZrHf-HEA-DDRX-1100C_TEM_DislocationCharacterization_0#29,ma_roma|direct|gradmag|s0,DislocationCharacterization,ma_roma,transform,182.081,14.684144582220897,173.97341437036224,True,True,True
eval_MoTaTiZrHf-HEA-DDRX-1100C_TEM_DislocationCharacterization_0#30,ma_roma|direct|none|s0,DislocationCharacterization,ma_roma,core,192.056,7.732844902958683,173.97341437036224,True,True,True
eval_MoTaTiZrHf-HEA-DDRX-1100C_TEM_DislocationCharacterization_0#30,ma_roma|pyramid_v2|none|s0,DislocationCharacterization,ma_roma,core,192.056,7.732844902958683,173.97341437036224,True,True,True
eval_MoTaTiZrHf-HEA-DDRX-1100C_TEM_DislocationCharacterization_0#30,ma_roma|direct|invert|s0,DislocationCharacterization,ma_roma,transform,17.438,175.39872034652112,173.97341437036224,True,True,False
eval_MoTaTiZrHf-HEA-DDRX-1100C_TEM_DislocationCharacterization_0#30,ma_roma|direct|histmatch|s0,DislocationCharacterization,ma_roma,transform,234.317,102.50263290347591,173.97341437036224,True,True,False
eval_MoTaTiZrHf-HEA-DDRX-1100C_TEM_DislocationCharacterization_0#30,ma_roma|direct|clahe|s0,DislocationCharacterization,ma_roma,transform,182.712,15.708259855861755,173.97341437036224,True,True,True
eval_MoTaTiZrHf-HEA-DDRX-1100C_TEM_DislocationCharacterization_0#30,ma_roma|direct|gradmag|s0,DislocationCharacterization,ma_roma,transform,193.045,10.160036661608222,173.97341437036224,True,True,True
eval_MoTaTiZrHf-HEA-DDRX-1100C_TEM_DislocationCharacterization_0#31,ma_roma|direct|none|s0,DislocationCharacterization,ma_roma,core,19.691,174.99705722347372,173.97341437036224,True,True,False
eval_MoTaTiZrHf-HEA-DDRX-1100C_TEM_DislocationCharacterization_0#31,ma_roma|pyramid_v2|none|s0,DislocationCharacterization,ma_roma,core,19.691,174.99705722347372,173.97341437036224,True,True,False
eval_MoTaTiZrHf-HEA-DDRX-1100C_TEM_DislocationCharacterization_0#31,ma_roma|direct|invert|s0,DislocationCharacterization,ma_roma,transform,183.164,7.836527670576901,173.97341437036224,True,True,True
eval_MoTaTiZrHf-HEA-DDRX-1100C_TEM_DislocationCharacterization_0#31,ma_roma|direct|histmatch|s0,DislocationCharacterization,ma_roma,transform,17.096,176.6216018784162,173.97341437036224,True,True,False
eval_MoTaTiZrHf-HEA-DDRX-1100C_TEM_DislocationCharacterization_0#31,ma_roma|direct|clahe|s0,DislocationCharacterization,ma_roma,transform,16.429,188.2710750228633,173.97341437036224,True,True,False
eval_MoTaTiZrHf-HEA-DDRX-1100C_TEM_DislocationCharacterization_0#31,ma_roma|direct|gradmag|s0,DislocationCharacterization,ma_roma,transform,188.604,10.138578672820376,173.97341437036224,True,True,True
eval_MoTaTiZrHf-HEA-DDRX-900C_TEM_DislocationCharacterization_0#0,ma_roma|direct|none|s0,DislocationCharacterization,ma_roma,core,53.639,9.442706153008318,54.27409954263899,True,True,True
eval_MoTaTiZrHf-HEA-DDRX-900C_TEM_DislocationCharacterization_0#0,ma_roma|pyramid_v2|none|s0,DislocationCharacterization,ma_roma,core,53.639,9.442706153008318,54.27409954263899,True,True,True
eval_MoTaTiZrHf-HEA-DDRX-900C_TEM_DislocationCharacterization_0#0,ma_roma|direct|invert|s0,DislocationCharacterization,ma_roma,transform,62.922,13.743292733786053,54.27409954263899,True,True,True
eval_MoTaTiZrHf-HEA-DDRX-900C_TEM_DislocationCharacterization_0#0,ma_roma|direct|histmatch|s0,DislocationCharacterization,ma_roma,transform,56.276,5.250915612174598,54.27409954263899,True,True,True
eval_MoTaTiZrHf-HEA-DDRX-900C_TEM_DislocationCharacterization_0#0,ma_roma|direct|clahe|s0,DislocationCharacterization,ma_roma,transform,55.014,7.013717861313663,54.27409954263899,True,True,True
eval_MoTaTiZrHf-HEA-DDRX-900C_TEM_DislocationCharacterization_0#0,ma_roma|direct|gradmag|s0,DislocationCharacterization,ma_roma,transform,56.683,10.148799085855376,54.27409954263899,True,True,True
eval_MoTaTiZrHf-HEA-DDRX-900C_TEM_DislocationCharacterization_0#1,ma_roma|direct|none|s0,DislocationCharacterization,ma_roma,core,1486.319,2261.300729461154,54.27409954263899,True,True,False
eval_MoTaTiZrHf-HEA-DDRX-900C_TEM_DislocationCharacterization_0#1,ma_roma|pyramid_v2|none|s0,DislocationCharacterization,ma_roma,core,8083.784,2742.7712889508425,54.27409954263899,True,True,False
eval_MoTaTiZrHf-HEA-DDRX-900C_TEM_DislocationCharacterization_0#1,ma_roma|direct|invert|s0,DislocationCharacterization,ma_roma,transform,71.702,53.991696340978606,54.27409954263899,True,True,False
eval_MoTaTiZrHf-HEA-DDRX-900C_TEM_DislocationCharacterization_0#1,ma_roma|direct|histmatch|s0,DislocationCharacterization,ma_roma,transform,978.654,1023.7124986982708,54.27409954263899,True,True,False
eval_MoTaTiZrHf-HEA-DDRX-900C_TEM_DislocationCharacterization_0#1,ma_roma|direct|clahe|s0,DislocationCharacterization,ma_roma,transform,60.233,17.554776301818762,54.27409954263899,True,True,True
eval_MoTaTiZrHf-HEA-DDRX-900C_TEM_DislocationCharacterization_0#1,ma_roma|direct|gradmag|s0,DislocationCharacterization,ma_roma,transform,58.213,5.567571597289715,54.27409954263899,True,True,True
eval_MoTaTiZrHf-HEA-DDRX-900C_TEM_DislocationCharacterization_0#2,ma_roma|direct|none|s0,DislocationCharacterization,ma_roma,core,52.311,12.564921679955086,54.27409954263899,True,True,True
eval_MoTaTiZrHf-HEA-DDRX-900C_TEM_DislocationCharacterization_0#2,ma_roma|pyramid_v2|none|s0,DislocationCharacterization,ma_roma,core,52.311,12.564921679955086,54.27409954263899,True,True,True
eval_MoTaTiZrHf-HEA-DDRX-900C_TEM_DislocationCharacterization_0#2,ma_roma|direct|invert|s0,DislocationCharacterization,ma_roma,transform,48.775,16.919560951156573,54.27409954263899,True,True,True
eval_MoTaTiZrHf-HEA-DDRX-900C_TEM_DislocationCharacterization_0#2,ma_roma|direct|histmatch|s0,DislocationCharacterization,ma_roma,transform,61.559,4.13310297759948,54.27409954263899,True,True,True
eval_MoTaTiZrHf-HEA-DDRX-900C_TEM_DislocationCharacterization_0#2,ma_roma|direct|clahe|s0,DislocationCharacterization,ma_roma,transform,56.806,7.138069423860002,54.27409954263899,True,True,True
eval_MoTaTiZrHf-HEA-DDRX-900C_TEM_DislocationCharacterization_0#2,ma_roma|direct|gradmag|s0,DislocationCharacterization,ma_roma,transform,75.437,57.402579663231144,54.27409954263899,True,True,False
eval_MoTaTiZrHf-HEA-DDRX-900C_TEM_DislocationCharacterization_0#3,ma_roma|direct|none|s0,DislocationCharacterization,ma_roma,core,67.222,10.853547264076719,54.27409954263899,True,True,True
eval_MoTaTiZrHf-HEA-DDRX-900C_TEM_DislocationCharacterization_0#3,ma_roma|pyramid_v2|none|s0,DislocationCharacterization,ma_roma,core,67.222,10.853547264076719,54.27409954263899,True,True,True
eval_MoTaTiZrHf-HEA-DDRX-900C_TEM_DislocationCharacterization_0#3,ma_roma|direct|invert|s0,DislocationCharacterization,ma_roma,transform,1199.19,1234.7284253810735,54.27409954263899,True,True,False
eval_MoTaTiZrHf-HEA-DDRX-900C_TEM_DislocationCharacterization_0#3,ma_roma|direct|histmatch|s0,DislocationCharacterization,ma_roma,transform,77.999,23.713227911892123,54.27409954263899,True,True,False
eval_MoTaTiZrHf-HEA-DDRX-900C_TEM_DislocationCharacterization_0#3,ma_roma|direct|clahe|s0,DislocationCharacterization,ma_roma,transform,58.981,1.5045203479283311,54.27409954263899,True,True,True
eval_MoTaTiZrHf-HEA-DDRX-900C_TEM_DislocationCharacterization_0#3,ma_roma|direct|gradmag|s0,DislocationCharacterization,ma_roma,transform,67.242,106.16748827561123,54.27409954263899,True,True,False
eval_MoTaTiZrHf-HEA-DDRX-900C_TEM_DislocationCharacterization_0#4,ma_roma|direct|none|s0,DislocationCharacterization,ma_roma,core,562.462,674.752738669757,54.27409954263899,True,True,False
eval_MoTaTiZrHf-HEA-DDRX-900C_TEM_DislocationCharacterization_0#4,ma_roma|pyramid_v2|none|s0,DislocationCharacterization,ma_roma,core,562.462,674.752738669757,54.27409954263899,True,True,False
eval_MoTaTiZrHf-HEA-DDRX-900C_TEM_DislocationCharacterization_0#4,ma_roma|direct|invert|s0,DislocationCharacterization,ma_roma,transform,54.846,72.05542097267114,54.27409954263899,True,True,False
eval_MoTaTiZrHf-HEA-DDRX-900C_TEM_DislocationCharacterization_0#4,ma_roma|direct|histmatch|s0,DislocationCharacterization,ma_roma,transform,96.547,58.16269299550115,54.27409954263899,True,True,False
eval_MoTaTiZrHf-HEA-DDRX-900C_TEM_DislocationCharacterization_0#4,ma_roma|direct|clahe|s0,DislocationCharacterization,ma_roma,transform,65.581,30.35608057141914,54.27409954263899,True,True,False
eval_MoTaTiZrHf-HEA-DDRX-900C_TEM_DislocationCharacterization_0#4,ma_roma|direct|gradmag|s0,DislocationCharacterization,ma_roma,transform,69.477,16.17504766968976,54.27409954263899,True,True,True
eval_MoTaTiZrHf-HEA-DDRX-900C_TEM_DislocationCharacterization_0#5,ma_roma|direct|none|s0,DislocationCharacterization,ma_roma,core,67.11,46.243170917471744,54.27409954263899,True,True,False
eval_MoTaTiZrHf-HEA-DDRX-900C_TEM_DislocationCharacterization_0#5,ma_roma|pyramid_v2|none|s0,DislocationCharacterization,ma_roma,core,67.11,46.243170917471744,54.27409954263899,True,True,False
eval_MoTaTiZrHf-HEA-DDRX-900C_TEM_DislocationCharacterization_0#5,ma_roma|direct|invert|s0,DislocationCharacterization,ma_roma,transform,70.95,37.79823783759121,54.27409954263899,True,True,False
eval_MoTaTiZrHf-HEA-DDRX-900C_TEM_DislocationCharacterization_0#5,ma_roma|direct|histmatch|s0,DislocationCharacterization,ma_roma,transform,62.331,7.082044296202032,54.27409954263899,True,True,True
eval_MoTaTiZrHf-HEA-DDRX-900C_TEM_DislocationCharacterization_0#5,ma_roma|direct|clahe|s0,DislocationCharacterization,ma_roma,transform,56.453,5.369872893393766,54.27409954263899,True,True,True
eval_MoTaTiZrHf-HEA-DDRX-900C_TEM_DislocationCharacterization_0#5,ma_roma|direct|gradmag|s0,DislocationCharacterization,ma_roma,transform,69.176,13.279652545318566,54.27409954263899,True,True,True
eval_MoTaTiZrHf-HEA-DDRX-900C_TEM_DislocationCharacterization_0#6,ma_roma|direct|none|s0,DislocationCharacterization,ma_roma,core,948.028,978.7526318837191,54.27409954263899,True,True,False
eval_MoTaTiZrHf-HEA-DDRX-900C_TEM_DislocationCharacterization_0#6,ma_roma|pyramid_v2|none|s0,DislocationCharacterization,ma_roma,core,948.028,978.7526318837191,54.27409954263899,True,True,False
eval_MoTaTiZrHf-HEA-DDRX-900C_TEM_DislocationCharacterization_0#6,ma_roma|direct|invert|s0,DislocationCharacterization,ma_roma,transform,961.419,1068.7908932568475,54.27409954263899,True,True,False
eval_MoTaTiZrHf-HEA-DDRX-900C_TEM_DislocationCharacterization_0#6,ma_roma|direct|histmatch|s0,DislocationCharacterization,ma_roma,transform,889.785,950.7686705822931,54.27409954263899,True,True,False
eval_MoTaTiZrHf-HEA-DDRX-900C_TEM_DislocationCharacterization_0#6,ma_roma|direct|clahe|s0,DislocationCharacterization,ma_roma,transform,1399.204,1466.7066040647994,54.27409954263899,True,True,False
eval_MoTaTiZrHf-HEA-DDRX-900C_TEM_DislocationCharacterization_0#6,ma_roma|direct|gradmag|s0,DislocationCharacterization,ma_roma,transform,86.877,75.52511327945439,54.27409954263899,True,True,False
eval_MoTaTiZrHf-HEA-DDRX-900C_TEM_DislocationCharacterization_0#7,ma_roma|direct|none|s0,DislocationCharacterization,ma_roma,core,1259.103,1242.4141896010487,54.27409954263899,True,True,False
eval_MoTaTiZrHf-HEA-DDRX-900C_TEM_DislocationCharacterization_0#7,ma_roma|pyramid_v2|none|s0,DislocationCharacterization,ma_roma,core,1391.819,1371.648509459025,54.27409954263899,True,True,False
eval_MoTaTiZrHf-HEA-DDRX-900C_TEM_DislocationCharacterization_0#7,ma_roma|direct|invert|s0,DislocationCharacterization,ma_roma,transform,1201.837,1213.74782616469,54.27409954263899,True,True,False
eval_MoTaTiZrHf-HEA-DDRX-900C_TEM_DislocationCharacterization_0#7,ma_roma|direct|histmatch|s0,DislocationCharacterization,ma_roma,transform,4949.218,4259.188733901949,54.27409954263899,True,True,False
eval_MoTaTiZrHf-HEA-DDRX-900C_TEM_DislocationCharacterization_0#7,ma_roma|direct|clahe|s0,DislocationCharacterization,ma_roma,transform,60.871,20.9794684676619,54.27409954263899,True,True,False
eval_MoTaTiZrHf-HEA-DDRX-900C_TEM_DislocationCharacterization_0#7,ma_roma|direct|gradmag|s0,DislocationCharacterization,ma_roma,transform,88.112,60.8183261404704,54.27409954263899,True,True,False
eval_MoTaTiZrHf-HEA-DDRX-900C_TEM_DislocationCharacterization_0#8,ma_roma|direct|none|s0,DislocationCharacterization,ma_roma,core,1130.562,1217.404529661729,54.27409954263899,True,True,False
eval_MoTaTiZrHf-HEA-DDRX-900C_TEM_DislocationCharacterization_0#8,ma_roma|pyramid_v2|none|s0,DislocationCharacterization,ma_roma,core,1130.562,1217.404529661729,54.27409954263899,True,True,False
eval_MoTaTiZrHf-HEA-DDRX-900C_TEM_DislocationCharacterization_0#8,ma_roma|direct|invert|s0,DislocationCharacterization,ma_roma,transform,920.533,1130.4321204105183,54.27409954263899,True,True,False
eval_MoTaTiZrHf-HEA-DDRX-900C_TEM_DislocationCharacterization_0#8,ma_roma|direct|histmatch|s0,DislocationCharacterization,ma_roma,transform,1114.377,1211.0900422389204,54.27409954263899,True,True,False
eval_MoTaTiZrHf-HEA-DDRX-900C_TEM_DislocationCharacterization_0#8,ma_roma|direct|clahe|s0,DislocationCharacterization,ma_roma,transform,1126.46,1142.6168282684782,54.27409954263899,True,True,False
eval_MoTaTiZrHf-HEA-DDRX-900C_TEM_DislocationCharacterization_0#8,ma_roma|direct|gradmag|s0,DislocationCharacterization,ma_roma,transform,52.581,13.898331803513225,54.27409954263899,True,True,True
eval_MoTaTiZrHf-HEA-DDRX-900C_TEM_DislocationCharacterization_0#9,ma_roma|direct|none|s0,DislocationCharacterization,ma_roma,core,57.742,3.4348220709435857,54.27409954263899,True,True,True
eval_MoTaTiZrHf-HEA-DDRX-900C_TEM_DislocationCharacterization_0#9,ma_roma|pyramid_v2|none|s0,DislocationCharacterization,ma_roma,core,57.742,3.4348220709435857,54.27409954263899,True,True,True
eval_MoTaTiZrHf-HEA-DDRX-900C_TEM_DislocationCharacterization_0#9,ma_roma|direct|invert|s0,DislocationCharacterization,ma_roma,transform,65.723,19.212194426699806,54.27409954263899,True,True,True
eval_MoTaTiZrHf-HEA-DDRX-900C_TEM_DislocationCharacterization_0#9,ma_roma|direct|histmatch|s0,DislocationCharacterization,ma_roma,transform,118.937,106.95246078190756,54.27409954263899,True,True,False
eval_MoTaTiZrHf-HEA-DDRX-900C_TEM_DislocationCharacterization_0#9,ma_roma|direct|clahe|s0,DislocationCharacterization,ma_roma,transform,58.824,9.671825665053563,54.27409954263899,True,True,True
eval_MoTaTiZrHf-HEA-DDRX-900C_TEM_DislocationCharacterization_0#9,ma_roma|direct|gradmag|s0,DislocationCharacterization,ma_roma,transform,59.088,6.982933180578388,54.27409954263899,True,True,True
eval_MoTaTiZrHf-HEA-DDRX-900C_TEM_DislocationCharacterization_0#10,ma_roma|direct|none|s0,DislocationCharacterization,ma_roma,core,1130.241,1168.0399799659594,54.27409954263899,True,True,False
eval_MoTaTiZrHf-HEA-DDRX-900C_TEM_DislocationCharacterization_0#10,ma_roma|pyramid_v2|none|s0,DislocationCharacterization,ma_roma,core,337.045,388.86525622074333,54.27409954263899,True,True,False
eval_MoTaTiZrHf-HEA-DDRX-900C_TEM_DislocationCharacterization_0#10,ma_roma|direct|invert|s0,DislocationCharacterization,ma_roma,transform,47.949,24.471164369179636,54.27409954263899,True,True,False
eval_MoTaTiZrHf-HEA-DDRX-900C_TEM_DislocationCharacterization_0#10,ma_roma|direct|histmatch|s0,DislocationCharacterization,ma_roma,transform,1083.257,1099.3637859326504,54.27409954263899,True,True,False
eval_MoTaTiZrHf-HEA-DDRX-900C_TEM_DislocationCharacterization_0#10,ma_roma|direct|clahe|s0,DislocationCharacterization,ma_roma,transform,56.408,24.505028788142795,54.27409954263899,True,True,False
eval_MoTaTiZrHf-HEA-DDRX-900C_TEM_DislocationCharacterization_0#10,ma_roma|direct|gradmag|s0,DislocationCharacterization,ma_roma,transform,60.205,7.316323605449254,54.27409954263899,True,True,True
eval_MoTaTiZrHf-HEA-DDRX-900C_TEM_DislocationCharacterization_0#11,ma_roma|direct|none|s0,DislocationCharacterization,ma_roma,core,752.199,831.1321578963217,54.27409954263899,True,True,False
eval_MoTaTiZrHf-HEA-DDRX-900C_TEM_DislocationCharacterization_0#11,ma_roma|pyramid_v2|none|s0,DislocationCharacterization,ma_roma,core,752.199,831.1321578963217,54.27409954263899,True,True,False
eval_MoTaTiZrHf-HEA-DDRX-900C_TEM_DislocationCharacterization_0#11,ma_roma|direct|invert|s0,DislocationCharacterization,ma_roma,transform,985.858,1052.1888083282777,54.27409954263899,True,True,False
eval_MoTaTiZrHf-HEA-DDRX-900C_TEM_DislocationCharacterization_0#11,ma_roma|direct|histmatch|s0,DislocationCharacterization,ma_roma,transform,64.459,22.83105538911865,54.27409954263899,True,True,False
eval_MoTaTiZrHf-HEA-DDRX-900C_TEM_DislocationCharacterization_0#11,ma_roma|direct|clahe|s0,DislocationCharacterization,ma_roma,transform,1124.114,1119.5385479664415,54.27409954263899,True,True,False
eval_MoTaTiZrHf-HEA-DDRX-900C_TEM_DislocationCharacterization_0#11,ma_roma|direct|gradmag|s0,DislocationCharacterization,ma_roma,transform,61.457,71.60779471850009,54.27409954263899,True,True,False
eval_MoTaTiZrHf-HEA-DDRX-900C_TEM_DislocationCharacterization_0#12,ma_roma|direct|none|s0,DislocationCharacterization,ma_roma,core,69.638,28.11317043093202,54.27409954263899,True,True,False
eval_MoTaTiZrHf-HEA-DDRX-900C_TEM_DislocationCharacterization_0#12,ma_roma|pyramid_v2|none|s0,DislocationCharacterization,ma_roma,core,69.638,28.11317043093202,54.27409954263899,True,True,False
eval_MoTaTiZrHf-HEA-DDRX-900C_TEM_DislocationCharacterization_0#12,ma_roma|direct|invert|s0,DislocationCharacterization,ma_roma,transform,59.559,17.866665063167407,54.27409954263899,True,True,True
eval_MoTaTiZrHf-HEA-DDRX-900C_TEM_DislocationCharacterization_0#12,ma_roma|direct|histmatch|s0,DislocationCharacterization,ma_roma,transform,55.4,11.285242912282092,54.27409954263899,True,True,True
eval_MoTaTiZrHf-HEA-DDRX-900C_TEM_DislocationCharacterization_0#12,ma_roma|direct|clahe|s0,DislocationCharacterization,ma_roma,transform,282.253,299.6894755634165,54.27409954263899,True,True,False
eval_MoTaTiZrHf-HEA-DDRX-900C_TEM_DislocationCharacterization_0#12,ma_roma|direct|gradmag|s0,DislocationCharacterization,ma_roma,transform,92.14,39.7984765866183,54.27409954263899,True,True,False
eval_MoTaTiZrHf-HEA-DDRX-900C_TEM_DislocationCharacterization_0#13,ma_roma|direct|none|s0,DislocationCharacterization,ma_roma,core,104.393,124.68915621630323,54.27409954263899,True,True,False
eval_MoTaTiZrHf-HEA-DDRX-900C_TEM_DislocationCharacterization_0#13,ma_roma|pyramid_v2|none|s0,DislocationCharacterization,ma_roma,core,104.393,124.68915621630323,54.27409954263899,True,True,False
eval_MoTaTiZrHf-HEA-DDRX-900C_TEM_DislocationCharacterization_0#13,ma_roma|direct|invert|s0,DislocationCharacterization,ma_roma,transform,138.38,197.75804495812113,54.27409954263899,True,True,False
eval_MoTaTiZrHf-HEA-DDRX-900C_TEM_DislocationCharacterization_0#13,ma_roma|direct|histmatch|s0,DislocationCharacterization,ma_roma,transform,62.154,4.917700861372031,54.27409954263899,True,True,True
eval_MoTaTiZrHf-HEA-DDRX-900C_TEM_DislocationCharacterization_0#13,ma_roma|direct|clahe|s0,DislocationCharacterization,ma_roma,transform,59.97,5.1714796475191305,54.27409954263899,True,True,True
eval_MoTaTiZrHf-HEA-DDRX-900C_TEM_DislocationCharacterization_0#13,ma_roma|direct|gradmag|s0,DislocationCharacterization,ma_roma,transform,59.145,17.252421312341696,54.27409954263899,True,True,True
eval_MoTaTiZrHf-HEA-DDRX-900C_TEM_DislocationCharacterization_0#14,ma_roma|direct|none|s0,DislocationCharacterization,ma_roma,core,50.72,14.174606256845438,54.27409954263899,True,True,True
eval_MoTaTiZrHf-HEA-DDRX-900C_TEM_DislocationCharacterization_0#14,ma_roma|pyramid_v2|none|s0,DislocationCharacterization,ma_roma,core,50.72,14.174606256845438,54.27409954263899,True,True,True
eval_MoTaTiZrHf-HEA-DDRX-900C_TEM_DislocationCharacterization_0#14,ma_roma|direct|invert|s0,DislocationCharacterization,ma_roma,transform,72.804,46.446513672700675,54.27409954263899,True,True,False
eval_MoTaTiZrHf-HEA-DDRX-900C_TEM_DislocationCharacterization_0#14,ma_roma|direct|histmatch|s0,DislocationCharacterization,ma_roma,transform,59.239,18.509930463858502,54.27409954263899,True,True,True
eval_MoTaTiZrHf-HEA-DDRX-900C_TEM_DislocationCharacterization_0#14,ma_roma|direct|clahe|s0,DislocationCharacterization,ma_roma,transform,91.566,143.39910279165667,54.27409954263899,True,True,False
eval_MoTaTiZrHf-HEA-DDRX-900C_TEM_DislocationCharacterization_0#14,ma_roma|direct|gradmag|s0,DislocationCharacterization,ma_roma,transform,65.289,27.14494980794495,54.27409954263899,True,True,False
eval_MoTaTiZrHf-HEA-DDRX-900C_TEM_DislocationCharacterization_0#15,ma_roma|direct|none|s0,DislocationCharacterization,ma_roma,core,2488.864,2910.363843971163,54.27409954263899,True,True,False
eval_MoTaTiZrHf-HEA-DDRX-900C_TEM_DislocationCharacterization_0#15,ma_roma|pyramid_v2|none|s0,DislocationCharacterization,ma_roma,core,1416.116,1439.5432190662927,54.27409954263899,True,True,False
eval_MoTaTiZrHf-HEA-DDRX-900C_TEM_DislocationCharacterization_0#15,ma_roma|direct|invert|s0,DislocationCharacterization,ma_roma,transform,1102.87,1208.8089558076445,54.27409954263899,True,True,False
eval_MoTaTiZrHf-HEA-DDRX-900C_TEM_DislocationCharacterization_0#15,ma_roma|direct|histmatch|s0,DislocationCharacterization,ma_roma,transform,59.495,11.096489455994977,54.27409954263899,True,True,True
eval_MoTaTiZrHf-HEA-DDRX-900C_TEM_DislocationCharacterization_0#15,ma_roma|direct|clahe|s0,DislocationCharacterization,ma_roma,transform,899.019,1015.4157644917354,54.27409954263899,True,True,False
eval_MoTaTiZrHf-HEA-DDRX-900C_TEM_DislocationCharacterization_0#15,ma_roma|direct|gradmag|s0,DislocationCharacterization,ma_roma,transform,58.516,14.625032052627187,54.27409954263899,True,True,True
eval_MoTaTiZrHf-HEA-DDRX-900C_TEM_largeFOV-DislocationCharacterization_0#0,ma_roma|direct|none|s0,DislocationCharacterization,ma_roma,core,19.936,511.0004075845088,510.7112573671852,True,True,False
eval_MoTaTiZrHf-HEA-DDRX-900C_TEM_largeFOV-DislocationCharacterization_0#0,ma_roma|pyramid_v2|none|s0,DislocationCharacterization,ma_roma,core,19.936,511.0004075845088,510.7112573671852,True,True,False
eval_MoTaTiZrHf-HEA-DDRX-900C_TEM_largeFOV-DislocationCharacterization_0#0,ma_roma|direct|invert|s0,DislocationCharacterization,ma_roma,transform,106065.876,5189.9681339440895,510.7112573671852,True,True,False
eval_MoTaTiZrHf-HEA-DDRX-900C_TEM_largeFOV-DislocationCharacterization_0#0,ma_roma|direct|histmatch|s0,DislocationCharacterization,ma_roma,transform,19.988,510.85044629752997,510.7112573671852,True,True,False
eval_MoTaTiZrHf-HEA-DDRX-900C_TEM_largeFOV-DislocationCharacterization_0#0,ma_roma|direct|clahe|s0,DislocationCharacterization,ma_roma,transform,19.431,511.25122666683706,510.7112573671852,True,True,False
eval_MoTaTiZrHf-HEA-DDRX-900C_TEM_largeFOV-DislocationCharacterization_0#0,ma_roma|direct|gradmag|s0,DislocationCharacterization,ma_roma,transform,492.042,17.660545151814137,510.7112573671852,True,True,True
eval_MoTaTiZrHf-HEA-DDRX-900C_TEM_largeFOV-DislocationCharacterization_0#1,ma_roma|direct|none|s0,DislocationCharacterization,ma_roma,core,501.684,8.865750043798256,510.7112573671852,True,True,True
eval_MoTaTiZrHf-HEA-DDRX-900C_TEM_largeFOV-DislocationCharacterization_0#1,ma_roma|pyramid_v2|none|s0,DislocationCharacterization,ma_roma,core,501.684,8.865750043798256,510.7112573671852,True,True,True
eval_MoTaTiZrHf-HEA-DDRX-900C_TEM_largeFOV-DislocationCharacterization_0#1,ma_roma|direct|invert|s0,DislocationCharacterization,ma_roma,transform,487.516,17.860591144772318,510.7112573671852,True,True,True
eval_MoTaTiZrHf-HEA-DDRX-900C_TEM_largeFOV-DislocationCharacterization_0#1,ma_roma|direct|histmatch|s0,DislocationCharacterization,ma_roma,transform,509.742,1.1229791635314308,510.7112573671852,True,True,True
eval_MoTaTiZrHf-HEA-DDRX-900C_TEM_largeFOV-DislocationCharacterization_0#1,ma_roma|direct|clahe|s0,DislocationCharacterization,ma_roma,transform,493.857,14.808216434755376,510.7112573671852,True,True,True
eval_MoTaTiZrHf-HEA-DDRX-900C_TEM_largeFOV-DislocationCharacterization_0#1,ma_roma|direct|gradmag|s0,DislocationCharacterization,ma_roma,transform,504.543,19.811427644230754,510.7112573671852,True,True,True
eval_MoTaTiZrHf-HEA-DDRX-900C_TEM_largeFOV-DislocationCharacterization_0#2,ma_roma|direct|none|s0,DislocationCharacterization,ma_roma,core,522.064,19.668718590248638,510.7112573671852,True,True,True
eval_MoTaTiZrHf-HEA-DDRX-900C_TEM_largeFOV-DislocationCharacterization_0#2,ma_roma|pyramid_v2|none|s0,DislocationCharacterization,ma_roma,core,522.064,19.668718590248638,510.7112573671852,True,True,True
eval_MoTaTiZrHf-HEA-DDRX-900C_TEM_largeFOV-DislocationCharacterization_0#2,ma_roma|direct|invert|s0,DislocationCharacterization,ma_roma,transform,490.47,16.075309659611356,510.7112573671852,True,True,True
eval_MoTaTiZrHf-HEA-DDRX-900C_TEM_largeFOV-DislocationCharacterization_0#2,ma_roma|direct|histmatch|s0,DislocationCharacterization,ma_roma,transform,508.564,3.5164761237343707,510.7112573671852,True,True,True
eval_MoTaTiZrHf-HEA-DDRX-900C_TEM_largeFOV-DislocationCharacterization_0#2,ma_roma|direct|clahe|s0,DislocationCharacterization,ma_roma,transform,507.899,5.999382812572874,510.7112573671852,True,True,True
eval_MoTaTiZrHf-HEA-DDRX-900C_TEM_largeFOV-DislocationCharacterization_0#2,ma_roma|direct|gradmag|s0,DislocationCharacterization,ma_roma,transform,531.778,17.844410413982146,510.7112573671852,True,True,True
eval_MoTaTiZrHf-HEA-DDRX-900C_TEM_largeFOV-DislocationCharacterization_0#3,ma_roma|direct|none|s0,DislocationCharacterization,ma_roma,core,441.861,10.967162592529212,427.7041620562354,True,True,True
eval_MoTaTiZrHf-HEA-DDRX-900C_TEM_largeFOV-DislocationCharacterization_0#3,ma_roma|pyramid_v2|none|s0,DislocationCharacterization,ma_roma,core,441.861,10.967162592529212,427.7041620562354,True,True,True
eval_MoTaTiZrHf-HEA-DDRX-900C_TEM_largeFOV-DislocationCharacterization_0#3,ma_roma|direct|invert|s0,DislocationCharacterization,ma_roma,transform,433.034,2.797994446140385,427.7041620562354,True,True,True
eval_MoTaTiZrHf-HEA-DDRX-900C_TEM_largeFOV-DislocationCharacterization_0#3,ma_roma|direct|histmatch|s0,DislocationCharacterization,ma_roma,transform,422.354,22.919018098936725,427.7041620562354,True,True,False
eval_MoTaTiZrHf-HEA-DDRX-900C_TEM_largeFOV-DislocationCharacterization_0#3,ma_roma|direct|clahe|s0,DislocationCharacterization,ma_roma,transform,439.096,4.456034422005108,427.7041620562354,True,True,True
eval_MoTaTiZrHf-HEA-DDRX-900C_TEM_largeFOV-DislocationCharacterization_0#3,ma_roma|direct|gradmag|s0,DislocationCharacterization,ma_roma,transform,455.764,26.66988574813388,427.7041620562354,True,True,False
eval_MoTaTiZrHf-HEA-DDRX-900C_TEM_largeFOV-DislocationCharacterization_0#4,ma_roma|direct|none|s0,DislocationCharacterization,ma_roma,core,432.909,6.319558564087043,427.7041620562354,True,True,True
eval_MoTaTiZrHf-HEA-DDRX-900C_TEM_largeFOV-DislocationCharacterization_0#4,ma_roma|pyramid_v2|none|s0,DislocationCharacterization,ma_roma,core,432.909,6.319558564087043,427.7041620562354,True,True,True
eval_MoTaTiZrHf-HEA-DDRX-900C_TEM_largeFOV-DislocationCharacterization_0#4,ma_roma|direct|invert|s0,DislocationCharacterization,ma_roma,transform,36.284,450.7250997679666,427.7041620562354,True,True,False
eval_MoTaTiZrHf-HEA-DDRX-900C_TEM_largeFOV-DislocationCharacterization_0#4,ma_roma|direct|histmatch|s0,DislocationCharacterization,ma_roma,transform,424.756,8.822474612377693,427.7041620562354,True,True,True
eval_MoTaTiZrHf-HEA-DDRX-900C_TEM_largeFOV-DislocationCharacterization_0#4,ma_roma|direct|clahe|s0,DislocationCharacterization,ma_roma,transform,442.049,10.06159164619761,427.7041620562354,True,True,True
eval_MoTaTiZrHf-HEA-DDRX-900C_TEM_largeFOV-DislocationCharacterization_0#4,ma_roma|direct|gradmag|s0,DislocationCharacterization,ma_roma,transform,455.752,19.336577441389007,427.7041620562354,True,True,True
eval_MoTaTiZrHf-HEA-DDRX-900C_TEM_largeFOV-DislocationCharacterization_0#5,ma_roma|direct|none|s0,DislocationCharacterization,ma_roma,core,430.647,6.623627213979348,427.7041620562354,True,True,True
eval_MoTaTiZrHf-HEA-DDRX-900C_TEM_largeFOV-DislocationCharacterization_0#5,ma_roma|pyramid_v2|none|s0,DislocationCharacterization,ma_roma,core,430.647,6.623627213979348,427.7041620562354,True,True,True
eval_MoTaTiZrHf-HEA-DDRX-900C_TEM_largeFOV-DislocationCharacterization_0#5,ma_roma|direct|invert|s0,DislocationCharacterization,ma_roma,transform,414.905,22.933872305309695,427.7041620562354,True,True,False
eval_MoTaTiZrHf-HEA-DDRX-900C_TEM_largeFOV-DislocationCharacterization_0#5,ma_roma|direct|histmatch|s0,DislocationCharacterization,ma_roma,transform,425.697,7.57399476196811,427.7041620562354,True,True,True
eval_MoTaTiZrHf-HEA-DDRX-900C_TEM_largeFOV-DislocationCharacterization_0#5,ma_roma|direct|clahe|s0,DislocationCharacterization,ma_roma,transform,410.46,20.96578617569789,427.7041620562354,True,True,False
eval_MoTaTiZrHf-HEA-DDRX-900C_TEM_largeFOV-DislocationCharacterization_0#5,ma_roma|direct|gradmag|s0,DislocationCharacterization,ma_roma,transform,793.372,767.2962140715235,427.7041620562354,True,True,False
eval_MoTaTiZrHf-HEA-DDRX-900C_TEM_largeFOV-DislocationCharacterization_0#6,ma_roma|direct|none|s0,DislocationCharacterization,ma_roma,core,507.043,7.585890812176854,510.7112573671852,True,True,True
eval_MoTaTiZrHf-HEA-DDRX-900C_TEM_largeFOV-DislocationCharacterization_0#6,ma_roma|pyramid_v2|none|s0,DislocationCharacterization,ma_roma,core,507.043,7.585890812176854,510.7112573671852,True,True,True
eval_MoTaTiZrHf-HEA-DDRX-900C_TEM_largeFOV-DislocationCharacterization_0#6,ma_roma|direct|invert|s0,DislocationCharacterization,ma_roma,transform,528.541,20.52521240590446,510.7112573671852,True,True,False
eval_MoTaTiZrHf-HEA-DDRX-900C_TEM_largeFOV-DislocationCharacterization_0#6,ma_roma|direct|histmatch|s0,DislocationCharacterization,ma_roma,transform,508.381,3.6016698232735673,510.7112573671852,True,True,True
eval_MoTaTiZrHf-HEA-DDRX-900C_TEM_largeFOV-DislocationCharacterization_0#6,ma_roma|direct|clahe|s0,DislocationCharacterization,ma_roma,transform,509.671,7.075982279728683,510.7112573671852,True,True,True
eval_MoTaTiZrHf-HEA-DDRX-900C_TEM_largeFOV-DislocationCharacterization_0#6,ma_roma|direct|gradmag|s0,DislocationCharacterization,ma_roma,transform,519.508,9.094874571351157,510.7112573671852,True,True,True
eval_MoTaTiZrHf-HEA-DDRX-900C_TEM_largeFOV-DislocationCharacterization_0#7,ma_roma|direct|none|s0,DislocationCharacterization,ma_roma,core,526.855,14.947792054782767,510.7112573671852,True,True,True
eval_MoTaTiZrHf-HEA-DDRX-900C_TEM_largeFOV-DislocationCharacterization_0#7,ma_roma|pyramid_v2|none|s0,DislocationCharacterization,ma_roma,core,526.855,14.947792054782767,510.7112573671852,True,True,True
eval_MoTaTiZrHf-HEA-DDRX-900C_TEM_largeFOV-DislocationCharacterization_0#7,ma_roma|direct|invert|s0,DislocationCharacterization,ma_roma,transform,469.359,35.495072543177336,510.7112573671852,True,True,False
eval_MoTaTiZrHf-HEA-DDRX-900C_TEM_largeFOV-DislocationCharacterization_0#7,ma_roma|direct|histmatch|s0,DislocationCharacterization,ma_roma,transform,516.096,5.905454854725446,510.7112573671852,True,True,True
eval_MoTaTiZrHf-HEA-DDRX-900C_TEM_largeFOV-DislocationCharacterization_0#7,ma_roma|direct|clahe|s0,DislocationCharacterization,ma_roma,transform,486.536,20.936372327167934,510.7112573671852,True,True,False
eval_MoTaTiZrHf-HEA-DDRX-900C_TEM_largeFOV-DislocationCharacterization_0#7,ma_roma|direct|gradmag|s0,DislocationCharacterization,ma_roma,transform,496.045,15.081768485076688,510.7112573671852,True,True,True
eval_MoTaTiZrHf-HEA-DDRX-900C_TEM_largeFOV-DislocationCharacterization_0#8,ma_roma|direct|none|s0,DislocationCharacterization,ma_roma,core,510.414,17.788013634718105,510.7112573671852,True,True,True
eval_MoTaTiZrHf-HEA-DDRX-900C_TEM_largeFOV-DislocationCharacterization_0#8,ma_roma|pyramid_v2|none|s0,DislocationCharacterization,ma_roma,core,510.414,17.788013634718105,510.7112573671852,True,True,True
eval_MoTaTiZrHf-HEA-DDRX-900C_TEM_largeFOV-DislocationCharacterization_0#8,ma_roma|direct|invert|s0,DislocationCharacterization,ma_roma,transform,464.991,35.01564148535524,510.7112573671852,True,True,False
eval_MoTaTiZrHf-HEA-DDRX-900C_TEM_largeFOV-DislocationCharacterization_0#8,ma_roma|direct|histmatch|s0,DislocationCharacterization,ma_roma,transform,396.808,229.69981740017164,510.7112573671852,True,True,False
eval_MoTaTiZrHf-HEA-DDRX-900C_TEM_largeFOV-DislocationCharacterization_0#8,ma_roma|direct|clahe|s0,DislocationCharacterization,ma_roma,transform,480.541,23.1582121084913,510.7112573671852,True,True,False
eval_MoTaTiZrHf-HEA-DDRX-900C_TEM_largeFOV-DislocationCharacterization_0#8,ma_roma|direct|gradmag|s0,DislocationCharacterization,ma_roma,transform,520.247,8.035551383980279,510.7112573671852,True,True,True
eval_MoTaTiZrHf-HEA-DDRX-900C_TEM_largeFOV-DislocationCharacterization_0#9,ma_roma|direct|none|s0,DislocationCharacterization,ma_roma,core,434.359,5.860077455376096,427.7041620562354,True,True,True
eval_MoTaTiZrHf-HEA-DDRX-900C_TEM_largeFOV-DislocationCharacterization_0#9,ma_roma|pyramid_v2|none|s0,DislocationCharacterization,ma_roma,core,434.359,5.860077455376096,427.7041620562354,True,True,True
eval_MoTaTiZrHf-HEA-DDRX-900C_TEM_largeFOV-DislocationCharacterization_0#9,ma_roma|direct|invert|s0,DislocationCharacterization,ma_roma,transform,444.672,19.40110697826745,427.7041620562354,True,True,True
eval_MoTaTiZrHf-HEA-DDRX-900C_TEM_largeFOV-DislocationCharacterization_0#9,ma_roma|direct|histmatch|s0,DislocationCharacterization,ma_roma,transform,462.19,32.87812157972838,427.7041620562354,True,True,False
eval_MoTaTiZrHf-HEA-DDRX-900C_TEM_largeFOV-DislocationCharacterization_0#9,ma_roma|direct|clahe|s0,DislocationCharacterization,ma_roma,transform,440.654,20.58757303519543,427.7041620562354,True,True,False
eval_MoTaTiZrHf-HEA-DDRX-900C_TEM_largeFOV-DislocationCharacterization_0#9,ma_roma|direct|gradmag|s0,DislocationCharacterization,ma_roma,transform,426.747,8.024743813148774,427.7041620562354,True,True,True
eval_MoTaTiZrHf-HEA-DDRX-900C_TEM_largeFOV-DislocationCharacterization_0#10,ma_roma|direct|none|s0,DislocationCharacterization,ma_roma,core,440.007,5.423438475109751,427.7041620562354,True,True,True
eval_MoTaTiZrHf-HEA-DDRX-900C_TEM_largeFOV-DislocationCharacterization_0#10,ma_roma|pyramid_v2|none|s0,DislocationCharacterization,ma_roma,core,440.007,5.423438475109751,427.7041620562354,True,True,True
eval_MoTaTiZrHf-HEA-DDRX-900C_TEM_largeFOV-DislocationCharacterization_0#10,ma_roma|direct|invert|s0,DislocationCharacterization,ma_roma,transform,409.436,22.188114440728747,427.7041620562354,True,True,False
eval_MoTaTiZrHf-HEA-DDRX-900C_TEM_largeFOV-DislocationCharacterization_0#10,ma_roma|direct|histmatch|s0,DislocationCharacterization,ma_roma,transform,427.09,6.845649499021823,427.7041620562354,True,True,True
eval_MoTaTiZrHf-HEA-DDRX-900C_TEM_largeFOV-DislocationCharacterization_0#10,ma_roma|direct|clahe|s0,DislocationCharacterization,ma_roma,transform,428.751,10.896963773376124,427.7041620562354,True,True,True
eval_MoTaTiZrHf-HEA-DDRX-900C_TEM_largeFOV-DislocationCharacterization_0#10,ma_roma|direct|gradmag|s0,DislocationCharacterization,ma_roma,transform,422.79,10.29457915481667,427.7041620562354,True,True,True
eval_MoTaTiZrHf-HEA-DDRX-900C_TEM_largeFOV-DislocationCharacterization_0#11,ma_roma|direct|none|s0,DislocationCharacterization,ma_roma,core,436.639,12.503323934253437,427.7041620562354,True,True,True
eval_MoTaTiZrHf-HEA-DDRX-900C_TEM_largeFOV-DislocationCharacterization_0#11,ma_roma|pyramid_v2|none|s0,DislocationCharacterization,ma_roma,core,436.639,12.503323934253437,427.7041620562354,True,True,True
eval_MoTaTiZrHf-HEA-DDRX-900C_TEM_largeFOV-DislocationCharacterization_0#11,ma_roma|direct|invert|s0,DislocationCharacterization,ma_roma,transform,425.738,12.763521476398541,427.7041620562354,True,True,True
eval_MoTaTiZrHf-HEA-DDRX-900C_TEM_largeFOV-DislocationCharacterization_0#11,ma_roma|direct|histmatch|s0,DislocationCharacterization,ma_roma,transform,445.814,18.509596222374054,427.7041620562354,True,True,True
eval_MoTaTiZrHf-HEA-DDRX-900C_TEM_largeFOV-DislocationCharacterization_0#11,ma_roma|direct|clahe|s0,DislocationCharacterization,ma_roma,transform,25.465,444.1512651022939,427.7041620562354,True,True,False
eval_MoTaTiZrHf-HEA-DDRX-900C_TEM_largeFOV-DislocationCharacterization_0#11,ma_roma|direct|gradmag|s0,DislocationCharacterization,ma_roma,transform,428.85,6.955783623546304,427.7041620562354,True,True,True
eval_MoTaTiZrHf-HEA-DDRX-900C_TEM_largeFOV-DislocationCharacterization_0#12,ma_roma|direct|none|s0,DislocationCharacterization,ma_roma,core,503.898,5.393892587542816,510.7112573671852,True,True,True
eval_MoTaTiZrHf-HEA-DDRX-900C_TEM_largeFOV-DislocationCharacterization_0#12,ma_roma|pyramid_v2|none|s0,DislocationCharacterization,ma_roma,core,503.898,5.393892587542816,510.7112573671852,True,True,True
eval_MoTaTiZrHf-HEA-DDRX-900C_TEM_largeFOV-DislocationCharacterization_0#12,ma_roma|direct|invert|s0,DislocationCharacterization,ma_roma,transform,20.298,511.04518643554184,510.7112573671852,True,True,False
eval_MoTaTiZrHf-HEA-DDRX-900C_TEM_largeFOV-DislocationCharacterization_0#12,ma_roma|direct|histmatch|s0,DislocationCharacterization,ma_roma,transform,518.059,11.034207450072524,510.7112573671852,True,True,True
eval_MoTaTiZrHf-HEA-DDRX-900C_TEM_largeFOV-DislocationCharacterization_0#12,ma_roma|direct|clahe|s0,DislocationCharacterization,ma_roma,transform,514.494,3.866849853401092,510.7112573671852,True,True,True
eval_MoTaTiZrHf-HEA-DDRX-900C_TEM_largeFOV-DislocationCharacterization_0#12,ma_roma|direct|gradmag|s0,DislocationCharacterization,ma_roma,transform,496.771,10.52157166921647,510.7112573671852,True,True,True
eval_MoTaTiZrHf-HEA-DDRX-900C_TEM_largeFOV-DislocationCharacterization_0#13,ma_roma|direct|none|s0,DislocationCharacterization,ma_roma,core,21.784,517.6194708518086,510.7112573671852,True,True,False
eval_MoTaTiZrHf-HEA-DDRX-900C_TEM_largeFOV-DislocationCharacterization_0#13,ma_roma|pyramid_v2|none|s0,DislocationCharacterization,ma_roma,core,21.784,517.6194708518086,510.7112573671852,True,True,False
eval_MoTaTiZrHf-HEA-DDRX-900C_TEM_largeFOV-DislocationCharacterization_0#13,ma_roma|direct|invert|s0,DislocationCharacterization,ma_roma,transform,489.649,16.470685535174116,510.7112573671852,True,True,True
eval_MoTaTiZrHf-HEA-DDRX-900C_TEM_largeFOV-DislocationCharacterization_0#13,ma_roma|direct|histmatch|s0,DislocationCharacterization,ma_roma,transform,513.237,6.902073410608636,510.7112573671852,True,True,True
eval_MoTaTiZrHf-HEA-DDRX-900C_TEM_largeFOV-DislocationCharacterization_0#13,ma_roma|direct|clahe|s0,DislocationCharacterization,ma_roma,transform,472.429,776.3798026001235,510.7112573671852,True,True,False
eval_MoTaTiZrHf-HEA-DDRX-900C_TEM_largeFOV-DislocationCharacterization_0#13,ma_roma|direct|gradmag|s0,DislocationCharacterization,ma_roma,transform,442.709,63.490723761861375,510.7112573671852,True,True,False
eval_MoTaTiZrHf-HEA-DDRX-900C_TEM_largeFOV-DislocationCharacterization_0#14,ma_roma|direct|none|s0,DislocationCharacterization,ma_roma,core,510.587,1.131189930502032,510.7112573671852,True,True,True
eval_MoTaTiZrHf-HEA-DDRX-900C_TEM_largeFOV-DislocationCharacterization_0#14,ma_roma|pyramid_v2|none|s0,DislocationCharacterization,ma_roma,core,510.587,1.131189930502032,510.7112573671852,True,True,True
eval_MoTaTiZrHf-HEA-DDRX-900C_TEM_largeFOV-DislocationCharacterization_0#14,ma_roma|direct|invert|s0,DislocationCharacterization,ma_roma,transform,475.585,28.18204388924436,510.7112573671852,True,True,False
eval_MoTaTiZrHf-HEA-DDRX-900C_TEM_largeFOV-DislocationCharacterization_0#14,ma_roma|direct|histmatch|s0,DislocationCharacterization,ma_roma,transform,512.587,6.049733727512911,510.7112573671852,True,True,True
eval_MoTaTiZrHf-HEA-DDRX-900C_TEM_largeFOV-DislocationCharacterization_0#14,ma_roma|direct|clahe|s0,DislocationCharacterization,ma_roma,transform,483.036,21.118353815647453,510.7112573671852,True,True,False
eval_MoTaTiZrHf-HEA-DDRX-900C_TEM_largeFOV-DislocationCharacterization_0#14,ma_roma|direct|gradmag|s0,DislocationCharacterization,ma_roma,transform,503.633,9.735203154224891,510.7112573671852,True,True,True
eval_MoTaTiZrHf-HEA-DDRX-900C_TEM_largeFOV-DislocationCharacterization_0#15,ma_roma|direct|none|s0,DislocationCharacterization,ma_roma,core,472.229,41.39409077756704,427.7041620562354,True,True,False
eval_MoTaTiZrHf-HEA-DDRX-900C_TEM_largeFOV-DislocationCharacterization_0#15,ma_roma|pyramid_v2|none|s0,DislocationCharacterization,ma_roma,core,472.229,41.39409077756704,427.7041620562354,True,True,False
eval_MoTaTiZrHf-HEA-DDRX-900C_TEM_largeFOV-DislocationCharacterization_0#15,ma_roma|direct|invert|s0,DislocationCharacterization,ma_roma,transform,460.363,29.28711617665369,427.7041620562354,True,True,False
eval_MoTaTiZrHf-HEA-DDRX-900C_TEM_largeFOV-DislocationCharacterization_0#15,ma_roma|direct|histmatch|s0,DislocationCharacterization,ma_roma,transform,440.474,9.996251163921599,427.7041620562354,True,True,True
eval_MoTaTiZrHf-HEA-DDRX-900C_TEM_largeFOV-DislocationCharacterization_0#15,ma_roma|direct|clahe|s0,DislocationCharacterization,ma_roma,transform,442.246,7.372483338897451,427.7041620562354,True,True,True
eval_MoTaTiZrHf-HEA-DDRX-900C_TEM_largeFOV-DislocationCharacterization_0#15,ma_roma|direct|gradmag|s0,DislocationCharacterization,ma_roma,transform,414.571,19.176832720899498,427.7041620562354,True,True,True
eval_MoTaTiZrHf-HEA-DDRX-900C_TEM_largeFOV-DislocationCharacterization_0#16,ma_roma|direct|none|s0,DislocationCharacterization,ma_roma,core,441.8,8.619711121920854,427.7041620562354,True,True,True
eval_MoTaTiZrHf-HEA-DDRX-900C_TEM_largeFOV-DislocationCharacterization_0#16,ma_roma|pyramid_v2|none|s0,DislocationCharacterization,ma_roma,core,441.8,8.619711121920854,427.7041620562354,True,True,True
eval_MoTaTiZrHf-HEA-DDRX-900C_TEM_largeFOV-DislocationCharacterization_0#16,ma_roma|direct|invert|s0,DislocationCharacterization,ma_roma,transform,415.23,19.430265546975264,427.7041620562354,True,True,True
eval_MoTaTiZrHf-HEA-DDRX-900C_TEM_largeFOV-DislocationCharacterization_0#16,ma_roma|direct|histmatch|s0,DislocationCharacterization,ma_roma,transform,439.466,16.01399657050829,427.7041620562354,True,True,True
eval_MoTaTiZrHf-HEA-DDRX-900C_TEM_largeFOV-DislocationCharacterization_0#16,ma_roma|direct|clahe|s0,DislocationCharacterization,ma_roma,transform,446.448,19.429705186640398,427.7041620562354,True,True,True
eval_MoTaTiZrHf-HEA-DDRX-900C_TEM_largeFOV-DislocationCharacterization_0#16,ma_roma|direct|gradmag|s0,DislocationCharacterization,ma_roma,transform,437.538,10.92487039485441,427.7041620562354,True,True,True
eval_MoTaTiZrHf-HEA-DDRX-900C_TEM_largeFOV-DislocationCharacterization_0#17,ma_roma|direct|none|s0,DislocationCharacterization,ma_roma,core,434.177,5.625427829907197,427.7041620562354,True,True,True
eval_MoTaTiZrHf-HEA-DDRX-900C_TEM_largeFOV-DislocationCharacterization_0#17,ma_roma|pyramid_v2|none|s0,DislocationCharacterization,ma_roma,core,434.177,5.625427829907197,427.7041620562354,True,True,True
eval_MoTaTiZrHf-HEA-DDRX-900C_TEM_largeFOV-DislocationCharacterization_0#17,ma_roma|direct|invert|s0,DislocationCharacterization,ma_roma,transform,414.596,29.976135861750073,427.7041620562354,True,True,False
eval_MoTaTiZrHf-HEA-DDRX-900C_TEM_largeFOV-DislocationCharacterization_0#17,ma_roma|direct|histmatch|s0,DislocationCharacterization,ma_roma,transform,449.116,28.619427048121196,427.7041620562354,True,True,False
eval_MoTaTiZrHf-HEA-DDRX-900C_TEM_largeFOV-DislocationCharacterization_0#17,ma_roma|direct|clahe|s0,DislocationCharacterization,ma_roma,transform,428.554,5.171963190608174,427.7041620562354,True,True,True
eval_MoTaTiZrHf-HEA-DDRX-900C_TEM_largeFOV-DislocationCharacterization_0#17,ma_roma|direct|gradmag|s0,DislocationCharacterization,ma_roma,transform,433.079,3.3319086286427018,427.7041620562354,True,True,True
eval_TRIP1-Bainitic_LOM_SEM_EBSD_Multiscale_0#0,ma_roma|direct|none|s0,Multiscale,ma_roma,core,1.354,1546.3919655329166,1546.8880551353102,False,False,False
eval_TRIP1-Bainitic_LOM_SEM_EBSD_Multiscale_0#0,ma_roma|pyramid_v2|none|s0,Multiscale,ma_roma,core,1.354,1546.3919655329166,1546.8880551353102,False,False,False
eval_TRIP1-Bainitic_LOM_SEM_EBSD_Multiscale_0#0,ma_roma|direct|invert|s0,Multiscale,ma_roma,transform,1.356,1546.9933564675835,1546.8880551353102,False,False,False
eval_TRIP1-Bainitic_LOM_SEM_EBSD_Multiscale_0#0,ma_roma|direct|histmatch|s0,Multiscale,ma_roma,transform,1.368,1546.4178643360688,1546.8880551353102,False,False,False
eval_TRIP1-Bainitic_LOM_SEM_EBSD_Multiscale_0#0,ma_roma|direct|clahe|s0,Multiscale,ma_roma,transform,1.369,1546.370494400781,1546.8880551353102,False,False,False
eval_TRIP1-Bainitic_LOM_SEM_EBSD_Multiscale_0#0,ma_roma|direct|gradmag|s0,Multiscale,ma_roma,transform,1.276,1546.6129918642482,1546.8880551353102,False,False,False
eval_TRIP1-Bainitic_LOM_SEM_EBSD_Multiscale_0#1,ma_roma|direct|none|s0,Multiscale,ma_roma,core,1.911,42.11239773088311,41.92651964922444,False,False,False
eval_TRIP1-Bainitic_LOM_SEM_EBSD_Multiscale_0#1,ma_roma|pyramid_v2|none|s0,Multiscale,ma_roma,core,1.911,42.11239773088311,41.92651964922444,False,False,False
eval_TRIP1-Bainitic_LOM_SEM_EBSD_Multiscale_0#1,ma_roma|direct|invert|s0,Multiscale,ma_roma,transform,3.376,42.71171634409906,41.92651964922444,False,False,False
eval_TRIP1-Bainitic_LOM_SEM_EBSD_Multiscale_0#1,ma_roma|direct|histmatch|s0,Multiscale,ma_roma,transform,1.916,42.12416600660357,41.92651964922444,False,False,False
eval_TRIP1-Bainitic_LOM_SEM_EBSD_Multiscale_0#1,ma_roma|direct|clahe|s0,Multiscale,ma_roma,transform,1.914,42.12656103830658,41.92651964922444,False,False,False
eval_TRIP1-Bainitic_LOM_SEM_EBSD_Multiscale_0#1,ma_roma|direct|gradmag|s0,Multiscale,ma_roma,transform,1.935,42.11962384710329,41.92651964922444,False,False,False
eval_TRIP1-Bainitic_LOM_SEM_EBSD_Multiscale_0#2,ma_roma|direct|none|s0,Multiscale,ma_roma,core,10.178,25.72382492723727,20.082746220152444,False,False,False
eval_TRIP1-Bainitic_LOM_SEM_EBSD_Multiscale_0#2,ma_roma|pyramid_v2|none|s0,Multiscale,ma_roma,core,10.178,25.72382492723727,20.082746220152444,False,False,False
eval_TRIP1-Bainitic_LOM_SEM_EBSD_Multiscale_0#2,ma_roma|direct|invert|s0,Multiscale,ma_roma,transform,10.111,24.98916766075826,20.082746220152444,False,False,False
eval_TRIP1-Bainitic_LOM_SEM_EBSD_Multiscale_0#2,ma_roma|direct|histmatch|s0,Multiscale,ma_roma,transform,10.219,25.697838846293894,20.082746220152444,False,False,False
eval_TRIP1-Bainitic_LOM_SEM_EBSD_Multiscale_0#2,ma_roma|direct|clahe|s0,Multiscale,ma_roma,transform,11.059,27.001137239600453,20.082746220152444,False,False,False
eval_TRIP1-Bainitic_LOM_SEM_EBSD_Multiscale_0#2,ma_roma|direct|gradmag|s0,Multiscale,ma_roma,transform,9.969,25.70133439482132,20.082746220152444,False,False,False
eval_TRIP1-Bainitic_LOM_SEM_EBSD_Multiscale_0#3,ma_roma|direct|none|s0,Multiscale,ma_roma,core,138.279,1051.1186333506273,975.1935200006224,False,False,False
eval_TRIP1-Bainitic_LOM_SEM_EBSD_Multiscale_0#3,ma_roma|pyramid_v2|none|s0,Multiscale,ma_roma,core,8.114,972.7616483547536,975.1935200006224,False,False,False
eval_TRIP1-Bainitic_LOM_SEM_EBSD_Multiscale_0#3,ma_roma|direct|invert|s0,Multiscale,ma_roma,transform,1692.28,1845.0542414980541,975.1935200006224,False,False,False
eval_TRIP1-Bainitic_LOM_SEM_EBSD_Multiscale_0#3,ma_roma|direct|histmatch|s0,Multiscale,ma_roma,transform,17.717,980.7448125408505,975.1935200006224,False,False,False
eval_TRIP1-Bainitic_LOM_SEM_EBSD_Multiscale_0#3,ma_roma|direct|clahe|s0,Multiscale,ma_roma,transform,480.174,2116.4645546114084,975.1935200006224,False,False,False
eval_TRIP1-Bainitic_LOM_SEM_EBSD_Multiscale_0#3,ma_roma|direct|gradmag|s0,Multiscale,ma_roma,transform,703.449,1722.6835709528427,975.1935200006224,False,False,False
eval_TRIP1-Bainitic_LOM_SEM_EBSD_Multiscale_0#4,ma_roma|direct|none|s0,Multiscale,ma_roma,core,840.675,2085.4702986564835,975.3427342073453,False,False,False
eval_TRIP1-Bainitic_LOM_SEM_EBSD_Multiscale_0#4,ma_roma|pyramid_v2|none|s0,Multiscale,ma_roma,core,840.675,2085.4702986564835,975.3427342073453,False,False,False
eval_TRIP1-Bainitic_LOM_SEM_EBSD_Multiscale_0#4,ma_roma|direct|invert|s0,Multiscale,ma_roma,transform,318.535,1195.9826177945006,975.3427342073453,False,False,False
eval_TRIP1-Bainitic_LOM_SEM_EBSD_Multiscale_0#4,ma_roma|direct|histmatch|s0,Multiscale,ma_roma,transform,332.504,1125.6112165935192,975.3427342073453,False,False,False
eval_TRIP1-Bainitic_LOM_SEM_EBSD_Multiscale_0#4,ma_roma|direct|clahe|s0,Multiscale,ma_roma,transform,68.107,900.9136117065533,975.3427342073453,False,False,False
eval_TRIP1-Bainitic_LOM_SEM_EBSD_Multiscale_0#4,ma_roma|direct|gradmag|s0,Multiscale,ma_roma,transform,273.647,1159.0047137129877,975.3427342073453,False,False,False
eval_TRIP1-Bainitic_LOM_SEM_EBSD_Multiscale_0#5,ma_roma|direct|none|s0,Multiscale,ma_roma,core,3079.769,3629.586074147051,974.5966727802365,False,False,False
eval_TRIP1-Bainitic_LOM_SEM_EBSD_Multiscale_0#5,ma_roma|pyramid_v2|none|s0,Multiscale,ma_roma,core,11.749,977.560124022885,974.5966727802365,False,False,False
eval_TRIP1-Bainitic_LOM_SEM_EBSD_Multiscale_0#5,ma_roma|direct|invert|s0,Multiscale,ma_roma,transform,600.737,1308.470219902136,974.5966727802365,False,False,False
eval_TRIP1-Bainitic_LOM_SEM_EBSD_Multiscale_0#5,ma_roma|direct|histmatch|s0,Multiscale,ma_roma,transform,959.49,1783.9987341739034,974.5966727802365,False,False,False
eval_TRIP1-Bainitic_LOM_SEM_EBSD_Multiscale_0#5,ma_roma|direct|clahe|s0,Multiscale,ma_roma,transform,887.391,1547.9314104028463,974.5966727802365,False,False,False
eval_TRIP1-Bainitic_LOM_SEM_EBSD_Multiscale_0#5,ma_roma|direct|gradmag|s0,Multiscale,ma_roma,transform,59.147,947.4724961017672,974.5966727802365,False,False,False
eval_TRIP1-Bainitic_LOM_SEM_EBSD_Multiscale_0#6,ma_roma|direct|none|s0,Multiscale,ma_roma,core,72.031,967.116429201047,974.5966727802365,False,False,False
eval_TRIP1-Bainitic_LOM_SEM_EBSD_Multiscale_0#6,ma_roma|pyramid_v2|none|s0,Multiscale,ma_roma,core,12.115,977.0265859589932,974.5966727802365,False,False,False
eval_TRIP1-Bainitic_LOM_SEM_EBSD_Multiscale_0#6,ma_roma|direct|invert|s0,Multiscale,ma_roma,transform,58.922,958.6459543177807,974.5966727802365,False,False,False
eval_TRIP1-Bainitic_LOM_SEM_EBSD_Multiscale_0#6,ma_roma|direct|histmatch|s0,Multiscale,ma_roma,transform,72.14,941.0346722942558,974.5966727802365,False,False,False
eval_TRIP1-Bainitic_LOM_SEM_EBSD_Multiscale_0#6,ma_roma|direct|clahe|s0,Multiscale,ma_roma,transform,14.117,969.2795028991648,974.5966727802365,False,False,False
eval_TRIP1-Bainitic_LOM_SEM_EBSD_Multiscale_0#6,ma_roma|direct|gradmag|s0,Multiscale,ma_roma,transform,282.105,852.1859077386152,974.5966727802365,False,False,False
eval_Ta-AM-Spalled_SEM-BSE_EBSD_SameSliceSerialSectioning_0#0,ma_roma|direct|none|s0,SerialSectioning,ma_roma,core,80.28,3571.1262659392232,3553.3886640913247,False,False,False
eval_Ta-AM-Spalled_SEM-BSE_EBSD_SameSliceSerialSectioning_0#0,ma_roma|pyramid_v2|none|s0,SerialSectioning,ma_roma,core,80.28,3571.1262659392232,3553.3886640913247,False,False,False
eval_Ta-AM-Spalled_SEM-BSE_EBSD_SameSliceSerialSectioning_0#0,ma_roma|direct|invert|s0,SerialSectioning,ma_roma,transform,60.539,3544.405853551421,3553.3886640913247,False,False,False
eval_Ta-AM-Spalled_SEM-BSE_EBSD_SameSliceSerialSectioning_0#0,ma_roma|direct|histmatch|s0,SerialSectioning,ma_roma,transform,80.124,3563.1221037781015,3553.3886640913247,False,False,False
eval_Ta-AM-Spalled_SEM-BSE_EBSD_SameSliceSerialSectioning_0#0,ma_roma|direct|clahe|s0,SerialSectioning,ma_roma,transform,78.146,3553.3677455265606,3553.3886640913247,False,False,False
eval_Ta-AM-Spalled_SEM-BSE_EBSD_SameSliceSerialSectioning_0#0,ma_roma|direct|gradmag|s0,SerialSectioning,ma_roma,transform,109.993,3498.110372751683,3553.3886640913247,False,False,False
eval_Ta-AM-Spalled_SEM-BSE_EBSD_SameSliceSerialSectioning_0#1,ma_roma|direct|none|s0,SerialSectioning,ma_roma,core,79.058,3563.1004624796296,3553.3886640913247,False,False,False
eval_Ta-AM-Spalled_SEM-BSE_EBSD_SameSliceSerialSectioning_0#1,ma_roma|pyramid_v2|none|s0,SerialSectioning,ma_roma,core,79.058,3563.1004624796296,3553.3886640913247,False,False,False
eval_Ta-AM-Spalled_SEM-BSE_EBSD_SameSliceSerialSectioning_0#1,ma_roma|direct|invert|s0,SerialSectioning,ma_roma,transform,120.405,3484.6187932663797,3553.3886640913247,False,False,False
eval_Ta-AM-Spalled_SEM-BSE_EBSD_SameSliceSerialSectioning_0#1,ma_roma|direct|histmatch|s0,SerialSectioning,ma_roma,transform,86.135,3561.2190717911667,3553.3886640913247,False,False,False
eval_Ta-AM-Spalled_SEM-BSE_EBSD_SameSliceSerialSectioning_0#1,ma_roma|direct|clahe|s0,SerialSectioning,ma_roma,transform,89.628,3573.5297593134087,3553.3886640913247,False,False,False
eval_Ta-AM-Spalled_SEM-BSE_EBSD_SameSliceSerialSectioning_0#1,ma_roma|direct|gradmag|s0,SerialSectioning,ma_roma,transform,231.323,3677.3171808332886,3553.3886640913247,False,False,False
eval_Ta-AM-Spalled_SEM-BSE_EBSD_SameSliceSerialSectioning_0#2,ma_roma|direct|none|s0,SerialSectioning,ma_roma,core,112.59,3543.165066869823,3553.3886640913247,False,False,False
eval_Ta-AM-Spalled_SEM-BSE_EBSD_SameSliceSerialSectioning_0#2,ma_roma|pyramid_v2|none|s0,SerialSectioning,ma_roma,core,112.59,3543.165066869823,3553.3886640913247,False,False,False
eval_Ta-AM-Spalled_SEM-BSE_EBSD_SameSliceSerialSectioning_0#2,ma_roma|direct|invert|s0,SerialSectioning,ma_roma,transform,85.395,3574.955898277324,3553.3886640913247,False,False,False
eval_Ta-AM-Spalled_SEM-BSE_EBSD_SameSliceSerialSectioning_0#2,ma_roma|direct|histmatch|s0,SerialSectioning,ma_roma,transform,98.49,3560.4190107322434,3553.3886640913247,False,False,False
eval_Ta-AM-Spalled_SEM-BSE_EBSD_SameSliceSerialSectioning_0#2,ma_roma|direct|clahe|s0,SerialSectioning,ma_roma,transform,84.358,3545.108128069715,3553.3886640913247,False,False,False
eval_Ta-AM-Spalled_SEM-BSE_EBSD_SameSliceSerialSectioning_0#2,ma_roma|direct|gradmag|s0,SerialSectioning,ma_roma,transform,148.116,3626.6485726273095,3553.3886640913247,False,False,False
eval_Ta-AM-Spalled_SEM-BSE_EBSD_SameSliceSerialSectioning_1#0,ma_roma|direct|none|s0,SerialSectioning,ma_roma,core,87.122,3253.801032516226,3254.437914113256,False,False,False
eval_Ta-AM-Spalled_SEM-BSE_EBSD_SameSliceSerialSectioning_1#0,ma_roma|pyramid_v2|none|s0,SerialSectioning,ma_roma,core,87.122,3253.801032516226,3254.437914113256,False,False,False
eval_Ta-AM-Spalled_SEM-BSE_EBSD_SameSliceSerialSectioning_1#0,ma_roma|direct|invert|s0,SerialSectioning,ma_roma,transform,92.062,3189.539730234623,3254.437914113256,False,False,False
eval_Ta-AM-Spalled_SEM-BSE_EBSD_SameSliceSerialSectioning_1#0,ma_roma|direct|histmatch|s0,SerialSectioning,ma_roma,transform,87.271,3265.1531117510067,3254.437914113256,False,False,False
eval_Ta-AM-Spalled_SEM-BSE_EBSD_SameSliceSerialSectioning_1#0,ma_roma|direct|clahe|s0,SerialSectioning,ma_roma,transform,59.507,3262.844087983257,3254.437914113256,False,False,False
eval_Ta-AM-Spalled_SEM-BSE_EBSD_SameSliceSerialSectioning_1#0,ma_roma|direct|gradmag|s0,SerialSectioning,ma_roma,transform,96.855,3320.421288741934,3254.437914113256,False,False,False
eval_Ta-AM-Spalled_SEM-BSE_EBSD_SameSliceSerialSectioning_1#1,ma_roma|direct|none|s0,SerialSectioning,ma_roma,core,104.562,3256.8319124322916,3254.437914113256,False,False,False
eval_Ta-AM-Spalled_SEM-BSE_EBSD_SameSliceSerialSectioning_1#1,ma_roma|pyramid_v2|none|s0,SerialSectioning,ma_roma,core,104.562,3256.8319124322916,3254.437914113256,False,False,False
eval_Ta-AM-Spalled_SEM-BSE_EBSD_SameSliceSerialSectioning_1#1,ma_roma|direct|invert|s0,SerialSectioning,ma_roma,transform,108.942,3255.8188382553367,3254.437914113256,False,False,False
eval_Ta-AM-Spalled_SEM-BSE_EBSD_SameSliceSerialSectioning_1#1,ma_roma|direct|histmatch|s0,SerialSectioning,ma_roma,transform,66.688,3269.7763391219196,3254.437914113256,False,False,False
eval_Ta-AM-Spalled_SEM-BSE_EBSD_SameSliceSerialSectioning_1#1,ma_roma|direct|clahe|s0,SerialSectioning,ma_roma,transform,116.733,3268.093975174763,3254.437914113256,False,False,False
eval_Ta-AM-Spalled_SEM-BSE_EBSD_SameSliceSerialSectioning_1#1,ma_roma|direct|gradmag|s0,SerialSectioning,ma_roma,transform,175.938,3341.3718922036774,3254.437914113256,False,False,False
eval_Ta-AM-Spalled_SEM-BSE_EBSD_SameSliceSerialSectioning_1#2,ma_roma|direct|none|s0,SerialSectioning,ma_roma,core,109.552,3322.4242244227485,3254.437914113256,False,False,False
eval_Ta-AM-Spalled_SEM-BSE_EBSD_SameSliceSerialSectioning_1#2,ma_roma|pyramid_v2|none|s0,SerialSectioning,ma_roma,core,109.552,3322.4242244227485,3254.437914113256,False,False,False
eval_Ta-AM-Spalled_SEM-BSE_EBSD_SameSliceSerialSectioning_1#2,ma_roma|direct|invert|s0,SerialSectioning,ma_roma,transform,70.119,3254.9301656129614,3254.437914113256,False,False,False
eval_Ta-AM-Spalled_SEM-BSE_EBSD_SameSliceSerialSectioning_1#2,ma_roma|direct|histmatch|s0,SerialSectioning,ma_roma,transform,115.039,3330.990504658826,3254.437914113256,False,False,False
eval_Ta-AM-Spalled_SEM-BSE_EBSD_SameSliceSerialSectioning_1#2,ma_roma|direct|clahe|s0,SerialSectioning,ma_roma,transform,76.597,3262.059866873251,3254.437914113256,False,False,False
eval_Ta-AM-Spalled_SEM-BSE_EBSD_SameSliceSerialSectioning_1#2,ma_roma|direct|gradmag|s0,SerialSectioning,ma_roma,transform,67.176,3263.6872138000354,3254.437914113256,False,False,False
eval_Ta-AM-Spalled_SEM-BSE_EBSD_SameSliceSerialSectioning_2#0,ma_roma|direct|none|s0,SerialSectioning,ma_roma,core,192.212,3335.379258818026,3235.854974060104,False,False,False
eval_Ta-AM-Spalled_SEM-BSE_EBSD_SameSliceSerialSectioning_2#0,ma_roma|pyramid_v2|none|s0,SerialSectioning,ma_roma,core,192.212,3335.379258818026,3235.854974060104,False,False,False
eval_Ta-AM-Spalled_SEM-BSE_EBSD_SameSliceSerialSectioning_2#0,ma_roma|direct|invert|s0,SerialSectioning,ma_roma,transform,182.481,3196.489422419926,3235.854974060104,False,False,False
eval_Ta-AM-Spalled_SEM-BSE_EBSD_SameSliceSerialSectioning_2#0,ma_roma|direct|histmatch|s0,SerialSectioning,ma_roma,transform,90.35,3262.246145723329,3235.854974060104,False,False,False
eval_Ta-AM-Spalled_SEM-BSE_EBSD_SameSliceSerialSectioning_2#0,ma_roma|direct|clahe|s0,SerialSectioning,ma_roma,transform,122.823,3279.478537461408,3235.854974060104,False,False,False
eval_Ta-AM-Spalled_SEM-BSE_EBSD_SameSliceSerialSectioning_2#0,ma_roma|direct|gradmag|s0,SerialSectioning,ma_roma,transform,103.326,3236.42392797253,3235.854974060104,False,False,False
eval_Ta-AM-Spalled_SEM-BSE_EBSD_SameSliceSerialSectioning_2#1,ma_roma|direct|none|s0,SerialSectioning,ma_roma,core,116.76,3190.926717472373,3235.854974060104,False,False,False
eval_Ta-AM-Spalled_SEM-BSE_EBSD_SameSliceSerialSectioning_2#1,ma_roma|pyramid_v2|none|s0,SerialSectioning,ma_roma,core,116.76,3190.926717472373,3235.854974060104,False,False,False
eval_Ta-AM-Spalled_SEM-BSE_EBSD_SameSliceSerialSectioning_2#1,ma_roma|direct|invert|s0,SerialSectioning,ma_roma,transform,146.307,3179.5771611112605,3235.854974060104,False,False,False
eval_Ta-AM-Spalled_SEM-BSE_EBSD_SameSliceSerialSectioning_2#1,ma_roma|direct|histmatch|s0,SerialSectioning,ma_roma,transform,153.147,3180.4921721599817,3235.854974060104,False,False,False
eval_Ta-AM-Spalled_SEM-BSE_EBSD_SameSliceSerialSectioning_2#1,ma_roma|direct|clahe|s0,SerialSectioning,ma_roma,transform,120.98,3178.1049568954063,3235.854974060104,False,False,False
eval_Ta-AM-Spalled_SEM-BSE_EBSD_SameSliceSerialSectioning_2#1,ma_roma|direct|gradmag|s0,SerialSectioning,ma_roma,transform,127.368,3358.4193873633003,3235.854974060104,False,False,False
eval_Ta-AM-Spalled_SEM-BSE_EBSD_SameSliceSerialSectioning_2#2,ma_roma|direct|none|s0,SerialSectioning,ma_roma,core,120.192,3261.20875009182,3235.854974060104,False,False,False
eval_Ta-AM-Spalled_SEM-BSE_EBSD_SameSliceSerialSectioning_2#2,ma_roma|pyramid_v2|none|s0,SerialSectioning,ma_roma,core,120.192,3261.20875009182,3235.854974060104,False,False,False
eval_Ta-AM-Spalled_SEM-BSE_EBSD_SameSliceSerialSectioning_2#2,ma_roma|direct|invert|s0,SerialSectioning,ma_roma,transform,248.113,3047.4216631524514,3235.854974060104,False,False,False
eval_Ta-AM-Spalled_SEM-BSE_EBSD_SameSliceSerialSectioning_2#2,ma_roma|direct|histmatch|s0,SerialSectioning,ma_roma,transform,79.919,3250.136776340813,3235.854974060104,False,False,False
eval_Ta-AM-Spalled_SEM-BSE_EBSD_SameSliceSerialSectioning_2#2,ma_roma|direct|clahe|s0,SerialSectioning,ma_roma,transform,149.343,3183.075954066889,3235.854974060104,False,False,False
eval_Ta-AM-Spalled_SEM-BSE_EBSD_SameSliceSerialSectioning_2#2,ma_roma|direct|gradmag|s0,SerialSectioning,ma_roma,transform,89.276,3250.255820291191,3235.854974060104,False,False,False
eval_Ti3AlC2-MAX-Phase_TEM_DislocationCharacterization_0#0,ma_roma|direct|none|s0,DislocationCharacterization,ma_roma,core,2.045,73.10230315345206,74.07887722377498,False,False,False
eval_Ti3AlC2-MAX-Phase_TEM_DislocationCharacterization_0#0,ma_roma|pyramid_v2|none|s0,DislocationCharacterization,ma_roma,core,2.045,73.10230315345206,74.07887722377498,False,False,False
eval_Ti3AlC2-MAX-Phase_TEM_DislocationCharacterization_0#0,ma_roma|direct|invert|s0,DislocationCharacterization,ma_roma,transform,2.17,73.30515688599206,74.07887722377498,False,False,False
eval_Ti3AlC2-MAX-Phase_TEM_DislocationCharacterization_0#0,ma_roma|direct|histmatch|s0,DislocationCharacterization,ma_roma,transform,2.074,73.48763817236589,74.07887722377498,False,False,False
eval_Ti3AlC2-MAX-Phase_TEM_DislocationCharacterization_0#0,ma_roma|direct|clahe|s0,DislocationCharacterization,ma_roma,transform,2.021,73.35413368028489,74.07887722377498,False,False,False
eval_Ti3AlC2-MAX-Phase_TEM_DislocationCharacterization_0#0,ma_roma|direct|gradmag|s0,DislocationCharacterization,ma_roma,transform,2.255,73.37248790542375,74.07887722377498,False,False,False
eval_Ti3AlC2-MAX-Phase_TEM_DislocationCharacterization_0#1,ma_roma|direct|none|s0,DislocationCharacterization,ma_roma,core,1.822,0.9801302813985953,1.2519457393431235,False,False,False
eval_Ti3AlC2-MAX-Phase_TEM_DislocationCharacterization_0#1,ma_roma|pyramid_v2|none|s0,DislocationCharacterization,ma_roma,core,1.822,0.9801302813985953,1.2519457393431235,False,False,False
eval_Ti3AlC2-MAX-Phase_TEM_DislocationCharacterization_0#1,ma_roma|direct|invert|s0,DislocationCharacterization,ma_roma,transform,1.909,1.0358029261372317,1.2519457393431235,False,False,False
eval_Ti3AlC2-MAX-Phase_TEM_DislocationCharacterization_0#1,ma_roma|direct|histmatch|s0,DislocationCharacterization,ma_roma,transform,1.816,1.0616208053659768,1.2519457393431235,False,False,False
eval_Ti3AlC2-MAX-Phase_TEM_DislocationCharacterization_0#1,ma_roma|direct|clahe|s0,DislocationCharacterization,ma_roma,transform,1.829,1.1637601065461025,1.2519457393431235,False,False,False
eval_Ti3AlC2-MAX-Phase_TEM_DislocationCharacterization_0#1,ma_roma|direct|gradmag|s0,DislocationCharacterization,ma_roma,transform,1.739,1.1833240328785886,1.2519457393431235,False,False,False
eval_Ti3AlC2-MAX-Phase_TEM_DislocationCharacterization_0#2,ma_roma|direct|none|s0,DislocationCharacterization,ma_roma,core,1.263,70.29852843385052,69.77706677883077,False,False,False
eval_Ti3AlC2-MAX-Phase_TEM_DislocationCharacterization_0#2,ma_roma|pyramid_v2|none|s0,DislocationCharacterization,ma_roma,core,1.263,70.29852843385052,69.77706677883077,False,False,False
eval_Ti3AlC2-MAX-Phase_TEM_DislocationCharacterization_0#2,ma_roma|direct|invert|s0,DislocationCharacterization,ma_roma,transform,1.235,70.16765990438988,69.77706677883077,False,False,False
eval_Ti3AlC2-MAX-Phase_TEM_DislocationCharacterization_0#2,ma_roma|direct|histmatch|s0,DislocationCharacterization,ma_roma,transform,1.264,70.15854770097805,69.77706677883077,False,False,False
eval_Ti3AlC2-MAX-Phase_TEM_DislocationCharacterization_0#2,ma_roma|direct|clahe|s0,DislocationCharacterization,ma_roma,transform,1.291,70.22568712694161,69.77706677883077,False,False,False
eval_Ti3AlC2-MAX-Phase_TEM_DislocationCharacterization_0#2,ma_roma|direct|gradmag|s0,DislocationCharacterization,ma_roma,transform,1.333,69.89463707134882,69.77706677883077,False,False,False
eval_X2CrNi12-Ferritic_SEM-SE-Stitch_EBSD_Fatigue-SameSlice_0#0,ma_roma|direct|none|s0,SameSlice,ma_roma,core,8.827,514.8714111563265,512.8066672981621,False,False,False
eval_X2CrNi12-Ferritic_SEM-SE-Stitch_EBSD_Fatigue-SameSlice_0#0,ma_roma|pyramid_v2|none|s0,SameSlice,ma_roma,core,8.827,514.8714111563265,512.8066672981621,False,False,False
eval_X2CrNi12-Ferritic_SEM-SE-Stitch_EBSD_Fatigue-SameSlice_0#0,ma_roma|direct|invert|s0,SameSlice,ma_roma,transform,9.477,511.9693222397143,512.8066672981621,False,False,False
eval_X2CrNi12-Ferritic_SEM-SE-Stitch_EBSD_Fatigue-SameSlice_0#0,ma_roma|direct|histmatch|s0,SameSlice,ma_roma,transform,8.892,514.4890521399578,512.8066672981621,False,False,False
eval_X2CrNi12-Ferritic_SEM-SE-Stitch_EBSD_Fatigue-SameSlice_0#0,ma_roma|direct|clahe|s0,SameSlice,ma_roma,transform,8.89,513.7116416061751,512.8066672981621,False,False,False
eval_X2CrNi12-Ferritic_SEM-SE-Stitch_EBSD_Fatigue-SameSlice_0#0,ma_roma|direct|gradmag|s0,SameSlice,ma_roma,transform,9.032,514.4180247345574,512.8066672981621,False,False,False
eval_X2CrNi12-Ferritic_SEM-SE-Stitch_EBSD_Fatigue-SameSlice_0#1,ma_roma|direct|none|s0,SameSlice,ma_roma,core,24.454,3564.6502993548174,3549.567300432973,False,False,False
eval_X2CrNi12-Ferritic_SEM-SE-Stitch_EBSD_Fatigue-SameSlice_0#1,ma_roma|pyramid_v2|none|s0,SameSlice,ma_roma,core,24.454,3564.6502993548174,3549.567300432973,False,False,False
eval_X2CrNi12-Ferritic_SEM-SE-Stitch_EBSD_Fatigue-SameSlice_0#1,ma_roma|direct|invert|s0,SameSlice,ma_roma,transform,19.764,3558.5366944084262,3549.567300432973,False,False,False
eval_X2CrNi12-Ferritic_SEM-SE-Stitch_EBSD_Fatigue-SameSlice_0#1,ma_roma|direct|histmatch|s0,SameSlice,ma_roma,transform,23.743,3564.9740811966412,3549.567300432973,False,False,False
eval_X2CrNi12-Ferritic_SEM-SE-Stitch_EBSD_Fatigue-SameSlice_0#1,ma_roma|direct|clahe|s0,SameSlice,ma_roma,transform,23.912,3563.247147082754,3549.567300432973,False,False,False
eval_X2CrNi12-Ferritic_SEM-SE-Stitch_EBSD_Fatigue-SameSlice_0#1,ma_roma|direct|gradmag|s0,SameSlice,ma_roma,transform,27.543,3562.575475667221,3549.567300432973,False,False,False
eval_X2CrNi12-Ferritic_SEM-SE-Stitch_EBSD_Fatigue-SameSlice_0#2,ma_roma|direct|none|s0,SameSlice,ma_roma,core,23.485,3566.0587427567248,3549.567300432973,False,False,False
eval_X2CrNi12-Ferritic_SEM-SE-Stitch_EBSD_Fatigue-SameSlice_0#2,ma_roma|pyramid_v2|none|s0,SameSlice,ma_roma,core,23.485,3566.0587427567248,3549.567300432973,False,False,False
eval_X2CrNi12-Ferritic_SEM-SE-Stitch_EBSD_Fatigue-SameSlice_0#2,ma_roma|direct|invert|s0,SameSlice,ma_roma,transform,27.339,3566.476729300015,3549.567300432973,False,False,False
eval_X2CrNi12-Ferritic_SEM-SE-Stitch_EBSD_Fatigue-SameSlice_0#2,ma_roma|direct|histmatch|s0,SameSlice,ma_roma,transform,26.299,3569.256834394434,3549.567300432973,False,False,False
eval_X2CrNi12-Ferritic_SEM-SE-Stitch_EBSD_Fatigue-SameSlice_0#2,ma_roma|direct|clahe|s0,SameSlice,ma_roma,transform,27.018,3564.52309809912,3549.567300432973,False,False,False
eval_X2CrNi12-Ferritic_SEM-SE-Stitch_EBSD_Fatigue-SameSlice_0#2,ma_roma|direct|gradmag|s0,SameSlice,ma_roma,transform,100.162,3544.254435035938,3549.567300432973,False,False,False
eval_X2CrNi12-Ferritic_SEM-SE-Stitch_EBSD_Fatigue-SameSlice_0#3,ma_roma|direct|none|s0,SameSlice,ma_roma,core,27.325,3183.063784055522,3161.008099797329,False,False,False
eval_X2CrNi12-Ferritic_SEM-SE-Stitch_EBSD_Fatigue-SameSlice_0#3,ma_roma|pyramid_v2|none|s0,SameSlice,ma_roma,core,27.325,3183.063784055522,3161.008099797329,False,False,False
eval_X2CrNi12-Ferritic_SEM-SE-Stitch_EBSD_Fatigue-SameSlice_0#3,ma_roma|direct|invert|s0,SameSlice,ma_roma,transform,29.881,3186.3006322717674,3161.008099797329,False,False,False
eval_X2CrNi12-Ferritic_SEM-SE-Stitch_EBSD_Fatigue-SameSlice_0#3,ma_roma|direct|histmatch|s0,SameSlice,ma_roma,transform,26.581,3182.408939076003,3161.008099797329,False,False,False
eval_X2CrNi12-Ferritic_SEM-SE-Stitch_EBSD_Fatigue-SameSlice_0#3,ma_roma|direct|clahe|s0,SameSlice,ma_roma,transform,26.606,3179.074753869067,3161.008099797329,False,False,False
eval_X2CrNi12-Ferritic_SEM-SE-Stitch_EBSD_Fatigue-SameSlice_0#3,ma_roma|direct|gradmag|s0,SameSlice,ma_roma,transform,37.474,3181.5951342919107,3161.008099797329,False,False,False
eval_X2CrNi12-Ferritic_SEM-SE-Stitch_EBSD_Fatigue-SameSlice_0#4,ma_roma|direct|none|s0,SameSlice,ma_roma,core,33.92,3179.812673933952,3161.008099797329,False,False,False
eval_X2CrNi12-Ferritic_SEM-SE-Stitch_EBSD_Fatigue-SameSlice_0#4,ma_roma|pyramid_v2|none|s0,SameSlice,ma_roma,core,33.92,3179.812673933952,3161.008099797329,False,False,False
eval_X2CrNi12-Ferritic_SEM-SE-Stitch_EBSD_Fatigue-SameSlice_0#4,ma_roma|direct|invert|s0,SameSlice,ma_roma,transform,34.054,3179.1901806558867,3161.008099797329,False,False,False
eval_X2CrNi12-Ferritic_SEM-SE-Stitch_EBSD_Fatigue-SameSlice_0#4,ma_roma|direct|histmatch|s0,SameSlice,ma_roma,transform,25.884,3178.372406032333,3161.008099797329,False,False,False
eval_X2CrNi12-Ferritic_SEM-SE-Stitch_EBSD_Fatigue-SameSlice_0#4,ma_roma|direct|clahe|s0,SameSlice,ma_roma,transform,34.898,3178.6308149813835,3161.008099797329,False,False,False
eval_X2CrNi12-Ferritic_SEM-SE-Stitch_EBSD_Fatigue-SameSlice_0#4,ma_roma|direct|gradmag|s0,SameSlice,ma_roma,transform,33.488,3178.912189982477,3161.008099797329,False,False,False
eval_5842WCu-Spalled_SEM-SE_SEM-BSE_Multiscale_0#0,roma|direct|none|s0,Multiscale,roma,core,2.971,1640.951138569073,1640.9157118787784,False,False,False
eval_5842WCu-Spalled_SEM-SE_SEM-BSE_Multiscale_0#0,roma|pyramid_v2|none|s0,Multiscale,roma,core,1.915,1640.385782109184,1640.9157118787784,False,False,False
eval_5842WCu-Spalled_SEM-SE_SEM-BSE_Multiscale_0#0,roma|direct|invert|s0,Multiscale,roma,transform,560.745,2040.4690377208005,1640.9157118787784,False,False,False
eval_5842WCu-Spalled_SEM-SE_SEM-BSE_Multiscale_0#0,roma|direct|histmatch|s0,Multiscale,roma,transform,33.721,1624.2161098973966,1640.9157118787784,False,False,False
eval_5842WCu-Spalled_SEM-SE_SEM-BSE_Multiscale_0#0,roma|direct|clahe|s0,Multiscale,roma,transform,6.409,1634.4737027471501,1640.9157118787784,False,False,False
eval_5842WCu-Spalled_SEM-SE_SEM-BSE_Multiscale_0#0,roma|direct|gradmag|s0,Multiscale,roma,transform,78.084,1670.7540897603667,1640.9157118787784,False,False,False
eval_AF9628-Martensitic_SEM-SE-Stitch_EBSD_SameSlice_0#0,roma|direct|none|s0,SameSlice,roma,core,8.895,4373.828096493778,4379.665287698245,False,False,False
eval_AF9628-Martensitic_SEM-SE-Stitch_EBSD_SameSlice_0#0,roma|pyramid_v2|none|s0,SameSlice,roma,core,8.895,4373.828096493778,4379.665287698245,False,False,False
eval_AF9628-Martensitic_SEM-SE-Stitch_EBSD_SameSlice_0#0,roma|direct|invert|s0,SameSlice,roma,transform,5.468,4378.49230694821,4379.665287698245,False,False,False
eval_AF9628-Martensitic_SEM-SE-Stitch_EBSD_SameSlice_0#0,roma|direct|histmatch|s0,SameSlice,roma,transform,32.704,4355.527777902846,4379.665287698245,False,False,False
eval_AF9628-Martensitic_SEM-SE-Stitch_EBSD_SameSlice_0#0,roma|direct|clahe|s0,SameSlice,roma,transform,16.65,4373.795414519848,4379.665287698245,False,False,False
eval_AF9628-Martensitic_SEM-SE-Stitch_EBSD_SameSlice_0#0,roma|direct|gradmag|s0,SameSlice,roma,transform,5.463,4378.921705620564,4379.665287698245,False,False,False
eval_AF9628-Martensitic_SEM-SE-Stitch_EBSD_SameSlice_0#1,roma|direct|none|s0,SameSlice,roma,core,709.984,4836.155560266684,4379.665287698245,False,False,False
eval_AF9628-Martensitic_SEM-SE-Stitch_EBSD_SameSlice_0#1,roma|pyramid_v2|none|s0,SameSlice,roma,core,709.984,4836.155560266684,4379.665287698245,False,False,False
eval_AF9628-Martensitic_SEM-SE-Stitch_EBSD_SameSlice_0#1,roma|direct|invert|s0,SameSlice,roma,transform,27.212,4379.4929979968965,4379.665287698245,False,False,False
eval_AF9628-Martensitic_SEM-SE-Stitch_EBSD_SameSlice_0#1,roma|direct|histmatch|s0,SameSlice,roma,transform,730.828,5430.463502868723,4379.665287698245,False,False,False
eval_AF9628-Martensitic_SEM-SE-Stitch_EBSD_SameSlice_0#1,roma|direct|clahe|s0,SameSlice,roma,transform,969.989,4931.166427539257,4379.665287698245,False,False,False
eval_AF9628-Martensitic_SEM-SE-Stitch_EBSD_SameSlice_0#1,roma|direct|gradmag|s0,SameSlice,roma,transform,1336.899,5786.105543015587,4379.665287698245,False,False,False
eval_AF9628-Martensitic_SEM-SE-Stitch_EBSD_SameSlice_0#2,roma|direct|none|s0,SameSlice,roma,core,5.225,4379.6941049530615,4379.665287698245,False,False,False
eval_AF9628-Martensitic_SEM-SE-Stitch_EBSD_SameSlice_0#2,roma|pyramid_v2|none|s0,SameSlice,roma,core,5.225,4379.6941049530615,4379.665287698245,False,False,False
eval_AF9628-Martensitic_SEM-SE-Stitch_EBSD_SameSlice_0#2,roma|direct|invert|s0,SameSlice,roma,transform,18.733,4381.868252960949,4379.665287698245,False,False,False
eval_AF9628-Martensitic_SEM-SE-Stitch_EBSD_SameSlice_0#2,roma|direct|histmatch|s0,SameSlice,roma,transform,6.435,4381.527416902063,4379.665287698245,False,False,False
eval_AF9628-Martensitic_SEM-SE-Stitch_EBSD_SameSlice_0#2,roma|direct|clahe|s0,SameSlice,roma,transform,76.334,4377.896981099418,4379.665287698245,False,False,False
eval_AF9628-Martensitic_SEM-SE-Stitch_EBSD_SameSlice_0#2,roma|direct|gradmag|s0,SameSlice,roma,transform,1187.198,3533.6268149607295,4379.665287698245,False,False,False
eval_AF9628-Martensitic_SEM-SE-Stitch_EBSD_SameSlice_1#0,roma|direct|none|s0,SameSlice,roma,core,4.75,3795.158524160822,3794.057868227916,False,False,False
eval_AF9628-Martensitic_SEM-SE-Stitch_EBSD_SameSlice_1#0,roma|pyramid_v2|none|s0,SameSlice,roma,core,4.75,3795.158524160822,3794.057868227916,False,False,False
eval_AF9628-Martensitic_SEM-SE-Stitch_EBSD_SameSlice_1#0,roma|direct|invert|s0,SameSlice,roma,transform,4.507,3793.2945304932377,3794.057868227916,False,False,False
eval_AF9628-Martensitic_SEM-SE-Stitch_EBSD_SameSlice_1#0,roma|direct|histmatch|s0,SameSlice,roma,transform,5.593,3793.399081406108,3794.057868227916,False,False,False
eval_AF9628-Martensitic_SEM-SE-Stitch_EBSD_SameSlice_1#0,roma|direct|clahe|s0,SameSlice,roma,transform,5.106,3795.6271955066845,3794.057868227916,False,False,False
eval_AF9628-Martensitic_SEM-SE-Stitch_EBSD_SameSlice_1#0,roma|direct|gradmag|s0,SameSlice,roma,transform,4.424,3793.9794473303064,3794.057868227916,False,False,False
eval_AF9628-Martensitic_SEM-SE-Stitch_EBSD_SameSlice_1#1,roma|direct|none|s0,SameSlice,roma,core,76.879,3816.3721679927235,3794.057868227916,False,False,False
eval_AF9628-Martensitic_SEM-SE-Stitch_EBSD_SameSlice_1#1,roma|pyramid_v2|none|s0,SameSlice,roma,core,76.879,3816.3721679927235,3794.057868227916,False,False,False
eval_AF9628-Martensitic_SEM-SE-Stitch_EBSD_SameSlice_1#1,roma|direct|invert|s0,SameSlice,roma,transform,12.111,3800.470616273863,3794.057868227916,False,False,False
eval_AF9628-Martensitic_SEM-SE-Stitch_EBSD_SameSlice_1#1,roma|direct|histmatch|s0,SameSlice,roma,transform,5.613,3796.205341806914,3794.057868227916,False,False,False
eval_AF9628-Martensitic_SEM-SE-Stitch_EBSD_SameSlice_1#1,roma|direct|clahe|s0,SameSlice,roma,transform,5.974,3794.203224841786,3794.057868227916,False,False,False
eval_AF9628-Martensitic_SEM-SE-Stitch_EBSD_SameSlice_1#1,roma|direct|gradmag|s0,SameSlice,roma,transform,56.139,3825.516933316856,3794.057868227916,False,False,False
eval_AF9628-Martensitic_SEM-SE-Stitch_EBSD_SameSlice_1#2,roma|direct|none|s0,SameSlice,roma,core,4.425,3794.443990145321,3794.057868227916,False,False,False
eval_AF9628-Martensitic_SEM-SE-Stitch_EBSD_SameSlice_1#2,roma|pyramid_v2|none|s0,SameSlice,roma,core,4.425,3794.443990145321,3794.057868227916,False,False,False
eval_AF9628-Martensitic_SEM-SE-Stitch_EBSD_SameSlice_1#2,roma|direct|invert|s0,SameSlice,roma,transform,4.98,3794.0854551917528,3794.057868227916,False,False,False
eval_AF9628-Martensitic_SEM-SE-Stitch_EBSD_SameSlice_1#2,roma|direct|histmatch|s0,SameSlice,roma,transform,4.452,3794.181107044232,3794.057868227916,False,False,False
eval_AF9628-Martensitic_SEM-SE-Stitch_EBSD_SameSlice_1#2,roma|direct|clahe|s0,SameSlice,roma,transform,4.554,3793.9540050158303,3794.057868227916,False,False,False
eval_AF9628-Martensitic_SEM-SE-Stitch_EBSD_SameSlice_1#2,roma|direct|gradmag|s0,SameSlice,roma,transform,4.279,3793.7507282105735,3794.057868227916,False,False,False
eval_AF9628-Martensitic_SEM-SE-Stitch_EBSD_SameSlice_2#0,roma|direct|none|s0,SameSlice,roma,core,4.091,3167.79773738213,3166.362747256587,False,False,False
eval_AF9628-Martensitic_SEM-SE-Stitch_EBSD_SameSlice_2#0,roma|pyramid_v2|none|s0,SameSlice,roma,core,4.091,3167.79773738213,3166.362747256587,False,False,False
eval_AF9628-Martensitic_SEM-SE-Stitch_EBSD_SameSlice_2#0,roma|direct|invert|s0,SameSlice,roma,transform,3.596,3166.8669361153375,3166.362747256587,False,False,False
eval_AF9628-Martensitic_SEM-SE-Stitch_EBSD_SameSlice_2#0,roma|direct|histmatch|s0,SameSlice,roma,transform,4.313,3167.368682982258,3166.362747256587,False,False,False
eval_AF9628-Martensitic_SEM-SE-Stitch_EBSD_SameSlice_2#0,roma|direct|clahe|s0,SameSlice,roma,transform,4.309,3167.5006667234875,3166.362747256587,False,False,False
eval_AF9628-Martensitic_SEM-SE-Stitch_EBSD_SameSlice_2#0,roma|direct|gradmag|s0,SameSlice,roma,transform,3.58,3166.921831842135,3166.362747256587,False,False,False
eval_AF9628-Martensitic_SEM-SE-Stitch_EBSD_SameSlice_2#1,roma|direct|none|s0,SameSlice,roma,core,121.876,3191.8545307044724,3166.362747256587,False,False,False
eval_AF9628-Martensitic_SEM-SE-Stitch_EBSD_SameSlice_2#1,roma|pyramid_v2|none|s0,SameSlice,roma,core,121.876,3191.8545307044724,3166.362747256587,False,False,False
eval_AF9628-Martensitic_SEM-SE-Stitch_EBSD_SameSlice_2#1,roma|direct|invert|s0,SameSlice,roma,transform,31.42,3186.2167449369676,3166.362747256587,False,False,False
eval_AF9628-Martensitic_SEM-SE-Stitch_EBSD_SameSlice_2#1,roma|direct|histmatch|s0,SameSlice,roma,transform,29.965,3146.5455770055064,3166.362747256587,False,False,False
eval_AF9628-Martensitic_SEM-SE-Stitch_EBSD_SameSlice_2#1,roma|direct|clahe|s0,SameSlice,roma,transform,24.059,3157.12999955799,3166.362747256587,False,False,False
eval_AF9628-Martensitic_SEM-SE-Stitch_EBSD_SameSlice_2#1,roma|direct|gradmag|s0,SameSlice,roma,transform,508.187,3572.003144076696,3166.362747256587,False,False,False
eval_AF9628-Martensitic_SEM-SE-Stitch_EBSD_SameSlice_2#2,roma|direct|none|s0,SameSlice,roma,core,3.733,3167.102553658682,3166.362747256587,False,False,False
eval_AF9628-Martensitic_SEM-SE-Stitch_EBSD_SameSlice_2#2,roma|pyramid_v2|none|s0,SameSlice,roma,core,3.733,3167.102553658682,3166.362747256587,False,False,False
eval_AF9628-Martensitic_SEM-SE-Stitch_EBSD_SameSlice_2#2,roma|direct|invert|s0,SameSlice,roma,transform,3.597,3167.191252295732,3166.362747256587,False,False,False
eval_AF9628-Martensitic_SEM-SE-Stitch_EBSD_SameSlice_2#2,roma|direct|histmatch|s0,SameSlice,roma,transform,3.839,3166.839118041372,3166.362747256587,False,False,False
eval_AF9628-Martensitic_SEM-SE-Stitch_EBSD_SameSlice_2#2,roma|direct|clahe|s0,SameSlice,roma,transform,3.772,3167.0309395805652,3166.362747256587,False,False,False
eval_AF9628-Martensitic_SEM-SE-Stitch_EBSD_SameSlice_2#2,roma|direct|gradmag|s0,SameSlice,roma,transform,3.929,3167.175406309496,3166.362747256587,False,False,False
eval_AF9628-Martensitic_SEM-SE-Stitch_EBSD_SameSlice_3#0,roma|direct|none|s0,SameSlice,roma,core,17.721,3599.470066404694,3605.988497472302,False,False,False
eval_AF9628-Martensitic_SEM-SE-Stitch_EBSD_SameSlice_3#0,roma|pyramid_v2|none|s0,SameSlice,roma,core,17.721,3599.470066404694,3605.988497472302,False,False,False
eval_AF9628-Martensitic_SEM-SE-Stitch_EBSD_SameSlice_3#0,roma|direct|invert|s0,SameSlice,roma,transform,14.68,3601.6472853635414,3605.988497472302,False,False,False
eval_AF9628-Martensitic_SEM-SE-Stitch_EBSD_SameSlice_3#0,roma|direct|histmatch|s0,SameSlice,roma,transform,17.104,3604.5392400568885,3605.988497472302,False,False,False
eval_AF9628-Martensitic_SEM-SE-Stitch_EBSD_SameSlice_3#0,roma|direct|clahe|s0,SameSlice,roma,transform,16.867,3604.0244440509914,3605.988497472302,False,False,False
eval_AF9628-Martensitic_SEM-SE-Stitch_EBSD_SameSlice_3#0,roma|direct|gradmag|s0,SameSlice,roma,transform,14.529,3601.6002443310545,3605.988497472302,False,False,False
eval_AF9628-Martensitic_SEM-SE-Stitch_EBSD_SameSlice_3#1,roma|direct|none|s0,SameSlice,roma,core,24.325,3619.764197236359,3605.988497472302,False,False,False
eval_AF9628-Martensitic_SEM-SE-Stitch_EBSD_SameSlice_3#1,roma|pyramid_v2|none|s0,SameSlice,roma,core,24.325,3619.764197236359,3605.988497472302,False,False,False
eval_AF9628-Martensitic_SEM-SE-Stitch_EBSD_SameSlice_3#1,roma|direct|invert|s0,SameSlice,roma,transform,123.871,3704.868679704085,3605.988497472302,False,False,False
eval_AF9628-Martensitic_SEM-SE-Stitch_EBSD_SameSlice_3#1,roma|direct|histmatch|s0,SameSlice,roma,transform,20.594,3603.8643387549173,3605.988497472302,False,False,False
eval_AF9628-Martensitic_SEM-SE-Stitch_EBSD_SameSlice_3#1,roma|direct|clahe|s0,SameSlice,roma,transform,21.805,3606.6251662725826,3605.988497472302,False,False,False
eval_AF9628-Martensitic_SEM-SE-Stitch_EBSD_SameSlice_3#1,roma|direct|gradmag|s0,SameSlice,roma,transform,38.896,3601.255681880033,3605.988497472302,False,False,False
eval_AF9628-Martensitic_SEM-SE-Stitch_EBSD_SameSlice_3#2,roma|direct|none|s0,SameSlice,roma,core,15.128,3602.5074442000605,3605.988497472302,False,False,False
eval_AF9628-Martensitic_SEM-SE-Stitch_EBSD_SameSlice_3#2,roma|pyramid_v2|none|s0,SameSlice,roma,core,15.128,3602.5074442000605,3605.988497472302,False,False,False
eval_AF9628-Martensitic_SEM-SE-Stitch_EBSD_SameSlice_3#2,roma|direct|invert|s0,SameSlice,roma,transform,14.116,3603.6827453941237,3605.988497472302,False,False,False
eval_AF9628-Martensitic_SEM-SE-Stitch_EBSD_SameSlice_3#2,roma|direct|histmatch|s0,SameSlice,roma,transform,15.072,3602.469252018958,3605.988497472302,False,False,False
eval_AF9628-Martensitic_SEM-SE-Stitch_EBSD_SameSlice_3#2,roma|direct|clahe|s0,SameSlice,roma,transform,15.298,3601.9569189334243,3605.988497472302,False,False,False
eval_AF9628-Martensitic_SEM-SE-Stitch_EBSD_SameSlice_3#2,roma|direct|gradmag|s0,SameSlice,roma,transform,15.543,3600.396498025182,3605.988497472302,False,False,False
eval_AF9628-Martensitic_SEM-SE-Stitch_EBSD_SameSlice_4#0,roma|direct|none|s0,SameSlice,roma,core,6.243,3964.590779582595,3964.3365470616873,False,False,False
eval_AF9628-Martensitic_SEM-SE-Stitch_EBSD_SameSlice_4#0,roma|pyramid_v2|none|s0,SameSlice,roma,core,6.243,3964.590779582595,3964.3365470616873,False,False,False
eval_AF9628-Martensitic_SEM-SE-Stitch_EBSD_SameSlice_4#0,roma|direct|invert|s0,SameSlice,roma,transform,6.557,3962.012003928367,3964.3365470616873,False,False,False
eval_AF9628-Martensitic_SEM-SE-Stitch_EBSD_SameSlice_4#0,roma|direct|histmatch|s0,SameSlice,roma,transform,6.442,3964.5745410320997,3964.3365470616873,False,False,False
eval_AF9628-Martensitic_SEM-SE-Stitch_EBSD_SameSlice_4#0,roma|direct|clahe|s0,SameSlice,roma,transform,6.418,3964.518786370065,3964.3365470616873,False,False,False
eval_AF9628-Martensitic_SEM-SE-Stitch_EBSD_SameSlice_4#0,roma|direct|gradmag|s0,SameSlice,roma,transform,6.016,3962.7290678309305,3964.3365470616873,False,False,False
eval_AF9628-Martensitic_SEM-SE-Stitch_EBSD_SameSlice_4#1,roma|direct|none|s0,SameSlice,roma,core,124.152,3946.855478308561,3964.3365470616873,False,False,False
eval_AF9628-Martensitic_SEM-SE-Stitch_EBSD_SameSlice_4#1,roma|pyramid_v2|none|s0,SameSlice,roma,core,124.152,3946.855478308561,3964.3365470616873,False,False,False
eval_AF9628-Martensitic_SEM-SE-Stitch_EBSD_SameSlice_4#1,roma|direct|invert|s0,SameSlice,roma,transform,33.672,3958.642774786725,3964.3365470616873,False,False,False
eval_AF9628-Martensitic_SEM-SE-Stitch_EBSD_SameSlice_4#1,roma|direct|histmatch|s0,SameSlice,roma,transform,26.478,3961.7664055544783,3964.3365470616873,False,False,False
eval_AF9628-Martensitic_SEM-SE-Stitch_EBSD_SameSlice_4#1,roma|direct|clahe|s0,SameSlice,roma,transform,44.164,3985.14489935879,3964.3365470616873,False,False,False
eval_AF9628-Martensitic_SEM-SE-Stitch_EBSD_SameSlice_4#1,roma|direct|gradmag|s0,SameSlice,roma,transform,109.77,3913.8293255701133,3964.3365470616873,False,False,False
eval_AF9628-Martensitic_SEM-SE-Stitch_EBSD_SameSlice_4#2,roma|direct|none|s0,SameSlice,roma,core,6.337,3963.384747091589,3964.3365470616873,False,False,False
eval_AF9628-Martensitic_SEM-SE-Stitch_EBSD_SameSlice_4#2,roma|pyramid_v2|none|s0,SameSlice,roma,core,6.337,3963.384747091589,3964.3365470616873,False,False,False
eval_AF9628-Martensitic_SEM-SE-Stitch_EBSD_SameSlice_4#2,roma|direct|invert|s0,SameSlice,roma,transform,6.203,3963.053565262417,3964.3365470616873,False,False,False
eval_AF9628-Martensitic_SEM-SE-Stitch_EBSD_SameSlice_4#2,roma|direct|histmatch|s0,SameSlice,roma,transform,6.374,3963.0938468227887,3964.3365470616873,False,False,False
eval_AF9628-Martensitic_SEM-SE-Stitch_EBSD_SameSlice_4#2,roma|direct|clahe|s0,SameSlice,roma,transform,6.292,3963.28858130888,3964.3365470616873,False,False,False
eval_AF9628-Martensitic_SEM-SE-Stitch_EBSD_SameSlice_4#2,roma|direct|gradmag|s0,SameSlice,roma,transform,5.993,3962.7938748865045,3964.3365470616873,False,False,False
eval_C103_SEM-SE_LOM-DC-Height_FractureSurfaces_0#0,roma|direct|none|s0,FractureSurfaces,roma,core,1212.718,1732.5246469610588,1739.5512772071381,False,False,False
eval_C103_SEM-SE_LOM-DC-Height_FractureSurfaces_0#0,roma|pyramid_v2|none|s0,FractureSurfaces,roma,core,1212.718,1732.5246469610588,1739.5512772071381,False,False,False
eval_C103_SEM-SE_LOM-DC-Height_FractureSurfaces_0#0,roma|direct|invert|s0,FractureSurfaces,roma,transform,1120.998,1373.6403210615133,1739.5512772071381,False,False,False
eval_C103_SEM-SE_LOM-DC-Height_FractureSurfaces_0#0,roma|direct|histmatch|s0,FractureSurfaces,roma,transform,1163.692,1491.8903229702532,1739.5512772071381,False,False,False
eval_C103_SEM-SE_LOM-DC-Height_FractureSurfaces_0#0,roma|direct|clahe|s0,FractureSurfaces,roma,transform,1067.134,1467.7329349899458,1739.5512772071381,False,False,False
eval_C103_SEM-SE_LOM-DC-Height_FractureSurfaces_0#0,roma|direct|gradmag|s0,FractureSurfaces,roma,transform,437.651,1527.2276641789492,1739.5512772071381,False,False,False
eval_C103_SEM-SE_LOM-DC-Height_FractureSurfaces_0#1,roma|direct|none|s0,FractureSurfaces,roma,core,1247.031,2156.7945884723017,1739.5512772071381,False,False,False
eval_C103_SEM-SE_LOM-DC-Height_FractureSurfaces_0#1,roma|pyramid_v2|none|s0,FractureSurfaces,roma,core,1635.04,3691.101225813398,1739.5512772071381,False,False,False
eval_C103_SEM-SE_LOM-DC-Height_FractureSurfaces_0#1,roma|direct|invert|s0,FractureSurfaces,roma,transform,832.385,730.4422719837676,1739.5512772071381,False,False,False
eval_C103_SEM-SE_LOM-DC-Height_FractureSurfaces_0#1,roma|direct|histmatch|s0,FractureSurfaces,roma,transform,6343.127,7130.617665052924,1739.5512772071381,False,False,False
eval_C103_SEM-SE_LOM-DC-Height_FractureSurfaces_0#1,roma|direct|clahe|s0,FractureSurfaces,roma,transform,1276.947,1480.8273839376604,1739.5512772071381,False,False,False
eval_C103_SEM-SE_LOM-DC-Height_FractureSurfaces_0#1,roma|direct|gradmag|s0,FractureSurfaces,roma,transform,1081.399,1567.1156965999246,1739.5512772071381,False,False,False
eval_C103_SEM-SE_LOM-DC-Height_FractureSurfaces_1#0,roma|direct|none|s0,FractureSurfaces,roma,core,537.985,2474.466388467803,2760.9479899659173,False,False,False
eval_C103_SEM-SE_LOM-DC-Height_FractureSurfaces_1#0,roma|pyramid_v2|none|s0,FractureSurfaces,roma,core,939.586,1932.520591548848,2760.9479899659173,False,False,False
eval_C103_SEM-SE_LOM-DC-Height_FractureSurfaces_1#0,roma|direct|invert|s0,FractureSurfaces,roma,transform,215.383,3053.463269536236,2760.9479899659173,False,False,False
eval_C103_SEM-SE_LOM-DC-Height_FractureSurfaces_1#0,roma|direct|histmatch|s0,FractureSurfaces,roma,transform,730.714,2526.9217723515867,2760.9479899659173,False,False,False
eval_C103_SEM-SE_LOM-DC-Height_FractureSurfaces_1#0,roma|direct|clahe|s0,FractureSurfaces,roma,transform,657.518,2622.7645915018716,2760.9479899659173,False,False,False
eval_C103_SEM-SE_LOM-DC-Height_FractureSurfaces_1#0,roma|direct|gradmag|s0,FractureSurfaces,roma,transform,614.329,2595.689375711428,2760.9479899659173,False,False,False
eval_C103_SEM-SE_LOM-DC-Height_FractureSurfaces_1#1,roma|direct|none|s0,FractureSurfaces,roma,core,536.952,2582.478057183916,2760.9479899659173,False,False,False
eval_C103_SEM-SE_LOM-DC-Height_FractureSurfaces_1#1,roma|pyramid_v2|none|s0,FractureSurfaces,roma,core,536.952,2582.478057183916,2760.9479899659173,False,False,False
eval_C103_SEM-SE_LOM-DC-Height_FractureSurfaces_1#1,roma|direct|invert|s0,FractureSurfaces,roma,transform,652.804,2661.575328790997,2760.9479899659173,False,False,False
eval_C103_SEM-SE_LOM-DC-Height_FractureSurfaces_1#1,roma|direct|histmatch|s0,FractureSurfaces,roma,transform,707.927,2498.659665791704,2760.9479899659173,False,False,False
eval_C103_SEM-SE_LOM-DC-Height_FractureSurfaces_1#1,roma|direct|clahe|s0,FractureSurfaces,roma,transform,587.411,2608.32537590986,2760.9479899659173,False,False,False
eval_C103_SEM-SE_LOM-DC-Height_FractureSurfaces_1#1,roma|direct|gradmag|s0,FractureSurfaces,roma,transform,941.428,2843.831356834862,2760.9479899659173,False,False,False
eval_C103_SEM-SE_LOM-DC-Height_FractureSurfaces_2#0,roma|direct|none|s0,FractureSurfaces,roma,core,145.592,2455.3764706419747,2240.8395984666686,False,False,False
eval_C103_SEM-SE_LOM-DC-Height_FractureSurfaces_2#0,roma|pyramid_v2|none|s0,FractureSurfaces,roma,core,145.592,2455.3764706419747,2240.8395984666686,False,False,False
eval_C103_SEM-SE_LOM-DC-Height_FractureSurfaces_2#0,roma|direct|invert|s0,FractureSurfaces,roma,transform,9.807,2231.3463739581957,2240.8395984666686,False,False,False
eval_C103_SEM-SE_LOM-DC-Height_FractureSurfaces_2#0,roma|direct|histmatch|s0,FractureSurfaces,roma,transform,1486.243,2096.4225668069926,2240.8395984666686,False,False,False
eval_C103_SEM-SE_LOM-DC-Height_FractureSurfaces_2#0,roma|direct|clahe|s0,FractureSurfaces,roma,transform,163.384,2565.0801491718853,2240.8395984666686,False,False,False
eval_C103_SEM-SE_LOM-DC-Height_FractureSurfaces_2#0,roma|direct|gradmag|s0,FractureSurfaces,roma,transform,457.06,6649.361603332891,2240.8395984666686,False,False,False
eval_C103_SEM-SE_LOM-DC-Height_FractureSurfaces_2#1,roma|direct|none|s0,FractureSurfaces,roma,core,53.402,2243.9695681072108,2240.8395984666686,True,False,False
eval_C103_SEM-SE_LOM-DC-Height_FractureSurfaces_2#1,roma|pyramid_v2|none|s0,FractureSurfaces,roma,core,53.402,2243.9695681072108,2240.8395984666686,True,False,False
eval_C103_SEM-SE_LOM-DC-Height_FractureSurfaces_2#1,roma|direct|invert|s0,FractureSurfaces,roma,transform,37.613,2336.5897450979533,2240.8395984666686,True,False,False
eval_C103_SEM-SE_LOM-DC-Height_FractureSurfaces_2#1,roma|direct|histmatch|s0,FractureSurfaces,roma,transform,99.885,2104.9592632219706,2240.8395984666686,True,False,False
eval_C103_SEM-SE_LOM-DC-Height_FractureSurfaces_2#1,roma|direct|clahe|s0,FractureSurfaces,roma,transform,15.119,2222.461299821705,2240.8395984666686,True,False,False
eval_C103_SEM-SE_LOM-DC-Height_FractureSurfaces_2#1,roma|direct|gradmag|s0,FractureSurfaces,roma,transform,426.26,2949.505251096215,2240.8395984666686,True,False,False
eval_CoNi-AM67_OM-SEM_Multiscale_0#0,roma|direct|none|s0,Multiscale,roma,core,13.333,573.767958160658,573.1677945159098,False,False,False
eval_CoNi-AM67_OM-SEM_Multiscale_0#0,roma|pyramid_v2|none|s0,Multiscale,roma,core,13.333,573.767958160658,573.1677945159098,False,False,False
eval_CoNi-AM67_OM-SEM_Multiscale_0#0,roma|direct|invert|s0,Multiscale,roma,transform,17.569,570.6248215901403,573.1677945159098,False,False,False
eval_CoNi-AM67_OM-SEM_Multiscale_0#0,roma|direct|histmatch|s0,Multiscale,roma,transform,13.534,574.1597322120293,573.1677945159098,False,False,False
eval_CoNi-AM67_OM-SEM_Multiscale_0#0,roma|direct|clahe|s0,Multiscale,roma,transform,13.439,574.1532323233004,573.1677945159098,False,False,False
eval_CoNi-AM67_OM-SEM_Multiscale_0#0,roma|direct|gradmag|s0,Multiscale,roma,transform,1037.826,664.6975584724955,573.1677945159098,False,False,False
eval_CoNi-AM67_OM-SEM_Multiscale_0#1,roma|direct|none|s0,Multiscale,roma,core,428.187,431.7774982466081,573.1677945159098,False,False,False
eval_CoNi-AM67_OM-SEM_Multiscale_0#1,roma|pyramid_v2|none|s0,Multiscale,roma,core,428.187,431.7774982466081,573.1677945159098,False,False,False
eval_CoNi-AM67_OM-SEM_Multiscale_0#1,roma|direct|invert|s0,Multiscale,roma,transform,318.537,764.3493497017895,573.1677945159098,False,False,False
eval_CoNi-AM67_OM-SEM_Multiscale_0#1,roma|direct|histmatch|s0,Multiscale,roma,transform,1864.214,1946.4646879091702,573.1677945159098,False,False,False
eval_CoNi-AM67_OM-SEM_Multiscale_0#1,roma|direct|clahe|s0,Multiscale,roma,transform,1395.045,991.8777443479112,573.1677945159098,False,False,False
eval_CoNi-AM67_OM-SEM_Multiscale_0#1,roma|direct|gradmag|s0,Multiscale,roma,transform,1404.596,14972.050440184532,573.1677945159098,False,False,False
eval_CoNi-AM67_OM-SEM_Multiscale_0#2,roma|direct|none|s0,Multiscale,roma,core,707.759,911.1626841001073,637.5474244682443,False,False,False
eval_CoNi-AM67_OM-SEM_Multiscale_0#2,roma|pyramid_v2|none|s0,Multiscale,roma,core,371.729,828.2411137907579,637.5474244682443,False,False,False
eval_CoNi-AM67_OM-SEM_Multiscale_0#2,roma|direct|invert|s0,Multiscale,roma,transform,517.667,821.6027576517376,637.5474244682443,False,False,False
eval_CoNi-AM67_OM-SEM_Multiscale_0#2,roma|direct|histmatch|s0,Multiscale,roma,transform,622.425,1024.9664974871027,637.5474244682443,False,False,False
eval_CoNi-AM67_OM-SEM_Multiscale_0#2,roma|direct|clahe|s0,Multiscale,roma,transform,555.457,778.5284576834686,637.5474244682443,False,False,False
eval_CoNi-AM67_OM-SEM_Multiscale_0#2,roma|direct|gradmag|s0,Multiscale,roma,transform,180.183,600.233899499748,637.5474244682443,False,False,False
eval_CoNi-AM67_SEM-EBSD_SameSliceSerialSectioning_0#0,roma|direct|none|s0,SerialSectioning,roma,core,42.294,1498.6455673383014,1514.0474558928317,False,False,False
eval_CoNi-AM67_SEM-EBSD_SameSliceSerialSectioning_0#0,roma|pyramid_v2|none|s0,SerialSectioning,roma,core,42.294,1498.6455673383014,1514.0474558928317,False,False,False
eval_CoNi-AM67_SEM-EBSD_SameSliceSerialSectioning_0#0,roma|direct|invert|s0,SerialSectioning,roma,transform,112.254,1469.064815243995,1514.0474558928317,False,False,False
eval_CoNi-AM67_SEM-EBSD_SameSliceSerialSectioning_0#0,roma|direct|histmatch|s0,SerialSectioning,roma,transform,74.655,1498.7263789781075,1514.0474558928317,False,False,False
eval_CoNi-AM67_SEM-EBSD_SameSliceSerialSectioning_0#0,roma|direct|clahe|s0,SerialSectioning,roma,transform,64.661,1476.4170058127665,1514.0474558928317,False,False,False
eval_CoNi-AM67_SEM-EBSD_SameSliceSerialSectioning_0#0,roma|direct|gradmag|s0,SerialSectioning,roma,transform,277.457,1617.9426934886753,1514.0474558928317,False,False,False
eval_CoNi-AM67_SEM-EBSD_SameSliceSerialSectioning_0#1,roma|direct|none|s0,SerialSectioning,roma,core,609.683,1519.469399713176,1514.0474558928317,False,False,False
eval_CoNi-AM67_SEM-EBSD_SameSliceSerialSectioning_0#1,roma|pyramid_v2|none|s0,SerialSectioning,roma,core,609.683,1519.469399713176,1514.0474558928317,False,False,False
eval_CoNi-AM67_SEM-EBSD_SameSliceSerialSectioning_0#1,roma|direct|invert|s0,SerialSectioning,roma,transform,320.493,1408.542979486004,1514.0474558928317,False,False,False
eval_CoNi-AM67_SEM-EBSD_SameSliceSerialSectioning_0#1,roma|direct|histmatch|s0,SerialSectioning,roma,transform,197.978,1462.791663365984,1514.0474558928317,False,False,False
eval_CoNi-AM67_SEM-EBSD_SameSliceSerialSectioning_0#1,roma|direct|clahe|s0,SerialSectioning,roma,transform,1165.413,772.9047584646022,1514.0474558928317,False,False,False
eval_CoNi-AM67_SEM-EBSD_SameSliceSerialSectioning_0#1,roma|direct|gradmag|s0,SerialSectioning,roma,transform,1021.063,1405.3933443115247,1514.0474558928317,False,False,False
eval_CoNi-AM67_SEM-EBSD_SameSliceSerialSectioning_0#2,roma|direct|none|s0,SerialSectioning,roma,core,55.818,1544.1913431949692,1514.0474558928317,False,False,False
eval_CoNi-AM67_SEM-EBSD_SameSliceSerialSectioning_0#2,roma|pyramid_v2|none|s0,SerialSectioning,roma,core,55.818,1544.1913431949692,1514.0474558928317,False,False,False
eval_CoNi-AM67_SEM-EBSD_SameSliceSerialSectioning_0#2,roma|direct|invert|s0,SerialSectioning,roma,transform,63.124,1532.839441512287,1514.0474558928317,False,False,False
eval_CoNi-AM67_SEM-EBSD_SameSliceSerialSectioning_0#2,roma|direct|histmatch|s0,SerialSectioning,roma,transform,68.753,1466.0670171027646,1514.0474558928317,False,False,False
eval_CoNi-AM67_SEM-EBSD_SameSliceSerialSectioning_0#2,roma|direct|clahe|s0,SerialSectioning,roma,transform,67.943,1459.0427822277752,1514.0474558928317,False,False,False
eval_CoNi-AM67_SEM-EBSD_SameSliceSerialSectioning_0#2,roma|direct|gradmag|s0,SerialSectioning,roma,transform,71.205,1471.7774159830449,1514.0474558928317,False,False,False
eval_CoNi-AM67_SEM-EBSD_SameSliceSerialSectioning_0#3,roma|direct|none|s0,SerialSectioning,roma,core,54.295,1487.0421049968645,1514.0474558928317,False,False,False
eval_CoNi-AM67_SEM-EBSD_SameSliceSerialSectioning_0#3,roma|pyramid_v2|none|s0,SerialSectioning,roma,core,54.295,1487.0421049968645,1514.0474558928317,False,False,False
eval_CoNi-AM67_SEM-EBSD_SameSliceSerialSectioning_0#3,roma|direct|invert|s0,SerialSectioning,roma,transform,44.661,1509.0006499826234,1514.0474558928317,False,False,False
eval_CoNi-AM67_SEM-EBSD_SameSliceSerialSectioning_0#3,roma|direct|histmatch|s0,SerialSectioning,roma,transform,81.564,1443.8225613835143,1514.0474558928317,False,False,False
eval_CoNi-AM67_SEM-EBSD_SameSliceSerialSectioning_0#3,roma|direct|clahe|s0,SerialSectioning,roma,transform,78.18,1449.2242251692985,1514.0474558928317,False,False,False
eval_CoNi-AM67_SEM-EBSD_SameSliceSerialSectioning_0#3,roma|direct|gradmag|s0,SerialSectioning,roma,transform,100.521,1461.8506835887217,1514.0474558928317,False,False,False
eval_CoNi-AM67_SEM-EBSD_SameSliceSerialSectioning_0#4,roma|direct|none|s0,SerialSectioning,roma,core,238.898,1410.3853025665726,1514.0474558928317,False,False,False
eval_CoNi-AM67_SEM-EBSD_SameSliceSerialSectioning_0#4,roma|pyramid_v2|none|s0,SerialSectioning,roma,core,238.898,1410.3853025665726,1514.0474558928317,False,False,False
eval_CoNi-AM67_SEM-EBSD_SameSliceSerialSectioning_0#4,roma|direct|invert|s0,SerialSectioning,roma,transform,37.626,1527.1420542800545,1514.0474558928317,False,False,False
eval_CoNi-AM67_SEM-EBSD_SameSliceSerialSectioning_0#4,roma|direct|histmatch|s0,SerialSectioning,roma,transform,241.519,1356.7294152325762,1514.0474558928317,False,False,False
eval_CoNi-AM67_SEM-EBSD_SameSliceSerialSectioning_0#4,roma|direct|clahe|s0,SerialSectioning,roma,transform,412.011,1205.2275487501095,1514.0474558928317,False,False,False
eval_CoNi-AM67_SEM-EBSD_SameSliceSerialSectioning_0#4,roma|direct|gradmag|s0,SerialSectioning,roma,transform,79.229,1477.8021907213479,1514.0474558928317,False,False,False
eval_CoNi-AM67_SEM-EBSD_SameSliceSerialSectioning_0#5,roma|direct|none|s0,SerialSectioning,roma,core,62.668,1466.7513424644922,1514.0474558928317,False,False,False
eval_CoNi-AM67_SEM-EBSD_SameSliceSerialSectioning_0#5,roma|pyramid_v2|none|s0,SerialSectioning,roma,core,62.668,1466.7513424644922,1514.0474558928317,False,False,False
eval_CoNi-AM67_SEM-EBSD_SameSliceSerialSectioning_0#5,roma|direct|invert|s0,SerialSectioning,roma,transform,72.749,1462.1402443730935,1514.0474558928317,False,False,False
eval_CoNi-AM67_SEM-EBSD_SameSliceSerialSectioning_0#5,roma|direct|histmatch|s0,SerialSectioning,roma,transform,95.348,1430.1501882593916,1514.0474558928317,False,False,False
eval_CoNi-AM67_SEM-EBSD_SameSliceSerialSectioning_0#5,roma|direct|clahe|s0,SerialSectioning,roma,transform,120.086,1425.936172989291,1514.0474558928317,False,False,False
eval_CoNi-AM67_SEM-EBSD_SameSliceSerialSectioning_0#5,roma|direct|gradmag|s0,SerialSectioning,roma,transform,47.031,1542.9405511405064,1514.0474558928317,False,False,False
eval_CoNi-AM67_SEM-EBSD_SameSliceSerialSectioning_1#0,roma|direct|none|s0,SerialSectioning,roma,core,41.165,1461.9968624718072,1468.2458357440826,False,False,False
eval_CoNi-AM67_SEM-EBSD_SameSliceSerialSectioning_1#0,roma|pyramid_v2|none|s0,SerialSectioning,roma,core,41.165,1461.9968624718072,1468.2458357440826,False,False,False
eval_CoNi-AM67_SEM-EBSD_SameSliceSerialSectioning_1#0,roma|direct|invert|s0,SerialSectioning,roma,transform,364.885,1280.4720052443406,1468.2458357440826,False,False,False
eval_CoNi-AM67_SEM-EBSD_SameSliceSerialSectioning_1#0,roma|direct|histmatch|s0,SerialSectioning,roma,transform,596.148,1050.0039892588534,1468.2458357440826,False,False,False
eval_CoNi-AM67_SEM-EBSD_SameSliceSerialSectioning_1#0,roma|direct|clahe|s0,SerialSectioning,roma,transform,85.593,1480.6028095790077,1468.2458357440826,False,False,False
eval_CoNi-AM67_SEM-EBSD_SameSliceSerialSectioning_1#0,roma|direct|gradmag|s0,SerialSectioning,roma,transform,193.706,1555.6677944025876,1468.2458357440826,False,False,False
eval_CoNi-AM67_SEM-EBSD_SameSliceSerialSectioning_1#1,roma|direct|none|s0,SerialSectioning,roma,core,340.139,1282.075165567332,1468.2458357440826,False,False,False
eval_CoNi-AM67_SEM-EBSD_SameSliceSerialSectioning_1#1,roma|pyramid_v2|none|s0,SerialSectioning,roma,core,340.139,1282.075165567332,1468.2458357440826,False,False,False
eval_CoNi-AM67_SEM-EBSD_SameSliceSerialSectioning_1#1,roma|direct|invert|s0,SerialSectioning,roma,transform,326.398,1330.6515841510557,1468.2458357440826,False,False,False
eval_CoNi-AM67_SEM-EBSD_SameSliceSerialSectioning_1#1,roma|direct|histmatch|s0,SerialSectioning,roma,transform,255.812,1250.3605506855724,1468.2458357440826,False,False,False
eval_CoNi-AM67_SEM-EBSD_SameSliceSerialSectioning_1#1,roma|direct|clahe|s0,SerialSectioning,roma,transform,427.843,1302.0512875308855,1468.2458357440826,False,False,False
eval_CoNi-AM67_SEM-EBSD_SameSliceSerialSectioning_1#1,roma|direct|gradmag|s0,SerialSectioning,roma,transform,335.0,1407.7554751644252,1468.2458357440826,False,False,False
eval_CoNi-AM67_SEM-EBSD_SameSliceSerialSectioning_1#2,roma|direct|none|s0,SerialSectioning,roma,core,20.587,1473.0834695397725,1468.2458357440826,False,False,False
eval_CoNi-AM67_SEM-EBSD_SameSliceSerialSectioning_1#2,roma|pyramid_v2|none|s0,SerialSectioning,roma,core,20.587,1473.0834695397725,1468.2458357440826,False,False,False
eval_CoNi-AM67_SEM-EBSD_SameSliceSerialSectioning_1#2,roma|direct|invert|s0,SerialSectioning,roma,transform,169.242,1390.4151665154388,1468.2458357440826,False,False,False
eval_CoNi-AM67_SEM-EBSD_SameSliceSerialSectioning_1#2,roma|direct|histmatch|s0,SerialSectioning,roma,transform,217.807,1358.5946412547285,1468.2458357440826,False,False,False
eval_CoNi-AM67_SEM-EBSD_SameSliceSerialSectioning_1#2,roma|direct|clahe|s0,SerialSectioning,roma,transform,28.277,1471.5901680130116,1468.2458357440826,False,False,False
eval_CoNi-AM67_SEM-EBSD_SameSliceSerialSectioning_1#2,roma|direct|gradmag|s0,SerialSectioning,roma,transform,30.673,1466.5829587827695,1468.2458357440826,False,False,False
eval_CoNi-AM67_SEM-EBSD_SameSliceSerialSectioning_1#3,roma|direct|none|s0,SerialSectioning,roma,core,367.972,1690.0550435079235,1468.2458357440826,False,False,False
eval_CoNi-AM67_SEM-EBSD_SameSliceSerialSectioning_1#3,roma|pyramid_v2|none|s0,SerialSectioning,roma,core,367.972,1690.0550435079235,1468.2458357440826,False,False,False
eval_CoNi-AM67_SEM-EBSD_SameSliceSerialSectioning_1#3,roma|direct|invert|s0,SerialSectioning,roma,transform,37.181,1465.4110215555213,1468.2458357440826,False,False,False
eval_CoNi-AM67_SEM-EBSD_SameSliceSerialSectioning_1#3,roma|direct|histmatch|s0,SerialSectioning,roma,transform,93.765,1478.4011958977833,1468.2458357440826,False,False,False
eval_CoNi-AM67_SEM-EBSD_SameSliceSerialSectioning_1#3,roma|direct|clahe|s0,SerialSectioning,roma,transform,101.373,1432.8006394613753,1468.2458357440826,False,False,False
eval_CoNi-AM67_SEM-EBSD_SameSliceSerialSectioning_1#3,roma|direct|gradmag|s0,SerialSectioning,roma,transform,40.043,1475.693976993517,1468.2458357440826,False,False,False
eval_CoNi-AM67_SEM-EBSD_SameSliceSerialSectioning_1#4,roma|direct|none|s0,SerialSectioning,roma,core,264.615,1296.3643864626379,1468.2458357440826,False,False,False
eval_CoNi-AM67_SEM-EBSD_SameSliceSerialSectioning_1#4,roma|pyramid_v2|none|s0,SerialSectioning,roma,core,264.615,1296.3643864626379,1468.2458357440826,False,False,False
eval_CoNi-AM67_SEM-EBSD_SameSliceSerialSectioning_1#4,roma|direct|invert|s0,SerialSectioning,roma,transform,211.57,1301.6187028617614,1468.2458357440826,False,False,False
eval_CoNi-AM67_SEM-EBSD_SameSliceSerialSectioning_1#4,roma|direct|histmatch|s0,SerialSectioning,roma,transform,309.858,1278.3240995260344,1468.2458357440826,False,False,False
eval_CoNi-AM67_SEM-EBSD_SameSliceSerialSectioning_1#4,roma|direct|clahe|s0,SerialSectioning,roma,transform,541.675,1142.9581803936867,1468.2458357440826,False,False,False
eval_CoNi-AM67_SEM-EBSD_SameSliceSerialSectioning_1#4,roma|direct|gradmag|s0,SerialSectioning,roma,transform,129.804,1496.8790317116777,1468.2458357440826,False,False,False
eval_CoNi-AM67_SEM-EBSD_SameSliceSerialSectioning_1#5,roma|direct|none|s0,SerialSectioning,roma,core,224.738,1353.690453848601,1468.2458357440826,False,False,False
eval_CoNi-AM67_SEM-EBSD_SameSliceSerialSectioning_1#5,roma|pyramid_v2|none|s0,SerialSectioning,roma,core,120.361,1543.5236571869368,1468.2458357440826,False,False,False
eval_CoNi-AM67_SEM-EBSD_SameSliceSerialSectioning_1#5,roma|direct|invert|s0,SerialSectioning,roma,transform,214.367,1370.942556881474,1468.2458357440826,False,False,False
eval_CoNi-AM67_SEM-EBSD_SameSliceSerialSectioning_1#5,roma|direct|histmatch|s0,SerialSectioning,roma,transform,420.428,1150.275080620714,1468.2458357440826,False,False,False
eval_CoNi-AM67_SEM-EBSD_SameSliceSerialSectioning_1#5,roma|direct|clahe|s0,SerialSectioning,roma,transform,191.818,1424.1626106034714,1468.2458357440826,False,False,False
eval_CoNi-AM67_SEM-EBSD_SameSliceSerialSectioning_1#5,roma|direct|gradmag|s0,SerialSectioning,roma,transform,24.22,1461.8071422616863,1468.2458357440826,False,False,False
eval_CoNi-AM67_SEM-EBSD_SameSliceSerialSectioning_2#0,roma|direct|none|s0,SerialSectioning,roma,core,102.769,1455.434604352201,1461.4176959109016,False,False,False
eval_CoNi-AM67_SEM-EBSD_SameSliceSerialSectioning_2#0,roma|pyramid_v2|none|s0,SerialSectioning,roma,core,102.769,1455.434604352201,1461.4176959109016,False,False,False
eval_CoNi-AM67_SEM-EBSD_SameSliceSerialSectioning_2#0,roma|direct|invert|s0,SerialSectioning,roma,transform,307.694,1238.2536245619892,1461.4176959109016,False,False,False
eval_CoNi-AM67_SEM-EBSD_SameSliceSerialSectioning_2#0,roma|direct|histmatch|s0,SerialSectioning,roma,transform,673.128,1716.8463870102612,1461.4176959109016,False,False,False
eval_CoNi-AM67_SEM-EBSD_SameSliceSerialSectioning_2#0,roma|direct|clahe|s0,SerialSectioning,roma,transform,79.286,1404.5778967780122,1461.4176959109016,False,False,False
eval_CoNi-AM67_SEM-EBSD_SameSliceSerialSectioning_2#0,roma|direct|gradmag|s0,SerialSectioning,roma,transform,162.788,1624.9218323564053,1461.4176959109016,False,False,False
eval_CoNi-AM67_SEM-EBSD_SameSliceSerialSectioning_2#1,roma|direct|none|s0,SerialSectioning,roma,core,311.993,1340.5105304088804,1461.4176959109016,False,False,False
eval_CoNi-AM67_SEM-EBSD_SameSliceSerialSectioning_2#1,roma|pyramid_v2|none|s0,SerialSectioning,roma,core,311.993,1340.5105304088804,1461.4176959109016,False,False,False
eval_CoNi-AM67_SEM-EBSD_SameSliceSerialSectioning_2#1,roma|direct|invert|s0,SerialSectioning,roma,transform,328.938,1251.3751217944261,1461.4176959109016,False,False,False
eval_CoNi-AM67_SEM-EBSD_SameSliceSerialSectioning_2#1,roma|direct|histmatch|s0,SerialSectioning,roma,transform,340.134,1216.7352802195105,1461.4176959109016,False,False,False
eval_CoNi-AM67_SEM-EBSD_SameSliceSerialSectioning_2#1,roma|direct|clahe|s0,SerialSectioning,roma,transform,395.479,1250.2119986294197,1461.4176959109016,False,False,False
eval_CoNi-AM67_SEM-EBSD_SameSliceSerialSectioning_2#1,roma|direct|gradmag|s0,SerialSectioning,roma,transform,283.377,1455.261658928536,1461.4176959109016,False,False,False
eval_CoNi-AM67_SEM-EBSD_SameSliceSerialSectioning_2#2,roma|direct|none|s0,SerialSectioning,roma,core,30.106,1469.9403093706305,1461.4176959109016,False,False,False
eval_CoNi-AM67_SEM-EBSD_SameSliceSerialSectioning_2#2,roma|pyramid_v2|none|s0,SerialSectioning,roma,core,30.106,1469.9403093706305,1461.4176959109016,False,False,False
eval_CoNi-AM67_SEM-EBSD_SameSliceSerialSectioning_2#2,roma|direct|invert|s0,SerialSectioning,roma,transform,128.864,1559.9669095403742,1461.4176959109016,False,False,False
eval_CoNi-AM67_SEM-EBSD_SameSliceSerialSectioning_2#2,roma|direct|histmatch|s0,SerialSectioning,roma,transform,692.666,1771.129901185319,1461.4176959109016,False,False,False
eval_CoNi-AM67_SEM-EBSD_SameSliceSerialSectioning_2#2,roma|direct|clahe|s0,SerialSectioning,roma,transform,31.943,1471.1448757656915,1461.4176959109016,False,False,False
eval_CoNi-AM67_SEM-EBSD_SameSliceSerialSectioning_2#2,roma|direct|gradmag|s0,SerialSectioning,roma,transform,43.8,1447.0587082634222,1461.4176959109016,False,False,False
eval_CoNi-AM67_SEM-EBSD_SameSliceSerialSectioning_2#3,roma|direct|none|s0,SerialSectioning,roma,core,33.647,1447.5598906524604,1461.4176959109016,False,False,False
eval_CoNi-AM67_SEM-EBSD_SameSliceSerialSectioning_2#3,roma|pyramid_v2|none|s0,SerialSectioning,roma,core,33.647,1447.5598906524604,1461.4176959109016,False,False,False
eval_CoNi-AM67_SEM-EBSD_SameSliceSerialSectioning_2#3,roma|direct|invert|s0,SerialSectioning,roma,transform,28.346,1467.0659748750984,1461.4176959109016,False,False,False
eval_CoNi-AM67_SEM-EBSD_SameSliceSerialSectioning_2#3,roma|direct|histmatch|s0,SerialSectioning,roma,transform,323.243,1285.0719976189246,1461.4176959109016,False,False,False
eval_CoNi-AM67_SEM-EBSD_SameSliceSerialSectioning_2#3,roma|direct|clahe|s0,SerialSectioning,roma,transform,62.911,1423.5971094553026,1461.4176959109016,False,False,False
eval_CoNi-AM67_SEM-EBSD_SameSliceSerialSectioning_2#3,roma|direct|gradmag|s0,SerialSectioning,roma,transform,105.691,1455.0986391301672,1461.4176959109016,False,False,False
eval_CoNi-AM67_SEM-EBSD_SameSliceSerialSectioning_2#4,roma|direct|none|s0,SerialSectioning,roma,core,257.511,1260.2971496276257,1461.4176959109016,False,False,False
eval_CoNi-AM67_SEM-EBSD_SameSliceSerialSectioning_2#4,roma|pyramid_v2|none|s0,SerialSectioning,roma,core,115.282,1522.3104372688579,1461.4176959109016,False,False,False
eval_CoNi-AM67_SEM-EBSD_SameSliceSerialSectioning_2#4,roma|direct|invert|s0,SerialSectioning,roma,transform,423.677,1262.7722775217421,1461.4176959109016,False,False,False
eval_CoNi-AM67_SEM-EBSD_SameSliceSerialSectioning_2#4,roma|direct|histmatch|s0,SerialSectioning,roma,transform,341.584,1218.6142022610861,1461.4176959109016,False,False,False
eval_CoNi-AM67_SEM-EBSD_SameSliceSerialSectioning_2#4,roma|direct|clahe|s0,SerialSectioning,roma,transform,387.104,1136.8083839888632,1461.4176959109016,False,False,False
eval_CoNi-AM67_SEM-EBSD_SameSliceSerialSectioning_2#4,roma|direct|gradmag|s0,SerialSectioning,roma,transform,637.287,1605.7061347674855,1461.4176959109016,False,False,False
eval_CoNi-AM67_SEM-EBSD_SameSliceSerialSectioning_2#5,roma|direct|none|s0,SerialSectioning,roma,core,186.318,1409.1543493852776,1461.4176959109016,False,False,False
eval_CoNi-AM67_SEM-EBSD_SameSliceSerialSectioning_2#5,roma|pyramid_v2|none|s0,SerialSectioning,roma,core,186.318,1409.1543493852776,1461.4176959109016,False,False,False
eval_CoNi-AM67_SEM-EBSD_SameSliceSerialSectioning_2#5,roma|direct|invert|s0,SerialSectioning,roma,transform,62.07,1490.3431242614713,1461.4176959109016,False,False,False
eval_CoNi-AM67_SEM-EBSD_SameSliceSerialSectioning_2#5,roma|direct|histmatch|s0,SerialSectioning,roma,transform,169.398,1376.1307540967414,1461.4176959109016,False,False,False
eval_CoNi-AM67_SEM-EBSD_SameSliceSerialSectioning_2#5,roma|direct|clahe|s0,SerialSectioning,roma,transform,89.037,1502.3047432880785,1461.4176959109016,False,False,False
eval_CoNi-AM67_SEM-EBSD_SameSliceSerialSectioning_2#5,roma|direct|gradmag|s0,SerialSectioning,roma,transform,36.302,1481.6252783212278,1461.4176959109016,False,False,False
eval_CoNi-AM90_OM-SEM_Multiscale_0#0,roma|direct|none|s0,Multiscale,roma,core,1245.217,1647.8080655684266,1093.0057200582637,False,False,False
eval_CoNi-AM90_OM-SEM_Multiscale_0#0,roma|pyramid_v2|none|s0,Multiscale,roma,core,1090.743,2103.073437058461,1093.0057200582637,False,False,False
eval_CoNi-AM90_OM-SEM_Multiscale_0#0,roma|direct|invert|s0,Multiscale,roma,transform,1844.687,2746.48706485178,1093.0057200582637,False,False,False
eval_CoNi-AM90_OM-SEM_Multiscale_0#0,roma|direct|histmatch|s0,Multiscale,roma,transform,2982.59,2817.9727726701763,1093.0057200582637,False,False,False
eval_CoNi-AM90_OM-SEM_Multiscale_0#0,roma|direct|clahe|s0,Multiscale,roma,transform,1467.557,2946.645150668899,1093.0057200582637,False,False,False
eval_CoNi-AM90_OM-SEM_Multiscale_0#0,roma|direct|gradmag|s0,Multiscale,roma,transform,1582.359,2737.035808344899,1093.0057200582637,False,False,False
eval_CoNi-AM90_OM-SEM_Multiscale_0#1,roma|direct|none|s0,Multiscale,roma,core,983.785,835.3645921355784,538.2817125825392,False,False,False
eval_CoNi-AM90_OM-SEM_Multiscale_0#1,roma|pyramid_v2|none|s0,Multiscale,roma,core,983.785,835.3645921355784,538.2817125825392,False,False,False
eval_CoNi-AM90_OM-SEM_Multiscale_0#1,roma|direct|invert|s0,Multiscale,roma,transform,3207.096,1465.970228475432,538.2817125825392,False,False,False
eval_CoNi-AM90_OM-SEM_Multiscale_0#1,roma|direct|histmatch|s0,Multiscale,roma,transform,1029.562,898.53642923971,538.2817125825392,False,False,False
eval_CoNi-AM90_OM-SEM_Multiscale_0#1,roma|direct|clahe|s0,Multiscale,roma,transform,615.48,835.6696774128508,538.2817125825392,False,False,False
eval_CoNi-AM90_OM-SEM_Multiscale_0#1,roma|direct|gradmag|s0,Multiscale,roma,transform,790.066,1133.5275512607232,538.2817125825392,False,False,False
eval_CoNi-AM90_SEM-DIC_EBSD_SlipPartitioning_0#0,roma|direct|none|s0,SlipPartitioning,roma,core,896.281,10218.944223555816,9671.051310742896,False,False,False
eval_CoNi-AM90_SEM-DIC_EBSD_SlipPartitioning_0#0,roma|pyramid_v2|none|s0,SlipPartitioning,roma,core,896.281,10218.944223555816,9671.051310742896,False,False,False
eval_CoNi-AM90_SEM-DIC_EBSD_SlipPartitioning_0#0,roma|direct|invert|s0,SlipPartitioning,roma,transform,907.206,10191.49906893295,9671.051310742896,False,False,False
eval_CoNi-AM90_SEM-DIC_EBSD_SlipPartitioning_0#0,roma|direct|histmatch|s0,SlipPartitioning,roma,transform,933.736,10186.876843066102,9671.051310742896,False,False,False
eval_CoNi-AM90_SEM-DIC_EBSD_SlipPartitioning_0#0,roma|direct|clahe|s0,SlipPartitioning,roma,transform,895.657,10196.002029844512,9671.051310742896,False,False,False
eval_CoNi-AM90_SEM-DIC_EBSD_SlipPartitioning_0#0,roma|direct|gradmag|s0,SlipPartitioning,roma,transform,183.13,9855.780140211753,9671.051310742896,False,False,False
eval_CoNi-AM90_SEM-DIC_EBSD_SlipPartitioning_0#1,roma|direct|none|s0,SlipPartitioning,roma,core,714.244,10023.767457410775,9671.051310742896,False,False,False
eval_CoNi-AM90_SEM-DIC_EBSD_SlipPartitioning_0#1,roma|pyramid_v2|none|s0,SlipPartitioning,roma,core,714.244,10023.767457410775,9671.051310742896,False,False,False
eval_CoNi-AM90_SEM-DIC_EBSD_SlipPartitioning_0#1,roma|direct|invert|s0,SlipPartitioning,roma,transform,695.133,9994.121882385842,9671.051310742896,False,False,False
eval_CoNi-AM90_SEM-DIC_EBSD_SlipPartitioning_0#1,roma|direct|histmatch|s0,SlipPartitioning,roma,transform,786.11,9382.082500452148,9671.051310742896,False,False,False
eval_CoNi-AM90_SEM-DIC_EBSD_SlipPartitioning_0#1,roma|direct|clahe|s0,SlipPartitioning,roma,transform,801.402,9332.79961281853,9671.051310742896,False,False,False
eval_CoNi-AM90_SEM-DIC_EBSD_SlipPartitioning_0#1,roma|direct|gradmag|s0,SlipPartitioning,roma,transform,166.861,9744.168783817902,9671.051310742896,False,False,False
eval_CoNi-AM90_SEM-DIC_EBSD_SlipPartitioning_0#2,roma|direct|none|s0,SlipPartitioning,roma,core,959.134,10211.608691738847,9671.051310742896,False,False,False
eval_CoNi-AM90_SEM-DIC_EBSD_SlipPartitioning_0#2,roma|pyramid_v2|none|s0,SlipPartitioning,roma,core,959.134,10211.608691738847,9671.051310742896,False,False,False
eval_CoNi-AM90_SEM-DIC_EBSD_SlipPartitioning_0#2,roma|direct|invert|s0,SlipPartitioning,roma,transform,936.237,10141.325908167444,9671.051310742896,False,False,False
eval_CoNi-AM90_SEM-DIC_EBSD_SlipPartitioning_0#2,roma|direct|histmatch|s0,SlipPartitioning,roma,transform,555.495,9848.027057412595,9671.051310742896,False,False,False
eval_CoNi-AM90_SEM-DIC_EBSD_SlipPartitioning_0#2,roma|direct|clahe|s0,SlipPartitioning,roma,transform,680.459,9944.066378716141,9671.051310742896,False,False,False
eval_CoNi-AM90_SEM-DIC_EBSD_SlipPartitioning_0#2,roma|direct|gradmag|s0,SlipPartitioning,roma,transform,476.519,10028.646195274505,9671.051310742896,False,False,False
eval_CoNi-AM90_SEM-DIC_EBSD_SlipPartitioning_0#3,roma|direct|none|s0,SlipPartitioning,roma,core,910.705,10218.319972352612,9671.051310742896,False,False,False
eval_CoNi-AM90_SEM-DIC_EBSD_SlipPartitioning_0#3,roma|pyramid_v2|none|s0,SlipPartitioning,roma,core,880.688,10320.12478952227,9671.051310742896,False,False,False
eval_CoNi-AM90_SEM-DIC_EBSD_SlipPartitioning_0#3,roma|direct|invert|s0,SlipPartitioning,roma,transform,789.276,10214.950940538949,9671.051310742896,False,False,False
eval_CoNi-AM90_SEM-DIC_EBSD_SlipPartitioning_0#3,roma|direct|histmatch|s0,SlipPartitioning,roma,transform,915.839,10201.838005054378,9671.051310742896,False,False,False
eval_CoNi-AM90_SEM-DIC_EBSD_SlipPartitioning_0#3,roma|direct|clahe|s0,SlipPartitioning,roma,transform,805.09,10147.523692513429,9671.051310742896,False,False,False
eval_CoNi-AM90_SEM-DIC_EBSD_SlipPartitioning_0#3,roma|direct|gradmag|s0,SlipPartitioning,roma,transform,769.924,10170.685463569791,9671.051310742896,False,False,False
eval_CoNi-AM90_SEM-DIC_EBSD_SlipPartitioning_0#4,roma|direct|none|s0,SlipPartitioning,roma,core,669.865,9507.259947530933,9671.051310742896,False,False,False
eval_CoNi-AM90_SEM-DIC_EBSD_SlipPartitioning_0#4,roma|pyramid_v2|none|s0,SlipPartitioning,roma,core,756.336,9759.686420555114,9671.051310742896,False,False,False
eval_CoNi-AM90_SEM-DIC_EBSD_SlipPartitioning_0#4,roma|direct|invert|s0,SlipPartitioning,roma,transform,800.902,10053.225124330585,9671.051310742896,False,False,False
eval_CoNi-AM90_SEM-DIC_EBSD_SlipPartitioning_0#4,roma|direct|histmatch|s0,SlipPartitioning,roma,transform,923.927,10755.780826429476,9671.051310742896,False,False,False
eval_CoNi-AM90_SEM-DIC_EBSD_SlipPartitioning_0#4,roma|direct|clahe|s0,SlipPartitioning,roma,transform,807.411,9953.313225930235,9671.051310742896,False,False,False
eval_CoNi-AM90_SEM-DIC_EBSD_SlipPartitioning_0#4,roma|direct|gradmag|s0,SlipPartitioning,roma,transform,874.52,10154.554027119462,9671.051310742896,False,False,False
eval_CoNi-AM90_SEM-DIC_EBSD_SlipPartitioning_0#5,roma|direct|none|s0,SlipPartitioning,roma,core,929.779,10176.112550620386,9671.051310742896,False,False,False
eval_CoNi-AM90_SEM-DIC_EBSD_SlipPartitioning_0#5,roma|pyramid_v2|none|s0,SlipPartitioning,roma,core,881.555,10223.604419177555,9671.051310742896,False,False,False
eval_CoNi-AM90_SEM-DIC_EBSD_SlipPartitioning_0#5,roma|direct|invert|s0,SlipPartitioning,roma,transform,540.303,9783.37566696133,9671.051310742896,False,False,False
eval_CoNi-AM90_SEM-DIC_EBSD_SlipPartitioning_0#5,roma|direct|histmatch|s0,SlipPartitioning,roma,transform,2346.979,10260.484561336682,9671.051310742896,False,False,False
eval_CoNi-AM90_SEM-DIC_EBSD_SlipPartitioning_0#5,roma|direct|clahe|s0,SlipPartitioning,roma,transform,627.961,9953.95223093926,9671.051310742896,False,False,False
eval_CoNi-AM90_SEM-DIC_EBSD_SlipPartitioning_0#5,roma|direct|gradmag|s0,SlipPartitioning,roma,transform,688.402,10307.359231921555,9671.051310742896,False,False,False
eval_CoNi-AM90_SEM-DIC_EBSD_SlipPartitioning_0#6,roma|direct|none|s0,SlipPartitioning,roma,core,918.276,10188.67601506989,9671.051310742896,False,False,False
eval_CoNi-AM90_SEM-DIC_EBSD_SlipPartitioning_0#6,roma|pyramid_v2|none|s0,SlipPartitioning,roma,core,918.276,10188.67601506989,9671.051310742896,False,False,False
eval_CoNi-AM90_SEM-DIC_EBSD_SlipPartitioning_0#6,roma|direct|invert|s0,SlipPartitioning,roma,transform,746.709,10134.710734291819,9671.051310742896,False,False,False
eval_CoNi-AM90_SEM-DIC_EBSD_SlipPartitioning_0#6,roma|direct|histmatch|s0,SlipPartitioning,roma,transform,923.052,10234.135130306226,9671.051310742896,False,False,False
eval_CoNi-AM90_SEM-DIC_EBSD_SlipPartitioning_0#6,roma|direct|clahe|s0,SlipPartitioning,roma,transform,845.419,9422.415539280917,9671.051310742896,False,False,False
eval_CoNi-AM90_SEM-DIC_EBSD_SlipPartitioning_0#6,roma|direct|gradmag|s0,SlipPartitioning,roma,transform,656.728,10068.235967412658,9671.051310742896,False,False,False
eval_CoNi-AM90_SEM-DIC_EBSD_SlipPartitioning_0#7,roma|direct|none|s0,SlipPartitioning,roma,core,783.692,9453.073017082217,9671.051310742896,False,False,False
eval_CoNi-AM90_SEM-DIC_EBSD_SlipPartitioning_0#7,roma|pyramid_v2|none|s0,SlipPartitioning,roma,core,546.65,9868.425159959628,9671.051310742896,False,False,False
eval_CoNi-AM90_SEM-DIC_EBSD_SlipPartitioning_0#7,roma|direct|invert|s0,SlipPartitioning,roma,transform,821.962,10073.545964210525,9671.051310742896,False,False,False
eval_CoNi-AM90_SEM-DIC_EBSD_SlipPartitioning_0#7,roma|direct|histmatch|s0,SlipPartitioning,roma,transform,1056.559,16403.91050507184,9671.051310742896,False,False,False
eval_CoNi-AM90_SEM-DIC_EBSD_SlipPartitioning_0#7,roma|direct|clahe|s0,SlipPartitioning,roma,transform,800.766,9340.751440867538,9671.051310742896,False,False,False
eval_CoNi-AM90_SEM-DIC_EBSD_SlipPartitioning_0#7,roma|direct|gradmag|s0,SlipPartitioning,roma,transform,887.676,10204.868561082589,9671.051310742896,False,False,False
eval_CoNi-AM90_SEM-DIC_EBSD_SlipPartitioning_0#8,roma|direct|none|s0,SlipPartitioning,roma,core,1143.699,11775.969369168519,9671.051310742896,False,False,False
eval_CoNi-AM90_SEM-DIC_EBSD_SlipPartitioning_0#8,roma|pyramid_v2|none|s0,SlipPartitioning,roma,core,930.492,10385.391079828603,9671.051310742896,False,False,False
eval_CoNi-AM90_SEM-DIC_EBSD_SlipPartitioning_0#8,roma|direct|invert|s0,SlipPartitioning,roma,transform,930.489,10173.941578764596,9671.051310742896,False,False,False
eval_CoNi-AM90_SEM-DIC_EBSD_SlipPartitioning_0#8,roma|direct|histmatch|s0,SlipPartitioning,roma,transform,921.828,10149.977848331919,9671.051310742896,False,False,False
eval_CoNi-AM90_SEM-DIC_EBSD_SlipPartitioning_0#8,roma|direct|clahe|s0,SlipPartitioning,roma,transform,912.946,10201.890768656169,9671.051310742896,False,False,False
eval_CoNi-AM90_SEM-DIC_EBSD_SlipPartitioning_0#8,roma|direct|gradmag|s0,SlipPartitioning,roma,transform,667.333,10268.40873917414,9671.051310742896,False,False,False
eval_CoNi-AM90_SEM-DIC_EBSD_SlipPartitioning_0#9,roma|direct|none|s0,SlipPartitioning,roma,core,908.884,10279.214958885228,9671.051310742896,False,False,False
eval_CoNi-AM90_SEM-DIC_EBSD_SlipPartitioning_0#9,roma|pyramid_v2|none|s0,SlipPartitioning,roma,core,1510.812,9243.137910958458,9671.051310742896,False,False,False
eval_CoNi-AM90_SEM-DIC_EBSD_SlipPartitioning_0#9,roma|direct|invert|s0,SlipPartitioning,roma,transform,781.353,10151.043318166818,9671.051310742896,False,False,False
eval_CoNi-AM90_SEM-DIC_EBSD_SlipPartitioning_0#9,roma|direct|histmatch|s0,SlipPartitioning,roma,transform,835.783,10032.1895178653,9671.051310742896,False,False,False
eval_CoNi-AM90_SEM-DIC_EBSD_SlipPartitioning_0#9,roma|direct|clahe|s0,SlipPartitioning,roma,transform,803.922,10013.473008360024,9671.051310742896,False,False,False
eval_CoNi-AM90_SEM-DIC_EBSD_SlipPartitioning_0#9,roma|direct|gradmag|s0,SlipPartitioning,roma,transform,774.685,10164.568671917537,9671.051310742896,False,False,False
eval_CoNi-AM90_SEM-DIC_EBSD_SlipPartitioning_0#10,roma|direct|none|s0,SlipPartitioning,roma,core,803.41,9359.924150038558,9671.051310742896,False,False,False
eval_CoNi-AM90_SEM-DIC_EBSD_SlipPartitioning_0#10,roma|pyramid_v2|none|s0,SlipPartitioning,roma,core,713.223,9419.290494600575,9671.051310742896,False,False,False
eval_CoNi-AM90_SEM-DIC_EBSD_SlipPartitioning_0#10,roma|direct|invert|s0,SlipPartitioning,roma,transform,870.546,10061.608156732123,9671.051310742896,False,False,False
eval_CoNi-AM90_SEM-DIC_EBSD_SlipPartitioning_0#10,roma|direct|histmatch|s0,SlipPartitioning,roma,transform,838.503,10226.239297340187,9671.051310742896,False,False,False
eval_CoNi-AM90_SEM-DIC_EBSD_SlipPartitioning_0#10,roma|direct|clahe|s0,SlipPartitioning,roma,transform,808.638,9320.893088930809,9671.051310742896,False,False,False
eval_CoNi-AM90_SEM-DIC_EBSD_SlipPartitioning_0#10,roma|direct|gradmag|s0,SlipPartitioning,roma,transform,890.031,10211.428201589179,9671.051310742896,False,False,False
eval_CoNi-AM90_SEM-DIC_EBSD_SlipPartitioning_0#11,roma|direct|none|s0,SlipPartitioning,roma,core,971.197,10151.560301826721,9671.051310742896,False,False,False
eval_CoNi-AM90_SEM-DIC_EBSD_SlipPartitioning_0#11,roma|pyramid_v2|none|s0,SlipPartitioning,roma,core,1037.858,10317.133938319294,9671.051310742896,False,False,False
eval_CoNi-AM90_SEM-DIC_EBSD_SlipPartitioning_0#11,roma|direct|invert|s0,SlipPartitioning,roma,transform,1030.409,10176.313063848773,9671.051310742896,False,False,False
eval_CoNi-AM90_SEM-DIC_EBSD_SlipPartitioning_0#11,roma|direct|histmatch|s0,SlipPartitioning,roma,transform,639.226,10010.291671315888,9671.051310742896,False,False,False
eval_CoNi-AM90_SEM-DIC_EBSD_SlipPartitioning_0#11,roma|direct|clahe|s0,SlipPartitioning,roma,transform,930.582,10177.349223462827,9671.051310742896,False,False,False
eval_CoNi-AM90_SEM-DIC_EBSD_SlipPartitioning_0#11,roma|direct|gradmag|s0,SlipPartitioning,roma,transform,751.729,10354.546625724195,9671.051310742896,False,False,False
eval_CoNi-AM90_SEM-DIC_EBSD_SlipPartitioning_0#12,roma|direct|none|s0,SlipPartitioning,roma,core,816.549,10044.342522848454,9671.051310742896,False,False,False
eval_CoNi-AM90_SEM-DIC_EBSD_SlipPartitioning_0#12,roma|pyramid_v2|none|s0,SlipPartitioning,roma,core,917.834,10232.956875581567,9671.051310742896,False,False,False
eval_CoNi-AM90_SEM-DIC_EBSD_SlipPartitioning_0#12,roma|direct|invert|s0,SlipPartitioning,roma,transform,971.551,10359.743117679905,9671.051310742896,False,False,False
eval_CoNi-AM90_SEM-DIC_EBSD_SlipPartitioning_0#12,roma|direct|histmatch|s0,SlipPartitioning,roma,transform,832.711,10101.339986739025,9671.051310742896,False,False,False
eval_CoNi-AM90_SEM-DIC_EBSD_SlipPartitioning_0#12,roma|direct|clahe|s0,SlipPartitioning,roma,transform,889.397,10224.281364076522,9671.051310742896,False,False,False
eval_CoNi-AM90_SEM-DIC_EBSD_SlipPartitioning_0#12,roma|direct|gradmag|s0,SlipPartitioning,roma,transform,773.604,10349.880683137208,9671.051310742896,False,False,False
eval_CoNi-AM90_SEM-DIC_EBSD_SlipPartitioning_0#13,roma|direct|none|s0,SlipPartitioning,roma,core,796.971,10120.021154825177,9671.051310742896,False,False,False
eval_CoNi-AM90_SEM-DIC_EBSD_SlipPartitioning_0#13,roma|pyramid_v2|none|s0,SlipPartitioning,roma,core,884.937,10212.983372371558,9671.051310742896,False,False,False
eval_CoNi-AM90_SEM-DIC_EBSD_SlipPartitioning_0#13,roma|direct|invert|s0,SlipPartitioning,roma,transform,820.719,10259.975402908516,9671.051310742896,False,False,False
eval_CoNi-AM90_SEM-DIC_EBSD_SlipPartitioning_0#13,roma|direct|histmatch|s0,SlipPartitioning,roma,transform,667.954,9465.639937721066,9671.051310742896,False,False,False
eval_CoNi-AM90_SEM-DIC_EBSD_SlipPartitioning_0#13,roma|direct|clahe|s0,SlipPartitioning,roma,transform,801.392,10178.55357127799,9671.051310742896,False,False,False
eval_CoNi-AM90_SEM-DIC_EBSD_SlipPartitioning_0#13,roma|direct|gradmag|s0,SlipPartitioning,roma,transform,885.601,10208.603343400217,9671.051310742896,False,False,False
eval_CoNi-AM90_SEM-DIC_EBSD_SlipPartitioning_0#14,roma|direct|none|s0,SlipPartitioning,roma,core,870.737,10111.630710846777,9671.051310742896,False,False,False
eval_CoNi-AM90_SEM-DIC_EBSD_SlipPartitioning_0#14,roma|pyramid_v2|none|s0,SlipPartitioning,roma,core,870.737,10111.630710846777,9671.051310742896,False,False,False
eval_CoNi-AM90_SEM-DIC_EBSD_SlipPartitioning_0#14,roma|direct|invert|s0,SlipPartitioning,roma,transform,947.702,10156.637762140355,9671.051310742896,False,False,False
eval_CoNi-AM90_SEM-DIC_EBSD_SlipPartitioning_0#14,roma|direct|histmatch|s0,SlipPartitioning,roma,transform,3313.141,10334.262411025888,9671.051310742896,False,False,False
eval_CoNi-AM90_SEM-DIC_EBSD_SlipPartitioning_0#14,roma|direct|clahe|s0,SlipPartitioning,roma,transform,935.907,10193.662691941458,9671.051310742896,False,False,False
eval_CoNi-AM90_SEM-DIC_EBSD_SlipPartitioning_0#14,roma|direct|gradmag|s0,SlipPartitioning,roma,transform,2257.597,10924.57255604938,9671.051310742896,False,False,False
eval_CoNi-AM90_SEM-DIC_EBSD_SlipPartitioning_0#15,roma|direct|none|s0,SlipPartitioning,roma,core,528.102,9978.959364789776,9671.051310742896,False,False,False
eval_CoNi-AM90_SEM-DIC_EBSD_SlipPartitioning_0#15,roma|pyramid_v2|none|s0,SlipPartitioning,roma,core,528.102,9978.959364789776,9671.051310742896,False,False,False
eval_CoNi-AM90_SEM-DIC_EBSD_SlipPartitioning_0#15,roma|direct|invert|s0,SlipPartitioning,roma,transform,138.117,9696.25133294124,9671.051310742896,False,False,False
eval_CoNi-AM90_SEM-DIC_EBSD_SlipPartitioning_0#15,roma|direct|histmatch|s0,SlipPartitioning,roma,transform,516.999,10001.15516519913,9671.051310742896,False,False,False
eval_CoNi-AM90_SEM-DIC_EBSD_SlipPartitioning_0#15,roma|direct|clahe|s0,SlipPartitioning,roma,transform,288.341,9855.28403089621,9671.051310742896,False,False,False
eval_CoNi-AM90_SEM-DIC_EBSD_SlipPartitioning_0#15,roma|direct|gradmag|s0,SlipPartitioning,roma,transform,609.836,10025.372847519557,9671.051310742896,False,False,False
eval_CoNi-AM90_SEM-DIC_EBSD_SlipPartitioning_0#16,roma|direct|none|s0,SlipPartitioning,roma,core,651.907,10073.98198921139,9671.051310742896,False,False,False
eval_CoNi-AM90_SEM-DIC_EBSD_SlipPartitioning_0#16,roma|pyramid_v2|none|s0,SlipPartitioning,roma,core,672.554,10100.229247297157,9671.051310742896,False,False,False
eval_CoNi-AM90_SEM-DIC_EBSD_SlipPartitioning_0#16,roma|direct|invert|s0,SlipPartitioning,roma,transform,634.921,10052.446045618506,9671.051310742896,False,False,False
eval_CoNi-AM90_SEM-DIC_EBSD_SlipPartitioning_0#16,roma|direct|histmatch|s0,SlipPartitioning,roma,transform,559.491,10002.688389805593,9671.051310742896,False,False,False
eval_CoNi-AM90_SEM-DIC_EBSD_SlipPartitioning_0#16,roma|direct|clahe|s0,SlipPartitioning,roma,transform,327.187,9815.339127784557,9671.051310742896,False,False,False
eval_CoNi-AM90_SEM-DIC_EBSD_SlipPartitioning_0#16,roma|direct|gradmag|s0,SlipPartitioning,roma,transform,615.227,9955.898095627173,9671.051310742896,False,False,False
eval_CoNi-AM90_SEM-DIC_EBSD_SlipPartitioning_0#17,roma|direct|none|s0,SlipPartitioning,roma,core,911.564,10198.66424111013,9671.051310742896,False,False,False
eval_CoNi-AM90_SEM-DIC_EBSD_SlipPartitioning_0#17,roma|pyramid_v2|none|s0,SlipPartitioning,roma,core,911.564,10198.66424111013,9671.051310742896,False,False,False
eval_CoNi-AM90_SEM-DIC_EBSD_SlipPartitioning_0#17,roma|direct|invert|s0,SlipPartitioning,roma,transform,916.042,10208.71967853349,9671.051310742896,False,False,False
eval_CoNi-AM90_SEM-DIC_EBSD_SlipPartitioning_0#17,roma|direct|histmatch|s0,SlipPartitioning,roma,transform,892.204,10163.652817238539,9671.051310742896,False,False,False
eval_CoNi-AM90_SEM-DIC_EBSD_SlipPartitioning_0#17,roma|direct|clahe|s0,SlipPartitioning,roma,transform,829.331,10159.147644151715,9671.051310742896,False,False,False
eval_CoNi-AM90_SEM-DIC_EBSD_SlipPartitioning_0#17,roma|direct|gradmag|s0,SlipPartitioning,roma,transform,326.108,9799.188600938664,9671.051310742896,False,False,False
eval_CoNi-AM90_SEM-DIC_EBSD_SlipPartitioning_0#18,roma|direct|none|s0,SlipPartitioning,roma,core,427.847,9887.634685327073,9671.051310742896,False,False,False
eval_CoNi-AM90_SEM-DIC_EBSD_SlipPartitioning_0#18,roma|pyramid_v2|none|s0,SlipPartitioning,roma,core,735.888,10188.119372990286,9671.051310742896,False,False,False
eval_CoNi-AM90_SEM-DIC_EBSD_SlipPartitioning_0#18,roma|direct|invert|s0,SlipPartitioning,roma,transform,168.04,9668.839448276558,9671.051310742896,False,False,False
eval_CoNi-AM90_SEM-DIC_EBSD_SlipPartitioning_0#18,roma|direct|histmatch|s0,SlipPartitioning,roma,transform,537.898,9973.597846165658,9671.051310742896,False,False,False
eval_CoNi-AM90_SEM-DIC_EBSD_SlipPartitioning_0#18,roma|direct|clahe|s0,SlipPartitioning,roma,transform,415.935,9990.437861410832,9671.051310742896,False,False,False
eval_CoNi-AM90_SEM-DIC_EBSD_SlipPartitioning_0#18,roma|direct|gradmag|s0,SlipPartitioning,roma,transform,514.44,10043.04660234921,9671.051310742896,False,False,False
eval_CoNi-AM90_SEM-DIC_EBSD_SlipPartitioning_0#19,roma|direct|none|s0,SlipPartitioning,roma,core,681.189,10088.938475753972,9671.051310742896,False,False,False
eval_CoNi-AM90_SEM-DIC_EBSD_SlipPartitioning_0#19,roma|pyramid_v2|none|s0,SlipPartitioning,roma,core,695.701,12709.210493298357,9671.051310742896,False,False,False
eval_CoNi-AM90_SEM-DIC_EBSD_SlipPartitioning_0#19,roma|direct|invert|s0,SlipPartitioning,roma,transform,710.309,10117.90040559059,9671.051310742896,False,False,False
eval_CoNi-AM90_SEM-DIC_EBSD_SlipPartitioning_0#19,roma|direct|histmatch|s0,SlipPartitioning,roma,transform,740.556,10112.701312700787,9671.051310742896,False,False,False
eval_CoNi-AM90_SEM-DIC_EBSD_SlipPartitioning_0#19,roma|direct|clahe|s0,SlipPartitioning,roma,transform,617.126,10152.26789676586,9671.051310742896,False,False,False
eval_CoNi-AM90_SEM-DIC_EBSD_SlipPartitioning_0#19,roma|direct|gradmag|s0,SlipPartitioning,roma,transform,638.585,10016.139115880733,9671.051310742896,False,False,False
eval_CoNi-AM90_SEM-DIC_EBSD_SlipPartitioning_0#20,roma|direct|none|s0,SlipPartitioning,roma,core,894.923,10208.15624432683,9671.051310742896,False,False,False
eval_CoNi-AM90_SEM-DIC_EBSD_SlipPartitioning_0#20,roma|pyramid_v2|none|s0,SlipPartitioning,roma,core,894.923,10208.15624432683,9671.051310742896,False,False,False
eval_CoNi-AM90_SEM-DIC_EBSD_SlipPartitioning_0#20,roma|direct|invert|s0,SlipPartitioning,roma,transform,370.025,9913.381446964637,9671.051310742896,False,False,False
eval_CoNi-AM90_SEM-DIC_EBSD_SlipPartitioning_0#20,roma|direct|histmatch|s0,SlipPartitioning,roma,transform,689.93,10002.522238816753,9671.051310742896,False,False,False
eval_CoNi-AM90_SEM-DIC_EBSD_SlipPartitioning_0#20,roma|direct|clahe|s0,SlipPartitioning,roma,transform,469.558,10146.976563708602,9671.051310742896,False,False,False
eval_CoNi-AM90_SEM-DIC_EBSD_SlipPartitioning_0#20,roma|direct|gradmag|s0,SlipPartitioning,roma,transform,1110.619,11069.282392226483,9671.051310742896,False,False,False
eval_CoNi-AM90_SEM-DIC_EBSD_SlipPartitioning_0#21,roma|direct|none|s0,SlipPartitioning,roma,core,354.052,9886.753045846244,9671.051310742896,False,False,False
eval_CoNi-AM90_SEM-DIC_EBSD_SlipPartitioning_0#21,roma|pyramid_v2|none|s0,SlipPartitioning,roma,core,401.501,9958.168431261203,9671.051310742896,False,False,False
eval_CoNi-AM90_SEM-DIC_EBSD_SlipPartitioning_0#21,roma|direct|invert|s0,SlipPartitioning,roma,transform,561.754,10011.234040776215,9671.051310742896,False,False,False
eval_CoNi-AM90_SEM-DIC_EBSD_SlipPartitioning_0#21,roma|direct|histmatch|s0,SlipPartitioning,roma,transform,423.118,9926.748573694871,9671.051310742896,False,False,False
eval_CoNi-AM90_SEM-DIC_EBSD_SlipPartitioning_0#21,roma|direct|clahe|s0,SlipPartitioning,roma,transform,579.189,10054.959122271044,9671.051310742896,False,False,False
eval_CoNi-AM90_SEM-DIC_EBSD_SlipPartitioning_0#21,roma|direct|gradmag|s0,SlipPartitioning,roma,transform,292.631,9718.302632855146,9671.051310742896,False,False,False
eval_CoNi-AM90_SEM-DIC_EBSD_SlipPartitioning_0#22,roma|direct|none|s0,SlipPartitioning,roma,core,420.908,9558.007380480802,9671.051310742896,False,False,False
eval_CoNi-AM90_SEM-DIC_EBSD_SlipPartitioning_0#22,roma|pyramid_v2|none|s0,SlipPartitioning,roma,core,420.908,9558.007380480802,9671.051310742896,False,False,False
eval_CoNi-AM90_SEM-DIC_EBSD_SlipPartitioning_0#22,roma|direct|invert|s0,SlipPartitioning,roma,transform,665.179,10052.02263535849,9671.051310742896,False,False,False
eval_CoNi-AM90_SEM-DIC_EBSD_SlipPartitioning_0#22,roma|direct|histmatch|s0,SlipPartitioning,roma,transform,434.084,9886.90521236581,9671.051310742896,False,False,False
eval_CoNi-AM90_SEM-DIC_EBSD_SlipPartitioning_0#22,roma|direct|clahe|s0,SlipPartitioning,roma,transform,514.416,9706.206166244327,9671.051310742896,False,False,False
eval_CoNi-AM90_SEM-DIC_EBSD_SlipPartitioning_0#22,roma|direct|gradmag|s0,SlipPartitioning,roma,transform,904.617,10357.90721616647,9671.051310742896,False,False,False
eval_CoNi-AM90_SEM-DIC_EBSD_SlipPartitioning_0#23,roma|direct|none|s0,SlipPartitioning,roma,core,913.676,10114.6945889523,9671.051310742896,False,False,False
eval_CoNi-AM90_SEM-DIC_EBSD_SlipPartitioning_0#23,roma|pyramid_v2|none|s0,SlipPartitioning,roma,core,913.676,10114.6945889523,9671.051310742896,False,False,False
eval_CoNi-AM90_SEM-DIC_EBSD_SlipPartitioning_0#23,roma|direct|invert|s0,SlipPartitioning,roma,transform,771.12,10160.91168516838,9671.051310742896,False,False,False
eval_CoNi-AM90_SEM-DIC_EBSD_SlipPartitioning_0#23,roma|direct|histmatch|s0,SlipPartitioning,roma,transform,820.413,10132.692973627805,9671.051310742896,False,False,False
eval_CoNi-AM90_SEM-DIC_EBSD_SlipPartitioning_0#23,roma|direct|clahe|s0,SlipPartitioning,roma,transform,314.441,9773.242628191265,9671.051310742896,False,False,False
eval_CoNi-AM90_SEM-DIC_EBSD_SlipPartitioning_0#23,roma|direct|gradmag|s0,SlipPartitioning,roma,transform,417.254,9902.1715467901,9671.051310742896,False,False,False
eval_CoNi-AM90_SEM-DIC_EBSD_SlipPartitioning_0#24,roma|direct|none|s0,SlipPartitioning,roma,core,658.967,10679.372973051797,9671.051310742896,False,False,False
eval_CoNi-AM90_SEM-DIC_EBSD_SlipPartitioning_0#24,roma|pyramid_v2|none|s0,SlipPartitioning,roma,core,658.967,10679.372973051797,9671.051310742896,False,False,False
eval_CoNi-AM90_SEM-DIC_EBSD_SlipPartitioning_0#24,roma|direct|invert|s0,SlipPartitioning,roma,transform,625.027,10056.187650390666,9671.051310742896,False,False,False
eval_CoNi-AM90_SEM-DIC_EBSD_SlipPartitioning_0#24,roma|direct|histmatch|s0,SlipPartitioning,roma,transform,563.172,9995.99775525184,9671.051310742896,False,False,False
eval_CoNi-AM90_SEM-DIC_EBSD_SlipPartitioning_0#24,roma|direct|clahe|s0,SlipPartitioning,roma,transform,467.143,9983.284033142803,9671.051310742896,False,False,False
eval_CoNi-AM90_SEM-DIC_EBSD_SlipPartitioning_0#24,roma|direct|gradmag|s0,SlipPartitioning,roma,transform,225.957,9658.505451326742,9671.051310742896,False,False,False
eval_CoNi-AM90_SEM-DIC_EBSD_SlipPartitioning_0#25,roma|direct|none|s0,SlipPartitioning,roma,core,16962.926,10876.474811081234,9671.051310742896,False,False,False
eval_CoNi-AM90_SEM-DIC_EBSD_SlipPartitioning_0#25,roma|pyramid_v2|none|s0,SlipPartitioning,roma,core,16962.926,10876.474811081234,9671.051310742896,False,False,False
eval_CoNi-AM90_SEM-DIC_EBSD_SlipPartitioning_0#25,roma|direct|invert|s0,SlipPartitioning,roma,transform,737.467,10168.024159202121,9671.051310742896,False,False,False
eval_CoNi-AM90_SEM-DIC_EBSD_SlipPartitioning_0#25,roma|direct|histmatch|s0,SlipPartitioning,roma,transform,701.812,10158.81047365886,9671.051310742896,False,False,False
eval_CoNi-AM90_SEM-DIC_EBSD_SlipPartitioning_0#25,roma|direct|clahe|s0,SlipPartitioning,roma,transform,383.048,9647.402325369236,9671.051310742896,False,False,False
eval_CoNi-AM90_SEM-DIC_EBSD_SlipPartitioning_0#25,roma|direct|gradmag|s0,SlipPartitioning,roma,transform,608.385,9946.273444198187,9671.051310742896,False,False,False
eval_CoNi-AM90_SEM-DIC_EBSD_SlipPartitioning_0#26,roma|direct|none|s0,SlipPartitioning,roma,core,789.889,10119.532382306636,9671.051310742896,False,False,False
eval_CoNi-AM90_SEM-DIC_EBSD_SlipPartitioning_0#26,roma|pyramid_v2|none|s0,SlipPartitioning,roma,core,1106.342,10363.87146811979,9671.051310742896,False,False,False
eval_CoNi-AM90_SEM-DIC_EBSD_SlipPartitioning_0#26,roma|direct|invert|s0,SlipPartitioning,roma,transform,867.332,10150.070509978954,9671.051310742896,False,False,False
eval_CoNi-AM90_SEM-DIC_EBSD_SlipPartitioning_0#26,roma|direct|histmatch|s0,SlipPartitioning,roma,transform,628.642,9940.278388861518,9671.051310742896,False,False,False
eval_CoNi-AM90_SEM-DIC_EBSD_SlipPartitioning_0#26,roma|direct|clahe|s0,SlipPartitioning,roma,transform,617.486,9938.448842684873,9671.051310742896,False,False,False
eval_CoNi-AM90_SEM-DIC_EBSD_SlipPartitioning_0#26,roma|direct|gradmag|s0,SlipPartitioning,roma,transform,596.417,10116.700892891808,9671.051310742896,False,False,False
eval_CoNi-AM90_SEM-EBSD_SameSlice_0#0,roma|direct|none|s0,SameSlice,roma,core,2.803,8928.419613450726,8929.302079474888,False,False,False
eval_CoNi-AM90_SEM-EBSD_SameSlice_0#0,roma|pyramid_v2|none|s0,SameSlice,roma,core,2.803,8928.419613450726,8929.302079474888,False,False,False
eval_CoNi-AM90_SEM-EBSD_SameSlice_0#0,roma|direct|invert|s0,SameSlice,roma,transform,785.763,9628.824728677346,8929.302079474888,False,False,False
eval_CoNi-AM90_SEM-EBSD_SameSlice_0#0,roma|direct|histmatch|s0,SameSlice,roma,transform,2.812,8929.842489695615,8929.302079474888,False,False,False
eval_CoNi-AM90_SEM-EBSD_SameSlice_0#0,roma|direct|clahe|s0,SameSlice,roma,transform,3.027,8929.566454634805,8929.302079474888,False,False,False
eval_CoNi-AM90_SEM-EBSD_SameSlice_0#0,roma|direct|gradmag|s0,SameSlice,roma,transform,277.765,9051.678492470128,8929.302079474888,False,False,False
eval_CoNi-AM90_SEM-EBSD_SameSlice_0#1,roma|direct|none|s0,SameSlice,roma,core,126.608,9032.004750269836,8929.302079474888,False,False,False
eval_CoNi-AM90_SEM-EBSD_SameSlice_0#1,roma|pyramid_v2|none|s0,SameSlice,roma,core,126.608,9032.004750269836,8929.302079474888,False,False,False
eval_CoNi-AM90_SEM-EBSD_SameSlice_0#1,roma|direct|invert|s0,SameSlice,roma,transform,720.007,9544.157744125161,8929.302079474888,False,False,False
eval_CoNi-AM90_SEM-EBSD_SameSlice_0#1,roma|direct|histmatch|s0,SameSlice,roma,transform,170.923,9066.485181791402,8929.302079474888,False,False,False
eval_CoNi-AM90_SEM-EBSD_SameSlice_0#1,roma|direct|clahe|s0,SameSlice,roma,transform,4.081,8930.773890539895,8929.302079474888,False,False,False
eval_CoNi-AM90_SEM-EBSD_SameSlice_0#1,roma|direct|gradmag|s0,SameSlice,roma,transform,222.075,8685.450783438135,8929.302079474888,False,False,False
eval_CoNi-AM90_SEM-EBSD_SameSlice_0#2,roma|direct|none|s0,SameSlice,roma,core,274.379,9165.609877959267,8929.302079474888,False,False,False
eval_CoNi-AM90_SEM-EBSD_SameSlice_0#2,roma|pyramid_v2|none|s0,SameSlice,roma,core,274.379,9165.609877959267,8929.302079474888,False,False,False
eval_CoNi-AM90_SEM-EBSD_SameSlice_0#2,roma|direct|invert|s0,SameSlice,roma,transform,11.13,8926.231316374215,8929.302079474888,False,False,False
eval_CoNi-AM90_SEM-EBSD_SameSlice_0#2,roma|direct|histmatch|s0,SameSlice,roma,transform,191.698,9027.15446504607,8929.302079474888,False,False,False
eval_CoNi-AM90_SEM-EBSD_SameSlice_0#2,roma|direct|clahe|s0,SameSlice,roma,transform,4.906,8926.145361625218,8929.302079474888,False,False,False
eval_CoNi-AM90_SEM-EBSD_SameSlice_0#2,roma|direct|gradmag|s0,SameSlice,roma,transform,523.373,9406.562154256122,8929.302079474888,False,False,False
eval_CoNi-AM90_SEM-EBSD_SameSlice_0#3,roma|direct|none|s0,SameSlice,roma,core,493.992,9284.859706413617,8929.302079474888,False,False,False
eval_CoNi-AM90_SEM-EBSD_SameSlice_0#3,roma|pyramid_v2|none|s0,SameSlice,roma,core,733.909,9361.787084623167,8929.302079474888,False,False,False
eval_CoNi-AM90_SEM-EBSD_SameSlice_0#3,roma|direct|invert|s0,SameSlice,roma,transform,661.378,9579.052619605114,8929.302079474888,False,False,False
eval_CoNi-AM90_SEM-EBSD_SameSlice_0#3,roma|direct|histmatch|s0,SameSlice,roma,transform,506.964,9318.899326338613,8929.302079474888,False,False,False
eval_CoNi-AM90_SEM-EBSD_SameSlice_0#3,roma|direct|clahe|s0,SameSlice,roma,transform,712.469,9520.375355000124,8929.302079474888,False,False,False
eval_CoNi-AM90_SEM-EBSD_SameSlice_0#3,roma|direct|gradmag|s0,SameSlice,roma,transform,727.653,9578.995296441095,8929.302079474888,False,False,False
eval_CoNi-AM90_SEM-EBSD_SameSlice_0#4,roma|direct|none|s0,SameSlice,roma,core,696.074,9482.187995948503,8929.302079474888,False,False,False
eval_CoNi-AM90_SEM-EBSD_SameSlice_0#4,roma|pyramid_v2|none|s0,SameSlice,roma,core,696.074,9482.187995948503,8929.302079474888,False,False,False
eval_CoNi-AM90_SEM-EBSD_SameSlice_0#4,roma|direct|invert|s0,SameSlice,roma,transform,713.226,9607.269264120927,8929.302079474888,False,False,False
eval_CoNi-AM90_SEM-EBSD_SameSlice_0#4,roma|direct|histmatch|s0,SameSlice,roma,transform,651.745,9473.583940777376,8929.302079474888,False,False,False
eval_CoNi-AM90_SEM-EBSD_SameSlice_0#4,roma|direct|clahe|s0,SameSlice,roma,transform,613.93,9443.196170010398,8929.302079474888,False,False,False
eval_CoNi-AM90_SEM-EBSD_SameSlice_0#4,roma|direct|gradmag|s0,SameSlice,roma,transform,799.177,8744.692764326757,8929.302079474888,False,False,False
eval_CoNi-AM90_SEM-EBSD_SameSlice_0#5,roma|direct|none|s0,SameSlice,roma,core,132.476,9010.957053863207,8929.302079474888,False,False,False
eval_CoNi-AM90_SEM-EBSD_SameSlice_0#5,roma|pyramid_v2|none|s0,SameSlice,roma,core,132.476,9010.957053863207,8929.302079474888,False,False,False
eval_CoNi-AM90_SEM-EBSD_SameSlice_0#5,roma|direct|invert|s0,SameSlice,roma,transform,4376.599,10365.774608979178,8929.302079474888,False,False,False
eval_CoNi-AM90_SEM-EBSD_SameSlice_0#5,roma|direct|histmatch|s0,SameSlice,roma,transform,419.519,9236.460222665377,8929.302079474888,False,False,False
eval_CoNi-AM90_SEM-EBSD_SameSlice_0#5,roma|direct|clahe|s0,SameSlice,roma,transform,429.319,9068.077914088833,8929.302079474888,False,False,False
eval_CoNi-AM90_SEM-EBSD_SameSlice_0#5,roma|direct|gradmag|s0,SameSlice,roma,transform,433.995,9311.497775018834,8929.302079474888,False,False,False
eval_CoNi_SEM-SE_SEM-BSE_Cracks-SameSliceSerialSectioning_0#0,roma|direct|none|s0,SerialSectioning,roma,core,6.119,1067.7359302233006,1067.3043744784136,False,False,False
eval_CoNi_SEM-SE_SEM-BSE_Cracks-SameSliceSerialSectioning_0#0,roma|pyramid_v2|none|s0,SerialSectioning,roma,core,6.119,1067.7359302233006,1067.3043744784136,False,False,False
eval_CoNi_SEM-SE_SEM-BSE_Cracks-SameSliceSerialSectioning_0#0,roma|direct|invert|s0,SerialSectioning,roma,transform,6.902,1064.0723668000776,1067.3043744784136,False,False,False
eval_CoNi_SEM-SE_SEM-BSE_Cracks-SameSliceSerialSectioning_0#0,roma|direct|histmatch|s0,SerialSectioning,roma,transform,31.833,1073.9184522792536,1067.3043744784136,False,False,False
eval_CoNi_SEM-SE_SEM-BSE_Cracks-SameSliceSerialSectioning_0#0,roma|direct|clahe|s0,SerialSectioning,roma,transform,5.98,1067.6447972113483,1067.3043744784136,False,False,False
eval_CoNi_SEM-SE_SEM-BSE_Cracks-SameSliceSerialSectioning_0#0,roma|direct|gradmag|s0,SerialSectioning,roma,transform,5.836,1064.3069077561615,1067.3043744784136,False,False,False
eval_In718-PrecipitationStrengthened_SEM-BSE_EBSD_SameSliceSerialSectioning_0#0,roma|direct|none|s0,SerialSectioning,roma,core,23.155,3672.09221253242,3666.3568655009735,False,False,False
eval_In718-PrecipitationStrengthened_SEM-BSE_EBSD_SameSliceSerialSectioning_0#0,roma|pyramid_v2|none|s0,SerialSectioning,roma,core,23.155,3672.09221253242,3666.3568655009735,False,False,False
eval_In718-PrecipitationStrengthened_SEM-BSE_EBSD_SameSliceSerialSectioning_0#0,roma|direct|invert|s0,SerialSectioning,roma,transform,20.222,3664.915366136696,3666.3568655009735,False,False,False
eval_In718-PrecipitationStrengthened_SEM-BSE_EBSD_SameSliceSerialSectioning_0#0,roma|direct|histmatch|s0,SerialSectioning,roma,transform,31.186,3672.547849586011,3666.3568655009735,False,False,False
eval_In718-PrecipitationStrengthened_SEM-BSE_EBSD_SameSliceSerialSectioning_0#0,roma|direct|clahe|s0,SerialSectioning,roma,transform,26.013,3668.13748066419,3666.3568655009735,False,False,False
eval_In718-PrecipitationStrengthened_SEM-BSE_EBSD_SameSliceSerialSectioning_0#0,roma|direct|gradmag|s0,SerialSectioning,roma,transform,313.482,3543.435152428111,3666.3568655009735,False,False,False
eval_In718-PrecipitationStrengthened_SEM-BSE_EBSD_SameSliceSerialSectioning_1#0,roma|direct|none|s0,SerialSectioning,roma,core,96.001,3656.944226835721,3643.3357725965784,False,False,False
eval_In718-PrecipitationStrengthened_SEM-BSE_EBSD_SameSliceSerialSectioning_1#0,roma|pyramid_v2|none|s0,SerialSectioning,roma,core,36.135,3673.247712274574,3643.3357725965784,False,False,False
eval_In718-PrecipitationStrengthened_SEM-BSE_EBSD_SameSliceSerialSectioning_1#0,roma|direct|invert|s0,SerialSectioning,roma,transform,26.586,3648.792269280725,3643.3357725965784,False,False,False
eval_In718-PrecipitationStrengthened_SEM-BSE_EBSD_SameSliceSerialSectioning_1#0,roma|direct|histmatch|s0,SerialSectioning,roma,transform,25.782,3640.12199013221,3643.3357725965784,False,False,False
eval_In718-PrecipitationStrengthened_SEM-BSE_EBSD_SameSliceSerialSectioning_1#0,roma|direct|clahe|s0,SerialSectioning,roma,transform,33.128,3670.80703581838,3643.3357725965784,False,False,False
eval_In718-PrecipitationStrengthened_SEM-BSE_EBSD_SameSliceSerialSectioning_1#0,roma|direct|gradmag|s0,SerialSectioning,roma,transform,148.925,3610.191548669789,3643.3357725965784,False,False,False
eval_In718-PrecipitationStrengthened_SEM-BSE_EBSD_SameSliceSerialSectioning_2#0,roma|direct|none|s0,SerialSectioning,roma,core,51.196,3685.428634358171,3644.479519716709,False,False,False
eval_In718-PrecipitationStrengthened_SEM-BSE_EBSD_SameSliceSerialSectioning_2#0,roma|pyramid_v2|none|s0,SerialSectioning,roma,core,51.196,3685.428634358171,3644.479519716709,False,False,False
eval_In718-PrecipitationStrengthened_SEM-BSE_EBSD_SameSliceSerialSectioning_2#0,roma|direct|invert|s0,SerialSectioning,roma,transform,119.952,3642.934681743755,3644.479519716709,False,False,False
eval_In718-PrecipitationStrengthened_SEM-BSE_EBSD_SameSliceSerialSectioning_2#0,roma|direct|histmatch|s0,SerialSectioning,roma,transform,142.266,3801.149788362488,3644.479519716709,False,False,False
eval_In718-PrecipitationStrengthened_SEM-BSE_EBSD_SameSliceSerialSectioning_2#0,roma|direct|clahe|s0,SerialSectioning,roma,transform,40.139,3675.758546352129,3644.479519716709,False,False,False
eval_In718-PrecipitationStrengthened_SEM-BSE_EBSD_SameSliceSerialSectioning_2#0,roma|direct|gradmag|s0,SerialSectioning,roma,transform,103.816,3637.6694750141846,3644.479519716709,False,False,False
eval_In718-PrecipitationStrengthened_SEM-BSE_EBSD_SameSliceSerialSectioning_3#0,roma|direct|none|s0,SerialSectioning,roma,core,704.582,3323.090226107928,3646.2391600041365,False,False,False
eval_In718-PrecipitationStrengthened_SEM-BSE_EBSD_SameSliceSerialSectioning_3#0,roma|pyramid_v2|none|s0,SerialSectioning,roma,core,53.714,3669.134351737477,3646.2391600041365,False,False,False
eval_In718-PrecipitationStrengthened_SEM-BSE_EBSD_SameSliceSerialSectioning_3#0,roma|direct|invert|s0,SerialSectioning,roma,transform,32.747,3657.6107039792837,3646.2391600041365,False,False,False
eval_In718-PrecipitationStrengthened_SEM-BSE_EBSD_SameSliceSerialSectioning_3#0,roma|direct|histmatch|s0,SerialSectioning,roma,transform,523.858,3344.9174758236713,3646.2391600041365,False,False,False
eval_In718-PrecipitationStrengthened_SEM-BSE_EBSD_SameSliceSerialSectioning_3#0,roma|direct|clahe|s0,SerialSectioning,roma,transform,32.31,3661.6166499242695,3646.2391600041365,False,False,False
eval_In718-PrecipitationStrengthened_SEM-BSE_EBSD_SameSliceSerialSectioning_3#0,roma|direct|gradmag|s0,SerialSectioning,roma,transform,41.13,3680.6619368734932,3646.2391600041365,False,False,False
eval_In718-PrecipitationStrengthened_SEM-DIC_EBSD_SlipPartitioning_0#0,roma|direct|none|s0,SlipPartitioning,roma,core,322.411,6687.018073328783,6545.947731845366,False,False,False
eval_In718-PrecipitationStrengthened_SEM-DIC_EBSD_SlipPartitioning_0#0,roma|pyramid_v2|none|s0,SlipPartitioning,roma,core,322.411,6687.018073328783,6545.947731845366,False,False,False
eval_In718-PrecipitationStrengthened_SEM-DIC_EBSD_SlipPartitioning_0#0,roma|direct|invert|s0,SlipPartitioning,roma,transform,408.546,6669.30634016699,6545.947731845366,False,False,False
eval_In718-PrecipitationStrengthened_SEM-DIC_EBSD_SlipPartitioning_0#0,roma|direct|histmatch|s0,SlipPartitioning,roma,transform,114.753,6756.841791569081,6545.947731845366,False,False,False
eval_In718-PrecipitationStrengthened_SEM-DIC_EBSD_SlipPartitioning_0#0,roma|direct|clahe|s0,SlipPartitioning,roma,transform,351.107,6680.628859859588,6545.947731845366,False,False,False
eval_In718-PrecipitationStrengthened_SEM-DIC_EBSD_SlipPartitioning_0#0,roma|direct|gradmag|s0,SlipPartitioning,roma,transform,4.902,6550.5559403734005,6545.947731845366,False,False,False
eval_In718-PrecipitationStrengthened_SEM-DIC_EBSD_SlipPartitioning_0#1,roma|direct|none|s0,SlipPartitioning,roma,core,324.231,6879.589514732809,6545.947731845366,False,False,False
eval_In718-PrecipitationStrengthened_SEM-DIC_EBSD_SlipPartitioning_0#1,roma|pyramid_v2|none|s0,SlipPartitioning,roma,core,324.231,6879.589514732809,6545.947731845366,False,False,False
eval_In718-PrecipitationStrengthened_SEM-DIC_EBSD_SlipPartitioning_0#1,roma|direct|invert|s0,SlipPartitioning,roma,transform,344.742,6933.172889068397,6545.947731845366,False,False,False
eval_In718-PrecipitationStrengthened_SEM-DIC_EBSD_SlipPartitioning_0#1,roma|direct|histmatch|s0,SlipPartitioning,roma,transform,115.757,6757.37322767923,6545.947731845366,False,False,False
eval_In718-PrecipitationStrengthened_SEM-DIC_EBSD_SlipPartitioning_0#1,roma|direct|clahe|s0,SlipPartitioning,roma,transform,315.521,6659.47351033218,6545.947731845366,False,False,False
eval_In718-PrecipitationStrengthened_SEM-DIC_EBSD_SlipPartitioning_0#1,roma|direct|gradmag|s0,SlipPartitioning,roma,transform,302.937,7094.365097788802,6545.947731845366,False,False,False
eval_In718-PrecipitationStrengthened_SEM-DIC_EBSD_SlipPartitioning_0#2,roma|direct|none|s0,SlipPartitioning,roma,core,355.738,6659.67099455162,6545.947731845366,False,False,False
eval_In718-PrecipitationStrengthened_SEM-DIC_EBSD_SlipPartitioning_0#2,roma|pyramid_v2|none|s0,SlipPartitioning,roma,core,355.738,6659.67099455162,6545.947731845366,False,False,False
eval_In718-PrecipitationStrengthened_SEM-DIC_EBSD_SlipPartitioning_0#2,roma|direct|invert|s0,SlipPartitioning,roma,transform,356.647,6654.9670284240765,6545.947731845366,False,False,False
eval_In718-PrecipitationStrengthened_SEM-DIC_EBSD_SlipPartitioning_0#2,roma|direct|histmatch|s0,SlipPartitioning,roma,transform,115.369,6757.018193295072,6545.947731845366,False,False,False
eval_In718-PrecipitationStrengthened_SEM-DIC_EBSD_SlipPartitioning_0#2,roma|direct|clahe|s0,SlipPartitioning,roma,transform,345.126,6691.595358504581,6545.947731845366,False,False,False
eval_In718-PrecipitationStrengthened_SEM-DIC_EBSD_SlipPartitioning_0#2,roma|direct|gradmag|s0,SlipPartitioning,roma,transform,5.401,6549.784411315592,6545.947731845366,False,False,False
eval_In718-PrecipitationStrengthened_SEM-DIC_EBSD_SlipPartitioning_0#3,roma|direct|none|s0,SlipPartitioning,roma,core,773.747,16668.0803555223,6545.947731845366,False,False,False
eval_In718-PrecipitationStrengthened_SEM-DIC_EBSD_SlipPartitioning_0#3,roma|pyramid_v2|none|s0,SlipPartitioning,roma,core,773.747,16668.0803555223,6545.947731845366,False,False,False
eval_In718-PrecipitationStrengthened_SEM-DIC_EBSD_SlipPartitioning_0#3,roma|direct|invert|s0,SlipPartitioning,roma,transform,314.952,6889.067479522237,6545.947731845366,False,False,False
eval_In718-PrecipitationStrengthened_SEM-DIC_EBSD_SlipPartitioning_0#3,roma|direct|histmatch|s0,SlipPartitioning,roma,transform,115.29,6756.935999168117,6545.947731845366,False,False,False
eval_In718-PrecipitationStrengthened_SEM-DIC_EBSD_SlipPartitioning_0#3,roma|direct|clahe|s0,SlipPartitioning,roma,transform,334.427,6679.135840085993,6545.947731845366,False,False,False
eval_In718-PrecipitationStrengthened_SEM-DIC_EBSD_SlipPartitioning_0#3,roma|direct|gradmag|s0,SlipPartitioning,roma,transform,4.871,6543.554082113329,6545.947731845366,False,False,False
eval_In718-SolutionStrengthened_SEM-SE_EBSD_SameSliceSerialSectioning_0#0,roma|direct|none|s0,SerialSectioning,roma,core,419.016,565.2109737869458,915.3036002283283,False,False,False
eval_In718-SolutionStrengthened_SEM-SE_EBSD_SameSliceSerialSectioning_0#0,roma|pyramid_v2|none|s0,SerialSectioning,roma,core,419.016,565.2109737869458,915.3036002283283,False,False,False
eval_In718-SolutionStrengthened_SEM-SE_EBSD_SameSliceSerialSectioning_0#0,roma|direct|invert|s0,SerialSectioning,roma,transform,523.378,476.43558267250205,915.3036002283283,False,False,False
eval_In718-SolutionStrengthened_SEM-SE_EBSD_SameSliceSerialSectioning_0#0,roma|direct|histmatch|s0,SerialSectioning,roma,transform,407.11,613.9425994588069,915.3036002283283,False,False,False
eval_In718-SolutionStrengthened_SEM-SE_EBSD_SameSliceSerialSectioning_0#0,roma|direct|clahe|s0,SerialSectioning,roma,transform,693.772,2685.0448638187954,915.3036002283283,False,False,False
eval_In718-SolutionStrengthened_SEM-SE_EBSD_SameSliceSerialSectioning_0#0,roma|direct|gradmag|s0,SerialSectioning,roma,transform,539.408,450.89540780593853,915.3036002283283,False,False,False
eval_In718-SolutionStrengthened_SEM-SE_EBSD_SameSliceSerialSectioning_0#1,roma|direct|none|s0,SerialSectioning,roma,core,350.978,565.8426399683707,857.8366028120234,False,False,False
eval_In718-SolutionStrengthened_SEM-SE_EBSD_SameSliceSerialSectioning_0#1,roma|pyramid_v2|none|s0,SerialSectioning,roma,core,350.978,565.8426399683707,857.8366028120234,False,False,False
eval_In718-SolutionStrengthened_SEM-SE_EBSD_SameSliceSerialSectioning_0#1,roma|direct|invert|s0,SerialSectioning,roma,transform,239.676,1523.3391251566288,857.8366028120234,False,False,False
eval_In718-SolutionStrengthened_SEM-SE_EBSD_SameSliceSerialSectioning_0#1,roma|direct|histmatch|s0,SerialSectioning,roma,transform,703.657,924.3596418662628,857.8366028120234,False,False,False
eval_In718-SolutionStrengthened_SEM-SE_EBSD_SameSliceSerialSectioning_0#1,roma|direct|clahe|s0,SerialSectioning,roma,transform,1824.889,1554.0477625002773,857.8366028120234,False,False,False
eval_In718-SolutionStrengthened_SEM-SE_EBSD_SameSliceSerialSectioning_0#1,roma|direct|gradmag|s0,SerialSectioning,roma,transform,589.173,578.5148170515173,857.8366028120234,False,False,False
eval_In718-SolutionStrengthened_SEM-SE_EBSD_SameSliceSerialSectioning_0#2,roma|direct|none|s0,SerialSectioning,roma,core,232.21,897.3332157908229,857.8366028120234,False,False,False
eval_In718-SolutionStrengthened_SEM-SE_EBSD_SameSliceSerialSectioning_0#2,roma|pyramid_v2|none|s0,SerialSectioning,roma,core,232.21,897.3332157908229,857.8366028120234,False,False,False
eval_In718-SolutionStrengthened_SEM-SE_EBSD_SameSliceSerialSectioning_0#2,roma|direct|invert|s0,SerialSectioning,roma,transform,259.662,882.4022867647302,857.8366028120234,False,False,False
eval_In718-SolutionStrengthened_SEM-SE_EBSD_SameSliceSerialSectioning_0#2,roma|direct|histmatch|s0,SerialSectioning,roma,transform,218.82,781.9305494797597,857.8366028120234,False,False,False
eval_In718-SolutionStrengthened_SEM-SE_EBSD_SameSliceSerialSectioning_0#2,roma|direct|clahe|s0,SerialSectioning,roma,transform,295.031,599.1387231752248,857.8366028120234,False,False,False
eval_In718-SolutionStrengthened_SEM-SE_EBSD_SameSliceSerialSectioning_0#2,roma|direct|gradmag|s0,SerialSectioning,roma,transform,203.558,693.9693361268005,857.8366028120234,False,False,False
eval_In718-SolutionStrengthened_SEM-SE_EBSD_SameSliceSerialSectioning_0#3,roma|direct|none|s0,SerialSectioning,roma,core,217.528,755.0299987596659,857.8366028120234,False,False,False
eval_In718-SolutionStrengthened_SEM-SE_EBSD_SameSliceSerialSectioning_0#3,roma|pyramid_v2|none|s0,SerialSectioning,roma,core,217.528,755.0299987596659,857.8366028120234,False,False,False
eval_In718-SolutionStrengthened_SEM-SE_EBSD_SameSliceSerialSectioning_0#3,roma|direct|invert|s0,SerialSectioning,roma,transform,203.216,732.3370174067838,857.8366028120234,False,False,False
eval_In718-SolutionStrengthened_SEM-SE_EBSD_SameSliceSerialSectioning_0#3,roma|direct|histmatch|s0,SerialSectioning,roma,transform,563.73,1215.0450005941104,857.8366028120234,False,False,False
eval_In718-SolutionStrengthened_SEM-SE_EBSD_SameSliceSerialSectioning_0#3,roma|direct|clahe|s0,SerialSectioning,roma,transform,64351.353,1020.4780161065398,857.8366028120234,False,False,False
eval_In718-SolutionStrengthened_SEM-SE_EBSD_SameSliceSerialSectioning_0#3,roma|direct|gradmag|s0,SerialSectioning,roma,transform,1819.501,2210.191722098485,857.8366028120234,False,False,False
eval_In718-SolutionStrengthened_SEM-SE_EBSD_SameSliceSerialSectioning_1#0,roma|direct|none|s0,SerialSectioning,roma,core,16.316,654.4060437538762,643.9548230749092,False,False,False
eval_In718-SolutionStrengthened_SEM-SE_EBSD_SameSliceSerialSectioning_1#0,roma|pyramid_v2|none|s0,SerialSectioning,roma,core,16.316,654.4060437538762,643.9548230749092,False,False,False
eval_In718-SolutionStrengthened_SEM-SE_EBSD_SameSliceSerialSectioning_1#0,roma|direct|invert|s0,SerialSectioning,roma,transform,14.59,653.4729352838655,643.9548230749092,False,False,False
eval_In718-SolutionStrengthened_SEM-SE_EBSD_SameSliceSerialSectioning_1#0,roma|direct|histmatch|s0,SerialSectioning,roma,transform,23.58,660.999663864545,643.9548230749092,False,False,False
eval_In718-SolutionStrengthened_SEM-SE_EBSD_SameSliceSerialSectioning_1#0,roma|direct|clahe|s0,SerialSectioning,roma,transform,13.825,650.7209222738269,643.9548230749092,False,False,False
eval_In718-SolutionStrengthened_SEM-SE_EBSD_SameSliceSerialSectioning_1#0,roma|direct|gradmag|s0,SerialSectioning,roma,transform,21.235,658.841759869699,643.9548230749092,False,False,False
eval_In718-SolutionStrengthened_SEM-SE_EBSD_SameSliceSerialSectioning_1#1,roma|direct|none|s0,SerialSectioning,roma,core,114.222,664.3423125855353,643.9548230749092,False,False,False
eval_In718-SolutionStrengthened_SEM-SE_EBSD_SameSliceSerialSectioning_1#1,roma|pyramid_v2|none|s0,SerialSectioning,roma,core,114.222,664.3423125855353,643.9548230749092,False,False,False
eval_In718-SolutionStrengthened_SEM-SE_EBSD_SameSliceSerialSectioning_1#1,roma|direct|invert|s0,SerialSectioning,roma,transform,16.748,650.0973111225773,643.9548230749092,False,False,False
eval_In718-SolutionStrengthened_SEM-SE_EBSD_SameSliceSerialSectioning_1#1,roma|direct|histmatch|s0,SerialSectioning,roma,transform,867.052,5573.498098951484,643.9548230749092,False,False,False
eval_In718-SolutionStrengthened_SEM-SE_EBSD_SameSliceSerialSectioning_1#1,roma|direct|clahe|s0,SerialSectioning,roma,transform,171.861,612.7107858249695,643.9548230749092,False,False,False
eval_In718-SolutionStrengthened_SEM-SE_EBSD_SameSliceSerialSectioning_1#1,roma|direct|gradmag|s0,SerialSectioning,roma,transform,42.339,621.4272716154802,643.9548230749092,False,False,False
eval_In718-SolutionStrengthened_SEM-SE_EBSD_SameSliceSerialSectioning_2#0,roma|direct|none|s0,SerialSectioning,roma,core,12.735,654.6748607348297,644.3175629159776,False,False,False
eval_In718-SolutionStrengthened_SEM-SE_EBSD_SameSliceSerialSectioning_2#0,roma|pyramid_v2|none|s0,SerialSectioning,roma,core,12.735,654.6748607348297,644.3175629159776,False,False,False
eval_In718-SolutionStrengthened_SEM-SE_EBSD_SameSliceSerialSectioning_2#0,roma|direct|invert|s0,SerialSectioning,roma,transform,11.27,647.6792277702532,644.3175629159776,False,False,False
eval_In718-SolutionStrengthened_SEM-SE_EBSD_SameSliceSerialSectioning_2#0,roma|direct|histmatch|s0,SerialSectioning,roma,transform,17.388,646.8274530431667,644.3175629159776,False,False,False
eval_In718-SolutionStrengthened_SEM-SE_EBSD_SameSliceSerialSectioning_2#0,roma|direct|clahe|s0,SerialSectioning,roma,transform,16.289,660.2994608509503,644.3175629159776,False,False,False
eval_In718-SolutionStrengthened_SEM-SE_EBSD_SameSliceSerialSectioning_2#0,roma|direct|gradmag|s0,SerialSectioning,roma,transform,19.179,639.4959990066455,644.3175629159776,False,False,False
eval_In718-SolutionStrengthened_SEM-SE_EBSD_SameSliceSerialSectioning_2#1,roma|direct|none|s0,SerialSectioning,roma,core,16.167,644.9528992084325,644.3175629159776,False,False,False
eval_In718-SolutionStrengthened_SEM-SE_EBSD_SameSliceSerialSectioning_2#1,roma|pyramid_v2|none|s0,SerialSectioning,roma,core,16.167,644.9528992084325,644.3175629159776,False,False,False
eval_In718-SolutionStrengthened_SEM-SE_EBSD_SameSliceSerialSectioning_2#1,roma|direct|invert|s0,SerialSectioning,roma,transform,19.599,652.8598266476491,644.3175629159776,False,False,False
eval_In718-SolutionStrengthened_SEM-SE_EBSD_SameSliceSerialSectioning_2#1,roma|direct|histmatch|s0,SerialSectioning,roma,transform,26.049,638.6593645531404,644.3175629159776,False,False,False
eval_In718-SolutionStrengthened_SEM-SE_EBSD_SameSliceSerialSectioning_2#1,roma|direct|clahe|s0,SerialSectioning,roma,transform,13.82,653.8350433078723,644.3175629159776,False,False,False
eval_In718-SolutionStrengthened_SEM-SE_EBSD_SameSliceSerialSectioning_2#1,roma|direct|gradmag|s0,SerialSectioning,roma,transform,21.53,639.3515485252296,644.3175629159776,False,False,False
eval_In718-SolutionStrengthened_SEM-SE_EBSD_SameSliceSerialSectioning_3#0,roma|direct|none|s0,SerialSectioning,roma,core,29.724,633.2256260133698,650.7636247772366,False,False,False
eval_In718-SolutionStrengthened_SEM-SE_EBSD_SameSliceSerialSectioning_3#0,roma|pyramid_v2|none|s0,SerialSectioning,roma,core,29.724,633.2256260133698,650.7636247772366,False,False,False
eval_In718-SolutionStrengthened_SEM-SE_EBSD_SameSliceSerialSectioning_3#0,roma|direct|invert|s0,SerialSectioning,roma,transform,15.658,660.8499774495358,650.7636247772366,False,False,False
eval_In718-SolutionStrengthened_SEM-SE_EBSD_SameSliceSerialSectioning_3#0,roma|direct|histmatch|s0,SerialSectioning,roma,transform,53.228,598.6105693801709,650.7636247772366,False,False,False
eval_In718-SolutionStrengthened_SEM-SE_EBSD_SameSliceSerialSectioning_3#0,roma|direct|clahe|s0,SerialSectioning,roma,transform,20.942,656.7870280949663,650.7636247772366,False,False,False
eval_In718-SolutionStrengthened_SEM-SE_EBSD_SameSliceSerialSectioning_3#0,roma|direct|gradmag|s0,SerialSectioning,roma,transform,29.535,652.3858378414232,650.7636247772366,False,False,False
eval_In718-SolutionStrengthened_SEM-SE_EBSD_SameSliceSerialSectioning_3#1,roma|direct|none|s0,SerialSectioning,roma,core,22.438,656.9930947252826,650.7636247772366,False,False,False
eval_In718-SolutionStrengthened_SEM-SE_EBSD_SameSliceSerialSectioning_3#1,roma|pyramid_v2|none|s0,SerialSectioning,roma,core,22.438,656.9930947252826,650.7636247772366,False,False,False
eval_In718-SolutionStrengthened_SEM-SE_EBSD_SameSliceSerialSectioning_3#1,roma|direct|invert|s0,SerialSectioning,roma,transform,23.341,658.7217897459726,650.7636247772366,False,False,False
eval_In718-SolutionStrengthened_SEM-SE_EBSD_SameSliceSerialSectioning_3#1,roma|direct|histmatch|s0,SerialSectioning,roma,transform,38.701,625.8395503227804,650.7636247772366,False,False,False
eval_In718-SolutionStrengthened_SEM-SE_EBSD_SameSliceSerialSectioning_3#1,roma|direct|clahe|s0,SerialSectioning,roma,transform,31.216,651.6193431542375,650.7636247772366,False,False,False
eval_In718-SolutionStrengthened_SEM-SE_EBSD_SameSliceSerialSectioning_3#1,roma|direct|gradmag|s0,SerialSectioning,roma,transform,40.829,639.650960893609,650.7636247772366,False,False,False
eval_MoTaTiZrHf-HEA-DDRX-1100C_TEM_DislocationCharacterization_0#0,roma|direct|none|s0,DislocationCharacterization,roma,core,26.212,79.31831531249955,72.7054614232099,True,True,False
eval_MoTaTiZrHf-HEA-DDRX-1100C_TEM_DislocationCharacterization_0#0,roma|pyramid_v2|none|s0,DislocationCharacterization,roma,core,26.212,79.31831531249955,72.7054614232099,True,True,False
eval_MoTaTiZrHf-HEA-DDRX-1100C_TEM_DislocationCharacterization_0#0,roma|direct|invert|s0,DislocationCharacterization,roma,transform,19.281,74.62255041407327,72.7054614232099,True,True,False
eval_MoTaTiZrHf-HEA-DDRX-1100C_TEM_DislocationCharacterization_0#0,roma|direct|histmatch|s0,DislocationCharacterization,roma,transform,26.398,80.06033368812587,72.7054614232099,True,True,False
eval_MoTaTiZrHf-HEA-DDRX-1100C_TEM_DislocationCharacterization_0#0,roma|direct|clahe|s0,DislocationCharacterization,roma,transform,27.031,80.57588110690536,72.7054614232099,True,True,False
eval_MoTaTiZrHf-HEA-DDRX-1100C_TEM_DislocationCharacterization_0#0,roma|direct|gradmag|s0,DislocationCharacterization,roma,transform,14.814,76.55219799092701,72.7054614232099,True,True,False
eval_MoTaTiZrHf-HEA-DDRX-1100C_TEM_DislocationCharacterization_0#1,roma|direct|none|s0,DislocationCharacterization,roma,core,16.857,73.60417232588998,72.7054614232099,True,True,False
eval_MoTaTiZrHf-HEA-DDRX-1100C_TEM_DislocationCharacterization_0#1,roma|pyramid_v2|none|s0,DislocationCharacterization,roma,core,16.857,73.60417232588998,72.7054614232099,True,True,False
eval_MoTaTiZrHf-HEA-DDRX-1100C_TEM_DislocationCharacterization_0#1,roma|direct|invert|s0,DislocationCharacterization,roma,transform,19.608,71.46856494515853,72.7054614232099,True,True,False
eval_MoTaTiZrHf-HEA-DDRX-1100C_TEM_DislocationCharacterization_0#1,roma|direct|histmatch|s0,DislocationCharacterization,roma,transform,17.612,75.17269675839123,72.7054614232099,True,True,False
eval_MoTaTiZrHf-HEA-DDRX-1100C_TEM_DislocationCharacterization_0#1,roma|direct|clahe|s0,DislocationCharacterization,roma,transform,20.099,77.81719430520471,72.7054614232099,True,True,False
eval_MoTaTiZrHf-HEA-DDRX-1100C_TEM_DislocationCharacterization_0#1,roma|direct|gradmag|s0,DislocationCharacterization,roma,transform,86.541,113.34957227483066,72.7054614232099,True,True,False
eval_MoTaTiZrHf-HEA-DDRX-1100C_TEM_DislocationCharacterization_0#2,roma|direct|none|s0,DislocationCharacterization,roma,core,17.751,74.56341194719066,72.7054614232099,True,True,False
eval_MoTaTiZrHf-HEA-DDRX-1100C_TEM_DislocationCharacterization_0#2,roma|pyramid_v2|none|s0,DislocationCharacterization,roma,core,17.751,74.56341194719066,72.7054614232099,True,True,False
eval_MoTaTiZrHf-HEA-DDRX-1100C_TEM_DislocationCharacterization_0#2,roma|direct|invert|s0,DislocationCharacterization,roma,transform,13.29,71.71627353969401,72.7054614232099,True,True,False
eval_MoTaTiZrHf-HEA-DDRX-1100C_TEM_DislocationCharacterization_0#2,roma|direct|histmatch|s0,DislocationCharacterization,roma,transform,20.982,78.38540926569345,72.7054614232099,True,True,False
eval_MoTaTiZrHf-HEA-DDRX-1100C_TEM_DislocationCharacterization_0#2,roma|direct|clahe|s0,DislocationCharacterization,roma,transform,19.321,77.88215022774467,72.7054614232099,True,True,False
eval_MoTaTiZrHf-HEA-DDRX-1100C_TEM_DislocationCharacterization_0#2,roma|direct|gradmag|s0,DislocationCharacterization,roma,transform,18.205,69.14718689785937,72.7054614232099,True,True,False
eval_MoTaTiZrHf-HEA-DDRX-1100C_TEM_DislocationCharacterization_0#3,roma|direct|none|s0,DislocationCharacterization,roma,core,20.46,81.48331630452196,72.7054614232099,True,True,False
eval_MoTaTiZrHf-HEA-DDRX-1100C_TEM_DislocationCharacterization_0#3,roma|pyramid_v2|none|s0,DislocationCharacterization,roma,core,20.46,81.48331630452196,72.7054614232099,True,True,False
eval_MoTaTiZrHf-HEA-DDRX-1100C_TEM_DislocationCharacterization_0#3,roma|direct|invert|s0,DislocationCharacterization,roma,transform,24.255,81.87082276904725,72.7054614232099,True,True,False
eval_MoTaTiZrHf-HEA-DDRX-1100C_TEM_DislocationCharacterization_0#3,roma|direct|histmatch|s0,DislocationCharacterization,roma,transform,21.157,82.8488647937009,72.7054614232099,True,True,False
eval_MoTaTiZrHf-HEA-DDRX-1100C_TEM_DislocationCharacterization_0#3,roma|direct|clahe|s0,DislocationCharacterization,roma,transform,23.964,83.12287811500761,72.7054614232099,True,True,False
eval_MoTaTiZrHf-HEA-DDRX-1100C_TEM_DislocationCharacterization_0#3,roma|direct|gradmag|s0,DislocationCharacterization,roma,transform,67.233,13.129622215776497,72.7054614232099,True,True,True
eval_MoTaTiZrHf-HEA-DDRX-1100C_TEM_DislocationCharacterization_0#4,roma|direct|none|s0,DislocationCharacterization,roma,core,16.615,183.7367941859469,173.97341437036224,True,True,False
eval_MoTaTiZrHf-HEA-DDRX-1100C_TEM_DislocationCharacterization_0#4,roma|pyramid_v2|none|s0,DislocationCharacterization,roma,core,16.615,183.7367941859469,173.97341437036224,True,True,False
eval_MoTaTiZrHf-HEA-DDRX-1100C_TEM_DislocationCharacterization_0#4,roma|direct|invert|s0,DislocationCharacterization,roma,transform,14.846,172.4663389127407,173.97341437036224,True,True,False
eval_MoTaTiZrHf-HEA-DDRX-1100C_TEM_DislocationCharacterization_0#4,roma|direct|histmatch|s0,DislocationCharacterization,roma,transform,11.433,170.6545916450684,173.97341437036224,True,True,False
eval_MoTaTiZrHf-HEA-DDRX-1100C_TEM_DislocationCharacterization_0#4,roma|direct|clahe|s0,DislocationCharacterization,roma,transform,10.559,175.93607626728755,173.97341437036224,True,True,False
eval_MoTaTiZrHf-HEA-DDRX-1100C_TEM_DislocationCharacterization_0#4,roma|direct|gradmag|s0,DislocationCharacterization,roma,transform,17.075,173.6020139839507,173.97341437036224,True,True,False
eval_MoTaTiZrHf-HEA-DDRX-1100C_TEM_DislocationCharacterization_0#5,roma|direct|none|s0,DislocationCharacterization,roma,core,21.025,182.2983475077851,173.97341437036224,True,True,False
eval_MoTaTiZrHf-HEA-DDRX-1100C_TEM_DislocationCharacterization_0#5,roma|pyramid_v2|none|s0,DislocationCharacterization,roma,core,21.025,182.2983475077851,173.97341437036224,True,True,False
eval_MoTaTiZrHf-HEA-DDRX-1100C_TEM_DislocationCharacterization_0#5,roma|direct|invert|s0,DislocationCharacterization,roma,transform,15.179,169.23611572212576,173.97341437036224,True,True,False
eval_MoTaTiZrHf-HEA-DDRX-1100C_TEM_DislocationCharacterization_0#5,roma|direct|histmatch|s0,DislocationCharacterization,roma,transform,18.66,187.821886536664,173.97341437036224,True,True,False
eval_MoTaTiZrHf-HEA-DDRX-1100C_TEM_DislocationCharacterization_0#5,roma|direct|clahe|s0,DislocationCharacterization,roma,transform,33.215,191.52140515213733,173.97341437036224,True,True,False
eval_MoTaTiZrHf-HEA-DDRX-1100C_TEM_DislocationCharacterization_0#5,roma|direct|gradmag|s0,DislocationCharacterization,roma,transform,194.326,26.51302729549735,173.97341437036224,True,True,False
eval_MoTaTiZrHf-HEA-DDRX-1100C_TEM_DislocationCharacterization_0#6,roma|direct|none|s0,DislocationCharacterization,roma,core,19.352,185.31248579993178,173.97341437036224,True,True,False
eval_MoTaTiZrHf-HEA-DDRX-1100C_TEM_DislocationCharacterization_0#6,roma|pyramid_v2|none|s0,DislocationCharacterization,roma,core,19.352,185.31248579993178,173.97341437036224,True,True,False
eval_MoTaTiZrHf-HEA-DDRX-1100C_TEM_DislocationCharacterization_0#6,roma|direct|invert|s0,DislocationCharacterization,roma,transform,16.114,176.0923010049029,173.97341437036224,True,True,False
eval_MoTaTiZrHf-HEA-DDRX-1100C_TEM_DislocationCharacterization_0#6,roma|direct|histmatch|s0,DislocationCharacterization,roma,transform,12.74,181.4292159321768,173.97341437036224,True,True,False
eval_MoTaTiZrHf-HEA-DDRX-1100C_TEM_DislocationCharacterization_0#6,roma|direct|clahe|s0,DislocationCharacterization,roma,transform,17.795,178.40005142693926,173.97341437036224,True,True,False
eval_MoTaTiZrHf-HEA-DDRX-1100C_TEM_DislocationCharacterization_0#6,roma|direct|gradmag|s0,DislocationCharacterization,roma,transform,181.622,9.211560715623937,173.97341437036224,True,True,True
eval_MoTaTiZrHf-HEA-DDRX-1100C_TEM_DislocationCharacterization_0#7,roma|direct|none|s0,DislocationCharacterization,roma,core,14.89,176.14934988809523,173.97341437036224,True,True,False
eval_MoTaTiZrHf-HEA-DDRX-1100C_TEM_DislocationCharacterization_0#7,roma|pyramid_v2|none|s0,DislocationCharacterization,roma,core,14.89,176.14934988809523,173.97341437036224,True,True,False
eval_MoTaTiZrHf-HEA-DDRX-1100C_TEM_DislocationCharacterization_0#7,roma|direct|invert|s0,DislocationCharacterization,roma,transform,21.324,174.4267564758147,173.97341437036224,True,True,False
eval_MoTaTiZrHf-HEA-DDRX-1100C_TEM_DislocationCharacterization_0#7,roma|direct|histmatch|s0,DislocationCharacterization,roma,transform,19.82,171.1582014702599,173.97341437036224,True,True,False
eval_MoTaTiZrHf-HEA-DDRX-1100C_TEM_DislocationCharacterization_0#7,roma|direct|clahe|s0,DislocationCharacterization,roma,transform,15.632,173.21317707859544,173.97341437036224,True,True,False
eval_MoTaTiZrHf-HEA-DDRX-1100C_TEM_DislocationCharacterization_0#7,roma|direct|gradmag|s0,DislocationCharacterization,roma,transform,181.11,10.510599036892032,173.97341437036224,True,True,True
eval_MoTaTiZrHf-HEA-DDRX-1100C_TEM_DislocationCharacterization_0#8,roma|direct|none|s0,DislocationCharacterization,roma,core,22.572,67.7688639413971,72.7054614232099,True,True,False
eval_MoTaTiZrHf-HEA-DDRX-1100C_TEM_DislocationCharacterization_0#8,roma|pyramid_v2|none|s0,DislocationCharacterization,roma,core,22.572,67.7688639413971,72.7054614232099,True,True,False
eval_MoTaTiZrHf-HEA-DDRX-1100C_TEM_DislocationCharacterization_0#8,roma|direct|invert|s0,DislocationCharacterization,roma,transform,27.63,78.60810848920069,72.7054614232099,True,True,False
eval_MoTaTiZrHf-HEA-DDRX-1100C_TEM_DislocationCharacterization_0#8,roma|direct|histmatch|s0,DislocationCharacterization,roma,transform,20.031,69.06301020995633,72.7054614232099,True,True,False
eval_MoTaTiZrHf-HEA-DDRX-1100C_TEM_DislocationCharacterization_0#8,roma|direct|clahe|s0,DislocationCharacterization,roma,transform,27.772,71.74270508294465,72.7054614232099,True,True,False
eval_MoTaTiZrHf-HEA-DDRX-1100C_TEM_DislocationCharacterization_0#8,roma|direct|gradmag|s0,DislocationCharacterization,roma,transform,23.095,73.37342655896741,72.7054614232099,True,True,False
eval_MoTaTiZrHf-HEA-DDRX-1100C_TEM_DislocationCharacterization_0#9,roma|direct|none|s0,DislocationCharacterization,roma,core,14.435,74.47473816819064,72.7054614232099,True,True,False
eval_MoTaTiZrHf-HEA-DDRX-1100C_TEM_DislocationCharacterization_0#9,roma|pyramid_v2|none|s0,DislocationCharacterization,roma,core,14.435,74.47473816819064,72.7054614232099,True,True,False
eval_MoTaTiZrHf-HEA-DDRX-1100C_TEM_DislocationCharacterization_0#9,roma|direct|invert|s0,DislocationCharacterization,roma,transform,19.529,78.97042422532235,72.7054614232099,True,True,False
eval_MoTaTiZrHf-HEA-DDRX-1100C_TEM_DislocationCharacterization_0#9,roma|direct|histmatch|s0,DislocationCharacterization,roma,transform,20.877,79.75002839684875,72.7054614232099,True,True,False
eval_MoTaTiZrHf-HEA-DDRX-1100C_TEM_DislocationCharacterization_0#9,roma|direct|clahe|s0,DislocationCharacterization,roma,transform,16.86,72.90081981528165,72.7054614232099,True,True,False
eval_MoTaTiZrHf-HEA-DDRX-1100C_TEM_DislocationCharacterization_0#9,roma|direct|gradmag|s0,DislocationCharacterization,roma,transform,69.677,6.773560304422619,72.7054614232099,True,True,True
eval_MoTaTiZrHf-HEA-DDRX-1100C_TEM_DislocationCharacterization_0#10,roma|direct|none|s0,DislocationCharacterization,roma,core,55.568,41.707277051155735,72.7054614232099,True,True,False
eval_MoTaTiZrHf-HEA-DDRX-1100C_TEM_DislocationCharacterization_0#10,roma|pyramid_v2|none|s0,DislocationCharacterization,roma,core,55.568,41.707277051155735,72.7054614232099,True,True,False
eval_MoTaTiZrHf-HEA-DDRX-1100C_TEM_DislocationCharacterization_0#10,roma|direct|invert|s0,DislocationCharacterization,roma,transform,21.203,80.70585971860717,72.7054614232099,True,True,False
eval_MoTaTiZrHf-HEA-DDRX-1100C_TEM_DislocationCharacterization_0#10,roma|direct|histmatch|s0,DislocationCharacterization,roma,transform,43.34,61.64924191583968,72.7054614232099,True,True,False
eval_MoTaTiZrHf-HEA-DDRX-1100C_TEM_DislocationCharacterization_0#10,roma|direct|clahe|s0,DislocationCharacterization,roma,transform,15.778,63.65502694128724,72.7054614232099,True,True,False
eval_MoTaTiZrHf-HEA-DDRX-1100C_TEM_DislocationCharacterization_0#10,roma|direct|gradmag|s0,DislocationCharacterization,roma,transform,20.283,76.7831168418796,72.7054614232099,True,True,False
eval_MoTaTiZrHf-HEA-DDRX-1100C_TEM_DislocationCharacterization_0#11,roma|direct|none|s0,DislocationCharacterization,roma,core,21.204,78.53728257735386,72.7054614232099,True,True,False
eval_MoTaTiZrHf-HEA-DDRX-1100C_TEM_DislocationCharacterization_0#11,roma|pyramid_v2|none|s0,DislocationCharacterization,roma,core,21.204,78.53728257735386,72.7054614232099,True,True,False
eval_MoTaTiZrHf-HEA-DDRX-1100C_TEM_DislocationCharacterization_0#11,roma|direct|invert|s0,DislocationCharacterization,roma,transform,26.226,75.25833579782802,72.7054614232099,True,True,False
eval_MoTaTiZrHf-HEA-DDRX-1100C_TEM_DislocationCharacterization_0#11,roma|direct|histmatch|s0,DislocationCharacterization,roma,transform,22.931,82.00315346673415,72.7054614232099,True,True,False
eval_MoTaTiZrHf-HEA-DDRX-1100C_TEM_DislocationCharacterization_0#11,roma|direct|clahe|s0,DislocationCharacterization,roma,transform,20.932,77.42531332596434,72.7054614232099,True,True,False
eval_MoTaTiZrHf-HEA-DDRX-1100C_TEM_DislocationCharacterization_0#11,roma|direct|gradmag|s0,DislocationCharacterization,roma,transform,23.664,82.50667738475731,72.7054614232099,True,True,False
eval_MoTaTiZrHf-HEA-DDRX-1100C_TEM_DislocationCharacterization_0#12,roma|direct|none|s0,DislocationCharacterization,roma,core,17.155,168.10893313038275,173.97341437036224,True,True,False
eval_MoTaTiZrHf-HEA-DDRX-1100C_TEM_DislocationCharacterization_0#12,roma|pyramid_v2|none|s0,DislocationCharacterization,roma,core,17.155,168.10893313038275,173.97341437036224,True,True,False
eval_MoTaTiZrHf-HEA-DDRX-1100C_TEM_DislocationCharacterization_0#12,roma|direct|invert|s0,DislocationCharacterization,roma,transform,11.962,173.05731621315905,173.97341437036224,True,True,False
eval_MoTaTiZrHf-HEA-DDRX-1100C_TEM_DislocationCharacterization_0#12,roma|direct|histmatch|s0,DislocationCharacterization,roma,transform,12.886,173.11839104383657,173.97341437036224,True,True,False
eval_MoTaTiZrHf-HEA-DDRX-1100C_TEM_DislocationCharacterization_0#12,roma|direct|clahe|s0,DislocationCharacterization,roma,transform,27.627,149.56967324987073,173.97341437036224,True,True,False
eval_MoTaTiZrHf-HEA-DDRX-1100C_TEM_DislocationCharacterization_0#12,roma|direct|gradmag|s0,DislocationCharacterization,roma,transform,186.226,2.3463011718082076,173.97341437036224,True,True,True
eval_MoTaTiZrHf-HEA-DDRX-1100C_TEM_DislocationCharacterization_0#13,roma|direct|none|s0,DislocationCharacterization,roma,core,13.218,176.98294285699245,173.97341437036224,True,True,False
eval_MoTaTiZrHf-HEA-DDRX-1100C_TEM_DislocationCharacterization_0#13,roma|pyramid_v2|none|s0,DislocationCharacterization,roma,core,13.218,176.98294285699245,173.97341437036224,True,True,False
eval_MoTaTiZrHf-HEA-DDRX-1100C_TEM_DislocationCharacterization_0#13,roma|direct|invert|s0,DislocationCharacterization,roma,transform,31.336,194.19837755287313,173.97341437036224,True,True,False
eval_MoTaTiZrHf-HEA-DDRX-1100C_TEM_DislocationCharacterization_0#13,roma|direct|histmatch|s0,DislocationCharacterization,roma,transform,14.253,176.04754693130494,173.97341437036224,True,True,False
eval_MoTaTiZrHf-HEA-DDRX-1100C_TEM_DislocationCharacterization_0#13,roma|direct|clahe|s0,DislocationCharacterization,roma,transform,11.185,182.2611460286409,173.97341437036224,True,True,False
eval_MoTaTiZrHf-HEA-DDRX-1100C_TEM_DislocationCharacterization_0#13,roma|direct|gradmag|s0,DislocationCharacterization,roma,transform,178.955,14.54171470714132,173.97341437036224,True,True,True
eval_MoTaTiZrHf-HEA-DDRX-1100C_TEM_DislocationCharacterization_0#14,roma|direct|none|s0,DislocationCharacterization,roma,core,11.477,176.21918818114963,173.97341437036224,True,True,False
eval_MoTaTiZrHf-HEA-DDRX-1100C_TEM_DislocationCharacterization_0#14,roma|pyramid_v2|none|s0,DislocationCharacterization,roma,core,11.477,176.21918818114963,173.97341437036224,True,True,False
eval_MoTaTiZrHf-HEA-DDRX-1100C_TEM_DislocationCharacterization_0#14,roma|direct|invert|s0,DislocationCharacterization,roma,transform,22.661,194.03192188327924,173.97341437036224,True,True,False
eval_MoTaTiZrHf-HEA-DDRX-1100C_TEM_DislocationCharacterization_0#14,roma|direct|histmatch|s0,DislocationCharacterization,roma,transform,10.78,177.42897533342017,173.97341437036224,True,True,False
eval_MoTaTiZrHf-HEA-DDRX-1100C_TEM_DislocationCharacterization_0#14,roma|direct|clahe|s0,DislocationCharacterization,roma,transform,12.7,176.5182359266465,173.97341437036224,True,True,False
eval_MoTaTiZrHf-HEA-DDRX-1100C_TEM_DislocationCharacterization_0#14,roma|direct|gradmag|s0,DislocationCharacterization,roma,transform,16.023,175.19771035213674,173.97341437036224,True,True,False
eval_MoTaTiZrHf-HEA-DDRX-1100C_TEM_DislocationCharacterization_0#15,roma|direct|none|s0,DislocationCharacterization,roma,core,34.716,167.1910231929548,173.97341437036224,True,True,False
eval_MoTaTiZrHf-HEA-DDRX-1100C_TEM_DislocationCharacterization_0#15,roma|pyramid_v2|none|s0,DislocationCharacterization,roma,core,34.716,167.1910231929548,173.97341437036224,True,True,False
eval_MoTaTiZrHf-HEA-DDRX-1100C_TEM_DislocationCharacterization_0#15,roma|direct|invert|s0,DislocationCharacterization,roma,transform,12.301,181.48722728859903,173.97341437036224,True,True,False
eval_MoTaTiZrHf-HEA-DDRX-1100C_TEM_DislocationCharacterization_0#15,roma|direct|histmatch|s0,DislocationCharacterization,roma,transform,71.403,183.37522917653564,173.97341437036224,True,True,False
eval_MoTaTiZrHf-HEA-DDRX-1100C_TEM_DislocationCharacterization_0#15,roma|direct|clahe|s0,DislocationCharacterization,roma,transform,40.289,174.7091596540762,173.97341437036224,True,True,False
eval_MoTaTiZrHf-HEA-DDRX-1100C_TEM_DislocationCharacterization_0#15,roma|direct|gradmag|s0,DislocationCharacterization,roma,transform,15.82,173.2521977023172,173.97341437036224,True,True,False
eval_MoTaTiZrHf-HEA-DDRX-1100C_TEM_DislocationCharacterization_0#16,roma|direct|none|s0,DislocationCharacterization,roma,core,20.168,75.9328453082058,72.7054614232099,True,True,False
eval_MoTaTiZrHf-HEA-DDRX-1100C_TEM_DislocationCharacterization_0#16,roma|pyramid_v2|none|s0,DislocationCharacterization,roma,core,20.168,75.9328453082058,72.7054614232099,True,True,False
eval_MoTaTiZrHf-HEA-DDRX-1100C_TEM_DislocationCharacterization_0#16,roma|direct|invert|s0,DislocationCharacterization,roma,transform,28.474,82.50198345295861,72.7054614232099,True,True,False
eval_MoTaTiZrHf-HEA-DDRX-1100C_TEM_DislocationCharacterization_0#16,roma|direct|histmatch|s0,DislocationCharacterization,roma,transform,20.405,76.13656353838059,72.7054614232099,True,True,False
eval_MoTaTiZrHf-HEA-DDRX-1100C_TEM_DislocationCharacterization_0#16,roma|direct|clahe|s0,DislocationCharacterization,roma,transform,22.585,64.70510077369218,72.7054614232099,True,True,False
eval_MoTaTiZrHf-HEA-DDRX-1100C_TEM_DislocationCharacterization_0#16,roma|direct|gradmag|s0,DislocationCharacterization,roma,transform,27.31,77.64514331086113,72.7054614232099,True,True,False
eval_MoTaTiZrHf-HEA-DDRX-1100C_TEM_DislocationCharacterization_0#17,roma|direct|none|s0,DislocationCharacterization,roma,core,32.675,71.5769775213219,72.7054614232099,True,True,False
eval_MoTaTiZrHf-HEA-DDRX-1100C_TEM_DislocationCharacterization_0#17,roma|pyramid_v2|none|s0,DislocationCharacterization,roma,core,32.675,71.5769775213219,72.7054614232099,True,True,False
eval_MoTaTiZrHf-HEA-DDRX-1100C_TEM_DislocationCharacterization_0#17,roma|direct|invert|s0,DislocationCharacterization,roma,transform,23.595,81.27185908928745,72.7054614232099,True,True,False
eval_MoTaTiZrHf-HEA-DDRX-1100C_TEM_DislocationCharacterization_0#17,roma|direct|histmatch|s0,DislocationCharacterization,roma,transform,22.078,70.36741032364735,72.7054614232099,True,True,False
eval_MoTaTiZrHf-HEA-DDRX-1100C_TEM_DislocationCharacterization_0#17,roma|direct|clahe|s0,DislocationCharacterization,roma,transform,18.327,81.19630182449028,72.7054614232099,True,True,False
eval_MoTaTiZrHf-HEA-DDRX-1100C_TEM_DislocationCharacterization_0#17,roma|direct|gradmag|s0,DislocationCharacterization,roma,transform,46.096,60.12783328828931,72.7054614232099,True,True,False
eval_MoTaTiZrHf-HEA-DDRX-1100C_TEM_DislocationCharacterization_0#18,roma|direct|none|s0,DislocationCharacterization,roma,core,15.168,77.29198242856836,72.7054614232099,True,True,False
eval_MoTaTiZrHf-HEA-DDRX-1100C_TEM_DislocationCharacterization_0#18,roma|pyramid_v2|none|s0,DislocationCharacterization,roma,core,15.168,77.29198242856836,72.7054614232099,True,True,False
eval_MoTaTiZrHf-HEA-DDRX-1100C_TEM_DislocationCharacterization_0#18,roma|direct|invert|s0,DislocationCharacterization,roma,transform,21.067,79.01379887185588,72.7054614232099,True,True,False
eval_MoTaTiZrHf-HEA-DDRX-1100C_TEM_DislocationCharacterization_0#18,roma|direct|histmatch|s0,DislocationCharacterization,roma,transform,14.5,73.56925380531524,72.7054614232099,True,True,False
eval_MoTaTiZrHf-HEA-DDRX-1100C_TEM_DislocationCharacterization_0#18,roma|direct|clahe|s0,DislocationCharacterization,roma,transform,15.509,73.99234915861523,72.7054614232099,True,True,False
eval_MoTaTiZrHf-HEA-DDRX-1100C_TEM_DislocationCharacterization_0#18,roma|direct|gradmag|s0,DislocationCharacterization,roma,transform,20.246,77.76557700829223,72.7054614232099,True,True,False
eval_MoTaTiZrHf-HEA-DDRX-1100C_TEM_DislocationCharacterization_0#19,roma|direct|none|s0,DislocationCharacterization,roma,core,24.782,82.71966306345902,72.7054614232099,True,True,False
eval_MoTaTiZrHf-HEA-DDRX-1100C_TEM_DislocationCharacterization_0#19,roma|pyramid_v2|none|s0,DislocationCharacterization,roma,core,24.782,82.71966306345902,72.7054614232099,True,True,False
eval_MoTaTiZrHf-HEA-DDRX-1100C_TEM_DislocationCharacterization_0#19,roma|direct|invert|s0,DislocationCharacterization,roma,transform,27.116,85.29731868786365,72.7054614232099,True,True,False
eval_MoTaTiZrHf-HEA-DDRX-1100C_TEM_DislocationCharacterization_0#19,roma|direct|histmatch|s0,DislocationCharacterization,roma,transform,24.691,82.66939319006846,72.7054614232099,True,True,False
eval_MoTaTiZrHf-HEA-DDRX-1100C_TEM_DislocationCharacterization_0#19,roma|direct|clahe|s0,DislocationCharacterization,roma,transform,24.824,82.64706681207872,72.7054614232099,True,True,False
eval_MoTaTiZrHf-HEA-DDRX-1100C_TEM_DislocationCharacterization_0#19,roma|direct|gradmag|s0,DislocationCharacterization,roma,transform,70.551,5.5613038702662045,72.7054614232099,True,True,True
eval_MoTaTiZrHf-HEA-DDRX-1100C_TEM_DislocationCharacterization_0#20,roma|direct|none|s0,DislocationCharacterization,roma,core,19.242,169.4233729467008,173.97341437036224,True,True,False
eval_MoTaTiZrHf-HEA-DDRX-1100C_TEM_DislocationCharacterization_0#20,roma|pyramid_v2|none|s0,DislocationCharacterization,roma,core,19.242,169.4233729467008,173.97341437036224,True,True,False
eval_MoTaTiZrHf-HEA-DDRX-1100C_TEM_DislocationCharacterization_0#20,roma|direct|invert|s0,DislocationCharacterization,roma,transform,17.569,178.26044611446338,173.97341437036224,True,True,False
eval_MoTaTiZrHf-HEA-DDRX-1100C_TEM_DislocationCharacterization_0#20,roma|direct|histmatch|s0,DislocationCharacterization,roma,transform,17.335,170.72584865770415,173.97341437036224,True,True,False
eval_MoTaTiZrHf-HEA-DDRX-1100C_TEM_DislocationCharacterization_0#20,roma|direct|clahe|s0,DislocationCharacterization,roma,transform,51.331,187.59517434371068,173.97341437036224,True,True,False
eval_MoTaTiZrHf-HEA-DDRX-1100C_TEM_DislocationCharacterization_0#20,roma|direct|gradmag|s0,DislocationCharacterization,roma,transform,24.107,172.24637341855333,173.97341437036224,True,True,False
eval_MoTaTiZrHf-HEA-DDRX-1100C_TEM_DislocationCharacterization_0#21,roma|direct|none|s0,DislocationCharacterization,roma,core,14.176,177.69399529529926,173.97341437036224,True,True,False
eval_MoTaTiZrHf-HEA-DDRX-1100C_TEM_DislocationCharacterization_0#21,roma|pyramid_v2|none|s0,DislocationCharacterization,roma,core,14.176,177.69399529529926,173.97341437036224,True,True,False
eval_MoTaTiZrHf-HEA-DDRX-1100C_TEM_DislocationCharacterization_0#21,roma|direct|invert|s0,DislocationCharacterization,roma,transform,30.395,191.8005198136815,173.97341437036224,True,True,False
eval_MoTaTiZrHf-HEA-DDRX-1100C_TEM_DislocationCharacterization_0#21,roma|direct|histmatch|s0,DislocationCharacterization,roma,transform,12.578,179.1529119564891,173.97341437036224,True,True,False
eval_MoTaTiZrHf-HEA-DDRX-1100C_TEM_DislocationCharacterization_0#21,roma|direct|clahe|s0,DislocationCharacterization,roma,transform,12.361,178.62346418141092,173.97341437036224,True,True,False
eval_MoTaTiZrHf-HEA-DDRX-1100C_TEM_DislocationCharacterization_0#21,roma|direct|gradmag|s0,DislocationCharacterization,roma,transform,14.461,171.87518653746068,173.97341437036224,True,True,False
eval_MoTaTiZrHf-HEA-DDRX-1100C_TEM_DislocationCharacterization_0#22,roma|direct|none|s0,DislocationCharacterization,roma,core,14.636,177.1602863737864,173.97341437036224,True,True,False
eval_MoTaTiZrHf-HEA-DDRX-1100C_TEM_DislocationCharacterization_0#22,roma|pyramid_v2|none|s0,DislocationCharacterization,roma,core,14.636,177.1602863737864,173.97341437036224,True,True,False
eval_MoTaTiZrHf-HEA-DDRX-1100C_TEM_DislocationCharacterization_0#22,roma|direct|invert|s0,DislocationCharacterization,roma,transform,16.265,182.85922419717838,173.97341437036224,True,True,False
eval_MoTaTiZrHf-HEA-DDRX-1100C_TEM_DislocationCharacterization_0#22,roma|direct|histmatch|s0,DislocationCharacterization,roma,transform,14.103,177.891455914965,173.97341437036224,True,True,False
eval_MoTaTiZrHf-HEA-DDRX-1100C_TEM_DislocationCharacterization_0#22,roma|direct|clahe|s0,DislocationCharacterization,roma,transform,14.062,176.31775809643955,173.97341437036224,True,True,False
eval_MoTaTiZrHf-HEA-DDRX-1100C_TEM_DislocationCharacterization_0#22,roma|direct|gradmag|s0,DislocationCharacterization,roma,transform,48.378,178.72149962125408,173.97341437036224,True,True,False
eval_MoTaTiZrHf-HEA-DDRX-1100C_TEM_DislocationCharacterization_0#23,roma|direct|none|s0,DislocationCharacterization,roma,core,106.337,198.24213158613307,173.97341437036224,True,True,False
eval_MoTaTiZrHf-HEA-DDRX-1100C_TEM_DislocationCharacterization_0#23,roma|pyramid_v2|none|s0,DislocationCharacterization,roma,core,106.337,198.24213158613307,173.97341437036224,True,True,False
eval_MoTaTiZrHf-HEA-DDRX-1100C_TEM_DislocationCharacterization_0#23,roma|direct|invert|s0,DislocationCharacterization,roma,transform,13.557,176.78377381898804,173.97341437036224,True,True,False
eval_MoTaTiZrHf-HEA-DDRX-1100C_TEM_DislocationCharacterization_0#23,roma|direct|histmatch|s0,DislocationCharacterization,roma,transform,118.371,189.1658833585664,173.97341437036224,True,True,False
eval_MoTaTiZrHf-HEA-DDRX-1100C_TEM_DislocationCharacterization_0#23,roma|direct|clahe|s0,DislocationCharacterization,roma,transform,67.342,177.54285265030023,173.97341437036224,True,True,False
eval_MoTaTiZrHf-HEA-DDRX-1100C_TEM_DislocationCharacterization_0#23,roma|direct|gradmag|s0,DislocationCharacterization,roma,transform,18.79,160.9184291246717,173.97341437036224,True,True,False
eval_MoTaTiZrHf-HEA-DDRX-1100C_TEM_DislocationCharacterization_0#24,roma|direct|none|s0,DislocationCharacterization,roma,core,28.23,83.49340601319138,72.7054614232099,True,True,False
eval_MoTaTiZrHf-HEA-DDRX-1100C_TEM_DislocationCharacterization_0#24,roma|pyramid_v2|none|s0,DislocationCharacterization,roma,core,28.23,83.49340601319138,72.7054614232099,True,True,False
eval_MoTaTiZrHf-HEA-DDRX-1100C_TEM_DislocationCharacterization_0#24,roma|direct|invert|s0,DislocationCharacterization,roma,transform,25.826,72.790474777124,72.7054614232099,True,True,False
eval_MoTaTiZrHf-HEA-DDRX-1100C_TEM_DislocationCharacterization_0#24,roma|direct|histmatch|s0,DislocationCharacterization,roma,transform,28.069,81.03876499331103,72.7054614232099,True,True,False
eval_MoTaTiZrHf-HEA-DDRX-1100C_TEM_DislocationCharacterization_0#24,roma|direct|clahe|s0,DislocationCharacterization,roma,transform,570.87,1041.7418198163919,72.7054614232099,True,True,False
eval_MoTaTiZrHf-HEA-DDRX-1100C_TEM_DislocationCharacterization_0#24,roma|direct|gradmag|s0,DislocationCharacterization,roma,transform,24.848,76.49705018693932,72.7054614232099,True,True,False
eval_MoTaTiZrHf-HEA-DDRX-1100C_TEM_DislocationCharacterization_0#25,roma|direct|none|s0,DislocationCharacterization,roma,core,21.052,78.29037560632861,72.7054614232099,True,True,False
eval_MoTaTiZrHf-HEA-DDRX-1100C_TEM_DislocationCharacterization_0#25,roma|pyramid_v2|none|s0,DislocationCharacterization,roma,core,21.052,78.29037560632861,72.7054614232099,True,True,False
eval_MoTaTiZrHf-HEA-DDRX-1100C_TEM_DislocationCharacterization_0#25,roma|direct|invert|s0,DislocationCharacterization,roma,transform,66.098,79.90517097047871,72.7054614232099,True,True,False
eval_MoTaTiZrHf-HEA-DDRX-1100C_TEM_DislocationCharacterization_0#25,roma|direct|histmatch|s0,DislocationCharacterization,roma,transform,70.808,124.03221268557282,72.7054614232099,True,True,False
eval_MoTaTiZrHf-HEA-DDRX-1100C_TEM_DislocationCharacterization_0#25,roma|direct|clahe|s0,DislocationCharacterization,roma,transform,21.94,79.86329864380494,72.7054614232099,True,True,False
eval_MoTaTiZrHf-HEA-DDRX-1100C_TEM_DislocationCharacterization_0#25,roma|direct|gradmag|s0,DislocationCharacterization,roma,transform,50.4,44.099254651828105,72.7054614232099,True,True,False
eval_MoTaTiZrHf-HEA-DDRX-1100C_TEM_DislocationCharacterization_0#26,roma|direct|none|s0,DislocationCharacterization,roma,core,66.22,21.950544156822566,72.7054614232099,True,True,False
eval_MoTaTiZrHf-HEA-DDRX-1100C_TEM_DislocationCharacterization_0#26,roma|pyramid_v2|none|s0,DislocationCharacterization,roma,core,66.22,21.950544156822566,72.7054614232099,True,True,False
eval_MoTaTiZrHf-HEA-DDRX-1100C_TEM_DislocationCharacterization_0#26,roma|direct|invert|s0,DislocationCharacterization,roma,transform,18.414,65.02168129693686,72.7054614232099,True,True,False
eval_MoTaTiZrHf-HEA-DDRX-1100C_TEM_DislocationCharacterization_0#26,roma|direct|histmatch|s0,DislocationCharacterization,roma,transform,103.414,64.56408619760685,72.7054614232099,True,True,False
eval_MoTaTiZrHf-HEA-DDRX-1100C_TEM_DislocationCharacterization_0#26,roma|direct|clahe|s0,DislocationCharacterization,roma,transform,118.592,92.6370131642373,72.7054614232099,True,True,False
eval_MoTaTiZrHf-HEA-DDRX-1100C_TEM_DislocationCharacterization_0#26,roma|direct|gradmag|s0,DislocationCharacterization,roma,transform,21.762,77.88042371937061,72.7054614232099,True,True,False
eval_MoTaTiZrHf-HEA-DDRX-1100C_TEM_DislocationCharacterization_0#27,roma|direct|none|s0,DislocationCharacterization,roma,core,22.467,76.73584417184243,72.7054614232099,True,True,False
eval_MoTaTiZrHf-HEA-DDRX-1100C_TEM_DislocationCharacterization_0#27,roma|pyramid_v2|none|s0,DislocationCharacterization,roma,core,22.467,76.73584417184243,72.7054614232099,True,True,False
eval_MoTaTiZrHf-HEA-DDRX-1100C_TEM_DislocationCharacterization_0#27,roma|direct|invert|s0,DislocationCharacterization,roma,transform,24.539,82.89501963431856,72.7054614232099,True,True,False
eval_MoTaTiZrHf-HEA-DDRX-1100C_TEM_DislocationCharacterization_0#27,roma|direct|histmatch|s0,DislocationCharacterization,roma,transform,24.012,78.5246971253228,72.7054614232099,True,True,False
eval_MoTaTiZrHf-HEA-DDRX-1100C_TEM_DislocationCharacterization_0#27,roma|direct|clahe|s0,DislocationCharacterization,roma,transform,26.644,77.55849796249463,72.7054614232099,True,True,False
eval_MoTaTiZrHf-HEA-DDRX-1100C_TEM_DislocationCharacterization_0#27,roma|direct|gradmag|s0,DislocationCharacterization,roma,transform,21.957,79.89710155741346,72.7054614232099,True,True,False
eval_MoTaTiZrHf-HEA-DDRX-1100C_TEM_DislocationCharacterization_0#28,roma|direct|none|s0,DislocationCharacterization,roma,core,186.298,2.7578059111669377,173.97341437036224,True,True,True
eval_MoTaTiZrHf-HEA-DDRX-1100C_TEM_DislocationCharacterization_0#28,roma|pyramid_v2|none|s0,DislocationCharacterization,roma,core,186.298,2.7578059111669377,173.97341437036224,True,True,True
eval_MoTaTiZrHf-HEA-DDRX-1100C_TEM_DislocationCharacterization_0#28,roma|direct|invert|s0,DislocationCharacterization,roma,transform,31.961,171.60664738277788,173.97341437036224,True,True,False
eval_MoTaTiZrHf-HEA-DDRX-1100C_TEM_DislocationCharacterization_0#28,roma|direct|histmatch|s0,DislocationCharacterization,roma,transform,180.824,11.237295102536345,173.97341437036224,True,True,True
eval_MoTaTiZrHf-HEA-DDRX-1100C_TEM_DislocationCharacterization_0#28,roma|direct|clahe|s0,DislocationCharacterization,roma,transform,187.658,9.365340022397676,173.97341437036224,True,True,True
eval_MoTaTiZrHf-HEA-DDRX-1100C_TEM_DislocationCharacterization_0#28,roma|direct|gradmag|s0,DislocationCharacterization,roma,transform,190.847,7.716059353912445,173.97341437036224,True,True,True
eval_MoTaTiZrHf-HEA-DDRX-1100C_TEM_DislocationCharacterization_0#29,roma|direct|none|s0,DislocationCharacterization,roma,core,187.326,2.8895437109001256,173.97341437036224,True,True,True
eval_MoTaTiZrHf-HEA-DDRX-1100C_TEM_DislocationCharacterization_0#29,roma|pyramid_v2|none|s0,DislocationCharacterization,roma,core,187.326,2.8895437109001256,173.97341437036224,True,True,True
eval_MoTaTiZrHf-HEA-DDRX-1100C_TEM_DislocationCharacterization_0#29,roma|direct|invert|s0,DislocationCharacterization,roma,transform,12.976,177.9153331269317,173.97341437036224,True,True,False
eval_MoTaTiZrHf-HEA-DDRX-1100C_TEM_DislocationCharacterization_0#29,roma|direct|histmatch|s0,DislocationCharacterization,roma,transform,1131.393,1460.356882469732,173.97341437036224,True,True,False
eval_MoTaTiZrHf-HEA-DDRX-1100C_TEM_DislocationCharacterization_0#29,roma|direct|clahe|s0,DislocationCharacterization,roma,transform,180.809,14.536534273800664,173.97341437036224,True,True,True
eval_MoTaTiZrHf-HEA-DDRX-1100C_TEM_DislocationCharacterization_0#29,roma|direct|gradmag|s0,DislocationCharacterization,roma,transform,33.131,173.15934955278573,173.97341437036224,True,True,False
eval_MoTaTiZrHf-HEA-DDRX-1100C_TEM_DislocationCharacterization_0#30,roma|direct|none|s0,DislocationCharacterization,roma,core,940.752,1082.9775495160434,173.97341437036224,True,True,False
eval_MoTaTiZrHf-HEA-DDRX-1100C_TEM_DislocationCharacterization_0#30,roma|pyramid_v2|none|s0,DislocationCharacterization,roma,core,848.723,1453.8700277396067,173.97341437036224,True,True,False
eval_MoTaTiZrHf-HEA-DDRX-1100C_TEM_DislocationCharacterization_0#30,roma|direct|invert|s0,DislocationCharacterization,roma,transform,15.408,177.2895270273713,173.97341437036224,True,True,False
eval_MoTaTiZrHf-HEA-DDRX-1100C_TEM_DislocationCharacterization_0#30,roma|direct|histmatch|s0,DislocationCharacterization,roma,transform,1124.219,1110.9271938055872,173.97341437036224,True,True,False
eval_MoTaTiZrHf-HEA-DDRX-1100C_TEM_DislocationCharacterization_0#30,roma|direct|clahe|s0,DislocationCharacterization,roma,transform,18850.831,10004.747724357285,173.97341437036224,True,True,False
eval_MoTaTiZrHf-HEA-DDRX-1100C_TEM_DislocationCharacterization_0#30,roma|direct|gradmag|s0,DislocationCharacterization,roma,transform,17.409,172.10714874316315,173.97341437036224,True,True,False
eval_MoTaTiZrHf-HEA-DDRX-1100C_TEM_DislocationCharacterization_0#31,roma|direct|none|s0,DislocationCharacterization,roma,core,13.781,178.27585090466164,173.97341437036224,True,True,False
eval_MoTaTiZrHf-HEA-DDRX-1100C_TEM_DislocationCharacterization_0#31,roma|pyramid_v2|none|s0,DislocationCharacterization,roma,core,13.781,178.27585090466164,173.97341437036224,True,True,False
eval_MoTaTiZrHf-HEA-DDRX-1100C_TEM_DislocationCharacterization_0#31,roma|direct|invert|s0,DislocationCharacterization,roma,transform,243.276,334.6685734085153,173.97341437036224,True,True,False
eval_MoTaTiZrHf-HEA-DDRX-1100C_TEM_DislocationCharacterization_0#31,roma|direct|histmatch|s0,DislocationCharacterization,roma,transform,14.971,176.98010778665568,173.97341437036224,True,True,False
eval_MoTaTiZrHf-HEA-DDRX-1100C_TEM_DislocationCharacterization_0#31,roma|direct|clahe|s0,DislocationCharacterization,roma,transform,13.527,178.10120545747347,173.97341437036224,True,True,False
eval_MoTaTiZrHf-HEA-DDRX-1100C_TEM_DislocationCharacterization_0#31,roma|direct|gradmag|s0,DislocationCharacterization,roma,transform,175.876,18.42706366165697,173.97341437036224,True,True,True
eval_MoTaTiZrHf-HEA-DDRX-900C_TEM_DislocationCharacterization_0#0,roma|direct|none|s0,DislocationCharacterization,roma,core,33.995,44.42783396805326,54.27409954263899,True,True,False
eval_MoTaTiZrHf-HEA-DDRX-900C_TEM_DislocationCharacterization_0#0,roma|pyramid_v2|none|s0,DislocationCharacterization,roma,core,33.995,44.42783396805326,54.27409954263899,True,True,False
eval_MoTaTiZrHf-HEA-DDRX-900C_TEM_DislocationCharacterization_0#0,roma|direct|invert|s0,DislocationCharacterization,roma,transform,63.625,79.91849222096715,54.27409954263899,True,True,False
eval_MoTaTiZrHf-HEA-DDRX-900C_TEM_DislocationCharacterization_0#0,roma|direct|histmatch|s0,DislocationCharacterization,roma,transform,31.346,56.76637434115013,54.27409954263899,True,True,False
eval_MoTaTiZrHf-HEA-DDRX-900C_TEM_DislocationCharacterization_0#0,roma|direct|clahe|s0,DislocationCharacterization,roma,transform,36.242,64.45784261256743,54.27409954263899,True,True,False
eval_MoTaTiZrHf-HEA-DDRX-900C_TEM_DislocationCharacterization_0#0,roma|direct|gradmag|s0,DislocationCharacterization,roma,transform,57.465,4.1319791355753885,54.27409954263899,True,True,True
eval_MoTaTiZrHf-HEA-DDRX-900C_TEM_DislocationCharacterization_0#1,roma|direct|none|s0,DislocationCharacterization,roma,core,55.723,5.465025525609446,54.27409954263899,True,True,True
eval_MoTaTiZrHf-HEA-DDRX-900C_TEM_DislocationCharacterization_0#1,roma|pyramid_v2|none|s0,DislocationCharacterization,roma,core,55.723,5.465025525609446,54.27409954263899,True,True,True
eval_MoTaTiZrHf-HEA-DDRX-900C_TEM_DislocationCharacterization_0#1,roma|direct|invert|s0,DislocationCharacterization,roma,transform,113.373,152.0239283371841,54.27409954263899,True,True,False
eval_MoTaTiZrHf-HEA-DDRX-900C_TEM_DislocationCharacterization_0#1,roma|direct|histmatch|s0,DislocationCharacterization,roma,transform,57.763,3.265390145361152,54.27409954263899,True,True,True
eval_MoTaTiZrHf-HEA-DDRX-900C_TEM_DislocationCharacterization_0#1,roma|direct|clahe|s0,DislocationCharacterization,roma,transform,57.404,4.454863979934423,54.27409954263899,True,True,True
eval_MoTaTiZrHf-HEA-DDRX-900C_TEM_DislocationCharacterization_0#1,roma|direct|gradmag|s0,DislocationCharacterization,roma,transform,61.593,3.871236188614663,54.27409954263899,True,True,True
eval_MoTaTiZrHf-HEA-DDRX-900C_TEM_DislocationCharacterization_0#2,roma|direct|none|s0,DislocationCharacterization,roma,core,53.791,12.826497080205849,54.27409954263899,True,True,True
eval_MoTaTiZrHf-HEA-DDRX-900C_TEM_DislocationCharacterization_0#2,roma|pyramid_v2|none|s0,DislocationCharacterization,roma,core,53.791,12.826497080205849,54.27409954263899,True,True,True
eval_MoTaTiZrHf-HEA-DDRX-900C_TEM_DislocationCharacterization_0#2,roma|direct|invert|s0,DislocationCharacterization,roma,transform,50.137,72.21544134392448,54.27409954263899,True,True,False
eval_MoTaTiZrHf-HEA-DDRX-900C_TEM_DislocationCharacterization_0#2,roma|direct|histmatch|s0,DislocationCharacterization,roma,transform,94.488,82.0221039328386,54.27409954263899,True,True,False
eval_MoTaTiZrHf-HEA-DDRX-900C_TEM_DislocationCharacterization_0#2,roma|direct|clahe|s0,DislocationCharacterization,roma,transform,60.614,4.766480750818083,54.27409954263899,True,True,True
eval_MoTaTiZrHf-HEA-DDRX-900C_TEM_DislocationCharacterization_0#2,roma|direct|gradmag|s0,DislocationCharacterization,roma,transform,60.858,3.724832132485458,54.27409954263899,True,True,True
eval_MoTaTiZrHf-HEA-DDRX-900C_TEM_DislocationCharacterization_0#3,roma|direct|none|s0,DislocationCharacterization,roma,core,66.125,9.450478524538124,54.27409954263899,True,True,True
eval_MoTaTiZrHf-HEA-DDRX-900C_TEM_DislocationCharacterization_0#3,roma|pyramid_v2|none|s0,DislocationCharacterization,roma,core,66.125,9.450478524538124,54.27409954263899,True,True,True
eval_MoTaTiZrHf-HEA-DDRX-900C_TEM_DislocationCharacterization_0#3,roma|direct|invert|s0,DislocationCharacterization,roma,transform,628.702,686.4444366858982,54.27409954263899,True,True,False
eval_MoTaTiZrHf-HEA-DDRX-900C_TEM_DislocationCharacterization_0#3,roma|direct|histmatch|s0,DislocationCharacterization,roma,transform,88.776,40.68151897405958,54.27409954263899,True,True,False
eval_MoTaTiZrHf-HEA-DDRX-900C_TEM_DislocationCharacterization_0#3,roma|direct|clahe|s0,DislocationCharacterization,roma,transform,60.71,2.8373352025650553,54.27409954263899,True,True,True
eval_MoTaTiZrHf-HEA-DDRX-900C_TEM_DislocationCharacterization_0#3,roma|direct|gradmag|s0,DislocationCharacterization,roma,transform,62.047,10.023426306227272,54.27409954263899,True,True,True
eval_MoTaTiZrHf-HEA-DDRX-900C_TEM_DislocationCharacterization_0#4,roma|direct|none|s0,DislocationCharacterization,roma,core,380.058,432.57136084771605,54.27409954263899,True,True,False
eval_MoTaTiZrHf-HEA-DDRX-900C_TEM_DislocationCharacterization_0#4,roma|pyramid_v2|none|s0,DislocationCharacterization,roma,core,380.058,432.57136084771605,54.27409954263899,True,True,False
eval_MoTaTiZrHf-HEA-DDRX-900C_TEM_DislocationCharacterization_0#4,roma|direct|invert|s0,DislocationCharacterization,roma,transform,266.106,343.60506298277954,54.27409954263899,True,True,False
eval_MoTaTiZrHf-HEA-DDRX-900C_TEM_DislocationCharacterization_0#4,roma|direct|histmatch|s0,DislocationCharacterization,roma,transform,681.847,789.5493648020517,54.27409954263899,True,True,False
eval_MoTaTiZrHf-HEA-DDRX-900C_TEM_DislocationCharacterization_0#4,roma|direct|clahe|s0,DislocationCharacterization,roma,transform,852.056,1094.6075522262938,54.27409954263899,True,True,False
eval_MoTaTiZrHf-HEA-DDRX-900C_TEM_DislocationCharacterization_0#4,roma|direct|gradmag|s0,DislocationCharacterization,roma,transform,58.976,3.4305619378063996,54.27409954263899,True,True,True
eval_MoTaTiZrHf-HEA-DDRX-900C_TEM_DislocationCharacterization_0#5,roma|direct|none|s0,DislocationCharacterization,roma,core,60.053,3.0942839865866123,54.27409954263899,True,True,True
eval_MoTaTiZrHf-HEA-DDRX-900C_TEM_DislocationCharacterization_0#5,roma|pyramid_v2|none|s0,DislocationCharacterization,roma,core,60.053,3.0942839865866123,54.27409954263899,True,True,True
eval_MoTaTiZrHf-HEA-DDRX-900C_TEM_DislocationCharacterization_0#5,roma|direct|invert|s0,DislocationCharacterization,roma,transform,3143.706,1222.8612696031958,54.27409954263899,True,True,False
eval_MoTaTiZrHf-HEA-DDRX-900C_TEM_DislocationCharacterization_0#5,roma|direct|histmatch|s0,DislocationCharacterization,roma,transform,61.997,16.34506553976123,54.27409954263899,True,True,True
eval_MoTaTiZrHf-HEA-DDRX-900C_TEM_DislocationCharacterization_0#5,roma|direct|clahe|s0,DislocationCharacterization,roma,transform,57.619,8.570707533576384,54.27409954263899,True,True,True
eval_MoTaTiZrHf-HEA-DDRX-900C_TEM_DislocationCharacterization_0#5,roma|direct|gradmag|s0,DislocationCharacterization,roma,transform,50.558,17.79441445515569,54.27409954263899,True,True,True
eval_MoTaTiZrHf-HEA-DDRX-900C_TEM_DislocationCharacterization_0#6,roma|direct|none|s0,DislocationCharacterization,roma,core,669.321,819.1753097363771,54.27409954263899,True,True,False
eval_MoTaTiZrHf-HEA-DDRX-900C_TEM_DislocationCharacterization_0#6,roma|pyramid_v2|none|s0,DislocationCharacterization,roma,core,669.321,819.1753097363771,54.27409954263899,True,True,False
eval_MoTaTiZrHf-HEA-DDRX-900C_TEM_DislocationCharacterization_0#6,roma|direct|invert|s0,DislocationCharacterization,roma,transform,3082.554,6780.750667504817,54.27409954263899,True,True,False
eval_MoTaTiZrHf-HEA-DDRX-900C_TEM_DislocationCharacterization_0#6,roma|direct|histmatch|s0,DislocationCharacterization,roma,transform,60.757,3.092018985034845,54.27409954263899,True,True,True
eval_MoTaTiZrHf-HEA-DDRX-900C_TEM_DislocationCharacterization_0#6,roma|direct|clahe|s0,DislocationCharacterization,roma,transform,59.352,7.045195412060244,54.27409954263899,True,True,True
eval_MoTaTiZrHf-HEA-DDRX-900C_TEM_DislocationCharacterization_0#6,roma|direct|gradmag|s0,DislocationCharacterization,roma,transform,58.953,2.4602757913466187,54.27409954263899,True,True,True
eval_MoTaTiZrHf-HEA-DDRX-900C_TEM_DislocationCharacterization_0#7,roma|direct|none|s0,DislocationCharacterization,roma,core,974.905,1165.5810468791105,54.27409954263899,True,True,False
eval_MoTaTiZrHf-HEA-DDRX-900C_TEM_DislocationCharacterization_0#7,roma|pyramid_v2|none|s0,DislocationCharacterization,roma,core,1028.028,2334.0442023150176,54.27409954263899,True,True,False
eval_MoTaTiZrHf-HEA-DDRX-900C_TEM_DislocationCharacterization_0#7,roma|direct|invert|s0,DislocationCharacterization,roma,transform,958.383,1221.5034451829567,54.27409954263899,True,True,False
eval_MoTaTiZrHf-HEA-DDRX-900C_TEM_DislocationCharacterization_0#7,roma|direct|histmatch|s0,DislocationCharacterization,roma,transform,936.357,1003.2690697084616,54.27409954263899,True,True,False
eval_MoTaTiZrHf-HEA-DDRX-900C_TEM_DislocationCharacterization_0#7,roma|direct|clahe|s0,DislocationCharacterization,roma,transform,995.002,1231.0287189870596,54.27409954263899,True,True,False
eval_MoTaTiZrHf-HEA-DDRX-900C_TEM_DislocationCharacterization_0#7,roma|direct|gradmag|s0,DislocationCharacterization,roma,transform,62.243,4.739220708232747,54.27409954263899,True,True,True
eval_MoTaTiZrHf-HEA-DDRX-900C_TEM_DislocationCharacterization_0#8,roma|direct|none|s0,DislocationCharacterization,roma,core,62.113,12.537491313571685,54.27409954263899,True,True,True
eval_MoTaTiZrHf-HEA-DDRX-900C_TEM_DislocationCharacterization_0#8,roma|pyramid_v2|none|s0,DislocationCharacterization,roma,core,62.113,12.537491313571685,54.27409954263899,True,True,True
eval_MoTaTiZrHf-HEA-DDRX-900C_TEM_DislocationCharacterization_0#8,roma|direct|invert|s0,DislocationCharacterization,roma,transform,78.555,116.01113895851633,54.27409954263899,True,True,False
eval_MoTaTiZrHf-HEA-DDRX-900C_TEM_DislocationCharacterization_0#8,roma|direct|histmatch|s0,DislocationCharacterization,roma,transform,66.333,25.06655964616719,54.27409954263899,True,True,False
eval_MoTaTiZrHf-HEA-DDRX-900C_TEM_DislocationCharacterization_0#8,roma|direct|clahe|s0,DislocationCharacterization,roma,transform,643.105,810.6780268298736,54.27409954263899,True,True,False
eval_MoTaTiZrHf-HEA-DDRX-900C_TEM_DislocationCharacterization_0#8,roma|direct|gradmag|s0,DislocationCharacterization,roma,transform,61.554,3.5283546479235586,54.27409954263899,True,True,True
eval_MoTaTiZrHf-HEA-DDRX-900C_TEM_DislocationCharacterization_0#9,roma|direct|none|s0,DislocationCharacterization,roma,core,64.913,11.459574693025543,54.27409954263899,True,True,True
eval_MoTaTiZrHf-HEA-DDRX-900C_TEM_DislocationCharacterization_0#9,roma|pyramid_v2|none|s0,DislocationCharacterization,roma,core,64.913,11.459574693025543,54.27409954263899,True,True,True
eval_MoTaTiZrHf-HEA-DDRX-900C_TEM_DislocationCharacterization_0#9,roma|direct|invert|s0,DislocationCharacterization,roma,transform,1080.385,1220.7307314103286,54.27409954263899,True,True,False
eval_MoTaTiZrHf-HEA-DDRX-900C_TEM_DislocationCharacterization_0#9,roma|direct|histmatch|s0,DislocationCharacterization,roma,transform,57.141,4.002599955582388,54.27409954263899,True,True,True
eval_MoTaTiZrHf-HEA-DDRX-900C_TEM_DislocationCharacterization_0#9,roma|direct|clahe|s0,DislocationCharacterization,roma,transform,1034.019,1280.632786660346,54.27409954263899,True,True,False
eval_MoTaTiZrHf-HEA-DDRX-900C_TEM_DislocationCharacterization_0#9,roma|direct|gradmag|s0,DislocationCharacterization,roma,transform,56.288,5.32391481190524,54.27409954263899,True,True,True
eval_MoTaTiZrHf-HEA-DDRX-900C_TEM_DislocationCharacterization_0#10,roma|direct|none|s0,DislocationCharacterization,roma,core,54.946,18.658208860362677,54.27409954263899,True,True,True
eval_MoTaTiZrHf-HEA-DDRX-900C_TEM_DislocationCharacterization_0#10,roma|pyramid_v2|none|s0,DislocationCharacterization,roma,core,54.946,18.658208860362677,54.27409954263899,True,True,True
eval_MoTaTiZrHf-HEA-DDRX-900C_TEM_DislocationCharacterization_0#10,roma|direct|invert|s0,DislocationCharacterization,roma,transform,9601.688,11143.36208763503,54.27409954263899,True,True,False
eval_MoTaTiZrHf-HEA-DDRX-900C_TEM_DislocationCharacterization_0#10,roma|direct|histmatch|s0,DislocationCharacterization,roma,transform,52.969,11.214228351562495,54.27409954263899,True,True,True
eval_MoTaTiZrHf-HEA-DDRX-900C_TEM_DislocationCharacterization_0#10,roma|direct|clahe|s0,DislocationCharacterization,roma,transform,57.681,2.4011258947217797,54.27409954263899,True,True,True
eval_MoTaTiZrHf-HEA-DDRX-900C_TEM_DislocationCharacterization_0#10,roma|direct|gradmag|s0,DislocationCharacterization,roma,transform,59.545,1.5053112091970025,54.27409954263899,True,True,True
eval_MoTaTiZrHf-HEA-DDRX-900C_TEM_DislocationCharacterization_0#11,roma|direct|none|s0,DislocationCharacterization,roma,core,131.534,179.88543663724923,54.27409954263899,True,True,False
eval_MoTaTiZrHf-HEA-DDRX-900C_TEM_DislocationCharacterization_0#11,roma|pyramid_v2|none|s0,DislocationCharacterization,roma,core,131.534,179.88543663724923,54.27409954263899,True,True,False
eval_MoTaTiZrHf-HEA-DDRX-900C_TEM_DislocationCharacterization_0#11,roma|direct|invert|s0,DislocationCharacterization,roma,transform,1064.383,1247.3665204026054,54.27409954263899,True,True,False
eval_MoTaTiZrHf-HEA-DDRX-900C_TEM_DislocationCharacterization_0#11,roma|direct|histmatch|s0,DislocationCharacterization,roma,transform,323.866,475.13247403634495,54.27409954263899,True,True,False
eval_MoTaTiZrHf-HEA-DDRX-900C_TEM_DislocationCharacterization_0#11,roma|direct|clahe|s0,DislocationCharacterization,roma,transform,74.158,23.22496467673208,54.27409954263899,True,True,False
eval_MoTaTiZrHf-HEA-DDRX-900C_TEM_DislocationCharacterization_0#11,roma|direct|gradmag|s0,DislocationCharacterization,roma,transform,59.53,13.158356466002097,54.27409954263899,True,True,True
eval_MoTaTiZrHf-HEA-DDRX-900C_TEM_DislocationCharacterization_0#12,roma|direct|none|s0,DislocationCharacterization,roma,core,60.54,4.85765856179575,54.27409954263899,True,True,True
eval_MoTaTiZrHf-HEA-DDRX-900C_TEM_DislocationCharacterization_0#12,roma|pyramid_v2|none|s0,DislocationCharacterization,roma,core,60.54,4.85765856179575,54.27409954263899,True,True,True
eval_MoTaTiZrHf-HEA-DDRX-900C_TEM_DislocationCharacterization_0#12,roma|direct|invert|s0,DislocationCharacterization,roma,transform,202.513,237.23553979968298,54.27409954263899,True,True,False
eval_MoTaTiZrHf-HEA-DDRX-900C_TEM_DislocationCharacterization_0#12,roma|direct|histmatch|s0,DislocationCharacterization,roma,transform,57.731,6.164066717252772,54.27409954263899,True,True,True
eval_MoTaTiZrHf-HEA-DDRX-900C_TEM_DislocationCharacterization_0#12,roma|direct|clahe|s0,DislocationCharacterization,roma,transform,75.77,35.90678051231432,54.27409954263899,True,True,False
eval_MoTaTiZrHf-HEA-DDRX-900C_TEM_DislocationCharacterization_0#12,roma|direct|gradmag|s0,DislocationCharacterization,roma,transform,64.723,10.139729611289853,54.27409954263899,True,True,True
eval_MoTaTiZrHf-HEA-DDRX-900C_TEM_DislocationCharacterization_0#13,roma|direct|none|s0,DislocationCharacterization,roma,core,129.031,80.04011294930781,54.27409954263899,True,True,False
eval_MoTaTiZrHf-HEA-DDRX-900C_TEM_DislocationCharacterization_0#13,roma|pyramid_v2|none|s0,DislocationCharacterization,roma,core,129.031,80.04011294930781,54.27409954263899,True,True,False
eval_MoTaTiZrHf-HEA-DDRX-900C_TEM_DislocationCharacterization_0#13,roma|direct|invert|s0,DislocationCharacterization,roma,transform,926.806,1157.2736849828784,54.27409954263899,True,True,False
eval_MoTaTiZrHf-HEA-DDRX-900C_TEM_DislocationCharacterization_0#13,roma|direct|histmatch|s0,DislocationCharacterization,roma,transform,868.899,995.9583090040516,54.27409954263899,True,True,False
eval_MoTaTiZrHf-HEA-DDRX-900C_TEM_DislocationCharacterization_0#13,roma|direct|clahe|s0,DislocationCharacterization,roma,transform,1054.702,1236.443204489203,54.27409954263899,True,True,False
eval_MoTaTiZrHf-HEA-DDRX-900C_TEM_DislocationCharacterization_0#13,roma|direct|gradmag|s0,DislocationCharacterization,roma,transform,76.494,43.2233988090471,54.27409954263899,True,True,False
eval_MoTaTiZrHf-HEA-DDRX-900C_TEM_DislocationCharacterization_0#14,roma|direct|none|s0,DislocationCharacterization,roma,core,47.616,20.45657757033751,54.27409954263899,True,True,False
eval_MoTaTiZrHf-HEA-DDRX-900C_TEM_DislocationCharacterization_0#14,roma|pyramid_v2|none|s0,DislocationCharacterization,roma,core,47.616,20.45657757033751,54.27409954263899,True,True,False
eval_MoTaTiZrHf-HEA-DDRX-900C_TEM_DislocationCharacterization_0#14,roma|direct|invert|s0,DislocationCharacterization,roma,transform,168.013,222.48517514549894,54.27409954263899,True,True,False
eval_MoTaTiZrHf-HEA-DDRX-900C_TEM_DislocationCharacterization_0#14,roma|direct|histmatch|s0,DislocationCharacterization,roma,transform,49.578,15.89952703367498,54.27409954263899,True,True,True
eval_MoTaTiZrHf-HEA-DDRX-900C_TEM_DislocationCharacterization_0#14,roma|direct|clahe|s0,DislocationCharacterization,roma,transform,47.516,19.165227775562006,54.27409954263899,True,True,True
eval_MoTaTiZrHf-HEA-DDRX-900C_TEM_DislocationCharacterization_0#14,roma|direct|gradmag|s0,DislocationCharacterization,roma,transform,56.496,6.790010701130233,54.27409954263899,True,True,True
eval_MoTaTiZrHf-HEA-DDRX-900C_TEM_DislocationCharacterization_0#15,roma|direct|none|s0,DislocationCharacterization,roma,core,728.785,1387.4229849947715,54.27409954263899,True,True,False
eval_MoTaTiZrHf-HEA-DDRX-900C_TEM_DislocationCharacterization_0#15,roma|pyramid_v2|none|s0,DislocationCharacterization,roma,core,728.785,1387.4229849947715,54.27409954263899,True,True,False
eval_MoTaTiZrHf-HEA-DDRX-900C_TEM_DislocationCharacterization_0#15,roma|direct|invert|s0,DislocationCharacterization,roma,transform,1420.507,1486.2284355891054,54.27409954263899,True,True,False
eval_MoTaTiZrHf-HEA-DDRX-900C_TEM_DislocationCharacterization_0#15,roma|direct|histmatch|s0,DislocationCharacterization,roma,transform,54.601,15.750323217025468,54.27409954263899,True,True,True
eval_MoTaTiZrHf-HEA-DDRX-900C_TEM_DislocationCharacterization_0#15,roma|direct|clahe|s0,DislocationCharacterization,roma,transform,1125.244,1297.481719230172,54.27409954263899,True,True,False
eval_MoTaTiZrHf-HEA-DDRX-900C_TEM_DislocationCharacterization_0#15,roma|direct|gradmag|s0,DislocationCharacterization,roma,transform,68.107,14.962900282725121,54.27409954263899,True,True,True
eval_MoTaTiZrHf-HEA-DDRX-900C_TEM_largeFOV-DislocationCharacterization_0#0,roma|direct|none|s0,DislocationCharacterization,roma,core,20.187,512.3894729256054,510.7112573671852,True,True,False
eval_MoTaTiZrHf-HEA-DDRX-900C_TEM_largeFOV-DislocationCharacterization_0#0,roma|pyramid_v2|none|s0,DislocationCharacterization,roma,core,20.187,512.3894729256054,510.7112573671852,True,True,False
eval_MoTaTiZrHf-HEA-DDRX-900C_TEM_largeFOV-DislocationCharacterization_0#0,roma|direct|invert|s0,DislocationCharacterization,roma,transform,695.962,1340.076445003847,510.7112573671852,True,True,False
eval_MoTaTiZrHf-HEA-DDRX-900C_TEM_largeFOV-DislocationCharacterization_0#0,roma|direct|histmatch|s0,DislocationCharacterization,roma,transform,20.091,513.3908934482508,510.7112573671852,True,True,False
eval_MoTaTiZrHf-HEA-DDRX-900C_TEM_largeFOV-DislocationCharacterization_0#0,roma|direct|clahe|s0,DislocationCharacterization,roma,transform,19.525,513.602060829945,510.7112573671852,True,True,False
eval_MoTaTiZrHf-HEA-DDRX-900C_TEM_largeFOV-DislocationCharacterization_0#0,roma|direct|gradmag|s0,DislocationCharacterization,roma,transform,537.53,21.482948377284515,510.7112573671852,True,True,False
eval_MoTaTiZrHf-HEA-DDRX-900C_TEM_largeFOV-DislocationCharacterization_0#1,roma|direct|none|s0,DislocationCharacterization,roma,core,520.328,8.58526312017055,510.7112573671852,True,True,True
eval_MoTaTiZrHf-HEA-DDRX-900C_TEM_largeFOV-DislocationCharacterization_0#1,roma|pyramid_v2|none|s0,DislocationCharacterization,roma,core,520.328,8.58526312017055,510.7112573671852,True,True,True
eval_MoTaTiZrHf-HEA-DDRX-900C_TEM_largeFOV-DislocationCharacterization_0#1,roma|direct|invert|s0,DislocationCharacterization,roma,transform,100.544,565.6937164880868,510.7112573671852,True,True,False
eval_MoTaTiZrHf-HEA-DDRX-900C_TEM_largeFOV-DislocationCharacterization_0#1,roma|direct|histmatch|s0,DislocationCharacterization,roma,transform,506.183,3.1721661218248074,510.7112573671852,True,True,True
eval_MoTaTiZrHf-HEA-DDRX-900C_TEM_largeFOV-DislocationCharacterization_0#1,roma|direct|clahe|s0,DislocationCharacterization,roma,transform,526.498,17.858767154098647,510.7112573671852,True,True,True
eval_MoTaTiZrHf-HEA-DDRX-900C_TEM_largeFOV-DislocationCharacterization_0#1,roma|direct|gradmag|s0,DislocationCharacterization,roma,transform,501.019,10.847869956156929,510.7112573671852,True,True,True
eval_MoTaTiZrHf-HEA-DDRX-900C_TEM_largeFOV-DislocationCharacterization_0#2,roma|direct|none|s0,DislocationCharacterization,roma,core,527.21,19.58840522797599,510.7112573671852,True,True,True
eval_MoTaTiZrHf-HEA-DDRX-900C_TEM_largeFOV-DislocationCharacterization_0#2,roma|pyramid_v2|none|s0,DislocationCharacterization,roma,core,527.21,19.58840522797599,510.7112573671852,True,True,True
eval_MoTaTiZrHf-HEA-DDRX-900C_TEM_largeFOV-DislocationCharacterization_0#2,roma|direct|invert|s0,DislocationCharacterization,roma,transform,20.183,514.6075176783469,510.7112573671852,True,True,False
eval_MoTaTiZrHf-HEA-DDRX-900C_TEM_largeFOV-DislocationCharacterization_0#2,roma|direct|histmatch|s0,DislocationCharacterization,roma,transform,510.476,2.5225766926853086,510.7112573671852,True,True,True
eval_MoTaTiZrHf-HEA-DDRX-900C_TEM_largeFOV-DislocationCharacterization_0#2,roma|direct|clahe|s0,DislocationCharacterization,roma,transform,506.184,3.4827681241905335,510.7112573671852,True,True,True
eval_MoTaTiZrHf-HEA-DDRX-900C_TEM_largeFOV-DislocationCharacterization_0#2,roma|direct|gradmag|s0,DislocationCharacterization,roma,transform,505.698,3.793145939614866,510.7112573671852,True,True,True
eval_MoTaTiZrHf-HEA-DDRX-900C_TEM_largeFOV-DislocationCharacterization_0#3,roma|direct|none|s0,DislocationCharacterization,roma,core,21.787,433.73814525071555,427.7041620562354,True,True,False
eval_MoTaTiZrHf-HEA-DDRX-900C_TEM_largeFOV-DislocationCharacterization_0#3,roma|pyramid_v2|none|s0,DislocationCharacterization,roma,core,21.787,433.73814525071555,427.7041620562354,True,True,False
eval_MoTaTiZrHf-HEA-DDRX-900C_TEM_largeFOV-DislocationCharacterization_0#3,roma|direct|invert|s0,DislocationCharacterization,roma,transform,952.964,1138.7833460729305,427.7041620562354,True,True,False
eval_MoTaTiZrHf-HEA-DDRX-900C_TEM_largeFOV-DislocationCharacterization_0#3,roma|direct|histmatch|s0,DislocationCharacterization,roma,transform,21.947,435.2909151462157,427.7041620562354,True,True,False
eval_MoTaTiZrHf-HEA-DDRX-900C_TEM_largeFOV-DislocationCharacterization_0#3,roma|direct|clahe|s0,DislocationCharacterization,roma,transform,21.56,438.3048793655073,427.7041620562354,True,True,False
eval_MoTaTiZrHf-HEA-DDRX-900C_TEM_largeFOV-DislocationCharacterization_0#3,roma|direct|gradmag|s0,DislocationCharacterization,roma,transform,422.006,14.450996056969936,427.7041620562354,True,True,True
eval_MoTaTiZrHf-HEA-DDRX-900C_TEM_largeFOV-DislocationCharacterization_0#4,roma|direct|none|s0,DislocationCharacterization,roma,core,449.019,17.07329133485506,427.7041620562354,True,True,True
eval_MoTaTiZrHf-HEA-DDRX-900C_TEM_largeFOV-DislocationCharacterization_0#4,roma|pyramid_v2|none|s0,DislocationCharacterization,roma,core,449.019,17.07329133485506,427.7041620562354,True,True,True
eval_MoTaTiZrHf-HEA-DDRX-900C_TEM_largeFOV-DislocationCharacterization_0#4,roma|direct|invert|s0,DislocationCharacterization,roma,transform,22.732,444.45876989321386,427.7041620562354,True,True,False
eval_MoTaTiZrHf-HEA-DDRX-900C_TEM_largeFOV-DislocationCharacterization_0#4,roma|direct|histmatch|s0,DislocationCharacterization,roma,transform,441.784,8.531648176469396,427.7041620562354,True,True,True
eval_MoTaTiZrHf-HEA-DDRX-900C_TEM_largeFOV-DislocationCharacterization_0#4,roma|direct|clahe|s0,DislocationCharacterization,roma,transform,421.262,27.22916830067134,427.7041620562354,True,True,False
eval_MoTaTiZrHf-HEA-DDRX-900C_TEM_largeFOV-DislocationCharacterization_0#4,roma|direct|gradmag|s0,DislocationCharacterization,roma,transform,429.72,7.4875431440268985,427.7041620562354,True,True,True
eval_MoTaTiZrHf-HEA-DDRX-900C_TEM_largeFOV-DislocationCharacterization_0#5,roma|direct|none|s0,DislocationCharacterization,roma,core,437.584,3.240067448510524,427.7041620562354,True,True,True
eval_MoTaTiZrHf-HEA-DDRX-900C_TEM_largeFOV-DislocationCharacterization_0#5,roma|pyramid_v2|none|s0,DislocationCharacterization,roma,core,437.584,3.240067448510524,427.7041620562354,True,True,True
eval_MoTaTiZrHf-HEA-DDRX-900C_TEM_largeFOV-DislocationCharacterization_0#5,roma|direct|invert|s0,DislocationCharacterization,roma,transform,21.738,437.89106397503963,427.7041620562354,True,True,False
eval_MoTaTiZrHf-HEA-DDRX-900C_TEM_largeFOV-DislocationCharacterization_0#5,roma|direct|histmatch|s0,DislocationCharacterization,roma,transform,440.768,9.473967922968972,427.7041620562354,True,True,True
eval_MoTaTiZrHf-HEA-DDRX-900C_TEM_largeFOV-DislocationCharacterization_0#5,roma|direct|clahe|s0,DislocationCharacterization,roma,transform,441.09,6.651943725555472,427.7041620562354,True,True,True
eval_MoTaTiZrHf-HEA-DDRX-900C_TEM_largeFOV-DislocationCharacterization_0#5,roma|direct|gradmag|s0,DislocationCharacterization,roma,transform,440.463,9.565054179842472,427.7041620562354,True,True,True
eval_MoTaTiZrHf-HEA-DDRX-900C_TEM_largeFOV-DislocationCharacterization_0#6,roma|direct|none|s0,DislocationCharacterization,roma,core,504.256,9.256858119431019,510.7112573671852,True,True,True
eval_MoTaTiZrHf-HEA-DDRX-900C_TEM_largeFOV-DislocationCharacterization_0#6,roma|pyramid_v2|none|s0,DislocationCharacterization,roma,core,504.256,9.256858119431019,510.7112573671852,True,True,True
eval_MoTaTiZrHf-HEA-DDRX-900C_TEM_largeFOV-DislocationCharacterization_0#6,roma|direct|invert|s0,DislocationCharacterization,roma,transform,108.236,564.2510592571656,510.7112573671852,True,True,False
eval_MoTaTiZrHf-HEA-DDRX-900C_TEM_largeFOV-DislocationCharacterization_0#6,roma|direct|histmatch|s0,DislocationCharacterization,roma,transform,503.475,11.759257054795704,510.7112573671852,True,True,True
eval_MoTaTiZrHf-HEA-DDRX-900C_TEM_largeFOV-DislocationCharacterization_0#6,roma|direct|clahe|s0,DislocationCharacterization,roma,transform,500.343,9.20731575465118,510.7112573671852,True,True,True
eval_MoTaTiZrHf-HEA-DDRX-900C_TEM_largeFOV-DislocationCharacterization_0#6,roma|direct|gradmag|s0,DislocationCharacterization,roma,transform,526.48,12.715176754495944,510.7112573671852,True,True,True
eval_MoTaTiZrHf-HEA-DDRX-900C_TEM_largeFOV-DislocationCharacterization_0#7,roma|direct|none|s0,DislocationCharacterization,roma,core,507.649,1.9491334324833596,510.7112573671852,True,True,True
eval_MoTaTiZrHf-HEA-DDRX-900C_TEM_largeFOV-DislocationCharacterization_0#7,roma|pyramid_v2|none|s0,DislocationCharacterization,roma,core,507.649,1.9491334324833596,510.7112573671852,True,True,True
eval_MoTaTiZrHf-HEA-DDRX-900C_TEM_largeFOV-DislocationCharacterization_0#7,roma|direct|invert|s0,DislocationCharacterization,roma,transform,1182.443,1447.348615567406,510.7112573671852,True,True,False
eval_MoTaTiZrHf-HEA-DDRX-900C_TEM_largeFOV-DislocationCharacterization_0#7,roma|direct|histmatch|s0,DislocationCharacterization,roma,transform,510.481,4.492374879721975,510.7112573671852,True,True,True
eval_MoTaTiZrHf-HEA-DDRX-900C_TEM_largeFOV-DislocationCharacterization_0#7,roma|direct|clahe|s0,DislocationCharacterization,roma,transform,526.02,12.535288659231066,510.7112573671852,True,True,True
eval_MoTaTiZrHf-HEA-DDRX-900C_TEM_largeFOV-DislocationCharacterization_0#7,roma|direct|gradmag|s0,DislocationCharacterization,roma,transform,509.022,3.70010275659098,510.7112573671852,True,True,True
eval_MoTaTiZrHf-HEA-DDRX-900C_TEM_largeFOV-DislocationCharacterization_0#8,roma|direct|none|s0,DislocationCharacterization,roma,core,496.56,11.964630889523576,510.7112573671852,True,True,True
eval_MoTaTiZrHf-HEA-DDRX-900C_TEM_largeFOV-DislocationCharacterization_0#8,roma|pyramid_v2|none|s0,DislocationCharacterization,roma,core,496.56,11.964630889523576,510.7112573671852,True,True,True
eval_MoTaTiZrHf-HEA-DDRX-900C_TEM_largeFOV-DislocationCharacterization_0#8,roma|direct|invert|s0,DislocationCharacterization,roma,transform,565.266,963.7456059175803,510.7112573671852,True,True,False
eval_MoTaTiZrHf-HEA-DDRX-900C_TEM_largeFOV-DislocationCharacterization_0#8,roma|direct|histmatch|s0,DislocationCharacterization,roma,transform,22.582,515.290060809807,510.7112573671852,True,True,False
eval_MoTaTiZrHf-HEA-DDRX-900C_TEM_largeFOV-DislocationCharacterization_0#8,roma|direct|clahe|s0,DislocationCharacterization,roma,transform,504.475,4.803525344636793,510.7112573671852,True,True,True
eval_MoTaTiZrHf-HEA-DDRX-900C_TEM_largeFOV-DislocationCharacterization_0#8,roma|direct|gradmag|s0,DislocationCharacterization,roma,transform,518.549,7.238326130864385,510.7112573671852,True,True,True
eval_MoTaTiZrHf-HEA-DDRX-900C_TEM_largeFOV-DislocationCharacterization_0#9,roma|direct|none|s0,DislocationCharacterization,roma,core,434.061,5.231702873611611,427.7041620562354,True,True,True
eval_MoTaTiZrHf-HEA-DDRX-900C_TEM_largeFOV-DislocationCharacterization_0#9,roma|pyramid_v2|none|s0,DislocationCharacterization,roma,core,434.061,5.231702873611611,427.7041620562354,True,True,True
eval_MoTaTiZrHf-HEA-DDRX-900C_TEM_largeFOV-DislocationCharacterization_0#9,roma|direct|invert|s0,DislocationCharacterization,roma,transform,29.289,439.8004139155442,427.7041620562354,True,True,False
eval_MoTaTiZrHf-HEA-DDRX-900C_TEM_largeFOV-DislocationCharacterization_0#9,roma|direct|histmatch|s0,DislocationCharacterization,roma,transform,436.568,7.07458782219717,427.7041620562354,True,True,True
eval_MoTaTiZrHf-HEA-DDRX-900C_TEM_largeFOV-DislocationCharacterization_0#9,roma|direct|clahe|s0,DislocationCharacterization,roma,transform,436.313,4.147979200114753,427.7041620562354,True,True,True
eval_MoTaTiZrHf-HEA-DDRX-900C_TEM_largeFOV-DislocationCharacterization_0#9,roma|direct|gradmag|s0,DislocationCharacterization,roma,transform,445.166,11.406111959239688,427.7041620562354,True,True,True
eval_MoTaTiZrHf-HEA-DDRX-900C_TEM_largeFOV-DislocationCharacterization_0#10,roma|direct|none|s0,DislocationCharacterization,roma,core,25.724,449.36524686198493,427.7041620562354,True,True,False
eval_MoTaTiZrHf-HEA-DDRX-900C_TEM_largeFOV-DislocationCharacterization_0#10,roma|pyramid_v2|none|s0,DislocationCharacterization,roma,core,25.724,449.36524686198493,427.7041620562354,True,True,False
eval_MoTaTiZrHf-HEA-DDRX-900C_TEM_largeFOV-DislocationCharacterization_0#10,roma|direct|invert|s0,DislocationCharacterization,roma,transform,1131.175,1601.906130030714,427.7041620562354,True,True,False
eval_MoTaTiZrHf-HEA-DDRX-900C_TEM_largeFOV-DislocationCharacterization_0#10,roma|direct|histmatch|s0,DislocationCharacterization,roma,transform,24.774,447.13841907022675,427.7041620562354,True,True,False
eval_MoTaTiZrHf-HEA-DDRX-900C_TEM_largeFOV-DislocationCharacterization_0#10,roma|direct|clahe|s0,DislocationCharacterization,roma,transform,26.167,450.47515308280674,427.7041620562354,True,True,False
eval_MoTaTiZrHf-HEA-DDRX-900C_TEM_largeFOV-DislocationCharacterization_0#10,roma|direct|gradmag|s0,DislocationCharacterization,roma,transform,430.715,5.062875586269318,427.7041620562354,True,True,True
eval_MoTaTiZrHf-HEA-DDRX-900C_TEM_largeFOV-DislocationCharacterization_0#11,roma|direct|none|s0,DislocationCharacterization,roma,core,25.453,443.3111728947569,427.7041620562354,True,True,False
eval_MoTaTiZrHf-HEA-DDRX-900C_TEM_largeFOV-DislocationCharacterization_0#11,roma|pyramid_v2|none|s0,DislocationCharacterization,roma,core,25.453,443.3111728947569,427.7041620562354,True,True,False
eval_MoTaTiZrHf-HEA-DDRX-900C_TEM_largeFOV-DislocationCharacterization_0#11,roma|direct|invert|s0,DislocationCharacterization,roma,transform,467.594,50.730600373948306,427.7041620562354,True,True,False
eval_MoTaTiZrHf-HEA-DDRX-900C_TEM_largeFOV-DislocationCharacterization_0#11,roma|direct|histmatch|s0,DislocationCharacterization,roma,transform,22.395,442.88246642325686,427.7041620562354,True,True,False
eval_MoTaTiZrHf-HEA-DDRX-900C_TEM_largeFOV-DislocationCharacterization_0#11,roma|direct|clahe|s0,DislocationCharacterization,roma,transform,23.806,444.90918998152597,427.7041620562354,True,True,False
eval_MoTaTiZrHf-HEA-DDRX-900C_TEM_largeFOV-DislocationCharacterization_0#11,roma|direct|gradmag|s0,DislocationCharacterization,roma,transform,441.711,16.426599825970627,427.7041620562354,True,True,True
eval_MoTaTiZrHf-HEA-DDRX-900C_TEM_largeFOV-DislocationCharacterization_0#12,roma|direct|none|s0,DislocationCharacterization,roma,core,536.012,26.806412438776448,510.7112573671852,True,True,False
eval_MoTaTiZrHf-HEA-DDRX-900C_TEM_largeFOV-DislocationCharacterization_0#12,roma|pyramid_v2|none|s0,DislocationCharacterization,roma,core,536.012,26.806412438776448,510.7112573671852,True,True,False
eval_MoTaTiZrHf-HEA-DDRX-900C_TEM_largeFOV-DislocationCharacterization_0#12,roma|direct|invert|s0,DislocationCharacterization,roma,transform,20.307,513.9928713926948,510.7112573671852,True,True,False
eval_MoTaTiZrHf-HEA-DDRX-900C_TEM_largeFOV-DislocationCharacterization_0#12,roma|direct|histmatch|s0,DislocationCharacterization,roma,transform,500.963,13.419958733321131,510.7112573671852,True,True,True
eval_MoTaTiZrHf-HEA-DDRX-900C_TEM_largeFOV-DislocationCharacterization_0#12,roma|direct|clahe|s0,DislocationCharacterization,roma,transform,508.873,2.9510458380878397,510.7112573671852,True,True,True
eval_MoTaTiZrHf-HEA-DDRX-900C_TEM_largeFOV-DislocationCharacterization_0#12,roma|direct|gradmag|s0,DislocationCharacterization,roma,transform,522.2,13.323571881468686,510.7112573671852,True,True,True
eval_MoTaTiZrHf-HEA-DDRX-900C_TEM_largeFOV-DislocationCharacterization_0#13,roma|direct|none|s0,DislocationCharacterization,roma,core,509.828,3.23805728887098,510.7112573671852,True,True,True
eval_MoTaTiZrHf-HEA-DDRX-900C_TEM_largeFOV-DislocationCharacterization_0#13,roma|pyramid_v2|none|s0,DislocationCharacterization,roma,core,509.828,3.23805728887098,510.7112573671852,True,True,True
eval_MoTaTiZrHf-HEA-DDRX-900C_TEM_largeFOV-DislocationCharacterization_0#13,roma|direct|invert|s0,DislocationCharacterization,roma,transform,1589.292,1219.1550888130232,510.7112573671852,True,True,False
eval_MoTaTiZrHf-HEA-DDRX-900C_TEM_largeFOV-DislocationCharacterization_0#13,roma|direct|histmatch|s0,DislocationCharacterization,roma,transform,506.753,4.364221082639397,510.7112573671852,True,True,True
eval_MoTaTiZrHf-HEA-DDRX-900C_TEM_largeFOV-DislocationCharacterization_0#13,roma|direct|clahe|s0,DislocationCharacterization,roma,transform,506.392,3.8774715621624387,510.7112573671852,True,True,True
eval_MoTaTiZrHf-HEA-DDRX-900C_TEM_largeFOV-DislocationCharacterization_0#13,roma|direct|gradmag|s0,DislocationCharacterization,roma,transform,517.354,5.7083140218893424,510.7112573671852,True,True,True
eval_MoTaTiZrHf-HEA-DDRX-900C_TEM_largeFOV-DislocationCharacterization_0#14,roma|direct|none|s0,DislocationCharacterization,roma,core,20.637,515.2254934136547,510.7112573671852,True,True,False
eval_MoTaTiZrHf-HEA-DDRX-900C_TEM_largeFOV-DislocationCharacterization_0#14,roma|pyramid_v2|none|s0,DislocationCharacterization,roma,core,20.637,515.2254934136547,510.7112573671852,True,True,False
eval_MoTaTiZrHf-HEA-DDRX-900C_TEM_largeFOV-DislocationCharacterization_0#14,roma|direct|invert|s0,DislocationCharacterization,roma,transform,1775.971,2068.5050554211184,510.7112573671852,True,True,False
eval_MoTaTiZrHf-HEA-DDRX-900C_TEM_largeFOV-DislocationCharacterization_0#14,roma|direct|histmatch|s0,DislocationCharacterization,roma,transform,21.622,506.5318960324481,510.7112573671852,True,True,False
eval_MoTaTiZrHf-HEA-DDRX-900C_TEM_largeFOV-DislocationCharacterization_0#14,roma|direct|clahe|s0,DislocationCharacterization,roma,transform,19.562,511.06965073976977,510.7112573671852,True,True,False
eval_MoTaTiZrHf-HEA-DDRX-900C_TEM_largeFOV-DislocationCharacterization_0#14,roma|direct|gradmag|s0,DislocationCharacterization,roma,transform,546.753,31.066099737595597,510.7112573671852,True,True,False
eval_MoTaTiZrHf-HEA-DDRX-900C_TEM_largeFOV-DislocationCharacterization_0#15,roma|direct|none|s0,DislocationCharacterization,roma,core,438.821,11.69123845990312,427.7041620562354,True,True,True
eval_MoTaTiZrHf-HEA-DDRX-900C_TEM_largeFOV-DislocationCharacterization_0#15,roma|pyramid_v2|none|s0,DislocationCharacterization,roma,core,438.821,11.69123845990312,427.7041620562354,True,True,True
eval_MoTaTiZrHf-HEA-DDRX-900C_TEM_largeFOV-DislocationCharacterization_0#15,roma|direct|invert|s0,DislocationCharacterization,roma,transform,23.284,442.8808416647787,427.7041620562354,True,True,False
eval_MoTaTiZrHf-HEA-DDRX-900C_TEM_largeFOV-DislocationCharacterization_0#15,roma|direct|histmatch|s0,DislocationCharacterization,roma,transform,435.185,2.9385987439699006,427.7041620562354,True,True,True
eval_MoTaTiZrHf-HEA-DDRX-900C_TEM_largeFOV-DislocationCharacterization_0#15,roma|direct|clahe|s0,DislocationCharacterization,roma,transform,430.411,9.618745559126436,427.7041620562354,True,True,True
eval_MoTaTiZrHf-HEA-DDRX-900C_TEM_largeFOV-DislocationCharacterization_0#15,roma|direct|gradmag|s0,DislocationCharacterization,roma,transform,413.472,24.605479439474244,427.7041620562354,True,True,False
eval_MoTaTiZrHf-HEA-DDRX-900C_TEM_largeFOV-DislocationCharacterization_0#16,roma|direct|none|s0,DislocationCharacterization,roma,core,24.482,442.520179247964,427.7041620562354,True,True,False
eval_MoTaTiZrHf-HEA-DDRX-900C_TEM_largeFOV-DislocationCharacterization_0#16,roma|pyramid_v2|none|s0,DislocationCharacterization,roma,core,24.482,442.520179247964,427.7041620562354,True,True,False
eval_MoTaTiZrHf-HEA-DDRX-900C_TEM_largeFOV-DislocationCharacterization_0#16,roma|direct|invert|s0,DislocationCharacterization,roma,transform,1943.335,1959.7293058885004,427.7041620562354,True,True,False
eval_MoTaTiZrHf-HEA-DDRX-900C_TEM_largeFOV-DislocationCharacterization_0#16,roma|direct|histmatch|s0,DislocationCharacterization,roma,transform,27.26,443.84312488177636,427.7041620562354,True,True,False
eval_MoTaTiZrHf-HEA-DDRX-900C_TEM_largeFOV-DislocationCharacterization_0#16,roma|direct|clahe|s0,DislocationCharacterization,roma,transform,24.722,447.68223333314296,427.7041620562354,True,True,False
eval_MoTaTiZrHf-HEA-DDRX-900C_TEM_largeFOV-DislocationCharacterization_0#16,roma|direct|gradmag|s0,DislocationCharacterization,roma,transform,432.78,6.125499805898895,427.7041620562354,True,True,True
eval_MoTaTiZrHf-HEA-DDRX-900C_TEM_largeFOV-DislocationCharacterization_0#17,roma|direct|none|s0,DislocationCharacterization,roma,core,26.142,441.99079725695316,427.7041620562354,True,True,False
eval_MoTaTiZrHf-HEA-DDRX-900C_TEM_largeFOV-DislocationCharacterization_0#17,roma|pyramid_v2|none|s0,DislocationCharacterization,roma,core,26.142,441.99079725695316,427.7041620562354,True,True,False
eval_MoTaTiZrHf-HEA-DDRX-900C_TEM_largeFOV-DislocationCharacterization_0#17,roma|direct|invert|s0,DislocationCharacterization,roma,transform,391.654,100.39141721388256,427.7041620562354,True,True,False
eval_MoTaTiZrHf-HEA-DDRX-900C_TEM_largeFOV-DislocationCharacterization_0#17,roma|direct|histmatch|s0,DislocationCharacterization,roma,transform,24.264,440.3501605055654,427.7041620562354,True,True,False
eval_MoTaTiZrHf-HEA-DDRX-900C_TEM_largeFOV-DislocationCharacterization_0#17,roma|direct|clahe|s0,DislocationCharacterization,roma,transform,21.966,441.01268939413916,427.7041620562354,True,True,False
eval_MoTaTiZrHf-HEA-DDRX-900C_TEM_largeFOV-DislocationCharacterization_0#17,roma|direct|gradmag|s0,DislocationCharacterization,roma,transform,424.69,12.362036088654246,427.7041620562354,True,True,True
eval_TRIP1-Bainitic_LOM_SEM_EBSD_Multiscale_0#0,roma|direct|none|s0,Multiscale,roma,core,1.399,1546.4369248324585,1546.8880551353102,False,False,False
eval_TRIP1-Bainitic_LOM_SEM_EBSD_Multiscale_0#0,roma|pyramid_v2|none|s0,Multiscale,roma,core,1.399,1546.4369248324585,1546.8880551353102,False,False,False
eval_TRIP1-Bainitic_LOM_SEM_EBSD_Multiscale_0#0,roma|direct|invert|s0,Multiscale,roma,transform,1.305,1546.7833177476177,1546.8880551353102,False,False,False
eval_TRIP1-Bainitic_LOM_SEM_EBSD_Multiscale_0#0,roma|direct|histmatch|s0,Multiscale,roma,transform,1.378,1546.5425074962177,1546.8880551353102,False,False,False
eval_TRIP1-Bainitic_LOM_SEM_EBSD_Multiscale_0#0,roma|direct|clahe|s0,Multiscale,roma,transform,1.389,1546.3679814987188,1546.8880551353102,False,False,False
eval_TRIP1-Bainitic_LOM_SEM_EBSD_Multiscale_0#0,roma|direct|gradmag|s0,Multiscale,roma,transform,1.282,1546.5897427086175,1546.8880551353102,False,False,False
eval_TRIP1-Bainitic_LOM_SEM_EBSD_Multiscale_0#1,roma|direct|none|s0,Multiscale,roma,core,1.899,42.068740821520095,41.92651964922444,False,False,False
eval_TRIP1-Bainitic_LOM_SEM_EBSD_Multiscale_0#1,roma|pyramid_v2|none|s0,Multiscale,roma,core,1.899,42.068740821520095,41.92651964922444,False,False,False
eval_TRIP1-Bainitic_LOM_SEM_EBSD_Multiscale_0#1,roma|direct|invert|s0,Multiscale,roma,transform,2.442,42.4412313234943,41.92651964922444,False,False,False
eval_TRIP1-Bainitic_LOM_SEM_EBSD_Multiscale_0#1,roma|direct|histmatch|s0,Multiscale,roma,transform,1.91,42.131479086202674,41.92651964922444,False,False,False
eval_TRIP1-Bainitic_LOM_SEM_EBSD_Multiscale_0#1,roma|direct|clahe|s0,Multiscale,roma,transform,1.931,42.17498251771127,41.92651964922444,False,False,False
eval_TRIP1-Bainitic_LOM_SEM_EBSD_Multiscale_0#1,roma|direct|gradmag|s0,Multiscale,roma,transform,2.72,42.46398243406188,41.92651964922444,False,False,False
eval_TRIP1-Bainitic_LOM_SEM_EBSD_Multiscale_0#2,roma|direct|none|s0,Multiscale,roma,core,10.426,26.126797558249176,20.082746220152444,False,False,False
eval_TRIP1-Bainitic_LOM_SEM_EBSD_Multiscale_0#2,roma|pyramid_v2|none|s0,Multiscale,roma,core,10.426,26.126797558249176,20.082746220152444,False,False,False
eval_TRIP1-Bainitic_LOM_SEM_EBSD_Multiscale_0#2,roma|direct|invert|s0,Multiscale,roma,transform,9.406,24.258821507948696,20.082746220152444,False,False,False
eval_TRIP1-Bainitic_LOM_SEM_EBSD_Multiscale_0#2,roma|direct|histmatch|s0,Multiscale,roma,transform,10.754,26.516290285724466,20.082746220152444,False,False,False
eval_TRIP1-Bainitic_LOM_SEM_EBSD_Multiscale_0#2,roma|direct|clahe|s0,Multiscale,roma,transform,9.839,25.237151025362692,20.082746220152444,False,False,False
eval_TRIP1-Bainitic_LOM_SEM_EBSD_Multiscale_0#2,roma|direct|gradmag|s0,Multiscale,roma,transform,10.004,25.813257446201924,20.082746220152444,False,False,False
eval_TRIP1-Bainitic_LOM_SEM_EBSD_Multiscale_0#3,roma|direct|none|s0,Multiscale,roma,core,687.809,1133.2702339803188,975.1935200006224,False,False,False
eval_TRIP1-Bainitic_LOM_SEM_EBSD_Multiscale_0#3,roma|pyramid_v2|none|s0,Multiscale,roma,core,1138.502,1235.7514313254785,975.1935200006224,False,False,False
eval_TRIP1-Bainitic_LOM_SEM_EBSD_Multiscale_0#3,roma|direct|invert|s0,Multiscale,roma,transform,836.856,1134.1964710581938,975.1935200006224,False,False,False
eval_TRIP1-Bainitic_LOM_SEM_EBSD_Multiscale_0#3,roma|direct|histmatch|s0,Multiscale,roma,transform,1168.692,885.5124365810645,975.1935200006224,False,False,False
eval_TRIP1-Bainitic_LOM_SEM_EBSD_Multiscale_0#3,roma|direct|clahe|s0,Multiscale,roma,transform,1314.913,1070.8391174005599,975.1935200006224,False,False,False
eval_TRIP1-Bainitic_LOM_SEM_EBSD_Multiscale_0#3,roma|direct|gradmag|s0,Multiscale,roma,transform,1773.691,1251.0209805803822,975.1935200006224,False,False,False
eval_TRIP1-Bainitic_LOM_SEM_EBSD_Multiscale_0#4,roma|direct|none|s0,Multiscale,roma,core,718.32,1304.8986751500993,975.3427342073453,False,False,False
eval_TRIP1-Bainitic_LOM_SEM_EBSD_Multiscale_0#4,roma|pyramid_v2|none|s0,Multiscale,roma,core,718.32,1304.8986751500993,975.3427342073453,False,False,False
eval_TRIP1-Bainitic_LOM_SEM_EBSD_Multiscale_0#4,roma|direct|invert|s0,Multiscale,roma,transform,932.07,952.7867146284386,975.3427342073453,False,False,False
eval_TRIP1-Bainitic_LOM_SEM_EBSD_Multiscale_0#4,roma|direct|histmatch|s0,Multiscale,roma,transform,693.34,1260.53937752876,975.3427342073453,False,False,False
eval_TRIP1-Bainitic_LOM_SEM_EBSD_Multiscale_0#4,roma|direct|clahe|s0,Multiscale,roma,transform,703.148,1132.5420288611217,975.3427342073453,False,False,False
eval_TRIP1-Bainitic_LOM_SEM_EBSD_Multiscale_0#4,roma|direct|gradmag|s0,Multiscale,roma,transform,1271.439,864.4387503418073,975.3427342073453,False,False,False
eval_TRIP1-Bainitic_LOM_SEM_EBSD_Multiscale_0#5,roma|direct|none|s0,Multiscale,roma,core,978.472,1301.8443497053706,974.5966727802365,False,False,False
eval_TRIP1-Bainitic_LOM_SEM_EBSD_Multiscale_0#5,roma|pyramid_v2|none|s0,Multiscale,roma,core,730.039,1551.804816758093,974.5966727802365,False,False,False
eval_TRIP1-Bainitic_LOM_SEM_EBSD_Multiscale_0#5,roma|direct|invert|s0,Multiscale,roma,transform,13089.986,4272.952891558036,974.5966727802365,False,False,False
eval_TRIP1-Bainitic_LOM_SEM_EBSD_Multiscale_0#5,roma|direct|histmatch|s0,Multiscale,roma,transform,3670.996,4792.153831933716,974.5966727802365,False,False,False
eval_TRIP1-Bainitic_LOM_SEM_EBSD_Multiscale_0#5,roma|direct|clahe|s0,Multiscale,roma,transform,570.815,1159.0603715254051,974.5966727802365,False,False,False
eval_TRIP1-Bainitic_LOM_SEM_EBSD_Multiscale_0#5,roma|direct|gradmag|s0,Multiscale,roma,transform,1126.85,917.9534125858308,974.5966727802365,False,False,False
eval_TRIP1-Bainitic_LOM_SEM_EBSD_Multiscale_0#6,roma|direct|none|s0,Multiscale,roma,core,546.369,1372.3815494229382,974.5966727802365,False,False,False
eval_TRIP1-Bainitic_LOM_SEM_EBSD_Multiscale_0#6,roma|pyramid_v2|none|s0,Multiscale,roma,core,1055.485,1997.1144827656435,974.5966727802365,False,False,False
eval_TRIP1-Bainitic_LOM_SEM_EBSD_Multiscale_0#6,roma|direct|invert|s0,Multiscale,roma,transform,513.539,3047.6607485321047,974.5966727802365,False,False,False
eval_TRIP1-Bainitic_LOM_SEM_EBSD_Multiscale_0#6,roma|direct|histmatch|s0,Multiscale,roma,transform,553.511,1057.5944187280877,974.5966727802365,False,False,False
eval_TRIP1-Bainitic_LOM_SEM_EBSD_Multiscale_0#6,roma|direct|clahe|s0,Multiscale,roma,transform,702.094,1391.1838765153134,974.5966727802365,False,False,False
eval_TRIP1-Bainitic_LOM_SEM_EBSD_Multiscale_0#6,roma|direct|gradmag|s0,Multiscale,roma,transform,780.968,1499.5351528246058,974.5966727802365,False,False,False
eval_Ta-AM-Spalled_SEM-BSE_EBSD_SameSliceSerialSectioning_0#0,roma|direct|none|s0,SerialSectioning,roma,core,86.021,3594.2527432790903,3553.3886640913247,False,False,False
eval_Ta-AM-Spalled_SEM-BSE_EBSD_SameSliceSerialSectioning_0#0,roma|pyramid_v2|none|s0,SerialSectioning,roma,core,86.021,3594.2527432790903,3553.3886640913247,False,False,False
eval_Ta-AM-Spalled_SEM-BSE_EBSD_SameSliceSerialSectioning_0#0,roma|direct|invert|s0,SerialSectioning,roma,transform,1352.933,3003.7243727085242,3553.3886640913247,False,False,False
eval_Ta-AM-Spalled_SEM-BSE_EBSD_SameSliceSerialSectioning_0#0,roma|direct|histmatch|s0,SerialSectioning,roma,transform,768.206,3201.375059156546,3553.3886640913247,False,False,False
eval_Ta-AM-Spalled_SEM-BSE_EBSD_SameSliceSerialSectioning_0#0,roma|direct|clahe|s0,SerialSectioning,roma,transform,118.328,3580.6790703438323,3553.3886640913247,False,False,False
eval_Ta-AM-Spalled_SEM-BSE_EBSD_SameSliceSerialSectioning_0#0,roma|direct|gradmag|s0,SerialSectioning,roma,transform,422.296,3652.8972820643885,3553.3886640913247,False,False,False
eval_Ta-AM-Spalled_SEM-BSE_EBSD_SameSliceSerialSectioning_0#1,roma|direct|none|s0,SerialSectioning,roma,core,124.561,3488.382475194486,3553.3886640913247,False,False,False
eval_Ta-AM-Spalled_SEM-BSE_EBSD_SameSliceSerialSectioning_0#1,roma|pyramid_v2|none|s0,SerialSectioning,roma,core,124.561,3488.382475194486,3553.3886640913247,False,False,False
eval_Ta-AM-Spalled_SEM-BSE_EBSD_SameSliceSerialSectioning_0#1,roma|direct|invert|s0,SerialSectioning,roma,transform,1532.131,3041.7179779560074,3553.3886640913247,False,False,False
eval_Ta-AM-Spalled_SEM-BSE_EBSD_SameSliceSerialSectioning_0#1,roma|direct|histmatch|s0,SerialSectioning,roma,transform,147.853,3530.7769516823573,3553.3886640913247,False,False,False
eval_Ta-AM-Spalled_SEM-BSE_EBSD_SameSliceSerialSectioning_0#1,roma|direct|clahe|s0,SerialSectioning,roma,transform,190.778,3657.978202089295,3553.3886640913247,False,False,False
eval_Ta-AM-Spalled_SEM-BSE_EBSD_SameSliceSerialSectioning_0#1,roma|direct|gradmag|s0,SerialSectioning,roma,transform,910.191,4003.0249932993283,3553.3886640913247,False,False,False
eval_Ta-AM-Spalled_SEM-BSE_EBSD_SameSliceSerialSectioning_0#2,roma|direct|none|s0,SerialSectioning,roma,core,105.712,3570.8971348976506,3553.3886640913247,False,False,False
eval_Ta-AM-Spalled_SEM-BSE_EBSD_SameSliceSerialSectioning_0#2,roma|pyramid_v2|none|s0,SerialSectioning,roma,core,105.712,3570.8971348976506,3553.3886640913247,False,False,False
eval_Ta-AM-Spalled_SEM-BSE_EBSD_SameSliceSerialSectioning_0#2,roma|direct|invert|s0,SerialSectioning,roma,transform,183.729,3585.395347567987,3553.3886640913247,False,False,False
eval_Ta-AM-Spalled_SEM-BSE_EBSD_SameSliceSerialSectioning_0#2,roma|direct|histmatch|s0,SerialSectioning,roma,transform,86.363,3537.1654443156517,3553.3886640913247,False,False,False
eval_Ta-AM-Spalled_SEM-BSE_EBSD_SameSliceSerialSectioning_0#2,roma|direct|clahe|s0,SerialSectioning,roma,transform,65.978,3548.828990157666,3553.3886640913247,False,False,False
eval_Ta-AM-Spalled_SEM-BSE_EBSD_SameSliceSerialSectioning_0#2,roma|direct|gradmag|s0,SerialSectioning,roma,transform,80.548,3543.2970621450936,3553.3886640913247,False,False,False
eval_Ta-AM-Spalled_SEM-BSE_EBSD_SameSliceSerialSectioning_1#0,roma|direct|none|s0,SerialSectioning,roma,core,83.278,3265.961860583921,3254.437914113256,False,False,False
eval_Ta-AM-Spalled_SEM-BSE_EBSD_SameSliceSerialSectioning_1#0,roma|pyramid_v2|none|s0,SerialSectioning,roma,core,83.278,3265.961860583921,3254.437914113256,False,False,False
eval_Ta-AM-Spalled_SEM-BSE_EBSD_SameSliceSerialSectioning_1#0,roma|direct|invert|s0,SerialSectioning,roma,transform,1228.152,2898.104197587801,3254.437914113256,False,False,False
eval_Ta-AM-Spalled_SEM-BSE_EBSD_SameSliceSerialSectioning_1#0,roma|direct|histmatch|s0,SerialSectioning,roma,transform,203.688,3093.737791652891,3254.437914113256,False,False,False
eval_Ta-AM-Spalled_SEM-BSE_EBSD_SameSliceSerialSectioning_1#0,roma|direct|clahe|s0,SerialSectioning,roma,transform,86.553,3261.6248565072765,3254.437914113256,False,False,False
eval_Ta-AM-Spalled_SEM-BSE_EBSD_SameSliceSerialSectioning_1#0,roma|direct|gradmag|s0,SerialSectioning,roma,transform,449.345,2997.194887362767,3254.437914113256,False,False,False
eval_Ta-AM-Spalled_SEM-BSE_EBSD_SameSliceSerialSectioning_1#1,roma|direct|none|s0,SerialSectioning,roma,core,80.201,3209.043073574483,3254.437914113256,False,False,False
eval_Ta-AM-Spalled_SEM-BSE_EBSD_SameSliceSerialSectioning_1#1,roma|pyramid_v2|none|s0,SerialSectioning,roma,core,80.201,3209.043073574483,3254.437914113256,False,False,False
eval_Ta-AM-Spalled_SEM-BSE_EBSD_SameSliceSerialSectioning_1#1,roma|direct|invert|s0,SerialSectioning,roma,transform,79.713,3260.8257356061495,3254.437914113256,False,False,False
eval_Ta-AM-Spalled_SEM-BSE_EBSD_SameSliceSerialSectioning_1#1,roma|direct|histmatch|s0,SerialSectioning,roma,transform,91.112,3245.577072095503,3254.437914113256,False,False,False
eval_Ta-AM-Spalled_SEM-BSE_EBSD_SameSliceSerialSectioning_1#1,roma|direct|clahe|s0,SerialSectioning,roma,transform,148.468,3154.5670679717,3254.437914113256,False,False,False
eval_Ta-AM-Spalled_SEM-BSE_EBSD_SameSliceSerialSectioning_1#1,roma|direct|gradmag|s0,SerialSectioning,roma,transform,68.331,3265.0061526450845,3254.437914113256,False,False,False
eval_Ta-AM-Spalled_SEM-BSE_EBSD_SameSliceSerialSectioning_1#2,roma|direct|none|s0,SerialSectioning,roma,core,100.236,3276.584879847114,3254.437914113256,False,False,False
eval_Ta-AM-Spalled_SEM-BSE_EBSD_SameSliceSerialSectioning_1#2,roma|pyramid_v2|none|s0,SerialSectioning,roma,core,100.236,3276.584879847114,3254.437914113256,False,False,False
eval_Ta-AM-Spalled_SEM-BSE_EBSD_SameSliceSerialSectioning_1#2,roma|direct|invert|s0,SerialSectioning,roma,transform,108.261,3293.214708971145,3254.437914113256,False,False,False
eval_Ta-AM-Spalled_SEM-BSE_EBSD_SameSliceSerialSectioning_1#2,roma|direct|histmatch|s0,SerialSectioning,roma,transform,103.882,3321.1383504006994,3254.437914113256,False,False,False
eval_Ta-AM-Spalled_SEM-BSE_EBSD_SameSliceSerialSectioning_1#2,roma|direct|clahe|s0,SerialSectioning,roma,transform,65.196,3271.027004540358,3254.437914113256,False,False,False
eval_Ta-AM-Spalled_SEM-BSE_EBSD_SameSliceSerialSectioning_1#2,roma|direct|gradmag|s0,SerialSectioning,roma,transform,89.412,3280.8976512758436,3254.437914113256,False,False,False
eval_Ta-AM-Spalled_SEM-BSE_EBSD_SameSliceSerialSectioning_2#0,roma|direct|none|s0,SerialSectioning,roma,core,704.312,4019.8803396677254,3235.854974060104,False,False,False
eval_Ta-AM-Spalled_SEM-BSE_EBSD_SameSliceSerialSectioning_2#0,roma|pyramid_v2|none|s0,SerialSectioning,roma,core,704.312,4019.8803396677254,3235.854974060104,False,False,False
eval_Ta-AM-Spalled_SEM-BSE_EBSD_SameSliceSerialSectioning_2#0,roma|direct|invert|s0,SerialSectioning,roma,transform,1273.184,2690.341582481234,3235.854974060104,False,False,False
eval_Ta-AM-Spalled_SEM-BSE_EBSD_SameSliceSerialSectioning_2#0,roma|direct|histmatch|s0,SerialSectioning,roma,transform,280.245,3527.340218790673,3235.854974060104,False,False,False
eval_Ta-AM-Spalled_SEM-BSE_EBSD_SameSliceSerialSectioning_2#0,roma|direct|clahe|s0,SerialSectioning,roma,transform,132.026,3223.8621890108743,3235.854974060104,False,False,False
eval_Ta-AM-Spalled_SEM-BSE_EBSD_SameSliceSerialSectioning_2#0,roma|direct|gradmag|s0,SerialSectioning,roma,transform,253.393,3198.675192480605,3235.854974060104,False,False,False
eval_Ta-AM-Spalled_SEM-BSE_EBSD_SameSliceSerialSectioning_2#1,roma|direct|none|s0,SerialSectioning,roma,core,757.729,2648.4966701374365,3235.854974060104,False,False,False
eval_Ta-AM-Spalled_SEM-BSE_EBSD_SameSliceSerialSectioning_2#1,roma|pyramid_v2|none|s0,SerialSectioning,roma,core,757.729,2648.4966701374365,3235.854974060104,False,False,False
eval_Ta-AM-Spalled_SEM-BSE_EBSD_SameSliceSerialSectioning_2#1,roma|direct|invert|s0,SerialSectioning,roma,transform,378.683,3215.195530940076,3235.854974060104,False,False,False
eval_Ta-AM-Spalled_SEM-BSE_EBSD_SameSliceSerialSectioning_2#1,roma|direct|histmatch|s0,SerialSectioning,roma,transform,579.539,2889.084863711352,3235.854974060104,False,False,False
eval_Ta-AM-Spalled_SEM-BSE_EBSD_SameSliceSerialSectioning_2#1,roma|direct|clahe|s0,SerialSectioning,roma,transform,356.509,3487.385226422483,3235.854974060104,False,False,False
eval_Ta-AM-Spalled_SEM-BSE_EBSD_SameSliceSerialSectioning_2#1,roma|direct|gradmag|s0,SerialSectioning,roma,transform,347.035,3638.724227759613,3235.854974060104,False,False,False
eval_Ta-AM-Spalled_SEM-BSE_EBSD_SameSliceSerialSectioning_2#2,roma|direct|none|s0,SerialSectioning,roma,core,65.792,3248.2247721398667,3235.854974060104,False,False,False
eval_Ta-AM-Spalled_SEM-BSE_EBSD_SameSliceSerialSectioning_2#2,roma|pyramid_v2|none|s0,SerialSectioning,roma,core,65.792,3248.2247721398667,3235.854974060104,False,False,False
eval_Ta-AM-Spalled_SEM-BSE_EBSD_SameSliceSerialSectioning_2#2,roma|direct|invert|s0,SerialSectioning,roma,transform,314.376,3442.0598512823217,3235.854974060104,False,False,False
eval_Ta-AM-Spalled_SEM-BSE_EBSD_SameSliceSerialSectioning_2#2,roma|direct|histmatch|s0,SerialSectioning,roma,transform,81.632,3233.22864933549,3235.854974060104,False,False,False
eval_Ta-AM-Spalled_SEM-BSE_EBSD_SameSliceSerialSectioning_2#2,roma|direct|clahe|s0,SerialSectioning,roma,transform,62.68,3253.9815370015394,3235.854974060104,False,False,False
eval_Ta-AM-Spalled_SEM-BSE_EBSD_SameSliceSerialSectioning_2#2,roma|direct|gradmag|s0,SerialSectioning,roma,transform,69.292,3259.840963011664,3235.854974060104,False,False,False
eval_Ti3AlC2-MAX-Phase_TEM_DislocationCharacterization_0#0,roma|direct|none|s0,DislocationCharacterization,roma,core,2.042,73.39209107425549,74.07887722377498,False,False,False
eval_Ti3AlC2-MAX-Phase_TEM_DislocationCharacterization_0#0,roma|pyramid_v2|none|s0,DislocationCharacterization,roma,core,2.042,73.39209107425549,74.07887722377498,False,False,False
eval_Ti3AlC2-MAX-Phase_TEM_DislocationCharacterization_0#0,roma|direct|invert|s0,DislocationCharacterization,roma,transform,2.091,73.28435129788994,74.07887722377498,False,False,False
eval_Ti3AlC2-MAX-Phase_TEM_DislocationCharacterization_0#0,roma|direct|histmatch|s0,DislocationCharacterization,roma,transform,2.114,73.17869601626701,74.07887722377498,False,False,False
eval_Ti3AlC2-MAX-Phase_TEM_DislocationCharacterization_0#0,roma|direct|clahe|s0,DislocationCharacterization,roma,transform,2.07,73.13470947455622,74.07887722377498,False,False,False
eval_Ti3AlC2-MAX-Phase_TEM_DislocationCharacterization_0#0,roma|direct|gradmag|s0,DislocationCharacterization,roma,transform,2.336,74.36597449143943,74.07887722377498,False,False,False
eval_Ti3AlC2-MAX-Phase_TEM_DislocationCharacterization_0#1,roma|direct|none|s0,DislocationCharacterization,roma,core,1.776,0.8975351349965741,1.2519457393431235,False,False,False
eval_Ti3AlC2-MAX-Phase_TEM_DislocationCharacterization_0#1,roma|pyramid_v2|none|s0,DislocationCharacterization,roma,core,1.776,0.8975351349965741,1.2519457393431235,False,False,False
eval_Ti3AlC2-MAX-Phase_TEM_DislocationCharacterization_0#1,roma|direct|invert|s0,DislocationCharacterization,roma,transform,1.879,1.5002719557981476,1.2519457393431235,False,False,False
eval_Ti3AlC2-MAX-Phase_TEM_DislocationCharacterization_0#1,roma|direct|histmatch|s0,DislocationCharacterization,roma,transform,1.766,0.9763150687003845,1.2519457393431235,False,False,False
eval_Ti3AlC2-MAX-Phase_TEM_DislocationCharacterization_0#1,roma|direct|clahe|s0,DislocationCharacterization,roma,transform,1.778,1.0280130553267794,1.2519457393431235,False,False,False
eval_Ti3AlC2-MAX-Phase_TEM_DislocationCharacterization_0#1,roma|direct|gradmag|s0,DislocationCharacterization,roma,transform,1.724,1.343469596959432,1.2519457393431235,False,False,False
eval_Ti3AlC2-MAX-Phase_TEM_DislocationCharacterization_0#2,roma|direct|none|s0,DislocationCharacterization,roma,core,1.278,70.10840115989866,69.77706677883077,False,False,False
eval_Ti3AlC2-MAX-Phase_TEM_DislocationCharacterization_0#2,roma|pyramid_v2|none|s0,DislocationCharacterization,roma,core,1.278,70.10840115989866,69.77706677883077,False,False,False
eval_Ti3AlC2-MAX-Phase_TEM_DislocationCharacterization_0#2,roma|direct|invert|s0,DislocationCharacterization,roma,transform,1.342,70.26577116248941,69.77706677883077,False,False,False
eval_Ti3AlC2-MAX-Phase_TEM_DislocationCharacterization_0#2,roma|direct|histmatch|s0,DislocationCharacterization,roma,transform,1.249,70.16174866918958,69.77706677883077,False,False,False
eval_Ti3AlC2-MAX-Phase_TEM_DislocationCharacterization_0#2,roma|direct|clahe|s0,DislocationCharacterization,roma,transform,1.267,70.11236536581673,69.77706677883077,False,False,False
eval_Ti3AlC2-MAX-Phase_TEM_DislocationCharacterization_0#2,roma|direct|gradmag|s0,DislocationCharacterization,roma,transform,1.342,69.7970390296161,69.77706677883077,False,False,False
eval_X2CrNi12-Ferritic_SEM-SE-Stitch_EBSD_Fatigue-SameSlice_0#0,roma|direct|none|s0,SameSlice,roma,core,8.931,513.238987926408,512.8066672981621,False,False,False
eval_X2CrNi12-Ferritic_SEM-SE-Stitch_EBSD_Fatigue-SameSlice_0#0,roma|pyramid_v2|none|s0,SameSlice,roma,core,8.931,513.238987926408,512.8066672981621,False,False,False
eval_X2CrNi12-Ferritic_SEM-SE-Stitch_EBSD_Fatigue-SameSlice_0#0,roma|direct|invert|s0,SameSlice,roma,transform,9.633,512.1036838312274,512.8066672981621,False,False,False
eval_X2CrNi12-Ferritic_SEM-SE-Stitch_EBSD_Fatigue-SameSlice_0#0,roma|direct|histmatch|s0,SameSlice,roma,transform,9.036,513.6006824877844,512.8066672981621,False,False,False
eval_X2CrNi12-Ferritic_SEM-SE-Stitch_EBSD_Fatigue-SameSlice_0#0,roma|direct|clahe|s0,SameSlice,roma,transform,8.999,513.4593933665487,512.8066672981621,False,False,False
eval_X2CrNi12-Ferritic_SEM-SE-Stitch_EBSD_Fatigue-SameSlice_0#0,roma|direct|gradmag|s0,SameSlice,roma,transform,8.884,514.295063068005,512.8066672981621,False,False,False
eval_X2CrNi12-Ferritic_SEM-SE-Stitch_EBSD_Fatigue-SameSlice_0#1,roma|direct|none|s0,SameSlice,roma,core,22.952,3565.5556305386795,3549.567300432973,False,False,False
eval_X2CrNi12-Ferritic_SEM-SE-Stitch_EBSD_Fatigue-SameSlice_0#1,roma|pyramid_v2|none|s0,SameSlice,roma,core,22.952,3565.5556305386795,3549.567300432973,False,False,False
eval_X2CrNi12-Ferritic_SEM-SE-Stitch_EBSD_Fatigue-SameSlice_0#1,roma|direct|invert|s0,SameSlice,roma,transform,35.369,3558.9640103559864,3549.567300432973,False,False,False
eval_X2CrNi12-Ferritic_SEM-SE-Stitch_EBSD_Fatigue-SameSlice_0#1,roma|direct|histmatch|s0,SameSlice,roma,transform,24.543,3570.419422157237,3549.567300432973,False,False,False
eval_X2CrNi12-Ferritic_SEM-SE-Stitch_EBSD_Fatigue-SameSlice_0#1,roma|direct|clahe|s0,SameSlice,roma,transform,23.964,3566.404928349267,3549.567300432973,False,False,False
eval_X2CrNi12-Ferritic_SEM-SE-Stitch_EBSD_Fatigue-SameSlice_0#1,roma|direct|gradmag|s0,SameSlice,roma,transform,103.747,3618.055083737871,3549.567300432973,False,False,False
eval_X2CrNi12-Ferritic_SEM-SE-Stitch_EBSD_Fatigue-SameSlice_0#2,roma|direct|none|s0,SameSlice,roma,core,27.804,3570.4807317493305,3549.567300432973,False,False,False
eval_X2CrNi12-Ferritic_SEM-SE-Stitch_EBSD_Fatigue-SameSlice_0#2,roma|pyramid_v2|none|s0,SameSlice,roma,core,27.804,3570.4807317493305,3549.567300432973,False,False,False
eval_X2CrNi12-Ferritic_SEM-SE-Stitch_EBSD_Fatigue-SameSlice_0#2,roma|direct|invert|s0,SameSlice,roma,transform,117.359,3505.9955498265995,3549.567300432973,False,False,False
eval_X2CrNi12-Ferritic_SEM-SE-Stitch_EBSD_Fatigue-SameSlice_0#2,roma|direct|histmatch|s0,SameSlice,roma,transform,29.645,3569.8938256886054,3549.567300432973,False,False,False
eval_X2CrNi12-Ferritic_SEM-SE-Stitch_EBSD_Fatigue-SameSlice_0#2,roma|direct|clahe|s0,SameSlice,roma,transform,25.59,3563.352673610107,3549.567300432973,False,False,False
eval_X2CrNi12-Ferritic_SEM-SE-Stitch_EBSD_Fatigue-SameSlice_0#2,roma|direct|gradmag|s0,SameSlice,roma,transform,76.055,3548.882442641694,3549.567300432973,False,False,False
eval_X2CrNi12-Ferritic_SEM-SE-Stitch_EBSD_Fatigue-SameSlice_0#3,roma|direct|none|s0,SameSlice,roma,core,27.036,3184.2783866308323,3161.008099797329,False,False,False
eval_X2CrNi12-Ferritic_SEM-SE-Stitch_EBSD_Fatigue-SameSlice_0#3,roma|pyramid_v2|none|s0,SameSlice,roma,core,27.036,3184.2783866308323,3161.008099797329,False,False,False
eval_X2CrNi12-Ferritic_SEM-SE-Stitch_EBSD_Fatigue-SameSlice_0#3,roma|direct|invert|s0,SameSlice,roma,transform,36.133,3192.9023225004894,3161.008099797329,False,False,False
eval_X2CrNi12-Ferritic_SEM-SE-Stitch_EBSD_Fatigue-SameSlice_0#3,roma|direct|histmatch|s0,SameSlice,roma,transform,1201.812,2432.536722308388,3161.008099797329,False,False,False
eval_X2CrNi12-Ferritic_SEM-SE-Stitch_EBSD_Fatigue-SameSlice_0#3,roma|direct|clahe|s0,SameSlice,roma,transform,30.518,3188.6961755931266,3161.008099797329,False,False,False
eval_X2CrNi12-Ferritic_SEM-SE-Stitch_EBSD_Fatigue-SameSlice_0#3,roma|direct|gradmag|s0,SameSlice,roma,transform,43.848,3180.2280072085687,3161.008099797329,False,False,False
eval_X2CrNi12-Ferritic_SEM-SE-Stitch_EBSD_Fatigue-SameSlice_0#4,roma|direct|none|s0,SameSlice,roma,core,594.369,2634.213877128627,3161.008099797329,False,False,False
eval_X2CrNi12-Ferritic_SEM-SE-Stitch_EBSD_Fatigue-SameSlice_0#4,roma|pyramid_v2|none|s0,SameSlice,roma,core,2550.502,4705.103627144892,3161.008099797329,False,False,False
eval_X2CrNi12-Ferritic_SEM-SE-Stitch_EBSD_Fatigue-SameSlice_0#4,roma|direct|invert|s0,SameSlice,roma,transform,1581.929,2434.143831389335,3161.008099797329,False,False,False
eval_X2CrNi12-Ferritic_SEM-SE-Stitch_EBSD_Fatigue-SameSlice_0#4,roma|direct|histmatch|s0,SameSlice,roma,transform,690.162,3189.202751777423,3161.008099797329,False,False,False
eval_X2CrNi12-Ferritic_SEM-SE-Stitch_EBSD_Fatigue-SameSlice_0#4,roma|direct|clahe|s0,SameSlice,roma,transform,82.688,3178.5385845113838,3161.008099797329,False,False,False
eval_X2CrNi12-Ferritic_SEM-SE-Stitch_EBSD_Fatigue-SameSlice_0#4,roma|direct|gradmag|s0,SameSlice,roma,transform,135.985,3204.158526641163,3161.008099797329,False,False,False
