pair_id,scene,group,subclass,pool,backbone,mode,transform,seed,h_s,w_s,h_t,w_t,n_gt,n_matches,n_inliers,family,H,mu_ed,med_ed,runtime_s,status,error
eval_5842WCu-Spalled_SEM-SE_SEM-BSE_Multiscale_0#0,eval_5842WCu-Spalled_SEM-SE_SEM-BSE_Multiscale_0,Multiscale,5842WCu-Spalled_SEM-SE_SEM-BSE_Multiscale,core,ma_roma,direct,none,0,512,768,2048,3072,19,10000,1120,affine,"[0.0036535023785399866, -0.07403343268377595, 432.13970638312674, 0.004073894423594866, -0.016162332638606055, 240.5511316547545, 0.0, 0.0, 1.0]",110.994,113.243,2.88,ok,
eval_5842WCu-Spalled_SEM-SE_SEM-BSE_Multiscale_0#0,eval_5842WCu-Spalled_SEM-SE_SEM-BSE_Multiscale_0,Multiscale,5842WCu-Spalled_SEM-SE_SEM-BSE_Multiscale,core,ma_roma,pyramid_v2,none,0,512,768,2048,3072,19,10000,2427,affine@direct+zoom,"[0.04875369600083954, -0.008318982197525082, 312.0138535121841, 0.00023544767697013613, 0.023595701250545515, 204.19340525153143, 0.0, 0.0, 1.0]",96.341,97.028,4.54,ok,
eval_5842WCu-Spalled_SEM-SE_SEM-BSE_Multiscale_0#0,eval_5842WCu-Spalled_SEM-SE_SEM-BSE_Multiscale_0,Multiscale,5842WCu-Spalled_SEM-SE_SEM-BSE_Multiscale,transform,ma_roma,direct,invert,0,512,768,2048,3072,19,10000,509,homography,"[-0.12703825409487826, -0.0965183725112329, 597.218484704299, 0.006242423230734812, -0.19938264924692625, 391.43874961783723, -5.922863171058698e-06, -0.000193128511909666, 1.0]",228.913,216.044,1.58,ok,
eval_5842WCu-Spalled_SEM-SE_SEM-BSE_Multiscale_0#0,eval_5842WCu-Spalled_SEM-SE_SEM-BSE_Multiscale_0,Multiscale,5842WCu-Spalled_SEM-SE_SEM-BSE_Multiscale,transform,ma_roma,direct,histmatch,0,512,768,2048,3072,19,10000,911,affine,"[-0.1504186532275026, -0.04566570368763212, 635.5131495855865, 0.045352253977724466, -0.13186253184533583, 322.7967956179372, 0.0, 0.0, 1.0]",205.377,208.663,2.02,ok,
eval_5842WCu-Spalled_SEM-SE_SEM-BSE_Multiscale_0#0,eval_5842WCu-Spalled_SEM-SE_SEM-BSE_Multiscale_0,Multiscale,5842WCu-Spalled_SEM-SE_SEM-BSE_Multiscale,transform,ma_roma,direct,clahe,0,512,768,2048,3072,19,10000,622,affine,"[-0.01084648058252427, 0.042122127540685894, 317.5101379663108, -0.019004395997764892, -0.07937242439058462, 345.6495747759063, 0.0, 0.0, 1.0]",127.324,139.235,1.60,ok,
eval_5842WCu-Spalled_SEM-SE_SEM-BSE_Multiscale_0#0,eval_5842WCu-Spalled_SEM-SE_SEM-BSE_Multiscale_0,Multiscale,5842WCu-Spalled_SEM-SE_SEM-BSE_Multiscale,transform,ma_roma,direct,gradmag,0,512,768,2048,3072,19,10000,1403,affine,"[0.0986860997668863, -0.0599178138678992, 342.4532506994099, 0.04840444750096673, 0.10662907367125861, 154.57486164983447, 0.0, 0.0, 1.0]",82.807,80.735,1.84,ok,
eval_5842WCu-Spalled_SEM-SE_SEM-BSE_Multiscale_0#0,eval_5842WCu-Spalled_SEM-SE_SEM-BSE_Multiscale_0,Multiscale,5842WCu-Spalled_SEM-SE_SEM-BSE_Multiscale,control,ma_roma,direct,none,1,512,768,2048,3072,19,10000,1163,affine,"[0.003345797427686925, -0.07322897203101116, 431.48171781385133, 0.003936795570912819, -0.01511087767985769, 239.48005502800194, 0.0, 0.0, 1.0]",111.137,113.381,1.74,ok,
eval_5842WCu-Spalled_SEM-SE_SEM-BSE_Multiscale_0#0,eval_5842WCu-Spalled_SEM-SE_SEM-BSE_Multiscale_0,Multiscale,5842WCu-Spalled_SEM-SE_SEM-BSE_Multiscale,control,ma_roma,direct,none,2,512,768,2048,3072,19,10000,1136,affine,"[0.008195885234896214, -0.07052138234475563, 421.554054649778, 0.003533507823338434, -0.01839283257956312, 244.2079237102743, 0.0, 0.0, 1.0]",108.751,106.375,1.51,ok,
eval_5842WCu-Spalled_SEM-SE_SEM-BSE_Multiscale_0#0,eval_5842WCu-Spalled_SEM-SE_SEM-BSE_Multiscale_0,Multiscale,5842WCu-Spalled_SEM-SE_SEM-BSE_Multiscale,control,ma_roma,direct,none,3,512,768,2048,3072,19,10000,1136,affine,"[0.004673480492915925, -0.07093002708880132, 427.0994374536475, 0.0011218582258208918, -0.016945664355129553, 245.43394019338513, 0.0, 0.0, 1.0]",110.591,108.578,1.60,ok,
eval_5842WCu-Spalled_SEM-SE_SEM-BSE_Multiscale_0#0,eval_5842WCu-Spalled_SEM-SE_SEM-BSE_Multiscale_0,Multiscale,5842WCu-Spalled_SEM-SE_SEM-BSE_Multiscale,control,ma_roma,direct,none,4,512,768,2048,3072,19,10000,1122,affine,"[0.006839219739338732, -0.07339036419420128, 426.9819620923518, 0.0038648135582003843, -0.018661888743031225, 243.90283251484658, 0.0, 0.0, 1.0]",109.599,109.056,1.60,ok,
eval_5842WCu-Spalled_SEM-SE_SEM-BSE_Multiscale_0#0,eval_5842WCu-Spalled_SEM-SE_SEM-BSE_Multiscale_0,Multiscale,5842WCu-Spalled_SEM-SE_SEM-BSE_Multiscale,control,ma_roma,direct,none,5,512,768,2048,3072,19,10000,1114,affine,"[0.0059306541641086, -0.0700258389878773, 424.23167009183635, 0.004693895096846414, -0.019583820177031527, 243.67673715634447, 0.0, 0.0, 1.0]",109.447,108.977,1.72,ok,
eval_AF9628-Martensitic_SEM-SE-Stitch_EBSD_SameSlice_0#0,eval_AF9628-Martensitic_SEM-SE-Stitch_EBSD_SameSlice_0,SameSlice,AF9628-Martensitic_SEM-SE-Stitch_EBSD_SameSlice,core,ma_roma,direct,none,0,2028,4096,5628,11165,37,10000,1246,affine,"[0.337788604519206, 0.006001813846889599, 200.04202340757274, -0.0019553559094885186, 0.3304365994483995, 87.90338482806897, 0.0, 0.0, 1.0]",8.230,6.863,2.71,ok,
eval_AF9628-Martensitic_SEM-SE-Stitch_EBSD_SameSlice_0#0,eval_AF9628-Martensitic_SEM-SE-Stitch_EBSD_SameSlice_0,SameSlice,AF9628-Martensitic_SEM-SE-Stitch_EBSD_SameSlice,core,ma_roma,pyramid_v2,none,0,2028,4096,5628,11165,37,10000,1246,affine@direct,"[0.337788604519206, 0.006001813846889599, 200.04202340757274, -0.0019553559094885186, 0.3304365994483995, 87.90338482806897, 0.0, 0.0, 1.0]",8.230,6.863,3.70,ok,
eval_AF9628-Martensitic_SEM-SE-Stitch_EBSD_SameSlice_0#0,eval_AF9628-Martensitic_SEM-SE-Stitch_EBSD_SameSlice_0,SameSlice,AF9628-Martensitic_SEM-SE-Stitch_EBSD_SameSlice,transform,ma_roma,direct,invert,0,2028,4096,5628,11165,37,10000,6376,affine,"[0.3375292817008316, 0.006721835460462581, 200.73962442361562, -0.0009504267542209021, 0.32812522015530854, 84.694845936624, 0.0, 0.0, 1.0]",5.648,4.305,3.16,ok,
eval_AF9628-Martensitic_SEM-SE-Stitch_EBSD_SameSlice_0#0,eval_AF9628-Martensitic_SEM-SE-Stitch_EBSD_SameSlice_0,SameSlice,AF9628-Martensitic_SEM-SE-Stitch_EBSD_SameSlice,transform,ma_roma,direct,histmatch,0,2028,4096,5628,11165,37,10000,273,affine,"[0.3382815627181949, 0.007307146837762155, 194.73918701435264, 0.0014915182070462782, 0.3232939312744511, 94.6975444106057, 0.0, 0.0, 1.0]",15.284,11.991,12.51,ok,
eval_AF9628-Martensitic_SEM-SE-Stitch_EBSD_SameSlice_0#0,eval_AF9628-Martensitic_SEM-SE-Stitch_EBSD_SameSlice_0,SameSlice,AF9628-Martensitic_SEM-SE-Stitch_EBSD_SameSlice,transform,ma_roma,direct,clahe,0,2028,4096,5628,11165,37,10000,1486,affine,"[0.33835877986882973, 0.0051248081960364456, 198.46346360830466, -0.0013240252285419295, 0.3294174450629553, 89.12362585218852, 0.0, 0.0, 1.0]",9.208,8.007,3.16,ok,
eval_AF9628-Martensitic_SEM-SE-Stitch_EBSD_SameSlice_0#0,eval_AF9628-Martensitic_SEM-SE-Stitch_EBSD_SameSlice_0,SameSlice,AF9628-Martensitic_SEM-SE-Stitch_EBSD_SameSlice,transform,ma_roma,direct,gradmag,0,2028,4096,5628,11165,37,10000,7781,affine,"[0.33775903017595243, 0.006690236032230813, 200.0378256272404, -0.000620415426649665, 0.3288434400136425, 80.29594023398693, 0.0, 0.0, 1.0]",5.253,4.229,4.02,ok,
eval_AF9628-Martensitic_SEM-SE-Stitch_EBSD_SameSlice_0#0,eval_AF9628-Martensitic_SEM-SE-Stitch_EBSD_SameSlice_0,SameSlice,AF9628-Martensitic_SEM-SE-Stitch_EBSD_SameSlice,control,ma_roma,direct,none,1,2028,4096,5628,11165,37,10000,1115,affine,"[0.337842597906536, 0.00863926863166828, 189.83748718822835, -0.002548958987410496, 0.3275939225966303, 104.16684035823528, 0.0, 0.0, 1.0]",13.012,12.364,2.71,ok,
eval_AF9628-Martensitic_SEM-SE-Stitch_EBSD_SameSlice_0#0,eval_AF9628-Martensitic_SEM-SE-Stitch_EBSD_SameSlice_0,SameSlice,AF9628-Martensitic_SEM-SE-Stitch_EBSD_SameSlice,control,ma_roma,direct,none,2,2028,4096,5628,11165,37,10000,1101,homography,"[0.36207325102635574, 0.029024421585253268, 59.81757463385865, 0.003000153995763285, 0.355030282966475, 20.132235940930226, 2.5685274037430834e-06, 7.281626595828941e-06, 0.9999999999999999]",29.432,19.182,2.78,ok,
eval_AF9628-Martensitic_SEM-SE-Stitch_EBSD_SameSlice_0#0,eval_AF9628-Martensitic_SEM-SE-Stitch_EBSD_SameSlice_0,SameSlice,AF9628-Martensitic_SEM-SE-Stitch_EBSD_SameSlice,control,ma_roma,direct,none,3,2028,4096,5628,11165,37,10000,1271,affine,"[0.3383371958826288, 0.006265843450205185, 194.230134991657, -0.0017034486793581275, 0.33038531975993035, 85.76606647726635, 0.0, 0.0, 1.0]",7.895,6.276,2.55,ok,
eval_AF9628-Martensitic_SEM-SE-Stitch_EBSD_SameSlice_0#0,eval_AF9628-Martensitic_SEM-SE-Stitch_EBSD_SameSlice_0,SameSlice,AF9628-Martensitic_SEM-SE-Stitch_EBSD_SameSlice,control,ma_roma,direct,none,4,2028,4096,5628,11165,37,10000,1276,affine,"[0.3383080244276878, 0.006446230357620158, 194.19195389912238, -0.00188226986040862, 0.330514536320284, 87.25265946506318, 0.0, 0.0, 1.0]",8.382,6.820,2.60,ok,
eval_AF9628-Martensitic_SEM-SE-Stitch_EBSD_SameSlice_0#0,eval_AF9628-Martensitic_SEM-SE-Stitch_EBSD_SameSlice_0,SameSlice,AF9628-Martensitic_SEM-SE-Stitch_EBSD_SameSlice,control,ma_roma,direct,none,5,2028,4096,5628,11165,37,10000,1184,affine,"[0.3379643594942018, 0.008244413271374602, 190.19699908082885, -0.0018695175858542336, 0.3288684976738011, 93.55897392297913, 0.0, 0.0, 1.0]",10.048,9.948,2.59,ok,
eval_AF9628-Martensitic_SEM-SE-Stitch_EBSD_SameSlice_0#1,eval_AF9628-Martensitic_SEM-SE-Stitch_EBSD_SameSlice_0,SameSlice,AF9628-Martensitic_SEM-SE-Stitch_EBSD_SameSlice,core,ma_roma,direct,none,0,2028,4096,5628,11165,37,10000,490,homography,"[0.3470051207018526, 0.008700262710188592, 174.1869286014504, 9.925266048842279e-05, 0.3234386491784848, 107.99215646812576, 2.716045274099979e-06, -1.1011457228872607e-07, 1.0]",21.026,19.480,2.45,ok,
eval_AF9628-Martensitic_SEM-SE-Stitch_EBSD_SameSlice_0#1,eval_AF9628-Martensitic_SEM-SE-Stitch_EBSD_SameSlice_0,SameSlice,AF9628-Martensitic_SEM-SE-Stitch_EBSD_SameSlice,core,ma_roma,pyramid_v2,none,0,2028,4096,5628,11165,37,10000,490,homography@direct,"[0.3470051207018526, 0.008700262710188592, 174.1869286014504, 9.925266048842279e-05, 0.3234386491784848, 107.99215646812576, 2.716045274099979e-06, -1.1011457228872607e-07, 1.0]",21.026,19.480,2.48,ok,
eval_AF9628-Martensitic_SEM-SE-Stitch_EBSD_SameSlice_0#1,eval_AF9628-Martensitic_SEM-SE-Stitch_EBSD_SameSlice_0,SameSlice,AF9628-Martensitic_SEM-SE-Stitch_EBSD_SameSlice,transform,ma_roma,direct,invert,0,2028,4096,5628,11165,37,10000,1441,affine,"[0.33534178725696234, 0.006919735719777987, 204.6912130927667, -0.0009561063128170918, 0.33047798371063125, 78.46523347930452, 0.0, 0.0, 1.0]",12.247,11.554,2.67,ok,
eval_AF9628-Martensitic_SEM-SE-Stitch_EBSD_SameSlice_0#1,eval_AF9628-Martensitic_SEM-SE-Stitch_EBSD_SameSlice_0,SameSlice,AF9628-Martensitic_SEM-SE-Stitch_EBSD_SameSlice,transform,ma_roma,direct,histmatch,0,2028,4096,5628,11165,37,10000,144,affine,"[0.3293135445147077, -0.005213895857813344, 279.28483092141755, 0.009312157034722792, 0.33570897133816685, 18.441246946752926, 0.0, 0.0, 1.0]",45.439,39.251,13.34,ok,
eval_AF9628-Martensitic_SEM-SE-Stitch_EBSD_SameSlice_0#1,eval_AF9628-Martensitic_SEM-SE-Stitch_EBSD_SameSlice_0,SameSlice,AF9628-Martensitic_SEM-SE-Stitch_EBSD_SameSlice,transform,ma_roma,direct,clahe,0,2028,4096,5628,11165,37,10000,155,homography,"[0.2645436299888312, -0.12487298059329963, 559.2697712457995, -0.00871383833011631, 0.24104955472759598, 185.78282056647302, -8.896487512795687e-06, -5.157907021313201e-05, 1.0]",149.148,96.522,2.90,ok,
eval_AF9628-Martensitic_SEM-SE-Stitch_EBSD_SameSlice_0#1,eval_AF9628-Martensitic_SEM-SE-Stitch_EBSD_SameSlice_0,SameSlice,AF9628-Martensitic_SEM-SE-Stitch_EBSD_SameSlice,transform,ma_roma,direct,gradmag,0,2028,4096,5628,11165,37,10000,88,affine,"[0.44548517329037723, 0.00835634135767821, -88.09127053787006, 0.0029739192717679174, 0.4422461372363153, -543.2395030447678, 0.0, 0.0, 1.0]",559.861,567.690,4.30,ok,
eval_AF9628-Martensitic_SEM-SE-Stitch_EBSD_SameSlice_0#1,eval_AF9628-Martensitic_SEM-SE-Stitch_EBSD_SameSlice_0,SameSlice,AF9628-Martensitic_SEM-SE-Stitch_EBSD_SameSlice,control,ma_roma,direct,none,1,2028,4096,5628,11165,37,10000,421,homography,"[0.40077737766829313, 0.03413725443537098, 88.44466310633807, 0.022380723351312613, 0.4168316514971876, -124.9158342822721, 1.4134810526514335e-05, 2.77867547320949e-05, 1.0]",85.244,62.052,2.68,ok,
eval_AF9628-Martensitic_SEM-SE-Stitch_EBSD_SameSlice_0#1,eval_AF9628-Martensitic_SEM-SE-Stitch_EBSD_SameSlice_0,SameSlice,AF9628-Martensitic_SEM-SE-Stitch_EBSD_SameSlice,control,ma_roma,direct,none,2,2028,4096,5628,11165,37,10000,436,homography,"[0.3386126375706621, 0.0011627059194175087, 192.72739096466884, -0.002934531302728604, 0.3024570474879093, 157.6050437744371, 1.9001761121968322e-06, -7.153453527197889e-06, 1.0]",35.548,27.960,2.62,ok,
eval_AF9628-Martensitic_SEM-SE-Stitch_EBSD_SameSlice_0#1,eval_AF9628-Martensitic_SEM-SE-Stitch_EBSD_SameSlice_0,SameSlice,AF9628-Martensitic_SEM-SE-Stitch_EBSD_SameSlice,control,ma_roma,direct,none,3,2028,4096,5628,11165,37,10000,463,homography,"[0.34692779719129185, 0.006132439275104361, 200.30608594530366, 0.0036140784362165075, 0.33391400380284053, 73.72752229181924, 3.374783332364961e-06, 2.5692149323777804e-06, 1.0]",26.365,19.616,2.58,ok,
eval_AF9628-Martensitic_SEM-SE-Stitch_EBSD_SameSlice_0#1,eval_AF9628-Martensitic_SEM-SE-Stitch_EBSD_SameSlice_0,SameSlice,AF9628-Martensitic_SEM-SE-Stitch_EBSD_SameSlice,control,ma_roma,direct,none,4,2028,4096,5628,11165,37,10000,524,affine,"[0.3369762413635001, 0.004671888754660057, 210.58801028415587, -0.0032662618168792343, 0.3220269639147901, 113.5881951955248, 0.0, 0.0, 1.0]",14.708,11.837,2.50,ok,
eval_AF9628-Martensitic_SEM-SE-Stitch_EBSD_SameSlice_0#1,eval_AF9628-Martensitic_SEM-SE-Stitch_EBSD_SameSlice_0,SameSlice,AF9628-Martensitic_SEM-SE-Stitch_EBSD_SameSlice,control,ma_roma,direct,none,5,2028,4096,5628,11165,37,10000,457,homography,"[0.351295677771431, 0.00931384585069916, 178.55378408275772, 0.0007124435140324617, 0.33851857425256654, 69.05321021123406, 2.802368035383767e-06, 4.0364609447901005e-06, 1.0]",16.621,12.232,2.39,ok,
eval_AF9628-Martensitic_SEM-SE-Stitch_EBSD_SameSlice_0#2,eval_AF9628-Martensitic_SEM-SE-Stitch_EBSD_SameSlice_0,SameSlice,AF9628-Martensitic_SEM-SE-Stitch_EBSD_SameSlice,core,ma_roma,direct,none,0,2028,4096,5628,11165,37,10000,7646,affine,"[0.337898198106249, 0.006735554591591431, 198.83023992129142, -0.0005593224965529897, 0.3287670215067362, 81.61471113321727, 0.0, 0.0, 1.0]",5.578,4.860,2.42,ok,
eval_AF9628-Martensitic_SEM-SE-Stitch_EBSD_SameSlice_0#2,eval_AF9628-Martensitic_SEM-SE-Stitch_EBSD_SameSlice_0,SameSlice,AF9628-Martensitic_SEM-SE-Stitch_EBSD_SameSlice,core,ma_roma,pyramid_v2,none,0,2028,4096,5628,11165,37,10000,7646,affine@direct,"[0.337898198106249, 0.006735554591591431, 198.83023992129142, -0.0005593224965529897, 0.3287670215067362, 81.61471113321727, 0.0, 0.0, 1.0]",5.578,4.860,2.72,ok,
eval_AF9628-Martensitic_SEM-SE-Stitch_EBSD_SameSlice_0#2,eval_AF9628-Martensitic_SEM-SE-Stitch_EBSD_SameSlice_0,SameSlice,AF9628-Martensitic_SEM-SE-Stitch_EBSD_SameSlice,transform,ma_roma,direct,invert,0,2028,4096,5628,11165,37,10000,6026,affine,"[0.338170343405101, 0.007118856914042379, 196.70650813839802, -0.000498333319108623, 0.33003002176293067, 77.55143180041716, 0.0, 0.0, 1.0]",5.862,5.188,2.40,ok,
eval_AF9628-Martensitic_SEM-SE-Stitch_EBSD_SameSlice_0#2,eval_AF9628-Martensitic_SEM-SE-Stitch_EBSD_SameSlice_0,SameSlice,AF9628-Martensitic_SEM-SE-Stitch_EBSD_SameSlice,transform,ma_roma,direct,histmatch,0,2028,4096,5628,11165,37,10000,77,homography,"[0.037834808382117384, -0.2372861298209651, 1511.69610410008, -0.07579725245781618, 0.08989015588231208, 654.9504658618339, -4.675133001469844e-05, -8.917087250934043e-05, 1.0]",2364.805,408.947,11.88,ok,
eval_AF9628-Martensitic_SEM-SE-Stitch_EBSD_SameSlice_0#2,eval_AF9628-Martensitic_SEM-SE-Stitch_EBSD_SameSlice_0,SameSlice,AF9628-Martensitic_SEM-SE-Stitch_EBSD_SameSlice,transform,ma_roma,direct,clahe,0,2028,4096,5628,11165,37,10000,127,affine,"[0.3378377839423118, 0.006729202882063511, 196.89974725739785, 0.04677246863226685, 0.35833299523257656, -430.47840060220335, 0.0, 0.0, 1.0]",187.451,156.374,2.89,ok,
eval_AF9628-Martensitic_SEM-SE-Stitch_EBSD_SameSlice_0#2,eval_AF9628-Martensitic_SEM-SE-Stitch_EBSD_SameSlice_0,SameSlice,AF9628-Martensitic_SEM-SE-Stitch_EBSD_SameSlice,transform,ma_roma,direct,gradmag,0,2028,4096,5628,11165,37,10000,6565,homography,"[0.3396527846110918, 0.008761809708945799, 191.2830398254834, -0.00018063707032677125, 0.33110940836585023, 76.56203689163084, 7.37699822871936e-08, 1.0900703176883254e-06, 1.0]",5.521,3.950,4.01,ok,
eval_AF9628-Martensitic_SEM-SE-Stitch_EBSD_SameSlice_0#2,eval_AF9628-Martensitic_SEM-SE-Stitch_EBSD_SameSlice_0,SameSlice,AF9628-Martensitic_SEM-SE-Stitch_EBSD_SameSlice,control,ma_roma,direct,none,1,2028,4096,5628,11165,37,10000,7712,affine,"[0.33779834603465075, 0.006672828245023531, 199.76453751312988, -0.0006050889623110735, 0.32921286265371036, 81.08466620947593, 0.0, 0.0, 1.0]",5.818,5.238,2.31,ok,
eval_AF9628-Martensitic_SEM-SE-Stitch_EBSD_SameSlice_0#2,eval_AF9628-Martensitic_SEM-SE-Stitch_EBSD_SameSlice_0,SameSlice,AF9628-Martensitic_SEM-SE-Stitch_EBSD_SameSlice,control,ma_roma,direct,none,2,2028,4096,5628,11165,37,10000,7653,affine,"[0.337874982864854, 0.006708481023788989, 199.06851887236598, -0.0005537133167835375, 0.32897919843407974, 81.21316352332519, 0.0, 0.0, 1.0]",5.666,5.128,2.49,ok,
eval_AF9628-Martensitic_SEM-SE-Stitch_EBSD_SameSlice_0#2,eval_AF9628-Martensitic_SEM-SE-Stitch_EBSD_SameSlice_0,SameSlice,AF9628-Martensitic_SEM-SE-Stitch_EBSD_SameSlice,control,ma_roma,direct,none,3,2028,4096,5628,11165,37,10000,7720,affine,"[0.33776077510918057, 0.0067255849458495295, 199.90212801815846, -0.0005522998910305532, 0.32916157983872335, 80.91896435904289, 0.0, 0.0, 1.0]",5.821,5.231,2.29,ok,
eval_AF9628-Martensitic_SEM-SE-Stitch_EBSD_SameSlice_0#2,eval_AF9628-Martensitic_SEM-SE-Stitch_EBSD_SameSlice_0,SameSlice,AF9628-Martensitic_SEM-SE-Stitch_EBSD_SameSlice,control,ma_roma,direct,none,4,2028,4096,5628,11165,37,10000,7713,affine,"[0.3377264558628346, 0.006740935919224366, 200.08021472726523, -0.000517079515133617, 0.3289078687774964, 81.20777600683004, 0.0, 0.0, 1.0]",5.742,5.209,2.41,ok,
eval_AF9628-Martensitic_SEM-SE-Stitch_EBSD_SameSlice_0#2,eval_AF9628-Martensitic_SEM-SE-Stitch_EBSD_SameSlice_0,SameSlice,AF9628-Martensitic_SEM-SE-Stitch_EBSD_SameSlice,control,ma_roma,direct,none,5,2028,4096,5628,11165,37,10000,7811,affine,"[0.33767662649355235, 0.00672512475855341, 200.51284637926074, -0.0005111426146274684, 0.32906353916326314, 80.83384130282218, 0.0, 0.0, 1.0]",5.815,5.265,2.67,ok,
eval_AF9628-Martensitic_SEM-SE-Stitch_EBSD_SameSlice_1#0,eval_AF9628-Martensitic_SEM-SE-Stitch_EBSD_SameSlice_1,SameSlice,AF9628-Martensitic_SEM-SE-Stitch_EBSD_SameSlice,core,ma_roma,direct,none,0,1993,4096,4590,10458,39,10000,4020,affine,"[0.376779679714683, -0.0031280201522097535, 39.74036440561645, -0.00023985949888510552, 0.3734270139921128, 140.89619553059367, 0.0, 0.0, 1.0]",5.990,6.702,2.17,ok,
eval_AF9628-Martensitic_SEM-SE-Stitch_EBSD_SameSlice_1#0,eval_AF9628-Martensitic_SEM-SE-Stitch_EBSD_SameSlice_1,SameSlice,AF9628-Martensitic_SEM-SE-Stitch_EBSD_SameSlice,core,ma_roma,pyramid_v2,none,0,1993,4096,4590,10458,39,10000,4020,affine@direct,"[0.376779679714683, -0.0031280201522097535, 39.74036440561645, -0.00023985949888510552, 0.3734270139921128, 140.89619553059367, 0.0, 0.0, 1.0]",5.990,6.702,2.32,ok,
eval_AF9628-Martensitic_SEM-SE-Stitch_EBSD_SameSlice_1#0,eval_AF9628-Martensitic_SEM-SE-Stitch_EBSD_SameSlice_1,SameSlice,AF9628-Martensitic_SEM-SE-Stitch_EBSD_SameSlice,transform,ma_roma,direct,invert,0,1993,4096,4590,10458,39,10000,7359,homography,"[0.3780389614678164, -0.0018651245518854181, 40.21490598128133, -0.0010112582559152659, 0.37591054907352256, 140.39456448746216, 2.0152766041023993e-07, 5.970288774424196e-07, 1.0]",4.476,3.972,2.06,ok,
eval_AF9628-Martensitic_SEM-SE-Stitch_EBSD_SameSlice_1#0,eval_AF9628-Martensitic_SEM-SE-Stitch_EBSD_SameSlice_1,SameSlice,AF9628-Martensitic_SEM-SE-Stitch_EBSD_SameSlice,transform,ma_roma,direct,histmatch,0,1993,4096,4590,10458,39,10000,1510,homography,"[0.36901620763468507, -0.007967350895413977, 38.637229804944425, -0.0023106841378108525, 0.3503483110738195, 165.20043452212758, -1.0818817904888072e-06, -1.203884229625084e-05, 1.0]",31.204,22.489,6.02,ok,
eval_AF9628-Martensitic_SEM-SE-Stitch_EBSD_SameSlice_1#0,eval_AF9628-Martensitic_SEM-SE-Stitch_EBSD_SameSlice_1,SameSlice,AF9628-Martensitic_SEM-SE-Stitch_EBSD_SameSlice,transform,ma_roma,direct,clahe,0,1993,4096,4590,10458,39,10000,2203,homography,"[0.3758283963818366, -0.00459487721699237, 41.70490653577599, -3.0370470370794834e-05, 0.37263304110302997, 140.30602301710448, -2.1270562440206876e-07, -1.2209536442618692e-06, 1.0]",7.710,7.218,2.50,ok,
eval_AF9628-Martensitic_SEM-SE-Stitch_EBSD_SameSlice_1#0,eval_AF9628-Martensitic_SEM-SE-Stitch_EBSD_SameSlice_1,SameSlice,AF9628-Martensitic_SEM-SE-Stitch_EBSD_SameSlice,transform,ma_roma,direct,gradmag,0,1993,4096,4590,10458,39,10000,8196,homography,"[0.37678356573697364, -0.0033368005699275878, 44.355763231611746, -0.0013890851115424601, 0.37453601775379347, 143.6936601874094, -6.079609052552738e-10, 6.019374752139707e-08, 0.9999999999999999]",4.450,3.803,3.23,ok,
eval_AF9628-Martensitic_SEM-SE-Stitch_EBSD_SameSlice_1#0,eval_AF9628-Martensitic_SEM-SE-Stitch_EBSD_SameSlice_1,SameSlice,AF9628-Martensitic_SEM-SE-Stitch_EBSD_SameSlice,control,ma_roma,direct,none,1,1993,4096,4590,10458,39,10000,3885,affine,"[0.3769179849121052, -0.00327152407974163, 39.15042250899387, -0.00022692541899170952, 0.37332527955678463, 140.9487430148372, 0.0, 0.0, 1.0]",6.090,6.879,2.14,ok,
eval_AF9628-Martensitic_SEM-SE-Stitch_EBSD_SameSlice_1#0,eval_AF9628-Martensitic_SEM-SE-Stitch_EBSD_SameSlice_1,SameSlice,AF9628-Martensitic_SEM-SE-Stitch_EBSD_SameSlice,control,ma_roma,direct,none,2,1993,4096,4590,10458,39,10000,3962,affine,"[0.3769414795455033, -0.0033563531808554654, 39.62415497161214, -0.00022213533165070298, 0.3733663982948092, 141.10160644646135, 0.0, 0.0, 1.0]",5.933,6.797,2.50,ok,
eval_AF9628-Martensitic_SEM-SE-Stitch_EBSD_SameSlice_1#0,eval_AF9628-Martensitic_SEM-SE-Stitch_EBSD_SameSlice_1,SameSlice,AF9628-Martensitic_SEM-SE-Stitch_EBSD_SameSlice,control,ma_roma,direct,none,3,1993,4096,4590,10458,39,10000,3888,affine,"[0.37747321301277414, -0.0024421581882978437, 37.18859202419594, 8.229135750800691e-05, 0.37399137802670035, 139.08007160587374, 0.0, 0.0, 1.0]",6.046,5.505,2.00,ok,
eval_AF9628-Martensitic_SEM-SE-Stitch_EBSD_SameSlice_1#0,eval_AF9628-Martensitic_SEM-SE-Stitch_EBSD_SameSlice_1,SameSlice,AF9628-Martensitic_SEM-SE-Stitch_EBSD_SameSlice,control,ma_roma,direct,none,4,1993,4096,4590,10458,39,10000,4021,affine,"[0.37682275026245715, -0.0033628715542270973, 39.55731037821033, -0.0003152797175493464, 0.37313908062261175, 141.57224217964688, 0.0, 0.0, 1.0]",6.149,6.588,2.01,ok,
eval_AF9628-Martensitic_SEM-SE-Stitch_EBSD_SameSlice_1#0,eval_AF9628-Martensitic_SEM-SE-Stitch_EBSD_SameSlice_1,SameSlice,AF9628-Martensitic_SEM-SE-Stitch_EBSD_SameSlice,control,ma_roma,direct,none,5,1993,4096,4590,10458,39,10000,3961,affine,"[0.37686555804993077, -0.003183185562026851, 39.28536952368768, -0.00021219962992484803, 0.37340363135138144, 140.71611460957308, 0.0, 0.0, 1.0]",6.067,6.851,2.08,ok,
eval_AF9628-Martensitic_SEM-SE-Stitch_EBSD_SameSlice_1#1,eval_AF9628-Martensitic_SEM-SE-Stitch_EBSD_SameSlice_1,SameSlice,AF9628-Martensitic_SEM-SE-Stitch_EBSD_SameSlice,core,ma_roma,direct,none,0,1993,4096,4590,10458,39,10000,1366,homography,"[0.37319625344133045, -0.010827839711555012, 51.52616146091178, -0.0010806893083464318, 0.3676400444515765, 140.11083287600437, -8.410992795077873e-07, -4.827842313520466e-06, 1.0]",13.980,9.574,2.14,ok,
eval_AF9628-Martensitic_SEM-SE-Stitch_EBSD_SameSlice_1#1,eval_AF9628-Martensitic_SEM-SE-Stitch_EBSD_SameSlice_1,SameSlice,AF9628-Martensitic_SEM-SE-Stitch_EBSD_SameSlice,core,ma_roma,pyramid_v2,none,0,1993,4096,4590,10458,39,10000,1366,homography@direct,"[0.37319625344133045, -0.010827839711555012, 51.52616146091178, -0.0010806893083464318, 0.3676400444515765, 140.11083287600437, -8.410992795077873e-07, -4.827842313520466e-06, 1.0]",13.980,9.574,2.09,ok,
eval_AF9628-Martensitic_SEM-SE-Stitch_EBSD_SameSlice_1#1,eval_AF9628-Martensitic_SEM-SE-Stitch_EBSD_SameSlice_1,SameSlice,AF9628-Martensitic_SEM-SE-Stitch_EBSD_SameSlice,transform,ma_roma,direct,invert,0,1993,4096,4590,10458,39,10000,1504,affine,"[0.3772583585269624, -0.0020583770463718067, 42.25444074032475, -0.0018296357847403788, 0.37668515323172214, 142.33110321097803, 0.0, 0.0, 1.0]",7.462,6.722,2.28,ok,
eval_AF9628-Martensitic_SEM-SE-Stitch_EBSD_SameSlice_1#1,eval_AF9628-Martensitic_SEM-SE-Stitch_EBSD_SameSlice_1,SameSlice,AF9628-Martensitic_SEM-SE-Stitch_EBSD_SameSlice,transform,ma_roma,direct,histmatch,0,1993,4096,4590,10458,39,10000,679,homography,"[0.30707526009094704, -0.03943463250198516, 409.77937478195656, -0.001692577196362092, 0.3347879119727733, 143.12021221801257, -8.530735421083655e-06, -9.573120155029004e-06, 1.0]",105.556,59.044,5.92,ok,
eval_AF9628-Martensitic_SEM-SE-Stitch_EBSD_SameSlice_1#1,eval_AF9628-Martensitic_SEM-SE-Stitch_EBSD_SameSlice_1,SameSlice,AF9628-Martensitic_SEM-SE-Stitch_EBSD_SameSlice,transform,ma_roma,direct,clahe,0,1993,4096,4590,10458,39,10000,391,homography,"[0.401527861110312, 0.04994901063868669, -50.91574646814329, 0.007837702738284368, 0.4069825820992321, 55.72932436060879, 4.2381173818455764e-06, 1.4566055046797987e-05, 1.0]",52.858,47.944,2.45,ok,
eval_AF9628-Martensitic_SEM-SE-Stitch_EBSD_SameSlice_1#1,eval_AF9628-Martensitic_SEM-SE-Stitch_EBSD_SameSlice_1,SameSlice,AF9628-Martensitic_SEM-SE-Stitch_EBSD_SameSlice,transform,ma_roma,direct,gradmag,0,1993,4096,4590,10458,39,10000,160,homography,"[0.31429052044223227, -0.1950793992612976, 320.8352061606456, 0.004254821504429181, 0.2407193157261111, 199.61847298644724, -8.192327006229673e-06, -7.334451852681389e-05, 1.0]",220.664,138.817,3.32,ok,
eval_AF9628-Martensitic_SEM-SE-Stitch_EBSD_SameSlice_1#1,eval_AF9628-Martensitic_SEM-SE-Stitch_EBSD_SameSlice_1,SameSlice,AF9628-Martensitic_SEM-SE-Stitch_EBSD_SameSlice,control,ma_roma,direct,none,1,1993,4096,4590,10458,39,10000,1394,affine,"[0.37793210243821185, -0.006243400787030035, 41.5925274803285, -0.0007566176425220369, 0.37397810059942843, 136.76238496495967, 0.0, 0.0, 1.0]",8.245,8.284,2.21,ok,
eval_AF9628-Martensitic_SEM-SE-Stitch_EBSD_SameSlice_1#1,eval_AF9628-Martensitic_SEM-SE-Stitch_EBSD_SameSlice_1,SameSlice,AF9628-Martensitic_SEM-SE-Stitch_EBSD_SameSlice,control,ma_roma,direct,none,2,1993,4096,4590,10458,39,10000,1406,affine,"[0.37754883204289935, -0.006424048164326277, 42.381706893187584, -0.0006960732666802179, 0.37336630114199754, 137.93858992212893, 0.0, 0.0, 1.0]",8.398,7.385,2.11,ok,
eval_AF9628-Martensitic_SEM-SE-Stitch_EBSD_SameSlice_1#1,eval_AF9628-Martensitic_SEM-SE-Stitch_EBSD_SameSlice_1,SameSlice,AF9628-Martensitic_SEM-SE-Stitch_EBSD_SameSlice,control,ma_roma,direct,none,3,1993,4096,4590,10458,39,10000,1350,affine,"[0.3774088526303319, -0.006319811284681546, 42.455004589716054, -0.0007864828842688374, 0.3730352182186355, 138.85880884700373, 0.0, 0.0, 1.0]",8.485,7.949,2.21,ok,
eval_AF9628-Martensitic_SEM-SE-Stitch_EBSD_SameSlice_1#1,eval_AF9628-Martensitic_SEM-SE-Stitch_EBSD_SameSlice_1,SameSlice,AF9628-Martensitic_SEM-SE-Stitch_EBSD_SameSlice,control,ma_roma,direct,none,4,1993,4096,4590,10458,39,10000,1405,affine,"[0.3770476306157847, -0.007495901907407344, 45.037726219016804, -0.0007292582077072816, 0.37388188120431654, 137.40782073064247, 0.0, 0.0, 1.0]",9.672,9.167,2.10,ok,
eval_AF9628-Martensitic_SEM-SE-Stitch_EBSD_SameSlice_1#1,eval_AF9628-Martensitic_SEM-SE-Stitch_EBSD_SameSlice_1,SameSlice,AF9628-Martensitic_SEM-SE-Stitch_EBSD_SameSlice,control,ma_roma,direct,none,5,1993,4096,4590,10458,39,10000,1360,affine,"[0.3778184598665102, -0.005706566768988922, 40.88521081904423, -0.0007623979655786338, 0.3735031067611435, 138.1111980334049, 0.0, 0.0, 1.0]",7.616,7.607,2.20,ok,
eval_AF9628-Martensitic_SEM-SE-Stitch_EBSD_SameSlice_1#2,eval_AF9628-Martensitic_SEM-SE-Stitch_EBSD_SameSlice_1,SameSlice,AF9628-Martensitic_SEM-SE-Stitch_EBSD_SameSlice,core,ma_roma,direct,none,0,1993,4096,4590,10458,39,10000,8041,affine,"[0.37689522428557864, -0.003347152859838306, 42.333005958885906, -0.0009061922856603851, 0.3742766823885684, 142.55525888989632, 0.0, 0.0, 1.0]",4.598,4.519,2.20,ok,
eval_AF9628-Martensitic_SEM-SE-Stitch_EBSD_SameSlice_1#2,eval_AF9628-Martensitic_SEM-SE-Stitch_EBSD_SameSlice_1,SameSlice,AF9628-Martensitic_SEM-SE-Stitch_EBSD_SameSlice,core,ma_roma,pyramid_v2,none,0,1993,4096,4590,10458,39,10000,8041,affine@direct,"[0.37689522428557864, -0.003347152859838306, 42.333005958885906, -0.0009061922856603851, 0.3742766823885684, 142.55525888989632, 0.0, 0.0, 1.0]",4.598,4.519,2.23,ok,
eval_AF9628-Martensitic_SEM-SE-Stitch_EBSD_SameSlice_1#2,eval_AF9628-Martensitic_SEM-SE-Stitch_EBSD_SameSlice_1,SameSlice,AF9628-Martensitic_SEM-SE-Stitch_EBSD_SameSlice,transform,ma_roma,direct,invert,0,1993,4096,4590,10458,39,10000,7193,homography,"[0.37886625380627353, -0.0037912498231665068, 39.911945414350456, -0.00038724580092027133, 0.3744404777210114, 140.5973271158861, 4.6035209718458547e-07, -3.2932290820142253e-07, 1.0]",4.671,4.019,2.27,ok,
eval_AF9628-Martensitic_SEM-SE-Stitch_EBSD_SameSlice_1#2,eval_AF9628-Martensitic_SEM-SE-Stitch_EBSD_SameSlice_1,SameSlice,AF9628-Martensitic_SEM-SE-Stitch_EBSD_SameSlice,transform,ma_roma,direct,histmatch,0,1993,4096,4590,10458,39,10000,7395,affine,"[0.3766885020354285, -0.0030462913692301885, 43.274530672101946, -0.0010085189516392445, 0.3750753055788558, 140.58526729858477, 0.0, 0.0, 1.0]",4.574,4.133,6.11,ok,
eval_AF9628-Martensitic_SEM-SE-Stitch_EBSD_SameSlice_1#2,eval_AF9628-Martensitic_SEM-SE-Stitch_EBSD_SameSlice_1,SameSlice,AF9628-Martensitic_SEM-SE-Stitch_EBSD_SameSlice,transform,ma_roma,direct,clahe,0,1993,4096,4590,10458,39,10000,7804,affine,"[0.3766092171309824, -0.0038217084118135508, 45.84024824677522, -0.0011615087866452638, 0.37464330184632383, 142.77095560903467, 0.0, 0.0, 1.0]",4.663,4.056,2.49,ok,
eval_AF9628-Martensitic_SEM-SE-Stitch_EBSD_SameSlice_1#2,eval_AF9628-Martensitic_SEM-SE-Stitch_EBSD_SameSlice_1,SameSlice,AF9628-Martensitic_SEM-SE-Stitch_EBSD_SameSlice,transform,ma_roma,direct,gradmag,0,1993,4096,4590,10458,39,10000,6114,affine,"[0.3768744474473063, -0.003172860111374903, 43.44675150318858, -0.0009517108068936373, 0.37447222679506237, 140.74658804315482, 0.0, 0.0, 1.0]",4.477,3.640,3.21,ok,
eval_AF9628-Martensitic_SEM-SE-Stitch_EBSD_SameSlice_1#2,eval_AF9628-Martensitic_SEM-SE-Stitch_EBSD_SameSlice_1,SameSlice,AF9628-Martensitic_SEM-SE-Stitch_EBSD_SameSlice,control,ma_roma,direct,none,1,1993,4096,4590,10458,39,10000,7764,affine,"[0.37676047550898395, -0.0036425853958667624, 44.07087704266496, -0.0012605767902389945, 0.3744221223285925, 144.62481476710548, 0.0, 0.0, 1.0]",4.760,4.524,2.20,ok,
eval_AF9628-Martensitic_SEM-SE-Stitch_EBSD_SameSlice_1#2,eval_AF9628-Martensitic_SEM-SE-Stitch_EBSD_SameSlice_1,SameSlice,AF9628-Martensitic_SEM-SE-Stitch_EBSD_SameSlice,control,ma_roma,direct,none,2,1993,4096,4590,10458,39,10000,8198,homography,"[0.37801872900137834, -0.003301302633559989, 40.62456703741999, -0.0007475370301268382, 0.3751698311954464, 141.56691593739208, 3.054338015690607e-07, -3.6573143162400777e-09, 1.0]",4.610,4.261,2.10,ok,
eval_AF9628-Martensitic_SEM-SE-Stitch_EBSD_SameSlice_1#2,eval_AF9628-Martensitic_SEM-SE-Stitch_EBSD_SameSlice_1,SameSlice,AF9628-Martensitic_SEM-SE-Stitch_EBSD_SameSlice,control,ma_roma,direct,none,3,1993,4096,4590,10458,39,10000,7944,homography,"[0.37787204816549547, -0.004518405894376181, 43.35606972155477, -0.0005337447869195205, 0.37463289667415595, 140.91264256061598, 3.7306553546351924e-07, -4.1455725621733656e-07, 1.0]",4.826,4.567,2.07,ok,
eval_AF9628-Martensitic_SEM-SE-Stitch_EBSD_SameSlice_1#2,eval_AF9628-Martensitic_SEM-SE-Stitch_EBSD_SameSlice_1,SameSlice,AF9628-Martensitic_SEM-SE-Stitch_EBSD_SameSlice,control,ma_roma,direct,none,4,1993,4096,4590,10458,39,10000,7994,affine,"[0.3767891277521203, -0.003362125019467483, 43.0494168413677, -0.0010151925605022109, 0.3744854248574504, 142.81324308235037, 0.0, 0.0, 1.0]",4.626,4.733,2.11,ok,
eval_AF9628-Martensitic_SEM-SE-Stitch_EBSD_SameSlice_1#2,eval_AF9628-Martensitic_SEM-SE-Stitch_EBSD_SameSlice_1,SameSlice,AF9628-Martensitic_SEM-SE-Stitch_EBSD_SameSlice,control,ma_roma,direct,none,5,1993,4096,4590,10458,39,10000,8010,affine,"[0.37677286908798596, -0.0032839748356362085, 43.007606590765135, -0.0009627563697906923, 0.37441639575071683, 142.73367367625372, 0.0, 0.0, 1.0]",4.633,4.807,2.03,ok,
eval_AF9628-Martensitic_SEM-SE-Stitch_EBSD_SameSlice_2#0,eval_AF9628-Martensitic_SEM-SE-Stitch_EBSD_SameSlice_2,SameSlice,AF9628-Martensitic_SEM-SE-Stitch_EBSD_SameSlice,core,ma_roma,direct,none,0,1995,4096,5142,8831,37,10000,5086,affine,"[0.37698452477535566, -0.002632031581576765, 598.8232605638152, -0.001990356486778492, 0.3725507709860006, 25.980387777058922, 0.0, 0.0, 1.0]",4.285,3.494,2.21,ok,
eval_AF9628-Martensitic_SEM-SE-Stitch_EBSD_SameSlice_2#0,eval_AF9628-Martensitic_SEM-SE-Stitch_EBSD_SameSlice_2,SameSlice,AF9628-Martensitic_SEM-SE-Stitch_EBSD_SameSlice,core,ma_roma,pyramid_v2,none,0,1995,4096,5142,8831,37,10000,5086,affine@direct,"[0.37698452477535566, -0.002632031581576765, 598.8232605638152, -0.001990356486778492, 0.3725507709860006, 25.980387777058922, 0.0, 0.0, 1.0]",4.285,3.494,2.27,ok,
eval_AF9628-Martensitic_SEM-SE-Stitch_EBSD_SameSlice_2#0,eval_AF9628-Martensitic_SEM-SE-Stitch_EBSD_SameSlice_2,SameSlice,AF9628-Martensitic_SEM-SE-Stitch_EBSD_SameSlice,transform,ma_roma,direct,invert,0,1995,4096,5142,8831,37,10000,9539,homography,"[0.3755874121568366, -0.004088200963015658, 607.6136372922585, -0.0015500922702000072, 0.3717240603308206, 22.109200079068522, -6.944064416815177e-08, -5.471422443723721e-07, 1.0]",3.679,3.812,2.14,ok,
eval_AF9628-Martensitic_SEM-SE-Stitch_EBSD_SameSlice_2#0,eval_AF9628-Martensitic_SEM-SE-Stitch_EBSD_SameSlice_2,SameSlice,AF9628-Martensitic_SEM-SE-Stitch_EBSD_SameSlice,transform,ma_roma,direct,histmatch,0,1995,4096,5142,8831,37,10000,2531,affine,"[0.37679655884738517, -0.0036306106166384762, 600.9243747868506, -0.0015256511875197834, 0.37192706913803286, 25.96448442500548, 0.0, 0.0, 1.0]",5.297,4.921,6.10,ok,
eval_AF9628-Martensitic_SEM-SE-Stitch_EBSD_SameSlice_2#0,eval_AF9628-Martensitic_SEM-SE-Stitch_EBSD_SameSlice_2,SameSlice,AF9628-Martensitic_SEM-SE-Stitch_EBSD_SameSlice,transform,ma_roma,direct,clahe,0,1995,4096,5142,8831,37,10000,6735,affine,"[0.3766728686066425, -0.003120582545097899, 602.3252925407571, -0.0015747494109315107, 0.3724135530531883, 25.518110281160602, 0.0, 0.0, 1.0]",4.184,4.148,2.41,ok,
eval_AF9628-Martensitic_SEM-SE-Stitch_EBSD_SameSlice_2#0,eval_AF9628-Martensitic_SEM-SE-Stitch_EBSD_SameSlice_2,SameSlice,AF9628-Martensitic_SEM-SE-Stitch_EBSD_SameSlice,transform,ma_roma,direct,gradmag,0,1995,4096,5142,8831,37,10000,9761,homography,"[0.3762157685231283, -0.003419925115518206, 605.456535587317, -0.001441491661004147, 0.372437066091086, 22.116113943310783, -2.7694095930809102e-08, -2.0773280461516573e-07, 1.0]",3.569,3.153,3.17,ok,
eval_AF9628-Martensitic_SEM-SE-Stitch_EBSD_SameSlice_2#0,eval_AF9628-Martensitic_SEM-SE-Stitch_EBSD_SameSlice_2,SameSlice,AF9628-Martensitic_SEM-SE-Stitch_EBSD_SameSlice,control,ma_roma,direct,none,1,1995,4096,5142,8831,37,10000,5292,affine,"[0.3768493365482517, -0.0023401060554620453, 599.7277635014736, -0.0015317513539986926, 0.3720542596546532, 24.062972196025044, 0.0, 0.0, 1.0]",4.004,3.945,2.12,ok,
eval_AF9628-Martensitic_SEM-SE-Stitch_EBSD_SameSlice_2#0,eval_AF9628-Martensitic_SEM-SE-Stitch_EBSD_SameSlice_2,SameSlice,AF9628-Martensitic_SEM-SE-Stitch_EBSD_SameSlice,control,ma_roma,direct,none,2,1995,4096,5142,8831,37,10000,5311,homography,"[0.37665734696022785, -0.002362287467378107, 599.9437435963265, -0.0017412722063486455, 0.37267154011885234, 23.92643384434437, -6.338137742828773e-08, 1.2539214071838349e-07, 1.0]",3.948,3.555,2.11,ok,
eval_AF9628-Martensitic_SEM-SE-Stitch_EBSD_SameSlice_2#0,eval_AF9628-Martensitic_SEM-SE-Stitch_EBSD_SameSlice_2,SameSlice,AF9628-Martensitic_SEM-SE-Stitch_EBSD_SameSlice,control,ma_roma,direct,none,3,1995,4096,5142,8831,37,10000,5339,affine,"[0.37687404018224646, -0.0025682920125953824, 599.8345023896161, -0.0016976887202663435, 0.37270512024967445, 23.173175928556248, 0.0, 0.0, 1.0]",3.792,3.665,2.11,ok,
eval_AF9628-Martensitic_SEM-SE-Stitch_EBSD_SameSlice_2#0,eval_AF9628-Martensitic_SEM-SE-Stitch_EBSD_SameSlice_2,SameSlice,AF9628-Martensitic_SEM-SE-Stitch_EBSD_SameSlice,control,ma_roma,direct,none,4,1995,4096,5142,8831,37,10000,4869,homography,"[0.3752619036930475, -0.003580595299353874, 602.2230583409349, -0.0020240386078076507, 0.37194127698287927, 24.7795787712595, -2.6024727797893513e-07, -3.7170651106429836e-07, 1.0]",4.936,4.392,2.29,ok,
eval_AF9628-Martensitic_SEM-SE-Stitch_EBSD_SameSlice_2#0,eval_AF9628-Martensitic_SEM-SE-Stitch_EBSD_SameSlice_2,SameSlice,AF9628-Martensitic_SEM-SE-Stitch_EBSD_SameSlice,control,ma_roma,direct,none,5,1995,4096,5142,8831,37,10000,5003,homography,"[0.3763702577156758, -0.002778186699458504, 599.4689434967478, -0.001984112557110089, 0.372590336370696, 25.067165089155537, -1.3694644011143806e-07, -8.646741397054681e-10, 1.0]",4.570,4.028,2.09,ok,
eval_AF9628-Martensitic_SEM-SE-Stitch_EBSD_SameSlice_2#1,eval_AF9628-Martensitic_SEM-SE-Stitch_EBSD_SameSlice_2,SameSlice,AF9628-Martensitic_SEM-SE-Stitch_EBSD_SameSlice,core,ma_roma,direct,none,0,1995,4096,5142,8831,37,10000,805,affine,"[0.3843654883147816, -0.004196603591488448, 602.3912924322299, -0.006104807306210056, 0.3760046140531721, 19.164471075723327, 0.0, 0.0, 1.0]",36.176,35.166,2.27,ok,
eval_AF9628-Martensitic_SEM-SE-Stitch_EBSD_SameSlice_2#1,eval_AF9628-Martensitic_SEM-SE-Stitch_EBSD_SameSlice_2,SameSlice,AF9628-Martensitic_SEM-SE-Stitch_EBSD_SameSlice,core,ma_roma,pyramid_v2,none,0,1995,4096,5142,8831,37,10000,805,affine@direct,"[0.3843654883147816, -0.004196603591488448, 602.3912924322299, -0.006104807306210056, 0.3760046140531721, 19.164471075723327, 0.0, 0.0, 1.0]",36.176,35.166,2.31,ok,
eval_AF9628-Martensitic_SEM-SE-Stitch_EBSD_SameSlice_2#1,eval_AF9628-Martensitic_SEM-SE-Stitch_EBSD_SameSlice_2,SameSlice,AF9628-Martensitic_SEM-SE-Stitch_EBSD_SameSlice,transform,ma_roma,direct,invert,0,1995,4096,5142,8831,37,10000,131,affine,"[0.3616624761594426, 0.02629438272511756, 581.8132391899576, -0.008525969233099673, 0.3602658143155426, 134.62153881494396, 0.0, 0.0, 1.0]",74.918,78.980,2.28,ok,
eval_AF9628-Martensitic_SEM-SE-Stitch_EBSD_SameSlice_2#1,eval_AF9628-Martensitic_SEM-SE-Stitch_EBSD_SameSlice_2,SameSlice,AF9628-Martensitic_SEM-SE-Stitch_EBSD_SameSlice,transform,ma_roma,direct,histmatch,0,1995,4096,5142,8831,37,10000,217,homography,"[0.5407746514674729, 0.013973291293223984, 533.066750337598, 0.054179901355279655, 0.38329500006163214, -7.902735741344934, 0.0001066134108347429, -7.68385436380397e-06, 1.0]",453.257,319.494,6.60,ok,
eval_AF9628-Martensitic_SEM-SE-Stitch_EBSD_SameSlice_2#1,eval_AF9628-Martensitic_SEM-SE-Stitch_EBSD_SameSlice_2,SameSlice,AF9628-Martensitic_SEM-SE-Stitch_EBSD_SameSlice,transform,ma_roma,direct,clahe,0,1995,4096,5142,8831,37,10000,401,affine,"[0.39885267022729115, -0.03176931433835858, 577.9262014519428, 0.00527451160111284, 0.3736766255671158, 17.728308607187955, 0.0, 0.0, 1.0]",73.882,59.151,2.50,ok,
eval_AF9628-Martensitic_SEM-SE-Stitch_EBSD_SameSlice_2#1,eval_AF9628-Martensitic_SEM-SE-Stitch_EBSD_SameSlice_2,SameSlice,AF9628-Martensitic_SEM-SE-Stitch_EBSD_SameSlice,transform,ma_roma,direct,gradmag,0,1995,4096,5142,8831,37,10000,87,homography,"[-0.0005802265119243166, 0.6405701903249529, 1341.1578703791424, -0.03426700474007352, 0.8391069314887258, 316.61955619392256, -8.840375388719883e-05, 0.00022194027676521348, 1.0]",1102.876,1082.737,3.36,ok,
eval_AF9628-Martensitic_SEM-SE-Stitch_EBSD_SameSlice_2#1,eval_AF9628-Martensitic_SEM-SE-Stitch_EBSD_SameSlice_2,SameSlice,AF9628-Martensitic_SEM-SE-Stitch_EBSD_SameSlice,control,ma_roma,direct,none,1,1995,4096,5142,8831,37,10000,733,affine,"[0.3831439415957179, -0.003958659131589951, 602.9609552936073, -0.0011749960379813533, 0.37588308159983874, 14.9785442760666, 0.0, 0.0, 1.0]",27.772,24.892,2.25,ok,
eval_AF9628-Martensitic_SEM-SE-Stitch_EBSD_SameSlice_2#1,eval_AF9628-Martensitic_SEM-SE-Stitch_EBSD_SameSlice_2,SameSlice,AF9628-Martensitic_SEM-SE-Stitch_EBSD_SameSlice,control,ma_roma,direct,none,2,1995,4096,5142,8831,37,10000,800,affine,"[0.3848224233036043, -0.004103752349207717, 601.5694900397432, -0.003417779268873285, 0.3756470583571113, 17.131518247290842, 0.0, 0.0, 1.0]",34.234,31.566,2.40,ok,
eval_AF9628-Martensitic_SEM-SE-Stitch_EBSD_SameSlice_2#1,eval_AF9628-Martensitic_SEM-SE-Stitch_EBSD_SameSlice_2,SameSlice,AF9628-Martensitic_SEM-SE-Stitch_EBSD_SameSlice,control,ma_roma,direct,none,3,1995,4096,5142,8831,37,10000,712,homography,"[0.385903917854559, -0.003565058012408165, 601.9259792579746, -0.001619815793873988, 0.37718232728563167, 14.581894325383653, 1.4090911808924663e-06, 6.355676533735702e-07, 1.0]",18.242,21.153,2.30,ok,
eval_AF9628-Martensitic_SEM-SE-Stitch_EBSD_SameSlice_2#1,eval_AF9628-Martensitic_SEM-SE-Stitch_EBSD_SameSlice_2,SameSlice,AF9628-Martensitic_SEM-SE-Stitch_EBSD_SameSlice,control,ma_roma,direct,none,4,1995,4096,5142,8831,37,10000,793,affine,"[0.38460106237547415, -0.004136634613145687, 602.2991742165317, -0.003393550146092982, 0.3758689228243935, 16.92668030832499, 0.0, 0.0, 1.0]",33.837,31.546,2.33,ok,
eval_AF9628-Martensitic_SEM-SE-Stitch_EBSD_SameSlice_2#1,eval_AF9628-Martensitic_SEM-SE-Stitch_EBSD_SameSlice_2,SameSlice,AF9628-Martensitic_SEM-SE-Stitch_EBSD_SameSlice,control,ma_roma,direct,none,5,1995,4096,5142,8831,37,10000,704,homography,"[0.40542378935346635, -0.00032114284499808594, 596.6980562401443, 0.006430391981349611, 0.38513628535451505, 6.74502060517032, 1.4229403967629158e-05, 4.274225884714991e-06, 1.0]",87.480,66.273,2.16,ok,
eval_AF9628-Martensitic_SEM-SE-Stitch_EBSD_SameSlice_2#2,eval_AF9628-Martensitic_SEM-SE-Stitch_EBSD_SameSlice_2,SameSlice,AF9628-Martensitic_SEM-SE-Stitch_EBSD_SameSlice,core,ma_roma,direct,none,0,1995,4096,5142,8831,37,10000,9320,affine,"[0.3765448557917029, -0.0030107968839465263, 603.4237735028007, -0.0015232941859156992, 0.3729194911394684, 23.74281128382495, 0.0, 0.0, 1.0]",3.962,3.996,2.31,ok,
eval_AF9628-Martensitic_SEM-SE-Stitch_EBSD_SameSlice_2#2,eval_AF9628-Martensitic_SEM-SE-Stitch_EBSD_SameSlice_2,SameSlice,AF9628-Martensitic_SEM-SE-Stitch_EBSD_SameSlice,core,ma_roma,pyramid_v2,none,0,1995,4096,5142,8831,37,10000,9320,affine@direct,"[0.3765448557917029, -0.0030107968839465263, 603.4237735028007, -0.0015232941859156992, 0.3729194911394684, 23.74281128382495, 0.0, 0.0, 1.0]",3.962,3.996,2.44,ok,
eval_AF9628-Martensitic_SEM-SE-Stitch_EBSD_SameSlice_2#2,eval_AF9628-Martensitic_SEM-SE-Stitch_EBSD_SameSlice_2,SameSlice,AF9628-Martensitic_SEM-SE-Stitch_EBSD_SameSlice,transform,ma_roma,direct,invert,0,1995,4096,5142,8831,37,10000,8703,homography,"[0.3764537705176491, -0.0030223959487669827, 604.777991061687, -0.001653342434716168, 0.37336136089188154, 22.304242066991005, -1.2293737702251804e-08, -1.316944271338321e-07, 1.0]",4.000,3.764,2.17,ok,
eval_AF9628-Martensitic_SEM-SE-Stitch_EBSD_SameSlice_2#2,eval_AF9628-Martensitic_SEM-SE-Stitch_EBSD_SameSlice_2,SameSlice,AF9628-Martensitic_SEM-SE-Stitch_EBSD_SameSlice,transform,ma_roma,direct,histmatch,0,1995,4096,5142,8831,37,10000,8814,affine,"[0.3765925433835016, -0.0027789312897274726, 602.5766204146721, -0.0014874157668298298, 0.3726375232491969, 23.91754570551109, 0.0, 0.0, 1.0]",3.878,3.700,7.20,ok,
eval_AF9628-Martensitic_SEM-SE-Stitch_EBSD_SameSlice_2#2,eval_AF9628-Martensitic_SEM-SE-Stitch_EBSD_SameSlice_2,SameSlice,AF9628-Martensitic_SEM-SE-Stitch_EBSD_SameSlice,transform,ma_roma,direct,clahe,0,1995,4096,5142,8831,37,10000,9230,homography,"[0.3761711693233519, -0.0031300183537697774, 604.2738217314297, -0.0015113597991981223, 0.3725946307781807, 23.601929156360217, -5.826573511027316e-08, -7.449877274241133e-08, 1.0]",3.860,3.764,2.79,ok,
eval_AF9628-Martensitic_SEM-SE-Stitch_EBSD_SameSlice_2#2,eval_AF9628-Martensitic_SEM-SE-Stitch_EBSD_SameSlice_2,SameSlice,AF9628-Martensitic_SEM-SE-Stitch_EBSD_SameSlice,transform,ma_roma,direct,gradmag,0,1995,4096,5142,8831,37,10000,7320,homography,"[0.37665737676820304, -0.0028459892535091344, 604.3626208924462, -0.0016504506404249318, 0.3733434465689888, 21.822409345671396, 3.129058884452236e-09, 1.1166892294274022e-07, 0.9999999999999999]",3.651,3.138,3.32,ok,
eval_AF9628-Martensitic_SEM-SE-Stitch_EBSD_SameSlice_2#2,eval_AF9628-Martensitic_SEM-SE-Stitch_EBSD_SameSlice_2,SameSlice,AF9628-Martensitic_SEM-SE-Stitch_EBSD_SameSlice,control,ma_roma,direct,none,1,1995,4096,5142,8831,37,10000,9324,affine,"[0.3765561538211347, -0.0030214690713531354, 603.4359663688649, -0.001533548196990847, 0.3729437209765313, 23.681528048244445, 0.0, 0.0, 1.0]",3.938,3.902,2.46,ok,
eval_AF9628-Martensitic_SEM-SE-Stitch_EBSD_SameSlice_2#2,eval_AF9628-Martensitic_SEM-SE-Stitch_EBSD_SameSlice_2,SameSlice,AF9628-Martensitic_SEM-SE-Stitch_EBSD_SameSlice,control,ma_roma,direct,none,2,1995,4096,5142,8831,37,10000,9336,affine,"[0.3765465748770743, -0.0029863043937883665, 603.3750537674493, -0.0015349896810515529, 0.3729050851322628, 23.80034878434867, 0.0, 0.0, 1.0]",3.952,3.940,2.01,ok,
eval_AF9628-Martensitic_SEM-SE-Stitch_EBSD_SameSlice_2#2,eval_AF9628-Martensitic_SEM-SE-Stitch_EBSD_SameSlice_2,SameSlice,AF9628-Martensitic_SEM-SE-Stitch_EBSD_SameSlice,control,ma_roma,direct,none,3,1995,4096,5142,8831,37,10000,9332,affine,"[0.37653820535954846, -0.0030043568267135207, 603.4809584896618, -0.001532586780331906, 0.372893567814009, 23.83244168211911, 0.0, 0.0, 1.0]",3.957,3.932,2.18,ok,
eval_AF9628-Martensitic_SEM-SE-Stitch_EBSD_SameSlice_2#2,eval_AF9628-Martensitic_SEM-SE-Stitch_EBSD_SameSlice_2,SameSlice,AF9628-Martensitic_SEM-SE-Stitch_EBSD_SameSlice,control,ma_roma,direct,none,4,1995,4096,5142,8831,37,10000,9370,affine,"[0.3765688471614134, -0.0030171575313512325, 603.3345562670593, -0.001543457695991026, 0.37291066270520146, 23.84199748337528, 0.0, 0.0, 1.0]",3.949,3.884,2.03,ok,
eval_AF9628-Martensitic_SEM-SE-Stitch_EBSD_SameSlice_2#2,eval_AF9628-Martensitic_SEM-SE-Stitch_EBSD_SameSlice_2,SameSlice,AF9628-Martensitic_SEM-SE-Stitch_EBSD_SameSlice,control,ma_roma,direct,none,5,1995,4096,5142,8831,37,10000,9326,affine,"[0.37653204154228376, -0.002998474492392036, 603.5222072658119, -0.0015402811395526512, 0.37291748252824597, 23.868255412035182, 0.0, 0.0, 1.0]",3.980,3.980,2.11,ok,
eval_AF9628-Martensitic_SEM-SE-Stitch_EBSD_SameSlice_3#0,eval_AF9628-Martensitic_SEM-SE-Stitch_EBSD_SameSlice_3,SameSlice,AF9628-Martensitic_SEM-SE-Stitch_EBSD_SameSlice,core,ma_roma,direct,none,0,4710,10147,1992,4096,42,10000,1121,affine,"[2.6463114583840475, 0.0004139732402191186, -640.9523583297077, -0.012282556321429317, 2.6840413641055014, -279.6758713661052, 0.0, 0.0, 1.0]",20.042,15.318,2.75,ok,
eval_AF9628-Martensitic_SEM-SE-Stitch_EBSD_SameSlice_3#0,eval_AF9628-Martensitic_SEM-SE-Stitch_EBSD_SameSlice_3,SameSlice,AF9628-Martensitic_SEM-SE-Stitch_EBSD_SameSlice,core,ma_roma,pyramid_v2,none,0,4710,10147,1992,4096,42,10000,1121,affine@direct,"[2.6463114583840475, 0.0004139732402191186, -640.9523583297077, -0.012282556321429317, 2.6840413641055014, -279.6758713661052, 0.0, 0.0, 1.0]",20.042,15.318,2.71,ok,
eval_AF9628-Martensitic_SEM-SE-Stitch_EBSD_SameSlice_3#0,eval_AF9628-Martensitic_SEM-SE-Stitch_EBSD_SameSlice_3,SameSlice,AF9628-Martensitic_SEM-SE-Stitch_EBSD_SameSlice,transform,ma_roma,direct,invert,0,4710,10147,1992,4096,42,10000,4361,affine,"[2.650368981376566, 0.014317515932205033, -671.4212806834048, -0.013230027630825187, 2.6923015991439803, -278.2677059898392, 0.0, 0.0, 1.0]",14.713,8.662,2.41,ok,
eval_AF9628-Martensitic_SEM-SE-Stitch_EBSD_SameSlice_3#0,eval_AF9628-Martensitic_SEM-SE-Stitch_EBSD_SameSlice_3,SameSlice,AF9628-Martensitic_SEM-SE-Stitch_EBSD_SameSlice,transform,ma_roma,direct,histmatch,0,4710,10147,1992,4096,42,10000,845,affine,"[2.643820157355156, -0.0008054015161710589, -632.5998689092476, -0.010671935173965036, 2.690671834321221, -288.87784042441626, 0.0, 0.0, 1.0]",20.316,14.910,3.38,ok,
eval_AF9628-Martensitic_SEM-SE-Stitch_EBSD_SameSlice_3#0,eval_AF9628-Martensitic_SEM-SE-Stitch_EBSD_SameSlice_3,SameSlice,AF9628-Martensitic_SEM-SE-Stitch_EBSD_SameSlice,transform,ma_roma,direct,clahe,0,4710,10147,1992,4096,42,10000,887,affine,"[2.6399187505367805, 0.010410288274226836, -620.9879797570147, -0.010422361190226753, 2.6928419260303467, -290.9391314181264, 0.0, 0.0, 1.0]",26.229,24.001,2.65,ok,
eval_AF9628-Martensitic_SEM-SE-Stitch_EBSD_SameSlice_3#0,eval_AF9628-Martensitic_SEM-SE-Stitch_EBSD_SameSlice_3,SameSlice,AF9628-Martensitic_SEM-SE-Stitch_EBSD_SameSlice,transform,ma_roma,direct,gradmag,0,4710,10147,1992,4096,42,10000,5497,affine,"[2.649944187609223, 0.014676144508100626, -669.9997722911312, -0.01302747665896046, 2.6908852504931486, -277.96682969010453, 0.0, 0.0, 1.0]",14.743,8.333,3.37,ok,
eval_AF9628-Martensitic_SEM-SE-Stitch_EBSD_SameSlice_3#0,eval_AF9628-Martensitic_SEM-SE-Stitch_EBSD_SameSlice_3,SameSlice,AF9628-Martensitic_SEM-SE-Stitch_EBSD_SameSlice,control,ma_roma,direct,none,1,4710,10147,1992,4096,42,10000,1100,affine,"[2.6424090501133697, -0.01107428909903126, -618.9821879931424, -0.019580821721994147, 2.6625609415037044, -237.35494733891255, 0.0, 0.0, 1.0]",26.701,25.875,2.13,ok,
eval_AF9628-Martensitic_SEM-SE-Stitch_EBSD_SameSlice_3#0,eval_AF9628-Martensitic_SEM-SE-Stitch_EBSD_SameSlice_3,SameSlice,AF9628-Martensitic_SEM-SE-Stitch_EBSD_SameSlice,control,ma_roma,direct,none,2,4710,10147,1992,4096,42,10000,1019,homography,"[2.663706982955045, 0.023938491532412457, -685.2145659972265, -0.017764341800924267, 2.696812545156727, -261.68275331627336, 4.4132636365688235e-07, 3.4929662724389667e-06, 0.9999999999999999]",19.911,16.884,2.25,ok,
eval_AF9628-Martensitic_SEM-SE-Stitch_EBSD_SameSlice_3#0,eval_AF9628-Martensitic_SEM-SE-Stitch_EBSD_SameSlice_3,SameSlice,AF9628-Martensitic_SEM-SE-Stitch_EBSD_SameSlice,control,ma_roma,direct,none,3,4710,10147,1992,4096,42,10000,949,homography,"[2.7143422231773187, 0.030037443384965258, -729.2348695033495, -0.007283805177464886, 2.748193163228389, -312.950757297276, 4.219723363444896e-06, 6.006398102725364e-06, 0.9999999999999999]",28.016,21.303,2.22,ok,
eval_AF9628-Martensitic_SEM-SE-Stitch_EBSD_SameSlice_3#0,eval_AF9628-Martensitic_SEM-SE-Stitch_EBSD_SameSlice_3,SameSlice,AF9628-Martensitic_SEM-SE-Stitch_EBSD_SameSlice,control,ma_roma,direct,none,4,4710,10147,1992,4096,42,10000,1083,affine,"[2.645338372256094, -0.00402629005691582, -634.8785156916374, -0.013993345512183317, 2.6788670777469115, -271.41994462160756, 0.0, 0.0, 1.0]",22.006,18.840,2.36,ok,
eval_AF9628-Martensitic_SEM-SE-Stitch_EBSD_SameSlice_3#0,eval_AF9628-Martensitic_SEM-SE-Stitch_EBSD_SameSlice_3,SameSlice,AF9628-Martensitic_SEM-SE-Stitch_EBSD_SameSlice,control,ma_roma,direct,none,5,4710,10147,1992,4096,42,10000,1044,affine,"[2.644306847079124, -0.006377593292487974, -628.8802314540709, -0.014119704726589612, 2.676414630816044, -268.07547119262335, 0.0, 0.0, 1.0]",23.198,20.042,2.33,ok,
eval_AF9628-Martensitic_SEM-SE-Stitch_EBSD_SameSlice_3#1,eval_AF9628-Martensitic_SEM-SE-Stitch_EBSD_SameSlice_3,SameSlice,AF9628-Martensitic_SEM-SE-Stitch_EBSD_SameSlice,core,ma_roma,direct,none,0,4710,10147,1992,4096,42,10000,434,affine,"[2.646800891605305, 0.0032978071409639786, -649.3780765113243, -0.005218113798631775, 2.7078897786023113, -308.84713119810476, 0.0, 0.0, 1.0]",21.406,16.990,2.37,ok,
eval_AF9628-Martensitic_SEM-SE-Stitch_EBSD_SameSlice_3#1,eval_AF9628-Martensitic_SEM-SE-Stitch_EBSD_SameSlice_3,SameSlice,AF9628-Martensitic_SEM-SE-Stitch_EBSD_SameSlice,core,ma_roma,pyramid_v2,none,0,4710,10147,1992,4096,42,10000,434,affine@direct,"[2.646800891605305, 0.0032978071409639786, -649.3780765113243, -0.005218113798631775, 2.7078897786023113, -308.84713119810476, 0.0, 0.0, 1.0]",21.406,16.990,2.56,ok,
eval_AF9628-Martensitic_SEM-SE-Stitch_EBSD_SameSlice_3#1,eval_AF9628-Martensitic_SEM-SE-Stitch_EBSD_SameSlice_3,SameSlice,AF9628-Martensitic_SEM-SE-Stitch_EBSD_SameSlice,transform,ma_roma,direct,invert,0,4710,10147,1992,4096,42,10000,14,affine,"[1.147754529807177, -0.6911023382831216, 309.4467717347443, -0.22211459780176365, 0.8774710228279995, 498.7733742717011, 0.0, 0.0, 1.0]",3541.680,3602.345,2.34,ok,
eval_AF9628-Martensitic_SEM-SE-Stitch_EBSD_SameSlice_3#1,eval_AF9628-Martensitic_SEM-SE-Stitch_EBSD_SameSlice_3,SameSlice,AF9628-Martensitic_SEM-SE-Stitch_EBSD_SameSlice,transform,ma_roma,direct,histmatch,0,4710,10147,1992,4096,42,10000,214,homography,"[2.8835246871885056, 0.23006757872294897, -1097.9550571513846, 0.011669495284549915, 2.912849524424965, -413.2037197107829, 1.1857396995070429e-05, 2.9311571725761495e-05, 1.0]",72.215,50.743,3.42,ok,
eval_AF9628-Martensitic_SEM-SE-Stitch_EBSD_SameSlice_3#1,eval_AF9628-Martensitic_SEM-SE-Stitch_EBSD_SameSlice_3,SameSlice,AF9628-Martensitic_SEM-SE-Stitch_EBSD_SameSlice,transform,ma_roma,direct,clahe,0,4710,10147,1992,4096,42,10000,380,homography,"[2.700429475864895, 0.06386913605675232, -743.3971527131504, -0.003686054979725035, 2.7762457002791687, -339.46347034607453, 3.406086193416946e-06, 6.455483893579799e-06, 1.0]",28.896,24.404,2.45,ok,
eval_AF9628-Martensitic_SEM-SE-Stitch_EBSD_SameSlice_3#1,eval_AF9628-Martensitic_SEM-SE-Stitch_EBSD_SameSlice_3,SameSlice,AF9628-Martensitic_SEM-SE-Stitch_EBSD_SameSlice,transform,ma_roma,direct,gradmag,0,4710,10147,1992,4096,42,10000,649,affine,"[2.6413978351685397, 0.0018075476347149514, -641.740048391539, -0.009105628443102873, 2.698420662096308, -295.9839692291225, 0.0, 0.0, 1.0]",20.337,15.218,3.54,ok,
eval_AF9628-Martensitic_SEM-SE-Stitch_EBSD_SameSlice_3#1,eval_AF9628-Martensitic_SEM-SE-Stitch_EBSD_SameSlice_3,SameSlice,AF9628-Martensitic_SEM-SE-Stitch_EBSD_SameSlice,control,ma_roma,direct,none,1,4710,10147,1992,4096,42,10000,364,affine,"[2.6558903280791593, 0.01816262528735145, -678.7244573050712, -0.013686733284711518, 2.741283843047325, -312.1608582307349, 0.0, 0.0, 1.0]",31.787,28.793,2.30,ok,
eval_AF9628-Martensitic_SEM-SE-Stitch_EBSD_SameSlice_3#1,eval_AF9628-Martensitic_SEM-SE-Stitch_EBSD_SameSlice_3,SameSlice,AF9628-Martensitic_SEM-SE-Stitch_EBSD_SameSlice,control,ma_roma,direct,none,2,4710,10147,1992,4096,42,10000,407,affine,"[2.6501627669789016, -0.006700222921683755, -649.7104730164774, -0.018819513541424828, 2.7421821216142916, -299.97799593280956, 0.0, 0.0, 1.0]",30.551,27.550,2.48,ok,
eval_AF9628-Martensitic_SEM-SE-Stitch_EBSD_SameSlice_3#1,eval_AF9628-Martensitic_SEM-SE-Stitch_EBSD_SameSlice_3,SameSlice,AF9628-Martensitic_SEM-SE-Stitch_EBSD_SameSlice,control,ma_roma,direct,none,3,4710,10147,1992,4096,42,10000,418,affine,"[2.6412402644031596, -0.0004418994310544825, -634.4589641662282, -0.0055255841358104255, 2.694810750431159, -304.23223856342497, 0.0, 0.0, 1.0]",22.519,16.277,2.20,ok,
eval_AF9628-Martensitic_SEM-SE-Stitch_EBSD_SameSlice_3#1,eval_AF9628-Martensitic_SEM-SE-Stitch_EBSD_SameSlice_3,SameSlice,AF9628-Martensitic_SEM-SE-Stitch_EBSD_SameSlice,control,ma_roma,direct,none,4,4710,10147,1992,4096,42,10000,404,affine,"[2.644064723895643, 0.029275423681475947, -658.7423819196374, -0.01051959784434835, 2.7440679775674512, -320.78586131128714, 0.0, 0.0, 1.0]",32.594,27.699,2.33,ok,
eval_AF9628-Martensitic_SEM-SE-Stitch_EBSD_SameSlice_3#1,eval_AF9628-Martensitic_SEM-SE-Stitch_EBSD_SameSlice_3,SameSlice,AF9628-Martensitic_SEM-SE-Stitch_EBSD_SameSlice,control,ma_roma,direct,none,5,4710,10147,1992,4096,42,10000,422,affine,"[2.6435980596702944, 0.018112271183275953, -649.4234034078327, -0.007186881238309276, 2.7408822060309084, -327.38699129016027, 0.0, 0.0, 1.0]",31.938,28.470,2.59,ok,
eval_AF9628-Martensitic_SEM-SE-Stitch_EBSD_SameSlice_3#2,eval_AF9628-Martensitic_SEM-SE-Stitch_EBSD_SameSlice_3,SameSlice,AF9628-Martensitic_SEM-SE-Stitch_EBSD_SameSlice,core,ma_roma,direct,none,0,4710,10147,1992,4096,42,10000,4716,affine,"[2.6487051901542986, 0.014535562349193709, -663.1358777031528, -0.013245248558555259, 2.691594803548578, -281.66815899947414, 0.0, 0.0, 1.0]",15.588,10.002,2.28,ok,
eval_AF9628-Martensitic_SEM-SE-Stitch_EBSD_SameSlice_3#2,eval_AF9628-Martensitic_SEM-SE-Stitch_EBSD_SameSlice_3,SameSlice,AF9628-Martensitic_SEM-SE-Stitch_EBSD_SameSlice,core,ma_roma,pyramid_v2,none,0,4710,10147,1992,4096,42,10000,4716,affine@direct,"[2.6487051901542986, 0.014535562349193709, -663.1358777031528, -0.013245248558555259, 2.691594803548578, -281.66815899947414, 0.0, 0.0, 1.0]",15.588,10.002,2.45,ok,
eval_AF9628-Martensitic_SEM-SE-Stitch_EBSD_SameSlice_3#2,eval_AF9628-Martensitic_SEM-SE-Stitch_EBSD_SameSlice_3,SameSlice,AF9628-Martensitic_SEM-SE-Stitch_EBSD_SameSlice,transform,ma_roma,direct,invert,0,4710,10147,1992,4096,42,10000,3691,affine,"[2.6497227500530087, 0.015131023238253011, -671.5468244237654, -0.013316423619219576, 2.6914984907138217, -279.09675561440645, 0.0, 0.0, 1.0]",15.160,9.155,2.34,ok,
eval_AF9628-Martensitic_SEM-SE-Stitch_EBSD_SameSlice_3#2,eval_AF9628-Martensitic_SEM-SE-Stitch_EBSD_SameSlice_3,SameSlice,AF9628-Martensitic_SEM-SE-Stitch_EBSD_SameSlice,transform,ma_roma,direct,histmatch,0,4710,10147,1992,4096,42,10000,3601,affine,"[2.6482432898405346, 0.013645872270857087, -661.1965010555095, -0.013231504997617853, 2.6892847160661404, -278.2442500107127, 0.0, 0.0, 1.0]",15.272,10.082,3.10,ok,
eval_AF9628-Martensitic_SEM-SE-Stitch_EBSD_SameSlice_3#2,eval_AF9628-Martensitic_SEM-SE-Stitch_EBSD_SameSlice_3,SameSlice,AF9628-Martensitic_SEM-SE-Stitch_EBSD_SameSlice,transform,ma_roma,direct,clahe,0,4710,10147,1992,4096,42,10000,4620,affine,"[2.648658434536343, 0.01385635234042426, -662.5789756858612, -0.013381754315737392, 2.690308768114829, -280.0353572212848, 0.0, 0.0, 1.0]",15.556,10.113,2.43,ok,
eval_AF9628-Martensitic_SEM-SE-Stitch_EBSD_SameSlice_3#2,eval_AF9628-Martensitic_SEM-SE-Stitch_EBSD_SameSlice_3,SameSlice,AF9628-Martensitic_SEM-SE-Stitch_EBSD_SameSlice,transform,ma_roma,direct,gradmag,0,4710,10147,1992,4096,42,10000,1948,affine,"[2.6476034928417587, 0.013721252000246875, -661.8474763789727, -0.017434352704279708, 2.693483070206611, -271.42304661940784, 0.0, 0.0, 1.0]",14.255,9.908,3.46,ok,
eval_AF9628-Martensitic_SEM-SE-Stitch_EBSD_SameSlice_3#2,eval_AF9628-Martensitic_SEM-SE-Stitch_EBSD_SameSlice_3,SameSlice,AF9628-Martensitic_SEM-SE-Stitch_EBSD_SameSlice,control,ma_roma,direct,none,1,4710,10147,1992,4096,42,10000,4753,affine,"[2.6488487920819086, 0.014596688736944273, -663.6618099184716, -0.013137619297179897, 2.691500336135065, -281.8950412082286, 0.0, 0.0, 1.0]",15.640,9.875,2.38,ok,
eval_AF9628-Martensitic_SEM-SE-Stitch_EBSD_SameSlice_3#2,eval_AF9628-Martensitic_SEM-SE-Stitch_EBSD_SameSlice_3,SameSlice,AF9628-Martensitic_SEM-SE-Stitch_EBSD_SameSlice,control,ma_roma,direct,none,2,4710,10147,1992,4096,42,10000,4800,affine,"[2.6488591139380073, 0.014776894244658422, -663.9402515282327, -0.01301844839498193, 2.6915728642360897, -282.24810685793454, 0.0, 0.0, 1.0]",15.668,9.824,2.13,ok,
eval_AF9628-Martensitic_SEM-SE-Stitch_EBSD_SameSlice_3#2,eval_AF9628-Martensitic_SEM-SE-Stitch_EBSD_SameSlice_3,SameSlice,AF9628-Martensitic_SEM-SE-Stitch_EBSD_SameSlice,control,ma_roma,direct,none,3,4710,10147,1992,4096,42,10000,4691,affine,"[2.6488040151969305, 0.014794452825287067, -663.8538624978601, -0.013097661112772128, 2.6914042842939407, -281.824070236401, 0.0, 0.0, 1.0]",15.624,9.922,2.44,ok,
eval_AF9628-Martensitic_SEM-SE-Stitch_EBSD_SameSlice_3#2,eval_AF9628-Martensitic_SEM-SE-Stitch_EBSD_SameSlice_3,SameSlice,AF9628-Martensitic_SEM-SE-Stitch_EBSD_SameSlice,control,ma_roma,direct,none,4,4710,10147,1992,4096,42,10000,4690,affine,"[2.648760197281651, 0.014709093579319515, -663.5278879601201, -0.013205560603680007, 2.6915701046851375, -281.74510000640703, 0.0, 0.0, 1.0]",15.603,9.953,2.17,ok,
eval_AF9628-Martensitic_SEM-SE-Stitch_EBSD_SameSlice_3#2,eval_AF9628-Martensitic_SEM-SE-Stitch_EBSD_SameSlice_3,SameSlice,AF9628-Martensitic_SEM-SE-Stitch_EBSD_SameSlice,control,ma_roma,direct,none,5,4710,10147,1992,4096,42,10000,4774,affine,"[2.648780731946113, 0.014377877571891462, -663.3168682906125, -0.013186279238708647, 2.691693509408519, -281.94035991451983, 0.0, 0.0, 1.0]",15.585,9.803,2.30,ok,
eval_AF9628-Martensitic_SEM-SE-Stitch_EBSD_SameSlice_4#0,eval_AF9628-Martensitic_SEM-SE-Stitch_EBSD_SameSlice_4,SameSlice,AF9628-Martensitic_SEM-SE-Stitch_EBSD_SameSlice,core,ma_roma,direct,none,0,1996,4096,4872,10693,53,10000,3970,affine,"[0.37693319675469916, -0.001979979957731405, 18.740456138750517, 0.002861717766476436, 0.3727755419297356, 34.74243678847574, 0.0, 0.0, 1.0]",8.149,8.087,2.32,ok,
eval_AF9628-Martensitic_SEM-SE-Stitch_EBSD_SameSlice_4#0,eval_AF9628-Martensitic_SEM-SE-Stitch_EBSD_SameSlice_4,SameSlice,AF9628-Martensitic_SEM-SE-Stitch_EBSD_SameSlice,core,ma_roma,pyramid_v2,none,0,1996,4096,4872,10693,53,10000,3970,affine@direct,"[0.37693319675469916, -0.001979979957731405, 18.740456138750517, 0.002861717766476436, 0.3727755419297356, 34.74243678847574, 0.0, 0.0, 1.0]",8.149,8.087,2.47,ok,
eval_AF9628-Martensitic_SEM-SE-Stitch_EBSD_SameSlice_4#0,eval_AF9628-Martensitic_SEM-SE-Stitch_EBSD_SameSlice_4,SameSlice,AF9628-Martensitic_SEM-SE-Stitch_EBSD_SameSlice,transform,ma_roma,direct,invert,0,1996,4096,4872,10693,53,10000,8225,homography,"[0.3780382615180321, -0.0037067637046630415, 22.10485739436976, 0.002275019110162161, 0.3712389199262364, 40.9954087092115, 1.0875670160435813e-07, -2.9738611713565337e-07, 1.0]",6.103,4.338,2.51,ok,
eval_AF9628-Martensitic_SEM-SE-Stitch_EBSD_SameSlice_4#0,eval_AF9628-Martensitic_SEM-SE-Stitch_EBSD_SameSlice_4,SameSlice,AF9628-Martensitic_SEM-SE-Stitch_EBSD_SameSlice,transform,ma_roma,direct,histmatch,0,1996,4096,4872,10693,53,10000,2774,affine,"[0.3773656915130027, -0.0038088311008596686, 24.20152215938083, 0.002493051186947673, 0.37201835019691265, 40.07280454315901, 0.0, 0.0, 1.0]",6.616,4.927,7.94,ok,
eval_AF9628-Martensitic_SEM-SE-Stitch_EBSD_SameSlice_4#0,eval_AF9628-Martensitic_SEM-SE-Stitch_EBSD_SameSlice_4,SameSlice,AF9628-Martensitic_SEM-SE-Stitch_EBSD_SameSlice,transform,ma_roma,direct,clahe,0,1996,4096,4872,10693,53,10000,4040,homography,"[0.38137471770802983, -0.0021345404335775813, 11.677107561078039, 0.0033007869830603298, 0.37477808268705204, 34.654971758482695, 7.012501640531277e-07, 6.141751153137097e-07, 1.0]",5.964,5.497,2.80,ok,
eval_AF9628-Martensitic_SEM-SE-Stitch_EBSD_SameSlice_4#0,eval_AF9628-Martensitic_SEM-SE-Stitch_EBSD_SameSlice_4,SameSlice,AF9628-Martensitic_SEM-SE-Stitch_EBSD_SameSlice,transform,ma_roma,direct,gradmag,0,1996,4096,4872,10693,53,10000,8204,homography,"[0.3779151128265184, -0.0031641987085606216, 22.720104921006172, 0.0020793024784479183, 0.3717402164911763, 42.722498595458525, 8.889597070196218e-08, -1.7028641730990216e-08, 1.0]",6.214,4.029,3.56,ok,
eval_AF9628-Martensitic_SEM-SE-Stitch_EBSD_SameSlice_4#0,eval_AF9628-Martensitic_SEM-SE-Stitch_EBSD_SameSlice_4,SameSlice,AF9628-Martensitic_SEM-SE-Stitch_EBSD_SameSlice,control,ma_roma,direct,none,1,1996,4096,4872,10693,53,10000,4579,affine,"[0.3772723152955501, -0.0033658680645075665, 22.66848280811928, 0.0023174557956089506, 0.3721561934556133, 40.43386486997224, 0.0, 0.0, 1.0]",6.789,5.583,2.31,ok,
eval_AF9628-Martensitic_SEM-SE-Stitch_EBSD_SameSlice_4#0,eval_AF9628-Martensitic_SEM-SE-Stitch_EBSD_SameSlice_4,SameSlice,AF9628-Martensitic_SEM-SE-Stitch_EBSD_SameSlice,control,ma_roma,direct,none,2,1996,4096,4872,10693,53,10000,4593,affine,"[0.3772481277382464, -0.0033577151007635497, 22.959690095852693, 0.0022944652486862095, 0.3720372163195662, 40.905445560266685, 0.0, 0.0, 1.0]",6.750,5.487,2.30,ok,
eval_AF9628-Martensitic_SEM-SE-Stitch_EBSD_SameSlice_4#0,eval_AF9628-Martensitic_SEM-SE-Stitch_EBSD_SameSlice_4,SameSlice,AF9628-Martensitic_SEM-SE-Stitch_EBSD_SameSlice,control,ma_roma,direct,none,3,1996,4096,4872,10693,53,10000,4522,affine,"[0.3770358544260409, -0.0036042995633868958, 25.726472081027623, 0.0021343168379126093, 0.37163966817701355, 43.154235849885254, 0.0, 0.0, 1.0]",6.870,5.270,2.27,ok,
eval_AF9628-Martensitic_SEM-SE-Stitch_EBSD_SameSlice_4#0,eval_AF9628-Martensitic_SEM-SE-Stitch_EBSD_SameSlice_4,SameSlice,AF9628-Martensitic_SEM-SE-Stitch_EBSD_SameSlice,control,ma_roma,direct,none,4,1996,4096,4872,10693,53,10000,4511,affine,"[0.3771047780152346, -0.0031595247960168084, 23.032390264534115, 0.0024421295758656134, 0.3727440295593512, 37.246019854047745, 0.0, 0.0, 1.0]",6.963,6.268,2.22,ok,
eval_AF9628-Martensitic_SEM-SE-Stitch_EBSD_SameSlice_4#0,eval_AF9628-Martensitic_SEM-SE-Stitch_EBSD_SameSlice_4,SameSlice,AF9628-Martensitic_SEM-SE-Stitch_EBSD_SameSlice,control,ma_roma,direct,none,5,1996,4096,4872,10693,53,10000,4200,affine,"[0.37724053122876533, -0.004044906457350911, 26.682803513052022, 0.0024179541807442875, 0.3727544603648913, 37.16628652880286, 0.0, 0.0, 1.0]",6.733,5.599,2.31,ok,
eval_AF9628-Martensitic_SEM-SE-Stitch_EBSD_SameSlice_4#1,eval_AF9628-Martensitic_SEM-SE-Stitch_EBSD_SameSlice_4,SameSlice,AF9628-Martensitic_SEM-SE-Stitch_EBSD_SameSlice,core,ma_roma,direct,none,0,1996,4096,4872,10693,53,10000,1711,affine,"[0.37795880692737166, -0.008677836795106565, 41.06128041152169, 0.0032015541370439926, 0.36883981811332334, 43.50389460957081, 0.0, 0.0, 1.0]",12.453,11.000,2.58,ok,
eval_AF9628-Martensitic_SEM-SE-Stitch_EBSD_SameSlice_4#1,eval_AF9628-Martensitic_SEM-SE-Stitch_EBSD_SameSlice_4,SameSlice,AF9628-Martensitic_SEM-SE-Stitch_EBSD_SameSlice,core,ma_roma,pyramid_v2,none,0,1996,4096,4872,10693,53,10000,1711,affine@direct,"[0.37795880692737166, -0.008677836795106565, 41.06128041152169, 0.0032015541370439926, 0.36883981811332334, 43.50389460957081, 0.0, 0.0, 1.0]",12.453,11.000,2.33,ok,
eval_AF9628-Martensitic_SEM-SE-Stitch_EBSD_SameSlice_4#1,eval_AF9628-Martensitic_SEM-SE-Stitch_EBSD_SameSlice_4,SameSlice,AF9628-Martensitic_SEM-SE-Stitch_EBSD_SameSlice,transform,ma_roma,direct,invert,0,1996,4096,4872,10693,53,10000,3261,affine,"[0.37702257464003336, -0.001102399482577109, 19.510032646701802, 0.002287421814271471, 0.37027805855322143, 45.97244176067193, 0.0, 0.0, 1.0]",7.480,5.463,2.47,ok,
eval_AF9628-Martensitic_SEM-SE-Stitch_EBSD_SameSlice_4#1,eval_AF9628-Martensitic_SEM-SE-Stitch_EBSD_SameSlice_4,SameSlice,AF9628-Martensitic_SEM-SE-Stitch_EBSD_SameSlice,transform,ma_roma,direct,histmatch,0,1996,4096,4872,10693,53,10000,456,affine,"[0.37989572709103087, -0.002343225086566315, 16.029046774093445, 0.0043849357026561845, 0.37445080129518754, 22.94873425966057, 0.0, 0.0, 1.0]",12.614,10.460,6.65,ok,
eval_AF9628-Martensitic_SEM-SE-Stitch_EBSD_SameSlice_4#1,eval_AF9628-Martensitic_SEM-SE-Stitch_EBSD_SameSlice_4,SameSlice,AF9628-Martensitic_SEM-SE-Stitch_EBSD_SameSlice,transform,ma_roma,direct,clahe,0,1996,4096,4872,10693,53,10000,733,affine,"[0.377739007889523, -0.0020624908682369205, 17.55731364206804, 0.003100207936517603, 0.3742818260124977, 27.87012307469945, 0.0, 0.0, 1.0]",6.957,6.582,2.82,ok,
eval_AF9628-Martensitic_SEM-SE-Stitch_EBSD_SameSlice_4#1,eval_AF9628-Martensitic_SEM-SE-Stitch_EBSD_SameSlice_4,SameSlice,AF9628-Martensitic_SEM-SE-Stitch_EBSD_SameSlice,transform,ma_roma,direct,gradmag,0,1996,4096,4872,10693,53,10000,438,affine,"[0.3809868492139258, -0.010385710974208767, 39.7854156346134, 0.009268735812707941, 0.3915603620385663, -61.35919013912371, 0.0, 0.0, 1.0]",40.202,38.605,3.91,ok,
eval_AF9628-Martensitic_SEM-SE-Stitch_EBSD_SameSlice_4#1,eval_AF9628-Martensitic_SEM-SE-Stitch_EBSD_SameSlice_4,SameSlice,AF9628-Martensitic_SEM-SE-Stitch_EBSD_SameSlice,control,ma_roma,direct,none,1,1996,4096,4872,10693,53,10000,1683,affine,"[0.37751658863851906, -0.007317264089711424, 39.7434580554243, 0.0027080423050734794, 0.3691087790996113, 46.33564024640714, 0.0, 0.0, 1.0]",11.338,9.592,2.71,ok,
eval_AF9628-Martensitic_SEM-SE-Stitch_EBSD_SameSlice_4#1,eval_AF9628-Martensitic_SEM-SE-Stitch_EBSD_SameSlice_4,SameSlice,AF9628-Martensitic_SEM-SE-Stitch_EBSD_SameSlice,control,ma_roma,direct,none,2,1996,4096,4872,10693,53,10000,1530,affine,"[0.3782622321039955, -0.004189159780403306, 26.19124980439654, 0.0023338553800917334, 0.3697119264353412, 46.16942093254056, 0.0, 0.0, 1.0]",8.732,7.618,2.49,ok,
eval_AF9628-Martensitic_SEM-SE-Stitch_EBSD_SameSlice_4#1,eval_AF9628-Martensitic_SEM-SE-Stitch_EBSD_SameSlice_4,SameSlice,AF9628-Martensitic_SEM-SE-Stitch_EBSD_SameSlice,control,ma_roma,direct,none,3,1996,4096,4872,10693,53,10000,1631,affine,"[0.37742326936562853, -0.005230954890903945, 32.34907676845387, 0.0025045977638377534, 0.37239426618408544, 36.024363282280774, 0.0, 0.0, 1.0]",8.371,7.442,2.63,ok,
eval_AF9628-Martensitic_SEM-SE-Stitch_EBSD_SameSlice_4#1,eval_AF9628-Martensitic_SEM-SE-Stitch_EBSD_SameSlice_4,SameSlice,AF9628-Martensitic_SEM-SE-Stitch_EBSD_SameSlice,control,ma_roma,direct,none,4,1996,4096,4872,10693,53,10000,1605,affine,"[0.3779721744993347, -0.00971518961628975, 44.800167311855375, 0.0033856651669267606, 0.36927505199796035, 40.323462189064, 0.0, 0.0, 1.0]",13.739,12.458,2.69,ok,
eval_AF9628-Martensitic_SEM-SE-Stitch_EBSD_SameSlice_4#1,eval_AF9628-Martensitic_SEM-SE-Stitch_EBSD_SameSlice_4,SameSlice,AF9628-Martensitic_SEM-SE-Stitch_EBSD_SameSlice,control,ma_roma,direct,none,5,1996,4096,4872,10693,53,10000,1560,affine,"[0.37819971640072697, -0.01121698272203294, 48.96915318293031, 0.0038895553374229314, 0.36881128152687676, 37.06957196033727, 0.0, 0.0, 1.0]",16.286,14.180,2.28,ok,
eval_AF9628-Martensitic_SEM-SE-Stitch_EBSD_SameSlice_4#2,eval_AF9628-Martensitic_SEM-SE-Stitch_EBSD_SameSlice_4,SameSlice,AF9628-Martensitic_SEM-SE-Stitch_EBSD_SameSlice,core,ma_roma,direct,none,0,1996,4096,4872,10693,53,10000,7645,homography,"[0.3780845687577486, -0.0033504679496571656, 21.592897025100424, 0.0023703887794364505, 0.37141556342857124, 42.960044295967656, 1.7593908924355977e-07, -9.460736011028233e-08, 1.0]",6.298,4.190,2.33,ok,
eval_AF9628-Martensitic_SEM-SE-Stitch_EBSD_SameSlice_4#2,eval_AF9628-Martensitic_SEM-SE-Stitch_EBSD_SameSlice_4,SameSlice,AF9628-Martensitic_SEM-SE-Stitch_EBSD_SameSlice,core,ma_roma,pyramid_v2,none,0,1996,4096,4872,10693,53,10000,7645,homography@direct,"[0.3780845687577486, -0.0033504679496571656, 21.592897025100424, 0.0023703887794364505, 0.37141556342857124, 42.960044295967656, 1.7593908924355977e-07, -9.460736011028233e-08, 1.0]",6.298,4.190,2.30,ok,
eval_AF9628-Martensitic_SEM-SE-Stitch_EBSD_SameSlice_4#2,eval_AF9628-Martensitic_SEM-SE-Stitch_EBSD_SameSlice_4,SameSlice,AF9628-Martensitic_SEM-SE-Stitch_EBSD_SameSlice,transform,ma_roma,direct,invert,0,1996,4096,4872,10693,53,10000,7561,affine,"[0.3775820717468082, -0.003012162999599955, 22.977024679710667, 0.0016886977950034661, 0.37154804327586427, 46.52078237785179, 0.0, 0.0, 1.0]",6.824,4.287,2.05,ok,
eval_AF9628-Martensitic_SEM-SE-Stitch_EBSD_SameSlice_4#2,eval_AF9628-Martensitic_SEM-SE-Stitch_EBSD_SameSlice_4,SameSlice,AF9628-Martensitic_SEM-SE-Stitch_EBSD_SameSlice,transform,ma_roma,direct,histmatch,0,1996,4096,4872,10693,53,10000,6412,homography,"[0.3778996665409207, -0.003945554572333212, 23.371529001198418, 0.002168993796051414, 0.37163398511519596, 42.57636955844838, 1.5634170298764856e-07, -2.7037926258027875e-07, 1.0]",6.278,4.461,6.60,ok,
eval_AF9628-Martensitic_SEM-SE-Stitch_EBSD_SameSlice_4#2,eval_AF9628-Martensitic_SEM-SE-Stitch_EBSD_SameSlice_4,SameSlice,AF9628-Martensitic_SEM-SE-Stitch_EBSD_SameSlice,transform,ma_roma,direct,clahe,0,1996,4096,4872,10693,53,10000,7434,homography,"[0.37765474193536636, -0.0037149797043711874, 23.860159923569505, 0.0020563229842143023, 0.37146285235214754, 44.13477415260521, 9.427992210366363e-08, -1.8216604556058374e-07, 1.0]",6.484,4.401,2.50,ok,
eval_AF9628-Martensitic_SEM-SE-Stitch_EBSD_SameSlice_4#2,eval_AF9628-Martensitic_SEM-SE-Stitch_EBSD_SameSlice_4,SameSlice,AF9628-Martensitic_SEM-SE-Stitch_EBSD_SameSlice,transform,ma_roma,direct,gradmag,0,1996,4096,4872,10693,53,10000,6617,affine,"[0.37772483144664953, -0.0026661838394059028, 20.982958777457952, 0.002061322849499766, 0.3718756910172404, 42.149873912004864, 0.0, 0.0, 1.0]",6.218,4.474,3.43,ok,
eval_AF9628-Martensitic_SEM-SE-Stitch_EBSD_SameSlice_4#2,eval_AF9628-Martensitic_SEM-SE-Stitch_EBSD_SameSlice_4,SameSlice,AF9628-Martensitic_SEM-SE-Stitch_EBSD_SameSlice,control,ma_roma,direct,none,1,1996,4096,4872,10693,53,10000,7681,homography,"[0.3777749628396595, -0.003344978086920217, 22.601968979855815, 0.002087062688999375, 0.37137600698229606, 44.76912876573043, 1.1801967236249063e-07, -9.321564554584229e-08, 1.0]",6.564,4.169,2.27,ok,
eval_AF9628-Martensitic_SEM-SE-Stitch_EBSD_SameSlice_4#2,eval_AF9628-Martensitic_SEM-SE-Stitch_EBSD_SameSlice_4,SameSlice,AF9628-Martensitic_SEM-SE-Stitch_EBSD_SameSlice,control,ma_roma,direct,none,2,1996,4096,4872,10693,53,10000,7648,homography,"[0.3783018631429446, -0.0037834736675622874, 21.73855353915205, 0.00211269252087157, 0.37154466642410316, 44.88845594162443, 2.3264536679675657e-07, -1.4971683837458344e-07, 1.0]",6.689,4.279,2.23,ok,
eval_AF9628-Martensitic_SEM-SE-Stitch_EBSD_SameSlice_4#2,eval_AF9628-Martensitic_SEM-SE-Stitch_EBSD_SameSlice_4,SameSlice,AF9628-Martensitic_SEM-SE-Stitch_EBSD_SameSlice,control,ma_roma,direct,none,3,1996,4096,4872,10693,53,10000,7695,homography,"[0.3778479666568825, -0.0033940620716315247, 22.378140772203103, 0.0022075197450675058, 0.37133613868363796, 44.07859224482331, 1.3062159689148988e-07, -1.0149144780233418e-07, 1.0]",6.462,4.384,2.40,ok,
eval_AF9628-Martensitic_SEM-SE-Stitch_EBSD_SameSlice_4#2,eval_AF9628-Martensitic_SEM-SE-Stitch_EBSD_SameSlice_4,SameSlice,AF9628-Martensitic_SEM-SE-Stitch_EBSD_SameSlice,control,ma_roma,direct,none,4,1996,4096,4872,10693,53,10000,7636,homography,"[0.3777887776622606, -0.0033568395624493396, 22.49514420184176, 0.0021008701290096844, 0.3713722808483292, 44.68863183006345, 1.1625630067418117e-07, -9.260172199851311e-08, 1.0]",6.548,4.253,2.26,ok,
eval_AF9628-Martensitic_SEM-SE-Stitch_EBSD_SameSlice_4#2,eval_AF9628-Martensitic_SEM-SE-Stitch_EBSD_SameSlice_4,SameSlice,AF9628-Martensitic_SEM-SE-Stitch_EBSD_SameSlice,control,ma_roma,direct,none,5,1996,4096,4872,10693,53,10000,7661,homography,"[0.3779332672430662, -0.003455769936133749, 22.35394302895128, 0.0021684407726568914, 0.37136969357985905, 44.47306080225849, 1.5666127523683747e-07, -1.237253897215085e-07, 1.0]",6.535,4.403,2.23,ok,
eval_C103_SEM-SE_LOM-DC-Height_FractureSurfaces_0#0,eval_C103_SEM-SE_LOM-DC-Height_FractureSurfaces_0,FractureSurfaces,C103_SEM-SE_LOM-DC-Height_FractureSurfaces,core,ma_roma,direct,none,0,3184,3000,1094,1536,41,10000,4628,affine,"[0.07244620582176882, 1.9356030616999689, 224.27662505646003, -1.9430361891058268, 0.06604204398731782, 3224.633269890719, 0.0, 0.0, 1.0]",11.955,9.391,1.68,ok,
eval_C103_SEM-SE_LOM-DC-Height_FractureSurfaces_0#0,eval_C103_SEM-SE_LOM-DC-Height_FractureSurfaces_0,FractureSurfaces,C103_SEM-SE_LOM-DC-Height_FractureSurfaces,core,ma_roma,pyramid_v2,none,0,3184,3000,1094,1536,41,10000,4628,affine@direct,"[0.07244620582176882, 1.9356030616999689, 224.27662505646003, -1.9430361891058268, 0.06604204398731782, 3224.633269890719, 0.0, 0.0, 1.0]",11.955,9.391,1.74,ok,
eval_C103_SEM-SE_LOM-DC-Height_FractureSurfaces_0#0,eval_C103_SEM-SE_LOM-DC-Height_FractureSurfaces_0,FractureSurfaces,C103_SEM-SE_LOM-DC-Height_FractureSurfaces,transform,ma_roma,direct,invert,0,3184,3000,1094,1536,41,10000,4925,affine,"[0.06399276788319815, 1.9086673913024994, 237.0019761919109, -1.9445207644536167, 0.075592722513954, 3219.1874685307716, 0.0, 0.0, 1.0]",14.318,12.176,1.74,ok,
eval_C103_SEM-SE_LOM-DC-Height_FractureSurfaces_0#0,eval_C103_SEM-SE_LOM-DC-Height_FractureSurfaces_0,FractureSurfaces,C103_SEM-SE_LOM-DC-Height_FractureSurfaces,transform,ma_roma,direct,histmatch,0,3184,3000,1094,1536,41,10000,3101,homography,"[0.07517510332635695, 1.9530382942715185, 219.34875106782218, -1.9397741574757836, 0.06757833005198616, 3225.1769835088953, 3.0508210524033048e-06, 3.2841742541765575e-06, 0.9999999999999999]",12.572,9.303,1.83,ok,
eval_C103_SEM-SE_LOM-DC-Height_FractureSurfaces_0#0,eval_C103_SEM-SE_LOM-DC-Height_FractureSurfaces_0,FractureSurfaces,C103_SEM-SE_LOM-DC-Height_FractureSurfaces,transform,ma_roma,direct,clahe,0,3184,3000,1094,1536,41,10000,6487,affine,"[0.07328412286694985, 1.931595331856644, 224.27261608133756, -1.9439504260638385, 0.0712229321097123, 3224.3874668919066, 0.0, 0.0, 1.0]",11.951,9.051,1.68,ok,
eval_C103_SEM-SE_LOM-DC-Height_FractureSurfaces_0#0,eval_C103_SEM-SE_LOM-DC-Height_FractureSurfaces_0,FractureSurfaces,C103_SEM-SE_LOM-DC-Height_FractureSurfaces,transform,ma_roma,direct,gradmag,0,3184,3000,1094,1536,41,10000,3968,affine,"[0.06465709666094417, 1.9360910025638032, 228.26455700304678, -1.9323710158511789, 0.05123953481542778, 3219.0225172616574, 0.0, 0.0, 1.0]",13.172,10.546,1.90,ok,
eval_C103_SEM-SE_LOM-DC-Height_FractureSurfaces_0#0,eval_C103_SEM-SE_LOM-DC-Height_FractureSurfaces_0,FractureSurfaces,C103_SEM-SE_LOM-DC-Height_FractureSurfaces,control,ma_roma,direct,none,1,3184,3000,1094,1536,41,10000,4485,homography,"[0.07083092530337447, 1.9773893680134245, 220.8678017010188, -1.9469842638743866, 0.0770637008364234, 3234.751728858532, 5.1048910771131125e-06, 1.0891417855971486e-05, 1.0]",14.168,12.363,1.60,ok,
eval_C103_SEM-SE_LOM-DC-Height_FractureSurfaces_0#0,eval_C103_SEM-SE_LOM-DC-Height_FractureSurfaces_0,FractureSurfaces,C103_SEM-SE_LOM-DC-Height_FractureSurfaces,control,ma_roma,direct,none,2,3184,3000,1094,1536,41,10000,3907,homography,"[0.052245412712013925, 1.9329423202585787, 232.2440408591891, -1.9410715623668888, 0.06989983896213774, 3201.736697406262, -1.973231148590192e-05, 1.5201522922295782e-05, 1.0]",14.702,12.544,1.51,ok,
eval_C103_SEM-SE_LOM-DC-Height_FractureSurfaces_0#0,eval_C103_SEM-SE_LOM-DC-Height_FractureSurfaces_0,FractureSurfaces,C103_SEM-SE_LOM-DC-Height_FractureSurfaces,control,ma_roma,direct,none,3,3184,3000,1094,1536,41,10000,4196,affine,"[0.07071843890465551, 1.9385793692279396, 223.8361572394282, -1.938037181140854, 0.06396278895314761, 3219.5257432573776, 0.0, 0.0, 1.0]",12.122,9.289,1.58,ok,
eval_C103_SEM-SE_LOM-DC-Height_FractureSurfaces_0#0,eval_C103_SEM-SE_LOM-DC-Height_FractureSurfaces_0,FractureSurfaces,C103_SEM-SE_LOM-DC-Height_FractureSurfaces,control,ma_roma,direct,none,4,3184,3000,1094,1536,41,10000,4588,affine,"[0.06940851960541883, 1.9412844626734092, 225.322175544076, -1.9410264948916565, 0.06413083576337794, 3222.5010184415737, 0.0, 0.0, 1.0]",12.833,10.354,1.88,ok,
eval_C103_SEM-SE_LOM-DC-Height_FractureSurfaces_0#0,eval_C103_SEM-SE_LOM-DC-Height_FractureSurfaces_0,FractureSurfaces,C103_SEM-SE_LOM-DC-Height_FractureSurfaces,control,ma_roma,direct,none,5,3184,3000,1094,1536,41,10000,4651,homography,"[0.05960115976308907, 1.975531349693812, 226.82546798763497, -1.9444255970890711, 0.0834975251460565, 3221.3464011552387, -5.841387480333046e-06, 2.327558115531832e-05, 1.0]",15.288,13.713,1.95,ok,
eval_C103_SEM-SE_LOM-DC-Height_FractureSurfaces_0#1,eval_C103_SEM-SE_LOM-DC-Height_FractureSurfaces_0,FractureSurfaces,C103_SEM-SE_LOM-DC-Height_FractureSurfaces,core,ma_roma,direct,none,0,3184,3000,1094,1536,41,10000,2065,affine,"[0.0629176266917076, 1.941067115711332, 217.4231887913877, -1.92881269989782, 0.08085949644232254, 3212.4173779137486, 0.0, 0.0, 1.0]",19.674,17.115,1.65,ok,
eval_C103_SEM-SE_LOM-DC-Height_FractureSurfaces_0#1,eval_C103_SEM-SE_LOM-DC-Height_FractureSurfaces_0,FractureSurfaces,C103_SEM-SE_LOM-DC-Height_FractureSurfaces,core,ma_roma,pyramid_v2,none,0,3184,3000,1094,1536,41,10000,2065,affine@direct,"[0.0629176266917076, 1.941067115711332, 217.4231887913877, -1.92881269989782, 0.08085949644232254, 3212.4173779137486, 0.0, 0.0, 1.0]",19.674,17.115,1.73,ok,
eval_C103_SEM-SE_LOM-DC-Height_FractureSurfaces_0#1,eval_C103_SEM-SE_LOM-DC-Height_FractureSurfaces_0,FractureSurfaces,C103_SEM-SE_LOM-DC-Height_FractureSurfaces,transform,ma_roma,direct,invert,0,3184,3000,1094,1536,41,10000,2463,affine,"[0.11791820609415539, 1.887750459152653, 231.3362131477976, -1.9740165711588349, 0.0683430030950539, 3225.3597533895245, 0.0, 0.0, 1.0]",33.679,32.853,1.70,ok,
eval_C103_SEM-SE_LOM-DC-Height_FractureSurfaces_0#1,eval_C103_SEM-SE_LOM-DC-Height_FractureSurfaces_0,FractureSurfaces,C103_SEM-SE_LOM-DC-Height_FractureSurfaces,transform,ma_roma,direct,histmatch,0,3184,3000,1094,1536,41,10000,3028,homography,"[0.08451448116572925, 1.9382159562177548, 210.94397064647072, -1.9503757553728684, 0.08014491862201716, 3230.511018083406, -2.345335750999602e-06, 4.862826836323616e-06, 1.0]",13.838,10.817,1.72,ok,
eval_C103_SEM-SE_LOM-DC-Height_FractureSurfaces_0#1,eval_C103_SEM-SE_LOM-DC-Height_FractureSurfaces_0,FractureSurfaces,C103_SEM-SE_LOM-DC-Height_FractureSurfaces,transform,ma_roma,direct,clahe,0,3184,3000,1094,1536,41,10000,3625,affine,"[0.0778244105078155, 1.9269313205594352, 216.67301562935313, -1.9393834038612625, 0.08281218255256936, 3219.532985002469, 0.0, 0.0, 1.0]",16.613,13.560,1.68,ok,
eval_C103_SEM-SE_LOM-DC-Height_FractureSurfaces_0#1,eval_C103_SEM-SE_LOM-DC-Height_FractureSurfaces_0,FractureSurfaces,C103_SEM-SE_LOM-DC-Height_FractureSurfaces,transform,ma_roma,direct,gradmag,0,3184,3000,1094,1536,41,10000,711,affine,"[0.07524006913365311, 1.8492800208613167, 274.3998524727483, -1.9338637884614813, 0.12004910536898838, 3182.484421746255, 0.0, 0.0, 1.0]",13.248,10.772,1.80,ok,
eval_C103_SEM-SE_LOM-DC-Height_FractureSurfaces_0#1,eval_C103_SEM-SE_LOM-DC-Height_FractureSurfaces_0,FractureSurfaces,C103_SEM-SE_LOM-DC-Height_FractureSurfaces,control,ma_roma,direct,none,1,3184,3000,1094,1536,41,10000,2153,affine,"[0.0912297743005679, 1.9076203798291296, 219.8836292417568, -1.9434912136365883, 0.08524090121487628, 3222.7663846357045, 0.0, 0.0, 1.0]",16.232,13.864,1.64,ok,
eval_C103_SEM-SE_LOM-DC-Height_FractureSurfaces_0#1,eval_C103_SEM-SE_LOM-DC-Height_FractureSurfaces_0,FractureSurfaces,C103_SEM-SE_LOM-DC-Height_FractureSurfaces,control,ma_roma,direct,none,2,3184,3000,1094,1536,41,10000,2081,affine,"[0.09121710381598588, 1.9054538415369038, 222.09390936060663, -1.9407924843978703, 0.08770962413549367, 3218.4798512763427, 0.0, 0.0, 1.0]",15.899,14.070,1.62,ok,
eval_C103_SEM-SE_LOM-DC-Height_FractureSurfaces_0#1,eval_C103_SEM-SE_LOM-DC-Height_FractureSurfaces_0,FractureSurfaces,C103_SEM-SE_LOM-DC-Height_FractureSurfaces,control,ma_roma,direct,none,3,3184,3000,1094,1536,41,10000,2071,affine,"[0.06816318288856399, 1.9492149119544753, 212.13278202554488, -1.9237471997077584, 0.08284758176030498, 3206.262025184159, 0.0, 0.0, 1.0]",18.202,16.978,1.57,ok,
eval_C103_SEM-SE_LOM-DC-Height_FractureSurfaces_0#1,eval_C103_SEM-SE_LOM-DC-Height_FractureSurfaces_0,FractureSurfaces,C103_SEM-SE_LOM-DC-Height_FractureSurfaces,control,ma_roma,direct,none,4,3184,3000,1094,1536,41,10000,2093,affine,"[0.09201112258882767, 1.9051612106680498, 221.28491448978752, -1.942043231951501, 0.08480299085070964, 3222.165802777866, 0.0, 0.0, 1.0]",16.462,14.583,1.63,ok,
eval_C103_SEM-SE_LOM-DC-Height_FractureSurfaces_0#1,eval_C103_SEM-SE_LOM-DC-Height_FractureSurfaces_0,FractureSurfaces,C103_SEM-SE_LOM-DC-Height_FractureSurfaces,control,ma_roma,direct,none,5,3184,3000,1094,1536,41,10000,2060,affine,"[0.06085636281171789, 1.9461172388236267, 216.22508307730004, -1.9218503848239872, 0.08092186086464725, 3207.699726433626, 0.0, 0.0, 1.0]",21.014,17.720,1.56,ok,
eval_C103_SEM-SE_LOM-DC-Height_FractureSurfaces_1#0,eval_C103_SEM-SE_LOM-DC-Height_FractureSurfaces_1,FractureSurfaces,C103_SEM-SE_LOM-DC-Height_FractureSurfaces,core,ma_roma,direct,none,0,1094,1536,3746,3769,34,10000,5832,affine,"[-0.3038106018690051, -0.020632566829014716, 1297.8063815471266, 0.020339676866106843, -0.30416766858369326, 1080.8605574561843, 0.0, 0.0, 1.0]",6.039,4.653,1.61,ok,
eval_C103_SEM-SE_LOM-DC-Height_FractureSurfaces_1#0,eval_C103_SEM-SE_LOM-DC-Height_FractureSurfaces_1,FractureSurfaces,C103_SEM-SE_LOM-DC-Height_FractureSurfaces,core,ma_roma,pyramid_v2,none,0,1094,1536,3746,3769,34,10000,5832,affine@direct,"[-0.3038106018690051, -0.020632566829014716, 1297.8063815471266, 0.020339676866106843, -0.30416766858369326, 1080.8605574561843, 0.0, 0.0, 1.0]",6.039,4.653,1.77,ok,
eval_C103_SEM-SE_LOM-DC-Height_FractureSurfaces_1#0,eval_C103_SEM-SE_LOM-DC-Height_FractureSurfaces_1,FractureSurfaces,C103_SEM-SE_LOM-DC-Height_FractureSurfaces,transform,ma_roma,direct,invert,0,1094,1536,3746,3769,34,10000,7813,affine,"[-0.30412098479510086, -0.021037847252961407, 1299.9038442458818, 0.02123682915490344, -0.3035333984518027, 1079.7347523292, 0.0, 0.0, 1.0]",6.468,4.879,1.78,ok,
eval_C103_SEM-SE_LOM-DC-Height_FractureSurfaces_1#0,eval_C103_SEM-SE_LOM-DC-Height_FractureSurfaces_1,FractureSurfaces,C103_SEM-SE_LOM-DC-Height_FractureSurfaces,transform,ma_roma,direct,histmatch,0,1094,1536,3746,3769,34,10000,2533,homography,"[-0.3223080193081433, -0.005127131462188787, 1303.5514711534772, 0.01912815489670753, -0.30624175207711635, 1094.2193135975501, -8.78773922380459e-06, 1.4169357938954007e-05, 1.0]",6.981,6.234,3.75,ok,
eval_C103_SEM-SE_LOM-DC-Height_FractureSurfaces_1#0,eval_C103_SEM-SE_LOM-DC-Height_FractureSurfaces_1,FractureSurfaces,C103_SEM-SE_LOM-DC-Height_FractureSurfaces,transform,ma_roma,direct,clahe,0,1094,1536,3746,3769,34,10000,7792,affine,"[-0.30570509894325976, -0.02085836432203979, 1300.6048524842668, 0.02016902196772322, -0.30424555202258413, 1081.7362766587632, 0.0, 0.0, 1.0]",6.142,5.018,1.89,ok,
eval_C103_SEM-SE_LOM-DC-Height_FractureSurfaces_1#0,eval_C103_SEM-SE_LOM-DC-Height_FractureSurfaces_1,FractureSurfaces,C103_SEM-SE_LOM-DC-Height_FractureSurfaces,transform,ma_roma,direct,gradmag,0,1094,1536,3746,3769,34,10000,742,affine,"[-0.28985545969265547, 0.004068708264593448, 1187.112088380772, 0.020842983944895793, -0.28380069915063405, 1018.9395002421884, 0.0, 0.0, 1.0]",46.651,43.491,2.15,ok,
eval_C103_SEM-SE_LOM-DC-Height_FractureSurfaces_1#0,eval_C103_SEM-SE_LOM-DC-Height_FractureSurfaces_1,FractureSurfaces,C103_SEM-SE_LOM-DC-Height_FractureSurfaces,control,ma_roma,direct,none,1,1094,1536,3746,3769,34,10000,5836,affine,"[-0.3044712847664494, -0.02110011185970767, 1299.718031183911, 0.020439828045332443, -0.3039227604493888, 1080.1225277120934, 0.0, 0.0, 1.0]",6.045,4.579,1.74,ok,
eval_C103_SEM-SE_LOM-DC-Height_FractureSurfaces_1#0,eval_C103_SEM-SE_LOM-DC-Height_FractureSurfaces_1,FractureSurfaces,C103_SEM-SE_LOM-DC-Height_FractureSurfaces,control,ma_roma,direct,none,2,1094,1536,3746,3769,34,10000,5861,homography,"[-0.3035013413981658, -0.022970601028512234, 1293.498664690583, 0.01834487459705354, -0.30252191545044604, 1075.351123748636, -3.1530977482830926e-06, -3.11317212541955e-06, 1.0]",6.296,5.033,1.82,ok,
eval_C103_SEM-SE_LOM-DC-Height_FractureSurfaces_1#0,eval_C103_SEM-SE_LOM-DC-Height_FractureSurfaces_1,FractureSurfaces,C103_SEM-SE_LOM-DC-Height_FractureSurfaces,control,ma_roma,direct,none,3,1094,1536,3746,3769,34,10000,5783,affine,"[-0.30393631224377216, -0.01991271409080968, 1296.625084970806, 0.021042493672814293, -0.3045661965080855, 1080.7866232358406, 0.0, 0.0, 1.0]",6.252,4.732,2.08,ok,
eval_C103_SEM-SE_LOM-DC-Height_FractureSurfaces_1#0,eval_C103_SEM-SE_LOM-DC-Height_FractureSurfaces_1,FractureSurfaces,C103_SEM-SE_LOM-DC-Height_FractureSurfaces,control,ma_roma,direct,none,4,1094,1536,3746,3769,34,10000,5807,homography,"[-0.30279526241804716, -0.022337717704700617, 1294.4325434136706, 0.0197627652205353, -0.30369679884718936, 1077.564678606675, -1.5567007022920107e-06, -2.430483312454629e-06, 1.0]",6.224,4.848,1.68,ok,
eval_C103_SEM-SE_LOM-DC-Height_FractureSurfaces_1#0,eval_C103_SEM-SE_LOM-DC-Height_FractureSurfaces_1,FractureSurfaces,C103_SEM-SE_LOM-DC-Height_FractureSurfaces,control,ma_roma,direct,none,5,1094,1536,3746,3769,34,10000,5835,homography,"[-0.30435076718557585, -0.021369607601279258, 1299.100119722037, 0.020441550004891496, -0.30384388158691966, 1079.340443543622, -3.2242957383444953e-07, -3.8112114031129093e-07, 0.9999999999999999]",6.055,4.513,1.71,ok,
eval_C103_SEM-SE_LOM-DC-Height_FractureSurfaces_1#1,eval_C103_SEM-SE_LOM-DC-Height_FractureSurfaces_1,FractureSurfaces,C103_SEM-SE_LOM-DC-Height_FractureSurfaces,core,ma_roma,direct,none,0,1094,1536,3746,3769,34,10000,3534,affine,"[-0.3029400945691575, -0.02628636792881905, 1313.0855089228883, 0.021337271032766968, -0.2991856511103688, 1073.858970030941, 0.0, 0.0, 1.0]",10.734,9.800,1.79,ok,
eval_C103_SEM-SE_LOM-DC-Height_FractureSurfaces_1#1,eval_C103_SEM-SE_LOM-DC-Height_FractureSurfaces_1,FractureSurfaces,C103_SEM-SE_LOM-DC-Height_FractureSurfaces,core,ma_roma,pyramid_v2,none,0,1094,1536,3746,3769,34,10000,3534,affine@direct,"[-0.3029400945691575, -0.02628636792881905, 1313.0855089228883, 0.021337271032766968, -0.2991856511103688, 1073.858970030941, 0.0, 0.0, 1.0]",10.734,9.800,1.86,ok,
eval_C103_SEM-SE_LOM-DC-Height_FractureSurfaces_1#1,eval_C103_SEM-SE_LOM-DC-Height_FractureSurfaces_1,FractureSurfaces,C103_SEM-SE_LOM-DC-Height_FractureSurfaces,transform,ma_roma,direct,invert,0,1094,1536,3746,3769,34,10000,971,affine,"[-0.2894576870501895, -0.017176724323520635, 1284.3990168149876, 0.04355658386775623, -0.23039564469465998, 888.0067866525483, 0.0, 0.0, 1.0]",45.639,40.821,1.81,ok,
eval_C103_SEM-SE_LOM-DC-Height_FractureSurfaces_1#1,eval_C103_SEM-SE_LOM-DC-Height_FractureSurfaces_1,FractureSurfaces,C103_SEM-SE_LOM-DC-Height_FractureSurfaces,transform,ma_roma,direct,histmatch,0,1094,1536,3746,3769,34,10000,2409,affine,"[-0.30682167744480054, -0.023646458631002603, 1320.7270844299237, 0.02150096197334438, -0.3004230928954542, 1076.4372564998012, 0.0, 0.0, 1.0]",18.284,16.766,3.14,ok,
eval_C103_SEM-SE_LOM-DC-Height_FractureSurfaces_1#1,eval_C103_SEM-SE_LOM-DC-Height_FractureSurfaces_1,FractureSurfaces,C103_SEM-SE_LOM-DC-Height_FractureSurfaces,transform,ma_roma,direct,clahe,0,1094,1536,3746,3769,34,10000,220,homography,"[1.2946719058977796, 0.7859290811518234, -1839.5123379203253, -0.5309156100855877, 0.22490168946998934, 1629.3396621187637, 0.0008493548391882052, -0.00010071671153527043, 1.0]",723.650,770.792,2.14,ok,
eval_C103_SEM-SE_LOM-DC-Height_FractureSurfaces_1#1,eval_C103_SEM-SE_LOM-DC-Height_FractureSurfaces_1,FractureSurfaces,C103_SEM-SE_LOM-DC-Height_FractureSurfaces,transform,ma_roma,direct,gradmag,0,1094,1536,3746,3769,34,10000,2433,affine,"[-0.3044448783772484, -0.024808121435947537, 1307.72437378012, 0.01965292798710763, -0.30585275406918466, 1086.8080886246998, 0.0, 0.0, 1.0]",6.198,4.992,2.32,ok,
eval_C103_SEM-SE_LOM-DC-Height_FractureSurfaces_1#1,eval_C103_SEM-SE_LOM-DC-Height_FractureSurfaces_1,FractureSurfaces,C103_SEM-SE_LOM-DC-Height_FractureSurfaces,control,ma_roma,direct,none,1,1094,1536,3746,3769,34,10000,3805,affine,"[-0.3024925819098395, -0.025670208062243124, 1310.6918169405947, 0.02031479154514847, -0.30294244505486667, 1081.11008891137, 0.0, 0.0, 1.0]",8.870,7.959,1.67,ok,
eval_C103_SEM-SE_LOM-DC-Height_FractureSurfaces_1#1,eval_C103_SEM-SE_LOM-DC-Height_FractureSurfaces_1,FractureSurfaces,C103_SEM-SE_LOM-DC-Height_FractureSurfaces,control,ma_roma,direct,none,2,1094,1536,3746,3769,34,10000,4129,affine,"[-0.30467031336140005, -0.023597451190882083, 1311.729326122917, 0.021323541927300408, -0.3072480297404631, 1086.1650474556213, 0.0, 0.0, 1.0]",10.799,9.305,1.58,ok,
eval_C103_SEM-SE_LOM-DC-Height_FractureSurfaces_1#1,eval_C103_SEM-SE_LOM-DC-Height_FractureSurfaces_1,FractureSurfaces,C103_SEM-SE_LOM-DC-Height_FractureSurfaces,control,ma_roma,direct,none,3,1094,1536,3746,3769,34,10000,4196,affine,"[-0.30273288495866163, -0.02344158979714666, 1307.231251063864, 0.022765838083844584, -0.3042254163880154, 1077.024329405456, 0.0, 0.0, 1.0]",8.854,7.718,1.63,ok,
eval_C103_SEM-SE_LOM-DC-Height_FractureSurfaces_1#1,eval_C103_SEM-SE_LOM-DC-Height_FractureSurfaces_1,FractureSurfaces,C103_SEM-SE_LOM-DC-Height_FractureSurfaces,control,ma_roma,direct,none,4,1094,1536,3746,3769,34,10000,4198,affine,"[-0.30367385467238295, -0.02565496565056019, 1312.5992328831737, 0.022768713085807753, -0.3023814744609709, 1074.496309234696, 0.0, 0.0, 1.0]",8.874,7.809,1.64,ok,
eval_C103_SEM-SE_LOM-DC-Height_FractureSurfaces_1#1,eval_C103_SEM-SE_LOM-DC-Height_FractureSurfaces_1,FractureSurfaces,C103_SEM-SE_LOM-DC-Height_FractureSurfaces,control,ma_roma,direct,none,5,1094,1536,3746,3769,34,10000,4153,affine,"[-0.3033707737348958, -0.023374842565178536, 1308.7343054281687, 0.021164766666187478, -0.30607130915961006, 1083.9531047006126, 0.0, 0.0, 1.0]",9.625,8.102,1.61,ok,
eval_C103_SEM-SE_LOM-DC-Height_FractureSurfaces_2#0,eval_C103_SEM-SE_LOM-DC-Height_FractureSurfaces_2,FractureSurfaces,C103_SEM-SE_LOM-DC-Height_FractureSurfaces,core,ma_roma,direct,none,0,2188,3072,3388,3000,58,10000,5394,affine,"[-0.07798278096767426, 0.8682089176189196, 302.3833506774847, -0.8707146329113558, -0.08130445055949244, 2180.320604231039, 0.0, 0.0, 1.0]",7.968,7.500,1.79,ok,
eval_C103_SEM-SE_LOM-DC-Height_FractureSurfaces_2#0,eval_C103_SEM-SE_LOM-DC-Height_FractureSurfaces_2,FractureSurfaces,C103_SEM-SE_LOM-DC-Height_FractureSurfaces,core,ma_roma,pyramid_v2,none,0,2188,3072,3388,3000,58,10000,5394,affine@direct,"[-0.07798278096767426, 0.8682089176189196, 302.3833506774847, -0.8707146329113558, -0.08130445055949244, 2180.320604231039, 0.0, 0.0, 1.0]",7.968,7.500,1.75,ok,
eval_C103_SEM-SE_LOM-DC-Height_FractureSurfaces_2#0,eval_C103_SEM-SE_LOM-DC-Height_FractureSurfaces_2,FractureSurfaces,C103_SEM-SE_LOM-DC-Height_FractureSurfaces,transform,ma_roma,direct,invert,0,2188,3072,3388,3000,58,10000,7758,affine,"[-0.07995824579365214, 0.8664155827536488, 306.7769978077463, -0.8715274200466236, -0.08239082254706384, 2183.6506419773054, 0.0, 0.0, 1.0]",8.092,7.727,1.85,ok,
eval_C103_SEM-SE_LOM-DC-Height_FractureSurfaces_2#0,eval_C103_SEM-SE_LOM-DC-Height_FractureSurfaces_2,FractureSurfaces,C103_SEM-SE_LOM-DC-Height_FractureSurfaces,transform,ma_roma,direct,histmatch,0,2188,3072,3388,3000,58,10000,5854,affine,"[-0.0778309735644101, 0.8674378496341397, 303.6170700159839, -0.8708012844492642, -0.08105502416734871, 2180.0866999933623, 0.0, 0.0, 1.0]",7.895,7.446,4.29,ok,
eval_C103_SEM-SE_LOM-DC-Height_FractureSurfaces_2#0,eval_C103_SEM-SE_LOM-DC-Height_FractureSurfaces_2,FractureSurfaces,C103_SEM-SE_LOM-DC-Height_FractureSurfaces,transform,ma_roma,direct,clahe,0,2188,3072,3388,3000,58,10000,6027,homography,"[-0.08392107401887956, 0.8691986980088089, 309.14233099801874, -0.8737541955522866, -0.07846827599531493, 2181.0058704452504, -2.643523644385685e-06, 2.202866133812645e-06, 0.9999999999999999]",7.351,6.656,1.90,ok,
eval_C103_SEM-SE_LOM-DC-Height_FractureSurfaces_2#0,eval_C103_SEM-SE_LOM-DC-Height_FractureSurfaces_2,FractureSurfaces,C103_SEM-SE_LOM-DC-Height_FractureSurfaces,transform,ma_roma,direct,gradmag,0,2188,3072,3388,3000,58,10000,3240,homography,"[-0.08699403472560628, 0.8708943926704429, 323.1505065929667, -0.8795160887109441, -0.07692420331336819, 2192.8446534707573, 8.835283814586607e-07, 1.624503397931397e-06, 1.0]",15.835,16.677,2.12,ok,
eval_C103_SEM-SE_LOM-DC-Height_FractureSurfaces_2#0,eval_C103_SEM-SE_LOM-DC-Height_FractureSurfaces_2,FractureSurfaces,C103_SEM-SE_LOM-DC-Height_FractureSurfaces,control,ma_roma,direct,none,1,2188,3072,3388,3000,58,10000,5451,homography,"[-0.08280806958543098, 0.8631080998799838, 309.48143125768195, -0.8699543367620172, -0.08025752302024054, 2174.543714038217, -3.0908329778705226e-06, -3.9969322562910773e-07, 1.0]",7.833,7.398,1.71,ok,
eval_C103_SEM-SE_LOM-DC-Height_FractureSurfaces_2#0,eval_C103_SEM-SE_LOM-DC-Height_FractureSurfaces_2,FractureSurfaces,C103_SEM-SE_LOM-DC-Height_FractureSurfaces,control,ma_roma,direct,none,2,2188,3072,3388,3000,58,10000,5478,affine,"[-0.07781264709481187, 0.8679775165537009, 302.56706747755925, -0.8709587797442878, -0.08126407312404907, 2180.843479641165, 0.0, 0.0, 1.0]",8.138,7.656,1.75,ok,
eval_C103_SEM-SE_LOM-DC-Height_FractureSurfaces_2#0,eval_C103_SEM-SE_LOM-DC-Height_FractureSurfaces_2,FractureSurfaces,C103_SEM-SE_LOM-DC-Height_FractureSurfaces,control,ma_roma,direct,none,3,2188,3072,3388,3000,58,10000,5500,homography,"[-0.08248065091138661, 0.8625583109552969, 308.8828385431297, -0.8692237860866332, -0.08086753046560721, 2174.001880802397, -3.031758732467117e-06, -8.185942203922952e-07, 1.0]",7.932,7.401,1.93,ok,
eval_C103_SEM-SE_LOM-DC-Height_FractureSurfaces_2#0,eval_C103_SEM-SE_LOM-DC-Height_FractureSurfaces_2,FractureSurfaces,C103_SEM-SE_LOM-DC-Height_FractureSurfaces,control,ma_roma,direct,none,4,2188,3072,3388,3000,58,10000,5499,homography,"[-0.08284440416727572, 0.8633741913026062, 309.27971865359564, -0.870140693979733, -0.08018982901784456, 2174.7813110477928, -3.161507875540477e-06, -2.7015014965363757e-07, 1.0]",7.874,7.408,2.21,ok,
eval_C103_SEM-SE_LOM-DC-Height_FractureSurfaces_2#0,eval_C103_SEM-SE_LOM-DC-Height_FractureSurfaces_2,FractureSurfaces,C103_SEM-SE_LOM-DC-Height_FractureSurfaces,control,ma_roma,direct,none,5,2188,3072,3388,3000,58,10000,5411,affine,"[-0.07768542436215303, 0.8680789758552252, 302.1911541063996, -0.8710256848524273, -0.08118107266210697, 2180.830040973261, 0.0, 0.0, 1.0]",8.250,7.736,1.90,ok,
eval_C103_SEM-SE_LOM-DC-Height_FractureSurfaces_2#1,eval_C103_SEM-SE_LOM-DC-Height_FractureSurfaces_2,FractureSurfaces,C103_SEM-SE_LOM-DC-Height_FractureSurfaces,core,ma_roma,direct,none,0,2188,3072,3388,3000,58,10000,4999,affine,"[-0.08018856021695056, 0.868218021990043, 305.7400104189496, -0.8710201409744545, -0.08170435124783462, 2188.2889888529035, 0.0, 0.0, 1.0]",11.813,10.566,1.95,ok,
eval_C103_SEM-SE_LOM-DC-Height_FractureSurfaces_2#1,eval_C103_SEM-SE_LOM-DC-Height_FractureSurfaces_2,FractureSurfaces,C103_SEM-SE_LOM-DC-Height_FractureSurfaces,core,ma_roma,pyramid_v2,none,0,2188,3072,3388,3000,58,10000,4999,affine@direct,"[-0.08018856021695056, 0.868218021990043, 305.7400104189496, -0.8710201409744545, -0.08170435124783462, 2188.2889888529035, 0.0, 0.0, 1.0]",11.813,10.566,1.89,ok,
eval_C103_SEM-SE_LOM-DC-Height_FractureSurfaces_2#1,eval_C103_SEM-SE_LOM-DC-Height_FractureSurfaces_2,FractureSurfaces,C103_SEM-SE_LOM-DC-Height_FractureSurfaces,transform,ma_roma,direct,invert,0,2188,3072,3388,3000,58,10000,4877,affine,"[-0.07842677973930855, 0.8672018828572368, 302.3249576310004, -0.8663509187180582, -0.08369222003316519, 2179.9189731449333, 0.0, 0.0, 1.0]",8.999,8.077,1.96,ok,
eval_C103_SEM-SE_LOM-DC-Height_FractureSurfaces_2#1,eval_C103_SEM-SE_LOM-DC-Height_FractureSurfaces_2,FractureSurfaces,C103_SEM-SE_LOM-DC-Height_FractureSurfaces,transform,ma_roma,direct,histmatch,0,2188,3072,3388,3000,58,10000,4044,homography,"[-0.08193838108673197, 0.8667997655789883, 308.4453059331989, -0.8631815597193216, -0.07363592730003572, 2166.0919782223136, -9.402234656764373e-07, 3.3782240001887387e-07, 1.0]",8.953,8.109,4.32,ok,
eval_C103_SEM-SE_LOM-DC-Height_FractureSurfaces_2#1,eval_C103_SEM-SE_LOM-DC-Height_FractureSurfaces_2,FractureSurfaces,C103_SEM-SE_LOM-DC-Height_FractureSurfaces,transform,ma_roma,direct,clahe,0,2188,3072,3388,3000,58,10000,4158,affine,"[-0.07994383355081217, 0.8688464890992066, 301.6175568826661, -0.8601171089038899, -0.0840515162837642, 2183.2582046826788, 0.0, 0.0, 1.0]",11.965,12.010,2.07,ok,
eval_C103_SEM-SE_LOM-DC-Height_FractureSurfaces_2#1,eval_C103_SEM-SE_LOM-DC-Height_FractureSurfaces_2,FractureSurfaces,C103_SEM-SE_LOM-DC-Height_FractureSurfaces,transform,ma_roma,direct,gradmag,0,2188,3072,3388,3000,58,10000,6665,homography,"[-0.08164298112922201, 0.8768138831009391, 299.7745216432904, -0.8724968478338663, -0.07902370513486379, 2186.5103261686354, -8.279655658261681e-07, 3.216525360599217e-06, 1.0]",8.398,8.086,2.18,ok,
eval_C103_SEM-SE_LOM-DC-Height_FractureSurfaces_2#1,eval_C103_SEM-SE_LOM-DC-Height_FractureSurfaces_2,FractureSurfaces,C103_SEM-SE_LOM-DC-Height_FractureSurfaces,control,ma_roma,direct,none,1,2188,3072,3388,3000,58,10000,4877,homography,"[-0.09027994520792612, 0.857710323190085, 317.2433413284428, -0.8680994196323364, -0.08227486984838372, 2177.8632911296627, -7.782833813256383e-06, -5.487505389538824e-07, 1.0]",11.810,11.290,1.84,ok,
eval_C103_SEM-SE_LOM-DC-Height_FractureSurfaces_2#1,eval_C103_SEM-SE_LOM-DC-Height_FractureSurfaces_2,FractureSurfaces,C103_SEM-SE_LOM-DC-Height_FractureSurfaces,control,ma_roma,direct,none,2,2188,3072,3388,3000,58,10000,4652,affine,"[-0.07986958530791276, 0.8675912232138253, 307.384033870223, -0.8705140648411487, -0.08112001175093672, 2186.614197615122, 0.0, 0.0, 1.0]",11.244,9.764,1.78,ok,
eval_C103_SEM-SE_LOM-DC-Height_FractureSurfaces_2#1,eval_C103_SEM-SE_LOM-DC-Height_FractureSurfaces_2,FractureSurfaces,C103_SEM-SE_LOM-DC-Height_FractureSurfaces,control,ma_roma,direct,none,3,2188,3072,3388,3000,58,10000,4684,affine,"[-0.08082199631119971, 0.8670274333907785, 308.8423839213556, -0.8682292467653285, -0.08052360160961783, 2181.7323512727435, 0.0, 0.0, 1.0]",9.245,8.039,1.61,ok,
eval_C103_SEM-SE_LOM-DC-Height_FractureSurfaces_2#1,eval_C103_SEM-SE_LOM-DC-Height_FractureSurfaces_2,FractureSurfaces,C103_SEM-SE_LOM-DC-Height_FractureSurfaces,control,ma_roma,direct,none,4,2188,3072,3388,3000,58,10000,4671,homography,"[-0.08609585263811885, 0.8543489791892581, 319.41365981482, -0.8671782670450986, -0.08313965246352158, 2178.8894610211164, -6.233896713416955e-06, -1.1860998164612858e-06, 1.0]",12.245,11.291,1.66,ok,
eval_C103_SEM-SE_LOM-DC-Height_FractureSurfaces_2#1,eval_C103_SEM-SE_LOM-DC-Height_FractureSurfaces_2,FractureSurfaces,C103_SEM-SE_LOM-DC-Height_FractureSurfaces,control,ma_roma,direct,none,5,2188,3072,3388,3000,58,10000,4804,affine,"[-0.07942963348583389, 0.8695669289359941, 301.9814611525078, -0.8713609854140807, -0.0816951759107721, 2188.7605724565874, 0.0, 0.0, 1.0]",12.430,11.715,1.62,ok,
eval_CoNi-AM67_OM-SEM_Multiscale_0#0,eval_CoNi-AM67_OM-SEM_Multiscale_0,Multiscale,CoNi-AM67_OM-SEM_Multiscale,core,ma_roma,direct,none,0,2048,3072,1379,1729,14,10000,8743,affine,"[1.067181219341011, -0.007513254786375311, 463.07585826166553, 0.019554746463149898, 1.0735122506052108, 181.56684013086453, 0.0, 0.0, 1.0]",13.600,12.093,1.75,ok,
eval_CoNi-AM67_OM-SEM_Multiscale_0#0,eval_CoNi-AM67_OM-SEM_Multiscale_0,Multiscale,CoNi-AM67_OM-SEM_Multiscale,core,ma_roma,pyramid_v2,none,0,2048,3072,1379,1729,14,10000,8743,affine@direct,"[1.067181219341011, -0.007513254786375311, 463.07585826166553, 0.019554746463149898, 1.0735122506052108, 181.56684013086453, 0.0, 0.0, 1.0]",13.600,12.093,1.83,ok,
eval_CoNi-AM67_OM-SEM_Multiscale_0#0,eval_CoNi-AM67_OM-SEM_Multiscale_0,Multiscale,CoNi-AM67_OM-SEM_Multiscale,transform,ma_roma,direct,invert,0,2048,3072,1379,1729,14,10000,3923,homography,"[1.075177320722825, -0.007963128384461457, 463.2653880487913, 0.02409768011294566, 1.0783641681956064, 184.37233242946195, 4.695339981830613e-06, -9.41439355702756e-07, 1.0]",16.338,14.715,1.97,ok,
eval_CoNi-AM67_OM-SEM_Multiscale_0#0,eval_CoNi-AM67_OM-SEM_Multiscale_0,Multiscale,CoNi-AM67_OM-SEM_Multiscale,transform,ma_roma,direct,histmatch,0,2048,3072,1379,1729,14,10000,6605,homography,"[1.0669087510875506, -0.014484394310078159, 464.5742878130066, 0.020870676239011482, 1.0649104616285847, 183.168155871255, 1.4501044494650698e-06, -5.4750480801862626e-06, 1.0]",13.821,12.794,2.14,ok,
eval_CoNi-AM67_OM-SEM_Multiscale_0#0,eval_CoNi-AM67_OM-SEM_Multiscale_0,Multiscale,CoNi-AM67_OM-SEM_Multiscale,transform,ma_roma,direct,clahe,0,2048,3072,1379,1729,14,10000,8409,homography,"[1.0634412024170454, -0.011828600717227942, 465.70530138596257, 0.019049164042216196, 1.0696626581073714, 182.46386864976276, -6.312849498356491e-07, -2.4823516067765206e-06, 1.0]",13.583,12.263,1.79,ok,
eval_CoNi-AM67_OM-SEM_Multiscale_0#0,eval_CoNi-AM67_OM-SEM_Multiscale_0,Multiscale,CoNi-AM67_OM-SEM_Multiscale,transform,ma_roma,direct,gradmag,0,2048,3072,1379,1729,14,10000,186,affine,"[0.955985283959153, 0.37367089487257016, 38.301547601151356, -0.08375919865127586, 0.9475467360150901, 346.5187829461256, 0.0, 0.0, 1.0]",265.141,249.553,1.90,ok,
eval_CoNi-AM67_OM-SEM_Multiscale_0#0,eval_CoNi-AM67_OM-SEM_Multiscale_0,Multiscale,CoNi-AM67_OM-SEM_Multiscale,control,ma_roma,direct,none,1,2048,3072,1379,1729,14,10000,8685,affine,"[1.0671770676848504, -0.007337579786647256, 462.94721230931066, 0.019608453801788713, 1.073475996840689, 181.56977197817798, 0.0, 0.0, 1.0]",13.609,12.174,1.85,ok,
eval_CoNi-AM67_OM-SEM_Multiscale_0#0,eval_CoNi-AM67_OM-SEM_Multiscale_0,Multiscale,CoNi-AM67_OM-SEM_Multiscale,control,ma_roma,direct,none,2,2048,3072,1379,1729,14,10000,8768,affine,"[1.0671896442023312, -0.007507712014431569, 463.090124482243, 0.019529524219628554, 1.0736564582348118, 181.51125611972896, 0.0, 0.0, 1.0]",13.624,12.072,1.80,ok,
eval_CoNi-AM67_OM-SEM_Multiscale_0#0,eval_CoNi-AM67_OM-SEM_Multiscale_0,Multiscale,CoNi-AM67_OM-SEM_Multiscale,control,ma_roma,direct,none,3,2048,3072,1379,1729,14,10000,8736,affine,"[1.0671585147248208, -0.0074647818491402704, 463.05443586483045, 0.019572539596126187, 1.073627202862781, 181.52228224585815, 0.0, 0.0, 1.0]",13.617,12.108,1.81,ok,
eval_CoNi-AM67_OM-SEM_Multiscale_0#0,eval_CoNi-AM67_OM-SEM_Multiscale_0,Multiscale,CoNi-AM67_OM-SEM_Multiscale,control,ma_roma,direct,none,4,2048,3072,1379,1729,14,10000,8688,affine,"[1.0672073099593349, -0.007555924349672052, 463.074111715967, 0.01952769352064332, 1.0735465851551815, 181.57347493154396, 0.0, 0.0, 1.0]",13.596,12.064,1.80,ok,
eval_CoNi-AM67_OM-SEM_Multiscale_0#0,eval_CoNi-AM67_OM-SEM_Multiscale_0,Multiscale,CoNi-AM67_OM-SEM_Multiscale,control,ma_roma,direct,none,5,2048,3072,1379,1729,14,10000,8744,affine,"[1.067241764417197, -0.007531496422994401, 463.00540545294666, 0.019530831487748028, 1.0735395771646836, 181.60807116250487, 0.0, 0.0, 1.0]",13.588,12.075,1.77,ok,
eval_CoNi-AM67_OM-SEM_Multiscale_0#1,eval_CoNi-AM67_OM-SEM_Multiscale_0,Multiscale,CoNi-AM67_OM-SEM_Multiscale,core,ma_roma,direct,none,0,2048,3072,1379,1729,14,10000,383,affine,"[1.0882190815094375, -0.029129587857866564, 484.42266851006207, 0.06688801039390568, 1.0807768178715675, 159.80266591839086, 0.0, 0.0, 1.0]",41.683,42.698,1.84,ok,
eval_CoNi-AM67_OM-SEM_Multiscale_0#1,eval_CoNi-AM67_OM-SEM_Multiscale_0,Multiscale,CoNi-AM67_OM-SEM_Multiscale,core,ma_roma,pyramid_v2,none,0,2048,3072,1379,1729,14,10000,383,affine@direct,"[1.0882190815094375, -0.029129587857866564, 484.42266851006207, 0.06688801039390568, 1.0807768178715675, 159.80266591839086, 0.0, 0.0, 1.0]",41.683,42.698,1.91,ok,
eval_CoNi-AM67_OM-SEM_Multiscale_0#1,eval_CoNi-AM67_OM-SEM_Multiscale_0,Multiscale,CoNi-AM67_OM-SEM_Multiscale,transform,ma_roma,direct,invert,0,2048,3072,1379,1729,14,10000,337,affine,"[1.052807020638339, -0.0033904707365409025, 457.46890385410836, 0.018030230941796625, 1.0596086830386127, 202.53894182012277, 0.0, 0.0, 1.0]",19.204,15.733,1.92,ok,
eval_CoNi-AM67_OM-SEM_Multiscale_0#1,eval_CoNi-AM67_OM-SEM_Multiscale_0,Multiscale,CoNi-AM67_OM-SEM_Multiscale,transform,ma_roma,direct,histmatch,0,2048,3072,1379,1729,14,10000,93,affine,"[1.2982279110456427, 0.3053771344282638, -1281.8414088473075, -0.20771931317316128, 0.822562588576557, 586.3359059564868, 0.0, 0.0, 1.0]",1350.577,1337.405,1.94,ok,
eval_CoNi-AM67_OM-SEM_Multiscale_0#1,eval_CoNi-AM67_OM-SEM_Multiscale_0,Multiscale,CoNi-AM67_OM-SEM_Multiscale,transform,ma_roma,direct,clahe,0,2048,3072,1379,1729,14,10000,66,homography,"[3.9481361290686516, -1.158167926532365, 1864.1676112843766, 0.14089065113574362, 0.27395920415184966, 488.9682267153704, 0.0013384316637240355, -0.0007050393650267626, 1.0]",1432.978,1492.378,1.63,ok,
eval_CoNi-AM67_OM-SEM_Multiscale_0#1,eval_CoNi-AM67_OM-SEM_Multiscale_0,Multiscale,CoNi-AM67_OM-SEM_Multiscale,transform,ma_roma,direct,gradmag,0,2048,3072,1379,1729,14,10000,361,affine,"[1.1828161500721108, -0.11866851618006856, 561.8203468647229, 0.16362810132692762, 1.252997683912125, -50.13932783602104, 0.0, 0.0, 1.0]",153.758,164.709,1.91,ok,
eval_CoNi-AM67_OM-SEM_Multiscale_0#1,eval_CoNi-AM67_OM-SEM_Multiscale_0,Multiscale,CoNi-AM67_OM-SEM_Multiscale,control,ma_roma,direct,none,1,2048,3072,1379,1729,14,10000,285,affine,"[1.0702820264353003, -0.02104485299710468, 480.67073822008933, -0.07458965956424453, 1.0943397220701412, 175.07828890485507, 0.0, 0.0, 1.0]",75.778,73.235,1.83,ok,
eval_CoNi-AM67_OM-SEM_Multiscale_0#1,eval_CoNi-AM67_OM-SEM_Multiscale_0,Multiscale,CoNi-AM67_OM-SEM_Multiscale,control,ma_roma,direct,none,2,2048,3072,1379,1729,14,10000,306,affine,"[1.0826396817011912, -0.018236267608706582, 473.0600609554671, -0.06455797936709123, 1.0807256068917614, 186.1918602493406, 0.0, 0.0, 1.0]",66.441,65.575,1.78,ok,
eval_CoNi-AM67_OM-SEM_Multiscale_0#1,eval_CoNi-AM67_OM-SEM_Multiscale_0,Multiscale,CoNi-AM67_OM-SEM_Multiscale,control,ma_roma,direct,none,3,2048,3072,1379,1729,14,10000,380,affine,"[1.0858309810025575, -0.015893323648048192, 470.9097872895893, 0.0393158979348173, 1.0678368655065527, 178.69272244542776, 0.0, 0.0, 1.0]",28.248,29.652,1.82,ok,
eval_CoNi-AM67_OM-SEM_Multiscale_0#1,eval_CoNi-AM67_OM-SEM_Multiscale_0,Multiscale,CoNi-AM67_OM-SEM_Multiscale,control,ma_roma,direct,none,4,2048,3072,1379,1729,14,10000,440,affine,"[1.0892966545416538, -0.025496428987210964, 480.54057094669065, 0.026970986356428063, 1.0837640771112618, 162.32453368289862, 0.0, 0.0, 1.0]",33.160,34.525,1.69,ok,
eval_CoNi-AM67_OM-SEM_Multiscale_0#1,eval_CoNi-AM67_OM-SEM_Multiscale_0,Multiscale,CoNi-AM67_OM-SEM_Multiscale,control,ma_roma,direct,none,5,2048,3072,1379,1729,14,10000,437,affine,"[1.0988362518914236, -0.028499777401028773, 481.34531896208, 0.03239316929316785, 1.0881647277987185, 155.88297929427404, 0.0, 0.0, 1.0]",39.808,41.066,1.71,ok,
eval_CoNi-AM67_OM-SEM_Multiscale_0#2,eval_CoNi-AM67_OM-SEM_Multiscale_0,Multiscale,CoNi-AM67_OM-SEM_Multiscale,core,ma_roma,direct,none,0,1373,1723,1379,1729,11,10000,264,affine,"[0.16294815375346144, -0.19713347869841258, 479.6365853339579, 0.21397451959226227, 0.19571833078366688, 30.814123874260645, 0.0, 0.0, 1.0]",626.734,609.974,1.76,ok,
eval_CoNi-AM67_OM-SEM_Multiscale_0#2,eval_CoNi-AM67_OM-SEM_Multiscale_0,Multiscale,CoNi-AM67_OM-SEM_Multiscale,core,ma_roma,pyramid_v2,none,0,1373,1723,1379,1729,11,10000,120,affine@direct+zoom,"[-0.052728930393725275, 0.025109655535394612, 196.4616379212221, -0.044473642962591216, -0.07178034442796039, 274.6499898118843, 0.0, 0.0, 1.0]",928.178,928.301,5.66,ok,
eval_CoNi-AM67_OM-SEM_Multiscale_0#2,eval_CoNi-AM67_OM-SEM_Multiscale_0,Multiscale,CoNi-AM67_OM-SEM_Multiscale,transform,ma_roma,direct,invert,0,1373,1723,1379,1729,11,10000,205,affine,"[0.8278015336949162, -0.06588827150624416, 287.02090241513747, -0.15445736039799188, 0.7100952559960022, 296.1584547395296, 0.0, 0.0, 1.0]",406.257,506.494,1.75,ok,
eval_CoNi-AM67_OM-SEM_Multiscale_0#2,eval_CoNi-AM67_OM-SEM_Multiscale_0,Multiscale,CoNi-AM67_OM-SEM_Multiscale,transform,ma_roma,direct,histmatch,0,1373,1723,1379,1729,11,10000,470,affine,"[0.488643516520967, -0.12096425184053167, 346.37588264365195, 0.04084273277519638, 0.2977466874094387, -67.4105195570479, 0.0, 0.0, 1.0]",658.217,648.048,1.89,ok,
eval_CoNi-AM67_OM-SEM_Multiscale_0#2,eval_CoNi-AM67_OM-SEM_Multiscale_0,Multiscale,CoNi-AM67_OM-SEM_Multiscale,transform,ma_roma,direct,clahe,0,1373,1723,1379,1729,11,10000,213,affine,"[0.46607530241964906, 0.08092147499438729, -481.1802220242137, 0.0033270750719299816, 0.5398982165450673, 334.45932206090487, 0.0, 0.0, 1.0]",1026.914,1047.738,1.75,ok,
eval_CoNi-AM67_OM-SEM_Multiscale_0#2,eval_CoNi-AM67_OM-SEM_Multiscale_0,Multiscale,CoNi-AM67_OM-SEM_Multiscale,transform,ma_roma,direct,gradmag,0,1373,1723,1379,1729,11,10000,1441,homography,"[0.49714839457078425, 0.008818408827804129, 447.0920615102989, -0.011959353768807864, 0.3450095846908296, -307.6772699554237, -2.327574572312351e-05, -1.9009582929263684e-05, 1.0]",812.768,817.097,1.82,ok,
eval_CoNi-AM67_OM-SEM_Multiscale_0#2,eval_CoNi-AM67_OM-SEM_Multiscale_0,Multiscale,CoNi-AM67_OM-SEM_Multiscale,control,ma_roma,direct,none,1,1373,1723,1379,1729,11,10000,260,affine,"[0.21979826576466716, -0.2952086980565298, 591.769085109744, 0.14806160848111427, 0.1960041455089267, 34.67157116301502, 0.0, 0.0, 1.0]",604.862,591.432,1.79,ok,
eval_CoNi-AM67_OM-SEM_Multiscale_0#2,eval_CoNi-AM67_OM-SEM_Multiscale_0,Multiscale,CoNi-AM67_OM-SEM_Multiscale,control,ma_roma,direct,none,2,1373,1723,1379,1729,11,10000,171,homography,"[0.8897578645424696, 0.08955070830625432, 209.35944623474677, 0.2975143469785811, 0.44345585576082514, 342.59245766098127, 0.00022773834492156313, -2.3342891210031664e-05, 0.9999999999999999]",239.714,211.027,1.85,ok,
eval_CoNi-AM67_OM-SEM_Multiscale_0#2,eval_CoNi-AM67_OM-SEM_Multiscale_0,Multiscale,CoNi-AM67_OM-SEM_Multiscale,control,ma_roma,direct,none,3,1373,1723,1379,1729,11,10000,325,homography,"[0.20404921244566634, -0.19500801140286836, 620.8796678029888, 0.0716399592860868, 0.48355586985199756, -144.30332242153344, -0.0005043098646429701, 0.0005073003597799518, 1.0]",725.404,727.771,1.80,ok,
eval_CoNi-AM67_OM-SEM_Multiscale_0#2,eval_CoNi-AM67_OM-SEM_Multiscale_0,Multiscale,CoNi-AM67_OM-SEM_Multiscale,control,ma_roma,direct,none,4,1373,1723,1379,1729,11,10000,269,homography,"[0.04935989881376865, -0.1912705092066449, 324.41512658025897, 0.012476545455313974, -0.07053094588703816, 191.73689797993856, -0.0001678735093449854, -0.0005010237837052894, 1.0]",650.404,665.159,1.79,ok,
eval_CoNi-AM67_OM-SEM_Multiscale_0#2,eval_CoNi-AM67_OM-SEM_Multiscale_0,Multiscale,CoNi-AM67_OM-SEM_Multiscale,control,ma_roma,direct,none,5,1373,1723,1379,1729,11,10000,151,affine,"[0.723026708533757, 0.1376703626021365, 223.72102714359949, -0.7502666541475516, -0.16709349948807772, 1436.297172404733, 0.0, 0.0, 1.0]",343.282,363.908,1.80,ok,
eval_CoNi-AM67_SEM-EBSD_SameSliceSerialSectioning_0#0,eval_CoNi-AM67_SEM-EBSD_SameSliceSerialSectioning_0,SerialSectioning,CoNi-AM67_SEM-EBSD_SameSliceSerialSectioning,core,ma_roma,direct,none,0,2048,3072,611,721,17,10000,636,affine,"[2.670606157592257, -0.09979730762036158, 603.934874546112, 0.18922061640699106, 3.3777847185034413, -69.97189977249661, 0.0, 0.0, 1.0]",70.299,41.998,1.56,ok,
eval_CoNi-AM67_SEM-EBSD_SameSliceSerialSectioning_0#0,eval_CoNi-AM67_SEM-EBSD_SameSliceSerialSectioning_0,SerialSectioning,CoNi-AM67_SEM-EBSD_SameSliceSerialSectioning,core,ma_roma,pyramid_v2,none,0,2048,3072,611,721,17,10000,636,affine@direct,"[2.670606157592257, -0.09979730762036158, 603.934874546112, 0.18922061640699106, 3.3777847185034413, -69.97189977249661, 0.0, 0.0, 1.0]",70.299,41.998,1.65,ok,
eval_CoNi-AM67_SEM-EBSD_SameSliceSerialSectioning_0#0,eval_CoNi-AM67_SEM-EBSD_SameSliceSerialSectioning_0,SerialSectioning,CoNi-AM67_SEM-EBSD_SameSliceSerialSectioning,transform,ma_roma,direct,invert,0,2048,3072,611,721,17,10000,832,affine,"[2.705927363892773, -0.01592191999704697, 576.7065860092506, -0.22541918829147148, 3.6302259734868585, 76.72495868543382, 0.0, 0.0, 1.0]",44.003,31.161,1.74,ok,
eval_CoNi-AM67_SEM-EBSD_SameSliceSerialSectioning_0#0,eval_CoNi-AM67_SEM-EBSD_SameSliceSerialSectioning_0,SerialSectioning,CoNi-AM67_SEM-EBSD_SameSliceSerialSectioning,transform,ma_roma,direct,histmatch,0,2048,3072,611,721,17,10000,848,affine,"[2.706654131878394, 0.031622996096936834, 565.8411852163347, -0.21066883787443602, 3.373818439933474, 162.6990079805928, 0.0, 0.0, 1.0]",43.880,53.088,1.56,ok,
eval_CoNi-AM67_SEM-EBSD_SameSliceSerialSectioning_0#0,eval_CoNi-AM67_SEM-EBSD_SameSliceSerialSectioning_0,SerialSectioning,CoNi-AM67_SEM-EBSD_SameSliceSerialSectioning,transform,ma_roma,direct,clahe,0,2048,3072,611,721,17,10000,1005,affine,"[2.6876931588461175, -0.08378949762308177, 591.2302198846132, 0.059607334010149345, 3.5371525118677676, -26.121735397108296, 0.0, 0.0, 1.0]",45.216,48.886,1.65,ok,
eval_CoNi-AM67_SEM-EBSD_SameSliceSerialSectioning_0#0,eval_CoNi-AM67_SEM-EBSD_SameSliceSerialSectioning_0,SerialSectioning,CoNi-AM67_SEM-EBSD_SameSliceSerialSectioning,transform,ma_roma,direct,gradmag,0,2048,3072,611,721,17,10000,493,affine,"[2.51566560944862, -0.10719565043447137, 655.7729010932071, -0.27901056758844966, 3.4499051956854356, 102.76896716208921, 0.0, 0.0, 1.0]",75.246,64.673,1.78,ok,
eval_CoNi-AM67_SEM-EBSD_SameSliceSerialSectioning_0#0,eval_CoNi-AM67_SEM-EBSD_SameSliceSerialSectioning_0,SerialSectioning,CoNi-AM67_SEM-EBSD_SameSliceSerialSectioning,control,ma_roma,direct,none,1,2048,3072,611,721,17,10000,683,affine,"[2.6447101172623926, -0.016806016603708094, 592.5087099215338, -0.1282690946427819, 3.3695446880644946, 159.13624382612943, 0.0, 0.0, 1.0]",40.185,37.501,1.73,ok,
eval_CoNi-AM67_SEM-EBSD_SameSliceSerialSectioning_0#0,eval_CoNi-AM67_SEM-EBSD_SameSliceSerialSectioning_0,SerialSectioning,CoNi-AM67_SEM-EBSD_SameSliceSerialSectioning,control,ma_roma,direct,none,2,2048,3072,611,721,17,10000,658,affine,"[2.6912768509666054, -0.07419210293279697, 588.7768545934405, 0.1661630350169792, 3.438733400206482, -67.36555035464528, 0.0, 0.0, 1.0]",63.380,34.076,1.61,ok,
eval_CoNi-AM67_SEM-EBSD_SameSliceSerialSectioning_0#0,eval_CoNi-AM67_SEM-EBSD_SameSliceSerialSectioning_0,SerialSectioning,CoNi-AM67_SEM-EBSD_SameSliceSerialSectioning,control,ma_roma,direct,none,3,2048,3072,611,721,17,10000,635,affine,"[2.6347585603807224, -0.02155127136435578, 594.9571460910456, -0.13339755598861058, 3.3354944237218165, 171.077281311844, 0.0, 0.0, 1.0]",41.971,27.201,1.64,ok,
eval_CoNi-AM67_SEM-EBSD_SameSliceSerialSectioning_0#0,eval_CoNi-AM67_SEM-EBSD_SameSliceSerialSectioning_0,SerialSectioning,CoNi-AM67_SEM-EBSD_SameSliceSerialSectioning,control,ma_roma,direct,none,4,2048,3072,611,721,17,10000,702,affine,"[2.648187473055596, -0.013244561840277704, 590.7663101840678, -0.11592051696517676, 3.3446539748383537, 166.67818136610072, 0.0, 0.0, 1.0]",43.922,39.575,1.74,ok,
eval_CoNi-AM67_SEM-EBSD_SameSliceSerialSectioning_0#0,eval_CoNi-AM67_SEM-EBSD_SameSliceSerialSectioning_0,SerialSectioning,CoNi-AM67_SEM-EBSD_SameSliceSerialSectioning,control,ma_roma,direct,none,5,2048,3072,611,721,17,10000,642,affine,"[2.635579648037358, -0.014897474531742968, 592.74587970618, -0.13488046088333763, 3.35540449133675, 164.83437772432842, 0.0, 0.0, 1.0]",40.930,30.363,1.61,ok,
eval_CoNi-AM67_SEM-EBSD_SameSliceSerialSectioning_0#1,eval_CoNi-AM67_SEM-EBSD_SameSliceSerialSectioning_0,SerialSectioning,CoNi-AM67_SEM-EBSD_SameSliceSerialSectioning,core,ma_roma,direct,none,0,2048,3072,611,721,17,10000,317,affine,"[2.8111047214129683, 0.012554341724218716, 529.5429831988461, 0.13241558081552465, 3.5361013727753234, -32.868893843388946, 0.0, 0.0, 1.0]",63.621,49.378,1.53,ok,
eval_CoNi-AM67_SEM-EBSD_SameSliceSerialSectioning_0#1,eval_CoNi-AM67_SEM-EBSD_SameSliceSerialSectioning_0,SerialSectioning,CoNi-AM67_SEM-EBSD_SameSliceSerialSectioning,core,ma_roma,pyramid_v2,none,0,2048,3072,611,721,17,10000,317,affine@direct,"[2.8111047214129683, 0.012554341724218716, 529.5429831988461, 0.13241558081552465, 3.5361013727753234, -32.868893843388946, 0.0, 0.0, 1.0]",63.621,49.378,1.71,ok,
eval_CoNi-AM67_SEM-EBSD_SameSliceSerialSectioning_0#1,eval_CoNi-AM67_SEM-EBSD_SameSliceSerialSectioning_0,SerialSectioning,CoNi-AM67_SEM-EBSD_SameSliceSerialSectioning,transform,ma_roma,direct,invert,0,2048,3072,611,721,17,10000,355,affine,"[2.7337215455318638, -0.10186147848279153, 619.3813514394656, -0.1573097420057852, 3.124900480100448, 190.68458042292696, 0.0, 0.0, 1.0]",75.934,77.142,1.67,ok,
eval_CoNi-AM67_SEM-EBSD_SameSliceSerialSectioning_0#1,eval_CoNi-AM67_SEM-EBSD_SameSliceSerialSectioning_0,SerialSectioning,CoNi-AM67_SEM-EBSD_SameSliceSerialSectioning,transform,ma_roma,direct,histmatch,0,2048,3072,611,721,17,10000,683,affine,"[2.535185566578468, -0.12389518769591655, 686.4189769376925, -0.0738138539623142, 2.694614519991343, 418.68969839712827, 0.0, 0.0, 1.0]",158.849,153.253,1.68,ok,
eval_CoNi-AM67_SEM-EBSD_SameSliceSerialSectioning_0#1,eval_CoNi-AM67_SEM-EBSD_SameSliceSerialSectioning_0,SerialSectioning,CoNi-AM67_SEM-EBSD_SameSliceSerialSectioning,transform,ma_roma,direct,clahe,0,2048,3072,611,721,17,10000,446,affine,"[2.7075318956397667, -0.10587176033479295, 595.4930401300085, -0.10110622592763684, 3.6132187833099962, 87.92434794822725, 0.0, 0.0, 1.0]",49.410,42.687,1.67,ok,
eval_CoNi-AM67_SEM-EBSD_SameSliceSerialSectioning_0#1,eval_CoNi-AM67_SEM-EBSD_SameSliceSerialSectioning_0,SerialSectioning,CoNi-AM67_SEM-EBSD_SameSliceSerialSectioning,transform,ma_roma,direct,gradmag,0,2048,3072,611,721,17,10000,397,affine,"[2.7274061238452663, -0.04257774203945041, 601.2419300660238, -0.149846790377781, 2.215199377521784, 719.1045881581235, 0.0, 0.0, 1.0]",300.296,309.788,1.84,ok,
eval_CoNi-AM67_SEM-EBSD_SameSliceSerialSectioning_0#1,eval_CoNi-AM67_SEM-EBSD_SameSliceSerialSectioning_0,SerialSectioning,CoNi-AM67_SEM-EBSD_SameSliceSerialSectioning,control,ma_roma,direct,none,1,2048,3072,611,721,17,10000,338,affine,"[2.8458341997564114, 0.021772164625716656, 509.80039633798634, 0.21050538934196789, 3.534169821970052, -73.22428113455368, 0.0, 0.0, 1.0]",77.413,65.564,1.61,ok,
eval_CoNi-AM67_SEM-EBSD_SameSliceSerialSectioning_0#1,eval_CoNi-AM67_SEM-EBSD_SameSliceSerialSectioning_0,SerialSectioning,CoNi-AM67_SEM-EBSD_SameSliceSerialSectioning,control,ma_roma,direct,none,2,2048,3072,611,721,17,10000,405,affine,"[2.8378604013673487, -0.01744522228984962, 519.921135291761, 0.19262945359473976, 3.542553708566393, -65.47182726970095, 0.0, 0.0, 1.0]",72.967,57.198,1.90,ok,
eval_CoNi-AM67_SEM-EBSD_SameSliceSerialSectioning_0#1,eval_CoNi-AM67_SEM-EBSD_SameSliceSerialSectioning_0,SerialSectioning,CoNi-AM67_SEM-EBSD_SameSliceSerialSectioning,control,ma_roma,direct,none,3,2048,3072,611,721,17,10000,299,affine,"[2.771582538994868, 0.09158033420936919, 539.402873932949, 0.11605573746325483, 3.5803951267508833, -31.00488707058173, 0.0, 0.0, 1.0]",63.807,47.177,1.70,ok,
eval_CoNi-AM67_SEM-EBSD_SameSliceSerialSectioning_0#1,eval_CoNi-AM67_SEM-EBSD_SameSliceSerialSectioning_0,SerialSectioning,CoNi-AM67_SEM-EBSD_SameSliceSerialSectioning,control,ma_roma,direct,none,4,2048,3072,611,721,17,10000,366,homography,"[2.575161084694667, 0.06316936031714883, 599.3835772606218, -0.05482526850731722, 3.3980603777557317, 100.92505790796112, -6.191275521098918e-05, 5.353597718911655e-05, 1.0]",48.191,46.958,1.69,ok,
eval_CoNi-AM67_SEM-EBSD_SameSliceSerialSectioning_0#1,eval_CoNi-AM67_SEM-EBSD_SameSliceSerialSectioning_0,SerialSectioning,CoNi-AM67_SEM-EBSD_SameSliceSerialSectioning,control,ma_roma,direct,none,5,2048,3072,611,721,17,10000,405,affine,"[2.8693311288206678, 0.06477382870398062, 494.59704853234643, 0.032477544013295966, 3.2771276549204584, 60.22921648429508, 0.0, 0.0, 1.0]",73.476,72.363,1.60,ok,
eval_CoNi-AM67_SEM-EBSD_SameSliceSerialSectioning_0#2,eval_CoNi-AM67_SEM-EBSD_SameSliceSerialSectioning_0,SerialSectioning,CoNi-AM67_SEM-EBSD_SameSliceSerialSectioning,core,ma_roma,direct,none,0,2048,3072,611,721,17,10000,1631,affine,"[2.7109529041320997, -0.011164711320983416, 580.4621120913134, -0.34225337907218184, 3.7036966737315735, 98.95373952016166, 0.0, 0.0, 1.0]",61.126,43.858,2.00,ok,
eval_CoNi-AM67_SEM-EBSD_SameSliceSerialSectioning_0#2,eval_CoNi-AM67_SEM-EBSD_SameSliceSerialSectioning_0,SerialSectioning,CoNi-AM67_SEM-EBSD_SameSliceSerialSectioning,core,ma_roma,pyramid_v2,none,0,2048,3072,611,721,17,10000,1631,affine@direct,"[2.7109529041320997, -0.011164711320983416, 580.4621120913134, -0.34225337907218184, 3.7036966737315735, 98.95373952016166, 0.0, 0.0, 1.0]",61.126,43.858,1.68,ok,
eval_CoNi-AM67_SEM-EBSD_SameSliceSerialSectioning_0#2,eval_CoNi-AM67_SEM-EBSD_SameSliceSerialSectioning_0,SerialSectioning,CoNi-AM67_SEM-EBSD_SameSliceSerialSectioning,transform,ma_roma,direct,invert,0,2048,3072,611,721,17,10000,1210,affine,"[2.6102762717560672, -0.0794867519467865, 632.4061244906554, 0.17430531691310727, 3.480166055019981, -82.20861458173965, 0.0, 0.0, 1.0]",65.766,35.864,1.67,ok,
eval_CoNi-AM67_SEM-EBSD_SameSliceSerialSectioning_0#2,eval_CoNi-AM67_SEM-EBSD_SameSliceSerialSectioning_0,SerialSectioning,CoNi-AM67_SEM-EBSD_SameSliceSerialSectioning,transform,ma_roma,direct,histmatch,0,2048,3072,611,721,17,10000,1315,homography,"[3.025052609797535, -0.1778390247103719, 544.9244758925943, -0.09788489034192159, 3.7523266401963924, 32.0292472029862, 0.00013101734153274917, -7.276312386095695e-05, 1.0]",53.219,41.795,1.68,ok,
eval_CoNi-AM67_SEM-EBSD_SameSliceSerialSectioning_0#2,eval_CoNi-AM67_SEM-EBSD_SameSliceSerialSectioning_0,SerialSectioning,CoNi-AM67_SEM-EBSD_SameSliceSerialSectioning,transform,ma_roma,direct,clahe,0,2048,3072,611,721,17,10000,1279,affine,"[2.6858753591638984, -0.041373659653959206, 588.9651909512124, -0.2635916409791321, 3.7110070406796525, 77.76797222217999, 0.0, 0.0, 1.0]",48.788,28.586,1.61,ok,
eval_CoNi-AM67_SEM-EBSD_SameSliceSerialSectioning_0#2,eval_CoNi-AM67_SEM-EBSD_SameSliceSerialSectioning_0,SerialSectioning,CoNi-AM67_SEM-EBSD_SameSliceSerialSectioning,transform,ma_roma,direct,gradmag,0,2048,3072,611,721,17,10000,1349,affine,"[2.674817314335362, -0.1335623827545601, 607.6895068176345, 0.06893945644666914, 3.546109573911139, -35.409829222941084, 0.0, 0.0, 1.0]",49.504,51.785,1.82,ok,
eval_CoNi-AM67_SEM-EBSD_SameSliceSerialSectioning_0#2,eval_CoNi-AM67_SEM-EBSD_SameSliceSerialSectioning_0,SerialSectioning,CoNi-AM67_SEM-EBSD_SameSliceSerialSectioning,control,ma_roma,direct,none,1,2048,3072,611,721,17,10000,1528,affine,"[2.7192513596182835, -0.013032207524136868, 579.2018997795328, -0.3431751671578624, 3.706583231350919, 98.6375607023333, 0.0, 0.0, 1.0]",62.049,44.545,1.56,ok,
eval_CoNi-AM67_SEM-EBSD_SameSliceSerialSectioning_0#2,eval_CoNi-AM67_SEM-EBSD_SameSliceSerialSectioning_0,SerialSectioning,CoNi-AM67_SEM-EBSD_SameSliceSerialSectioning,control,ma_roma,direct,none,2,2048,3072,611,721,17,10000,1644,affine,"[2.708102257299755, -0.003815007089553629, 580.1079002156807, -0.33189903386614467, 3.699263275509405, 97.53303886890421, 0.0, 0.0, 1.0]",59.432,41.071,1.59,ok,
eval_CoNi-AM67_SEM-EBSD_SameSliceSerialSectioning_0#2,eval_CoNi-AM67_SEM-EBSD_SameSliceSerialSectioning_0,SerialSectioning,CoNi-AM67_SEM-EBSD_SameSliceSerialSectioning,control,ma_roma,direct,none,3,2048,3072,611,721,17,10000,1625,affine,"[2.6996266913946174, -0.026599954483021406, 584.9470183126731, -0.3068298066718962, 3.7054319603232098, 90.68954828770683, 0.0, 0.0, 1.0]",54.372,37.241,1.60,ok,
eval_CoNi-AM67_SEM-EBSD_SameSliceSerialSectioning_0#2,eval_CoNi-AM67_SEM-EBSD_SameSliceSerialSectioning_0,SerialSectioning,CoNi-AM67_SEM-EBSD_SameSliceSerialSectioning,control,ma_roma,direct,none,4,2048,3072,611,721,17,10000,1697,affine,"[2.7097063562472004, -0.02080131272809751, 581.6798278319297, -0.3270669370636775, 3.7142441846400285, 95.1150175957236, 0.0, 0.0, 1.0]",57.940,41.073,1.50,ok,
eval_CoNi-AM67_SEM-EBSD_SameSliceSerialSectioning_0#2,eval_CoNi-AM67_SEM-EBSD_SameSliceSerialSectioning_0,SerialSectioning,CoNi-AM67_SEM-EBSD_SameSliceSerialSectioning,control,ma_roma,direct,none,5,2048,3072,611,721,17,10000,1786,affine,"[2.7018178485918467, -0.02285259809172786, 583.754684117619, -0.31814920100673855, 3.699521045668319, 94.75108726426225, 0.0, 0.0, 1.0]",55.775,38.073,1.52,ok,
eval_CoNi-AM67_SEM-EBSD_SameSliceSerialSectioning_0#3,eval_CoNi-AM67_SEM-EBSD_SameSliceSerialSectioning_0,SerialSectioning,CoNi-AM67_SEM-EBSD_SameSliceSerialSectioning,core,ma_roma,direct,none,0,2048,3072,611,721,17,10000,777,affine,"[2.5478091249808776, -0.11711536997239747, 684.7165265791098, -0.02143246787084727, 3.351598608169255, 88.79975898420253, 0.0, 0.0, 1.0]",44.630,40.581,1.72,ok,
eval_CoNi-AM67_SEM-EBSD_SameSliceSerialSectioning_0#3,eval_CoNi-AM67_SEM-EBSD_SameSliceSerialSectioning_0,SerialSectioning,CoNi-AM67_SEM-EBSD_SameSliceSerialSectioning,core,ma_roma,pyramid_v2,none,0,2048,3072,611,721,17,10000,777,affine@direct,"[2.5478091249808776, -0.11711536997239747, 684.7165265791098, -0.02143246787084727, 3.351598608169255, 88.79975898420253, 0.0, 0.0, 1.0]",44.630,40.581,1.67,ok,
eval_CoNi-AM67_SEM-EBSD_SameSliceSerialSectioning_0#3,eval_CoNi-AM67_SEM-EBSD_SameSliceSerialSectioning_0,SerialSectioning,CoNi-AM67_SEM-EBSD_SameSliceSerialSectioning,transform,ma_roma,direct,invert,0,2048,3072,611,721,17,10000,1819,affine,"[2.6888230435394798, -0.02025206618627363, 585.6978819807815, -0.32212627138072675, 3.6984978548669454, 96.9919587776875, 0.0, 0.0, 1.0]",55.080,37.750,1.68,ok,
eval_CoNi-AM67_SEM-EBSD_SameSliceSerialSectioning_0#3,eval_CoNi-AM67_SEM-EBSD_SameSliceSerialSectioning_0,SerialSectioning,CoNi-AM67_SEM-EBSD_SameSliceSerialSectioning,transform,ma_roma,direct,histmatch,0,2048,3072,611,721,17,10000,943,affine,"[2.6522113976471315, -0.06976719552151564, 609.7266342358147, -0.23027825324080345, 3.5666496242032055, 104.23391737646705, 0.0, 0.0, 1.0]",36.862,22.885,1.66,ok,
eval_CoNi-AM67_SEM-EBSD_SameSliceSerialSectioning_0#3,eval_CoNi-AM67_SEM-EBSD_SameSliceSerialSectioning_0,SerialSectioning,CoNi-AM67_SEM-EBSD_SameSliceSerialSectioning,transform,ma_roma,direct,clahe,0,2048,3072,611,721,17,10000,1029,homography,"[2.8344973408008003, 0.022266541324072787, 564.3062416743933, -0.18255087887016008, 3.619679474264732, 92.0174883804831, 5.6805994749012446e-05, 1.2151281653455986e-05, 0.9999999999999999]",38.528,20.691,1.70,ok,
eval_CoNi-AM67_SEM-EBSD_SameSliceSerialSectioning_0#3,eval_CoNi-AM67_SEM-EBSD_SameSliceSerialSectioning_0,SerialSectioning,CoNi-AM67_SEM-EBSD_SameSliceSerialSectioning,transform,ma_roma,direct,gradmag,0,2048,3072,611,721,17,10000,1149,affine,"[2.62991706101205, -0.06097563917944192, 616.270907345508, 0.10571564953222733, 3.495745035491629, -43.75060428257325, 0.0, 0.0, 1.0]",50.552,42.421,1.77,ok,
eval_CoNi-AM67_SEM-EBSD_SameSliceSerialSectioning_0#3,eval_CoNi-AM67_SEM-EBSD_SameSliceSerialSectioning_0,SerialSectioning,CoNi-AM67_SEM-EBSD_SameSliceSerialSectioning,control,ma_roma,direct,none,1,2048,3072,611,721,17,10000,650,affine,"[2.5978770636280766, -0.09644587959871585, 646.1209101625866, 0.19046570341727115, 3.4150014335366214, -75.3964971251205, 0.0, 0.0, 1.0]",69.582,32.191,1.73,ok,
eval_CoNi-AM67_SEM-EBSD_SameSliceSerialSectioning_0#3,eval_CoNi-AM67_SEM-EBSD_SameSliceSerialSectioning_0,SerialSectioning,CoNi-AM67_SEM-EBSD_SameSliceSerialSectioning,control,ma_roma,direct,none,2,2048,3072,611,721,17,10000,687,affine,"[2.5902322185700504, -0.09997676271717457, 651.9956023678558, 0.1964922472250807, 3.4142985784103126, -79.04244984581374, 0.0, 0.0, 1.0]",71.519,32.686,1.73,ok,
eval_CoNi-AM67_SEM-EBSD_SameSliceSerialSectioning_0#3,eval_CoNi-AM67_SEM-EBSD_SameSliceSerialSectioning_0,SerialSectioning,CoNi-AM67_SEM-EBSD_SameSliceSerialSectioning,control,ma_roma,direct,none,3,2048,3072,611,721,17,10000,796,affine,"[2.5520919161730657, -0.11816430352715036, 682.3734837263137, -0.02706674237398982, 3.3468966026028517, 93.38698278671654, 0.0, 0.0, 1.0]",43.844,37.450,1.75,ok,
eval_CoNi-AM67_SEM-EBSD_SameSliceSerialSectioning_0#3,eval_CoNi-AM67_SEM-EBSD_SameSliceSerialSectioning_0,SerialSectioning,CoNi-AM67_SEM-EBSD_SameSliceSerialSectioning,control,ma_roma,direct,none,4,2048,3072,611,721,17,10000,782,affine,"[2.5483147735719642, -0.11645256109548018, 684.2001368466103, -0.022444727601922867, 3.350715917852053, 89.72762958973135, 0.0, 0.0, 1.0]",44.512,40.172,1.46,ok,
eval_CoNi-AM67_SEM-EBSD_SameSliceSerialSectioning_0#3,eval_CoNi-AM67_SEM-EBSD_SameSliceSerialSectioning_0,SerialSectioning,CoNi-AM67_SEM-EBSD_SameSliceSerialSectioning,control,ma_roma,direct,none,5,2048,3072,611,721,17,10000,767,affine,"[2.627295394149659, -0.07011583303533106, 619.9288621774083, 0.09893996544042229, 3.489435943231557, -34.686693478565985, 0.0, 0.0, 1.0]",48.093,38.153,1.56,ok,
eval_CoNi-AM67_SEM-EBSD_SameSliceSerialSectioning_0#4,eval_CoNi-AM67_SEM-EBSD_SameSliceSerialSectioning_0,SerialSectioning,CoNi-AM67_SEM-EBSD_SameSliceSerialSectioning,core,ma_roma,direct,none,0,2048,3072,611,721,17,10000,550,homography,"[2.7143900541428225, 0.03457990532793056, 583.0089067266599, -0.23603193326557595, 3.565533929958645, 113.69743267893888, -5.728829309569773e-05, 0.00011045036763637333, 1.0]",48.109,40.048,1.50,ok,
eval_CoNi-AM67_SEM-EBSD_SameSliceSerialSectioning_0#4,eval_CoNi-AM67_SEM-EBSD_SameSliceSerialSectioning_0,SerialSectioning,CoNi-AM67_SEM-EBSD_SameSliceSerialSectioning,core,ma_roma,pyramid_v2,none,0,2048,3072,611,721,17,10000,550,homography@direct,"[2.7143900541428225, 0.03457990532793056, 583.0089067266599, -0.23603193326557595, 3.565533929958645, 113.69743267893888, -5.728829309569773e-05, 0.00011045036763637333, 1.0]",48.109,40.048,1.53,ok,
eval_CoNi-AM67_SEM-EBSD_SameSliceSerialSectioning_0#4,eval_CoNi-AM67_SEM-EBSD_SameSliceSerialSectioning_0,SerialSectioning,CoNi-AM67_SEM-EBSD_SameSliceSerialSectioning,transform,ma_roma,direct,invert,0,2048,3072,611,721,17,10000,1743,affine,"[2.654519749136848, -0.06206585368597838, 604.051919440518, -0.18574380817231334, 3.6634853565219556, 62.94792469923789, 0.0, 0.0, 1.0]",38.227,22.556,1.50,ok,
eval_CoNi-AM67_SEM-EBSD_SameSliceSerialSectioning_0#4,eval_CoNi-AM67_SEM-EBSD_SameSliceSerialSectioning_0,SerialSectioning,CoNi-AM67_SEM-EBSD_SameSliceSerialSectioning,transform,ma_roma,direct,histmatch,0,2048,3072,611,721,17,10000,336,affine,"[2.4463765404637177, 0.1252583443889815, 559.3416152650484, -0.03653018999448734, 3.3034491917252193, 179.25974750437945, 0.0, 0.0, 1.0]",111.819,103.539,1.51,ok,
eval_CoNi-AM67_SEM-EBSD_SameSliceSerialSectioning_0#4,eval_CoNi-AM67_SEM-EBSD_SameSliceSerialSectioning_0,SerialSectioning,CoNi-AM67_SEM-EBSD_SameSliceSerialSectioning,transform,ma_roma,direct,clahe,0,2048,3072,611,721,17,10000,433,affine,"[2.488210271259131, 0.07933428082157888, 669.574882129652, 2.853220743569996e-06, 3.5552758204755155, 14.185864253549312, 0.0, 0.0, 1.0]",60.771,52.411,1.57,ok,
eval_CoNi-AM67_SEM-EBSD_SameSliceSerialSectioning_0#4,eval_CoNi-AM67_SEM-EBSD_SameSliceSerialSectioning_0,SerialSectioning,CoNi-AM67_SEM-EBSD_SameSliceSerialSectioning,transform,ma_roma,direct,gradmag,0,2048,3072,611,721,17,10000,299,affine,"[2.3498639936309096, -0.07413885533558999, 715.5871513192099, 0.298094342601901, 3.9871441408938573, -51.63495927437884, 0.0, 0.0, 1.0]",189.592,192.626,1.69,ok,
eval_CoNi-AM67_SEM-EBSD_SameSliceSerialSectioning_0#4,eval_CoNi-AM67_SEM-EBSD_SameSliceSerialSectioning_0,SerialSectioning,CoNi-AM67_SEM-EBSD_SameSliceSerialSectioning,control,ma_roma,direct,none,1,2048,3072,611,721,17,10000,511,homography,"[2.9499183853570003, 0.02830179004239558, 566.8000817618088, -0.10146570549696837, 3.670125504669824, 68.80640347615815, 9.199347778704118e-05, 2.9434322291714394e-05, 1.0]",41.439,34.356,1.43,ok,
eval_CoNi-AM67_SEM-EBSD_SameSliceSerialSectioning_0#4,eval_CoNi-AM67_SEM-EBSD_SameSliceSerialSectioning_0,SerialSectioning,CoNi-AM67_SEM-EBSD_SameSliceSerialSectioning,control,ma_roma,direct,none,2,2048,3072,611,721,17,10000,580,homography,"[2.8051337724065952, 0.20625843053829568, 551.5276352966355, -0.22606874017203768, 3.7034419721798897, 102.0635999798768, -4.7848614117655146e-05, 0.0002093180648547078, 1.0]",53.174,43.126,1.67,ok,
eval_CoNi-AM67_SEM-EBSD_SameSliceSerialSectioning_0#4,eval_CoNi-AM67_SEM-EBSD_SameSliceSerialSectioning_0,SerialSectioning,CoNi-AM67_SEM-EBSD_SameSliceSerialSectioning,control,ma_roma,direct,none,3,2048,3072,611,721,17,10000,471,homography,"[3.2667942070188043, 0.0560487001466046, 500.15403205593293, 0.009102163885801049, 3.752388546913451, 39.09857521142056, 0.00019909062478127592, 1.9960109474311308e-05, 1.0]",46.935,43.592,1.62,ok,
eval_CoNi-AM67_SEM-EBSD_SameSliceSerialSectioning_0#4,eval_CoNi-AM67_SEM-EBSD_SameSliceSerialSectioning_0,SerialSectioning,CoNi-AM67_SEM-EBSD_SameSliceSerialSectioning,control,ma_roma,direct,none,4,2048,3072,611,721,17,10000,521,homography,"[2.7763397002776253, 0.07097635394218596, 581.5261538325029, -0.23012263825895393, 3.6976892276885165, 96.33169864877057, -4.794421582668747e-05, 0.00017434575375884688, 1.0]",50.726,45.151,1.49,ok,
eval_CoNi-AM67_SEM-EBSD_SameSliceSerialSectioning_0#4,eval_CoNi-AM67_SEM-EBSD_SameSliceSerialSectioning_0,SerialSectioning,CoNi-AM67_SEM-EBSD_SameSliceSerialSectioning,control,ma_roma,direct,none,5,2048,3072,611,721,17,10000,517,homography,"[3.198991449553739, -0.05136154419866124, 524.1277336950853, 0.001963342725978345, 3.62519049725758, 57.52499900780451, 0.00019265892988388274, -4.0581295962913184e-05, 1.0]",47.410,44.289,1.49,ok,
eval_CoNi-AM67_SEM-EBSD_SameSliceSerialSectioning_0#5,eval_CoNi-AM67_SEM-EBSD_SameSliceSerialSectioning_0,SerialSectioning,CoNi-AM67_SEM-EBSD_SameSliceSerialSectioning,core,ma_roma,direct,none,0,2048,3072,611,721,17,10000,891,homography,"[2.8913492971270482, 0.06271319267599745, 567.0514009814736, -0.29999783838948196, 3.8486919571585165, 90.4862855765399, 9.436302713407151e-05, 9.17830229546979e-05, 1.0]",63.545,49.197,1.59,ok,
eval_CoNi-AM67_SEM-EBSD_SameSliceSerialSectioning_0#5,eval_CoNi-AM67_SEM-EBSD_SameSliceSerialSectioning_0,SerialSectioning,CoNi-AM67_SEM-EBSD_SameSliceSerialSectioning,core,ma_roma,pyramid_v2,none,0,2048,3072,611,721,17,10000,891,homography@direct,"[2.8913492971270482, 0.06271319267599745, 567.0514009814736, -0.29999783838948196, 3.8486919571585165, 90.4862855765399, 9.436302713407151e-05, 9.17830229546979e-05, 1.0]",63.545,49.197,1.53,ok,
eval_CoNi-AM67_SEM-EBSD_SameSliceSerialSectioning_0#5,eval_CoNi-AM67_SEM-EBSD_SameSliceSerialSectioning_0,SerialSectioning,CoNi-AM67_SEM-EBSD_SameSliceSerialSectioning,transform,ma_roma,direct,invert,0,2048,3072,611,721,17,10000,1108,homography,"[2.725496661379227, -0.16029017766298062, 595.9520015960767, 0.10708423067232309, 3.472624196134675, -43.09196130110961, 2.6655108776389542e-05, -4.776724848930464e-05, 1.0]",51.881,45.834,1.60,ok,
eval_CoNi-AM67_SEM-EBSD_SameSliceSerialSectioning_0#5,eval_CoNi-AM67_SEM-EBSD_SameSliceSerialSectioning_0,SerialSectioning,CoNi-AM67_SEM-EBSD_SameSliceSerialSectioning,transform,ma_roma,direct,histmatch,0,2048,3072,611,721,17,10000,745,affine,"[2.834795814427314, -0.09339465290820502, 571.0577073134226, -0.1317027757369587, 3.5151808263444613, 74.98273288105997, 0.0, 0.0, 1.0]",56.474,48.206,1.62,ok,
eval_CoNi-AM67_SEM-EBSD_SameSliceSerialSectioning_0#5,eval_CoNi-AM67_SEM-EBSD_SameSliceSerialSectioning_0,SerialSectioning,CoNi-AM67_SEM-EBSD_SameSliceSerialSectioning,transform,ma_roma,direct,clahe,0,2048,3072,611,721,17,10000,480,homography,"[2.5939683376293234, 0.16987442440252254, 587.7534580459903, -0.29096920547545063, 3.848801342575583, 95.07544320437016, -4.102436130854964e-05, 0.0001040318081973464, 0.9999999999999999]",45.039,24.837,1.74,ok,
eval_CoNi-AM67_SEM-EBSD_SameSliceSerialSectioning_0#5,eval_CoNi-AM67_SEM-EBSD_SameSliceSerialSectioning_0,SerialSectioning,CoNi-AM67_SEM-EBSD_SameSliceSerialSectioning,transform,ma_roma,direct,gradmag,0,2048,3072,611,721,17,10000,897,affine,"[2.657013582263001, -0.07719302946371902, 607.3478661482325, 0.05054246248383267, 3.520139049385723, -20.09571355211051, 0.0, 0.0, 1.0]",43.602,46.318,1.74,ok,
eval_CoNi-AM67_SEM-EBSD_SameSliceSerialSectioning_0#5,eval_CoNi-AM67_SEM-EBSD_SameSliceSerialSectioning_0,SerialSectioning,CoNi-AM67_SEM-EBSD_SameSliceSerialSectioning,control,ma_roma,direct,none,1,2048,3072,611,721,17,10000,1041,homography,"[2.606133021751347, 0.06944831098735506, 585.8349450483882, -0.36756881855643025, 3.7035395557365276, 105.51054450899343, -7.336214252249446e-05, 0.00010082854951758338, 1.0]",51.485,33.811,1.54,ok,
eval_CoNi-AM67_SEM-EBSD_SameSliceSerialSectioning_0#5,eval_CoNi-AM67_SEM-EBSD_SameSliceSerialSectioning_0,SerialSectioning,CoNi-AM67_SEM-EBSD_SameSliceSerialSectioning,control,ma_roma,direct,none,2,2048,3072,611,721,17,10000,1137,homography,"[2.7665571499077832, 0.09699715004216089, 571.7106098649784, -0.16231675834231607, 3.6663749896935687, 60.433822247425695, 1.543619554518491e-05, 0.00010846497829355917, 1.0]",43.872,40.121,1.66,ok,
eval_CoNi-AM67_SEM-EBSD_SameSliceSerialSectioning_0#5,eval_CoNi-AM67_SEM-EBSD_SameSliceSerialSectioning_0,SerialSectioning,CoNi-AM67_SEM-EBSD_SameSliceSerialSectioning,control,ma_roma,direct,none,3,2048,3072,611,721,17,10000,1033,homography,"[2.7939865227688196, 0.1828097954515181, 566.4245884901961, -0.15480613457645392, 3.7284720283454287, 53.327446526508886, 2.3406513905688447e-05, 0.0001617676157641407, 1.0]",52.638,47.375,1.85,ok,
eval_CoNi-AM67_SEM-EBSD_SameSliceSerialSectioning_0#5,eval_CoNi-AM67_SEM-EBSD_SameSliceSerialSectioning_0,SerialSectioning,CoNi-AM67_SEM-EBSD_SameSliceSerialSectioning,control,ma_roma,direct,none,4,2048,3072,611,721,17,10000,1110,affine,"[2.7054556498625515, -0.04722564751571783, 583.044060125336, -0.1628822778419789, 3.5975323339532035, 61.408597665796606, 0.0, 0.0, 1.0]",38.433,29.036,1.62,ok,
eval_CoNi-AM67_SEM-EBSD_SameSliceSerialSectioning_0#5,eval_CoNi-AM67_SEM-EBSD_SameSliceSerialSectioning_0,SerialSectioning,CoNi-AM67_SEM-EBSD_SameSliceSerialSectioning,control,ma_roma,direct,none,5,2048,3072,611,721,17,10000,1094,affine,"[2.697818475464992, -0.015407025955238832, 582.9690335539134, -0.1899041660326381, 3.6383432813226455, 66.7743023202807, 0.0, 0.0, 1.0]",40.084,27.386,1.75,ok,
eval_CoNi-AM67_SEM-EBSD_SameSliceSerialSectioning_1#0,eval_CoNi-AM67_SEM-EBSD_SameSliceSerialSectioning_1,SerialSectioning,CoNi-AM67_SEM-EBSD_SameSliceSerialSectioning,core,ma_roma,direct,none,0,2048,3072,534,587,14,10000,1416,homography,"[3.131529525083487, 0.35298176212781956, 665.8052647346896, -0.23079084113130446, 4.389536964038469, 67.06435512932653, -1.308199450089433e-05, 0.0004424360555267449, 1.0]",58.343,36.963,1.73,ok,
eval_CoNi-AM67_SEM-EBSD_SameSliceSerialSectioning_1#0,eval_CoNi-AM67_SEM-EBSD_SameSliceSerialSectioning_1,SerialSectioning,CoNi-AM67_SEM-EBSD_SameSliceSerialSectioning,core,ma_roma,pyramid_v2,none,0,2048,3072,534,587,14,10000,1416,homography@direct,"[3.131529525083487, 0.35298176212781956, 665.8052647346896, -0.23079084113130446, 4.389536964038469, 67.06435512932653, -1.308199450089433e-05, 0.0004424360555267449, 1.0]",58.343,36.963,1.72,ok,
eval_CoNi-AM67_SEM-EBSD_SameSliceSerialSectioning_1#0,eval_CoNi-AM67_SEM-EBSD_SameSliceSerialSectioning_1,SerialSectioning,CoNi-AM67_SEM-EBSD_SameSliceSerialSectioning,transform,ma_roma,direct,invert,0,2048,3072,534,587,14,10000,827,homography,"[3.0104571404116673, 0.3880115537897615, 657.3442862855175, 0.07775036577516833, 4.36293458517666, 65.38325283608387, 0.00011649797059977825, 0.0004348871909236531, 1.0]",59.592,48.324,1.56,ok,
eval_CoNi-AM67_SEM-EBSD_SameSliceSerialSectioning_1#0,eval_CoNi-AM67_SEM-EBSD_SameSliceSerialSectioning_1,SerialSectioning,CoNi-AM67_SEM-EBSD_SameSliceSerialSectioning,transform,ma_roma,direct,histmatch,0,2048,3072,534,587,14,10000,1104,affine,"[2.7178662218114935, -0.045925852761155586, 698.9357567933274, -0.03606877507378509, 3.1242049143701025, 288.8574568838487, 0.0, 0.0, 1.0]",88.676,71.880,2.07,ok,
eval_CoNi-AM67_SEM-EBSD_SameSliceSerialSectioning_1#0,eval_CoNi-AM67_SEM-EBSD_SameSliceSerialSectioning_1,SerialSectioning,CoNi-AM67_SEM-EBSD_SameSliceSerialSectioning,transform,ma_roma,direct,clahe,0,2048,3072,534,587,14,10000,2477,affine,"[2.6571345765042436, 0.010634628970797519, 680.1777016415655, -0.255328976139328, 3.586100644885345, 148.23605448102853, 0.0, 0.0, 1.0]",26.597,23.946,1.59,ok,
eval_CoNi-AM67_SEM-EBSD_SameSliceSerialSectioning_1#0,eval_CoNi-AM67_SEM-EBSD_SameSliceSerialSectioning_1,SerialSectioning,CoNi-AM67_SEM-EBSD_SameSliceSerialSectioning,transform,ma_roma,direct,gradmag,0,2048,3072,534,587,14,10000,381,affine,"[2.5877374790496583, 0.05849982010032126, 666.2712550487196, 0.06669189203740787, 3.43220949804356, 180.5104875700198, 0.0, 0.0, 1.0]",89.388,97.857,1.81,ok,
eval_CoNi-AM67_SEM-EBSD_SameSliceSerialSectioning_1#0,eval_CoNi-AM67_SEM-EBSD_SameSliceSerialSectioning_1,SerialSectioning,CoNi-AM67_SEM-EBSD_SameSliceSerialSectioning,control,ma_roma,direct,none,1,2048,3072,534,587,14,10000,1224,homography,"[3.270714113302104, 0.45414585255568846, 646.341532479552, -0.2129239858995821, 4.581151717043387, 46.68843818007629, 9.235950979104263e-06, 0.0005274664241970794, 1.0]",63.955,38.358,1.76,ok,
eval_CoNi-AM67_SEM-EBSD_SameSliceSerialSectioning_1#0,eval_CoNi-AM67_SEM-EBSD_SameSliceSerialSectioning_1,SerialSectioning,CoNi-AM67_SEM-EBSD_SameSliceSerialSectioning,control,ma_roma,direct,none,2,2048,3072,534,587,14,10000,1510,affine,"[2.6508031401966723, 0.017854003005487375, 678.2016404072692, -0.28199843287538395, 3.6098322840532377, 147.41546439735748, 0.0, 0.0, 1.0]",30.598,26.434,1.73,ok,
eval_CoNi-AM67_SEM-EBSD_SameSliceSerialSectioning_1#0,eval_CoNi-AM67_SEM-EBSD_SameSliceSerialSectioning_1,SerialSectioning,CoNi-AM67_SEM-EBSD_SameSliceSerialSectioning,control,ma_roma,direct,none,3,2048,3072,534,587,14,10000,1427,affine,"[2.672747148726472, -0.004905641759353694, 679.5448557896857, -0.270563458472816, 3.607329110826204, 145.50308088020017, 0.0, 0.0, 1.0]",28.674,25.194,1.70,ok,
eval_CoNi-AM67_SEM-EBSD_SameSliceSerialSectioning_1#0,eval_CoNi-AM67_SEM-EBSD_SameSliceSerialSectioning_1,SerialSectioning,CoNi-AM67_SEM-EBSD_SameSliceSerialSectioning,control,ma_roma,direct,none,4,2048,3072,534,587,14,10000,1432,affine,"[2.6376592602484052, 0.015187201251940289, 679.912531599344, -0.28086543685611487, 3.5817493537631786, 152.81942827324326, 0.0, 0.0, 1.0]",29.722,20.269,1.53,ok,
eval_CoNi-AM67_SEM-EBSD_SameSliceSerialSectioning_1#0,eval_CoNi-AM67_SEM-EBSD_SameSliceSerialSectioning_1,SerialSectioning,CoNi-AM67_SEM-EBSD_SameSliceSerialSectioning,control,ma_roma,direct,none,5,2048,3072,534,587,14,10000,1086,affine,"[2.64837232008539, -0.10944957876112237, 718.2609887853207, -0.044120498490677715, 3.601850195476128, 56.697826462845796, 0.0, 0.0, 1.0]",40.195,30.848,1.64,ok,
eval_CoNi-AM67_SEM-EBSD_SameSliceSerialSectioning_1#1,eval_CoNi-AM67_SEM-EBSD_SameSliceSerialSectioning_1,SerialSectioning,CoNi-AM67_SEM-EBSD_SameSliceSerialSectioning,core,ma_roma,direct,none,0,2048,3072,534,587,14,10000,564,affine,"[2.663616640280704, 0.014413273469817791, 674.5823022477434, -0.2878371363537655, 3.7110831169168508, 129.63845454477985, 0.0, 0.0, 1.0]",39.642,34.692,1.51,ok,
eval_CoNi-AM67_SEM-EBSD_SameSliceSerialSectioning_1#1,eval_CoNi-AM67_SEM-EBSD_SameSliceSerialSectioning_1,SerialSectioning,CoNi-AM67_SEM-EBSD_SameSliceSerialSectioning,core,ma_roma,pyramid_v2,none,0,2048,3072,534,587,14,10000,564,affine@direct,"[2.663616640280704, 0.014413273469817791, 674.5823022477434, -0.2878371363537655, 3.7110831169168508, 129.63845454477985, 0.0, 0.0, 1.0]",39.642,34.692,1.54,ok,
eval_CoNi-AM67_SEM-EBSD_SameSliceSerialSectioning_1#1,eval_CoNi-AM67_SEM-EBSD_SameSliceSerialSectioning_1,SerialSectioning,CoNi-AM67_SEM-EBSD_SameSliceSerialSectioning,transform,ma_roma,direct,invert,0,2048,3072,534,587,14,10000,378,affine,"[2.9334597799545388, -0.22202778151823838, 981.303093700177, -0.1345741679759115, 3.4153250313250125, 151.70467560682187, 0.0, 0.0, 1.0]",320.994,320.527,1.60,ok,
eval_CoNi-AM67_SEM-EBSD_SameSliceSerialSectioning_1#1,eval_CoNi-AM67_SEM-EBSD_SameSliceSerialSectioning_1,SerialSectioning,CoNi-AM67_SEM-EBSD_SameSliceSerialSectioning,transform,ma_roma,direct,histmatch,0,2048,3072,534,587,14,10000,591,affine,"[2.6822148337176808, 0.03556682344940741, 668.9444589144746, -0.038372900907713184, 3.310784342576445, 205.80359124994993, 0.0, 0.0, 1.0]",51.660,44.919,1.61,ok,
eval_CoNi-AM67_SEM-EBSD_SameSliceSerialSectioning_1#1,eval_CoNi-AM67_SEM-EBSD_SameSliceSerialSectioning_1,SerialSectioning,CoNi-AM67_SEM-EBSD_SameSliceSerialSectioning,transform,ma_roma,direct,clahe,0,2048,3072,534,587,14,10000,1434,affine,"[2.661756164036372, 0.011421541816339843, 679.7010363326153, -0.3070541364335278, 3.6084420997423723, 150.8270715896657, 0.0, 0.0, 1.0]",32.550,25.675,1.61,ok,
eval_CoNi-AM67_SEM-EBSD_SameSliceSerialSectioning_1#1,eval_CoNi-AM67_SEM-EBSD_SameSliceSerialSectioning_1,SerialSectioning,CoNi-AM67_SEM-EBSD_SameSliceSerialSectioning,transform,ma_roma,direct,gradmag,0,2048,3072,534,587,14,10000,676,affine,"[3.0983157623860276, -0.04438797100263129, 653.675158261148, -0.3344196682778708, 3.2686094172581988, 213.25113380140772, 0.0, 0.0, 1.0]",114.257,108.247,1.88,ok,
eval_CoNi-AM67_SEM-EBSD_SameSliceSerialSectioning_1#1,eval_CoNi-AM67_SEM-EBSD_SameSliceSerialSectioning_1,SerialSectioning,CoNi-AM67_SEM-EBSD_SameSliceSerialSectioning,control,ma_roma,direct,none,1,2048,3072,534,587,14,10000,525,homography,"[2.343125350435977, -0.30800707984987946, 696.9387057054682, -0.40373128976986045, 3.1206034288348663, 192.93760391243214, -0.0001242436403759846, -0.0003187217887677106, 1.0]",95.305,60.628,1.57,ok,
eval_CoNi-AM67_SEM-EBSD_SameSliceSerialSectioning_1#1,eval_CoNi-AM67_SEM-EBSD_SameSliceSerialSectioning_1,SerialSectioning,CoNi-AM67_SEM-EBSD_SameSliceSerialSectioning,control,ma_roma,direct,none,2,2048,3072,534,587,14,10000,474,affine,"[2.5986139077832826, -0.007280679132350696, 681.905670935923, -0.11274240971206723, 3.7927597287170496, 105.5535445017423, 0.0, 0.0, 1.0]",67.262,66.337,1.70,ok,
eval_CoNi-AM67_SEM-EBSD_SameSliceSerialSectioning_1#1,eval_CoNi-AM67_SEM-EBSD_SameSliceSerialSectioning_1,SerialSectioning,CoNi-AM67_SEM-EBSD_SameSliceSerialSectioning,control,ma_roma,direct,none,3,2048,3072,534,587,14,10000,450,affine,"[2.6460380472200473, 0.01512004731798735, 673.3557849187184, -0.37153601991251495, 3.7813705781186613, 121.34237247481065, 0.0, 0.0, 1.0]",53.919,40.381,1.51,ok,
eval_CoNi-AM67_SEM-EBSD_SameSliceSerialSectioning_1#1,eval_CoNi-AM67_SEM-EBSD_SameSliceSerialSectioning_1,SerialSectioning,CoNi-AM67_SEM-EBSD_SameSliceSerialSectioning,control,ma_roma,direct,none,4,2048,3072,534,587,14,10000,530,affine,"[2.62583741386036, -0.009877659186292825, 679.682143380475, -0.3853986157975953, 3.7074950598796823, 137.60082151208167, 0.0, 0.0, 1.0]",51.237,32.065,1.67,ok,
eval_CoNi-AM67_SEM-EBSD_SameSliceSerialSectioning_1#1,eval_CoNi-AM67_SEM-EBSD_SameSliceSerialSectioning_1,SerialSectioning,CoNi-AM67_SEM-EBSD_SameSliceSerialSectioning,control,ma_roma,direct,none,5,2048,3072,534,587,14,10000,524,homography,"[2.2036803837109953, 0.1825026525927147, 676.051242581457, -0.8086551945997167, 3.8454020611817903, 146.1953655405465, -0.0005556184551761389, 0.00023172121089907557, 1.0]",187.808,84.511,1.53,ok,
eval_CoNi-AM67_SEM-EBSD_SameSliceSerialSectioning_1#2,eval_CoNi-AM67_SEM-EBSD_SameSliceSerialSectioning_1,SerialSectioning,CoNi-AM67_SEM-EBSD_SameSliceSerialSectioning,core,ma_roma,direct,none,0,2048,3072,534,587,14,10000,3726,affine,"[2.67865760324588, -0.020213760454363086, 685.8141337085675, -0.3099222544251768, 3.6511336492449007, 139.97697077249563, 0.0, 0.0, 1.0]",35.136,28.277,1.62,ok,
eval_CoNi-AM67_SEM-EBSD_SameSliceSerialSectioning_1#2,eval_CoNi-AM67_SEM-EBSD_SameSliceSerialSectioning_1,SerialSectioning,CoNi-AM67_SEM-EBSD_SameSliceSerialSectioning,core,ma_roma,pyramid_v2,none,0,2048,3072,534,587,14,10000,3726,affine@direct,"[2.67865760324588, -0.020213760454363086, 685.8141337085675, -0.3099222544251768, 3.6511336492449007, 139.97697077249563, 0.0, 0.0, 1.0]",35.136,28.277,1.53,ok,
eval_CoNi-AM67_SEM-EBSD_SameSliceSerialSectioning_1#2,eval_CoNi-AM67_SEM-EBSD_SameSliceSerialSectioning_1,SerialSectioning,CoNi-AM67_SEM-EBSD_SameSliceSerialSectioning,transform,ma_roma,direct,invert,0,2048,3072,534,587,14,10000,1516,affine,"[2.535621704896611, 0.034882337493556036, 676.0260437406016, -0.265510012134774, 2.8621235012282185, 418.512495355739, 0.0, 0.0, 1.0]",115.326,110.503,1.56,ok,
eval_CoNi-AM67_SEM-EBSD_SameSliceSerialSectioning_1#2,eval_CoNi-AM67_SEM-EBSD_SameSliceSerialSectioning_1,SerialSectioning,CoNi-AM67_SEM-EBSD_SameSliceSerialSectioning,transform,ma_roma,direct,histmatch,0,2048,3072,534,587,14,10000,1122,affine,"[2.5172532639189935, 0.0364914772708993, 673.4433103642841, -0.14624624669756647, 2.9520176368249236, 375.49214332234396, 0.0, 0.0, 1.0]",114.274,106.186,1.55,ok,
eval_CoNi-AM67_SEM-EBSD_SameSliceSerialSectioning_1#2,eval_CoNi-AM67_SEM-EBSD_SameSliceSerialSectioning_1,SerialSectioning,CoNi-AM67_SEM-EBSD_SameSliceSerialSectioning,transform,ma_roma,direct,clahe,0,2048,3072,534,587,14,10000,2717,affine,"[2.690294429685468, -0.016570454046872393, 683.1825133602581, -0.2980231770676208, 3.6501710938074674, 136.16576194134143, 0.0, 0.0, 1.0]",35.435,31.494,1.54,ok,
eval_CoNi-AM67_SEM-EBSD_SameSliceSerialSectioning_1#2,eval_CoNi-AM67_SEM-EBSD_SameSliceSerialSectioning_1,SerialSectioning,CoNi-AM67_SEM-EBSD_SameSliceSerialSectioning,transform,ma_roma,direct,gradmag,0,2048,3072,534,587,14,10000,1586,homography,"[2.6107665842234575, -0.08254675333333361, 702.6127921122254, -0.12633338376751818, 3.5482793301662494, 92.29916607958228, -2.3820147327564938e-05, -1.4365527648973512e-05, 1.0]",33.422,24.621,1.75,ok,
eval_CoNi-AM67_SEM-EBSD_SameSliceSerialSectioning_1#2,eval_CoNi-AM67_SEM-EBSD_SameSliceSerialSectioning_1,SerialSectioning,CoNi-AM67_SEM-EBSD_SameSliceSerialSectioning,control,ma_roma,direct,none,1,2048,3072,534,587,14,10000,3506,affine,"[2.6830133719626983, -0.01926532563496852, 684.8321661267005, -0.3227400633276499, 3.6538512209987686, 141.9091867564391, 0.0, 0.0, 1.0]",36.565,28.427,1.50,ok,
eval_CoNi-AM67_SEM-EBSD_SameSliceSerialSectioning_1#2,eval_CoNi-AM67_SEM-EBSD_SameSliceSerialSectioning_1,SerialSectioning,CoNi-AM67_SEM-EBSD_SameSliceSerialSectioning,control,ma_roma,direct,none,2,2048,3072,534,587,14,10000,4079,homography,"[2.7452978749275174, 0.10326333883192558, 673.0141502534585, -0.30649386442656046, 3.790026186600146, 129.84573055510253, 4.825991375355327e-06, 9.602239757831445e-05, 1.0]",31.825,20.846,1.47,ok,
eval_CoNi-AM67_SEM-EBSD_SameSliceSerialSectioning_1#2,eval_CoNi-AM67_SEM-EBSD_SameSliceSerialSectioning_1,SerialSectioning,CoNi-AM67_SEM-EBSD_SameSliceSerialSectioning,control,ma_roma,direct,none,3,2048,3072,534,587,14,10000,3829,homography,"[2.745551829993452, 0.1028839169218997, 673.2039194787297, -0.30626664399104464, 3.805685674585724, 126.33835537545305, 7.1899585730679585e-06, 9.611083285103225e-05, 1.0]",32.976,20.785,1.58,ok,
eval_CoNi-AM67_SEM-EBSD_SameSliceSerialSectioning_1#2,eval_CoNi-AM67_SEM-EBSD_SameSliceSerialSectioning_1,SerialSectioning,CoNi-AM67_SEM-EBSD_SameSliceSerialSectioning,control,ma_roma,direct,none,4,2048,3072,534,587,14,10000,3720,homography,"[2.7463638603676, 0.12475396330124637, 672.1596023266175, -0.28650971694995087, 3.8014500103552376, 129.8463217805638, 3.0539510458545466e-06, 0.00011458132948111482, 1.0]",27.617,18.801,1.61,ok,
eval_CoNi-AM67_SEM-EBSD_SameSliceSerialSectioning_1#2,eval_CoNi-AM67_SEM-EBSD_SameSliceSerialSectioning_1,SerialSectioning,CoNi-AM67_SEM-EBSD_SameSliceSerialSectioning,control,ma_roma,direct,none,5,2048,3072,534,587,14,10000,2761,affine,"[2.6788088768881657, -0.054649842744797096, 692.4391437664523, -0.14006207735215806, 3.6262427119728797, 92.79899800535725, 0.0, 0.0, 1.0]",31.746,28.050,1.59,ok,
eval_CoNi-AM67_SEM-EBSD_SameSliceSerialSectioning_1#3,eval_CoNi-AM67_SEM-EBSD_SameSliceSerialSectioning_1,SerialSectioning,CoNi-AM67_SEM-EBSD_SameSliceSerialSectioning,core,ma_roma,direct,none,0,2048,3072,534,587,14,10000,1362,affine,"[2.70495749298358, -0.08773810571579507, 697.9028213315202, -0.2561712628760685, 3.4468051501306896, 187.2283268460876, 0.0, 0.0, 1.0]",25.609,20.533,1.54,ok,
eval_CoNi-AM67_SEM-EBSD_SameSliceSerialSectioning_1#3,eval_CoNi-AM67_SEM-EBSD_SameSliceSerialSectioning_1,SerialSectioning,CoNi-AM67_SEM-EBSD_SameSliceSerialSectioning,core,ma_roma,pyramid_v2,none,0,2048,3072,534,587,14,10000,1362,affine@direct,"[2.70495749298358, -0.08773810571579507, 697.9028213315202, -0.2561712628760685, 3.4468051501306896, 187.2283268460876, 0.0, 0.0, 1.0]",25.609,20.533,1.64,ok,
eval_CoNi-AM67_SEM-EBSD_SameSliceSerialSectioning_1#3,eval_CoNi-AM67_SEM-EBSD_SameSliceSerialSectioning_1,SerialSectioning,CoNi-AM67_SEM-EBSD_SameSliceSerialSectioning,transform,ma_roma,direct,invert,0,2048,3072,534,587,14,10000,1824,homography,"[2.7806433717777757, 0.12156797096627994, 671.0490853326523, 0.024115776265451416, 3.7533096583835537, 35.45310256817776, 2.3755687597887182e-05, 0.00010738400964998692, 1.0]",37.081,27.037,1.68,ok,
eval_CoNi-AM67_SEM-EBSD_SameSliceSerialSectioning_1#3,eval_CoNi-AM67_SEM-EBSD_SameSliceSerialSectioning_1,SerialSectioning,CoNi-AM67_SEM-EBSD_SameSliceSerialSectioning,transform,ma_roma,direct,histmatch,0,2048,3072,534,587,14,10000,987,affine,"[2.8108265367904455, -0.006530657300828111, 666.2693592702084, -0.1650343219718433, 3.4213983789730524, 181.88321496330582, 0.0, 0.0, 1.0]",40.197,38.760,1.56,ok,
eval_CoNi-AM67_SEM-EBSD_SameSliceSerialSectioning_1#3,eval_CoNi-AM67_SEM-EBSD_SameSliceSerialSectioning_1,SerialSectioning,CoNi-AM67_SEM-EBSD_SameSliceSerialSectioning,transform,ma_roma,direct,clahe,0,2048,3072,534,587,14,10000,1252,affine,"[2.618994103488421, 0.026222440874043233, 680.1153464190381, -0.1914587599358212, 3.3273064128032135, 215.4790200435209, 0.0, 0.0, 1.0]",31.026,32.109,1.78,ok,
eval_CoNi-AM67_SEM-EBSD_SameSliceSerialSectioning_1#3,eval_CoNi-AM67_SEM-EBSD_SameSliceSerialSectioning_1,SerialSectioning,CoNi-AM67_SEM-EBSD_SameSliceSerialSectioning,transform,ma_roma,direct,gradmag,0,2048,3072,534,587,14,10000,739,affine,"[2.8181655717106686, 0.5017136445076622, 441.20561678755143, 0.07110736064184046, 3.2577039883597507, 218.23016473583516, 0.0, 0.0, 1.0]",136.048,143.162,1.70,ok,
eval_CoNi-AM67_SEM-EBSD_SameSliceSerialSectioning_1#3,eval_CoNi-AM67_SEM-EBSD_SameSliceSerialSectioning_1,SerialSectioning,CoNi-AM67_SEM-EBSD_SameSliceSerialSectioning,control,ma_roma,direct,none,1,2048,3072,534,587,14,10000,1156,affine,"[2.619185786405943, 0.037874601459472856, 674.4685513611673, -0.19605480469907627, 3.3466492300217996, 212.28181759545419, 0.0, 0.0, 1.0]",31.907,30.939,1.53,ok,
eval_CoNi-AM67_SEM-EBSD_SameSliceSerialSectioning_1#3,eval_CoNi-AM67_SEM-EBSD_SameSliceSerialSectioning_1,SerialSectioning,CoNi-AM67_SEM-EBSD_SameSliceSerialSectioning,control,ma_roma,direct,none,2,2048,3072,534,587,14,10000,1356,affine,"[2.712047413324254, -0.09423126529269164, 697.9419708518461, -0.25247781707306693, 3.444223179659756, 187.31054346426777, 0.0, 0.0, 1.0]",26.058,21.621,1.60,ok,
eval_CoNi-AM67_SEM-EBSD_SameSliceSerialSectioning_1#3,eval_CoNi-AM67_SEM-EBSD_SameSliceSerialSectioning_1,SerialSectioning,CoNi-AM67_SEM-EBSD_SameSliceSerialSectioning,control,ma_roma,direct,none,3,2048,3072,534,587,14,10000,1269,affine,"[2.7091424085592175, -0.07631035336922243, 693.5483138854999, -0.27078765208227557, 3.4623275767585806, 185.28964106147032, 0.0, 0.0, 1.0]",26.468,18.318,1.54,ok,
eval_CoNi-AM67_SEM-EBSD_SameSliceSerialSectioning_1#3,eval_CoNi-AM67_SEM-EBSD_SameSliceSerialSectioning_1,SerialSectioning,CoNi-AM67_SEM-EBSD_SameSliceSerialSectioning,control,ma_roma,direct,none,4,2048,3072,534,587,14,10000,1350,affine,"[2.689774722781087, -0.06714989547141005, 694.6802427426283, -0.28996591159385854, 3.481292189883619, 184.33293027986485, 0.0, 0.0, 1.0]",27.095,20.887,1.67,ok,
eval_CoNi-AM67_SEM-EBSD_SameSliceSerialSectioning_1#3,eval_CoNi-AM67_SEM-EBSD_SameSliceSerialSectioning_1,SerialSectioning,CoNi-AM67_SEM-EBSD_SameSliceSerialSectioning,control,ma_roma,direct,none,5,2048,3072,534,587,14,10000,1310,affine,"[2.7026445727535973, -0.08606428630256034, 698.3392723308389, -0.26354352378820123, 3.453837704387277, 187.2549340621381, 0.0, 0.0, 1.0]",26.007,19.861,1.63,ok,
eval_CoNi-AM67_SEM-EBSD_SameSliceSerialSectioning_1#4,eval_CoNi-AM67_SEM-EBSD_SameSliceSerialSectioning_1,SerialSectioning,CoNi-AM67_SEM-EBSD_SameSliceSerialSectioning,core,ma_roma,direct,none,0,2048,3072,534,587,14,10000,506,affine,"[2.6254910693944185, 0.02790433118142851, 679.8205611100459, -0.18601646210892786, 3.2278897012908265, 256.25187695974864, 0.0, 0.0, 1.0]",44.833,42.529,1.61,ok,
eval_CoNi-AM67_SEM-EBSD_SameSliceSerialSectioning_1#4,eval_CoNi-AM67_SEM-EBSD_SameSliceSerialSectioning_1,SerialSectioning,CoNi-AM67_SEM-EBSD_SameSliceSerialSectioning,core,ma_roma,pyramid_v2,none,0,2048,3072,534,587,14,10000,506,affine@direct,"[2.6254910693944185, 0.02790433118142851, 679.8205611100459, -0.18601646210892786, 3.2278897012908265, 256.25187695974864, 0.0, 0.0, 1.0]",44.833,42.529,1.52,ok,
eval_CoNi-AM67_SEM-EBSD_SameSliceSerialSectioning_1#4,eval_CoNi-AM67_SEM-EBSD_SameSliceSerialSectioning_1,SerialSectioning,CoNi-AM67_SEM-EBSD_SameSliceSerialSectioning,transform,ma_roma,direct,invert,0,2048,3072,534,587,14,10000,486,homography,"[2.1721096128282, -0.10350412744870975, 662.6889671536737, -0.550665912608555, 2.8464276550613765, 273.161233099677, -0.00037990394671427567, -0.0002457127355852287, 1.0]",180.113,99.766,1.62,ok,
eval_CoNi-AM67_SEM-EBSD_SameSliceSerialSectioning_1#4,eval_CoNi-AM67_SEM-EBSD_SameSliceSerialSectioning_1,SerialSectioning,CoNi-AM67_SEM-EBSD_SameSliceSerialSectioning,transform,ma_roma,direct,histmatch,0,2048,3072,534,587,14,10000,431,affine,"[2.825484290019519, 0.13454820853487282, 623.5438076672001, -0.22718377679166885, 3.389113895820966, 209.72044197416267, 0.0, 0.0, 1.0]",51.067,43.783,1.64,ok,
eval_CoNi-AM67_SEM-EBSD_SameSliceSerialSectioning_1#4,eval_CoNi-AM67_SEM-EBSD_SameSliceSerialSectioning_1,SerialSectioning,CoNi-AM67_SEM-EBSD_SameSliceSerialSectioning,transform,ma_roma,direct,clahe,0,2048,3072,534,587,14,10000,867,affine,"[2.6680913586881605, 0.05221509408341649, 665.1473645567789, -0.14251274147526052, 3.2099488038070367, 257.9009396330125, 0.0, 0.0, 1.0]",51.921,48.082,1.62,ok,
eval_CoNi-AM67_SEM-EBSD_SameSliceSerialSectioning_1#4,eval_CoNi-AM67_SEM-EBSD_SameSliceSerialSectioning_1,SerialSectioning,CoNi-AM67_SEM-EBSD_SameSliceSerialSectioning,transform,ma_roma,direct,gradmag,0,2048,3072,534,587,14,10000,586,homography,"[2.717351968548801, 0.4260216260758074, 674.2245072269883, -0.39503199202394923, 3.8837549341713506, 160.66906805931254, -0.0001590533070084772, 0.00024758609463008637, 1.0]",111.069,100.184,1.94,ok,
eval_CoNi-AM67_SEM-EBSD_SameSliceSerialSectioning_1#4,eval_CoNi-AM67_SEM-EBSD_SameSliceSerialSectioning_1,SerialSectioning,CoNi-AM67_SEM-EBSD_SameSliceSerialSectioning,control,ma_roma,direct,none,1,2048,3072,534,587,14,10000,570,affine,"[2.668199776562225, -0.04102368216293223, 699.1082680177657, -0.16440849648204872, 3.1754590681582653, 271.7792621885842, 0.0, 0.0, 1.0]",51.872,45.810,2.00,ok,
eval_CoNi-AM67_SEM-EBSD_SameSliceSerialSectioning_1#4,eval_CoNi-AM67_SEM-EBSD_SameSliceSerialSectioning_1,SerialSectioning,CoNi-AM67_SEM-EBSD_SameSliceSerialSectioning,control,ma_roma,direct,none,2,2048,3072,534,587,14,10000,615,affine,"[2.5678801259369552, 0.10504421794397845, 660.3838025669115, -0.18805082330652134, 3.272876616316208, 242.51505500039366, 0.0, 0.0, 1.0]",50.097,40.966,1.53,ok,
eval_CoNi-AM67_SEM-EBSD_SameSliceSerialSectioning_1#4,eval_CoNi-AM67_SEM-EBSD_SameSliceSerialSectioning_1,SerialSectioning,CoNi-AM67_SEM-EBSD_SameSliceSerialSectioning,control,ma_roma,direct,none,3,2048,3072,534,587,14,10000,692,affine,"[2.583442647119032, 0.07684687730720544, 665.779943999948, -0.18609252480830527, 3.2738601723515495, 242.55837115016107, 0.0, 0.0, 1.0]",47.304,39.545,1.41,ok,
eval_CoNi-AM67_SEM-EBSD_SameSliceSerialSectioning_1#4,eval_CoNi-AM67_SEM-EBSD_SameSliceSerialSectioning_1,SerialSectioning,CoNi-AM67_SEM-EBSD_SameSliceSerialSectioning,control,ma_roma,direct,none,4,2048,3072,534,587,14,10000,679,affine,"[2.557880922923103, 0.10637853742401591, 660.2618384353774, -0.18512008015256232, 3.2831544021662724, 239.38258085053917, 0.0, 0.0, 1.0]",51.013,40.794,1.50,ok,
eval_CoNi-AM67_SEM-EBSD_SameSliceSerialSectioning_1#4,eval_CoNi-AM67_SEM-EBSD_SameSliceSerialSectioning_1,SerialSectioning,CoNi-AM67_SEM-EBSD_SameSliceSerialSectioning,control,ma_roma,direct,none,5,2048,3072,534,587,14,10000,550,affine,"[2.6156572519473746, 0.055648621384678576, 671.8639958102356, -0.17085353238554526, 3.223117125623832, 256.57022121116916, 0.0, 0.0, 1.0]",48.249,42.601,1.59,ok,
eval_CoNi-AM67_SEM-EBSD_SameSliceSerialSectioning_1#5,eval_CoNi-AM67_SEM-EBSD_SameSliceSerialSectioning_1,SerialSectioning,CoNi-AM67_SEM-EBSD_SameSliceSerialSectioning,core,ma_roma,direct,none,0,2048,3072,534,587,14,10000,1101,affine,"[2.7093797493677307, 3.8431443794296564e-05, 677.0998928508764, -0.22607723746627476, 3.340647691625603, 212.73450537025178, 0.0, 0.0, 1.0]",29.474,24.836,1.66,ok,
eval_CoNi-AM67_SEM-EBSD_SameSliceSerialSectioning_1#5,eval_CoNi-AM67_SEM-EBSD_SameSliceSerialSectioning_1,SerialSectioning,CoNi-AM67_SEM-EBSD_SameSliceSerialSectioning,core,ma_roma,pyramid_v2,none,0,2048,3072,534,587,14,10000,1101,affine@direct,"[2.7093797493677307, 3.8431443794296564e-05, 677.0998928508764, -0.22607723746627476, 3.340647691625603, 212.73450537025178, 0.0, 0.0, 1.0]",29.474,24.836,1.40,ok,
eval_CoNi-AM67_SEM-EBSD_SameSliceSerialSectioning_1#5,eval_CoNi-AM67_SEM-EBSD_SameSliceSerialSectioning_1,SerialSectioning,CoNi-AM67_SEM-EBSD_SameSliceSerialSectioning,transform,ma_roma,direct,invert,0,2048,3072,534,587,14,10000,2083,affine,"[2.6458167646820323, -0.004510416154640181, 686.5234664057402, -0.2190337729124557, 3.2588185559226304, 245.1604082054846, 0.0, 0.0, 1.0]",36.933,41.767,1.52,ok,
eval_CoNi-AM67_SEM-EBSD_SameSliceSerialSectioning_1#5,eval_CoNi-AM67_SEM-EBSD_SameSliceSerialSectioning_1,SerialSectioning,CoNi-AM67_SEM-EBSD_SameSliceSerialSectioning,transform,ma_roma,direct,histmatch,0,2048,3072,534,587,14,10000,689,affine,"[2.59970119774797, -0.1499363777400678, 756.3904187703405, -0.23242433544337104, 3.390377433534837, 193.68630737570788, 0.0, 0.0, 1.0]",31.197,33.455,1.57,ok,
eval_CoNi-AM67_SEM-EBSD_SameSliceSerialSectioning_1#5,eval_CoNi-AM67_SEM-EBSD_SameSliceSerialSectioning_1,SerialSectioning,CoNi-AM67_SEM-EBSD_SameSliceSerialSectioning,transform,ma_roma,direct,clahe,0,2048,3072,534,587,14,10000,1626,affine,"[2.592568948744382, 0.0455518669563974, 671.5499423160193, -0.23000059029652734, 3.150457066180077, 299.57971259578903, 0.0, 0.0, 1.0]",63.197,60.250,1.59,ok,
eval_CoNi-AM67_SEM-EBSD_SameSliceSerialSectioning_1#5,eval_CoNi-AM67_SEM-EBSD_SameSliceSerialSectioning_1,SerialSectioning,CoNi-AM67_SEM-EBSD_SameSliceSerialSectioning,transform,ma_roma,direct,gradmag,0,2048,3072,534,587,14,10000,1446,affine,"[2.6209749985525668, -0.05575253455184818, 713.3566012771026, -0.1638379669197806, 3.5750753072166974, 112.86851144754405, 0.0, 0.0, 1.0]",26.151,22.370,1.84,ok,
eval_CoNi-AM67_SEM-EBSD_SameSliceSerialSectioning_1#5,eval_CoNi-AM67_SEM-EBSD_SameSliceSerialSectioning_1,SerialSectioning,CoNi-AM67_SEM-EBSD_SameSliceSerialSectioning,control,ma_roma,direct,none,1,2048,3072,534,587,14,10000,1178,affine,"[2.6502930850548254, -0.01536269932976207, 690.4810786709975, -0.2843296179168842, 3.2979695117410786, 239.54559686654056, 0.0, 0.0, 1.0]",36.145,32.737,1.45,ok,
eval_CoNi-AM67_SEM-EBSD_SameSliceSerialSectioning_1#5,eval_CoNi-AM67_SEM-EBSD_SameSliceSerialSectioning_1,SerialSectioning,CoNi-AM67_SEM-EBSD_SameSliceSerialSectioning,control,ma_roma,direct,none,2,2048,3072,534,587,14,10000,1103,affine,"[2.643528866439604, -0.002414209997865049, 686.0869713476252, -0.27813048359595155, 3.289310740542171, 241.7924905637301, 0.0, 0.0, 1.0]",37.299,34.599,1.59,ok,
eval_CoNi-AM67_SEM-EBSD_SameSliceSerialSectioning_1#5,eval_CoNi-AM67_SEM-EBSD_SameSliceSerialSectioning_1,SerialSectioning,CoNi-AM67_SEM-EBSD_SameSliceSerialSectioning,control,ma_roma,direct,none,3,2048,3072,534,587,14,10000,1255,affine,"[2.6681185866772346, -0.025061565113181437, 693.4753653978095, -0.2733096662009246, 3.2768960567346297, 245.93240822147277, 0.0, 0.0, 1.0]",36.984,26.553,1.51,ok,
eval_CoNi-AM67_SEM-EBSD_SameSliceSerialSectioning_1#5,eval_CoNi-AM67_SEM-EBSD_SameSliceSerialSectioning_1,SerialSectioning,CoNi-AM67_SEM-EBSD_SameSliceSerialSectioning,control,ma_roma,direct,none,4,2048,3072,534,587,14,10000,1301,affine,"[2.6635999557423484, -0.01193792832487732, 688.4004695512806, -0.2818192000964468, 3.308151520398966, 235.21761746312825, 0.0, 0.0, 1.0]",34.618,31.616,1.52,ok,
eval_CoNi-AM67_SEM-EBSD_SameSliceSerialSectioning_1#5,eval_CoNi-AM67_SEM-EBSD_SameSliceSerialSectioning_1,SerialSectioning,CoNi-AM67_SEM-EBSD_SameSliceSerialSectioning,control,ma_roma,direct,none,5,2048,3072,534,587,14,10000,1147,affine,"[2.704072333828706, 0.004601122678898051, 676.4375180158365, -0.227404038058571, 3.3286112877691005, 217.74547451416538, 0.0, 0.0, 1.0]",30.458,24.663,1.49,ok,
eval_CoNi-AM67_SEM-EBSD_SameSliceSerialSectioning_2#0,eval_CoNi-AM67_SEM-EBSD_SameSliceSerialSectioning_2,SerialSectioning,CoNi-AM67_SEM-EBSD_SameSliceSerialSectioning,core,ma_roma,direct,none,0,2048,3072,534,587,18,10000,1243,affine,"[2.6388507548244107, 0.03160195775512545, 665.9555109110897, -0.21303556294855466, 3.2104570214001904, 249.79057641065515, 0.0, 0.0, 1.0]",43.520,39.285,1.58,ok,
eval_CoNi-AM67_SEM-EBSD_SameSliceSerialSectioning_2#0,eval_CoNi-AM67_SEM-EBSD_SameSliceSerialSectioning_2,SerialSectioning,CoNi-AM67_SEM-EBSD_SameSliceSerialSectioning,core,ma_roma,pyramid_v2,none,0,2048,3072,534,587,18,10000,1243,affine@direct,"[2.6388507548244107, 0.03160195775512545, 665.9555109110897, -0.21303556294855466, 3.2104570214001904, 249.79057641065515, 0.0, 0.0, 1.0]",43.520,39.285,1.63,ok,
eval_CoNi-AM67_SEM-EBSD_SameSliceSerialSectioning_2#0,eval_CoNi-AM67_SEM-EBSD_SameSliceSerialSectioning_2,SerialSectioning,CoNi-AM67_SEM-EBSD_SameSliceSerialSectioning,transform,ma_roma,direct,invert,0,2048,3072,534,587,18,10000,396,affine,"[3.1007501311521084, 0.06422732585699398, 648.6040445346987, 0.37438274900211993, 3.5972190820634364, 107.15722413369485, 0.0, 0.0, 1.0]",213.541,239.547,1.53,ok,
eval_CoNi-AM67_SEM-EBSD_SameSliceSerialSectioning_2#0,eval_CoNi-AM67_SEM-EBSD_SameSliceSerialSectioning_2,SerialSectioning,CoNi-AM67_SEM-EBSD_SameSliceSerialSectioning,transform,ma_roma,direct,histmatch,0,2048,3072,534,587,18,10000,765,affine,"[2.757374923838545, 0.06506640371135114, 648.4018095543506, -0.031055162051953317, 3.2367694845744617, 236.2960450135622, 0.0, 0.0, 1.0]",80.847,77.591,1.71,ok,
eval_CoNi-AM67_SEM-EBSD_SameSliceSerialSectioning_2#0,eval_CoNi-AM67_SEM-EBSD_SameSliceSerialSectioning_2,SerialSectioning,CoNi-AM67_SEM-EBSD_SameSliceSerialSectioning,transform,ma_roma,direct,clahe,0,2048,3072,534,587,18,10000,1436,affine,"[2.6681781358365657, 0.013659868493323577, 671.9712553893788, -0.18495662960497777, 3.2564437966805957, 237.58458699914172, 0.0, 0.0, 1.0]",39.985,37.536,1.58,ok,
eval_CoNi-AM67_SEM-EBSD_SameSliceSerialSectioning_2#0,eval_CoNi-AM67_SEM-EBSD_SameSliceSerialSectioning_2,SerialSectioning,CoNi-AM67_SEM-EBSD_SameSliceSerialSectioning,transform,ma_roma,direct,gradmag,0,2048,3072,534,587,18,10000,1079,affine,"[2.4022710686969866, -0.015235383329555905, 690.9528384677624, 0.2346021848820822, 3.3545782952708474, 199.2840330951749, 0.0, 0.0, 1.0]",171.034,204.680,1.77,ok,
eval_CoNi-AM67_SEM-EBSD_SameSliceSerialSectioning_2#0,eval_CoNi-AM67_SEM-EBSD_SameSliceSerialSectioning_2,SerialSectioning,CoNi-AM67_SEM-EBSD_SameSliceSerialSectioning,control,ma_roma,direct,none,1,2048,3072,534,587,18,10000,1269,affine,"[2.6437148154716676, 0.029671398407748514, 666.2808776342025, -0.24873114245532274, 3.226222240357047, 244.83456405966444, 0.0, 0.0, 1.0]",40.099,34.452,1.55,ok,
eval_CoNi-AM67_SEM-EBSD_SameSliceSerialSectioning_2#0,eval_CoNi-AM67_SEM-EBSD_SameSliceSerialSectioning_2,SerialSectioning,CoNi-AM67_SEM-EBSD_SameSliceSerialSectioning,control,ma_roma,direct,none,2,2048,3072,534,587,18,10000,1219,affine,"[2.652811636553382, 0.02459024683244867, 668.0909912083983, -0.24865538461453773, 3.2253246212474482, 244.8985875239132, 0.0, 0.0, 1.0]",38.787,31.255,1.50,ok,
eval_CoNi-AM67_SEM-EBSD_SameSliceSerialSectioning_2#0,eval_CoNi-AM67_SEM-EBSD_SameSliceSerialSectioning_2,SerialSectioning,CoNi-AM67_SEM-EBSD_SameSliceSerialSectioning,control,ma_roma,direct,none,3,2048,3072,534,587,18,10000,854,affine,"[2.609973128549619, 0.061824906545544775, 654.3000516990095, -0.19856824859671388, 3.0186590018110073, 342.0506228850036, 0.0, 0.0, 1.0]",84.870,85.237,1.55,ok,
eval_CoNi-AM67_SEM-EBSD_SameSliceSerialSectioning_2#0,eval_CoNi-AM67_SEM-EBSD_SameSliceSerialSectioning_2,SerialSectioning,CoNi-AM67_SEM-EBSD_SameSliceSerialSectioning,control,ma_roma,direct,none,4,2048,3072,534,587,18,10000,1315,affine,"[2.6410261781130164, 0.03213573556078041, 665.4826563368493, -0.21186384209919376, 3.1959184293593625, 255.9271245816824, 0.0, 0.0, 1.0]",45.549,40.264,1.47,ok,
eval_CoNi-AM67_SEM-EBSD_SameSliceSerialSectioning_2#0,eval_CoNi-AM67_SEM-EBSD_SameSliceSerialSectioning_2,SerialSectioning,CoNi-AM67_SEM-EBSD_SameSliceSerialSectioning,control,ma_roma,direct,none,5,2048,3072,534,587,18,10000,1086,affine,"[2.644838626687437, 0.029503536487531585, 666.4970547704562, -0.16378065873314518, 3.220344996880882, 245.67819279991932, 0.0, 0.0, 1.0]",46.221,44.161,1.57,ok,
eval_CoNi-AM67_SEM-EBSD_SameSliceSerialSectioning_2#1,eval_CoNi-AM67_SEM-EBSD_SameSliceSerialSectioning_2,SerialSectioning,CoNi-AM67_SEM-EBSD_SameSliceSerialSectioning,core,ma_roma,direct,none,0,2048,3072,534,587,18,10000,436,affine,"[3.4556288719101285, -0.13869781987241922, 608.7642911004275, -0.12732522149160153, 3.7531302299043223, 123.49414982237144, 0.0, 0.0, 1.0]",195.107,209.366,1.74,ok,
eval_CoNi-AM67_SEM-EBSD_SameSliceSerialSectioning_2#1,eval_CoNi-AM67_SEM-EBSD_SameSliceSerialSectioning_2,SerialSectioning,CoNi-AM67_SEM-EBSD_SameSliceSerialSectioning,core,ma_roma,pyramid_v2,none,0,2048,3072,534,587,18,10000,436,affine@direct,"[3.4556288719101285, -0.13869781987241922, 608.7642911004275, -0.12732522149160153, 3.7531302299043223, 123.49414982237144, 0.0, 0.0, 1.0]",195.107,209.366,1.68,ok,
eval_CoNi-AM67_SEM-EBSD_SameSliceSerialSectioning_2#1,eval_CoNi-AM67_SEM-EBSD_SameSliceSerialSectioning_2,SerialSectioning,CoNi-AM67_SEM-EBSD_SameSliceSerialSectioning,transform,ma_roma,direct,invert,0,2048,3072,534,587,18,10000,367,affine,"[2.830453331262114, 0.015549287185161825, 696.699094337786, 0.3085020027417289, 3.9202650114413573, 5.650813571216759, 0.0, 0.0, 1.0]",163.759,157.784,1.57,ok,
eval_CoNi-AM67_SEM-EBSD_SameSliceSerialSectioning_2#1,eval_CoNi-AM67_SEM-EBSD_SameSliceSerialSectioning_2,SerialSectioning,CoNi-AM67_SEM-EBSD_SameSliceSerialSectioning,transform,ma_roma,direct,histmatch,0,2048,3072,534,587,18,10000,383,affine,"[3.666012791455729, -0.18150337429269092, 521.57564700934, -0.17621724777630912, 3.5942837001841115, 182.6516460490178, 0.0, 0.0, 1.0]",206.652,219.276,1.62,ok,
eval_CoNi-AM67_SEM-EBSD_SameSliceSerialSectioning_2#1,eval_CoNi-AM67_SEM-EBSD_SameSliceSerialSectioning_2,SerialSectioning,CoNi-AM67_SEM-EBSD_SameSliceSerialSectioning,transform,ma_roma,direct,clahe,0,2048,3072,534,587,18,10000,414,affine,"[3.1489103105533576, 0.0470225853126176, 682.4159738957122, -0.05754881780334453, 3.5431933143086343, 114.2574056387732, 0.0, 0.0, 1.0]",175.709,190.143,1.55,ok,
eval_CoNi-AM67_SEM-EBSD_SameSliceSerialSectioning_2#1,eval_CoNi-AM67_SEM-EBSD_SameSliceSerialSectioning_2,SerialSectioning,CoNi-AM67_SEM-EBSD_SameSliceSerialSectioning,transform,ma_roma,direct,gradmag,0,2048,3072,534,587,18,10000,462,affine,"[3.2296499455320995, 0.14605745722868546, 635.9299190221665, 0.1845563319389785, 3.6688161523512504, 81.4619221715916, 0.0, 0.0, 1.0]",208.957,223.874,1.82,ok,
eval_CoNi-AM67_SEM-EBSD_SameSliceSerialSectioning_2#1,eval_CoNi-AM67_SEM-EBSD_SameSliceSerialSectioning_2,SerialSectioning,CoNi-AM67_SEM-EBSD_SameSliceSerialSectioning,control,ma_roma,direct,none,1,2048,3072,534,587,18,10000,402,affine,"[3.5604403527561965, -0.05446048179858282, 540.4907414617901, -0.13033494473234292, 3.738083127749999, 128.01716239083203, 0.0, 0.0, 1.0]",199.874,211.271,1.54,ok,
eval_CoNi-AM67_SEM-EBSD_SameSliceSerialSectioning_2#1,eval_CoNi-AM67_SEM-EBSD_SameSliceSerialSectioning_2,SerialSectioning,CoNi-AM67_SEM-EBSD_SameSliceSerialSectioning,control,ma_roma,direct,none,2,2048,3072,534,587,18,10000,459,affine,"[3.480758090541444, -0.20155797141641094, 621.5718537210382, -0.01681765411588526, 3.8909464304545223, 37.82858203723083, 0.0, 0.0, 1.0]",201.909,214.790,1.59,ok,
eval_CoNi-AM67_SEM-EBSD_SameSliceSerialSectioning_2#1,eval_CoNi-AM67_SEM-EBSD_SameSliceSerialSectioning_2,SerialSectioning,CoNi-AM67_SEM-EBSD_SameSliceSerialSectioning,control,ma_roma,direct,none,3,2048,3072,534,587,18,10000,463,affine,"[3.449232816808798, -0.1318278097442716, 609.766964020952, -0.00888402018234061, 3.9122966096529224, 26.656994029894122, 0.0, 0.0, 1.0]",195.879,199.264,1.68,ok,
eval_CoNi-AM67_SEM-EBSD_SameSliceSerialSectioning_2#1,eval_CoNi-AM67_SEM-EBSD_SameSliceSerialSectioning_2,SerialSectioning,CoNi-AM67_SEM-EBSD_SameSliceSerialSectioning,control,ma_roma,direct,none,4,2048,3072,534,587,18,10000,410,affine,"[3.4555572758490642, -0.12849163341868636, 605.1620166526401, -0.005881815835963398, 3.9114789892613984, 26.705885576248193, 0.0, 0.0, 1.0]",195.699,199.532,1.55,ok,
eval_CoNi-AM67_SEM-EBSD_SameSliceSerialSectioning_2#1,eval_CoNi-AM67_SEM-EBSD_SameSliceSerialSectioning_2,SerialSectioning,CoNi-AM67_SEM-EBSD_SameSliceSerialSectioning,control,ma_roma,direct,none,5,2048,3072,534,587,18,10000,450,affine,"[3.6196682955905213, -0.057330832063522234, 518.635663782858, -0.11351833793277166, 3.7363602098784003, 121.47408810985155, 0.0, 0.0, 1.0]",204.565,218.583,1.58,ok,
eval_CoNi-AM67_SEM-EBSD_SameSliceSerialSectioning_2#2,eval_CoNi-AM67_SEM-EBSD_SameSliceSerialSectioning_2,SerialSectioning,CoNi-AM67_SEM-EBSD_SameSliceSerialSectioning,core,ma_roma,direct,none,0,2048,3072,534,587,18,10000,3495,affine,"[2.6840851581810936, -0.005618349508580121, 675.1596620550738, -0.32602961121062723, 3.661913093128575, 134.30865855022796, 0.0, 0.0, 1.0]",34.142,20.849,1.58,ok,
eval_CoNi-AM67_SEM-EBSD_SameSliceSerialSectioning_2#2,eval_CoNi-AM67_SEM-EBSD_SameSliceSerialSectioning_2,SerialSectioning,CoNi-AM67_SEM-EBSD_SameSliceSerialSectioning,core,ma_roma,pyramid_v2,none,0,2048,3072,534,587,18,10000,3495,affine@direct,"[2.6840851581810936, -0.005618349508580121, 675.1596620550738, -0.32602961121062723, 3.661913093128575, 134.30865855022796, 0.0, 0.0, 1.0]",34.142,20.849,1.54,ok,
eval_CoNi-AM67_SEM-EBSD_SameSliceSerialSectioning_2#2,eval_CoNi-AM67_SEM-EBSD_SameSliceSerialSectioning_2,SerialSectioning,CoNi-AM67_SEM-EBSD_SameSliceSerialSectioning,transform,ma_roma,direct,invert,0,2048,3072,534,587,18,10000,1347,affine,"[2.6255239769072056, 0.026101058849077253, 671.9345641503257, -0.24258301519588094, 3.3093324122475853, 221.65782850716232, 0.0, 0.0, 1.0]",34.023,33.182,1.58,ok,
eval_CoNi-AM67_SEM-EBSD_SameSliceSerialSectioning_2#2,eval_CoNi-AM67_SEM-EBSD_SameSliceSerialSectioning_2,SerialSectioning,CoNi-AM67_SEM-EBSD_SameSliceSerialSectioning,transform,ma_roma,direct,histmatch,0,2048,3072,534,587,18,10000,1403,homography,"[2.6763570108405115, 0.2670086996457782, 655.5561021585738, -0.29981753746020784, 3.9999754986100267, 103.15993438071527, -0.00019364586294077024, 0.0002819365188021894, 1.0]",69.348,59.052,1.64,ok,
eval_CoNi-AM67_SEM-EBSD_SameSliceSerialSectioning_2#2,eval_CoNi-AM67_SEM-EBSD_SameSliceSerialSectioning_2,SerialSectioning,CoNi-AM67_SEM-EBSD_SameSliceSerialSectioning,transform,ma_roma,direct,clahe,0,2048,3072,534,587,18,10000,2379,affine,"[2.6874450579017575, -0.006692935918890344, 674.9621906886584, -0.30130723917449165, 3.616622149428651, 139.2324604665978, 0.0, 0.0, 1.0]",29.757,16.097,1.55,ok,
eval_CoNi-AM67_SEM-EBSD_SameSliceSerialSectioning_2#2,eval_CoNi-AM67_SEM-EBSD_SameSliceSerialSectioning_2,SerialSectioning,CoNi-AM67_SEM-EBSD_SameSliceSerialSectioning,transform,ma_roma,direct,gradmag,0,2048,3072,534,587,18,10000,1222,homography,"[2.9080788750362854, -0.5459258294854781, 671.6898145304235, -0.043075587472867355, 3.431311815212136, 73.83722641289195, 0.0001204837792458659, -0.00032458329823524675, 1.0]",68.460,35.164,1.83,ok,
eval_CoNi-AM67_SEM-EBSD_SameSliceSerialSectioning_2#2,eval_CoNi-AM67_SEM-EBSD_SameSliceSerialSectioning_2,SerialSectioning,CoNi-AM67_SEM-EBSD_SameSliceSerialSectioning,control,ma_roma,direct,none,1,2048,3072,534,587,18,10000,3249,affine,"[2.7059025860720842, 0.004461654275746493, 670.7929509399955, -0.32949336815078617, 3.6486106695064344, 136.8901935043723, 0.0, 0.0, 1.0]",35.639,23.262,1.48,ok,
eval_CoNi-AM67_SEM-EBSD_SameSliceSerialSectioning_2#2,eval_CoNi-AM67_SEM-EBSD_SameSliceSerialSectioning_2,SerialSectioning,CoNi-AM67_SEM-EBSD_SameSliceSerialSectioning,control,ma_roma,direct,none,2,2048,3072,534,587,18,10000,3380,affine,"[2.6966906749516584, 0.0025628296554163032, 672.2492709708297, -0.33254348441447196, 3.6527022555745745, 136.63015033578165, 0.0, 0.0, 1.0]",35.524,23.368,1.67,ok,
eval_CoNi-AM67_SEM-EBSD_SameSliceSerialSectioning_2#2,eval_CoNi-AM67_SEM-EBSD_SameSliceSerialSectioning_2,SerialSectioning,CoNi-AM67_SEM-EBSD_SameSliceSerialSectioning,control,ma_roma,direct,none,3,2048,3072,534,587,18,10000,3757,affine,"[2.6871813687204993, -0.02351254031689628, 677.790615772674, -0.32219272388802433, 3.6574588586637358, 133.90556744677588, 0.0, 0.0, 1.0]",33.449,20.370,1.48,ok,
eval_CoNi-AM67_SEM-EBSD_SameSliceSerialSectioning_2#2,eval_CoNi-AM67_SEM-EBSD_SameSliceSerialSectioning_2,SerialSectioning,CoNi-AM67_SEM-EBSD_SameSliceSerialSectioning,control,ma_roma,direct,none,4,2048,3072,534,587,18,10000,3702,homography,"[2.7648569354405965, 0.15758347080938523, 663.1614670310574, -0.33936550672139865, 3.835703922543862, 126.26008852251951, -2.8006059811493204e-06, 0.0001546679503074099, 1.0]",33.673,23.337,1.71,ok,
eval_CoNi-AM67_SEM-EBSD_SameSliceSerialSectioning_2#2,eval_CoNi-AM67_SEM-EBSD_SameSliceSerialSectioning_2,SerialSectioning,CoNi-AM67_SEM-EBSD_SameSliceSerialSectioning,control,ma_roma,direct,none,5,2048,3072,534,587,18,10000,3355,affine,"[2.689293659541751, -0.002095479612697844, 674.1999713862663, -0.33409482161465154, 3.656391168887178, 136.03883252304843, 0.0, 0.0, 1.0]",35.471,23.606,1.75,ok,
eval_CoNi-AM67_SEM-EBSD_SameSliceSerialSectioning_2#3,eval_CoNi-AM67_SEM-EBSD_SameSliceSerialSectioning_2,SerialSectioning,CoNi-AM67_SEM-EBSD_SameSliceSerialSectioning,core,ma_roma,direct,none,0,2048,3072,534,587,18,10000,1258,affine,"[2.6104386021507358, -0.05184103494697668, 710.3198598946835, -0.06017444513063664, 3.5159092811766035, 85.5485695920911, 0.0, 0.0, 1.0]",26.050,18.815,1.77,ok,
eval_CoNi-AM67_SEM-EBSD_SameSliceSerialSectioning_2#3,eval_CoNi-AM67_SEM-EBSD_SameSliceSerialSectioning_2,SerialSectioning,CoNi-AM67_SEM-EBSD_SameSliceSerialSectioning,core,ma_roma,pyramid_v2,none,0,2048,3072,534,587,18,10000,1258,affine@direct,"[2.6104386021507358, -0.05184103494697668, 710.3198598946835, -0.06017444513063664, 3.5159092811766035, 85.5485695920911, 0.0, 0.0, 1.0]",26.050,18.815,1.72,ok,
eval_CoNi-AM67_SEM-EBSD_SameSliceSerialSectioning_2#3,eval_CoNi-AM67_SEM-EBSD_SameSliceSerialSectioning_2,SerialSectioning,CoNi-AM67_SEM-EBSD_SameSliceSerialSectioning,transform,ma_roma,direct,invert,0,2048,3072,534,587,18,10000,2219,affine,"[2.633019192438871, -0.017535567554153562, 685.6936455898071, -0.14172754820459046, 3.266879496368632, 217.92596067224326, 0.0, 0.0, 1.0]",36.877,35.415,1.57,ok,
eval_CoNi-AM67_SEM-EBSD_SameSliceSerialSectioning_2#3,eval_CoNi-AM67_SEM-EBSD_SameSliceSerialSectioning_2,SerialSectioning,CoNi-AM67_SEM-EBSD_SameSliceSerialSectioning,transform,ma_roma,direct,histmatch,0,2048,3072,534,587,18,10000,874,homography,"[2.524023487701975, -0.08535470662527214, 698.6763811443683, -0.22226673865355434, 3.252180090104245, 229.11490848142347, -2.9911901542858446e-05, -3.175124318262561e-05, 1.0]",39.644,38.643,1.59,ok,
eval_CoNi-AM67_SEM-EBSD_SameSliceSerialSectioning_2#3,eval_CoNi-AM67_SEM-EBSD_SameSliceSerialSectioning_2,SerialSectioning,CoNi-AM67_SEM-EBSD_SameSliceSerialSectioning,transform,ma_roma,direct,clahe,0,2048,3072,534,587,18,10000,1392,affine,"[2.662551698049552, -0.0330266509158806, 688.9377415718633, -0.07525200668482485, 3.63876112559198, 57.595026386437894, 0.0, 0.0, 1.0]",27.541,17.903,1.52,ok,
eval_CoNi-AM67_SEM-EBSD_SameSliceSerialSectioning_2#3,eval_CoNi-AM67_SEM-EBSD_SameSliceSerialSectioning_2,SerialSectioning,CoNi-AM67_SEM-EBSD_SameSliceSerialSectioning,transform,ma_roma,direct,gradmag,0,2048,3072,534,587,18,10000,851,affine,"[2.444161773631466, -0.0223000926454153, 786.1808560505667, 0.002005610068079286, 3.5085377538747595, 52.1724419418108, 0.0, 0.0, 1.0]",52.036,31.435,1.74,ok,
eval_CoNi-AM67_SEM-EBSD_SameSliceSerialSectioning_2#3,eval_CoNi-AM67_SEM-EBSD_SameSliceSerialSectioning_2,SerialSectioning,CoNi-AM67_SEM-EBSD_SameSliceSerialSectioning,control,ma_roma,direct,none,1,2048,3072,534,587,18,10000,1199,affine,"[2.582564078133539, -0.1059728479194601, 739.9193103530771, -0.07387963861224545, 3.482925897114329, 102.84973556811315, 0.0, 0.0, 1.0]",26.449,17.246,1.60,ok,
eval_CoNi-AM67_SEM-EBSD_SameSliceSerialSectioning_2#3,eval_CoNi-AM67_SEM-EBSD_SameSliceSerialSectioning_2,SerialSectioning,CoNi-AM67_SEM-EBSD_SameSliceSerialSectioning,control,ma_roma,direct,none,2,2048,3072,534,587,18,10000,1291,affine,"[2.6485072391444975, -0.07325043414860057, 695.89374051588, -0.21451572196433635, 3.5160567423542086, 167.09086179911208, 0.0, 0.0, 1.0]",24.453,22.017,1.66,ok,
eval_CoNi-AM67_SEM-EBSD_SameSliceSerialSectioning_2#3,eval_CoNi-AM67_SEM-EBSD_SameSliceSerialSectioning_2,SerialSectioning,CoNi-AM67_SEM-EBSD_SameSliceSerialSectioning,control,ma_roma,direct,none,3,2048,3072,534,587,18,10000,1303,affine,"[2.6487696271993952, -0.06714725642826902, 694.0136031353135, -0.2131642572145678, 3.49945560206793, 172.46160759102486, 0.0, 0.0, 1.0]",25.133,21.138,1.65,ok,
eval_CoNi-AM67_SEM-EBSD_SameSliceSerialSectioning_2#3,eval_CoNi-AM67_SEM-EBSD_SameSliceSerialSectioning_2,SerialSectioning,CoNi-AM67_SEM-EBSD_SameSliceSerialSectioning,control,ma_roma,direct,none,4,2048,3072,534,587,18,10000,1180,affine,"[2.592898033644458, -0.10119455665641107, 733.0852011892698, -0.08459905859987855, 3.51852578109392, 96.91058201796818, 0.0, 0.0, 1.0]",24.303,16.586,1.50,ok,
eval_CoNi-AM67_SEM-EBSD_SameSliceSerialSectioning_2#3,eval_CoNi-AM67_SEM-EBSD_SameSliceSerialSectioning_2,SerialSectioning,CoNi-AM67_SEM-EBSD_SameSliceSerialSectioning,control,ma_roma,direct,none,5,2048,3072,534,587,18,10000,1282,homography,"[2.840302927172127, 0.2094583578946536, 660.5403082868177, -0.1914072702538636, 3.8763960228886494, 138.63331048829156, -2.4907484819881575e-05, 0.0002382423629654673, 0.9999999999999999]",30.832,30.031,1.49,ok,
eval_CoNi-AM67_SEM-EBSD_SameSliceSerialSectioning_2#4,eval_CoNi-AM67_SEM-EBSD_SameSliceSerialSectioning_2,SerialSectioning,CoNi-AM67_SEM-EBSD_SameSliceSerialSectioning,core,ma_roma,direct,none,0,2048,3072,534,587,18,10000,335,homography,"[2.796225714680926, 0.13365734867386858, 665.766564435482, -0.24308984384901117, 3.689120255633012, 167.00547870051253, -6.970804680204596e-06, 0.00016157796177890057, 1.0]",24.456,22.800,1.54,ok,
eval_CoNi-AM67_SEM-EBSD_SameSliceSerialSectioning_2#4,eval_CoNi-AM67_SEM-EBSD_SameSliceSerialSectioning_2,SerialSectioning,CoNi-AM67_SEM-EBSD_SameSliceSerialSectioning,core,ma_roma,pyramid_v2,none,0,2048,3072,534,587,18,10000,335,homography@direct,"[2.796225714680926, 0.13365734867386858, 665.766564435482, -0.24308984384901117, 3.689120255633012, 167.00547870051253, -6.970804680204596e-06, 0.00016157796177890057, 1.0]",24.456,22.800,1.62,ok,
eval_CoNi-AM67_SEM-EBSD_SameSliceSerialSectioning_2#4,eval_CoNi-AM67_SEM-EBSD_SameSliceSerialSectioning_2,SerialSectioning,CoNi-AM67_SEM-EBSD_SameSliceSerialSectioning,transform,ma_roma,direct,invert,0,2048,3072,534,587,18,10000,717,affine,"[2.6738800028386156, 0.011927454919574082, 671.4687908760411, -0.21904283390315787, 3.5062606438712396, 159.27408801533045, 0.0, 0.0, 1.0]",21.154,16.500,1.58,ok,
eval_CoNi-AM67_SEM-EBSD_SameSliceSerialSectioning_2#4,eval_CoNi-AM67_SEM-EBSD_SameSliceSerialSectioning_2,SerialSectioning,CoNi-AM67_SEM-EBSD_SameSliceSerialSectioning,transform,ma_roma,direct,histmatch,0,2048,3072,534,587,18,10000,428,affine,"[2.584341132914556, -0.10187516271332543, 717.8052058223182, -0.18790874506811692, 3.4356790941431044, 177.75364195943143, 0.0, 0.0, 1.0]",30.790,32.305,1.60,ok,
eval_CoNi-AM67_SEM-EBSD_SameSliceSerialSectioning_2#4,eval_CoNi-AM67_SEM-EBSD_SameSliceSerialSectioning_2,SerialSectioning,CoNi-AM67_SEM-EBSD_SameSliceSerialSectioning,transform,ma_roma,direct,clahe,0,2048,3072,534,587,18,10000,624,affine,"[2.571750384616754, -0.15580828846219322, 738.2896748344582, -0.1905450553872608, 3.4580270928670394, 174.59783137190095, 0.0, 0.0, 1.0]",33.337,34.714,1.60,ok,
eval_CoNi-AM67_SEM-EBSD_SameSliceSerialSectioning_2#4,eval_CoNi-AM67_SEM-EBSD_SameSliceSerialSectioning_2,SerialSectioning,CoNi-AM67_SEM-EBSD_SameSliceSerialSectioning,transform,ma_roma,direct,gradmag,0,2048,3072,534,587,18,10000,486,affine,"[2.504829996795049, -0.380589087313818, 872.3994264632526, -0.16153960847226834, 3.3176864542556483, 195.8426263517598, 0.0, 0.0, 1.0]",63.126,56.123,1.81,ok,
eval_CoNi-AM67_SEM-EBSD_SameSliceSerialSectioning_2#4,eval_CoNi-AM67_SEM-EBSD_SameSliceSerialSectioning_2,SerialSectioning,CoNi-AM67_SEM-EBSD_SameSliceSerialSectioning,control,ma_roma,direct,none,1,2048,3072,534,587,18,10000,350,affine,"[2.6668565725000484, 0.08399624801144749, 642.5699043531885, -0.1553538876571984, 3.8106119669718312, 23.973073858048792, 0.0, 0.0, 1.0]",53.187,55.885,1.63,ok,
eval_CoNi-AM67_SEM-EBSD_SameSliceSerialSectioning_2#4,eval_CoNi-AM67_SEM-EBSD_SameSliceSerialSectioning_2,SerialSectioning,CoNi-AM67_SEM-EBSD_SameSliceSerialSectioning,control,ma_roma,direct,none,2,2048,3072,534,587,18,10000,338,affine,"[2.6197789283248683, 0.0009079783101027866, 685.6820838713855, -0.1900955970209213, 3.8132682090308, 37.611513994027746, 0.0, 0.0, 1.0]",47.656,48.771,1.67,ok,
eval_CoNi-AM67_SEM-EBSD_SameSliceSerialSectioning_2#4,eval_CoNi-AM67_SEM-EBSD_SameSliceSerialSectioning_2,SerialSectioning,CoNi-AM67_SEM-EBSD_SameSliceSerialSectioning,control,ma_roma,direct,none,3,2048,3072,534,587,18,10000,362,homography,"[2.6128637421413403, 0.09916817199395032, 678.8147887205336, -0.2841530391176675, 3.885659424329535, 74.55675354009152, -4.408013811190885e-05, 0.00011941560082963403, 1.0]",39.381,34.797,1.60,ok,
eval_CoNi-AM67_SEM-EBSD_SameSliceSerialSectioning_2#4,eval_CoNi-AM67_SEM-EBSD_SameSliceSerialSectioning_2,SerialSectioning,CoNi-AM67_SEM-EBSD_SameSliceSerialSectioning,control,ma_roma,direct,none,4,2048,3072,534,587,18,10000,371,affine,"[2.5689598472829243, -0.1272779811585358, 738.7611836992301, -0.21303596787412296, 3.604919923089774, 113.0999536305992, 0.0, 0.0, 1.0]",30.577,30.901,1.60,ok,
eval_CoNi-AM67_SEM-EBSD_SameSliceSerialSectioning_2#4,eval_CoNi-AM67_SEM-EBSD_SameSliceSerialSectioning_2,SerialSectioning,CoNi-AM67_SEM-EBSD_SameSliceSerialSectioning,control,ma_roma,direct,none,5,2048,3072,534,587,18,10000,356,homography,"[4.069794373758674, -1.0084193091446567, 751.4883787929665, 1.0257958833659735, 3.269692311548309, -138.92092036519892, 0.0007732033432658621, -0.000521668625178602, 1.0]",120.958,87.883,1.64,ok,
eval_CoNi-AM67_SEM-EBSD_SameSliceSerialSectioning_2#5,eval_CoNi-AM67_SEM-EBSD_SameSliceSerialSectioning_2,SerialSectioning,CoNi-AM67_SEM-EBSD_SameSliceSerialSectioning,core,ma_roma,direct,none,0,2048,3072,534,587,18,10000,2103,affine,"[2.6549648172024805, -0.0784468374264199, 698.7225359557466, -0.07640049568870233, 3.590808539806841, 68.35314832055269, 0.0, 0.0, 1.0]",25.642,20.084,1.54,ok,
eval_CoNi-AM67_SEM-EBSD_SameSliceSerialSectioning_2#5,eval_CoNi-AM67_SEM-EBSD_SameSliceSerialSectioning_2,SerialSectioning,CoNi-AM67_SEM-EBSD_SameSliceSerialSectioning,core,ma_roma,pyramid_v2,none,0,2048,3072,534,587,18,10000,2103,affine@direct,"[2.6549648172024805, -0.0784468374264199, 698.7225359557466, -0.07640049568870233, 3.590808539806841, 68.35314832055269, 0.0, 0.0, 1.0]",25.642,20.084,1.61,ok,
eval_CoNi-AM67_SEM-EBSD_SameSliceSerialSectioning_2#5,eval_CoNi-AM67_SEM-EBSD_SameSliceSerialSectioning_2,SerialSectioning,CoNi-AM67_SEM-EBSD_SameSliceSerialSectioning,transform,ma_roma,direct,invert,0,2048,3072,534,587,18,10000,2074,affine,"[2.6330231066519003, 0.008714287761216022, 676.7583714400399, -0.2083728468754636, 3.217965614805771, 254.78783149640026, 0.0, 0.0, 1.0]",44.428,41.111,1.59,ok,
eval_CoNi-AM67_SEM-EBSD_SameSliceSerialSectioning_2#5,eval_CoNi-AM67_SEM-EBSD_SameSliceSerialSectioning_2,SerialSectioning,CoNi-AM67_SEM-EBSD_SameSliceSerialSectioning,transform,ma_roma,direct,histmatch,0,2048,3072,534,587,18,10000,561,homography,"[2.454611891832639, -0.09226577602836063, 725.738666256734, -0.3630331980895002, 3.4743172055888842, 178.4355239365474, -0.0002636959793607237, 3.707068863394107e-05, 1.0]",122.402,117.601,1.57,ok,
eval_CoNi-AM67_SEM-EBSD_SameSliceSerialSectioning_2#5,eval_CoNi-AM67_SEM-EBSD_SameSliceSerialSectioning_2,SerialSectioning,CoNi-AM67_SEM-EBSD_SameSliceSerialSectioning,transform,ma_roma,direct,clahe,0,2048,3072,534,587,18,10000,1118,affine,"[2.6268723528804108, -0.1135934687003995, 726.0011514117007, -0.22450042977624998, 3.3872846002366206, 197.86493369705664, 0.0, 0.0, 1.0]",24.978,23.885,1.67,ok,
eval_CoNi-AM67_SEM-EBSD_SameSliceSerialSectioning_2#5,eval_CoNi-AM67_SEM-EBSD_SameSliceSerialSectioning_2,SerialSectioning,CoNi-AM67_SEM-EBSD_SameSliceSerialSectioning,transform,ma_roma,direct,gradmag,0,2048,3072,534,587,18,10000,1416,affine,"[2.6383740442000168, -0.025151739406240086, 689.6134624589204, -0.25289469234335316, 3.249395836476305, 249.19972375433213, 0.0, 0.0, 1.0]",37.785,31.770,1.77,ok,
eval_CoNi-AM67_SEM-EBSD_SameSliceSerialSectioning_2#5,eval_CoNi-AM67_SEM-EBSD_SameSliceSerialSectioning_2,SerialSectioning,CoNi-AM67_SEM-EBSD_SameSliceSerialSectioning,control,ma_roma,direct,none,1,2048,3072,534,587,18,10000,1945,affine,"[2.6425806684484887, -0.0635771091275067, 700.0396559032486, -0.12721512883433506, 3.692647472690347, 65.32354733859984, 0.0, 0.0, 1.0]",28.489,20.871,1.59,ok,
eval_CoNi-AM67_SEM-EBSD_SameSliceSerialSectioning_2#5,eval_CoNi-AM67_SEM-EBSD_SameSliceSerialSectioning_2,SerialSectioning,CoNi-AM67_SEM-EBSD_SameSliceSerialSectioning,control,ma_roma,direct,none,2,2048,3072,534,587,18,10000,1739,affine,"[2.6450440708424754, -0.057408590614025486, 697.7922946927222, -0.12036377665256903, 3.723113446786759, 54.097796383008244, 0.0, 0.0, 1.0]",31.864,24.145,1.56,ok,
eval_CoNi-AM67_SEM-EBSD_SameSliceSerialSectioning_2#5,eval_CoNi-AM67_SEM-EBSD_SameSliceSerialSectioning_2,SerialSectioning,CoNi-AM67_SEM-EBSD_SameSliceSerialSectioning,control,ma_roma,direct,none,3,2048,3072,534,587,18,10000,1914,affine,"[2.6336846842645016, -0.05426320991275401, 701.06225930224, -0.12616519428944611, 3.698122724824085, 63.5012168414936, 0.0, 0.0, 1.0]",29.122,21.871,1.51,ok,
eval_CoNi-AM67_SEM-EBSD_SameSliceSerialSectioning_2#5,eval_CoNi-AM67_SEM-EBSD_SameSliceSerialSectioning_2,SerialSectioning,CoNi-AM67_SEM-EBSD_SameSliceSerialSectioning,control,ma_roma,direct,none,4,2048,3072,534,587,18,10000,2195,affine,"[2.671315297887954, -0.09782049671587945, 696.6543932787672, -0.0739516892055368, 3.5905100811353745, 67.84051283876931, 0.0, 0.0, 1.0]",26.334,21.136,1.55,ok,
eval_CoNi-AM67_SEM-EBSD_SameSliceSerialSectioning_2#5,eval_CoNi-AM67_SEM-EBSD_SameSliceSerialSectioning_2,SerialSectioning,CoNi-AM67_SEM-EBSD_SameSliceSerialSectioning,control,ma_roma,direct,none,5,2048,3072,534,587,18,10000,2171,affine,"[2.6685626140096583, -0.09158761568181151, 696.3067906848148, -0.07729179158460854, 3.5876650074107546, 70.15470511055787, 0.0, 0.0, 1.0]",25.730,20.321,1.56,ok,
eval_CoNi-AM90_OM-SEM_Multiscale_0#0,eval_CoNi-AM90_OM-SEM_Multiscale_0,Multiscale,CoNi-AM90_OM-SEM_Multiscale,core,ma_roma,direct,none,0,2048,3072,186,238,11,10000,687,affine,"[6.464866591674823, -0.8300649613467128, 357.73185245315574, 0.9585527927693784, 5.310908335329957, 190.0997775946381, 0.0, 0.0, 1.0]",145.149,150.133,1.49,ok,
eval_CoNi-AM90_OM-SEM_Multiscale_0#0,eval_CoNi-AM90_OM-SEM_Multiscale_0,Multiscale,CoNi-AM90_OM-SEM_Multiscale,core,ma_roma,pyramid_v2,none,0,2048,3072,186,238,11,10000,1620,homography@direct+zoom,"[3.6987612293132988, -0.7757850463168053, 261.44510639131283, -1.8309468395842299, 3.880239289217085, 202.38062368459768, -0.0026891229637992886, -0.0021092404062706613, 1.0]",2279.274,635.321,3.06,ok,
eval_CoNi-AM90_OM-SEM_Multiscale_0#0,eval_CoNi-AM90_OM-SEM_Multiscale_0,Multiscale,CoNi-AM90_OM-SEM_Multiscale,transform,ma_roma,direct,invert,0,2048,3072,186,238,11,10000,192,affine,"[5.496708862122097, -0.8197007536448698, 663.9829562642535, 1.231948799024089, 5.227309240207996, 199.96002208286274, 0.0, 0.0, 1.0]",311.595,287.336,1.49,ok,
eval_CoNi-AM90_OM-SEM_Multiscale_0#0,eval_CoNi-AM90_OM-SEM_Multiscale_0,Multiscale,CoNi-AM90_OM-SEM_Multiscale,transform,ma_roma,direct,histmatch,0,2048,3072,186,238,11,10000,314,affine,"[2.150369298562956, -1.6624555988206602, 1181.7363550654122, 0.5990423329641323, 2.242543999311513, 605.2940132850517, 0.0, 0.0, 1.0]",382.268,359.870,1.59,ok,
eval_CoNi-AM90_OM-SEM_Multiscale_0#0,eval_CoNi-AM90_OM-SEM_Multiscale_0,Multiscale,CoNi-AM90_OM-SEM_Multiscale,transform,ma_roma,direct,clahe,0,2048,3072,186,238,11,10000,453,affine,"[2.6604881899133095, -1.2713963991741366, 1070.459243719028, 0.29063315355428165, 3.060445841108815, 516.4413202816409, 0.0, 0.0, 1.0]",328.351,299.912,1.43,ok,
eval_CoNi-AM90_OM-SEM_Multiscale_0#0,eval_CoNi-AM90_OM-SEM_Multiscale_0,Multiscale,CoNi-AM90_OM-SEM_Multiscale,transform,ma_roma,direct,gradmag,0,2048,3072,186,238,11,10000,62,homography,"[2.449702360975726, -38.17507772143509, 1537.3921694174387, -2.5415185925608967, -27.396816646797046, 1774.6920563055849, -0.0010560023956778812, -0.017439867289135543, 1.0]",1560.474,1522.261,1.53,ok,
eval_CoNi-AM90_OM-SEM_Multiscale_0#0,eval_CoNi-AM90_OM-SEM_Multiscale_0,Multiscale,CoNi-AM90_OM-SEM_Multiscale,control,ma_roma,direct,none,1,2048,3072,186,238,11,10000,639,affine,"[6.190208370660882, -0.1532498972538858, 261.43642666366617, 1.0879285372188712, 4.966165315204092, 238.8089538697585, 0.0, 0.0, 1.0]",152.976,163.443,1.46,ok,
eval_CoNi-AM90_OM-SEM_Multiscale_0#0,eval_CoNi-AM90_OM-SEM_Multiscale_0,Multiscale,CoNi-AM90_OM-SEM_Multiscale,control,ma_roma,direct,none,2,2048,3072,186,238,11,10000,755,homography,"[4.105321202222982, 0.3745125648075932, 249.65826180990854, -3.1006840968434197, 6.229563510011631, 182.78929146462445, -0.0037473345749948527, 0.0008101626986562, 1.0]",895.768,888.889,1.63,ok,
eval_CoNi-AM90_OM-SEM_Multiscale_0#0,eval_CoNi-AM90_OM-SEM_Multiscale_0,Multiscale,CoNi-AM90_OM-SEM_Multiscale,control,ma_roma,direct,none,3,2048,3072,186,238,11,10000,803,affine,"[6.425448983945468, -0.7169267719977893, 342.1789369923044, 0.7686050835193491, 5.2986297142121535, 197.10341970377624, 0.0, 0.0, 1.0]",123.542,122.061,1.46,ok,
eval_CoNi-AM90_OM-SEM_Multiscale_0#0,eval_CoNi-AM90_OM-SEM_Multiscale_0,Multiscale,CoNi-AM90_OM-SEM_Multiscale,control,ma_roma,direct,none,4,2048,3072,186,238,11,10000,645,homography,"[4.894125041643803, 0.09588057226566055, 278.6660772862291, -1.7163242526202123, 6.238437594544181, 164.06655622762204, -0.0025919909820964915, 0.0007363345951763172, 1.0]",410.993,467.006,1.61,ok,
eval_CoNi-AM90_OM-SEM_Multiscale_0#0,eval_CoNi-AM90_OM-SEM_Multiscale_0,Multiscale,CoNi-AM90_OM-SEM_Multiscale,control,ma_roma,direct,none,5,2048,3072,186,238,11,10000,821,affine,"[6.4350005529332845, -0.7005053622218592, 339.08694439435857, 0.8384362827357046, 5.2847021695568275, 196.5138963984075, 0.0, 0.0, 1.0]",129.650,131.211,1.59,ok,
eval_CoNi-AM90_OM-SEM_Multiscale_0#1,eval_CoNi-AM90_OM-SEM_Multiscale_0,Multiscale,CoNi-AM90_OM-SEM_Multiscale,core,ma_roma,direct,none,0,2048,3072,1320,1507,8,10000,8123,homography,"[0.8222529173892905, 0.014061689043001776, 543.7935919087681, -0.004682642758697129, 0.8218540238514477, 421.9857598252397, 1.978931151847828e-06, -2.356976649604644e-06, 1.0]",19.948,15.402,1.68,ok,
eval_CoNi-AM90_OM-SEM_Multiscale_0#1,eval_CoNi-AM90_OM-SEM_Multiscale_0,Multiscale,CoNi-AM90_OM-SEM_Multiscale,core,ma_roma,pyramid_v2,none,0,2048,3072,1320,1507,8,10000,9789,homography@direct+zoom,"[0.8183475444738308, 0.013630655630038166, 545.2604706492901, -0.006079098815418464, 0.8200430866050843, 422.5102287207485, 4.138299806991277e-07, -2.6950474201595743e-06, 1.0]",19.582,14.678,5.41,ok,
eval_CoNi-AM90_OM-SEM_Multiscale_0#1,eval_CoNi-AM90_OM-SEM_Multiscale_0,Multiscale,CoNi-AM90_OM-SEM_Multiscale,transform,ma_roma,direct,invert,0,2048,3072,1320,1507,8,10000,1734,homography,"[0.818100079892437, 0.055922257521131544, 544.885870317058, -0.004421757068888181, 0.8475183067730562, 412.55452179959855, 1.6852297248380826e-06, 2.189235637752534e-05, 1.0]",26.635,26.583,1.71,ok,
eval_CoNi-AM90_OM-SEM_Multiscale_0#1,eval_CoNi-AM90_OM-SEM_Multiscale_0,Multiscale,CoNi-AM90_OM-SEM_Multiscale,transform,ma_roma,direct,histmatch,0,2048,3072,1320,1507,8,10000,1422,homography,"[0.8106346853788937, 0.04781510815525298, 539.6481664085594, -0.013012625106955857, 0.8459527689492938, 419.72148388300053, -9.10177320258181e-06, 2.1718485265543234e-05, 1.0]",20.992,16.616,1.99,ok,
eval_CoNi-AM90_OM-SEM_Multiscale_0#1,eval_CoNi-AM90_OM-SEM_Multiscale_0,Multiscale,CoNi-AM90_OM-SEM_Multiscale,transform,ma_roma,direct,clahe,0,2048,3072,1320,1507,8,10000,954,affine,"[0.8171892070958652, 0.013541501238188949, 548.89961247716, -0.00416580822062043, 0.818359326167505, 423.1117995155038, 0.0, 0.0, 1.0]",19.849,17.575,1.83,ok,
eval_CoNi-AM90_OM-SEM_Multiscale_0#1,eval_CoNi-AM90_OM-SEM_Multiscale_0,Multiscale,CoNi-AM90_OM-SEM_Multiscale,transform,ma_roma,direct,gradmag,0,2048,3072,1320,1507,8,10000,40,homography,"[0.5941813496552354, 0.5647869757621119, -78.31268761912708, -0.3323853571053975, 0.6342615170296699, -207.8391969782579, -0.0015507581155483007, 0.0006522233255250451, 1.0]",3593.939,2031.751,2.02,ok,
eval_CoNi-AM90_OM-SEM_Multiscale_0#1,eval_CoNi-AM90_OM-SEM_Multiscale_0,Multiscale,CoNi-AM90_OM-SEM_Multiscale,control,ma_roma,direct,none,1,2048,3072,1320,1507,8,10000,8234,homography,"[0.8232719010450378, 0.014362458900167989, 543.4908670659437, -0.0042028000925974866, 0.8225978488296819, 421.67100926099556, 2.488748996941531e-06, -2.1319545270383045e-06, 1.0]",19.989,15.472,1.75,ok,
eval_CoNi-AM90_OM-SEM_Multiscale_0#1,eval_CoNi-AM90_OM-SEM_Multiscale_0,Multiscale,CoNi-AM90_OM-SEM_Multiscale,control,ma_roma,direct,none,2,2048,3072,1320,1507,8,10000,8212,homography,"[0.8230959374077378, 0.014074098851095587, 543.5761091153554, -0.0044210343944368746, 0.8222203247216286, 421.90417815871626, 2.4540829659043066e-06, -2.4078505051308367e-06, 1.0]",20.015,15.584,1.71,ok,
eval_CoNi-AM90_OM-SEM_Multiscale_0#1,eval_CoNi-AM90_OM-SEM_Multiscale_0,Multiscale,CoNi-AM90_OM-SEM_Multiscale,control,ma_roma,direct,none,3,2048,3072,1320,1507,8,10000,8148,homography,"[0.8234648493949067, 0.014022725571299537, 543.5049197792292, -0.004221954329441469, 0.8223944599187302, 421.79807729434197, 2.629246228589098e-06, -2.359359182979093e-06, 0.9999999999999999]",20.038,15.630,1.60,ok,
eval_CoNi-AM90_OM-SEM_Multiscale_0#1,eval_CoNi-AM90_OM-SEM_Multiscale_0,Multiscale,CoNi-AM90_OM-SEM_Multiscale,control,ma_roma,direct,none,4,2048,3072,1320,1507,8,10000,8198,homography,"[0.8233102242350928, 0.01443508197180998, 543.397030731818, -0.004278797111926617, 0.8225773340306526, 421.7554201920472, 2.470686874784668e-06, -2.102211300397379e-06, 1.0]",19.995,15.467,1.72,ok,
eval_CoNi-AM90_OM-SEM_Multiscale_0#1,eval_CoNi-AM90_OM-SEM_Multiscale_0,Multiscale,CoNi-AM90_OM-SEM_Multiscale,control,ma_roma,direct,none,5,2048,3072,1320,1507,8,10000,8209,homography,"[0.8229221607386829, 0.014100110475288342, 543.6195125988511, -0.004537612446821107, 0.8222709409763959, 421.94885224811924, 2.3386048277493516e-06, -2.3118660743552043e-06, 1.0]",20.002,15.563,1.68,ok,
eval_CoNi-AM90_SEM-DIC_EBSD_SlipPartitioning_0#0,eval_CoNi-AM90_SEM-DIC_EBSD_SlipPartitioning_0,SlipPartitioning,CoNi-AM90_SEM-DIC_EBSD_SlipPartitioning,core,ma_roma,direct,none,0,1309,1493,13333,13333,20,10000,352,affine,"[0.057171659022088386, 0.00992799689535096, 337.5809827127498, 0.01998583678367382, 0.07458629438988526, -423.7756508138548, 0.0, 0.0, 1.0]",333.936,325.493,4.95,ok,
eval_CoNi-AM90_SEM-DIC_EBSD_SlipPartitioning_0#0,eval_CoNi-AM90_SEM-DIC_EBSD_SlipPartitioning_0,SlipPartitioning,CoNi-AM90_SEM-DIC_EBSD_SlipPartitioning,core,ma_roma,pyramid_v2,none,0,1309,1493,13333,13333,20,10000,352,affine@direct,"[0.057171659022088386, 0.00992799689535096, 337.5809827127498, 0.01998583678367382, 0.07458629438988526, -423.7756508138548, 0.0, 0.0, 1.0]",333.936,325.493,5.00,ok,
eval_CoNi-AM90_SEM-DIC_EBSD_SlipPartitioning_0#0,eval_CoNi-AM90_SEM-DIC_EBSD_SlipPartitioning_0,SlipPartitioning,CoNi-AM90_SEM-DIC_EBSD_SlipPartitioning,transform,ma_roma,direct,invert,0,1309,1493,13333,13333,20,10000,239,homography,"[0.050456097222221004, -0.017790925583478754, 262.6366507326816, -0.0009154906289186131, 0.014354969025832498, 98.49319819847429, 3.957181560268526e-06, -3.9539795683640424e-05, 1.0]",364.374,357.964,5.82,ok,
eval_CoNi-AM90_SEM-DIC_EBSD_SlipPartitioning_0#0,eval_CoNi-AM90_SEM-DIC_EBSD_SlipPartitioning_0,SlipPartitioning,CoNi-AM90_SEM-DIC_EBSD_SlipPartitioning,transform,ma_roma,direct,histmatch,0,1309,1493,13333,13333,20,10000,319,homography,"[0.014470094682189872, 0.007052187802723014, 243.52452593796588, -0.01122476190130582, 0.05747004259175356, -23.467938350942692, -7.656140708563991e-05, 3.072788259482806e-05, 1.0]",403.568,433.208,36.79,ok,
eval_CoNi-AM90_SEM-DIC_EBSD_SlipPartitioning_0#0,eval_CoNi-AM90_SEM-DIC_EBSD_SlipPartitioning_0,SlipPartitioning,CoNi-AM90_SEM-DIC_EBSD_SlipPartitioning,transform,ma_roma,direct,clahe,0,1309,1493,13333,13333,20,10000,210,homography,"[0.0542343201252166, -0.014021965375620121, 163.15554965277715, 0.025869156548791187, 0.041269396476757925, -34.115332535231886, 5.97599527302277e-05, -5.4552432901366835e-05, 1.0]",535.638,519.796,7.10,ok,
eval_CoNi-AM90_SEM-DIC_EBSD_SlipPartitioning_0#0,eval_CoNi-AM90_SEM-DIC_EBSD_SlipPartitioning_0,SlipPartitioning,CoNi-AM90_SEM-DIC_EBSD_SlipPartitioning,transform,ma_roma,direct,gradmag,0,1309,1493,13333,13333,20,10000,237,affine,"[0.103291961378121, -0.005072775097543965, 123.62223279024056, -0.00492476048353764, 0.12465124057812517, -172.09840510295612, 0.0, 0.0, 1.0]",378.150,403.830,9.97,ok,
eval_CoNi-AM90_SEM-DIC_EBSD_SlipPartitioning_0#0,eval_CoNi-AM90_SEM-DIC_EBSD_SlipPartitioning_0,SlipPartitioning,CoNi-AM90_SEM-DIC_EBSD_SlipPartitioning,control,ma_roma,direct,none,1,1309,1493,13333,13333,20,10000,319,affine,"[0.0585676774127417, 0.006390805703913617, 352.023189447352, 0.024315890420944987, 0.07283075742587093, -465.09674385249474, 0.0, 0.0, 1.0]",353.941,344.371,4.69,ok,
eval_CoNi-AM90_SEM-DIC_EBSD_SlipPartitioning_0#0,eval_CoNi-AM90_SEM-DIC_EBSD_SlipPartitioning_0,SlipPartitioning,CoNi-AM90_SEM-DIC_EBSD_SlipPartitioning,control,ma_roma,direct,none,2,1309,1493,13333,13333,20,10000,219,affine,"[0.10537701598399185, -0.0021498920064902238, 20.398362842007828, 0.007185404194380349, 0.05187690718482642, -251.59621909738098, 0.0, 0.0, 1.0]",445.043,403.162,4.83,ok,
eval_CoNi-AM90_SEM-DIC_EBSD_SlipPartitioning_0#0,eval_CoNi-AM90_SEM-DIC_EBSD_SlipPartitioning_0,SlipPartitioning,CoNi-AM90_SEM-DIC_EBSD_SlipPartitioning,control,ma_roma,direct,none,3,1309,1493,13333,13333,20,10000,265,homography,"[0.05382348475412475, -0.02431332450691639, 431.84337068830575, 0.023960647981641645, 0.03546337700302382, -229.8201607454449, 1.7717197106534879e-06, -2.6899795879452617e-05, 1.0]",311.464,303.130,4.49,ok,
eval_CoNi-AM90_SEM-DIC_EBSD_SlipPartitioning_0#0,eval_CoNi-AM90_SEM-DIC_EBSD_SlipPartitioning_0,SlipPartitioning,CoNi-AM90_SEM-DIC_EBSD_SlipPartitioning,control,ma_roma,direct,none,4,1309,1493,13333,13333,20,10000,298,homography,"[0.04731400931315385, -0.0011284043729470794, 230.85059962330587, 0.0202120118029097, 0.04643395752665682, -313.69672967428625, -2.3303328472580634e-05, -1.7622952273421753e-06, 1.0]",411.397,429.604,4.61,ok,
eval_CoNi-AM90_SEM-DIC_EBSD_SlipPartitioning_0#0,eval_CoNi-AM90_SEM-DIC_EBSD_SlipPartitioning_0,SlipPartitioning,CoNi-AM90_SEM-DIC_EBSD_SlipPartitioning,control,ma_roma,direct,none,5,1309,1493,13333,13333,20,10000,287,affine,"[0.10599104585586841, -0.0012472785229984183, 5.554596643420609, 0.00976863700560402, 0.05658176605754365, -329.51577972343733, 0.0, 0.0, 1.0]",474.652,433.008,5.18,ok,
eval_CoNi-AM90_SEM-DIC_EBSD_SlipPartitioning_0#1,eval_CoNi-AM90_SEM-DIC_EBSD_SlipPartitioning_0,SlipPartitioning,CoNi-AM90_SEM-DIC_EBSD_SlipPartitioning,core,ma_roma,direct,none,0,1309,1493,13333,13333,20,10000,130,affine,"[0.09521881065989266, -0.0016909042545950436, 106.3595272112251, 0.015029075018219526, 0.0903321451096761, -235.61388416961717, 0.0, 0.0, 1.0]",304.340,304.943,7.28,ok,
eval_CoNi-AM90_SEM-DIC_EBSD_SlipPartitioning_0#1,eval_CoNi-AM90_SEM-DIC_EBSD_SlipPartitioning_0,SlipPartitioning,CoNi-AM90_SEM-DIC_EBSD_SlipPartitioning,core,ma_roma,pyramid_v2,none,0,1309,1493,13333,13333,20,10000,130,affine@direct,"[0.09521881065989266, -0.0016909042545950436, 106.3595272112251, 0.015029075018219526, 0.0903321451096761, -235.61388416961717, 0.0, 0.0, 1.0]",304.340,304.943,5.07,ok,
eval_CoNi-AM90_SEM-DIC_EBSD_SlipPartitioning_0#1,eval_CoNi-AM90_SEM-DIC_EBSD_SlipPartitioning_0,SlipPartitioning,CoNi-AM90_SEM-DIC_EBSD_SlipPartitioning,transform,ma_roma,direct,invert,0,1309,1493,13333,13333,20,10000,355,affine,"[0.09198583446568828, 0.011137333618469974, -3.6235265573842526, -0.0013609637702737386, 0.1092907363415936, -264.2656934199755, 0.0, 0.0, 1.0]",380.747,353.235,4.66,ok,
eval_CoNi-AM90_SEM-DIC_EBSD_SlipPartitioning_0#1,eval_CoNi-AM90_SEM-DIC_EBSD_SlipPartitioning_0,SlipPartitioning,CoNi-AM90_SEM-DIC_EBSD_SlipPartitioning,transform,ma_roma,direct,histmatch,0,1309,1493,13333,13333,20,10000,199,affine,"[0.09116388542148428, -0.006751969242634448, 118.87979391779493, 0.013540964257367947, 0.0966498519925857, -250.5202163493792, 0.0, 0.0, 1.0]",340.306,358.651,33.46,ok,
eval_CoNi-AM90_SEM-DIC_EBSD_SlipPartitioning_0#1,eval_CoNi-AM90_SEM-DIC_EBSD_SlipPartitioning_0,SlipPartitioning,CoNi-AM90_SEM-DIC_EBSD_SlipPartitioning,transform,ma_roma,direct,clahe,0,1309,1493,13333,13333,20,10000,217,affine,"[0.1099016163017813, 0.005117732260974263, -67.78242624350685, -0.014915508717272152, 0.08917228065199422, -29.751584541338445, 0.0, 0.0, 1.0]",339.832,314.917,5.88,ok,
eval_CoNi-AM90_SEM-DIC_EBSD_SlipPartitioning_0#1,eval_CoNi-AM90_SEM-DIC_EBSD_SlipPartitioning_0,SlipPartitioning,CoNi-AM90_SEM-DIC_EBSD_SlipPartitioning,transform,ma_roma,direct,gradmag,0,1309,1493,13333,13333,20,10000,181,affine,"[0.10039161250288484, -0.0007000856844815331, 157.3981020282299, -0.012962455808197892, 0.12403343395467056, -46.14689678020261, 0.0, 0.0, 1.0]",377.530,346.256,9.03,ok,
eval_CoNi-AM90_SEM-DIC_EBSD_SlipPartitioning_0#1,eval_CoNi-AM90_SEM-DIC_EBSD_SlipPartitioning_0,SlipPartitioning,CoNi-AM90_SEM-DIC_EBSD_SlipPartitioning,control,ma_roma,direct,none,1,1309,1493,13333,13333,20,10000,115,homography,"[0.07327065873333438, -0.06377335777961932, 758.9173006187066, 0.009998981953814857, 0.03187209194251657, 62.77037827334847, 1.8455265336087932e-05, -4.593288945316962e-05, 1.0]",180.665,184.368,4.49,ok,
eval_CoNi-AM90_SEM-DIC_EBSD_SlipPartitioning_0#1,eval_CoNi-AM90_SEM-DIC_EBSD_SlipPartitioning_0,SlipPartitioning,CoNi-AM90_SEM-DIC_EBSD_SlipPartitioning,control,ma_roma,direct,none,2,1309,1493,13333,13333,20,10000,152,affine,"[0.11255113891201221, 0.010807729598289368, -118.60530512102315, 0.02002692460560163, 0.1046625851157531, -311.0670818486789, 0.0, 0.0, 1.0]",383.670,389.546,4.49,ok,
eval_CoNi-AM90_SEM-DIC_EBSD_SlipPartitioning_0#1,eval_CoNi-AM90_SEM-DIC_EBSD_SlipPartitioning_0,SlipPartitioning,CoNi-AM90_SEM-DIC_EBSD_SlipPartitioning,control,ma_roma,direct,none,3,1309,1493,13333,13333,20,10000,151,affine,"[0.10811478857478789, 0.01024206814525909, -80.71840408137541, 0.007219085814835352, 0.09561825108433455, -201.98265458236494, 0.0, 0.0, 1.0]",350.715,338.872,4.72,ok,
eval_CoNi-AM90_SEM-DIC_EBSD_SlipPartitioning_0#1,eval_CoNi-AM90_SEM-DIC_EBSD_SlipPartitioning_0,SlipPartitioning,CoNi-AM90_SEM-DIC_EBSD_SlipPartitioning,control,ma_roma,direct,none,4,1309,1493,13333,13333,20,10000,162,affine,"[0.10594848949218759, 0.0057876606506661425, -45.770884683856366, 0.011510895308379709, 0.09758893585663304, -234.90124964216653, 0.0, 0.0, 1.0]",354.172,350.029,5.29,ok,
eval_CoNi-AM90_SEM-DIC_EBSD_SlipPartitioning_0#1,eval_CoNi-AM90_SEM-DIC_EBSD_SlipPartitioning_0,SlipPartitioning,CoNi-AM90_SEM-DIC_EBSD_SlipPartitioning,control,ma_roma,direct,none,5,1309,1493,13333,13333,20,10000,137,affine,"[0.09618843400031911, -0.010164118513537138, 168.00688109336926, 0.024537996998787538, 0.11142509767464383, -375.72240725024125, 0.0, 0.0, 1.0]",352.359,388.972,6.11,ok,
eval_CoNi-AM90_SEM-DIC_EBSD_SlipPartitioning_0#2,eval_CoNi-AM90_SEM-DIC_EBSD_SlipPartitioning_0,SlipPartitioning,CoNi-AM90_SEM-DIC_EBSD_SlipPartitioning,core,ma_roma,direct,none,0,1309,1493,13333,13333,20,10000,308,homography,"[-0.7948722840821496, -0.22128475741885006, 1465.6009603594957, -0.206573704814407, -0.5133262395230905, 4449.882811680402, -0.0003784020950561661, -0.0006406967024492632, 1.0]",1135.582,541.252,6.54,ok,
eval_CoNi-AM90_SEM-DIC_EBSD_SlipPartitioning_0#2,eval_CoNi-AM90_SEM-DIC_EBSD_SlipPartitioning_0,SlipPartitioning,CoNi-AM90_SEM-DIC_EBSD_SlipPartitioning,core,ma_roma,pyramid_v2,none,0,1309,1493,13333,13333,20,10000,308,homography@direct,"[-0.7948722840821496, -0.22128475741885006, 1465.6009603594957, -0.206573704814407, -0.5133262395230905, 4449.882811680402, -0.0003784020950561661, -0.0006406967024492632, 1.0]",1135.582,541.252,5.88,ok,
eval_CoNi-AM90_SEM-DIC_EBSD_SlipPartitioning_0#2,eval_CoNi-AM90_SEM-DIC_EBSD_SlipPartitioning_0,SlipPartitioning,CoNi-AM90_SEM-DIC_EBSD_SlipPartitioning,transform,ma_roma,direct,invert,0,1309,1493,13333,13333,20,10000,210,affine,"[0.09093438257217296, -0.020172958744290564, 368.24549859094975, 0.045293117440279654, 0.06091401433638651, -576.5380697444728, 0.0, 0.0, 1.0]",410.779,376.691,5.63,ok,
eval_CoNi-AM90_SEM-DIC_EBSD_SlipPartitioning_0#2,eval_CoNi-AM90_SEM-DIC_EBSD_SlipPartitioning_0,SlipPartitioning,CoNi-AM90_SEM-DIC_EBSD_SlipPartitioning,transform,ma_roma,direct,histmatch,0,1309,1493,13333,13333,20,10000,146,homography,"[-0.1009852206030803, -0.014599868597264422, 995.9344867242032, -0.03126750703866973, 0.026104965837052484, 244.62070685817383, -0.00010787406234289256, -1.5353197129807717e-05, 0.9999999999999999]",1032.689,681.258,40.99,ok,
eval_CoNi-AM90_SEM-DIC_EBSD_SlipPartitioning_0#2,eval_CoNi-AM90_SEM-DIC_EBSD_SlipPartitioning_0,SlipPartitioning,CoNi-AM90_SEM-DIC_EBSD_SlipPartitioning,transform,ma_roma,direct,clahe,0,1309,1493,13333,13333,20,10000,151,homography,"[-0.0630840845700396, -0.03137852261722709, 416.77024448823516, -0.01964907027832412, -0.036668274312187464, 431.92506673599405, -5.895625270935842e-05, -9.453355748974467e-05, 1.0]",2155.116,910.249,6.44,ok,
eval_CoNi-AM90_SEM-DIC_EBSD_SlipPartitioning_0#2,eval_CoNi-AM90_SEM-DIC_EBSD_SlipPartitioning_0,SlipPartitioning,CoNi-AM90_SEM-DIC_EBSD_SlipPartitioning,transform,ma_roma,direct,gradmag,0,1309,1493,13333,13333,20,10000,501,affine,"[0.14834322078649528, 0.006974967663647228, -129.86979553453193, 0.002723395795252244, 0.1561881175390452, -477.2043384414065, 0.0, 0.0, 1.0]",534.573,631.570,10.48,ok,
eval_CoNi-AM90_SEM-DIC_EBSD_SlipPartitioning_0#2,eval_CoNi-AM90_SEM-DIC_EBSD_SlipPartitioning_0,SlipPartitioning,CoNi-AM90_SEM-DIC_EBSD_SlipPartitioning,control,ma_roma,direct,none,1,1309,1493,13333,13333,20,10000,322,affine,"[0.07787505853210222, -0.013155781915291435, 383.374730064559, 0.00513824437996932, 0.04258948531078905, -230.43330221415195, 0.0, 0.0, 1.0]",424.534,405.490,7.40,ok,
eval_CoNi-AM90_SEM-DIC_EBSD_SlipPartitioning_0#2,eval_CoNi-AM90_SEM-DIC_EBSD_SlipPartitioning_0,SlipPartitioning,CoNi-AM90_SEM-DIC_EBSD_SlipPartitioning,control,ma_roma,direct,none,2,1309,1493,13333,13333,20,10000,348,affine,"[0.07827513254931995, -0.011584852647590512, 362.39959443807095, 0.0061579031438829725, 0.04194166583240511, -226.46470661104138, 0.0, 0.0, 1.0]",419.621,398.452,7.68,ok,
eval_CoNi-AM90_SEM-DIC_EBSD_SlipPartitioning_0#2,eval_CoNi-AM90_SEM-DIC_EBSD_SlipPartitioning_0,SlipPartitioning,CoNi-AM90_SEM-DIC_EBSD_SlipPartitioning,control,ma_roma,direct,none,3,1309,1493,13333,13333,20,10000,294,homography,"[-1.4181489835994077, -0.4207917750786514, 2518.805357584392, -0.3591867049843032, -0.9857741379265118, 8501.305009009875, -0.000579761729572854, -0.0011766896070850826, 1.0]",1056.278,559.654,5.89,ok,
eval_CoNi-AM90_SEM-DIC_EBSD_SlipPartitioning_0#2,eval_CoNi-AM90_SEM-DIC_EBSD_SlipPartitioning_0,SlipPartitioning,CoNi-AM90_SEM-DIC_EBSD_SlipPartitioning,control,ma_roma,direct,none,4,1309,1493,13333,13333,20,10000,351,homography,"[0.35214310199158794, 0.03321244420995072, 210.15106736468056, 0.11280265060503805, 0.19453232057631603, -1597.829585268105, 0.00016440356171038969, 0.00017784533264087515, 1.0]",489.934,412.340,6.10,ok,
eval_CoNi-AM90_SEM-DIC_EBSD_SlipPartitioning_0#2,eval_CoNi-AM90_SEM-DIC_EBSD_SlipPartitioning_0,SlipPartitioning,CoNi-AM90_SEM-DIC_EBSD_SlipPartitioning,control,ma_roma,direct,none,5,1309,1493,13333,13333,20,10000,353,affine,"[0.08919106806056193, -0.016435706931962956, 385.08032233256665, 0.008778513081927702, 0.04349769227870304, -254.96718384663566, 0.0, 0.0, 1.0]",424.183,410.227,7.20,ok,
eval_CoNi-AM90_SEM-DIC_EBSD_SlipPartitioning_0#3,eval_CoNi-AM90_SEM-DIC_EBSD_SlipPartitioning_0,SlipPartitioning,CoNi-AM90_SEM-DIC_EBSD_SlipPartitioning,core,ma_roma,direct,none,0,1309,1493,13333,13333,20,10000,271,homography,"[0.20262860656053894, 0.030573284285850565, 83.16869021075473, 0.07034676563780873, 0.1742323677643504, -1060.5946712384045, 0.00010370575547296096, 3.096425637913032e-05, 1.0]",307.544,236.367,5.25,ok,
eval_CoNi-AM90_SEM-DIC_EBSD_SlipPartitioning_0#3,eval_CoNi-AM90_SEM-DIC_EBSD_SlipPartitioning_0,SlipPartitioning,CoNi-AM90_SEM-DIC_EBSD_SlipPartitioning,core,ma_roma,pyramid_v2,none,0,1309,1493,13333,13333,20,10000,271,homography@direct,"[0.20262860656053894, 0.030573284285850565, 83.16869021075473, 0.07034676563780873, 0.1742323677643504, -1060.5946712384045, 0.00010370575547296096, 3.096425637913032e-05, 1.0]",307.544,236.367,5.87,ok,
eval_CoNi-AM90_SEM-DIC_EBSD_SlipPartitioning_0#3,eval_CoNi-AM90_SEM-DIC_EBSD_SlipPartitioning_0,SlipPartitioning,CoNi-AM90_SEM-DIC_EBSD_SlipPartitioning,transform,ma_roma,direct,invert,0,1309,1493,13333,13333,20,10000,255,affine,"[0.06971088209784522, 0.0017567019477625874, 183.1105948885894, -0.004027179820046341, 0.06652079717269825, 30.59722911103023, 0.0, 0.0, 1.0]",282.656,276.756,6.03,ok,
eval_CoNi-AM90_SEM-DIC_EBSD_SlipPartitioning_0#3,eval_CoNi-AM90_SEM-DIC_EBSD_SlipPartitioning_0,SlipPartitioning,CoNi-AM90_SEM-DIC_EBSD_SlipPartitioning,transform,ma_roma,direct,histmatch,0,1309,1493,13333,13333,20,10000,295,affine,"[0.040720853863783026, 0.011802894324321874, 503.19321213255137, 0.009240804609616711, 0.03816069869288016, 67.93594285027564, 0.0, 0.0, 1.0]",130.958,126.836,33.32,ok,
eval_CoNi-AM90_SEM-DIC_EBSD_SlipPartitioning_0#3,eval_CoNi-AM90_SEM-DIC_EBSD_SlipPartitioning_0,SlipPartitioning,CoNi-AM90_SEM-DIC_EBSD_SlipPartitioning,transform,ma_roma,direct,clahe,0,1309,1493,13333,13333,20,10000,146,affine,"[0.09230543557630966, -0.009261209340802823, 108.84084265223731, -0.005023226296449571, 0.10361879217773945, -230.81214735753326, 0.0, 0.0, 1.0]",372.666,392.300,7.28,ok,
eval_CoNi-AM90_SEM-DIC_EBSD_SlipPartitioning_0#3,eval_CoNi-AM90_SEM-DIC_EBSD_SlipPartitioning_0,SlipPartitioning,CoNi-AM90_SEM-DIC_EBSD_SlipPartitioning,transform,ma_roma,direct,gradmag,0,1309,1493,13333,13333,20,10000,185,homography,"[0.11410089982018151, 0.012555961684037581, -110.70055380617016, 0.01298184068316118, 0.089855265980846, -86.42496965678944, 1.042742613336559e-05, 6.407109694569938e-07, 1.0]",336.110,309.544,16.17,ok,
eval_CoNi-AM90_SEM-DIC_EBSD_SlipPartitioning_0#3,eval_CoNi-AM90_SEM-DIC_EBSD_SlipPartitioning_0,SlipPartitioning,CoNi-AM90_SEM-DIC_EBSD_SlipPartitioning,control,ma_roma,direct,none,1,1309,1493,13333,13333,20,10000,249,affine,"[0.038928118680567565, 0.001954129991839542, 633.3377852641014, 0.012839654622134428, 0.04840183937362367, -112.14607529461637, 0.0, 0.0, 1.0]",195.661,191.127,6.79,ok,
eval_CoNi-AM90_SEM-DIC_EBSD_SlipPartitioning_0#3,eval_CoNi-AM90_SEM-DIC_EBSD_SlipPartitioning_0,SlipPartitioning,CoNi-AM90_SEM-DIC_EBSD_SlipPartitioning,control,ma_roma,direct,none,2,1309,1493,13333,13333,20,10000,248,affine,"[0.040315354160783294, -0.0035384774972003308, 644.6034120795848, 0.018663206962886713, 0.0617941871305643, -255.56135561307514, 0.0, 0.0, 1.0]",226.563,214.741,6.07,ok,
eval_CoNi-AM90_SEM-DIC_EBSD_SlipPartitioning_0#3,eval_CoNi-AM90_SEM-DIC_EBSD_SlipPartitioning_0,SlipPartitioning,CoNi-AM90_SEM-DIC_EBSD_SlipPartitioning,control,ma_roma,direct,none,3,1309,1493,13333,13333,20,10000,254,affine,"[0.043384202485545156, 0.005729423957478669, 529.5147001442289, 0.01965616354544107, 0.04067633092946939, -96.08022469089349, 0.0, 0.0, 1.0]",192.429,185.865,5.31,ok,
eval_CoNi-AM90_SEM-DIC_EBSD_SlipPartitioning_0#3,eval_CoNi-AM90_SEM-DIC_EBSD_SlipPartitioning_0,SlipPartitioning,CoNi-AM90_SEM-DIC_EBSD_SlipPartitioning,control,ma_roma,direct,none,4,1309,1493,13333,13333,20,10000,233,affine,"[0.04736922721257985, 0.005900362748773121, 480.4933072831625, 0.013796852230913637, 0.045550468893032124, -89.62518229762827, 0.0, 0.0, 1.0]",201.735,197.510,5.11,ok,
eval_CoNi-AM90_SEM-DIC_EBSD_SlipPartitioning_0#3,eval_CoNi-AM90_SEM-DIC_EBSD_SlipPartitioning_0,SlipPartitioning,CoNi-AM90_SEM-DIC_EBSD_SlipPartitioning,control,ma_roma,direct,none,5,1309,1493,13333,13333,20,10000,330,affine,"[0.041389106789502646, 0.005189691862612057, 560.0635598998488, 0.017743330095618657, 0.03824136445445455, -42.71207285403659, 0.0, 0.0, 1.0]",164.128,157.348,5.20,ok,
eval_CoNi-AM90_SEM-DIC_EBSD_SlipPartitioning_0#4,eval_CoNi-AM90_SEM-DIC_EBSD_SlipPartitioning_0,SlipPartitioning,CoNi-AM90_SEM-DIC_EBSD_SlipPartitioning,core,ma_roma,direct,none,0,1309,1493,13333,13333,20,10000,220,homography,"[0.023043067288193185, -0.004147423149196627, 133.6694614404475, -0.025124598387035756, 0.03837926082917604, 73.5368354223987, -4.3696805469791075e-05, -4.228814571390496e-05, 1.0]",1244.498,531.149,6.57,ok,
eval_CoNi-AM90_SEM-DIC_EBSD_SlipPartitioning_0#4,eval_CoNi-AM90_SEM-DIC_EBSD_SlipPartitioning_0,SlipPartitioning,CoNi-AM90_SEM-DIC_EBSD_SlipPartitioning,core,ma_roma,pyramid_v2,none,0,1309,1493,13333,13333,20,10000,220,homography@direct,"[0.023043067288193185, -0.004147423149196627, 133.6694614404475, -0.025124598387035756, 0.03837926082917604, 73.5368354223987, -4.3696805469791075e-05, -4.228814571390496e-05, 1.0]",1244.498,531.149,6.16,ok,
eval_CoNi-AM90_SEM-DIC_EBSD_SlipPartitioning_0#4,eval_CoNi-AM90_SEM-DIC_EBSD_SlipPartitioning_0,SlipPartitioning,CoNi-AM90_SEM-DIC_EBSD_SlipPartitioning,transform,ma_roma,direct,invert,0,1309,1493,13333,13333,20,10000,177,affine,"[0.09113340789686888, 0.012728234179625323, -9.068416879710071, -0.014222674226233403, 0.10745835059574435, -168.31421642504642, 0.0, 0.0, 1.0]",374.340,353.570,6.04,ok,
eval_CoNi-AM90_SEM-DIC_EBSD_SlipPartitioning_0#4,eval_CoNi-AM90_SEM-DIC_EBSD_SlipPartitioning_0,SlipPartitioning,CoNi-AM90_SEM-DIC_EBSD_SlipPartitioning,transform,ma_roma,direct,histmatch,0,1309,1493,13333,13333,20,10000,191,affine,"[0.05768930676798299, -0.012516771328154572, 231.74731393689618, -0.002781657332061988, 0.07862601063355781, -37.11294538402649, 0.0, 0.0, 1.0]",406.392,393.709,54.56,ok,
eval_CoNi-AM90_SEM-DIC_EBSD_SlipPartitioning_0#4,eval_CoNi-AM90_SEM-DIC_EBSD_SlipPartitioning_0,SlipPartitioning,CoNi-AM90_SEM-DIC_EBSD_SlipPartitioning,transform,ma_roma,direct,clahe,0,1309,1493,13333,13333,20,10000,441,homography,"[0.0772760933156217, -0.005808159188236137, 92.92113167110337, -0.004946797259762282, 0.0907052788174992, -214.53989637088236, -5.768968988542307e-06, -2.148181926670079e-05, 1.0]",415.173,440.645,6.38,ok,
eval_CoNi-AM90_SEM-DIC_EBSD_SlipPartitioning_0#4,eval_CoNi-AM90_SEM-DIC_EBSD_SlipPartitioning_0,SlipPartitioning,CoNi-AM90_SEM-DIC_EBSD_SlipPartitioning,transform,ma_roma,direct,gradmag,0,1309,1493,13333,13333,20,10000,225,affine,"[0.11226024526837275, 0.0007566857029407609, -44.95330024252473, 0.011713649716218995, 0.09914041979360656, -78.37066955210594, 0.0, 0.0, 1.0]",380.187,433.764,9.45,ok,
eval_CoNi-AM90_SEM-DIC_EBSD_SlipPartitioning_0#4,eval_CoNi-AM90_SEM-DIC_EBSD_SlipPartitioning_0,SlipPartitioning,CoNi-AM90_SEM-DIC_EBSD_SlipPartitioning,control,ma_roma,direct,none,1,1309,1493,13333,13333,20,10000,222,affine,"[0.0988963441495133, 0.0051884614325416745, -20.717993350619395, -0.00260358852062912, 0.08450939043223292, -123.36341617501671, 0.0, 0.0, 1.0]",334.504,289.718,5.07,ok,
eval_CoNi-AM90_SEM-DIC_EBSD_SlipPartitioning_0#4,eval_CoNi-AM90_SEM-DIC_EBSD_SlipPartitioning_0,SlipPartitioning,CoNi-AM90_SEM-DIC_EBSD_SlipPartitioning,control,ma_roma,direct,none,2,1309,1493,13333,13333,20,10000,233,affine,"[0.06570694361462809, 0.0037385017192082854, 117.37355609700936, -0.0034293666878977254, 0.10449913564636859, -260.62480184752394, 0.0, 0.0, 1.0]",428.515,409.069,5.38,ok,
eval_CoNi-AM90_SEM-DIC_EBSD_SlipPartitioning_0#4,eval_CoNi-AM90_SEM-DIC_EBSD_SlipPartitioning_0,SlipPartitioning,CoNi-AM90_SEM-DIC_EBSD_SlipPartitioning,control,ma_roma,direct,none,3,1309,1493,13333,13333,20,10000,219,affine,"[0.07435867414719105, 0.0025028648254032393, 128.10841852136264, -0.0002821984795641681, 0.10589189848392398, -273.56020632142634, 0.0, 0.0, 1.0]",385.926,363.817,5.21,ok,
eval_CoNi-AM90_SEM-DIC_EBSD_SlipPartitioning_0#4,eval_CoNi-AM90_SEM-DIC_EBSD_SlipPartitioning_0,SlipPartitioning,CoNi-AM90_SEM-DIC_EBSD_SlipPartitioning,control,ma_roma,direct,none,4,1309,1493,13333,13333,20,10000,224,affine,"[0.044773730331968055, -0.005934445112691842, 199.45930498923795, -0.004693339917109174, 0.10648671459277992, -274.6758559888126, 0.0, 0.0, 1.0]",532.343,522.273,6.91,ok,
eval_CoNi-AM90_SEM-DIC_EBSD_SlipPartitioning_0#4,eval_CoNi-AM90_SEM-DIC_EBSD_SlipPartitioning_0,SlipPartitioning,CoNi-AM90_SEM-DIC_EBSD_SlipPartitioning,control,ma_roma,direct,none,5,1309,1493,13333,13333,20,10000,211,affine,"[0.1256041476301626, -0.013243223549732465, -71.10408456971959, 0.0002889635815691222, 0.08498043530970668, -113.38578215842705, 0.0, 0.0, 1.0]",357.563,300.384,7.51,ok,
eval_CoNi-AM90_SEM-DIC_EBSD_SlipPartitioning_0#5,eval_CoNi-AM90_SEM-DIC_EBSD_SlipPartitioning_0,SlipPartitioning,CoNi-AM90_SEM-DIC_EBSD_SlipPartitioning,core,ma_roma,direct,none,0,1309,1493,13333,13333,20,10000,336,affine,"[0.056474537977642576, -0.0019073133619949296, 366.0164700860109, 0.012616295796272502, 0.036048167614346524, -197.69935318818267, 0.0, 0.0, 1.0]",401.210,390.166,6.69,ok,
eval_CoNi-AM90_SEM-DIC_EBSD_SlipPartitioning_0#5,eval_CoNi-AM90_SEM-DIC_EBSD_SlipPartitioning_0,SlipPartitioning,CoNi-AM90_SEM-DIC_EBSD_SlipPartitioning,core,ma_roma,pyramid_v2,none,0,1309,1493,13333,13333,20,10000,242,homography@direct+zoom,"[-0.010611827954921983, -0.07217214476591204, 299.69480455807627, 0.055523639520756014, -0.10006385291022223, 789.839471273862, 0.0002888619404166808, -0.00030336693980132737, 1.0]",1173.771,1002.839,20.36,ok,
eval_CoNi-AM90_SEM-DIC_EBSD_SlipPartitioning_0#5,eval_CoNi-AM90_SEM-DIC_EBSD_SlipPartitioning_0,SlipPartitioning,CoNi-AM90_SEM-DIC_EBSD_SlipPartitioning,transform,ma_roma,direct,invert,0,1309,1493,13333,13333,20,10000,141,homography,"[0.07820549166833858, -0.06530330731137517, 591.9023370469133, 0.02528182907353071, 0.023443227014976357, -238.65338711685803, 3.205351730739464e-05, -6.282193453721186e-05, 1.0]",379.658,342.193,6.92,ok,
eval_CoNi-AM90_SEM-DIC_EBSD_SlipPartitioning_0#5,eval_CoNi-AM90_SEM-DIC_EBSD_SlipPartitioning_0,SlipPartitioning,CoNi-AM90_SEM-DIC_EBSD_SlipPartitioning,transform,ma_roma,direct,histmatch,0,1309,1493,13333,13333,20,10000,112,homography,"[0.0345960205181915, -0.02594851042161263, 1080.1517456403, 0.02091265979593868, 0.04126824044198077, 127.7598962965856, -6.526786507052489e-06, -1.0113099542177604e-05, 1.0]",414.125,428.047,32.03,ok,
eval_CoNi-AM90_SEM-DIC_EBSD_SlipPartitioning_0#5,eval_CoNi-AM90_SEM-DIC_EBSD_SlipPartitioning_0,SlipPartitioning,CoNi-AM90_SEM-DIC_EBSD_SlipPartitioning,transform,ma_roma,direct,clahe,0,1309,1493,13333,13333,20,10000,246,affine,"[0.09007554695219952, -0.004050798483242388, 223.635237333437, 0.005754714954182166, 0.05842178059086995, -543.2703353084294, 0.0, 0.0, 1.0]",642.531,635.806,7.65,ok,
eval_CoNi-AM90_SEM-DIC_EBSD_SlipPartitioning_0#5,eval_CoNi-AM90_SEM-DIC_EBSD_SlipPartitioning_0,SlipPartitioning,CoNi-AM90_SEM-DIC_EBSD_SlipPartitioning,transform,ma_roma,direct,gradmag,0,1309,1493,13333,13333,20,10000,273,affine,"[0.141688493669682, -0.0023651179792429536, -56.336239952464894, 0.0010838606639803274, 0.1497629344430588, -441.74130651447405, 0.0, 0.0, 1.0]",500.466,601.510,11.01,ok,
eval_CoNi-AM90_SEM-DIC_EBSD_SlipPartitioning_0#5,eval_CoNi-AM90_SEM-DIC_EBSD_SlipPartitioning_0,SlipPartitioning,CoNi-AM90_SEM-DIC_EBSD_SlipPartitioning,control,ma_roma,direct,none,1,1309,1493,13333,13333,20,10000,302,affine,"[0.055101377738937016, -0.013828109434767262, 518.0906043600673, 0.014110893730491335, 0.04080033964661363, -267.81225321440314, 0.0, 0.0, 1.0]",406.775,392.760,6.40,ok,
eval_CoNi-AM90_SEM-DIC_EBSD_SlipPartitioning_0#5,eval_CoNi-AM90_SEM-DIC_EBSD_SlipPartitioning_0,SlipPartitioning,CoNi-AM90_SEM-DIC_EBSD_SlipPartitioning,control,ma_roma,direct,none,2,1309,1493,13333,13333,20,10000,225,homography,"[0.02309046231971534, -0.020324617832304884, 307.2089925974152, 0.008447739046380468, -0.00157930903880941, 51.44389861602835, 1.1293736054272837e-05, -6.181921444472679e-05, 1.0]",529.044,538.529,8.30,ok,
eval_CoNi-AM90_SEM-DIC_EBSD_SlipPartitioning_0#5,eval_CoNi-AM90_SEM-DIC_EBSD_SlipPartitioning_0,SlipPartitioning,CoNi-AM90_SEM-DIC_EBSD_SlipPartitioning,control,ma_roma,direct,none,3,1309,1493,13333,13333,20,10000,284,homography,"[-0.3158651021578466, -0.28435732337503117, 87.16603808346353, -0.0077502904625060785, -0.21445844129258287, 1130.2409110177705, 0.00025419371595848303, -0.0010901729349378161, 1.0]",1557.936,629.935,8.28,ok,
eval_CoNi-AM90_SEM-DIC_EBSD_SlipPartitioning_0#5,eval_CoNi-AM90_SEM-DIC_EBSD_SlipPartitioning_0,SlipPartitioning,CoNi-AM90_SEM-DIC_EBSD_SlipPartitioning,control,ma_roma,direct,none,4,1309,1493,13333,13333,20,10000,323,homography,"[0.028485379414880153, 0.007896184302651854, 291.93843765108664, -0.00964259453127757, 0.04164277242836646, -255.12575656725647, -0.0001046672548274549, 3.410850405783343e-05, 1.0]",2855.194,670.265,5.50,ok,
eval_CoNi-AM90_SEM-DIC_EBSD_SlipPartitioning_0#5,eval_CoNi-AM90_SEM-DIC_EBSD_SlipPartitioning_0,SlipPartitioning,CoNi-AM90_SEM-DIC_EBSD_SlipPartitioning,control,ma_roma,direct,none,5,1309,1493,13333,13333,20,10000,257,affine,"[0.043065960706738994, -0.005515177157547599, 331.24724043827547, 0.009417845331049508, 0.008660310432509605, 10.37597326824367, 0.0, 0.0, 1.0]",475.214,469.859,5.40,ok,
eval_CoNi-AM90_SEM-DIC_EBSD_SlipPartitioning_0#6,eval_CoNi-AM90_SEM-DIC_EBSD_SlipPartitioning_0,SlipPartitioning,CoNi-AM90_SEM-DIC_EBSD_SlipPartitioning,core,ma_roma,direct,none,0,1309,1493,13333,13333,20,10000,248,affine,"[0.06805255184652613, 0.005922290570857384, 138.61023868192166, -0.018238114279834017, 0.06590650061971687, 61.29426924822155, 0.0, 0.0, 1.0]",332.772,329.344,5.75,ok,
eval_CoNi-AM90_SEM-DIC_EBSD_SlipPartitioning_0#6,eval_CoNi-AM90_SEM-DIC_EBSD_SlipPartitioning_0,SlipPartitioning,CoNi-AM90_SEM-DIC_EBSD_SlipPartitioning,core,ma_roma,pyramid_v2,none,0,1309,1493,13333,13333,20,10000,248,affine@direct,"[0.06805255184652613, 0.005922290570857384, 138.61023868192166, -0.018238114279834017, 0.06590650061971687, 61.29426924822155, 0.0, 0.0, 1.0]",332.772,329.344,7.04,ok,
eval_CoNi-AM90_SEM-DIC_EBSD_SlipPartitioning_0#6,eval_CoNi-AM90_SEM-DIC_EBSD_SlipPartitioning_0,SlipPartitioning,CoNi-AM90_SEM-DIC_EBSD_SlipPartitioning,transform,ma_roma,direct,invert,0,1309,1493,13333,13333,20,10000,214,homography,"[0.061128586644023555, -0.02111549341972561, 231.3170335200124, 0.009408632416229286, 0.03429553633126368, -2.809643112642468, 2.662858763749421e-06, -4.104461019800631e-05, 1.0]",305.618,285.879,7.97,ok,
eval_CoNi-AM90_SEM-DIC_EBSD_SlipPartitioning_0#6,eval_CoNi-AM90_SEM-DIC_EBSD_SlipPartitioning_0,SlipPartitioning,CoNi-AM90_SEM-DIC_EBSD_SlipPartitioning,transform,ma_roma,direct,histmatch,0,1309,1493,13333,13333,20,10000,575,affine,"[0.04728669846437311, -0.00239588273584461, 608.9391498688389, -0.009070604736636859, 0.04152979916233682, 313.93827152994925, 0.0, 0.0, 1.0]",48.939,45.193,40.77,ok,
eval_CoNi-AM90_SEM-DIC_EBSD_SlipPartitioning_0#6,eval_CoNi-AM90_SEM-DIC_EBSD_SlipPartitioning_0,SlipPartitioning,CoNi-AM90_SEM-DIC_EBSD_SlipPartitioning,transform,ma_roma,direct,clahe,0,1309,1493,13333,13333,20,10000,163,affine,"[0.07583766272162062, -0.00830375238323648, 160.91060167491096, 0.011261840534056215, 0.09156772074157078, -154.0983485313551, 0.0, 0.0, 1.0]",367.877,381.779,5.48,ok,
eval_CoNi-AM90_SEM-DIC_EBSD_SlipPartitioning_0#6,eval_CoNi-AM90_SEM-DIC_EBSD_SlipPartitioning_0,SlipPartitioning,CoNi-AM90_SEM-DIC_EBSD_SlipPartitioning,transform,ma_roma,direct,gradmag,0,1309,1493,13333,13333,20,10000,213,affine,"[0.10880505513334653, 0.005063859989841446, -45.265205765963515, -0.011612585423668553, 0.11705743945733356, -155.4961211557786, 0.0, 0.0, 1.0]",392.867,425.665,7.42,ok,
eval_CoNi-AM90_SEM-DIC_EBSD_SlipPartitioning_0#6,eval_CoNi-AM90_SEM-DIC_EBSD_SlipPartitioning_0,SlipPartitioning,CoNi-AM90_SEM-DIC_EBSD_SlipPartitioning,control,ma_roma,direct,none,1,1309,1493,13333,13333,20,10000,142,affine,"[0.08191886229877311, -0.007719680914829063, 146.32913371991526, -0.009813739982853951, 0.07760641616380036, -46.86146640365547, 0.0, 0.0, 1.0]",328.121,346.097,4.38,ok,
eval_CoNi-AM90_SEM-DIC_EBSD_SlipPartitioning_0#6,eval_CoNi-AM90_SEM-DIC_EBSD_SlipPartitioning_0,SlipPartitioning,CoNi-AM90_SEM-DIC_EBSD_SlipPartitioning,control,ma_roma,direct,none,2,1309,1493,13333,13333,20,10000,245,homography,"[0.5284141497927038, 0.2220056077912085, -2372.0970648849366, 0.12368033816112167, 0.3548788096629379, -1637.7131130073117, 0.00021621075737983682, 0.00018333131690763952, 1.0]",427.248,223.955,4.31,ok,
eval_CoNi-AM90_SEM-DIC_EBSD_SlipPartitioning_0#6,eval_CoNi-AM90_SEM-DIC_EBSD_SlipPartitioning_0,SlipPartitioning,CoNi-AM90_SEM-DIC_EBSD_SlipPartitioning,control,ma_roma,direct,none,3,1309,1493,13333,13333,20,10000,258,homography,"[0.035675623960691044, 0.31162584716158986, -778.577769373894, -0.08785829614864828, 0.31562046682147094, -639.9855726395556, -8.359941394929128e-05, 0.0002477779058051304, 1.0]",792.072,256.448,4.69,ok,
eval_CoNi-AM90_SEM-DIC_EBSD_SlipPartitioning_0#6,eval_CoNi-AM90_SEM-DIC_EBSD_SlipPartitioning_0,SlipPartitioning,CoNi-AM90_SEM-DIC_EBSD_SlipPartitioning,control,ma_roma,direct,none,4,1309,1493,13333,13333,20,10000,233,affine,"[0.04697283363783536, 0.00853670038171392, 481.82196588165823, -0.018014242539109555, 0.03913189442238178, 443.5182174100313, 0.0, 0.0, 1.0]",129.943,121.629,5.01,ok,
eval_CoNi-AM90_SEM-DIC_EBSD_SlipPartitioning_0#6,eval_CoNi-AM90_SEM-DIC_EBSD_SlipPartitioning_0,SlipPartitioning,CoNi-AM90_SEM-DIC_EBSD_SlipPartitioning,control,ma_roma,direct,none,5,1309,1493,13333,13333,20,10000,220,affine,"[0.04170371942180818, 0.009732808276486081, 523.9149532868511, -0.020525949694378664, 0.05501987885870143, 284.98373518301656, 0.0, 0.0, 1.0]",99.337,101.314,5.29,ok,
eval_CoNi-AM90_SEM-DIC_EBSD_SlipPartitioning_0#7,eval_CoNi-AM90_SEM-DIC_EBSD_SlipPartitioning_0,SlipPartitioning,CoNi-AM90_SEM-DIC_EBSD_SlipPartitioning,core,ma_roma,direct,none,0,1309,1493,13333,13333,20,10000,231,homography,"[0.14920739521397294, 0.01725048871037781, -163.84869738927267, 0.024946803548466547, 0.18767637337790075, -832.1961159010781, 1.3450806373877988e-05, 3.426843396844645e-05, 1.0]",466.230,396.154,4.34,ok,
eval_CoNi-AM90_SEM-DIC_EBSD_SlipPartitioning_0#7,eval_CoNi-AM90_SEM-DIC_EBSD_SlipPartitioning_0,SlipPartitioning,CoNi-AM90_SEM-DIC_EBSD_SlipPartitioning,core,ma_roma,pyramid_v2,none,0,1309,1493,13333,13333,20,10000,231,homography@direct,"[0.14920739521397294, 0.01725048871037781, -163.84869738927267, 0.024946803548466547, 0.18767637337790075, -832.1961159010781, 1.3450806373877988e-05, 3.426843396844645e-05, 1.0]",466.230,396.154,4.74,ok,
eval_CoNi-AM90_SEM-DIC_EBSD_SlipPartitioning_0#7,eval_CoNi-AM90_SEM-DIC_EBSD_SlipPartitioning_0,SlipPartitioning,CoNi-AM90_SEM-DIC_EBSD_SlipPartitioning,transform,ma_roma,direct,invert,0,1309,1493,13333,13333,20,10000,224,affine,"[0.09382868096732538, 0.00757649845154639, 4.01409103232902, -0.004176483906598783, 0.09405047387730842, -97.59621347110124, 0.0, 0.0, 1.0]",339.607,349.064,4.78,ok,
eval_CoNi-AM90_SEM-DIC_EBSD_SlipPartitioning_0#7,eval_CoNi-AM90_SEM-DIC_EBSD_SlipPartitioning_0,SlipPartitioning,CoNi-AM90_SEM-DIC_EBSD_SlipPartitioning,transform,ma_roma,direct,histmatch,0,1309,1493,13333,13333,20,10000,189,affine,"[0.10717177731389108, -0.0025600522895670636, 45.749021782420414, 0.012368840343449487, 0.09549493167878897, -147.80955657431014, 0.0, 0.0, 1.0]",325.099,353.627,21.28,ok,
eval_CoNi-AM90_SEM-DIC_EBSD_SlipPartitioning_0#7,eval_CoNi-AM90_SEM-DIC_EBSD_SlipPartitioning_0,SlipPartitioning,CoNi-AM90_SEM-DIC_EBSD_SlipPartitioning,transform,ma_roma,direct,clahe,0,1309,1493,13333,13333,20,10000,274,affine,"[0.103169983959016, 0.008743313959599777, -53.768121553575384, -0.019458139637033457, 0.08049434041569786, 250.5275208783986, 0.0, 0.0, 1.0]",340.144,290.220,6.32,ok,
eval_CoNi-AM90_SEM-DIC_EBSD_SlipPartitioning_0#7,eval_CoNi-AM90_SEM-DIC_EBSD_SlipPartitioning_0,SlipPartitioning,CoNi-AM90_SEM-DIC_EBSD_SlipPartitioning,transform,ma_roma,direct,gradmag,0,1309,1493,13333,13333,20,10000,283,homography,"[0.09917510323825877, 0.13589323714575458, -411.7987370060988, -0.02605374322589936, 0.18131277405700974, -21.68260597811274, -2.9551797756763673e-05, 9.127009503947118e-05, 1.0]",390.224,349.971,11.69,ok,
eval_CoNi-AM90_SEM-DIC_EBSD_SlipPartitioning_0#7,eval_CoNi-AM90_SEM-DIC_EBSD_SlipPartitioning_0,SlipPartitioning,CoNi-AM90_SEM-DIC_EBSD_SlipPartitioning,control,ma_roma,direct,none,1,1309,1493,13333,13333,20,10000,215,affine,"[0.11314698464251774, -0.01361779660260356, 77.65917458077615, 0.006847750398881888, 0.13389612720551786, -529.4184385904571, 0.0, 0.0, 1.0]",451.608,439.531,5.78,ok,
eval_CoNi-AM90_SEM-DIC_EBSD_SlipPartitioning_0#7,eval_CoNi-AM90_SEM-DIC_EBSD_SlipPartitioning_0,SlipPartitioning,CoNi-AM90_SEM-DIC_EBSD_SlipPartitioning,control,ma_roma,direct,none,2,1309,1493,13333,13333,20,10000,136,homography,"[0.13121899538407258, 0.02257523816092305, -190.68748136103915, 0.02560052114082541, 0.11568177265000405, -411.3456208748332, 1.3110174524627096e-05, 9.336553194431678e-06, 1.0]",357.688,316.654,5.10,ok,
eval_CoNi-AM90_SEM-DIC_EBSD_SlipPartitioning_0#7,eval_CoNi-AM90_SEM-DIC_EBSD_SlipPartitioning_0,SlipPartitioning,CoNi-AM90_SEM-DIC_EBSD_SlipPartitioning,control,ma_roma,direct,none,3,1309,1493,13333,13333,20,10000,191,homography,"[0.162863153648709, 0.013722857668840157, -216.89456948219987, 0.029694384333235114, 0.13027344417306638, -486.19125438695966, 2.7257357098861478e-05, 1.0051591222364942e-05, 1.0]",357.541,320.080,4.87,ok,
eval_CoNi-AM90_SEM-DIC_EBSD_SlipPartitioning_0#7,eval_CoNi-AM90_SEM-DIC_EBSD_SlipPartitioning_0,SlipPartitioning,CoNi-AM90_SEM-DIC_EBSD_SlipPartitioning,control,ma_roma,direct,none,4,1309,1493,13333,13333,20,10000,193,affine,"[0.10636519743668509, -0.021889511268562464, 154.39774485969906, 0.013223373060206975, 0.12409986132619684, -469.55050314038704, 0.0, 0.0, 1.0]",418.362,443.254,4.53,ok,
eval_CoNi-AM90_SEM-DIC_EBSD_SlipPartitioning_0#7,eval_CoNi-AM90_SEM-DIC_EBSD_SlipPartitioning_0,SlipPartitioning,CoNi-AM90_SEM-DIC_EBSD_SlipPartitioning,control,ma_roma,direct,none,5,1309,1493,13333,13333,20,10000,213,affine,"[0.10644976702287423, -0.005124662951718764, 25.45283894381737, 0.013432093985405272, 0.12155233624990096, -451.59268840083416, 0.0, 0.0, 1.0]",419.095,439.136,5.17,ok,
eval_CoNi-AM90_SEM-DIC_EBSD_SlipPartitioning_0#8,eval_CoNi-AM90_SEM-DIC_EBSD_SlipPartitioning_0,SlipPartitioning,CoNi-AM90_SEM-DIC_EBSD_SlipPartitioning,core,ma_roma,direct,none,0,1309,1493,13333,13333,20,10000,146,homography,"[0.0037134277303859766, -0.014813813914637123, 265.15177859474403, 0.007082262548512514, 0.0015087844213558053, 48.540845673171326, -5.2274022746052466e-05, -5.2882475974665206e-05, 1.0]",880.354,462.490,5.29,ok,
eval_CoNi-AM90_SEM-DIC_EBSD_SlipPartitioning_0#8,eval_CoNi-AM90_SEM-DIC_EBSD_SlipPartitioning_0,SlipPartitioning,CoNi-AM90_SEM-DIC_EBSD_SlipPartitioning,core,ma_roma,pyramid_v2,none,0,1309,1493,13333,13333,20,10000,146,homography@direct,"[0.0037134277303859766, -0.014813813914637123, 265.15177859474403, 0.007082262548512514, 0.0015087844213558053, 48.540845673171326, -5.2274022746052466e-05, -5.2882475974665206e-05, 1.0]",880.354,462.490,9.40,ok,
eval_CoNi-AM90_SEM-DIC_EBSD_SlipPartitioning_0#8,eval_CoNi-AM90_SEM-DIC_EBSD_SlipPartitioning_0,SlipPartitioning,CoNi-AM90_SEM-DIC_EBSD_SlipPartitioning,transform,ma_roma,direct,invert,0,1309,1493,13333,13333,20,10000,149,homography,"[-0.053477109585304425, 0.03205385503452176, 1158.246724252094, -0.006574727878364383, 0.030033531591822493, 134.38897082944857, -5.2726322187005295e-05, 3.926757699679218e-05, 1.0]",301.778,276.022,4.82,ok,
eval_CoNi-AM90_SEM-DIC_EBSD_SlipPartitioning_0#8,eval_CoNi-AM90_SEM-DIC_EBSD_SlipPartitioning_0,SlipPartitioning,CoNi-AM90_SEM-DIC_EBSD_SlipPartitioning,transform,ma_roma,direct,histmatch,0,1309,1493,13333,13333,20,10000,91,affine,"[0.04954398172587475, -0.056447695316051455, 1226.8034691644107, -0.001622559409911923, 0.0368547151779253, 202.21982779306262, 0.0, 0.0, 1.0]",320.489,304.182,21.99,ok,
eval_CoNi-AM90_SEM-DIC_EBSD_SlipPartitioning_0#8,eval_CoNi-AM90_SEM-DIC_EBSD_SlipPartitioning_0,SlipPartitioning,CoNi-AM90_SEM-DIC_EBSD_SlipPartitioning,transform,ma_roma,direct,clahe,0,1309,1493,13333,13333,20,10000,186,affine,"[0.03655247767439479, -0.004355679175218141, 562.7675249463085, 0.019482657019327096, 0.039518547601277314, -340.157080294457, 0.0, 0.0, 1.0]",454.795,441.645,5.19,ok,
eval_CoNi-AM90_SEM-DIC_EBSD_SlipPartitioning_0#8,eval_CoNi-AM90_SEM-DIC_EBSD_SlipPartitioning_0,SlipPartitioning,CoNi-AM90_SEM-DIC_EBSD_SlipPartitioning,transform,ma_roma,direct,gradmag,0,1309,1493,13333,13333,20,10000,293,affine,"[0.14791462619322052, -0.047268540976080076, 284.5439169340972, -0.0028233835559901776, 0.15966931656522815, -687.5039849767636, 0.0, 0.0, 1.0]",586.954,609.202,8.04,ok,
eval_CoNi-AM90_SEM-DIC_EBSD_SlipPartitioning_0#8,eval_CoNi-AM90_SEM-DIC_EBSD_SlipPartitioning_0,SlipPartitioning,CoNi-AM90_SEM-DIC_EBSD_SlipPartitioning,control,ma_roma,direct,none,1,1309,1493,13333,13333,20,10000,171,homography,"[0.29673521519087476, -0.006938767917320708, -17.026543196115632, 0.09040604500685619, 0.08200667888682599, -691.4501700259601, 0.0001802599440737887, 1.0923896709935697e-05, 1.0]",362.140,294.309,5.27,ok,
eval_CoNi-AM90_SEM-DIC_EBSD_SlipPartitioning_0#8,eval_CoNi-AM90_SEM-DIC_EBSD_SlipPartitioning_0,SlipPartitioning,CoNi-AM90_SEM-DIC_EBSD_SlipPartitioning,control,ma_roma,direct,none,2,1309,1493,13333,13333,20,10000,202,affine,"[0.07723368244949148, -0.007873134090185535, 283.88480047000684, 0.023645261183265667, 0.04081213269034241, -255.11294218815738, 0.0, 0.0, 1.0]",359.198,338.089,4.99,ok,
eval_CoNi-AM90_SEM-DIC_EBSD_SlipPartitioning_0#8,eval_CoNi-AM90_SEM-DIC_EBSD_SlipPartitioning_0,SlipPartitioning,CoNi-AM90_SEM-DIC_EBSD_SlipPartitioning,control,ma_roma,direct,none,3,1309,1493,13333,13333,20,10000,120,homography,"[0.1919361353975817, -0.0828827558643286, 379.3513576843259, 0.13626360687204628, 0.0032220923755284453, -480.98397227928734, 0.00019466882748834748, -0.00011050360731850668, 1.0]",847.525,306.982,4.60,ok,
eval_CoNi-AM90_SEM-DIC_EBSD_SlipPartitioning_0#8,eval_CoNi-AM90_SEM-DIC_EBSD_SlipPartitioning_0,SlipPartitioning,CoNi-AM90_SEM-DIC_EBSD_SlipPartitioning,control,ma_roma,direct,none,4,1309,1493,13333,13333,20,10000,105,homography,"[0.0504450036003869, -0.050830336363323764, 718.7497940249935, 0.015752848902728395, 0.013070032609371661, -14.84819762868992, 9.573567162715435e-06, -3.3896324962655725e-05, 1.0]",271.449,255.943,4.70,ok,
eval_CoNi-AM90_SEM-DIC_EBSD_SlipPartitioning_0#8,eval_CoNi-AM90_SEM-DIC_EBSD_SlipPartitioning_0,SlipPartitioning,CoNi-AM90_SEM-DIC_EBSD_SlipPartitioning,control,ma_roma,direct,none,5,1309,1493,13333,13333,20,10000,135,homography,"[-0.1333744966305419, -0.07020203919355451, 763.1163494175803, -0.04691032190142233, -0.09530991384827361, 915.0046975243672, -7.497376236524952e-05, -0.00016241804695999465, 1.0]",964.372,754.862,5.50,ok,
eval_CoNi-AM90_SEM-DIC_EBSD_SlipPartitioning_0#9,eval_CoNi-AM90_SEM-DIC_EBSD_SlipPartitioning_0,SlipPartitioning,CoNi-AM90_SEM-DIC_EBSD_SlipPartitioning,core,ma_roma,direct,none,0,1309,1493,13333,13333,20,10000,408,homography,"[0.0721368476435127, 0.07259497900253542, 137.77583381820665, 0.002040489195437951, 0.10269497338873494, -144.71826179820724, 3.365588161540225e-06, 5.742655843024449e-05, 1.0]",221.219,178.816,4.33,ok,
eval_CoNi-AM90_SEM-DIC_EBSD_SlipPartitioning_0#9,eval_CoNi-AM90_SEM-DIC_EBSD_SlipPartitioning_0,SlipPartitioning,CoNi-AM90_SEM-DIC_EBSD_SlipPartitioning,core,ma_roma,pyramid_v2,none,0,1309,1493,13333,13333,20,10000,408,homography@direct,"[0.0721368476435127, 0.07259497900253542, 137.77583381820665, 0.002040489195437951, 0.10269497338873494, -144.71826179820724, 3.365588161540225e-06, 5.742655843024449e-05, 1.0]",221.219,178.816,9.42,ok,
eval_CoNi-AM90_SEM-DIC_EBSD_SlipPartitioning_0#9,eval_CoNi-AM90_SEM-DIC_EBSD_SlipPartitioning_0,SlipPartitioning,CoNi-AM90_SEM-DIC_EBSD_SlipPartitioning,transform,ma_roma,direct,invert,0,1309,1493,13333,13333,20,10000,183,affine,"[0.04554003607436995, 0.032360994637941114, 204.42497097896603, -0.0006891535509659876, 0.053805417909802394, 25.608926385514167, 0.0, 0.0, 1.0]",244.446,241.728,4.60,ok,
eval_CoNi-AM90_SEM-DIC_EBSD_SlipPartitioning_0#9,eval_CoNi-AM90_SEM-DIC_EBSD_SlipPartitioning_0,SlipPartitioning,CoNi-AM90_SEM-DIC_EBSD_SlipPartitioning,transform,ma_roma,direct,histmatch,0,1309,1493,13333,13333,20,10000,264,homography,"[0.020891382055488007, -0.008041595134410653, 190.05094323039793, -0.0016351433022513268, 0.029331401028023153, 18.11682466577819, -3.5081407203512e-05, -5.074571289647255e-05, 1.0]",1470.727,494.292,21.88,ok,
eval_CoNi-AM90_SEM-DIC_EBSD_SlipPartitioning_0#9,eval_CoNi-AM90_SEM-DIC_EBSD_SlipPartitioning_0,SlipPartitioning,CoNi-AM90_SEM-DIC_EBSD_SlipPartitioning,transform,ma_roma,direct,clahe,0,1309,1493,13333,13333,20,10000,263,affine,"[0.09596006150706081, 3.901999263380915e-05, 29.002676712130324, 0.007432760784339467, 0.1382100856721037, -674.2565959956933, 0.0, 0.0, 1.0]",508.621,442.661,5.79,ok,
eval_CoNi-AM90_SEM-DIC_EBSD_SlipPartitioning_0#9,eval_CoNi-AM90_SEM-DIC_EBSD_SlipPartitioning_0,SlipPartitioning,CoNi-AM90_SEM-DIC_EBSD_SlipPartitioning,transform,ma_roma,direct,gradmag,0,1309,1493,13333,13333,20,10000,304,homography,"[0.08499393757739977, 0.005273982243534276, -91.5037308403138, -0.024668722584997985, 0.11050032960871922, -95.57897125174458, -3.108085987229271e-05, 1.3228435953258408e-06, 1.0]",518.188,580.293,8.72,ok,
eval_CoNi-AM90_SEM-DIC_EBSD_SlipPartitioning_0#9,eval_CoNi-AM90_SEM-DIC_EBSD_SlipPartitioning_0,SlipPartitioning,CoNi-AM90_SEM-DIC_EBSD_SlipPartitioning,control,ma_roma,direct,none,1,1309,1493,13333,13333,20,10000,364,affine,"[0.041410010756910615, 0.003523057903844917, 538.9739031544938, 0.0008359326973202723, 0.04570567494058333, 94.19709399468792, 0.0, 0.0, 1.0]",115.830,113.764,4.49,ok,
eval_CoNi-AM90_SEM-DIC_EBSD_SlipPartitioning_0#9,eval_CoNi-AM90_SEM-DIC_EBSD_SlipPartitioning_0,SlipPartitioning,CoNi-AM90_SEM-DIC_EBSD_SlipPartitioning,control,ma_roma,direct,none,2,1309,1493,13333,13333,20,10000,336,affine,"[0.03621200553622703, 0.0158305620542177, 487.3446842307902, -0.0005509439828628008, 0.047667067459553916, 92.58800129758868, 0.0, 0.0, 1.0]",128.982,122.423,4.58,ok,
eval_CoNi-AM90_SEM-DIC_EBSD_SlipPartitioning_0#9,eval_CoNi-AM90_SEM-DIC_EBSD_SlipPartitioning_0,SlipPartitioning,CoNi-AM90_SEM-DIC_EBSD_SlipPartitioning,control,ma_roma,direct,none,3,1309,1493,13333,13333,20,10000,310,affine,"[0.04259104927356693, 0.017910207354109434, 390.2553269692637, 0.0036675774210082873, 0.04890654309699468, 29.067395361442095, 0.0, 0.0, 1.0]",176.397,173.253,4.43,ok,
eval_CoNi-AM90_SEM-DIC_EBSD_SlipPartitioning_0#9,eval_CoNi-AM90_SEM-DIC_EBSD_SlipPartitioning_0,SlipPartitioning,CoNi-AM90_SEM-DIC_EBSD_SlipPartitioning,control,ma_roma,direct,none,4,1309,1493,13333,13333,20,10000,425,affine,"[0.042092693511360996, 0.00535353281069275, 512.967956001677, 0.0008702255243684882, 0.047839716280777024, 72.49986659009585, 0.0, 0.0, 1.0]",129.316,126.610,4.37,ok,
eval_CoNi-AM90_SEM-DIC_EBSD_SlipPartitioning_0#9,eval_CoNi-AM90_SEM-DIC_EBSD_SlipPartitioning_0,SlipPartitioning,CoNi-AM90_SEM-DIC_EBSD_SlipPartitioning,control,ma_roma,direct,none,5,1309,1493,13333,13333,20,10000,293,affine,"[0.036161616788795974, 0.020532321644059007, 452.26654948407327, 0.001838424468391315, 0.04667022605027158, 72.98478005133131, 0.0, 0.0, 1.0]",145.992,133.200,4.37,ok,
eval_CoNi-AM90_SEM-DIC_EBSD_SlipPartitioning_0#10,eval_CoNi-AM90_SEM-DIC_EBSD_SlipPartitioning_0,SlipPartitioning,CoNi-AM90_SEM-DIC_EBSD_SlipPartitioning,core,ma_roma,direct,none,0,1309,1493,13333,13333,20,10000,215,affine,"[0.10742674451246068, 0.010184439512734601, -97.57710419385273, 4.117294495644676e-07, 0.1089151408544754, -256.8542947447978, 0.0, 0.0, 1.0]",394.879,386.707,4.55,ok,
eval_CoNi-AM90_SEM-DIC_EBSD_SlipPartitioning_0#10,eval_CoNi-AM90_SEM-DIC_EBSD_SlipPartitioning_0,SlipPartitioning,CoNi-AM90_SEM-DIC_EBSD_SlipPartitioning,core,ma_roma,pyramid_v2,none,0,1309,1493,13333,13333,20,10000,215,affine@direct,"[0.10742674451246068, 0.010184439512734601, -97.57710419385273, 4.117294495644676e-07, 0.1089151408544754, -256.8542947447978, 0.0, 0.0, 1.0]",394.879,386.707,5.04,ok,
eval_CoNi-AM90_SEM-DIC_EBSD_SlipPartitioning_0#10,eval_CoNi-AM90_SEM-DIC_EBSD_SlipPartitioning_0,SlipPartitioning,CoNi-AM90_SEM-DIC_EBSD_SlipPartitioning,transform,ma_roma,direct,invert,0,1309,1493,13333,13333,20,10000,327,affine,"[0.09826473191706049, 0.006786600556550844, -9.814375817227301, -0.004972583299169704, 0.08918657401728557, -44.20410591665302, 0.0, 0.0, 1.0]",325.351,323.044,5.82,ok,
eval_CoNi-AM90_SEM-DIC_EBSD_SlipPartitioning_0#10,eval_CoNi-AM90_SEM-DIC_EBSD_SlipPartitioning_0,SlipPartitioning,CoNi-AM90_SEM-DIC_EBSD_SlipPartitioning,transform,ma_roma,direct,histmatch,0,1309,1493,13333,13333,20,10000,290,affine,"[0.10120440613137885, 0.0031627181618952616, 32.03344022772956, -0.0005754491129532459, 0.10698242545731046, -227.60162081299677, 0.0, 0.0, 1.0]",352.538,365.014,24.77,ok,
eval_CoNi-AM90_SEM-DIC_EBSD_SlipPartitioning_0#10,eval_CoNi-AM90_SEM-DIC_EBSD_SlipPartitioning_0,SlipPartitioning,CoNi-AM90_SEM-DIC_EBSD_SlipPartitioning,transform,ma_roma,direct,clahe,0,1309,1493,13333,13333,20,10000,299,homography,"[0.09865672299439278, -0.009739461768883347, 67.8306923462766, 0.035301671610758395, 0.05757826367387827, -53.948891221640736, 3.227747692188102e-05, -3.180400589444746e-05, 1.0]",351.187,319.224,5.08,ok,
eval_CoNi-AM90_SEM-DIC_EBSD_SlipPartitioning_0#10,eval_CoNi-AM90_SEM-DIC_EBSD_SlipPartitioning_0,SlipPartitioning,CoNi-AM90_SEM-DIC_EBSD_SlipPartitioning,transform,ma_roma,direct,gradmag,0,1309,1493,13333,13333,20,10000,319,homography,"[0.10386894122841413, -0.022258466852368142, 83.29488868348066, -0.003644713850857763, 0.05143217357430383, 283.81982596591604, 2.81026378161815e-06, -2.3427488984566567e-05, 1.0]",365.263,366.277,9.38,ok,
eval_CoNi-AM90_SEM-DIC_EBSD_SlipPartitioning_0#10,eval_CoNi-AM90_SEM-DIC_EBSD_SlipPartitioning_0,SlipPartitioning,CoNi-AM90_SEM-DIC_EBSD_SlipPartitioning,control,ma_roma,direct,none,1,1309,1493,13333,13333,20,10000,236,homography,"[0.09053507225089405, 0.011010768884160424, -75.58533202936907, 0.00035855096176654766, 0.09746938120750548, -250.32557051244285, -3.4186652127023152e-06, -6.890665618004819e-06, 1.0]",414.398,375.729,5.34,ok,
eval_CoNi-AM90_SEM-DIC_EBSD_SlipPartitioning_0#10,eval_CoNi-AM90_SEM-DIC_EBSD_SlipPartitioning_0,SlipPartitioning,CoNi-AM90_SEM-DIC_EBSD_SlipPartitioning,control,ma_roma,direct,none,2,1309,1493,13333,13333,20,10000,224,affine,"[0.10737184120539374, 0.01054307970602964, -96.50796044475317, 0.0009352726231595706, 0.14999091520228033, -790.2606376457738, 0.0, 0.0, 1.0]",574.085,497.640,5.37,ok,
eval_CoNi-AM90_SEM-DIC_EBSD_SlipPartitioning_0#10,eval_CoNi-AM90_SEM-DIC_EBSD_SlipPartitioning_0,SlipPartitioning,CoNi-AM90_SEM-DIC_EBSD_SlipPartitioning,control,ma_roma,direct,none,3,1309,1493,13333,13333,20,10000,281,homography,"[0.20105147511466423, 0.024262939423916812, -476.1650859526499, 0.08005157326553705, 0.17919792655912342, -1035.6261117995368, 7.345642965026336e-05, 6.6164337471093736e-06, 1.0]",471.085,365.922,4.92,ok,
eval_CoNi-AM90_SEM-DIC_EBSD_SlipPartitioning_0#10,eval_CoNi-AM90_SEM-DIC_EBSD_SlipPartitioning_0,SlipPartitioning,CoNi-AM90_SEM-DIC_EBSD_SlipPartitioning,control,ma_roma,direct,none,4,1309,1493,13333,13333,20,10000,240,affine,"[0.11704271023783695, 0.006804270928704983, -136.82181677719655, 0.0007832466960328274, 0.10806048829043426, -252.87565591309635, 0.0, 0.0, 1.0]",402.245,405.633,4.47,ok,
eval_CoNi-AM90_SEM-DIC_EBSD_SlipPartitioning_0#10,eval_CoNi-AM90_SEM-DIC_EBSD_SlipPartitioning_0,SlipPartitioning,CoNi-AM90_SEM-DIC_EBSD_SlipPartitioning,control,ma_roma,direct,none,5,1309,1493,13333,13333,20,10000,223,homography,"[0.12952360749133354, 0.01597555902304343, -185.0926162381831, 0.031079174312348305, 0.1253565276368909, -537.569892194569, 1.6526492534293255e-05, 3.006558474897049e-06, 0.9999999999999999]",408.422,375.402,4.73,ok,
eval_CoNi-AM90_SEM-DIC_EBSD_SlipPartitioning_0#11,eval_CoNi-AM90_SEM-DIC_EBSD_SlipPartitioning_0,SlipPartitioning,CoNi-AM90_SEM-DIC_EBSD_SlipPartitioning,core,ma_roma,direct,none,0,1309,1493,13333,13333,20,10000,104,homography,"[-0.032254760132341166, 0.007391195235391564, 515.2475962915703, -0.023069355929120443, 0.025417115381756818, 254.79316123470747, -8.38997705715296e-05, 1.164237952659368e-05, 1.0]",475.686,241.982,4.59,ok,
eval_CoNi-AM90_SEM-DIC_EBSD_SlipPartitioning_0#11,eval_CoNi-AM90_SEM-DIC_EBSD_SlipPartitioning_0,SlipPartitioning,CoNi-AM90_SEM-DIC_EBSD_SlipPartitioning,core,ma_roma,pyramid_v2,none,0,1309,1493,13333,13333,20,10000,104,homography@direct,"[-0.032254760132341166, 0.007391195235391564, 515.2475962915703, -0.023069355929120443, 0.025417115381756818, 254.79316123470747, -8.38997705715296e-05, 1.164237952659368e-05, 1.0]",475.686,241.982,4.70,ok,
eval_CoNi-AM90_SEM-DIC_EBSD_SlipPartitioning_0#11,eval_CoNi-AM90_SEM-DIC_EBSD_SlipPartitioning_0,SlipPartitioning,CoNi-AM90_SEM-DIC_EBSD_SlipPartitioning,transform,ma_roma,direct,invert,0,1309,1493,13333,13333,20,10000,148,homography,"[-0.04242313674277536, -0.03257957890266184, 296.67483980961697, -0.029641235348087405, -0.022008673922404978, 204.20179940515203, -0.0001420667236788989, -0.00011019949464516118, 1.0]",693.687,700.826,4.73,ok,
eval_CoNi-AM90_SEM-DIC_EBSD_SlipPartitioning_0#11,eval_CoNi-AM90_SEM-DIC_EBSD_SlipPartitioning_0,SlipPartitioning,CoNi-AM90_SEM-DIC_EBSD_SlipPartitioning,transform,ma_roma,direct,histmatch,0,1309,1493,13333,13333,20,10000,330,affine,"[0.009738754924740373, -0.000873787303897715, 131.6527199451175, -0.0009964134585819595, 0.06427478070655136, 277.4952270452139, 0.0, 0.0, 1.0]",755.386,762.299,21.56,ok,
eval_CoNi-AM90_SEM-DIC_EBSD_SlipPartitioning_0#11,eval_CoNi-AM90_SEM-DIC_EBSD_SlipPartitioning_0,SlipPartitioning,CoNi-AM90_SEM-DIC_EBSD_SlipPartitioning,transform,ma_roma,direct,clahe,0,1309,1493,13333,13333,20,10000,202,homography,"[0.07170872021831931, -0.04990938799038444, 566.7896990256191, 0.027682367655817063, 0.013729872258065367, -164.59654654102494, 4.619780712303448e-05, -5.812522655255749e-05, 1.0]",391.341,372.409,6.16,ok,
eval_CoNi-AM90_SEM-DIC_EBSD_SlipPartitioning_0#11,eval_CoNi-AM90_SEM-DIC_EBSD_SlipPartitioning_0,SlipPartitioning,CoNi-AM90_SEM-DIC_EBSD_SlipPartitioning,transform,ma_roma,direct,gradmag,0,1309,1493,13333,13333,20,10000,450,affine,"[0.13740734535127105, 0.008162136823231756, -149.8145618295157, 0.00029954433496781917, 0.14663233933027192, -414.8295605209777, 0.0, 0.0, 1.0]",492.342,575.839,8.97,ok,
eval_CoNi-AM90_SEM-DIC_EBSD_SlipPartitioning_0#11,eval_CoNi-AM90_SEM-DIC_EBSD_SlipPartitioning_0,SlipPartitioning,CoNi-AM90_SEM-DIC_EBSD_SlipPartitioning,control,ma_roma,direct,none,1,1309,1493,13333,13333,20,10000,115,affine,"[0.05662660709170691, -0.0085669466850114, 349.36242871279546, 0.03559272052911601, -0.010801712419116108, 347.63580144971843, 0.0, 0.0, 1.0]",326.802,297.912,4.71,ok,
eval_CoNi-AM90_SEM-DIC_EBSD_SlipPartitioning_0#11,eval_CoNi-AM90_SEM-DIC_EBSD_SlipPartitioning_0,SlipPartitioning,CoNi-AM90_SEM-DIC_EBSD_SlipPartitioning,control,ma_roma,direct,none,2,1309,1493,13333,13333,20,10000,56,homography,"[0.03804390630840818, 0.01806775124563449, 54.53748148842469, -0.00458256769531477, 0.02917626244563605, 56.641810391920814, -0.00015304944183730979, 4.542582250896316e-05, 1.0]",5610.889,1674.917,5.01,ok,
eval_CoNi-AM90_SEM-DIC_EBSD_SlipPartitioning_0#11,eval_CoNi-AM90_SEM-DIC_EBSD_SlipPartitioning_0,SlipPartitioning,CoNi-AM90_SEM-DIC_EBSD_SlipPartitioning,control,ma_roma,direct,none,3,1309,1493,13333,13333,20,10000,94,homography,"[0.06146194360788829, -0.07910880971944714, 404.87056462332964, 0.015213184689653839, -0.026493828695352283, 241.34647612744737, 2.944585281625199e-05, -0.00010590849381532475, 1.0]",666.697,291.995,4.70,ok,
eval_CoNi-AM90_SEM-DIC_EBSD_SlipPartitioning_0#11,eval_CoNi-AM90_SEM-DIC_EBSD_SlipPartitioning_0,SlipPartitioning,CoNi-AM90_SEM-DIC_EBSD_SlipPartitioning,control,ma_roma,direct,none,4,1309,1493,13333,13333,20,10000,189,affine,"[0.02392339650494062, -0.04103012815107217, 715.2814796726723, -0.022866281495191786, 0.029922932704257544, 319.3998122852592, 0.0, 0.0, 1.0]",314.579,321.070,5.00,ok,
eval_CoNi-AM90_SEM-DIC_EBSD_SlipPartitioning_0#11,eval_CoNi-AM90_SEM-DIC_EBSD_SlipPartitioning_0,SlipPartitioning,CoNi-AM90_SEM-DIC_EBSD_SlipPartitioning,control,ma_roma,direct,none,5,1309,1493,13333,13333,20,10000,79,homography,"[0.02491528652838179, -0.04805703983716846, 469.70419115877115, 0.014911649346442426, -0.014115244597517635, 170.55492987099288, 5.2647804089005773e-05, -9.902230053100698e-05, 1.0]",607.668,521.830,5.59,ok,
eval_CoNi-AM90_SEM-DIC_EBSD_SlipPartitioning_0#12,eval_CoNi-AM90_SEM-DIC_EBSD_SlipPartitioning_0,SlipPartitioning,CoNi-AM90_SEM-DIC_EBSD_SlipPartitioning,core,ma_roma,direct,none,0,1309,1493,13333,13333,20,10000,234,affine,"[0.06204770053440138, 0.014664593448903647, 191.04638466145445, 0.002431749308090295, 0.031487422117103425, 225.84625322451546, 0.0, 0.0, 1.0]",232.409,221.842,4.49,ok,
eval_CoNi-AM90_SEM-DIC_EBSD_SlipPartitioning_0#12,eval_CoNi-AM90_SEM-DIC_EBSD_SlipPartitioning_0,SlipPartitioning,CoNi-AM90_SEM-DIC_EBSD_SlipPartitioning,core,ma_roma,pyramid_v2,none,0,1309,1493,13333,13333,20,10000,154,homography@direct+zoom,"[-0.03602294646134586, -0.03766955719428883, 628.164337826238, -0.02648768195189949, -0.023110539983468792, 412.09123317289226, -6.160160524537065e-05, -5.7705922212726334e-05, 1.0]",307.330,272.673,18.70,ok,
eval_CoNi-AM90_SEM-DIC_EBSD_SlipPartitioning_0#12,eval_CoNi-AM90_SEM-DIC_EBSD_SlipPartitioning_0,SlipPartitioning,CoNi-AM90_SEM-DIC_EBSD_SlipPartitioning,transform,ma_roma,direct,invert,0,1309,1493,13333,13333,20,10000,164,homography,"[7.247176835611215, 1.2113377326755914, -16086.868330726677, 2.3424996517029064, 5.013074060934889, -20343.23137847838, 0.006847015210368151, 0.00282301288306804, 0.9999999999999999]",449.023,353.448,8.20,ok,
eval_CoNi-AM90_SEM-DIC_EBSD_SlipPartitioning_0#12,eval_CoNi-AM90_SEM-DIC_EBSD_SlipPartitioning_0,SlipPartitioning,CoNi-AM90_SEM-DIC_EBSD_SlipPartitioning,transform,ma_roma,direct,histmatch,0,1309,1493,13333,13333,20,10000,273,homography,"[0.024925531677819232, 0.09385902297811237, 144.8456639878947, -0.017966907205951406, 0.0994905176500446, -82.09516862873298, -4.6221677692792424e-05, 8.063590673182916e-05, 1.0]",275.951,202.324,24.27,ok,
eval_CoNi-AM90_SEM-DIC_EBSD_SlipPartitioning_0#12,eval_CoNi-AM90_SEM-DIC_EBSD_SlipPartitioning_0,SlipPartitioning,CoNi-AM90_SEM-DIC_EBSD_SlipPartitioning,transform,ma_roma,direct,clahe,0,1309,1493,13333,13333,20,10000,172,affine,"[0.10432723200102376, 0.0023420277332504495, -14.338425673940492, 0.0027143507700608744, 0.11290341530534116, -370.87542565061597, 0.0, 0.0, 1.0]",403.992,350.023,5.32,ok,
eval_CoNi-AM90_SEM-DIC_EBSD_SlipPartitioning_0#12,eval_CoNi-AM90_SEM-DIC_EBSD_SlipPartitioning_0,SlipPartitioning,CoNi-AM90_SEM-DIC_EBSD_SlipPartitioning,transform,ma_roma,direct,gradmag,0,1309,1493,13333,13333,20,10000,283,homography,"[0.10721049335498106, -0.0067559267849600264, -19.942804081697954, -0.004872529223978506, 0.08115956209341017, -4.883620042543887, -1.8726246849163527e-06, -1.584409050617283e-05, 1.0]",368.523,397.616,7.92,ok,
eval_CoNi-AM90_SEM-DIC_EBSD_SlipPartitioning_0#12,eval_CoNi-AM90_SEM-DIC_EBSD_SlipPartitioning_0,SlipPartitioning,CoNi-AM90_SEM-DIC_EBSD_SlipPartitioning,control,ma_roma,direct,none,1,1309,1493,13333,13333,20,10000,246,affine,"[0.04906857874597223, 0.03689848988534615, -432.02453176938786, -0.02720877824245503, 0.06906843352362382, 395.99743008374554, 0.0, 0.0, 1.0]",833.093,829.997,4.87,ok,
eval_CoNi-AM90_SEM-DIC_EBSD_SlipPartitioning_0#12,eval_CoNi-AM90_SEM-DIC_EBSD_SlipPartitioning_0,SlipPartitioning,CoNi-AM90_SEM-DIC_EBSD_SlipPartitioning,control,ma_roma,direct,none,2,1309,1493,13333,13333,20,10000,291,homography,"[0.07411998683013653, 0.030875855240201703, 45.203327717248825, -0.0021081903755407246, 0.06703614302212664, -5.341992378060858, -1.2318755149176017e-05, 2.8917263991525788e-05, 1.0]",286.913,269.636,5.91,ok,
eval_CoNi-AM90_SEM-DIC_EBSD_SlipPartitioning_0#12,eval_CoNi-AM90_SEM-DIC_EBSD_SlipPartitioning_0,SlipPartitioning,CoNi-AM90_SEM-DIC_EBSD_SlipPartitioning,control,ma_roma,direct,none,3,1309,1493,13333,13333,20,10000,216,affine,"[0.07971941581755965, -0.003022912050486754, 161.90306930536383, 0.004472199181515106, 0.044766849878944366, 59.15939441097686, 0.0, 0.0, 1.0]",265.397,257.045,5.39,ok,
eval_CoNi-AM90_SEM-DIC_EBSD_SlipPartitioning_0#12,eval_CoNi-AM90_SEM-DIC_EBSD_SlipPartitioning_0,SlipPartitioning,CoNi-AM90_SEM-DIC_EBSD_SlipPartitioning,control,ma_roma,direct,none,4,1309,1493,13333,13333,20,10000,266,affine,"[0.07878002343852057, -0.0011808987977466917, 154.97558596824229, 0.006247608291483172, 0.04604574295328664, 23.23443230289695, 0.0, 0.0, 1.0]",273.842,265.837,4.39,ok,
eval_CoNi-AM90_SEM-DIC_EBSD_SlipPartitioning_0#12,eval_CoNi-AM90_SEM-DIC_EBSD_SlipPartitioning_0,SlipPartitioning,CoNi-AM90_SEM-DIC_EBSD_SlipPartitioning,control,ma_roma,direct,none,5,1309,1493,13333,13333,20,10000,268,affine,"[0.07785401095961271, 0.003501535231267701, 122.95987937124619, 0.002981696415589428, 0.04982895787504963, 30.510119801581823, 0.0, 0.0, 1.0]",280.462,271.312,4.40,ok,
eval_CoNi-AM90_SEM-DIC_EBSD_SlipPartitioning_0#13,eval_CoNi-AM90_SEM-DIC_EBSD_SlipPartitioning_0,SlipPartitioning,CoNi-AM90_SEM-DIC_EBSD_SlipPartitioning,core,ma_roma,direct,none,0,1309,1493,13333,13333,20,10000,250,affine,"[0.10350717627491593, 0.001383358544744389, 35.05781947049093, 4.010428667317716e-05, 0.11891904984440207, -379.58749953156075, 0.0, 0.0, 1.0]",397.503,371.703,4.51,ok,
eval_CoNi-AM90_SEM-DIC_EBSD_SlipPartitioning_0#13,eval_CoNi-AM90_SEM-DIC_EBSD_SlipPartitioning_0,SlipPartitioning,CoNi-AM90_SEM-DIC_EBSD_SlipPartitioning,core,ma_roma,pyramid_v2,none,0,1309,1493,13333,13333,20,10000,250,affine@direct,"[0.10350717627491593, 0.001383358544744389, 35.05781947049093, 4.010428667317716e-05, 0.11891904984440207, -379.58749953156075, 0.0, 0.0, 1.0]",397.503,371.703,4.47,ok,
eval_CoNi-AM90_SEM-DIC_EBSD_SlipPartitioning_0#13,eval_CoNi-AM90_SEM-DIC_EBSD_SlipPartitioning_0,SlipPartitioning,CoNi-AM90_SEM-DIC_EBSD_SlipPartitioning,transform,ma_roma,direct,invert,0,1309,1493,13333,13333,20,10000,255,affine,"[0.0944173916306331, -0.006230522163529331, 133.74372888404037, -0.0010451399342633937, 0.11381959779187224, -345.8476083840071, 0.0, 0.0, 1.0]",375.910,354.286,4.94,ok,
eval_CoNi-AM90_SEM-DIC_EBSD_SlipPartitioning_0#13,eval_CoNi-AM90_SEM-DIC_EBSD_SlipPartitioning_0,SlipPartitioning,CoNi-AM90_SEM-DIC_EBSD_SlipPartitioning,transform,ma_roma,direct,histmatch,0,1309,1493,13333,13333,20,10000,314,affine,"[0.10796699631239863, -0.012055426160108232, 88.94499298775236, 0.011845261083561489, 0.12500323289385165, -467.8286162981183, 0.0, 0.0, 1.0]",417.394,432.309,25.79,ok,
eval_CoNi-AM90_SEM-DIC_EBSD_SlipPartitioning_0#13,eval_CoNi-AM90_SEM-DIC_EBSD_SlipPartitioning_0,SlipPartitioning,CoNi-AM90_SEM-DIC_EBSD_SlipPartitioning,transform,ma_roma,direct,clahe,0,1309,1493,13333,13333,20,10000,235,homography,"[0.12405018424475155, 0.01723855100914586, -102.12820589914058, -0.010970452596073018, 0.16161156082540878, -568.1858409601223, -6.018588406430857e-06, 2.2517585586395795e-05, 0.9999999999999999]",479.936,388.232,5.49,ok,
eval_CoNi-AM90_SEM-DIC_EBSD_SlipPartitioning_0#13,eval_CoNi-AM90_SEM-DIC_EBSD_SlipPartitioning_0,SlipPartitioning,CoNi-AM90_SEM-DIC_EBSD_SlipPartitioning,transform,ma_roma,direct,gradmag,0,1309,1493,13333,13333,20,10000,289,affine,"[0.1211071255113394, -0.009673591097923807, -6.811578427567042, -0.010337223187466436, 0.09768135375002, 30.91626331301802, 0.0, 0.0, 1.0]",352.062,324.281,8.34,ok,
eval_CoNi-AM90_SEM-DIC_EBSD_SlipPartitioning_0#13,eval_CoNi-AM90_SEM-DIC_EBSD_SlipPartitioning_0,SlipPartitioning,CoNi-AM90_SEM-DIC_EBSD_SlipPartitioning,control,ma_roma,direct,none,1,1309,1493,13333,13333,20,10000,237,homography,"[0.07723429444904731, -0.019486311439420544, 155.10912852315496, -0.0033602911914970782, 0.10257106988991369, -367.72187945917653, -1.0715734097924016e-05, -2.294375641536576e-05, 1.0]",492.237,536.761,4.46,ok,
eval_CoNi-AM90_SEM-DIC_EBSD_SlipPartitioning_0#13,eval_CoNi-AM90_SEM-DIC_EBSD_SlipPartitioning_0,SlipPartitioning,CoNi-AM90_SEM-DIC_EBSD_SlipPartitioning,control,ma_roma,direct,none,2,1309,1493,13333,13333,20,10000,202,affine,"[0.10736742899021029, 0.002208065045914426, -11.650539358497667, 0.004667143434079515, 0.11934488791098945, -425.14161463010805, 0.0, 0.0, 1.0]",415.665,386.340,4.81,ok,
eval_CoNi-AM90_SEM-DIC_EBSD_SlipPartitioning_0#13,eval_CoNi-AM90_SEM-DIC_EBSD_SlipPartitioning_0,SlipPartitioning,CoNi-AM90_SEM-DIC_EBSD_SlipPartitioning,control,ma_roma,direct,none,3,1309,1493,13333,13333,20,10000,283,affine,"[0.10452404042351732, 0.006243732726057776, -34.48759915463984, 0.0032873657916349377, 0.12013214015660337, -422.4450950244832, 0.0, 0.0, 1.0]",422.507,380.157,4.78,ok,
eval_CoNi-AM90_SEM-DIC_EBSD_SlipPartitioning_0#13,eval_CoNi-AM90_SEM-DIC_EBSD_SlipPartitioning_0,SlipPartitioning,CoNi-AM90_SEM-DIC_EBSD_SlipPartitioning,control,ma_roma,direct,none,4,1309,1493,13333,13333,20,10000,256,homography,"[0.10954790183703607, 0.00658302003239838, -61.078156565055174, -0.0007991738885441648, 0.12063263009313328, -384.0502156868059, 3.061451200285275e-06, -6.141382274620378e-07, 0.9999999999999999]",419.511,373.639,4.57,ok,
eval_CoNi-AM90_SEM-DIC_EBSD_SlipPartitioning_0#13,eval_CoNi-AM90_SEM-DIC_EBSD_SlipPartitioning_0,SlipPartitioning,CoNi-AM90_SEM-DIC_EBSD_SlipPartitioning,control,ma_roma,direct,none,5,1309,1493,13333,13333,20,10000,294,affine,"[0.10312190367051595, 0.006609744109819135, -26.98097453857872, 0.0030000689976466496, 0.12181969756673759, -441.6431571156555, 0.0, 0.0, 1.0]",427.468,377.174,4.54,ok,
eval_CoNi-AM90_SEM-DIC_EBSD_SlipPartitioning_0#14,eval_CoNi-AM90_SEM-DIC_EBSD_SlipPartitioning_0,SlipPartitioning,CoNi-AM90_SEM-DIC_EBSD_SlipPartitioning,core,ma_roma,direct,none,0,1309,1493,13333,13333,20,10000,165,homography,"[-0.03457520860679512, -0.03939725997562628, 326.20616871408066, -0.02803608881034833, -0.03470574180430366, 360.70111699312383, -7.186115326613043e-05, -0.00011761507207582239, 1.0]",10179.107,600.004,5.04,ok,
eval_CoNi-AM90_SEM-DIC_EBSD_SlipPartitioning_0#14,eval_CoNi-AM90_SEM-DIC_EBSD_SlipPartitioning_0,SlipPartitioning,CoNi-AM90_SEM-DIC_EBSD_SlipPartitioning,core,ma_roma,pyramid_v2,none,0,1309,1493,13333,13333,20,10000,117,homography@direct+zoom,"[0.276057473397659, 0.1603663547658133, -239.96487572659586, 0.09408669821784449, 0.1533597287897671, -537.3677556200588, 6.232958641502853e-05, 0.00017734330224790213, 1.0]",242.456,219.264,21.33,ok,
eval_CoNi-AM90_SEM-DIC_EBSD_SlipPartitioning_0#14,eval_CoNi-AM90_SEM-DIC_EBSD_SlipPartitioning_0,SlipPartitioning,CoNi-AM90_SEM-DIC_EBSD_SlipPartitioning,transform,ma_roma,direct,invert,0,1309,1493,13333,13333,20,10000,269,homography,"[-0.05997322210382947, -0.03980102270487271, 747.8523867622303, -0.0289053672412155, -0.04300793856182002, 575.5218582143741, -6.828253107534876e-05, -9.2878542366674e-05, 0.9999999999999999]",1999.927,928.084,4.97,ok,
eval_CoNi-AM90_SEM-DIC_EBSD_SlipPartitioning_0#14,eval_CoNi-AM90_SEM-DIC_EBSD_SlipPartitioning_0,SlipPartitioning,CoNi-AM90_SEM-DIC_EBSD_SlipPartitioning,transform,ma_roma,direct,histmatch,0,1309,1493,13333,13333,20,10000,74,homography,"[0.009385034344665007, -0.00027162185101385037, -1.3877125656516005, -0.03443202688333057, -0.0028994103768804715, 604.3583060605605, -4.0026242799544934e-05, -3.761829758470813e-05, 1.0]",886.833,833.010,23.98,ok,
eval_CoNi-AM90_SEM-DIC_EBSD_SlipPartitioning_0#14,eval_CoNi-AM90_SEM-DIC_EBSD_SlipPartitioning_0,SlipPartitioning,CoNi-AM90_SEM-DIC_EBSD_SlipPartitioning,transform,ma_roma,direct,clahe,0,1309,1493,13333,13333,20,10000,111,homography,"[-0.03029597316346797, 0.012394174697936824, 459.29387157895485, -0.012876601976044927, 0.04195510835260814, 127.12419889001133, -9.705455651406174e-05, 1.6742061620629508e-05, 1.0]",2971.923,257.065,5.13,ok,
eval_CoNi-AM90_SEM-DIC_EBSD_SlipPartitioning_0#14,eval_CoNi-AM90_SEM-DIC_EBSD_SlipPartitioning_0,SlipPartitioning,CoNi-AM90_SEM-DIC_EBSD_SlipPartitioning,transform,ma_roma,direct,gradmag,0,1309,1493,13333,13333,20,10000,243,homography,"[0.1306634394984683, -0.006028160099300767, -59.54329377882597, -0.0046387062257721955, 0.1401923574471344, -399.6068818020523, -1.734888697107768e-05, 3.880663640837854e-06, 1.0]",548.019,648.448,8.01,ok,
eval_CoNi-AM90_SEM-DIC_EBSD_SlipPartitioning_0#14,eval_CoNi-AM90_SEM-DIC_EBSD_SlipPartitioning_0,SlipPartitioning,CoNi-AM90_SEM-DIC_EBSD_SlipPartitioning,control,ma_roma,direct,none,1,1309,1493,13333,13333,20,10000,210,affine,"[0.040417853904513114, -0.011267876580431747, 76.07974189895918, 0.020893031700665216, 0.030441809095652327, -310.8327898270071, 0.0, 0.0, 1.0]",781.569,779.688,4.58,ok,
eval_CoNi-AM90_SEM-DIC_EBSD_SlipPartitioning_0#14,eval_CoNi-AM90_SEM-DIC_EBSD_SlipPartitioning_0,SlipPartitioning,CoNi-AM90_SEM-DIC_EBSD_SlipPartitioning,control,ma_roma,direct,none,2,1309,1493,13333,13333,20,10000,223,homography,"[0.0654785440318169, -0.020797947802025082, 26.314098077441997, 0.02975005656048154, 0.038632478823014106, -426.8381603261993, 3.488480884558861e-05, -7.931438347438079e-06, 0.9999999999999999]",799.687,793.117,4.92,ok,
eval_CoNi-AM90_SEM-DIC_EBSD_SlipPartitioning_0#14,eval_CoNi-AM90_SEM-DIC_EBSD_SlipPartitioning_0,SlipPartitioning,CoNi-AM90_SEM-DIC_EBSD_SlipPartitioning,control,ma_roma,direct,none,3,1309,1493,13333,13333,20,10000,211,affine,"[0.046353810661578794, -0.03839913722050872, 801.1317170262139, 0.02215777547520829, 0.034186497702442004, -263.482753338109, 0.0, 0.0, 1.0]",399.446,376.467,6.09,ok,
eval_CoNi-AM90_SEM-DIC_EBSD_SlipPartitioning_0#14,eval_CoNi-AM90_SEM-DIC_EBSD_SlipPartitioning_0,SlipPartitioning,CoNi-AM90_SEM-DIC_EBSD_SlipPartitioning,control,ma_roma,direct,none,4,1309,1493,13333,13333,20,10000,184,affine,"[0.07167487032546846, -0.007961429826138703, 365.0016732367301, 0.013270170594176055, 0.0013790615932007665, 174.39995868601198, 0.0, 0.0, 1.0]",250.222,243.624,7.01,ok,
eval_CoNi-AM90_SEM-DIC_EBSD_SlipPartitioning_0#14,eval_CoNi-AM90_SEM-DIC_EBSD_SlipPartitioning_0,SlipPartitioning,CoNi-AM90_SEM-DIC_EBSD_SlipPartitioning,control,ma_roma,direct,none,5,1309,1493,13333,13333,20,10000,189,affine,"[0.04005345604353155, -0.02464630064675335, 222.25641293498376, 0.01857906632939617, 0.02613546982353969, -243.60637522847355, 0.0, 0.0, 1.0]",714.428,712.895,8.28,ok,
eval_CoNi-AM90_SEM-DIC_EBSD_SlipPartitioning_0#15,eval_CoNi-AM90_SEM-DIC_EBSD_SlipPartitioning_0,SlipPartitioning,CoNi-AM90_SEM-DIC_EBSD_SlipPartitioning,core,ma_roma,direct,none,0,1309,1493,13333,13333,20,10000,773,affine,"[0.13540512805833096, -0.0034220826630054846, -6.0613741536776615, 0.009956144368120132, 0.14216334839884556, -490.525804676029, 0.0, 0.0, 1.0]",470.395,566.336,6.33,ok,
eval_CoNi-AM90_SEM-DIC_EBSD_SlipPartitioning_0#15,eval_CoNi-AM90_SEM-DIC_EBSD_SlipPartitioning_0,SlipPartitioning,CoNi-AM90_SEM-DIC_EBSD_SlipPartitioning,core,ma_roma,pyramid_v2,none,0,1309,1493,13333,13333,20,10000,773,affine@direct,"[0.13540512805833096, -0.0034220826630054846, -6.0613741536776615, 0.009956144368120132, 0.14216334839884556, -490.525804676029, 0.0, 0.0, 1.0]",470.395,566.336,5.76,ok,
eval_CoNi-AM90_SEM-DIC_EBSD_SlipPartitioning_0#15,eval_CoNi-AM90_SEM-DIC_EBSD_SlipPartitioning_0,SlipPartitioning,CoNi-AM90_SEM-DIC_EBSD_SlipPartitioning,transform,ma_roma,direct,invert,0,1309,1493,13333,13333,20,10000,339,affine,"[0.16062791284997696, 0.005509511412431605, -255.94768304835816, -0.006568075757177189, 0.1251018080802193, -279.34662702268054, 0.0, 0.0, 1.0]",481.944,508.261,5.93,ok,
eval_CoNi-AM90_SEM-DIC_EBSD_SlipPartitioning_0#15,eval_CoNi-AM90_SEM-DIC_EBSD_SlipPartitioning_0,SlipPartitioning,CoNi-AM90_SEM-DIC_EBSD_SlipPartitioning,transform,ma_roma,direct,histmatch,0,1309,1493,13333,13333,20,10000,334,affine,"[0.16098733841566143, -0.0027599224495303493, -74.20236592172523, 0.0017563031985505751, 0.15512536823745507, -653.634931933175, 0.0, 0.0, 1.0]",587.940,647.768,26.68,ok,
eval_CoNi-AM90_SEM-DIC_EBSD_SlipPartitioning_0#15,eval_CoNi-AM90_SEM-DIC_EBSD_SlipPartitioning_0,SlipPartitioning,CoNi-AM90_SEM-DIC_EBSD_SlipPartitioning,transform,ma_roma,direct,clahe,0,1309,1493,13333,13333,20,10000,304,affine,"[0.08452346260111823, -0.0013837475386502432, 398.73134672069193, -0.002066576147328131, 0.06451196685904811, 290.237949665551, 0.0, 0.0, 1.0]",251.698,239.335,6.41,ok,
eval_CoNi-AM90_SEM-DIC_EBSD_SlipPartitioning_0#15,eval_CoNi-AM90_SEM-DIC_EBSD_SlipPartitioning_0,SlipPartitioning,CoNi-AM90_SEM-DIC_EBSD_SlipPartitioning,transform,ma_roma,direct,gradmag,0,1309,1493,13333,13333,20,10000,354,affine,"[0.1160800753923809, -0.005565902099286114, 41.61174290467898, -0.00041076824846955737, 0.10527886009355547, -82.05126041373603, 0.0, 0.0, 1.0]",352.374,378.942,8.99,ok,
eval_CoNi-AM90_SEM-DIC_EBSD_SlipPartitioning_0#15,eval_CoNi-AM90_SEM-DIC_EBSD_SlipPartitioning_0,SlipPartitioning,CoNi-AM90_SEM-DIC_EBSD_SlipPartitioning,control,ma_roma,direct,none,1,1309,1493,13333,13333,20,10000,740,homography,"[0.1443743874761846, -0.030721418246275316, 4.5052300723886445, 0.010787902408711362, 0.1361552765522707, -477.54563379162994, 7.854552621253127e-06, -2.1252694889704327e-05, 1.0]",551.906,598.559,5.36,ok,
eval_CoNi-AM90_SEM-DIC_EBSD_SlipPartitioning_0#15,eval_CoNi-AM90_SEM-DIC_EBSD_SlipPartitioning_0,SlipPartitioning,CoNi-AM90_SEM-DIC_EBSD_SlipPartitioning,control,ma_roma,direct,none,2,1309,1493,13333,13333,20,10000,822,affine,"[0.13279999027019, -0.0020068980504167507, 13.3688301449738, 0.007922663624791396, 0.14405343362799636, -478.7652375776694, 0.0, 0.0, 1.0]",468.986,569.833,4.50,ok,
eval_CoNi-AM90_SEM-DIC_EBSD_SlipPartitioning_0#15,eval_CoNi-AM90_SEM-DIC_EBSD_SlipPartitioning_0,SlipPartitioning,CoNi-AM90_SEM-DIC_EBSD_SlipPartitioning,control,ma_roma,direct,none,3,1309,1493,13333,13333,20,10000,743,affine,"[0.13199916468136896, -0.00031093489436787963, 15.088178492895622, 0.005007162603064179, 0.14699124308135966, -461.9360029286159, 0.0, 0.0, 1.0]",474.413,570.109,4.63,ok,
eval_CoNi-AM90_SEM-DIC_EBSD_SlipPartitioning_0#15,eval_CoNi-AM90_SEM-DIC_EBSD_SlipPartitioning_0,SlipPartitioning,CoNi-AM90_SEM-DIC_EBSD_SlipPartitioning,control,ma_roma,direct,none,4,1309,1493,13333,13333,20,10000,763,affine,"[0.13506724191188152, -0.0025388034027531343, -6.802128779864688, 0.009120749214170306, 0.14362950960607623, -489.6649528429116, 0.0, 0.0, 1.0]",473.236,575.084,4.50,ok,
eval_CoNi-AM90_SEM-DIC_EBSD_SlipPartitioning_0#15,eval_CoNi-AM90_SEM-DIC_EBSD_SlipPartitioning_0,SlipPartitioning,CoNi-AM90_SEM-DIC_EBSD_SlipPartitioning,control,ma_roma,direct,none,5,1309,1493,13333,13333,20,10000,818,affine,"[0.13219028752928877, -0.0015810239145202794, 17.781149034302416, 0.004922320465955523, 0.14478748743658218, -451.54355608636513, 0.0, 0.0, 1.0]",468.451,569.414,4.70,ok,
eval_CoNi-AM90_SEM-DIC_EBSD_SlipPartitioning_0#16,eval_CoNi-AM90_SEM-DIC_EBSD_SlipPartitioning_0,SlipPartitioning,CoNi-AM90_SEM-DIC_EBSD_SlipPartitioning,core,ma_roma,direct,none,0,1309,1493,13333,13333,20,10000,853,affine,"[0.14481107785612318, -0.01287450293186998, 128.18271736758982, 0.00276869657614286, 0.15730452634032593, -686.8588877244449, 0.0, 0.0, 1.0]",568.056,577.952,5.67,ok,
eval_CoNi-AM90_SEM-DIC_EBSD_SlipPartitioning_0#16,eval_CoNi-AM90_SEM-DIC_EBSD_SlipPartitioning_0,SlipPartitioning,CoNi-AM90_SEM-DIC_EBSD_SlipPartitioning,core,ma_roma,pyramid_v2,none,0,1309,1493,13333,13333,20,10000,853,affine@direct,"[0.14481107785612318, -0.01287450293186998, 128.18271736758982, 0.00276869657614286, 0.15730452634032593, -686.8588877244449, 0.0, 0.0, 1.0]",568.056,577.952,4.94,ok,
eval_CoNi-AM90_SEM-DIC_EBSD_SlipPartitioning_0#16,eval_CoNi-AM90_SEM-DIC_EBSD_SlipPartitioning_0,SlipPartitioning,CoNi-AM90_SEM-DIC_EBSD_SlipPartitioning,transform,ma_roma,direct,invert,0,1309,1493,13333,13333,20,10000,320,homography,"[0.12792062694179143, -0.0069075550761414995, -5.926686575814874, -0.012456655667466456, 0.10411756404344347, -187.09170759823198, -1.1184044495594446e-05, -9.063330483067566e-06, 1.0]",477.064,508.713,5.64,ok,
eval_CoNi-AM90_SEM-DIC_EBSD_SlipPartitioning_0#16,eval_CoNi-AM90_SEM-DIC_EBSD_SlipPartitioning_0,SlipPartitioning,CoNi-AM90_SEM-DIC_EBSD_SlipPartitioning,transform,ma_roma,direct,histmatch,0,1309,1493,13333,13333,20,10000,442,homography,"[0.1870512694920932, 0.004558920349566638, -81.88379071189816, 0.029522405182183416, 0.11843980779956975, -101.24727280938016, 4.075411858703453e-05, 9.20068348196317e-06, 1.0]",315.026,313.019,25.29,ok,
eval_CoNi-AM90_SEM-DIC_EBSD_SlipPartitioning_0#16,eval_CoNi-AM90_SEM-DIC_EBSD_SlipPartitioning_0,SlipPartitioning,CoNi-AM90_SEM-DIC_EBSD_SlipPartitioning,transform,ma_roma,direct,clahe,0,1309,1493,13333,13333,20,10000,454,homography,"[0.13163495623040605, -0.0073516046573437865, 188.67331833624232, 0.016721145805730343, 0.09308132980333515, 6.35581777749248, 1.2097315604872805e-05, 3.914898374467325e-06, 0.9999999999999999]",295.588,278.515,5.22,ok,
eval_CoNi-AM90_SEM-DIC_EBSD_SlipPartitioning_0#16,eval_CoNi-AM90_SEM-DIC_EBSD_SlipPartitioning_0,SlipPartitioning,CoNi-AM90_SEM-DIC_EBSD_SlipPartitioning,transform,ma_roma,direct,gradmag,0,1309,1493,13333,13333,20,10000,261,affine,"[0.13074646680802104, 0.006428701878920404, -226.4595229981221, 0.006888551482171128, 0.11630148034511206, -282.91684108147024, 0.0, 0.0, 1.0]",440.303,440.682,7.88,ok,
eval_CoNi-AM90_SEM-DIC_EBSD_SlipPartitioning_0#16,eval_CoNi-AM90_SEM-DIC_EBSD_SlipPartitioning_0,SlipPartitioning,CoNi-AM90_SEM-DIC_EBSD_SlipPartitioning,control,ma_roma,direct,none,1,1309,1493,13333,13333,20,10000,772,affine,"[0.14299961636228492, -0.012703773191034528, 134.55946844183552, 0.0012393622716856249, 0.1554697597562436, -656.4733777545471, 0.0, 0.0, 1.0]",555.799,565.992,4.59,ok,
eval_CoNi-AM90_SEM-DIC_EBSD_SlipPartitioning_0#16,eval_CoNi-AM90_SEM-DIC_EBSD_SlipPartitioning_0,SlipPartitioning,CoNi-AM90_SEM-DIC_EBSD_SlipPartitioning,control,ma_roma,direct,none,2,1309,1493,13333,13333,20,10000,801,affine,"[0.15426365297805583, -0.005221027919206308, -10.59479801633438, -0.00213728581890698, 0.15264082735229642, -607.0252991711498, 0.0, 0.0, 1.0]",564.876,609.172,4.38,ok,
eval_CoNi-AM90_SEM-DIC_EBSD_SlipPartitioning_0#16,eval_CoNi-AM90_SEM-DIC_EBSD_SlipPartitioning_0,SlipPartitioning,CoNi-AM90_SEM-DIC_EBSD_SlipPartitioning,control,ma_roma,direct,none,3,1309,1493,13333,13333,20,10000,783,affine,"[0.1549293907083652, -0.004805097659948, -19.183060005672587, -0.0017738001355306443, 0.15257726220402493, -609.0122564334774, 0.0, 0.0, 1.0]",566.047,612.992,4.50,ok,
eval_CoNi-AM90_SEM-DIC_EBSD_SlipPartitioning_0#16,eval_CoNi-AM90_SEM-DIC_EBSD_SlipPartitioning_0,SlipPartitioning,CoNi-AM90_SEM-DIC_EBSD_SlipPartitioning,control,ma_roma,direct,none,4,1309,1493,13333,13333,20,10000,840,affine,"[0.14741378852663561, -0.009938041181561542, 79.44732304074421, 0.0005235223200481413, 0.15439037491773258, -640.4735088809268, 0.0, 0.0, 1.0]",559.032,580.676,5.32,ok,
eval_CoNi-AM90_SEM-DIC_EBSD_SlipPartitioning_0#16,eval_CoNi-AM90_SEM-DIC_EBSD_SlipPartitioning_0,SlipPartitioning,CoNi-AM90_SEM-DIC_EBSD_SlipPartitioning,control,ma_roma,direct,none,5,1309,1493,13333,13333,20,10000,825,affine,"[0.14724605058091345, -0.010976406550948224, 92.600424496384, 0.0008829447253335693, 0.1549613028427501, -648.965520056413, 0.0, 0.0, 1.0]",561.892,581.907,5.18,ok,
eval_CoNi-AM90_SEM-DIC_EBSD_SlipPartitioning_0#17,eval_CoNi-AM90_SEM-DIC_EBSD_SlipPartitioning_0,SlipPartitioning,CoNi-AM90_SEM-DIC_EBSD_SlipPartitioning,core,ma_roma,direct,none,0,1309,1493,13333,13333,20,10000,569,affine,"[0.15208417089049242, -0.007412855333294474, -69.8110720920622, 0.01069563746231866, 0.14509152055847113, -573.9792576072529, 0.0, 0.0, 1.0]",518.815,587.737,4.89,ok,
eval_CoNi-AM90_SEM-DIC_EBSD_SlipPartitioning_0#17,eval_CoNi-AM90_SEM-DIC_EBSD_SlipPartitioning_0,SlipPartitioning,CoNi-AM90_SEM-DIC_EBSD_SlipPartitioning,core,ma_roma,pyramid_v2,none,0,1309,1493,13333,13333,20,10000,569,affine@direct,"[0.15208417089049242, -0.007412855333294474, -69.8110720920622, 0.01069563746231866, 0.14509152055847113, -573.9792576072529, 0.0, 0.0, 1.0]",518.815,587.737,4.87,ok,
eval_CoNi-AM90_SEM-DIC_EBSD_SlipPartitioning_0#17,eval_CoNi-AM90_SEM-DIC_EBSD_SlipPartitioning_0,SlipPartitioning,CoNi-AM90_SEM-DIC_EBSD_SlipPartitioning,transform,ma_roma,direct,invert,0,1309,1493,13333,13333,20,10000,263,affine,"[0.11337303579565108, -0.005097305874119443, -8.547532053265513, 0.006010991130607441, 0.12390159992063925, -84.31506584402445, 0.0, 0.0, 1.0]",463.588,461.976,5.54,ok,
eval_CoNi-AM90_SEM-DIC_EBSD_SlipPartitioning_0#17,eval_CoNi-AM90_SEM-DIC_EBSD_SlipPartitioning_0,SlipPartitioning,CoNi-AM90_SEM-DIC_EBSD_SlipPartitioning,transform,ma_roma,direct,histmatch,0,1309,1493,13333,13333,20,10000,380,homography,"[0.20274760982751538, 0.003601304983955869, -242.39504742309322, 0.08696598839394921, 0.13900173992518283, -359.2048174084132, 8.228970634789178e-05, 4.704343496357675e-06, 1.0]",402.301,411.642,31.30,ok,
eval_CoNi-AM90_SEM-DIC_EBSD_SlipPartitioning_0#17,eval_CoNi-AM90_SEM-DIC_EBSD_SlipPartitioning_0,SlipPartitioning,CoNi-AM90_SEM-DIC_EBSD_SlipPartitioning,transform,ma_roma,direct,clahe,0,1309,1493,13333,13333,20,10000,161,affine,"[0.11905215572097133, 0.01342709967365148, -238.64362798274055, -0.04044274891375176, 0.11001390828927106, -207.7728390496593, 0.0, 0.0, 1.0]",515.160,506.811,5.58,ok,
eval_CoNi-AM90_SEM-DIC_EBSD_SlipPartitioning_0#17,eval_CoNi-AM90_SEM-DIC_EBSD_SlipPartitioning_0,SlipPartitioning,CoNi-AM90_SEM-DIC_EBSD_SlipPartitioning,transform,ma_roma,direct,gradmag,0,1309,1493,13333,13333,20,10000,241,homography,"[0.40100761890010916, -0.0057034927669628935, -757.450251468333, 0.056979546536463116, 0.2722322932094632, -1067.2423513588385, 9.677804833961969e-05, 4.304266079770616e-05, 1.0]",555.984,508.961,8.27,ok,
eval_CoNi-AM90_SEM-DIC_EBSD_SlipPartitioning_0#17,eval_CoNi-AM90_SEM-DIC_EBSD_SlipPartitioning_0,SlipPartitioning,CoNi-AM90_SEM-DIC_EBSD_SlipPartitioning,control,ma_roma,direct,none,1,1309,1493,13333,13333,20,10000,543,affine,"[0.1529203202451042, -0.01571334075421221, -1.4632660839548919, 0.01069503214164711, 0.14569112309688176, -579.7146030303009, 0.0, 0.0, 1.0]",523.265,608.491,4.88,ok,
eval_CoNi-AM90_SEM-DIC_EBSD_SlipPartitioning_0#17,eval_CoNi-AM90_SEM-DIC_EBSD_SlipPartitioning_0,SlipPartitioning,CoNi-AM90_SEM-DIC_EBSD_SlipPartitioning,control,ma_roma,direct,none,2,1309,1493,13333,13333,20,10000,568,affine,"[0.1510700454899154, -0.01294609251373075, -19.662725483051418, 0.011162878899273795, 0.14708667450381444, -592.8728602726997, 0.0, 0.0, 1.0]",522.765,594.577,4.82,ok,
eval_CoNi-AM90_SEM-DIC_EBSD_SlipPartitioning_0#17,eval_CoNi-AM90_SEM-DIC_EBSD_SlipPartitioning_0,SlipPartitioning,CoNi-AM90_SEM-DIC_EBSD_SlipPartitioning,control,ma_roma,direct,none,3,1309,1493,13333,13333,20,10000,523,affine,"[0.15370506088934557, -0.01687294158558528, 6.580302676173687, 0.010425774639053411, 0.1448054645873453, -570.7352692628424, 0.0, 0.0, 1.0]",522.728,614.291,4.60,ok,
eval_CoNi-AM90_SEM-DIC_EBSD_SlipPartitioning_0#17,eval_CoNi-AM90_SEM-DIC_EBSD_SlipPartitioning_0,SlipPartitioning,CoNi-AM90_SEM-DIC_EBSD_SlipPartitioning,control,ma_roma,direct,none,4,1309,1493,13333,13333,20,10000,637,homography,"[0.21147555607526827, -0.011052345028547432, -93.6442433052414, 0.01577790445922552, 0.22856167965745924, -1036.4958404941776, 1.2663028986234344e-06, 4.388329976424744e-05, 0.9999999999999999]",639.364,625.699,4.82,ok,
eval_CoNi-AM90_SEM-DIC_EBSD_SlipPartitioning_0#17,eval_CoNi-AM90_SEM-DIC_EBSD_SlipPartitioning_0,SlipPartitioning,CoNi-AM90_SEM-DIC_EBSD_SlipPartitioning,control,ma_roma,direct,none,5,1309,1493,13333,13333,20,10000,542,affine,"[0.15320488208943878, -0.011946375057682432, -34.10087106825898, 0.01077105060275186, 0.14404757550293568, -565.1840217824295, 0.0, 0.0, 1.0]",518.157,600.944,5.10,ok,
eval_CoNi-AM90_SEM-DIC_EBSD_SlipPartitioning_0#18,eval_CoNi-AM90_SEM-DIC_EBSD_SlipPartitioning_0,SlipPartitioning,CoNi-AM90_SEM-DIC_EBSD_SlipPartitioning,core,ma_roma,direct,none,0,1309,1493,13333,13333,20,10000,181,homography,"[0.025886342638094414, -0.016338187116925806, 185.33896772178045, 0.0031599716399808952, 0.028916271075573305, -99.58106535084723, -2.414358827800045e-05, -6.209626659830975e-05, 1.0]",1597.882,564.725,4.97,ok,
eval_CoNi-AM90_SEM-DIC_EBSD_SlipPartitioning_0#18,eval_CoNi-AM90_SEM-DIC_EBSD_SlipPartitioning_0,SlipPartitioning,CoNi-AM90_SEM-DIC_EBSD_SlipPartitioning,core,ma_roma,pyramid_v2,none,0,1309,1493,13333,13333,20,10000,181,homography@direct,"[0.025886342638094414, -0.016338187116925806, 185.33896772178045, 0.0031599716399808952, 0.028916271075573305, -99.58106535084723, -2.414358827800045e-05, -6.209626659830975e-05, 1.0]",1597.882,564.725,5.15,ok,
eval_CoNi-AM90_SEM-DIC_EBSD_SlipPartitioning_0#18,eval_CoNi-AM90_SEM-DIC_EBSD_SlipPartitioning_0,SlipPartitioning,CoNi-AM90_SEM-DIC_EBSD_SlipPartitioning,transform,ma_roma,direct,invert,0,1309,1493,13333,13333,20,10000,191,homography,"[0.12532660184505925, -0.023254075848118345, 201.12185152824406, 0.007949406872959428, 0.11754009269419208, -333.39702235977853, -3.0569477456453665e-06, 5.022384280067527e-06, 1.0]",381.147,440.945,5.24,ok,
eval_CoNi-AM90_SEM-DIC_EBSD_SlipPartitioning_0#18,eval_CoNi-AM90_SEM-DIC_EBSD_SlipPartitioning_0,SlipPartitioning,CoNi-AM90_SEM-DIC_EBSD_SlipPartitioning,transform,ma_roma,direct,histmatch,0,1309,1493,13333,13333,20,10000,352,affine,"[0.06426977133691233, -0.0042538756916242195, 385.30725072575194, 0.02089075598533455, 0.05837983240929846, -498.508727194827, 0.0, 0.0, 1.0]",488.129,479.089,28.99,ok,
eval_CoNi-AM90_SEM-DIC_EBSD_SlipPartitioning_0#18,eval_CoNi-AM90_SEM-DIC_EBSD_SlipPartitioning_0,SlipPartitioning,CoNi-AM90_SEM-DIC_EBSD_SlipPartitioning,transform,ma_roma,direct,clahe,0,1309,1493,13333,13333,20,10000,626,homography,"[0.08462119473250215, 0.00818289412427354, -2.420918509774112, -0.01662699190505665, 0.1062045996034338, -286.6693652051807, -2.3550944921293277e-05, 1.6987582848009902e-05, 1.0]",434.708,406.378,5.99,ok,
eval_CoNi-AM90_SEM-DIC_EBSD_SlipPartitioning_0#18,eval_CoNi-AM90_SEM-DIC_EBSD_SlipPartitioning_0,SlipPartitioning,CoNi-AM90_SEM-DIC_EBSD_SlipPartitioning,transform,ma_roma,direct,gradmag,0,1309,1493,13333,13333,20,10000,419,affine,"[0.11373221375597664, 0.004560931142107491, -105.72048933313067, 0.0004920387690498867, 0.075281661913127, 173.04724220430603, 0.0, 0.0, 1.0]",366.296,334.930,8.61,ok,
eval_CoNi-AM90_SEM-DIC_EBSD_SlipPartitioning_0#18,eval_CoNi-AM90_SEM-DIC_EBSD_SlipPartitioning_0,SlipPartitioning,CoNi-AM90_SEM-DIC_EBSD_SlipPartitioning,control,ma_roma,direct,none,1,1309,1493,13333,13333,20,10000,227,affine,"[0.04173801121931333, -0.009729627793302244, 719.7253018199503, 0.004155044878240079, 0.05066614910447177, -207.5078371225091, 0.0, 0.0, 1.0]",336.386,333.569,5.49,ok,
eval_CoNi-AM90_SEM-DIC_EBSD_SlipPartitioning_0#18,eval_CoNi-AM90_SEM-DIC_EBSD_SlipPartitioning_0,SlipPartitioning,CoNi-AM90_SEM-DIC_EBSD_SlipPartitioning,control,ma_roma,direct,none,2,1309,1493,13333,13333,20,10000,195,affine,"[0.05931479861141023, -0.0033158230629530983, 439.5963784009733, 0.022748405385668618, 0.05579058418155548, -492.17875440283, 0.0, 0.0, 1.0]",477.147,469.757,4.78,ok,
eval_CoNi-AM90_SEM-DIC_EBSD_SlipPartitioning_0#18,eval_CoNi-AM90_SEM-DIC_EBSD_SlipPartitioning_0,SlipPartitioning,CoNi-AM90_SEM-DIC_EBSD_SlipPartitioning,control,ma_roma,direct,none,3,1309,1493,13333,13333,20,10000,230,homography,"[0.14447326348905554, -0.020264290394289775, 286.55403216072483, 0.017938518237764364, 0.09073482613364753, -533.2250403164577, 5.6582066331046566e-05, -5.709713188225646e-06, 1.0]",407.388,375.451,4.69,ok,
eval_CoNi-AM90_SEM-DIC_EBSD_SlipPartitioning_0#18,eval_CoNi-AM90_SEM-DIC_EBSD_SlipPartitioning_0,SlipPartitioning,CoNi-AM90_SEM-DIC_EBSD_SlipPartitioning,control,ma_roma,direct,none,4,1309,1493,13333,13333,20,10000,238,homography,"[0.056493543129597146, -0.008009365814501002, 191.10365521747391, 0.019896035881748732, 0.08885425840348629, -410.34031770540827, -7.655820290135823e-05, 1.4633227992974377e-05, 1.0]",1053.152,627.235,5.21,ok,
eval_CoNi-AM90_SEM-DIC_EBSD_SlipPartitioning_0#18,eval_CoNi-AM90_SEM-DIC_EBSD_SlipPartitioning_0,SlipPartitioning,CoNi-AM90_SEM-DIC_EBSD_SlipPartitioning,control,ma_roma,direct,none,5,1309,1493,13333,13333,20,10000,204,homography,"[0.16361663433251838, -0.012330811545466142, 3.8095800415169774, -0.00011304213001665529, 0.09301036344215159, -307.8043713214089, 5.643928435612531e-05, -1.9584760248043923e-06, 1.0]",393.524,339.897,6.00,ok,
eval_CoNi-AM90_SEM-DIC_EBSD_SlipPartitioning_0#19,eval_CoNi-AM90_SEM-DIC_EBSD_SlipPartitioning_0,SlipPartitioning,CoNi-AM90_SEM-DIC_EBSD_SlipPartitioning,core,ma_roma,direct,none,0,1309,1493,13333,13333,20,10000,306,homography,"[0.11058007892854686, -0.004515357854885946, 32.81918290695057, -4.564095223346634e-05, 0.07518249285852982, -98.62876030640562, 2.5020340108212313e-06, -2.654298347883368e-06, 1.0]",297.914,244.428,4.50,ok,
eval_CoNi-AM90_SEM-DIC_EBSD_SlipPartitioning_0#19,eval_CoNi-AM90_SEM-DIC_EBSD_SlipPartitioning_0,SlipPartitioning,CoNi-AM90_SEM-DIC_EBSD_SlipPartitioning,core,ma_roma,pyramid_v2,none,0,1309,1493,13333,13333,20,10000,306,homography@direct,"[0.11058007892854686, -0.004515357854885946, 32.81918290695057, -4.564095223346634e-05, 0.07518249285852982, -98.62876030640562, 2.5020340108212313e-06, -2.654298347883368e-06, 1.0]",297.914,244.428,4.85,ok,
eval_CoNi-AM90_SEM-DIC_EBSD_SlipPartitioning_0#19,eval_CoNi-AM90_SEM-DIC_EBSD_SlipPartitioning_0,SlipPartitioning,CoNi-AM90_SEM-DIC_EBSD_SlipPartitioning,transform,ma_roma,direct,invert,0,1309,1493,13333,13333,20,10000,298,homography,"[0.0731050252016161, -0.04947240666931745, 489.35952420785384, 0.03768472094228248, 0.06808187209447733, -313.869606084263, -1.1632902757075943e-05, -2.6905746661636102e-05, 1.0]",406.501,355.561,4.85,ok,
eval_CoNi-AM90_SEM-DIC_EBSD_SlipPartitioning_0#19,eval_CoNi-AM90_SEM-DIC_EBSD_SlipPartitioning_0,SlipPartitioning,CoNi-AM90_SEM-DIC_EBSD_SlipPartitioning,transform,ma_roma,direct,histmatch,0,1309,1493,13333,13333,20,10000,233,affine,"[0.09734632590080887, -0.0519043386911387, 404.14222583429705, 0.046638119469430576, 0.0842470398720435, -495.00387853112306, 0.0, 0.0, 1.0]",381.312,384.876,21.87,ok,
eval_CoNi-AM90_SEM-DIC_EBSD_SlipPartitioning_0#19,eval_CoNi-AM90_SEM-DIC_EBSD_SlipPartitioning_0,SlipPartitioning,CoNi-AM90_SEM-DIC_EBSD_SlipPartitioning,transform,ma_roma,direct,clahe,0,1309,1493,13333,13333,20,10000,287,affine,"[0.13254313445767685, -0.019697254414240934, -52.22900712621504, 0.03194257529197325, 0.1128844158287773, -592.7922428235803, 0.0, 0.0, 1.0]",464.085,454.448,5.14,ok,
eval_CoNi-AM90_SEM-DIC_EBSD_SlipPartitioning_0#19,eval_CoNi-AM90_SEM-DIC_EBSD_SlipPartitioning_0,SlipPartitioning,CoNi-AM90_SEM-DIC_EBSD_SlipPartitioning,transform,ma_roma,direct,gradmag,0,1309,1493,13333,13333,20,10000,418,affine,"[0.12923510263202975, 0.004500505197337761, -175.42837985518656, 0.00019684251910870608, 0.09660217207640463, 55.92766585368895, 0.0, 0.0, 1.0]",412.531,462.042,7.81,ok,
eval_CoNi-AM90_SEM-DIC_EBSD_SlipPartitioning_0#19,eval_CoNi-AM90_SEM-DIC_EBSD_SlipPartitioning_0,SlipPartitioning,CoNi-AM90_SEM-DIC_EBSD_SlipPartitioning,control,ma_roma,direct,none,1,1309,1493,13333,13333,20,10000,264,homography,"[0.1147390650399545, -0.010051500441015535, 46.53521366379122, 0.023195929315267132, 0.05877847641826816, -67.28745388591516, 3.24161853482155e-05, -2.0066227591685783e-05, 1.0]",283.412,237.710,5.77,ok,
eval_CoNi-AM90_SEM-DIC_EBSD_SlipPartitioning_0#19,eval_CoNi-AM90_SEM-DIC_EBSD_SlipPartitioning_0,SlipPartitioning,CoNi-AM90_SEM-DIC_EBSD_SlipPartitioning,control,ma_roma,direct,none,2,1309,1493,13333,13333,20,10000,255,affine,"[0.10341850748438813, -0.0077974888241958895, 102.06608257354844, 0.00503216366152636, 0.07920203398679519, -147.65555389072927, 0.0, 0.0, 1.0]",289.775,268.873,5.71,ok,
eval_CoNi-AM90_SEM-DIC_EBSD_SlipPartitioning_0#19,eval_CoNi-AM90_SEM-DIC_EBSD_SlipPartitioning_0,SlipPartitioning,CoNi-AM90_SEM-DIC_EBSD_SlipPartitioning,control,ma_roma,direct,none,3,1309,1493,13333,13333,20,10000,211,affine,"[0.10976701366846624, -0.007839733623977713, 77.11918207487304, 0.011129112270430735, 0.0777634270143674, -155.00809732969742, 0.0, 0.0, 1.0]",286.430,262.576,5.09,ok,
eval_CoNi-AM90_SEM-DIC_EBSD_SlipPartitioning_0#19,eval_CoNi-AM90_SEM-DIC_EBSD_SlipPartitioning_0,SlipPartitioning,CoNi-AM90_SEM-DIC_EBSD_SlipPartitioning,control,ma_roma,direct,none,4,1309,1493,13333,13333,20,10000,193,homography,"[0.2096990920099264, 0.0001502546196246892, -44.77581871428591, 0.06615726086430876, 0.23390169063842284, -1363.6943058247293, 7.576059423354633e-05, 5.466349566232303e-05, 1.0]",466.073,324.262,4.74,ok,
eval_CoNi-AM90_SEM-DIC_EBSD_SlipPartitioning_0#19,eval_CoNi-AM90_SEM-DIC_EBSD_SlipPartitioning_0,SlipPartitioning,CoNi-AM90_SEM-DIC_EBSD_SlipPartitioning,control,ma_roma,direct,none,5,1309,1493,13333,13333,20,10000,238,affine,"[0.1027560358357326, 0.011479823651325218, -106.68999529751261, 0.000533467422621804, 0.07689965276282038, -106.1741243579811, 0.0, 0.0, 1.0]",344.577,287.310,4.57,ok,
eval_CoNi-AM90_SEM-DIC_EBSD_SlipPartitioning_0#20,eval_CoNi-AM90_SEM-DIC_EBSD_SlipPartitioning_0,SlipPartitioning,CoNi-AM90_SEM-DIC_EBSD_SlipPartitioning,core,ma_roma,direct,none,0,1309,1493,13333,13333,20,10000,346,affine,"[0.13980075972697042, 0.0009615751629432114, -51.7500368738456, 0.0008892350114244546, 0.11426633232624643, -191.93322175505853, 0.0, 0.0, 1.0]",405.072,395.225,4.69,ok,
eval_CoNi-AM90_SEM-DIC_EBSD_SlipPartitioning_0#20,eval_CoNi-AM90_SEM-DIC_EBSD_SlipPartitioning_0,SlipPartitioning,CoNi-AM90_SEM-DIC_EBSD_SlipPartitioning,core,ma_roma,pyramid_v2,none,0,1309,1493,13333,13333,20,10000,346,affine@direct,"[0.13980075972697042, 0.0009615751629432114, -51.7500368738456, 0.0008892350114244546, 0.11426633232624643, -191.93322175505853, 0.0, 0.0, 1.0]",405.072,395.225,4.67,ok,
eval_CoNi-AM90_SEM-DIC_EBSD_SlipPartitioning_0#20,eval_CoNi-AM90_SEM-DIC_EBSD_SlipPartitioning_0,SlipPartitioning,CoNi-AM90_SEM-DIC_EBSD_SlipPartitioning,transform,ma_roma,direct,invert,0,1309,1493,13333,13333,20,10000,356,affine,"[0.08222207014630813, -0.026042146612445784, 669.008917799825, 0.0047562989378171555, 0.08602028287797554, 67.10126834325058, 0.0, 0.0, 1.0]",297.374,313.098,5.03,ok,
eval_CoNi-AM90_SEM-DIC_EBSD_SlipPartitioning_0#20,eval_CoNi-AM90_SEM-DIC_EBSD_SlipPartitioning_0,SlipPartitioning,CoNi-AM90_SEM-DIC_EBSD_SlipPartitioning,transform,ma_roma,direct,histmatch,0,1309,1493,13333,13333,20,10000,203,affine,"[0.12232432364591554, 0.019369731693029118, -278.89130116703075, 0.004895400199690857, 0.10250987182997334, -46.469746833591216, 0.0, 0.0, 1.0]",441.567,462.471,27.66,ok,
eval_CoNi-AM90_SEM-DIC_EBSD_SlipPartitioning_0#20,eval_CoNi-AM90_SEM-DIC_EBSD_SlipPartitioning_0,SlipPartitioning,CoNi-AM90_SEM-DIC_EBSD_SlipPartitioning,transform,ma_roma,direct,clahe,0,1309,1493,13333,13333,20,10000,165,affine,"[0.11456483845510874, -0.002440403110604302, -14.47909656989134, -0.015569675740540894, 0.04133095115879066, 121.1308800652377, 0.0, 0.0, 1.0]",344.071,283.461,6.60,ok,
eval_CoNi-AM90_SEM-DIC_EBSD_SlipPartitioning_0#20,eval_CoNi-AM90_SEM-DIC_EBSD_SlipPartitioning_0,SlipPartitioning,CoNi-AM90_SEM-DIC_EBSD_SlipPartitioning,transform,ma_roma,direct,gradmag,0,1309,1493,13333,13333,20,10000,858,affine,"[0.11253046679038142, -0.00475945871831062, 49.827991485776465, -0.0031350640892025303, 0.10156332526916789, -68.14026760865693, 0.0, 0.0, 1.0]",333.534,344.670,9.02,ok,
eval_CoNi-AM90_SEM-DIC_EBSD_SlipPartitioning_0#20,eval_CoNi-AM90_SEM-DIC_EBSD_SlipPartitioning_0,SlipPartitioning,CoNi-AM90_SEM-DIC_EBSD_SlipPartitioning,control,ma_roma,direct,none,1,1309,1493,13333,13333,20,10000,385,affine,"[0.1431499241905915, -0.007411657139783804, -53.37709569178742, 0.03371286216624176, 0.14529854572133521, -562.2817288661145, 0.0, 0.0, 1.0]",515.765,524.944,4.89,ok,
eval_CoNi-AM90_SEM-DIC_EBSD_SlipPartitioning_0#20,eval_CoNi-AM90_SEM-DIC_EBSD_SlipPartitioning_0,SlipPartitioning,CoNi-AM90_SEM-DIC_EBSD_SlipPartitioning,control,ma_roma,direct,none,2,1309,1493,13333,13333,20,10000,377,affine,"[0.13889540233722877, 0.0006067569558968471, -41.54005848513077, 0.0006575113401857212, 0.11383499803527554, -184.1169567064444, 0.0, 0.0, 1.0]",402.127,394.807,4.61,ok,
eval_CoNi-AM90_SEM-DIC_EBSD_SlipPartitioning_0#20,eval_CoNi-AM90_SEM-DIC_EBSD_SlipPartitioning_0,SlipPartitioning,CoNi-AM90_SEM-DIC_EBSD_SlipPartitioning,control,ma_roma,direct,none,3,1309,1493,13333,13333,20,10000,353,homography,"[0.2007296569688298, 0.0028628053422140136, -244.601885248311, 0.03833535046619959, 0.15094024944758236, -564.3586406619661, 3.3401534102123674e-05, 3.497643545971338e-06, 0.9999999999999999]",429.943,419.133,5.30,ok,
eval_CoNi-AM90_SEM-DIC_EBSD_SlipPartitioning_0#20,eval_CoNi-AM90_SEM-DIC_EBSD_SlipPartitioning_0,SlipPartitioning,CoNi-AM90_SEM-DIC_EBSD_SlipPartitioning,control,ma_roma,direct,none,4,1309,1493,13333,13333,20,10000,334,affine,"[0.15013079162179094, 0.0041357738446848626, -150.86298950983974, 0.010774549137953364, 0.11597389880993322, -271.2965751695492, 0.0, 0.0, 1.0]",437.547,404.472,5.17,ok,
eval_CoNi-AM90_SEM-DIC_EBSD_SlipPartitioning_0#20,eval_CoNi-AM90_SEM-DIC_EBSD_SlipPartitioning_0,SlipPartitioning,CoNi-AM90_SEM-DIC_EBSD_SlipPartitioning,control,ma_roma,direct,none,5,1309,1493,13333,13333,20,10000,333,affine,"[0.14179202954501968, 0.0012825258245192485, -66.5467745954536, -0.006205827455101784, 0.11261429189801175, -126.56506388180469, 0.0, 0.0, 1.0]",405.469,406.203,4.93,ok,
eval_CoNi-AM90_SEM-DIC_EBSD_SlipPartitioning_0#21,eval_CoNi-AM90_SEM-DIC_EBSD_SlipPartitioning_0,SlipPartitioning,CoNi-AM90_SEM-DIC_EBSD_SlipPartitioning,core,ma_roma,direct,none,0,1309,1493,13333,13333,20,10000,392,affine,"[0.05753496525078783, -0.010483353713379159, 523.5175646570628, 0.00952511840117068, 0.028025835268774186, -14.192873765261766, 0.0, 0.0, 1.0]",254.075,251.472,4.64,ok,
eval_CoNi-AM90_SEM-DIC_EBSD_SlipPartitioning_0#21,eval_CoNi-AM90_SEM-DIC_EBSD_SlipPartitioning_0,SlipPartitioning,CoNi-AM90_SEM-DIC_EBSD_SlipPartitioning,core,ma_roma,pyramid_v2,none,0,1309,1493,13333,13333,20,10000,392,affine@direct,"[0.05753496525078783, -0.010483353713379159, 523.5175646570628, 0.00952511840117068, 0.028025835268774186, -14.192873765261766, 0.0, 0.0, 1.0]",254.075,251.472,9.63,ok,
eval_CoNi-AM90_SEM-DIC_EBSD_SlipPartitioning_0#21,eval_CoNi-AM90_SEM-DIC_EBSD_SlipPartitioning_0,SlipPartitioning,CoNi-AM90_SEM-DIC_EBSD_SlipPartitioning,transform,ma_roma,direct,invert,0,1309,1493,13333,13333,20,10000,363,homography,"[0.06335666190982783, 0.0006458250641096666, 179.87863509956696, -0.00737369664497866, 0.0519356708831824, 59.97932497940152, -2.0395575146724223e-05, 8.23964470920211e-06, 1.0]",270.461,269.831,5.37,ok,
eval_CoNi-AM90_SEM-DIC_EBSD_SlipPartitioning_0#21,eval_CoNi-AM90_SEM-DIC_EBSD_SlipPartitioning_0,SlipPartitioning,CoNi-AM90_SEM-DIC_EBSD_SlipPartitioning,transform,ma_roma,direct,histmatch,0,1309,1493,13333,13333,20,10000,144,affine,"[0.05575516667755458, -0.004427310156630735, 448.4403272652421, 0.009567615022032646, 0.049527117043638096, -241.27729790425474, 0.0, 0.0, 1.0]",361.632,356.467,23.55,ok,
eval_CoNi-AM90_SEM-DIC_EBSD_SlipPartitioning_0#21,eval_CoNi-AM90_SEM-DIC_EBSD_SlipPartitioning_0,SlipPartitioning,CoNi-AM90_SEM-DIC_EBSD_SlipPartitioning,transform,ma_roma,direct,clahe,0,1309,1493,13333,13333,20,10000,204,affine,"[0.06374991653339934, 0.005916754811211795, 295.5414766326795, -0.023547197543616196, 0.03568678080415744, 311.67972284622806, 0.0, 0.0, 1.0]",214.648,200.953,5.71,ok,
eval_CoNi-AM90_SEM-DIC_EBSD_SlipPartitioning_0#21,eval_CoNi-AM90_SEM-DIC_EBSD_SlipPartitioning_0,SlipPartitioning,CoNi-AM90_SEM-DIC_EBSD_SlipPartitioning,transform,ma_roma,direct,gradmag,0,1309,1493,13333,13333,20,10000,123,affine,"[0.0693948211407879, 0.0026109156342692063, 127.08895442314964, 0.020554082977350233, 0.08002141815559699, -44.479970221973076, 0.0, 0.0, 1.0]",380.404,398.344,7.90,ok,
eval_CoNi-AM90_SEM-DIC_EBSD_SlipPartitioning_0#21,eval_CoNi-AM90_SEM-DIC_EBSD_SlipPartitioning_0,SlipPartitioning,CoNi-AM90_SEM-DIC_EBSD_SlipPartitioning,control,ma_roma,direct,none,1,1309,1493,13333,13333,20,10000,361,homography,"[0.08119451979806276, -0.009212498667496093, 425.8696911154244, 0.014635746572653086, 0.034071408497656816, -67.29883319600586, 1.2080317048423224e-05, 3.2794311632712284e-06, 1.0]",272.526,260.151,4.41,ok,
eval_CoNi-AM90_SEM-DIC_EBSD_SlipPartitioning_0#21,eval_CoNi-AM90_SEM-DIC_EBSD_SlipPartitioning_0,SlipPartitioning,CoNi-AM90_SEM-DIC_EBSD_SlipPartitioning,control,ma_roma,direct,none,2,1309,1493,13333,13333,20,10000,351,homography,"[0.15059002255454504, 0.0018271937740727058, 128.53701837454415, 0.02954040399707217, 0.05341846498088327, -217.41508617840745, 4.629326509151115e-05, 2.0021719697078612e-05, 0.9999999999999999]",318.087,272.358,4.39,ok,
eval_CoNi-AM90_SEM-DIC_EBSD_SlipPartitioning_0#21,eval_CoNi-AM90_SEM-DIC_EBSD_SlipPartitioning_0,SlipPartitioning,CoNi-AM90_SEM-DIC_EBSD_SlipPartitioning,control,ma_roma,direct,none,3,1309,1493,13333,13333,20,10000,238,affine,"[0.10119615098964693, 0.00045303260624952847, 144.58273790149372, 0.008242555850806398, 0.08459997034471678, -535.431211196211, 0.0, 0.0, 1.0]",488.281,490.571,4.52,ok,
eval_CoNi-AM90_SEM-DIC_EBSD_SlipPartitioning_0#21,eval_CoNi-AM90_SEM-DIC_EBSD_SlipPartitioning_0,SlipPartitioning,CoNi-AM90_SEM-DIC_EBSD_SlipPartitioning,control,ma_roma,direct,none,4,1309,1493,13333,13333,20,10000,344,affine,"[0.05756119092327709, -0.010151572400424302, 520.0245135794883, 0.01319994298550485, 0.030024392893435965, -82.87938703674371, 0.0, 0.0, 1.0]",285.151,274.347,9.50,ok,
eval_CoNi-AM90_SEM-DIC_EBSD_SlipPartitioning_0#21,eval_CoNi-AM90_SEM-DIC_EBSD_SlipPartitioning_0,SlipPartitioning,CoNi-AM90_SEM-DIC_EBSD_SlipPartitioning,control,ma_roma,direct,none,5,1309,1493,13333,13333,20,10000,336,affine,"[0.05799977463931845, -0.00947285091988775, 507.0799564632581, 0.009472144544116523, 0.02480979261887955, 18.277855503416504, 0.0, 0.0, 1.0]",243.583,245.126,9.61,ok,
eval_CoNi-AM90_SEM-DIC_EBSD_SlipPartitioning_0#22,eval_CoNi-AM90_SEM-DIC_EBSD_SlipPartitioning_0,SlipPartitioning,CoNi-AM90_SEM-DIC_EBSD_SlipPartitioning,core,ma_roma,direct,none,0,1309,1493,13333,13333,20,10000,364,homography,"[0.0019459172368011, -0.0036297267676346423, 305.5017074396487, -0.03180831154267419, 0.018955960784263547, 186.70915682281097, -7.056881537810494e-05, -1.2353714933028955e-05, 1.0]",907.182,386.935,6.00,ok,
eval_CoNi-AM90_SEM-DIC_EBSD_SlipPartitioning_0#22,eval_CoNi-AM90_SEM-DIC_EBSD_SlipPartitioning_0,SlipPartitioning,CoNi-AM90_SEM-DIC_EBSD_SlipPartitioning,core,ma_roma,pyramid_v2,none,0,1309,1493,13333,13333,20,10000,364,homography@direct,"[0.0019459172368011, -0.0036297267676346423, 305.5017074396487, -0.03180831154267419, 0.018955960784263547, 186.70915682281097, -7.056881537810494e-05, -1.2353714933028955e-05, 1.0]",907.182,386.935,7.99,ok,
eval_CoNi-AM90_SEM-DIC_EBSD_SlipPartitioning_0#22,eval_CoNi-AM90_SEM-DIC_EBSD_SlipPartitioning_0,SlipPartitioning,CoNi-AM90_SEM-DIC_EBSD_SlipPartitioning,transform,ma_roma,direct,invert,0,1309,1493,13333,13333,20,10000,317,affine,"[0.06362342610259593, 0.0012662317299534762, 119.30451108515102, 0.012823902111530049, 0.06464470698970404, -67.29289358177817, 0.0, 0.0, 1.0]",384.839,370.686,7.00,ok,
eval_CoNi-AM90_SEM-DIC_EBSD_SlipPartitioning_0#22,eval_CoNi-AM90_SEM-DIC_EBSD_SlipPartitioning_0,SlipPartitioning,CoNi-AM90_SEM-DIC_EBSD_SlipPartitioning,transform,ma_roma,direct,histmatch,0,1309,1493,13333,13333,20,10000,175,homography,"[0.09149806722420656, 0.10689337728163684, -215.79301143628038, 0.005536819961180833, 0.22951349594483322, -914.4618296708971, -3.857766167196747e-05, 0.00010170176772808982, 1.0]",501.602,286.472,20.04,ok,
eval_CoNi-AM90_SEM-DIC_EBSD_SlipPartitioning_0#22,eval_CoNi-AM90_SEM-DIC_EBSD_SlipPartitioning_0,SlipPartitioning,CoNi-AM90_SEM-DIC_EBSD_SlipPartitioning,transform,ma_roma,direct,clahe,0,1309,1493,13333,13333,20,10000,244,affine,"[0.09550036956794226, -0.004494955336342478, 163.6114813010501, 0.019019582891056482, 0.06661310109880265, -246.6526352202519, 0.0, 0.0, 1.0]",280.462,230.402,5.75,ok,
eval_CoNi-AM90_SEM-DIC_EBSD_SlipPartitioning_0#22,eval_CoNi-AM90_SEM-DIC_EBSD_SlipPartitioning_0,SlipPartitioning,CoNi-AM90_SEM-DIC_EBSD_SlipPartitioning,transform,ma_roma,direct,gradmag,0,1309,1493,13333,13333,20,10000,204,homography,"[0.11594836789896953, -0.008101488747017669, -46.02797827669209, -0.01779642733442923, 0.10600711550603649, -95.29356392000389, -2.832582254183579e-06, -3.5824619491091092e-06, 1.0]",400.933,425.634,8.28,ok,
eval_CoNi-AM90_SEM-DIC_EBSD_SlipPartitioning_0#22,eval_CoNi-AM90_SEM-DIC_EBSD_SlipPartitioning_0,SlipPartitioning,CoNi-AM90_SEM-DIC_EBSD_SlipPartitioning,control,ma_roma,direct,none,1,1309,1493,13333,13333,20,10000,305,affine,"[0.04512433779178728, -0.006688551094029194, 359.0469088402651, 0.0004967013269351362, 0.037958753073260035, 37.6677684993079, 0.0, 0.0, 1.0]",351.201,350.723,5.53,ok,
eval_CoNi-AM90_SEM-DIC_EBSD_SlipPartitioning_0#22,eval_CoNi-AM90_SEM-DIC_EBSD_SlipPartitioning_0,SlipPartitioning,CoNi-AM90_SEM-DIC_EBSD_SlipPartitioning,control,ma_roma,direct,none,2,1309,1493,13333,13333,20,10000,374,affine,"[0.043578344767530315, 0.0024992923753603367, 260.5862952051231, 0.000968783751631058, 0.040716505811842794, 7.1413742471571595, 0.0, 0.0, 1.0]",402.926,400.621,4.77,ok,
eval_CoNi-AM90_SEM-DIC_EBSD_SlipPartitioning_0#22,eval_CoNi-AM90_SEM-DIC_EBSD_SlipPartitioning_0,SlipPartitioning,CoNi-AM90_SEM-DIC_EBSD_SlipPartitioning,control,ma_roma,direct,none,3,1309,1493,13333,13333,20,10000,354,affine,"[0.10491327614253335, -0.013912109303609463, 153.3706365993222, 0.013686573768927407, 0.022383153591959425, 118.75652771931857, 0.0, 0.0, 1.0]",241.560,185.265,4.73,ok,
eval_CoNi-AM90_SEM-DIC_EBSD_SlipPartitioning_0#22,eval_CoNi-AM90_SEM-DIC_EBSD_SlipPartitioning_0,SlipPartitioning,CoNi-AM90_SEM-DIC_EBSD_SlipPartitioning,control,ma_roma,direct,none,4,1309,1493,13333,13333,20,10000,234,homography,"[-0.3492715114320606, -0.1826270058721201, 675.1800532944858, -0.15359151141575775, -0.44395826284416545, 2737.5847265643283, -0.0003244026954958233, -0.0005184128894334541, 1.0]",883.085,432.957,4.59,ok,
eval_CoNi-AM90_SEM-DIC_EBSD_SlipPartitioning_0#22,eval_CoNi-AM90_SEM-DIC_EBSD_SlipPartitioning_0,SlipPartitioning,CoNi-AM90_SEM-DIC_EBSD_SlipPartitioning,control,ma_roma,direct,none,5,1309,1493,13333,13333,20,10000,292,affine,"[0.10459961137223747, -0.014160716670375727, 155.77085698560006, 0.016477732387636702, 0.023861853020107238, 90.08153632782808, 0.0, 0.0, 1.0]",239.728,175.002,4.67,ok,
eval_CoNi-AM90_SEM-DIC_EBSD_SlipPartitioning_0#23,eval_CoNi-AM90_SEM-DIC_EBSD_SlipPartitioning_0,SlipPartitioning,CoNi-AM90_SEM-DIC_EBSD_SlipPartitioning,core,ma_roma,direct,none,0,1309,1493,13333,13333,20,10000,405,homography,"[0.3047888055219767, 0.0055387915880187955, -215.8747030482963, 0.09704727279037917, 0.26427170428777236, -1348.6286334766496, 2.486326340499537e-05, 7.051661996052117e-05, 1.0]",684.784,716.527,4.61,ok,
eval_CoNi-AM90_SEM-DIC_EBSD_SlipPartitioning_0#23,eval_CoNi-AM90_SEM-DIC_EBSD_SlipPartitioning_0,SlipPartitioning,CoNi-AM90_SEM-DIC_EBSD_SlipPartitioning,core,ma_roma,pyramid_v2,none,0,1309,1493,13333,13333,20,10000,405,homography@direct,"[0.3047888055219767, 0.0055387915880187955, -215.8747030482963, 0.09704727279037917, 0.26427170428777236, -1348.6286334766496, 2.486326340499537e-05, 7.051661996052117e-05, 1.0]",684.784,716.527,4.83,ok,
eval_CoNi-AM90_SEM-DIC_EBSD_SlipPartitioning_0#23,eval_CoNi-AM90_SEM-DIC_EBSD_SlipPartitioning_0,SlipPartitioning,CoNi-AM90_SEM-DIC_EBSD_SlipPartitioning,transform,ma_roma,direct,invert,0,1309,1493,13333,13333,20,10000,390,affine,"[0.07535186894660813, -0.01217389634405805, 584.4877555741563, -0.007382780714183675, 0.055551141581419945, 503.1893483163914, 0.0, 0.0, 1.0]",363.591,357.945,4.80,ok,
eval_CoNi-AM90_SEM-DIC_EBSD_SlipPartitioning_0#23,eval_CoNi-AM90_SEM-DIC_EBSD_SlipPartitioning_0,SlipPartitioning,CoNi-AM90_SEM-DIC_EBSD_SlipPartitioning,transform,ma_roma,direct,histmatch,0,1309,1493,13333,13333,20,10000,239,homography,"[0.11523015719862184, -0.04152957412515269, 260.19130474979346, 0.024255038222761604, 0.026409031896575424, -133.6645085674317, 3.95001010566423e-05, -4.244069605690573e-05, 1.0]",345.478,289.902,20.33,ok,
eval_CoNi-AM90_SEM-DIC_EBSD_SlipPartitioning_0#23,eval_CoNi-AM90_SEM-DIC_EBSD_SlipPartitioning_0,SlipPartitioning,CoNi-AM90_SEM-DIC_EBSD_SlipPartitioning,transform,ma_roma,direct,clahe,0,1309,1493,13333,13333,20,10000,165,homography,"[0.09644458311357329, 0.011768044760464141, -36.82767098928576, -0.0030597510091784075, 0.04411386499516023, 32.69215463635264, -1.330684496733332e-05, 1.5680714072801088e-05, 1.0]",338.840,298.990,4.83,ok,
eval_CoNi-AM90_SEM-DIC_EBSD_SlipPartitioning_0#23,eval_CoNi-AM90_SEM-DIC_EBSD_SlipPartitioning_0,SlipPartitioning,CoNi-AM90_SEM-DIC_EBSD_SlipPartitioning,transform,ma_roma,direct,gradmag,0,1309,1493,13333,13333,20,10000,209,homography,"[0.00023621070411101533, -0.034964664014615066, 788.0039052352683, -0.008104193775079257, 0.009643126043617903, 158.50244137676185, -3.586137124795339e-05, -2.4316393249562653e-05, 1.0]",206.265,203.799,7.81,ok,
eval_CoNi-AM90_SEM-DIC_EBSD_SlipPartitioning_0#23,eval_CoNi-AM90_SEM-DIC_EBSD_SlipPartitioning_0,SlipPartitioning,CoNi-AM90_SEM-DIC_EBSD_SlipPartitioning,control,ma_roma,direct,none,1,1309,1493,13333,13333,20,10000,392,affine,"[0.1592315309291458, -0.020342879198438312, 149.9190628260195, 0.021149427391188264, 0.11951102495656926, -351.5995968901012, 0.0, 0.0, 1.0]",507.916,505.037,4.69,ok,
eval_CoNi-AM90_SEM-DIC_EBSD_SlipPartitioning_0#23,eval_CoNi-AM90_SEM-DIC_EBSD_SlipPartitioning_0,SlipPartitioning,CoNi-AM90_SEM-DIC_EBSD_SlipPartitioning,control,ma_roma,direct,none,2,1309,1493,13333,13333,20,10000,320,affine,"[0.16181529946402126, -0.018105345105333834, 118.31827875554325, 0.024084140244668227, 0.11546633337612865, -334.85367913105347, 0.0, 0.0, 1.0]",506.791,500.609,4.97,ok,
eval_CoNi-AM90_SEM-DIC_EBSD_SlipPartitioning_0#23,eval_CoNi-AM90_SEM-DIC_EBSD_SlipPartitioning_0,SlipPartitioning,CoNi-AM90_SEM-DIC_EBSD_SlipPartitioning,control,ma_roma,direct,none,3,1309,1493,13333,13333,20,10000,390,affine,"[0.15861178679200558, -0.020356617060482033, 151.7840644348871, 0.02240982763116168, 0.11996748280008432, -362.61558646991386, 0.0, 0.0, 1.0]",507.749,509.211,5.14,ok,
eval_CoNi-AM90_SEM-DIC_EBSD_SlipPartitioning_0#23,eval_CoNi-AM90_SEM-DIC_EBSD_SlipPartitioning_0,SlipPartitioning,CoNi-AM90_SEM-DIC_EBSD_SlipPartitioning,control,ma_roma,direct,none,4,1309,1493,13333,13333,20,10000,409,affine,"[0.16193323272970392, -0.01617082462901589, 100.89952642878836, 0.023927777979622904, 0.1187280594518982, -359.87623045899227, 0.0, 0.0, 1.0]",511.887,519.393,4.68,ok,
eval_CoNi-AM90_SEM-DIC_EBSD_SlipPartitioning_0#23,eval_CoNi-AM90_SEM-DIC_EBSD_SlipPartitioning_0,SlipPartitioning,CoNi-AM90_SEM-DIC_EBSD_SlipPartitioning,control,ma_roma,direct,none,5,1309,1493,13333,13333,20,10000,425,affine,"[0.1609902914952085, -0.015779165547366407, 101.44145492085306, 0.024451970245874515, 0.11858596830589735, -361.5200915371247, 0.0, 0.0, 1.0]",508.833,519.889,4.69,ok,
eval_CoNi-AM90_SEM-DIC_EBSD_SlipPartitioning_0#24,eval_CoNi-AM90_SEM-DIC_EBSD_SlipPartitioning_0,SlipPartitioning,CoNi-AM90_SEM-DIC_EBSD_SlipPartitioning,core,ma_roma,direct,none,0,1309,1493,13333,13333,20,10000,260,affine,"[0.06480377893341793, 0.025528477898632208, -70.90963575956278, -0.0021779169195652545, 0.0368963156363633, 36.29256777376099, 0.0, 0.0, 1.0]",464.946,452.845,4.38,ok,
eval_CoNi-AM90_SEM-DIC_EBSD_SlipPartitioning_0#24,eval_CoNi-AM90_SEM-DIC_EBSD_SlipPartitioning_0,SlipPartitioning,CoNi-AM90_SEM-DIC_EBSD_SlipPartitioning,core,ma_roma,pyramid_v2,none,0,1309,1493,13333,13333,20,10000,260,affine@direct,"[0.06480377893341793, 0.025528477898632208, -70.90963575956278, -0.0021779169195652545, 0.0368963156363633, 36.29256777376099, 0.0, 0.0, 1.0]",464.946,452.845,8.92,ok,
eval_CoNi-AM90_SEM-DIC_EBSD_SlipPartitioning_0#24,eval_CoNi-AM90_SEM-DIC_EBSD_SlipPartitioning_0,SlipPartitioning,CoNi-AM90_SEM-DIC_EBSD_SlipPartitioning,transform,ma_roma,direct,invert,0,1309,1493,13333,13333,20,10000,262,homography,"[0.07857621867717285, -0.013864222372423404, 317.941719282518, -0.015494757486537974, 0.07051109113713565, 32.534414828877765, -5.203238079508235e-06, 1.0316194651371653e-06, 1.0]",228.015,256.063,4.69,ok,
eval_CoNi-AM90_SEM-DIC_EBSD_SlipPartitioning_0#24,eval_CoNi-AM90_SEM-DIC_EBSD_SlipPartitioning_0,SlipPartitioning,CoNi-AM90_SEM-DIC_EBSD_SlipPartitioning,transform,ma_roma,direct,histmatch,0,1309,1493,13333,13333,20,10000,322,affine,"[0.07105448488320935, -0.008462133812832564, 406.0563131635313, -0.006280041963891884, 0.04035143024879208, 87.9098815087583, 0.0, 0.0, 1.0]",211.343,200.972,38.90,ok,
eval_CoNi-AM90_SEM-DIC_EBSD_SlipPartitioning_0#24,eval_CoNi-AM90_SEM-DIC_EBSD_SlipPartitioning_0,SlipPartitioning,CoNi-AM90_SEM-DIC_EBSD_SlipPartitioning,transform,ma_roma,direct,clahe,0,1309,1493,13333,13333,20,10000,339,affine,"[0.05139561994850474, 0.015613801880420724, 137.3393127534115, -0.01024284912384024, 0.03558038021925512, 206.8913689016457, 0.0, 0.0, 1.0]",364.454,356.813,8.05,ok,
eval_CoNi-AM90_SEM-DIC_EBSD_SlipPartitioning_0#24,eval_CoNi-AM90_SEM-DIC_EBSD_SlipPartitioning_0,SlipPartitioning,CoNi-AM90_SEM-DIC_EBSD_SlipPartitioning,transform,ma_roma,direct,gradmag,0,1309,1493,13333,13333,20,10000,164,affine,"[0.08632623846459563, -0.015048443118004068, 372.3583894115134, 0.06689806162720609, 0.08300344899954622, -684.844001857241, 0.0, 0.0, 1.0]",346.543,304.560,23.39,ok,
eval_CoNi-AM90_SEM-DIC_EBSD_SlipPartitioning_0#24,eval_CoNi-AM90_SEM-DIC_EBSD_SlipPartitioning_0,SlipPartitioning,CoNi-AM90_SEM-DIC_EBSD_SlipPartitioning,control,ma_roma,direct,none,1,1309,1493,13333,13333,20,10000,263,affine,"[0.04332968101276442, -0.002746625287462, 331.2921771199831, -0.00653427990457297, 0.03871731938321342, 89.58932645422271, 0.0, 0.0, 1.0]",360.357,359.547,15.60,ok,
eval_CoNi-AM90_SEM-DIC_EBSD_SlipPartitioning_0#24,eval_CoNi-AM90_SEM-DIC_EBSD_SlipPartitioning_0,SlipPartitioning,CoNi-AM90_SEM-DIC_EBSD_SlipPartitioning,control,ma_roma,direct,none,2,1309,1493,13333,13333,20,10000,249,affine,"[0.05842740427605251, -0.020681769022074387, 517.8482179374289, 0.005771686569581863, 0.042924943310863904, -37.748722126015934, 0.0, 0.0, 1.0]",250.849,237.841,9.72,ok,
eval_CoNi-AM90_SEM-DIC_EBSD_SlipPartitioning_0#24,eval_CoNi-AM90_SEM-DIC_EBSD_SlipPartitioning_0,SlipPartitioning,CoNi-AM90_SEM-DIC_EBSD_SlipPartitioning,control,ma_roma,direct,none,3,1309,1493,13333,13333,20,10000,326,affine,"[0.05792015561146449, -0.013225004214310509, 515.3608537095305, 0.003413054304960838, 0.03416560508314539, 3.920313739323092, 0.0, 0.0, 1.0]",249.807,247.152,7.51,ok,
eval_CoNi-AM90_SEM-DIC_EBSD_SlipPartitioning_0#24,eval_CoNi-AM90_SEM-DIC_EBSD_SlipPartitioning_0,SlipPartitioning,CoNi-AM90_SEM-DIC_EBSD_SlipPartitioning,control,ma_roma,direct,none,4,1309,1493,13333,13333,20,10000,278,affine,"[0.05907752723354992, -0.020282568819684665, 508.97556219037733, 0.0028928676736676394, 0.04211544326590771, 0.24757041905297683, 0.0, 0.0, 1.0]",240.332,225.831,5.91,ok,
eval_CoNi-AM90_SEM-DIC_EBSD_SlipPartitioning_0#24,eval_CoNi-AM90_SEM-DIC_EBSD_SlipPartitioning_0,SlipPartitioning,CoNi-AM90_SEM-DIC_EBSD_SlipPartitioning,control,ma_roma,direct,none,5,1309,1493,13333,13333,20,10000,308,homography,"[0.27495382129500445, 0.057836298160785324, -55.49926536422533, 0.08964371344079108, 0.14929606380697424, -313.4903710727657, 0.0002689301375362636, 0.00012605589401952188, 1.0]",385.026,375.688,5.47,ok,
eval_CoNi-AM90_SEM-DIC_EBSD_SlipPartitioning_0#25,eval_CoNi-AM90_SEM-DIC_EBSD_SlipPartitioning_0,SlipPartitioning,CoNi-AM90_SEM-DIC_EBSD_SlipPartitioning,core,ma_roma,direct,none,0,1309,1493,13333,13333,20,10000,162,homography,"[0.22090328665449324, 0.07160425769425527, -254.31344919512628, 0.02174652022149031, 0.12503844248649798, -37.50172628010468, 6.751673370121177e-05, 0.0001321770524611203, 1.0]",251.964,235.729,5.31,ok,
eval_CoNi-AM90_SEM-DIC_EBSD_SlipPartitioning_0#25,eval_CoNi-AM90_SEM-DIC_EBSD_SlipPartitioning_0,SlipPartitioning,CoNi-AM90_SEM-DIC_EBSD_SlipPartitioning,core,ma_roma,pyramid_v2,none,0,1309,1493,13333,13333,20,10000,277,affine@direct+zoom,"[0.09007501859461282, 0.005345336985185147, 57.041704380856345, -0.012174618467748068, 0.042827985551933574, -99.20409074003283, 0.0, 0.0, 1.0]",472.758,444.165,15.72,ok,
eval_CoNi-AM90_SEM-DIC_EBSD_SlipPartitioning_0#25,eval_CoNi-AM90_SEM-DIC_EBSD_SlipPartitioning_0,SlipPartitioning,CoNi-AM90_SEM-DIC_EBSD_SlipPartitioning,transform,ma_roma,direct,invert,0,1309,1493,13333,13333,20,10000,344,affine,"[0.06310960204693006, -0.009579740323727302, 263.6154756896489, 0.010565028800476084, 0.05440015677181786, 51.727161350097475, 0.0, 0.0, 1.0]",298.419,286.766,5.08,ok,
eval_CoNi-AM90_SEM-DIC_EBSD_SlipPartitioning_0#25,eval_CoNi-AM90_SEM-DIC_EBSD_SlipPartitioning_0,SlipPartitioning,CoNi-AM90_SEM-DIC_EBSD_SlipPartitioning,transform,ma_roma,direct,histmatch,0,1309,1493,13333,13333,20,10000,466,affine,"[0.04287758192782994, -0.0014123782667835863, 415.87331468213006, 0.00448338323426891, 0.03468358475612188, 78.04612931488901, 0.0, 0.0, 1.0]",264.785,263.088,30.69,ok,
eval_CoNi-AM90_SEM-DIC_EBSD_SlipPartitioning_0#25,eval_CoNi-AM90_SEM-DIC_EBSD_SlipPartitioning_0,SlipPartitioning,CoNi-AM90_SEM-DIC_EBSD_SlipPartitioning,transform,ma_roma,direct,clahe,0,1309,1493,13333,13333,20,10000,228,homography,"[0.08581411522470689, -0.006067614077407264, 240.47720149546166, -0.007327192372312034, 0.043705844158212694, 57.05639231510666, -1.0411064753333687e-05, 7.12247543212203e-06, 1.0]",267.826,232.989,5.57,ok,
eval_CoNi-AM90_SEM-DIC_EBSD_SlipPartitioning_0#25,eval_CoNi-AM90_SEM-DIC_EBSD_SlipPartitioning_0,SlipPartitioning,CoNi-AM90_SEM-DIC_EBSD_SlipPartitioning,transform,ma_roma,direct,gradmag,0,1309,1493,13333,13333,20,10000,173,affine,"[0.13972030561118626, 0.013719069877863739, -224.14827255294927, 0.006248125288525912, 0.11827261658248797, 178.25951236013702, 0.0, 0.0, 1.0]",610.638,595.345,9.69,ok,
eval_CoNi-AM90_SEM-DIC_EBSD_SlipPartitioning_0#25,eval_CoNi-AM90_SEM-DIC_EBSD_SlipPartitioning_0,SlipPartitioning,CoNi-AM90_SEM-DIC_EBSD_SlipPartitioning,control,ma_roma,direct,none,1,1309,1493,13333,13333,20,10000,189,affine,"[0.07503134598836654, 0.013284257950503926, 58.364789661634404, -0.013288727831777961, 0.04422784150415248, 21.04202358728088, 0.0, 0.0, 1.0]",399.492,378.500,5.68,ok,
eval_CoNi-AM90_SEM-DIC_EBSD_SlipPartitioning_0#25,eval_CoNi-AM90_SEM-DIC_EBSD_SlipPartitioning_0,SlipPartitioning,CoNi-AM90_SEM-DIC_EBSD_SlipPartitioning,control,ma_roma,direct,none,2,1309,1493,13333,13333,20,10000,234,affine,"[0.06864676025141632, 0.003018996148240189, 244.22112796697672, -0.009233370638344195, 0.05037066974758868, -91.01749131888585, 0.0, 0.0, 1.0]",376.396,376.581,4.43,ok,
eval_CoNi-AM90_SEM-DIC_EBSD_SlipPartitioning_0#25,eval_CoNi-AM90_SEM-DIC_EBSD_SlipPartitioning_0,SlipPartitioning,CoNi-AM90_SEM-DIC_EBSD_SlipPartitioning,control,ma_roma,direct,none,3,1309,1493,13333,13333,20,10000,191,homography,"[0.08130404043746736, -0.03890316754211286, 460.7723381229001, 0.009670159411014368, 0.004315264245307031, 223.681797156654, 3.63272324522123e-05, -4.3413526535682824e-05, 1.0]",219.586,191.075,5.47,ok,
eval_CoNi-AM90_SEM-DIC_EBSD_SlipPartitioning_0#25,eval_CoNi-AM90_SEM-DIC_EBSD_SlipPartitioning_0,SlipPartitioning,CoNi-AM90_SEM-DIC_EBSD_SlipPartitioning,control,ma_roma,direct,none,4,1309,1493,13333,13333,20,10000,205,homography,"[0.07816933140551185, 0.04263789604929769, 252.21339504631254, -0.015233037270356554, 0.08415088826743702, 100.85281427600235, -2.4458987791263494e-05, 9.34780330843594e-05, 1.0]",240.623,239.968,6.05,ok,
eval_CoNi-AM90_SEM-DIC_EBSD_SlipPartitioning_0#25,eval_CoNi-AM90_SEM-DIC_EBSD_SlipPartitioning_0,SlipPartitioning,CoNi-AM90_SEM-DIC_EBSD_SlipPartitioning,control,ma_roma,direct,none,5,1309,1493,13333,13333,20,10000,228,affine,"[0.07550440219468602, 0.005390800872187433, 157.22554703039486, -0.017667609535414505, 0.05108921029479082, -34.295939905032924, 0.0, 0.0, 1.0]",397.274,396.472,11.26,ok,
eval_CoNi-AM90_SEM-DIC_EBSD_SlipPartitioning_0#26,eval_CoNi-AM90_SEM-DIC_EBSD_SlipPartitioning_0,SlipPartitioning,CoNi-AM90_SEM-DIC_EBSD_SlipPartitioning,core,ma_roma,direct,none,0,1309,1493,13333,13333,20,10000,281,affine,"[0.1108873810101086, -0.004523060829464615, 100.59500661100441, 0.0050479154593262325, 0.10707738312934661, -230.64463891753007, 0.0, 0.0, 1.0]",331.926,350.910,7.92,ok,
eval_CoNi-AM90_SEM-DIC_EBSD_SlipPartitioning_0#26,eval_CoNi-AM90_SEM-DIC_EBSD_SlipPartitioning_0,SlipPartitioning,CoNi-AM90_SEM-DIC_EBSD_SlipPartitioning,core,ma_roma,pyramid_v2,none,0,1309,1493,13333,13333,20,10000,281,affine@direct,"[0.1108873810101086, -0.004523060829464615, 100.59500661100441, 0.0050479154593262325, 0.10707738312934661, -230.64463891753007, 0.0, 0.0, 1.0]",331.926,350.910,6.42,ok,
eval_CoNi-AM90_SEM-DIC_EBSD_SlipPartitioning_0#26,eval_CoNi-AM90_SEM-DIC_EBSD_SlipPartitioning_0,SlipPartitioning,CoNi-AM90_SEM-DIC_EBSD_SlipPartitioning,transform,ma_roma,direct,invert,0,1309,1493,13333,13333,20,10000,348,affine,"[0.14500724318740643, -0.016664798870058065, 125.46627855644294, 0.010782135359284337, 0.1106072250908263, -261.4826093824813, 0.0, 0.0, 1.0]",422.057,429.583,6.03,ok,
eval_CoNi-AM90_SEM-DIC_EBSD_SlipPartitioning_0#26,eval_CoNi-AM90_SEM-DIC_EBSD_SlipPartitioning_0,SlipPartitioning,CoNi-AM90_SEM-DIC_EBSD_SlipPartitioning,transform,ma_roma,direct,histmatch,0,1309,1493,13333,13333,20,10000,121,affine,"[0.06789398299152984, -0.008790192090881077, 466.82745900272124, -0.049509825113088476, 0.041956008597332284, 904.7217156782974, 0.0, 0.0, 1.0]",381.876,367.280,31.27,ok,
eval_CoNi-AM90_SEM-DIC_EBSD_SlipPartitioning_0#26,eval_CoNi-AM90_SEM-DIC_EBSD_SlipPartitioning_0,SlipPartitioning,CoNi-AM90_SEM-DIC_EBSD_SlipPartitioning,transform,ma_roma,direct,clahe,0,1309,1493,13333,13333,20,10000,214,affine,"[0.0911919078317986, -0.01696944563249223, 262.8728735119778, 0.004481562016578649, 0.032660261118111066, -118.24634768232076, 0.0, 0.0, 1.0]",406.671,381.412,7.21,ok,
eval_CoNi-AM90_SEM-DIC_EBSD_SlipPartitioning_0#26,eval_CoNi-AM90_SEM-DIC_EBSD_SlipPartitioning_0,SlipPartitioning,CoNi-AM90_SEM-DIC_EBSD_SlipPartitioning,transform,ma_roma,direct,gradmag,0,1309,1493,13333,13333,20,10000,182,affine,"[0.11472197868905042, -0.004009060193208544, 113.79824854612662, 0.008045195258655094, 0.07567803638351452, -320.15183575745897, 0.0, 0.0, 1.0]",373.036,375.959,10.10,ok,
eval_CoNi-AM90_SEM-DIC_EBSD_SlipPartitioning_0#26,eval_CoNi-AM90_SEM-DIC_EBSD_SlipPartitioning_0,SlipPartitioning,CoNi-AM90_SEM-DIC_EBSD_SlipPartitioning,control,ma_roma,direct,none,1,1309,1493,13333,13333,20,10000,283,affine,"[0.11154197948482, -0.004855265398192579, 100.6729168875973, 0.0022182944178002913, 0.1078554583019329, -225.09141965540584, 0.0, 0.0, 1.0]",334.236,353.685,4.88,ok,
eval_CoNi-AM90_SEM-DIC_EBSD_SlipPartitioning_0#26,eval_CoNi-AM90_SEM-DIC_EBSD_SlipPartitioning_0,SlipPartitioning,CoNi-AM90_SEM-DIC_EBSD_SlipPartitioning,control,ma_roma,direct,none,2,1309,1493,13333,13333,20,10000,203,affine,"[0.11849121648000753, -0.003729363692043713, 73.4939860901718, 0.01011463700399423, 0.10549085277455195, -233.63906768009917, 0.0, 0.0, 1.0]",340.268,352.329,6.02,ok,
eval_CoNi-AM90_SEM-DIC_EBSD_SlipPartitioning_0#26,eval_CoNi-AM90_SEM-DIC_EBSD_SlipPartitioning_0,SlipPartitioning,CoNi-AM90_SEM-DIC_EBSD_SlipPartitioning,control,ma_roma,direct,none,3,1309,1493,13333,13333,20,10000,258,affine,"[0.11629228413116571, -0.007117251816447613, 103.03400620383813, 0.004742263022518817, 0.10648175119569113, -223.7785169654304, 0.0, 0.0, 1.0]",336.337,356.130,5.71,ok,
eval_CoNi-AM90_SEM-DIC_EBSD_SlipPartitioning_0#26,eval_CoNi-AM90_SEM-DIC_EBSD_SlipPartitioning_0,SlipPartitioning,CoNi-AM90_SEM-DIC_EBSD_SlipPartitioning,control,ma_roma,direct,none,4,1309,1493,13333,13333,20,10000,240,affine,"[0.1093119112618774, -0.00394961354777055, 103.85663866858175, 0.0037078724040099644, 0.10983135628042619, -244.70828613965, 0.0, 0.0, 1.0]",337.160,362.906,5.60,ok,
eval_CoNi-AM90_SEM-DIC_EBSD_SlipPartitioning_0#26,eval_CoNi-AM90_SEM-DIC_EBSD_SlipPartitioning_0,SlipPartitioning,CoNi-AM90_SEM-DIC_EBSD_SlipPartitioning,control,ma_roma,direct,none,5,1309,1493,13333,13333,20,10000,311,affine,"[0.12251957995314684, -0.008806924857084734, 87.5724592542544, 0.007756593950258015, 0.10590522125645141, -230.59747788273728, 0.0, 0.0, 1.0]",346.951,367.435,9.80,ok,
eval_CoNi-AM90_SEM-EBSD_SameSlice_0#0,eval_CoNi-AM90_SEM-EBSD_SameSlice_0,SameSlice,CoNi-AM90_SEM-EBSD_SameSlice,core,ma_roma,direct,none,0,1309,1493,12148,13089,47,10000,3604,affine,"[0.11484871181479042, -0.0009759318489133181, -1.8108126441882177, -0.0003742191230427272, 0.10715900068524797, -40.40476112087316, 0.0, 0.0, 1.0]",3.673,2.662,5.27,ok,
eval_CoNi-AM90_SEM-EBSD_SameSlice_0#0,eval_CoNi-AM90_SEM-EBSD_SameSlice_0,SameSlice,CoNi-AM90_SEM-EBSD_SameSlice,core,ma_roma,pyramid_v2,none,0,1309,1493,12148,13089,47,10000,3604,affine@direct,"[0.11484871181479042, -0.0009759318489133181, -1.8108126441882177, -0.0003742191230427272, 0.10715900068524797, -40.40476112087316, 0.0, 0.0, 1.0]",3.673,2.662,5.18,ok,
eval_CoNi-AM90_SEM-EBSD_SameSlice_0#0,eval_CoNi-AM90_SEM-EBSD_SameSlice_0,SameSlice,CoNi-AM90_SEM-EBSD_SameSlice,transform,ma_roma,direct,invert,0,1309,1493,12148,13089,47,10000,346,affine,"[-0.0019400023479547294, -0.0031016632664334458, 617.5785989914341, -0.001785232646970324, -0.0012797266295236723, 376.8330570994967, 0.0, 0.0, 1.0]",602.584,586.906,10.70,ok,
eval_CoNi-AM90_SEM-EBSD_SameSlice_0#0,eval_CoNi-AM90_SEM-EBSD_SameSlice_0,SameSlice,CoNi-AM90_SEM-EBSD_SameSlice,transform,ma_roma,direct,histmatch,0,1309,1493,12148,13089,47,10000,1673,homography,"[0.10431363725887018, -0.001972943420356143, 49.85162269838746, -0.0016744811899120078, 0.10156953331975438, -23.967725071862528, -4.548719723164613e-06, -8.785025841752898e-07, 1.0]",17.963,11.957,77.29,ok,
eval_CoNi-AM90_SEM-EBSD_SameSlice_0#0,eval_CoNi-AM90_SEM-EBSD_SameSlice_0,SameSlice,CoNi-AM90_SEM-EBSD_SameSlice,transform,ma_roma,direct,clahe,0,1309,1493,12148,13089,47,10000,1512,homography,"[0.0905296057172309, -0.014827151620125347, 147.70094524565147, -0.004962514392649338, 0.08221845390233853, 57.21026789274199, -8.230588458894174e-06, -1.2217489403188668e-05, 1.0]",35.420,29.143,19.11,ok,
eval_CoNi-AM90_SEM-EBSD_SameSlice_0#0,eval_CoNi-AM90_SEM-EBSD_SameSlice_0,SameSlice,CoNi-AM90_SEM-EBSD_SameSlice,transform,ma_roma,direct,gradmag,0,1309,1493,12148,13089,47,10000,187,homography,"[2.9607970330426165, 0.5205783117660411, -6454.268650745667, 1.1731775179625843, 1.0064155322648165, -11736.565183260465, 0.001603130420697011, 0.001111572502125064, 1.0]",708.074,715.400,16.38,ok,
eval_CoNi-AM90_SEM-EBSD_SameSlice_0#0,eval_CoNi-AM90_SEM-EBSD_SameSlice_0,SameSlice,CoNi-AM90_SEM-EBSD_SameSlice,control,ma_roma,direct,none,1,1309,1493,12148,13089,47,10000,3460,affine,"[0.11482762684370537, -0.0010007020641629946, -1.6261895517438916, -0.0004842523869066556, 0.10714771373841021, -39.30500077131467, 0.0, 0.0, 1.0]",3.666,2.671,8.39,ok,
eval_CoNi-AM90_SEM-EBSD_SameSlice_0#0,eval_CoNi-AM90_SEM-EBSD_SameSlice_0,SameSlice,CoNi-AM90_SEM-EBSD_SameSlice,control,ma_roma,direct,none,2,1309,1493,12148,13089,47,10000,3451,affine,"[0.11485040694318033, -0.0010219605361394906, -1.7194549564821955, -0.00033269774068379855, 0.10726946829159237, -41.13384973806899, 0.0, 0.0, 1.0]",3.369,2.656,7.91,ok,
eval_CoNi-AM90_SEM-EBSD_SameSlice_0#0,eval_CoNi-AM90_SEM-EBSD_SameSlice_0,SameSlice,CoNi-AM90_SEM-EBSD_SameSlice,control,ma_roma,direct,none,3,1309,1493,12148,13089,47,10000,3507,homography,"[0.11013427005658763, -0.001574571787526246, 21.37474519535496, -0.0009443423968217619, 0.10452781754345636, -32.90682406394874, -2.0159423735897487e-06, -5.872143388679973e-07, 1.0]",9.036,6.709,8.51,ok,
eval_CoNi-AM90_SEM-EBSD_SameSlice_0#0,eval_CoNi-AM90_SEM-EBSD_SameSlice_0,SameSlice,CoNi-AM90_SEM-EBSD_SameSlice,control,ma_roma,direct,none,4,1309,1493,12148,13089,47,10000,3531,homography,"[0.11032864905193951, -0.0014458309623269884, 20.31019351110651, -0.0010015683477048321, 0.10475459450780018, -32.78970807335769, -1.9333427288725275e-06, -4.866362754988835e-07, 0.9999999999999999]",8.791,6.622,6.89,ok,
eval_CoNi-AM90_SEM-EBSD_SameSlice_0#0,eval_CoNi-AM90_SEM-EBSD_SameSlice_0,SameSlice,CoNi-AM90_SEM-EBSD_SameSlice,control,ma_roma,direct,none,5,1309,1493,12148,13089,47,10000,3489,affine,"[0.11481894083906943, -0.0010262176262489985, -1.434795674280167, -0.00042144477005673733, 0.1073134513599878, -40.269043885767644, 0.0, 0.0, 1.0]",3.263,2.624,8.40,ok,
eval_CoNi-AM90_SEM-EBSD_SameSlice_0#1,eval_CoNi-AM90_SEM-EBSD_SameSlice_0,SameSlice,CoNi-AM90_SEM-EBSD_SameSlice,core,ma_roma,direct,none,0,1309,1493,12148,13089,47,10000,875,affine,"[0.11442699879569063, -0.0015557776724869656, 3.5489144402378088, -0.0007831465273732662, 0.10520127914604363, -29.775017664573056, 0.0, 0.0, 1.0]",10.014,7.102,8.69,ok,
eval_CoNi-AM90_SEM-EBSD_SameSlice_0#1,eval_CoNi-AM90_SEM-EBSD_SameSlice_0,SameSlice,CoNi-AM90_SEM-EBSD_SameSlice,core,ma_roma,pyramid_v2,none,0,1309,1493,12148,13089,47,10000,875,affine@direct,"[0.11442699879569063, -0.0015557776724869656, 3.5489144402378088, -0.0007831465273732662, 0.10520127914604363, -29.775017664573056, 0.0, 0.0, 1.0]",10.014,7.102,9.50,ok,
eval_CoNi-AM90_SEM-EBSD_SameSlice_0#1,eval_CoNi-AM90_SEM-EBSD_SameSlice_0,SameSlice,CoNi-AM90_SEM-EBSD_SameSlice,transform,ma_roma,direct,invert,0,1309,1493,12148,13089,47,10000,405,affine,"[0.05674030956338688, -0.013463825086442378, 343.54218555644536, -0.009891594975896275, 0.02522040208585232, 228.987448578174, 0.0, 0.0, 1.0]",419.561,361.470,10.90,ok,
eval_CoNi-AM90_SEM-EBSD_SameSlice_0#1,eval_CoNi-AM90_SEM-EBSD_SameSlice_0,SameSlice,CoNi-AM90_SEM-EBSD_SameSlice,transform,ma_roma,direct,histmatch,0,1309,1493,12148,13089,47,10000,3024,affine,"[0.11500880743768144, -0.0005655788411823139, -5.092779704322879, -0.00022647922226622457, 0.10717242403833775, -42.02120410864694, 0.0, 0.0, 1.0]",3.845,2.635,24.26,ok,
eval_CoNi-AM90_SEM-EBSD_SameSlice_0#1,eval_CoNi-AM90_SEM-EBSD_SameSlice_0,SameSlice,CoNi-AM90_SEM-EBSD_SameSlice,transform,ma_roma,direct,clahe,0,1309,1493,12148,13089,47,10000,845,homography,"[0.11807992769862198, -0.0019489415681064857, -11.050947086036981, 0.0015544774044929813, 0.10780709661355883, -54.34713774540553, 2.566642802217585e-06, -1.6365179304820424e-06, 1.0]",6.341,7.004,5.02,ok,
eval_CoNi-AM90_SEM-EBSD_SameSlice_0#1,eval_CoNi-AM90_SEM-EBSD_SameSlice_0,SameSlice,CoNi-AM90_SEM-EBSD_SameSlice,transform,ma_roma,direct,gradmag,0,1309,1493,12148,13089,47,10000,438,affine,"[0.10903601052834795, -0.009686809020708974, 70.77150183842485, 0.026770524138683548, 0.12071976749772885, -1097.8549806915175, 0.0, 0.0, 1.0]",809.182,824.302,7.48,ok,
eval_CoNi-AM90_SEM-EBSD_SameSlice_0#1,eval_CoNi-AM90_SEM-EBSD_SameSlice_0,SameSlice,CoNi-AM90_SEM-EBSD_SameSlice,control,ma_roma,direct,none,1,1309,1493,12148,13089,47,10000,655,homography,"[0.10525214574946958, -0.005223755554946725, 44.68644435023685, -0.004630947578056811, 0.09133400042197, 41.65333031740332, -3.763538136966371e-06, -4.990235453138703e-06, 1.0]",28.034,29.055,4.36,ok,
eval_CoNi-AM90_SEM-EBSD_SameSlice_0#1,eval_CoNi-AM90_SEM-EBSD_SameSlice_0,SameSlice,CoNi-AM90_SEM-EBSD_SameSlice,control,ma_roma,direct,none,2,1309,1493,12148,13089,47,10000,750,homography,"[0.13520515343556985, -0.0011434277277150556, -74.5985873449004, 0.004034547254053454, 0.11571327821207271, -73.54601401562482, 1.2241535974891184e-05, -9.243632106412154e-08, 1.0]",27.549,26.631,4.04,ok,
eval_CoNi-AM90_SEM-EBSD_SameSlice_0#1,eval_CoNi-AM90_SEM-EBSD_SameSlice_0,SameSlice,CoNi-AM90_SEM-EBSD_SameSlice,control,ma_roma,direct,none,3,1309,1493,12148,13089,47,10000,329,homography,"[0.09848443278644742, 0.008250708101235703, 74.37420211847353, 0.009466464308575631, 0.09797710408592328, -104.30508115105309, -7.2676801878531605e-06, 8.661856002553554e-06, 1.0]",100.788,85.475,4.13,ok,
eval_CoNi-AM90_SEM-EBSD_SameSlice_0#1,eval_CoNi-AM90_SEM-EBSD_SameSlice_0,SameSlice,CoNi-AM90_SEM-EBSD_SameSlice,control,ma_roma,direct,none,4,1309,1493,12148,13089,47,10000,548,homography,"[0.12743648694670173, 0.01047649314360971, -82.64828162755808, -0.0003005787158115001, 0.1060933067179718, 5.7679428343048125, 3.513604159287802e-06, 1.1400690998190165e-05, 0.9999999999999999]",57.678,42.361,3.96,ok,
eval_CoNi-AM90_SEM-EBSD_SameSlice_0#1,eval_CoNi-AM90_SEM-EBSD_SameSlice_0,SameSlice,CoNi-AM90_SEM-EBSD_SameSlice,control,ma_roma,direct,none,5,1309,1493,12148,13089,47,10000,792,homography,"[0.09455013903319419, -0.00762585244806046, 104.15290907082957, -0.0035846188516679544, 0.09395765790924282, 2.262832463168914, -8.119756390743247e-06, -6.185334414068198e-06, 1.0]",25.246,19.681,4.23,ok,
eval_CoNi-AM90_SEM-EBSD_SameSlice_0#2,eval_CoNi-AM90_SEM-EBSD_SameSlice_0,SameSlice,CoNi-AM90_SEM-EBSD_SameSlice,core,ma_roma,direct,none,0,1309,1493,12148,13089,47,10000,7293,homography,"[0.11426266124418472, -0.001087415509257228, 0.24728242080314064, -0.0004480926172061076, 0.10712143588715152, -39.986620551408365, -2.871222521295814e-07, -2.7766551461555356e-07, 1.0]",2.766,2.573,4.54,ok,
eval_CoNi-AM90_SEM-EBSD_SameSlice_0#2,eval_CoNi-AM90_SEM-EBSD_SameSlice_0,SameSlice,CoNi-AM90_SEM-EBSD_SameSlice,core,ma_roma,pyramid_v2,none,0,1309,1493,12148,13089,47,10000,7293,homography@direct,"[0.11426266124418472, -0.001087415509257228, 0.24728242080314064, -0.0004480926172061076, 0.10712143588715152, -39.986620551408365, -2.871222521295814e-07, -2.7766551461555356e-07, 1.0]",2.766,2.573,4.67,ok,
eval_CoNi-AM90_SEM-EBSD_SameSlice_0#2,eval_CoNi-AM90_SEM-EBSD_SameSlice_0,SameSlice,CoNi-AM90_SEM-EBSD_SameSlice,transform,ma_roma,direct,invert,0,1309,1493,12148,13089,47,10000,6913,homography,"[0.11463106135791659, -0.0005518365343892542, -4.645083499394375, -0.000298138308986008, 0.10760332416586643, -44.12439827760165, -3.874344825597219e-07, 1.3284985571010664e-07, 1.0]",3.033,2.739,4.55,ok,
eval_CoNi-AM90_SEM-EBSD_SameSlice_0#2,eval_CoNi-AM90_SEM-EBSD_SameSlice_0,SameSlice,CoNi-AM90_SEM-EBSD_SameSlice,transform,ma_roma,direct,histmatch,0,1309,1493,12148,13089,47,10000,8055,homography,"[0.12439701605620507, 0.0021551813208734822, -57.47664972735781, 0.0010729810295628825, 0.11264513470622287, -60.37932013849031, 3.4998861484568454e-06, 2.435116822038221e-06, 1.0]",13.206,10.791,20.16,ok,
eval_CoNi-AM90_SEM-EBSD_SameSlice_0#2,eval_CoNi-AM90_SEM-EBSD_SameSlice_0,SameSlice,CoNi-AM90_SEM-EBSD_SameSlice,transform,ma_roma,direct,clahe,0,1309,1493,12148,13089,47,10000,8483,homography,"[0.11451141941306656, -0.0013469329762762748, -0.975114754256375, -0.0003491469358336934, 0.10707769944465816, -41.858595445038134, -2.2418135805989665e-07, -4.831371109846374e-07, 1.0]",2.133,1.925,5.72,ok,
eval_CoNi-AM90_SEM-EBSD_SameSlice_0#2,eval_CoNi-AM90_SEM-EBSD_SameSlice_0,SameSlice,CoNi-AM90_SEM-EBSD_SameSlice,transform,ma_roma,direct,gradmag,0,1309,1493,12148,13089,47,10000,334,affine,"[0.12667738712573223, -0.010564497382626506, -27.881428838205238, 0.03983075701816439, 0.12580827306596512, -1489.5002217971169, 0.0, 0.0, 1.0]",1089.179,1107.636,9.12,ok,
eval_CoNi-AM90_SEM-EBSD_SameSlice_0#2,eval_CoNi-AM90_SEM-EBSD_SameSlice_0,SameSlice,CoNi-AM90_SEM-EBSD_SameSlice,control,ma_roma,direct,none,1,1309,1493,12148,13089,47,10000,7316,homography,"[0.11405755396862148, -0.0011622060709300286, 1.2197522001475516, -0.000494952623379274, 0.10702037116504053, -39.84181998725413, -3.661486957096305e-07, -3.5656302754977513e-07, 0.9999999999999999]",2.697,2.579,4.54,ok,
eval_CoNi-AM90_SEM-EBSD_SameSlice_0#2,eval_CoNi-AM90_SEM-EBSD_SameSlice_0,SameSlice,CoNi-AM90_SEM-EBSD_SameSlice,control,ma_roma,direct,none,2,1309,1493,12148,13089,47,10000,7313,homography,"[0.1143221526421766, -0.0010110437856729474, -0.541394962681901, -0.0004158679002314913, 0.10714283362051728, -40.581051013958096, -2.9758683989760645e-07, -2.1207640496457514e-07, 1.0]",2.736,2.478,4.53,ok,
eval_CoNi-AM90_SEM-EBSD_SameSlice_0#2,eval_CoNi-AM90_SEM-EBSD_SameSlice_0,SameSlice,CoNi-AM90_SEM-EBSD_SameSlice,control,ma_roma,direct,none,3,1309,1493,12148,13089,47,10000,7337,homography,"[0.11402203954212982, -0.0011326074063592929, 1.2557518010432511, -0.00045796831865118015, 0.10698146885031466, -39.99731364552331, -3.9862638454290294e-07, -3.2228048363847655e-07, 1.0]",2.831,2.657,4.21,ok,
eval_CoNi-AM90_SEM-EBSD_SameSlice_0#2,eval_CoNi-AM90_SEM-EBSD_SameSlice_0,SameSlice,CoNi-AM90_SEM-EBSD_SameSlice,control,ma_roma,direct,none,4,1309,1493,12148,13089,47,10000,7287,affine,"[0.11501361303666845, -0.0007493596269047934, -3.927759401180083, -0.00027477640050795906, 0.10775695900662978, -42.66481243823739, 0.0, 0.0, 1.0]",2.517,2.446,4.19,ok,
eval_CoNi-AM90_SEM-EBSD_SameSlice_0#2,eval_CoNi-AM90_SEM-EBSD_SameSlice_0,SameSlice,CoNi-AM90_SEM-EBSD_SameSlice,control,ma_roma,direct,none,5,1309,1493,12148,13089,47,10000,7288,homography,"[0.11421889723822373, -0.0010950872094183015, 0.5555644703836128, -0.00043706365472519557, 0.10714751395044617, -40.29810608248099, -2.9700420407912995e-07, -2.843889274297428e-07, 0.9999999999999999]",2.748,2.580,4.20,ok,
eval_CoNi-AM90_SEM-EBSD_SameSlice_0#3,eval_CoNi-AM90_SEM-EBSD_SameSlice_0,SameSlice,CoNi-AM90_SEM-EBSD_SameSlice,core,ma_roma,direct,none,0,1309,1493,12148,13089,47,10000,786,affine,"[0.11530778000405796, -0.0013752877320838065, -7.456149414291531, -0.0005118564176076723, 0.10546087959895377, -36.56302911487464, 0.0, 0.0, 1.0]",11.247,8.950,4.02,ok,
eval_CoNi-AM90_SEM-EBSD_SameSlice_0#3,eval_CoNi-AM90_SEM-EBSD_SameSlice_0,SameSlice,CoNi-AM90_SEM-EBSD_SameSlice,core,ma_roma,pyramid_v2,none,0,1309,1493,12148,13089,47,10000,786,affine@direct,"[0.11530778000405796, -0.0013752877320838065, -7.456149414291531, -0.0005118564176076723, 0.10546087959895377, -36.56302911487464, 0.0, 0.0, 1.0]",11.247,8.950,4.14,ok,
eval_CoNi-AM90_SEM-EBSD_SameSlice_0#3,eval_CoNi-AM90_SEM-EBSD_SameSlice_0,SameSlice,CoNi-AM90_SEM-EBSD_SameSlice,transform,ma_roma,direct,invert,0,1309,1493,12148,13089,47,10000,510,affine,"[-0.07299600545809469, 0.010051008352488641, 1106.1332726225653, 0.0007013476106926881, -0.10714526150215367, 1119.6010192833733, 0.0, 0.0, 1.0]",1004.861,1040.191,4.46,ok,
eval_CoNi-AM90_SEM-EBSD_SameSlice_0#3,eval_CoNi-AM90_SEM-EBSD_SameSlice_0,SameSlice,CoNi-AM90_SEM-EBSD_SameSlice,transform,ma_roma,direct,histmatch,0,1309,1493,12148,13089,47,10000,657,homography,"[0.09789318262689924, -0.00021978096446455297, 84.64886369665271, -0.00013623718539895594, 0.09722546142831488, -37.82422842335099, -7.087322318028383e-06, 3.4048738459897574e-07, 1.0]",49.138,47.173,18.46,ok,
eval_CoNi-AM90_SEM-EBSD_SameSlice_0#3,eval_CoNi-AM90_SEM-EBSD_SameSlice_0,SameSlice,CoNi-AM90_SEM-EBSD_SameSlice,transform,ma_roma,direct,clahe,0,1309,1493,12148,13089,47,10000,432,affine,"[0.1306258906297158, 0.001500221582942698, -155.05112244712836, -0.001996276069424228, 0.11921401091869052, -197.78919979622344, 0.0, 0.0, 1.0]",120.368,128.762,5.13,ok,
eval_CoNi-AM90_SEM-EBSD_SameSlice_0#3,eval_CoNi-AM90_SEM-EBSD_SameSlice_0,SameSlice,CoNi-AM90_SEM-EBSD_SameSlice,transform,ma_roma,direct,gradmag,0,1309,1493,12148,13089,47,10000,196,affine,"[0.0644611832033655, -0.007064298273150741, 679.5459736232065, -0.005866361760635211, 0.10438531505303986, 149.37363039197658, 0.0, 0.0, 1.0]",370.078,382.847,7.77,ok,
eval_CoNi-AM90_SEM-EBSD_SameSlice_0#3,eval_CoNi-AM90_SEM-EBSD_SameSlice_0,SameSlice,CoNi-AM90_SEM-EBSD_SameSlice,control,ma_roma,direct,none,1,1309,1493,12148,13089,47,10000,548,homography,"[0.11578144307245845, -0.0026153713548090216, -8.61548275000681, 0.0002386732283284892, 0.10194638745354939, -41.01674284528712, -6.3663039334985e-08, 2.5136586437422323e-06, 1.0]",47.542,44.867,4.09,ok,
eval_CoNi-AM90_SEM-EBSD_SameSlice_0#3,eval_CoNi-AM90_SEM-EBSD_SameSlice_0,SameSlice,CoNi-AM90_SEM-EBSD_SameSlice,control,ma_roma,direct,none,2,1309,1493,12148,13089,47,10000,831,affine,"[0.11543173229111671, -0.001401555361391908, -8.56050569821059, -0.00018860591885871403, 0.1056237177825607, -40.28223324315641, 0.0, 0.0, 1.0]",11.807,9.771,3.91,ok,
eval_CoNi-AM90_SEM-EBSD_SameSlice_0#3,eval_CoNi-AM90_SEM-EBSD_SameSlice_0,SameSlice,CoNi-AM90_SEM-EBSD_SameSlice,control,ma_roma,direct,none,3,1309,1493,12148,13089,47,10000,707,affine,"[0.11598989228396779, -0.0015854347969717585, -14.305046239234798, 0.0006015112632963627, 0.1046846145961406, -47.57671627211579, 0.0, 0.0, 1.0]",20.577,19.030,3.89,ok,
eval_CoNi-AM90_SEM-EBSD_SameSlice_0#3,eval_CoNi-AM90_SEM-EBSD_SameSlice_0,SameSlice,CoNi-AM90_SEM-EBSD_SameSlice,control,ma_roma,direct,none,4,1309,1493,12148,13089,47,10000,828,affine,"[0.11536752433893514, -0.0014018489451321171, -7.921113679209839, -0.0002260214831030665, 0.10554447266252799, -39.792615578044234, 0.0, 0.0, 1.0]",11.893,9.858,3.91,ok,
eval_CoNi-AM90_SEM-EBSD_SameSlice_0#3,eval_CoNi-AM90_SEM-EBSD_SameSlice_0,SameSlice,CoNi-AM90_SEM-EBSD_SameSlice,control,ma_roma,direct,none,5,1309,1493,12148,13089,47,10000,789,homography,"[0.11583015738166086, -0.010997413569136381, -1.7676876424775723, -0.00013662351457600555, 0.10387671818299907, -39.06360965472506, 8.088413630880374e-07, -7.6234698465488986e-06, 1.0]",38.177,32.072,4.10,ok,
eval_CoNi-AM90_SEM-EBSD_SameSlice_0#4,eval_CoNi-AM90_SEM-EBSD_SameSlice_0,SameSlice,CoNi-AM90_SEM-EBSD_SameSlice,core,ma_roma,direct,none,0,1309,1493,12148,13089,47,10000,133,affine,"[0.15794172345648, 0.003602142478399158, -351.0309925096935, -0.008661404712736938, 0.14190322326318064, -281.66598647470255, 0.0, 0.0, 1.0]",215.228,225.075,4.10,ok,
eval_CoNi-AM90_SEM-EBSD_SameSlice_0#4,eval_CoNi-AM90_SEM-EBSD_SameSlice_0,SameSlice,CoNi-AM90_SEM-EBSD_SameSlice,core,ma_roma,pyramid_v2,none,0,1309,1493,12148,13089,47,10000,133,affine@direct,"[0.15794172345648, 0.003602142478399158, -351.0309925096935, -0.008661404712736938, 0.14190322326318064, -281.66598647470255, 0.0, 0.0, 1.0]",215.228,225.075,4.45,ok,
eval_CoNi-AM90_SEM-EBSD_SameSlice_0#4,eval_CoNi-AM90_SEM-EBSD_SameSlice_0,SameSlice,CoNi-AM90_SEM-EBSD_SameSlice,transform,ma_roma,direct,invert,0,1309,1493,12148,13089,47,10000,407,affine,"[-0.08533581742729557, 0.0010698209172532714, 1237.9944215340984, -0.00021236482660154406, -0.11485459241043496, 1156.3663312542449, 0.0, 0.0, 1.0]",1054.641,1104.058,5.05,ok,
eval_CoNi-AM90_SEM-EBSD_SameSlice_0#4,eval_CoNi-AM90_SEM-EBSD_SameSlice_0,SameSlice,CoNi-AM90_SEM-EBSD_SameSlice,transform,ma_roma,direct,histmatch,0,1309,1493,12148,13089,47,10000,346,affine,"[0.16163174455286777, -0.011849183517924362, -233.99142960286076, 0.001787307817569885, 0.16494669834129672, -637.7350905905234, 0.0, 0.0, 1.0]",326.105,321.161,18.01,ok,
eval_CoNi-AM90_SEM-EBSD_SameSlice_0#4,eval_CoNi-AM90_SEM-EBSD_SameSlice_0,SameSlice,CoNi-AM90_SEM-EBSD_SameSlice,transform,ma_roma,direct,clahe,0,1309,1493,12148,13089,47,10000,443,homography,"[0.10807333365084765, 0.005984924920519715, -102.20549336509426, -0.020472565794160187, 0.12540476869715464, -167.18968398080807, -5.309864547460876e-05, 3.950541456725912e-05, 1.0]",331.323,192.405,4.90,ok,
eval_CoNi-AM90_SEM-EBSD_SameSlice_0#4,eval_CoNi-AM90_SEM-EBSD_SameSlice_0,SameSlice,CoNi-AM90_SEM-EBSD_SameSlice,transform,ma_roma,direct,gradmag,0,1309,1493,12148,13089,47,10000,259,homography,"[0.07819476880209958, -0.028566792196944513, 202.30719453172068, -0.00951093244255808, 0.0760533975024577, -50.788355767935656, -1.8526289455149338e-05, -2.769016721442722e-05, 0.9999999999999999]",163.537,132.306,8.40,ok,
eval_CoNi-AM90_SEM-EBSD_SameSlice_0#4,eval_CoNi-AM90_SEM-EBSD_SameSlice_0,SameSlice,CoNi-AM90_SEM-EBSD_SameSlice,control,ma_roma,direct,none,1,1309,1493,12148,13089,47,10000,197,affine,"[0.1428264038422817, 0.0010910787083808554, -235.28686765102282, 0.0041649835732012535, 0.10665673388711941, -167.33058013912694, 0.0, 0.0, 1.0]",150.840,138.057,4.38,ok,
eval_CoNi-AM90_SEM-EBSD_SameSlice_0#4,eval_CoNi-AM90_SEM-EBSD_SameSlice_0,SameSlice,CoNi-AM90_SEM-EBSD_SameSlice,control,ma_roma,direct,none,2,1309,1493,12148,13089,47,10000,230,homography,"[0.09777912093434352, -0.03002743367225436, 64.56430639592183, -0.004677567983247088, 0.05863549892115156, 21.841463137443284, -1.0038079583953356e-05, -3.645414974182927e-05, 1.0]",169.205,122.427,4.12,ok,
eval_CoNi-AM90_SEM-EBSD_SameSlice_0#4,eval_CoNi-AM90_SEM-EBSD_SameSlice_0,SameSlice,CoNi-AM90_SEM-EBSD_SameSlice,control,ma_roma,direct,none,3,1309,1493,12148,13089,47,10000,238,affine,"[0.11773667756212623, -0.002693224283696502, -15.596569471590556, -0.002371353548773725, 0.05249973380781124, 20.075282353023397, 0.0, 0.0, 1.0]",291.049,284.965,4.08,ok,
eval_CoNi-AM90_SEM-EBSD_SameSlice_0#4,eval_CoNi-AM90_SEM-EBSD_SameSlice_0,SameSlice,CoNi-AM90_SEM-EBSD_SameSlice,control,ma_roma,direct,none,4,1309,1493,12148,13089,47,10000,115,affine,"[0.1616557488546346, 0.0022830512048838884, -349.71989687472285, -0.019823844154989365, 0.14002262224649584, -224.49239115726414, 0.0, 0.0, 1.0]",235.831,247.896,4.10,ok,
eval_CoNi-AM90_SEM-EBSD_SameSlice_0#4,eval_CoNi-AM90_SEM-EBSD_SameSlice_0,SameSlice,CoNi-AM90_SEM-EBSD_SameSlice,control,ma_roma,direct,none,5,1309,1493,12148,13089,47,10000,280,affine,"[0.1175549031839859, -0.0005416598111888077, -16.374650922465207, -0.004679121741500886, 0.06810939858257616, 19.365613513938655, 0.0, 0.0, 1.0]",209.819,195.418,4.01,ok,
eval_CoNi-AM90_SEM-EBSD_SameSlice_0#5,eval_CoNi-AM90_SEM-EBSD_SameSlice_0,SameSlice,CoNi-AM90_SEM-EBSD_SameSlice,core,ma_roma,direct,none,0,1309,1493,12148,13089,47,10000,240,homography,"[0.8185434401153087, 0.40693026813955085, -3036.1153661505546, -0.5228283298750959, 1.5239288885762472, -4009.234310225612, -0.0002675274876173501, 0.0008194141228590956, 1.0]",8275.562,356.851,4.29,ok,
eval_CoNi-AM90_SEM-EBSD_SameSlice_0#5,eval_CoNi-AM90_SEM-EBSD_SameSlice_0,SameSlice,CoNi-AM90_SEM-EBSD_SameSlice,core,ma_roma,pyramid_v2,none,0,1309,1493,12148,13089,47,10000,240,homography@direct,"[0.8185434401153087, 0.40693026813955085, -3036.1153661505546, -0.5228283298750959, 1.5239288885762472, -4009.234310225612, -0.0002675274876173501, 0.0008194141228590956, 1.0]",8275.562,356.851,4.76,ok,
eval_CoNi-AM90_SEM-EBSD_SameSlice_0#5,eval_CoNi-AM90_SEM-EBSD_SameSlice_0,SameSlice,CoNi-AM90_SEM-EBSD_SameSlice,transform,ma_roma,direct,invert,0,1309,1493,12148,13089,47,10000,941,homography,"[0.12740543783734404, 0.03221027010484206, -124.83508115713066, 0.001947580104395386, 0.11720413410352128, -75.99403288786463, 1.6433834689358416e-06, 2.361034566281752e-05, 1.0]",91.976,63.430,5.17,ok,
eval_CoNi-AM90_SEM-EBSD_SameSlice_0#5,eval_CoNi-AM90_SEM-EBSD_SameSlice_0,SameSlice,CoNi-AM90_SEM-EBSD_SameSlice,transform,ma_roma,direct,histmatch,0,1309,1493,12148,13089,47,10000,449,affine,"[0.1259360594460764, 0.013633069344238793, -101.65792624416451, 0.0016009892859302878, 0.11433121637906493, 942.2543576617029, 0.0, 0.0, 1.0]",1040.837,1038.055,16.58,ok,
eval_CoNi-AM90_SEM-EBSD_SameSlice_0#5,eval_CoNi-AM90_SEM-EBSD_SameSlice_0,SameSlice,CoNi-AM90_SEM-EBSD_SameSlice,transform,ma_roma,direct,clahe,0,1309,1493,12148,13089,47,10000,210,affine,"[0.10920925865302906, -0.018735677459835152, 78.16677556304057, 0.007479016750753796, 0.09395065691646404, -108.82687155312857, 0.0, 0.0, 1.0]",130.325,120.131,4.67,ok,
eval_CoNi-AM90_SEM-EBSD_SameSlice_0#5,eval_CoNi-AM90_SEM-EBSD_SameSlice_0,SameSlice,CoNi-AM90_SEM-EBSD_SameSlice,transform,ma_roma,direct,gradmag,0,1309,1493,12148,13089,47,10000,373,affine,"[0.1370464763084264, -0.0019148497663104105, -27.082697318212922, -3.892184232997724e-05, 0.10949172709954774, 30.39776528664777, 0.0, 0.0, 1.0]",149.827,137.200,9.01,ok,
eval_CoNi-AM90_SEM-EBSD_SameSlice_0#5,eval_CoNi-AM90_SEM-EBSD_SameSlice_0,SameSlice,CoNi-AM90_SEM-EBSD_SameSlice,control,ma_roma,direct,none,1,1309,1493,12148,13089,47,10000,326,homography,"[0.41813104849154004, 0.17518152524050248, -1350.4246473447254, -0.24663979526598523, 0.7109199435337838, -1722.8422165546026, -0.00014525646829603383, 0.00034748114803324665, 1.0]",5957.471,401.853,5.12,ok,
eval_CoNi-AM90_SEM-EBSD_SameSlice_0#5,eval_CoNi-AM90_SEM-EBSD_SameSlice_0,SameSlice,CoNi-AM90_SEM-EBSD_SameSlice,control,ma_roma,direct,none,2,1309,1493,12148,13089,47,10000,291,homography,"[0.13525860907822734, 0.007183583005379862, -27.01144413521224, -0.03947058001291134, 0.11994531293698675, 210.2645321799196, -6.038615136902337e-06, 1.494089139702378e-05, 1.0]",187.870,173.574,5.76,ok,
eval_CoNi-AM90_SEM-EBSD_SameSlice_0#5,eval_CoNi-AM90_SEM-EBSD_SameSlice_0,SameSlice,CoNi-AM90_SEM-EBSD_SameSlice,control,ma_roma,direct,none,3,1309,1493,12148,13089,47,10000,257,homography,"[0.1409839215554295, 0.027295384725451406, -186.62915704716843, -0.0771710447021784, 0.18238186985053798, -121.19776195235889, -2.9009169911445004e-05, 3.940601517899717e-05, 1.0]",360.917,194.785,5.63,ok,
eval_CoNi-AM90_SEM-EBSD_SameSlice_0#5,eval_CoNi-AM90_SEM-EBSD_SameSlice_0,SameSlice,CoNi-AM90_SEM-EBSD_SameSlice,control,ma_roma,direct,none,4,1309,1493,12148,13089,47,10000,249,homography,"[0.08703978746927425, -0.002048273564802452, 76.40824236681068, -0.04478128894981258, 0.05680159829039298, 484.0868602234639, -1.5026682569523436e-05, -1.4778138012652801e-05, 1.0]",189.964,175.120,4.89,ok,
eval_CoNi-AM90_SEM-EBSD_SameSlice_0#5,eval_CoNi-AM90_SEM-EBSD_SameSlice_0,SameSlice,CoNi-AM90_SEM-EBSD_SameSlice,control,ma_roma,direct,none,5,1309,1493,12148,13089,47,10000,228,homography,"[0.3057332937693525, 0.044987786285074764, -534.264164421446, 0.055413645800014594, 0.3182266839358013, -960.499038282586, 9.21449213964371e-05, 8.410000433422964e-05, 1.0]",125.920,99.068,4.78,ok,
eval_CoNi_SEM-SE_SEM-BSE_Cracks-SameSliceSerialSectioning_0#0,eval_CoNi_SEM-SE_SEM-BSE_Cracks-SameSliceSerialSectioning_0,SerialSectioning,CoNi_SEM-SE_SEM-BSE_Cracks-SameSliceSerialSectioning,core,ma_roma,direct,none,0,2048,3072,1024,1536,61,10000,2087,affine,"[1.844053043337409, 0.008049708849454282, 111.71241753221807, -0.024594486583544836, 2.0604088132698366, 79.13205057089135, 0.0, 0.0, 1.0]",7.913,7.809,1.51,ok,
eval_CoNi_SEM-SE_SEM-BSE_Cracks-SameSliceSerialSectioning_0#0,eval_CoNi_SEM-SE_SEM-BSE_Cracks-SameSliceSerialSectioning_0,SerialSectioning,CoNi_SEM-SE_SEM-BSE_Cracks-SameSliceSerialSectioning,core,ma_roma,pyramid_v2,none,0,2048,3072,1024,1536,61,10000,2087,affine@direct,"[1.844053043337409, 0.008049708849454282, 111.71241753221807, -0.024594486583544836, 2.0604088132698366, 79.13205057089135, 0.0, 0.0, 1.0]",7.913,7.809,1.63,ok,
eval_CoNi_SEM-SE_SEM-BSE_Cracks-SameSliceSerialSectioning_0#0,eval_CoNi_SEM-SE_SEM-BSE_Cracks-SameSliceSerialSectioning_0,SerialSectioning,CoNi_SEM-SE_SEM-BSE_Cracks-SameSliceSerialSectioning,transform,ma_roma,direct,invert,0,2048,3072,1024,1536,61,10000,3280,affine,"[1.8455913982736907, -0.0005034363672327902, 119.64444996493444, -0.035195777240463064, 2.0882114179455824, 65.12610290293651, 0.0, 0.0, 1.0]",8.004,5.693,1.57,ok,
eval_CoNi_SEM-SE_SEM-BSE_Cracks-SameSliceSerialSectioning_0#0,eval_CoNi_SEM-SE_SEM-BSE_Cracks-SameSliceSerialSectioning_0,SerialSectioning,CoNi_SEM-SE_SEM-BSE_Cracks-SameSliceSerialSectioning,transform,ma_roma,direct,histmatch,0,2048,3072,1024,1536,61,10000,1721,affine,"[1.84416129037865, -0.015225456394412105, 130.94575909830633, -0.0294993614058035, 2.072066258407078, 73.09752242080947, 0.0, 0.0, 1.0]",7.532,6.805,1.63,ok,
eval_CoNi_SEM-SE_SEM-BSE_Cracks-SameSliceSerialSectioning_0#0,eval_CoNi_SEM-SE_SEM-BSE_Cracks-SameSliceSerialSectioning_0,SerialSectioning,CoNi_SEM-SE_SEM-BSE_Cracks-SameSliceSerialSectioning,transform,ma_roma,direct,clahe,0,2048,3072,1024,1536,61,10000,1624,affine,"[1.8410653685432994, -0.01742887972676661, 136.88146696521335, -0.022204281979804057, 2.0564007454235558, 80.80145427650882, 0.0, 0.0, 1.0]",9.360,8.280,1.68,ok,
eval_CoNi_SEM-SE_SEM-BSE_Cracks-SameSliceSerialSectioning_0#0,eval_CoNi_SEM-SE_SEM-BSE_Cracks-SameSliceSerialSectioning_0,SerialSectioning,CoNi_SEM-SE_SEM-BSE_Cracks-SameSliceSerialSectioning,transform,ma_roma,direct,gradmag,0,2048,3072,1024,1536,61,10000,4180,affine,"[1.8517071522408264, -0.0004787836659300859, 114.82055559261767, -0.02122086588716898, 2.07525751300653, 64.38820739620928, 0.0, 0.0, 1.0]",5.405,4.216,1.76,ok,
eval_CoNi_SEM-SE_SEM-BSE_Cracks-SameSliceSerialSectioning_0#0,eval_CoNi_SEM-SE_SEM-BSE_Cracks-SameSliceSerialSectioning_0,SerialSectioning,CoNi_SEM-SE_SEM-BSE_Cracks-SameSliceSerialSectioning,control,ma_roma,direct,none,1,2048,3072,1024,1536,61,10000,2194,affine,"[1.8441406542384209, -0.012980572320649475, 129.73146096948312, -0.030150499163639034, 2.0571994303310146, 85.30982102716177, 0.0, 0.0, 1.0]",7.949,7.079,1.52,ok,
eval_CoNi_SEM-SE_SEM-BSE_Cracks-SameSliceSerialSectioning_0#0,eval_CoNi_SEM-SE_SEM-BSE_Cracks-SameSliceSerialSectioning_0,SerialSectioning,CoNi_SEM-SE_SEM-BSE_Cracks-SameSliceSerialSectioning,control,ma_roma,direct,none,2,2048,3072,1024,1536,61,10000,2161,affine,"[1.8424121420826038, -0.01574046095411844, 133.897295745345, -0.023783834759504588, 2.055214782123619, 82.66316174022677, 0.0, 0.0, 1.0]",8.928,8.043,1.71,ok,
eval_CoNi_SEM-SE_SEM-BSE_Cracks-SameSliceSerialSectioning_0#0,eval_CoNi_SEM-SE_SEM-BSE_Cracks-SameSliceSerialSectioning_0,SerialSectioning,CoNi_SEM-SE_SEM-BSE_Cracks-SameSliceSerialSectioning,control,ma_roma,direct,none,3,2048,3072,1024,1536,61,10000,2190,affine,"[1.8434987256703725, -0.01338537606591464, 130.78628570160367, -0.02728224523566076, 2.061217246285525, 79.99491730897103, 0.0, 0.0, 1.0]",7.578,6.904,1.72,ok,
eval_CoNi_SEM-SE_SEM-BSE_Cracks-SameSliceSerialSectioning_0#0,eval_CoNi_SEM-SE_SEM-BSE_Cracks-SameSliceSerialSectioning_0,SerialSectioning,CoNi_SEM-SE_SEM-BSE_Cracks-SameSliceSerialSectioning,control,ma_roma,direct,none,4,2048,3072,1024,1536,61,10000,2196,affine,"[1.8402342781624035, -0.016228583964039135, 136.04707020981073, -0.027463754896099694, 2.065781038081367, 76.05465271397588, 0.0, 0.0, 1.0]",8.309,7.659,1.57,ok,
eval_CoNi_SEM-SE_SEM-BSE_Cracks-SameSliceSerialSectioning_0#0,eval_CoNi_SEM-SE_SEM-BSE_Cracks-SameSliceSerialSectioning_0,SerialSectioning,CoNi_SEM-SE_SEM-BSE_Cracks-SameSliceSerialSectioning,control,ma_roma,direct,none,5,2048,3072,1024,1536,61,10000,2036,affine,"[1.8441922290279822, 0.006212278219615315, 113.25455427608449, -0.024859635371967354, 2.0599431126909877, 79.8532393073416, 0.0, 0.0, 1.0]",7.664,7.723,1.71,ok,
eval_In718-PrecipitationStrengthened_SEM-BSE_EBSD_SameSliceSerialSectioning_0#0,eval_In718-PrecipitationStrengthened_SEM-BSE_EBSD_SameSliceSerialSectioning_0,SerialSectioning,In718-PrecipitationStrengthened_SEM-BSE_EBSD_SameSliceSerialSectioning,core,ma_roma,direct,none,0,4096,6144,451,671,22,10000,1436,affine,"[5.376003978043213, 0.03808663435551357, 1876.959223756911, -0.36685645311742426, 5.622099245184799, 329.7000181452088, 0.0, 0.0, 1.0]",23.537,17.913,1.93,ok,
eval_In718-PrecipitationStrengthened_SEM-BSE_EBSD_SameSliceSerialSectioning_0#0,eval_In718-PrecipitationStrengthened_SEM-BSE_EBSD_SameSliceSerialSectioning_0,SerialSectioning,In718-PrecipitationStrengthened_SEM-BSE_EBSD_SameSliceSerialSectioning,core,ma_roma,pyramid_v2,none,0,4096,6144,451,671,22,10000,1436,affine@direct,"[5.376003978043213, 0.03808663435551357, 1876.959223756911, -0.36685645311742426, 5.622099245184799, 329.7000181452088, 0.0, 0.0, 1.0]",23.537,17.913,3.60,ok,
eval_In718-PrecipitationStrengthened_SEM-BSE_EBSD_SameSliceSerialSectioning_0#0,eval_In718-PrecipitationStrengthened_SEM-BSE_EBSD_SameSliceSerialSectioning_0,SerialSectioning,In718-PrecipitationStrengthened_SEM-BSE_EBSD_SameSliceSerialSectioning,transform,ma_roma,direct,invert,0,4096,6144,451,671,22,10000,1897,homography,"[5.458839745870052, 0.13275842190848783, 1856.900071761272, -0.3686163259310367, 5.5884363971924875, 332.192181194749, 6.062565558143723e-06, 2.6805666588850095e-05, 1.0]",18.170,13.582,1.87,ok,
eval_In718-PrecipitationStrengthened_SEM-BSE_EBSD_SameSliceSerialSectioning_0#0,eval_In718-PrecipitationStrengthened_SEM-BSE_EBSD_SameSliceSerialSectioning_0,SerialSectioning,In718-PrecipitationStrengthened_SEM-BSE_EBSD_SameSliceSerialSectioning,transform,ma_roma,direct,histmatch,0,4096,6144,451,671,22,10000,994,affine,"[5.455181092648642, -0.08686226196137879, 1862.188578514802, -0.39468085992206453, 5.567111438197061, 354.69784048698637, 0.0, 0.0, 1.0]",35.888,30.763,1.80,ok,
eval_In718-PrecipitationStrengthened_SEM-BSE_EBSD_SameSliceSerialSectioning_0#0,eval_In718-PrecipitationStrengthened_SEM-BSE_EBSD_SameSliceSerialSectioning_0,SerialSectioning,In718-PrecipitationStrengthened_SEM-BSE_EBSD_SameSliceSerialSectioning,transform,ma_roma,direct,clahe,0,4096,6144,451,671,22,10000,1398,affine,"[5.372507835319481, 0.009360668821927282, 1883.566536521215, -0.3693976097178414, 5.642886679841732, 327.78096478094517, 0.0, 0.0, 1.0]",25.736,21.986,1.82,ok,
eval_In718-PrecipitationStrengthened_SEM-BSE_EBSD_SameSliceSerialSectioning_0#0,eval_In718-PrecipitationStrengthened_SEM-BSE_EBSD_SameSliceSerialSectioning_0,SerialSectioning,In718-PrecipitationStrengthened_SEM-BSE_EBSD_SameSliceSerialSectioning,transform,ma_roma,direct,gradmag,0,4096,6144,451,671,22,10000,403,homography,"[5.423658441722447, -0.19822142452730113, 1887.271087361015, -0.29536139665788197, 5.285343990512919, 331.231935814371, 2.0504034306412903e-05, -7.593904346864702e-05, 1.0]",28.609,27.823,2.28,ok,
eval_In718-PrecipitationStrengthened_SEM-BSE_EBSD_SameSliceSerialSectioning_0#0,eval_In718-PrecipitationStrengthened_SEM-BSE_EBSD_SameSliceSerialSectioning_0,SerialSectioning,In718-PrecipitationStrengthened_SEM-BSE_EBSD_SameSliceSerialSectioning,control,ma_roma,direct,none,1,4096,6144,451,671,22,10000,1404,affine,"[5.364164071267021, 0.01166291536817997, 1886.6702962265044, -0.35699286792625295, 5.570066239932295, 331.97107629449636, 0.0, 0.0, 1.0]",19.359,13.460,1.60,ok,
eval_In718-PrecipitationStrengthened_SEM-BSE_EBSD_SameSliceSerialSectioning_0#0,eval_In718-PrecipitationStrengthened_SEM-BSE_EBSD_SameSliceSerialSectioning_0,SerialSectioning,In718-PrecipitationStrengthened_SEM-BSE_EBSD_SameSliceSerialSectioning,control,ma_roma,direct,none,2,4096,6144,451,671,22,10000,1435,affine,"[5.384349070888932, 0.037074922587671796, 1874.1189027131481, -0.37074533734443577, 5.618502130650259, 332.20186072360025, 0.0, 0.0, 1.0]",23.748,18.886,1.68,ok,
eval_In718-PrecipitationStrengthened_SEM-BSE_EBSD_SameSliceSerialSectioning_0#0,eval_In718-PrecipitationStrengthened_SEM-BSE_EBSD_SameSliceSerialSectioning_0,SerialSectioning,In718-PrecipitationStrengthened_SEM-BSE_EBSD_SameSliceSerialSectioning,control,ma_roma,direct,none,3,4096,6144,451,671,22,10000,1353,affine,"[5.384975898748301, 0.015096970186728077, 1877.0422530941437, -0.3741571270993603, 5.665585845236364, 327.53859132535194, 0.0, 0.0, 1.0]",28.475,25.351,1.82,ok,
eval_In718-PrecipitationStrengthened_SEM-BSE_EBSD_SameSliceSerialSectioning_0#0,eval_In718-PrecipitationStrengthened_SEM-BSE_EBSD_SameSliceSerialSectioning_0,SerialSectioning,In718-PrecipitationStrengthened_SEM-BSE_EBSD_SameSliceSerialSectioning,control,ma_roma,direct,none,4,4096,6144,451,671,22,10000,1485,affine,"[5.366028276302721, 0.012068034782932838, 1885.193885834874, -0.3583701753612148, 5.5801168640941095, 331.5166825239048, 0.0, 0.0, 1.0]",20.185,13.398,1.78,ok,
eval_In718-PrecipitationStrengthened_SEM-BSE_EBSD_SameSliceSerialSectioning_0#0,eval_In718-PrecipitationStrengthened_SEM-BSE_EBSD_SameSliceSerialSectioning_0,SerialSectioning,In718-PrecipitationStrengthened_SEM-BSE_EBSD_SameSliceSerialSectioning,control,ma_roma,direct,none,5,4096,6144,451,671,22,10000,1490,affine,"[5.3753304063035765, 0.02688836440262743, 1879.8354600596244, -0.35508686860049543, 5.589760249840917, 328.70771277567064, 0.0, 0.0, 1.0]",20.027,13.617,1.71,ok,
eval_In718-PrecipitationStrengthened_SEM-BSE_EBSD_SameSliceSerialSectioning_1#0,eval_In718-PrecipitationStrengthened_SEM-BSE_EBSD_SameSliceSerialSectioning_1,SerialSectioning,In718-PrecipitationStrengthened_SEM-BSE_EBSD_SameSliceSerialSectioning,core,ma_roma,direct,none,0,4096,6144,451,671,33,10000,939,affine,"[5.399391799675526, 0.09407687768455752, 1856.8862438445833, -0.37213379412656455, 5.4815066750252885, 315.2847538599432, 0.0, 0.0, 1.0]",21.971,16.569,1.77,ok,
eval_In718-PrecipitationStrengthened_SEM-BSE_EBSD_SameSliceSerialSectioning_1#0,eval_In718-PrecipitationStrengthened_SEM-BSE_EBSD_SameSliceSerialSectioning_1,SerialSectioning,In718-PrecipitationStrengthened_SEM-BSE_EBSD_SameSliceSerialSectioning,core,ma_roma,pyramid_v2,none,0,4096,6144,451,671,33,10000,1128,affine@direct+zoom,"[5.386576451736592, 0.05033357082475245, 1870.8317684364356, -0.35664048596167125, 5.634320752861259, 281.3244050497541, 0.0, 0.0, 1.0]",25.544,19.632,5.24,ok,
eval_In718-PrecipitationStrengthened_SEM-BSE_EBSD_SameSliceSerialSectioning_1#0,eval_In718-PrecipitationStrengthened_SEM-BSE_EBSD_SameSliceSerialSectioning_1,SerialSectioning,In718-PrecipitationStrengthened_SEM-BSE_EBSD_SameSliceSerialSectioning,transform,ma_roma,direct,invert,0,4096,6144,451,671,33,10000,2234,affine,"[5.356939602267242, 0.026487612101206447, 1887.5230889738218, -0.36232299592307354, 5.505129332681526, 291.24706353915667, 0.0, 0.0, 1.0]",22.307,18.606,1.68,ok,
eval_In718-PrecipitationStrengthened_SEM-BSE_EBSD_SameSliceSerialSectioning_1#0,eval_In718-PrecipitationStrengthened_SEM-BSE_EBSD_SameSliceSerialSectioning_1,SerialSectioning,In718-PrecipitationStrengthened_SEM-BSE_EBSD_SameSliceSerialSectioning,transform,ma_roma,direct,histmatch,0,4096,6144,451,671,33,10000,1233,affine,"[5.425045227537753, 0.053349217488933814, 1857.1501408243466, -0.4090412417999365, 5.60184816748583, 308.48898292708486, 0.0, 0.0, 1.0]",27.030,22.997,1.77,ok,
eval_In718-PrecipitationStrengthened_SEM-BSE_EBSD_SameSliceSerialSectioning_1#0,eval_In718-PrecipitationStrengthened_SEM-BSE_EBSD_SameSliceSerialSectioning_1,SerialSectioning,In718-PrecipitationStrengthened_SEM-BSE_EBSD_SameSliceSerialSectioning,transform,ma_roma,direct,clahe,0,4096,6144,451,671,33,10000,801,affine,"[5.399434881899971, 0.030910457490706658, 1867.1829397196402, -0.35566915838607793, 5.621331239041317, 282.8353710177905, 0.0, 0.0, 1.0]",25.405,20.448,1.88,ok,
eval_In718-PrecipitationStrengthened_SEM-BSE_EBSD_SameSliceSerialSectioning_1#0,eval_In718-PrecipitationStrengthened_SEM-BSE_EBSD_SameSliceSerialSectioning_1,SerialSectioning,In718-PrecipitationStrengthened_SEM-BSE_EBSD_SameSliceSerialSectioning,transform,ma_roma,direct,gradmag,0,4096,6144,451,671,33,10000,273,affine,"[5.183032071274245, -0.3836819934719004, 2016.7739973565676, -0.4487283271383219, 4.891701965438729, 390.5904285168166, 0.0, 0.0, 1.0]",109.266,102.033,2.10,ok,
eval_In718-PrecipitationStrengthened_SEM-BSE_EBSD_SameSliceSerialSectioning_1#0,eval_In718-PrecipitationStrengthened_SEM-BSE_EBSD_SameSliceSerialSectioning_1,SerialSectioning,In718-PrecipitationStrengthened_SEM-BSE_EBSD_SameSliceSerialSectioning,control,ma_roma,direct,none,1,4096,6144,451,671,33,10000,974,affine,"[5.3558087005297645, -0.008265149776555533, 1892.4497395456399, -0.3452948659452863, 5.558544366436262, 290.12150022847686, 0.0, 0.0, 1.0]",21.724,18.431,1.92,ok,
eval_In718-PrecipitationStrengthened_SEM-BSE_EBSD_SameSliceSerialSectioning_1#0,eval_In718-PrecipitationStrengthened_SEM-BSE_EBSD_SameSliceSerialSectioning_1,SerialSectioning,In718-PrecipitationStrengthened_SEM-BSE_EBSD_SameSliceSerialSectioning,control,ma_roma,direct,none,2,4096,6144,451,671,33,10000,929,affine,"[5.340078307336336, -0.024602514712268483, 1904.227294217588, -0.33823069929962635, 5.528220296356672, 293.3166370308061, 0.0, 0.0, 1.0]",21.751,16.837,1.80,ok,
eval_In718-PrecipitationStrengthened_SEM-BSE_EBSD_SameSliceSerialSectioning_1#0,eval_In718-PrecipitationStrengthened_SEM-BSE_EBSD_SameSliceSerialSectioning_1,SerialSectioning,In718-PrecipitationStrengthened_SEM-BSE_EBSD_SameSliceSerialSectioning,control,ma_roma,direct,none,3,4096,6144,451,671,33,10000,927,affine,"[5.364939992471358, 0.016040780612282757, 1886.4340620335493, -0.35234365583557, 5.509053522949222, 302.82819462517546, 0.0, 0.0, 1.0]",20.713,16.411,1.80,ok,
eval_In718-PrecipitationStrengthened_SEM-BSE_EBSD_SameSliceSerialSectioning_1#0,eval_In718-PrecipitationStrengthened_SEM-BSE_EBSD_SameSliceSerialSectioning_1,SerialSectioning,In718-PrecipitationStrengthened_SEM-BSE_EBSD_SameSliceSerialSectioning,control,ma_roma,direct,none,4,4096,6144,451,671,33,10000,964,affine,"[5.3964456481507534, 0.08507130903523012, 1859.3181479786554, -0.3723069707519072, 5.498869199029315, 313.12810099307694, 0.0, 0.0, 1.0]",22.137,18.530,1.78,ok,
eval_In718-PrecipitationStrengthened_SEM-BSE_EBSD_SameSliceSerialSectioning_1#0,eval_In718-PrecipitationStrengthened_SEM-BSE_EBSD_SameSliceSerialSectioning_1,SerialSectioning,In718-PrecipitationStrengthened_SEM-BSE_EBSD_SameSliceSerialSectioning,control,ma_roma,direct,none,5,4096,6144,451,671,33,10000,969,affine,"[5.397642213647371, 0.06191524621864335, 1865.4028917566036, -0.3454319047749043, 5.622461157083991, 277.8633448026285, 0.0, 0.0, 1.0]",25.385,20.615,1.77,ok,
eval_In718-PrecipitationStrengthened_SEM-BSE_EBSD_SameSliceSerialSectioning_2#0,eval_In718-PrecipitationStrengthened_SEM-BSE_EBSD_SameSliceSerialSectioning_2,SerialSectioning,In718-PrecipitationStrengthened_SEM-BSE_EBSD_SameSliceSerialSectioning,core,ma_roma,direct,none,0,4096,6144,451,671,46,10000,1182,affine,"[5.400412079390038, 0.06360797205642672, 1862.6411054637476, -0.4054730866091669, 5.525476192524685, 318.60089023186936, 0.0, 0.0, 1.0]",19.644,16.085,1.77,ok,
eval_In718-PrecipitationStrengthened_SEM-BSE_EBSD_SameSliceSerialSectioning_2#0,eval_In718-PrecipitationStrengthened_SEM-BSE_EBSD_SameSliceSerialSectioning_2,SerialSectioning,In718-PrecipitationStrengthened_SEM-BSE_EBSD_SameSliceSerialSectioning,core,ma_roma,pyramid_v2,none,0,4096,6144,451,671,46,10000,1652,affine@direct+zoom,"[5.3827623895434265, 0.05262651221498646, 1871.694248581633, -0.385707927864544, 5.533312794881987, 308.9342325451554, 0.0, 0.0, 1.0]",18.544,13.793,5.43,ok,
eval_In718-PrecipitationStrengthened_SEM-BSE_EBSD_SameSliceSerialSectioning_2#0,eval_In718-PrecipitationStrengthened_SEM-BSE_EBSD_SameSliceSerialSectioning_2,SerialSectioning,In718-PrecipitationStrengthened_SEM-BSE_EBSD_SameSliceSerialSectioning,transform,ma_roma,direct,invert,0,4096,6144,451,671,46,10000,1826,affine,"[5.346473664039255, 0.022441380988466604, 1891.7513319424265, -0.39346540956426246, 5.475060492318443, 314.5470714915559, 0.0, 0.0, 1.0]",19.358,15.442,1.84,ok,
eval_In718-PrecipitationStrengthened_SEM-BSE_EBSD_SameSliceSerialSectioning_2#0,eval_In718-PrecipitationStrengthened_SEM-BSE_EBSD_SameSliceSerialSectioning_2,SerialSectioning,In718-PrecipitationStrengthened_SEM-BSE_EBSD_SameSliceSerialSectioning,transform,ma_roma,direct,histmatch,0,4096,6144,451,671,46,10000,561,affine,"[5.390733092682407, -0.09701258420930131, 1902.0633456856524, -0.4074082416636653, 5.570488216210339, 304.4572295021577, 0.0, 0.0, 1.0]",29.028,27.044,2.03,ok,
eval_In718-PrecipitationStrengthened_SEM-BSE_EBSD_SameSliceSerialSectioning_2#0,eval_In718-PrecipitationStrengthened_SEM-BSE_EBSD_SameSliceSerialSectioning_2,SerialSectioning,In718-PrecipitationStrengthened_SEM-BSE_EBSD_SameSliceSerialSectioning,transform,ma_roma,direct,clahe,0,4096,6144,451,671,46,10000,1120,affine,"[5.377634638960896, 0.0640245090715833, 1872.1291666568668, -0.427588757370331, 5.560657306196817, 312.4385479517455, 0.0, 0.0, 1.0]",18.646,13.733,1.88,ok,
eval_In718-PrecipitationStrengthened_SEM-BSE_EBSD_SameSliceSerialSectioning_2#0,eval_In718-PrecipitationStrengthened_SEM-BSE_EBSD_SameSliceSerialSectioning_2,SerialSectioning,In718-PrecipitationStrengthened_SEM-BSE_EBSD_SameSliceSerialSectioning,transform,ma_roma,direct,gradmag,0,4096,6144,451,671,46,10000,733,affine,"[5.452935749697447, -0.0855941056865933, 1854.4309089493545, -0.36899407879246887, 5.418226891507729, 306.86769796294675, 0.0, 0.0, 1.0]",41.467,39.315,2.09,ok,
eval_In718-PrecipitationStrengthened_SEM-BSE_EBSD_SameSliceSerialSectioning_2#0,eval_In718-PrecipitationStrengthened_SEM-BSE_EBSD_SameSliceSerialSectioning_2,SerialSectioning,In718-PrecipitationStrengthened_SEM-BSE_EBSD_SameSliceSerialSectioning,control,ma_roma,direct,none,1,4096,6144,451,671,46,10000,1166,affine,"[5.397321603714422, 0.060291771122104855, 1866.6520372360892, -0.39537420100536674, 5.543521538842609, 309.7559745305441, 0.0, 0.0, 1.0]",19.627,14.496,1.71,ok,
eval_In718-PrecipitationStrengthened_SEM-BSE_EBSD_SameSliceSerialSectioning_2#0,eval_In718-PrecipitationStrengthened_SEM-BSE_EBSD_SameSliceSerialSectioning_2,SerialSectioning,In718-PrecipitationStrengthened_SEM-BSE_EBSD_SameSliceSerialSectioning,control,ma_roma,direct,none,2,4096,6144,451,671,46,10000,1202,affine,"[5.400666541709085, 0.07284911969315944, 1861.124158639264, -0.4008493592115258, 5.518093497408111, 319.7912261256329, 0.0, 0.0, 1.0]",19.935,15.461,1.78,ok,
eval_In718-PrecipitationStrengthened_SEM-BSE_EBSD_SameSliceSerialSectioning_2#0,eval_In718-PrecipitationStrengthened_SEM-BSE_EBSD_SameSliceSerialSectioning_2,SerialSectioning,In718-PrecipitationStrengthened_SEM-BSE_EBSD_SameSliceSerialSectioning,control,ma_roma,direct,none,3,4096,6144,451,671,46,10000,1120,affine,"[5.382539498819681, 0.05312377012530229, 1872.5315296059846, -0.3880177453797222, 5.531866883849245, 310.53316940296463, 0.0, 0.0, 1.0]",18.678,13.729,1.79,ok,
eval_In718-PrecipitationStrengthened_SEM-BSE_EBSD_SameSliceSerialSectioning_2#0,eval_In718-PrecipitationStrengthened_SEM-BSE_EBSD_SameSliceSerialSectioning_2,SerialSectioning,In718-PrecipitationStrengthened_SEM-BSE_EBSD_SameSliceSerialSectioning,control,ma_roma,direct,none,4,4096,6144,451,671,46,10000,1163,affine,"[5.403468444900489, 0.08068447547489556, 1857.8088930689125, -0.39629328173719097, 5.509264172148386, 321.9241855414725, 0.0, 0.0, 1.0]",20.747,17.114,1.71,ok,
eval_In718-PrecipitationStrengthened_SEM-BSE_EBSD_SameSliceSerialSectioning_2#0,eval_In718-PrecipitationStrengthened_SEM-BSE_EBSD_SameSliceSerialSectioning_2,SerialSectioning,In718-PrecipitationStrengthened_SEM-BSE_EBSD_SameSliceSerialSectioning,control,ma_roma,direct,none,5,4096,6144,451,671,46,10000,1216,affine,"[5.3956013328095604, 0.06656976942047235, 1864.619263651124, -0.3967748112369433, 5.527825489043505, 315.61591472834573, 0.0, 0.0, 1.0]",19.593,14.359,1.82,ok,
eval_In718-PrecipitationStrengthened_SEM-BSE_EBSD_SameSliceSerialSectioning_3#0,eval_In718-PrecipitationStrengthened_SEM-BSE_EBSD_SameSliceSerialSectioning_3,SerialSectioning,In718-PrecipitationStrengthened_SEM-BSE_EBSD_SameSliceSerialSectioning,core,ma_roma,direct,none,0,4096,6144,451,671,44,10000,2390,affine,"[5.378698275614626, 0.07343695926272256, 1860.7994011809567, -0.3760267539454238, 5.486582822487557, 327.45119005354513, 0.0, 0.0, 1.0]",14.406,12.405,1.76,ok,
eval_In718-PrecipitationStrengthened_SEM-BSE_EBSD_SameSliceSerialSectioning_3#0,eval_In718-PrecipitationStrengthened_SEM-BSE_EBSD_SameSliceSerialSectioning_3,SerialSectioning,In718-PrecipitationStrengthened_SEM-BSE_EBSD_SameSliceSerialSectioning,core,ma_roma,pyramid_v2,none,0,4096,6144,451,671,44,10000,2390,affine@direct,"[5.378698275614626, 0.07343695926272256, 1860.7994011809567, -0.3760267539454238, 5.486582822487557, 327.45119005354513, 0.0, 0.0, 1.0]",14.406,12.405,3.47,ok,
eval_In718-PrecipitationStrengthened_SEM-BSE_EBSD_SameSliceSerialSectioning_3#0,eval_In718-PrecipitationStrengthened_SEM-BSE_EBSD_SameSliceSerialSectioning_3,SerialSectioning,In718-PrecipitationStrengthened_SEM-BSE_EBSD_SameSliceSerialSectioning,transform,ma_roma,direct,invert,0,4096,6144,451,671,44,10000,2138,affine,"[5.34380446946353, 0.012454654884888476, 1896.449252524893, -0.37645062313728417, 5.50215025380948, 308.36317789374175, 0.0, 0.0, 1.0]",20.132,16.947,1.67,ok,
eval_In718-PrecipitationStrengthened_SEM-BSE_EBSD_SameSliceSerialSectioning_3#0,eval_In718-PrecipitationStrengthened_SEM-BSE_EBSD_SameSliceSerialSectioning_3,SerialSectioning,In718-PrecipitationStrengthened_SEM-BSE_EBSD_SameSliceSerialSectioning,transform,ma_roma,direct,histmatch,0,4096,6144,451,671,44,10000,1306,affine,"[5.408486769400689, 0.01864590308764245, 1864.4464181369515, -0.4203647472733222, 5.7245290332580865, 308.8709794630764, 0.0, 0.0, 1.0]",40.093,38.232,1.83,ok,
eval_In718-PrecipitationStrengthened_SEM-BSE_EBSD_SameSliceSerialSectioning_3#0,eval_In718-PrecipitationStrengthened_SEM-BSE_EBSD_SameSliceSerialSectioning_3,SerialSectioning,In718-PrecipitationStrengthened_SEM-BSE_EBSD_SameSliceSerialSectioning,transform,ma_roma,direct,clahe,0,4096,6144,451,671,44,10000,2347,affine,"[5.366319641508062, 0.054242599441264874, 1871.0996284995983, -0.3771423635362451, 5.491776892690719, 326.44076091611964, 0.0, 0.0, 1.0]",14.387,11.428,1.87,ok,
eval_In718-PrecipitationStrengthened_SEM-BSE_EBSD_SameSliceSerialSectioning_3#0,eval_In718-PrecipitationStrengthened_SEM-BSE_EBSD_SameSliceSerialSectioning_3,SerialSectioning,In718-PrecipitationStrengthened_SEM-BSE_EBSD_SameSliceSerialSectioning,transform,ma_roma,direct,gradmag,0,4096,6144,451,671,44,10000,888,affine,"[5.232867199420398, 0.048745889920780265, 1941.5867270354524, -0.4125108785063053, 5.499347619414276, 340.3917712242096, 0.0, 0.0, 1.0]",32.229,27.510,2.60,ok,
eval_In718-PrecipitationStrengthened_SEM-BSE_EBSD_SameSliceSerialSectioning_3#0,eval_In718-PrecipitationStrengthened_SEM-BSE_EBSD_SameSliceSerialSectioning_3,SerialSectioning,In718-PrecipitationStrengthened_SEM-BSE_EBSD_SameSliceSerialSectioning,control,ma_roma,direct,none,1,4096,6144,451,671,44,10000,2136,affine,"[5.377370420415128, 0.062168833329046526, 1865.1824127513787, -0.36800466092713874, 5.510491243797559, 316.22579022896844, 0.0, 0.0, 1.0]",14.166,10.332,1.99,ok,
eval_In718-PrecipitationStrengthened_SEM-BSE_EBSD_SameSliceSerialSectioning_3#0,eval_In718-PrecipitationStrengthened_SEM-BSE_EBSD_SameSliceSerialSectioning_3,SerialSectioning,In718-PrecipitationStrengthened_SEM-BSE_EBSD_SameSliceSerialSectioning,control,ma_roma,direct,none,2,4096,6144,451,671,44,10000,2306,affine,"[5.378887265642122, 0.0649452579782298, 1863.267812385719, -0.3744406031003415, 5.497536617592909, 323.2278975625454, 0.0, 0.0, 1.0]",14.185,11.715,1.90,ok,
eval_In718-PrecipitationStrengthened_SEM-BSE_EBSD_SameSliceSerialSectioning_3#0,eval_In718-PrecipitationStrengthened_SEM-BSE_EBSD_SameSliceSerialSectioning_3,SerialSectioning,In718-PrecipitationStrengthened_SEM-BSE_EBSD_SameSliceSerialSectioning,control,ma_roma,direct,none,3,4096,6144,451,671,44,10000,2197,affine,"[5.375455901248183, 0.05848932310444216, 1867.647564310228, -0.3665235717036317, 5.490304727987786, 322.3928183836397, 0.0, 0.0, 1.0]",14.167,11.671,2.14,ok,
eval_In718-PrecipitationStrengthened_SEM-BSE_EBSD_SameSliceSerialSectioning_3#0,eval_In718-PrecipitationStrengthened_SEM-BSE_EBSD_SameSliceSerialSectioning_3,SerialSectioning,In718-PrecipitationStrengthened_SEM-BSE_EBSD_SameSliceSerialSectioning,control,ma_roma,direct,none,4,4096,6144,451,671,44,10000,2329,affine,"[5.373385874149644, 0.07323935385351907, 1862.1924651438032, -0.3775605913908077, 5.479239372881435, 330.2933662152277, 0.0, 0.0, 1.0]",14.580,13.254,2.38,ok,
eval_In718-PrecipitationStrengthened_SEM-BSE_EBSD_SameSliceSerialSectioning_3#0,eval_In718-PrecipitationStrengthened_SEM-BSE_EBSD_SameSliceSerialSectioning_3,SerialSectioning,In718-PrecipitationStrengthened_SEM-BSE_EBSD_SameSliceSerialSectioning,control,ma_roma,direct,none,5,4096,6144,451,671,44,10000,2151,affine,"[5.37346325621518, 0.0584884323741074, 1868.5676890446832, -0.36411923252906747, 5.512502639771836, 314.43623979032145, 0.0, 0.0, 1.0]",14.268,11.606,1.88,ok,
eval_In718-PrecipitationStrengthened_SEM-DIC_EBSD_SlipPartitioning_0#0,eval_In718-PrecipitationStrengthened_SEM-DIC_EBSD_SlipPartitioning_0,SlipPartitioning,In718-PrecipitationStrengthened_SEM-DIC_EBSD_SlipPartitioning,core,ma_roma,direct,none,0,526,549,9058,9052,56,10000,1139,homography,"[0.013009726570998865, 0.003049313098903381, 225.0168137745123, -0.0002981167582051554, -0.016736782207506764, 361.5714127567003, 3.256114167901318e-05, -4.0971302898085714e-05, 1.0]",201.563,205.996,2.95,ok,
eval_In718-PrecipitationStrengthened_SEM-DIC_EBSD_SlipPartitioning_0#0,eval_In718-PrecipitationStrengthened_SEM-DIC_EBSD_SlipPartitioning_0,SlipPartitioning,In718-PrecipitationStrengthened_SEM-DIC_EBSD_SlipPartitioning,core,ma_roma,pyramid_v2,none,0,526,549,9058,9052,56,10000,3352,homography@direct+zoom,"[0.017832601755634683, -0.007764750506936036, 206.0324081681783, -0.0024750521897232416, 0.0009573101790258256, 248.032479577049, -1.524344676181739e-05, -3.173788037587958e-05, 1.0]",158.921,172.593,10.74,ok,
eval_In718-PrecipitationStrengthened_SEM-DIC_EBSD_SlipPartitioning_0#0,eval_In718-PrecipitationStrengthened_SEM-DIC_EBSD_SlipPartitioning_0,SlipPartitioning,In718-PrecipitationStrengthened_SEM-DIC_EBSD_SlipPartitioning,transform,ma_roma,direct,invert,0,526,549,9058,9052,56,10000,1511,homography,"[-0.037507900267343984, 0.05037349208881107, 244.13531881308197, -0.06159771010628392, 0.02342811438478624, 386.0915030367429, -8.025904268990351e-05, 7.885111164027794e-05, 1.0]",218.664,231.537,2.62,ok,
eval_In718-PrecipitationStrengthened_SEM-DIC_EBSD_SlipPartitioning_0#0,eval_In718-PrecipitationStrengthened_SEM-DIC_EBSD_SlipPartitioning_0,SlipPartitioning,In718-PrecipitationStrengthened_SEM-DIC_EBSD_SlipPartitioning,transform,ma_roma,direct,histmatch,0,526,549,9058,9052,56,10000,6769,affine,"[0.06113023391492768, -0.00019291485017763625, -0.8382135391751717, -0.0009929725461973054, 0.05828875568742988, 2.9588273526832722, 0.0, 0.0, 1.0]",114.858,113.899,17.77,ok,
eval_In718-PrecipitationStrengthened_SEM-DIC_EBSD_SlipPartitioning_0#0,eval_In718-PrecipitationStrengthened_SEM-DIC_EBSD_SlipPartitioning_0,SlipPartitioning,In718-PrecipitationStrengthened_SEM-DIC_EBSD_SlipPartitioning,transform,ma_roma,direct,clahe,0,526,549,9058,9052,56,10000,1147,affine,"[-0.008070444214242968, 0.021699867123308996, 222.1256065736414, -0.03369256919627472, -0.00872020239052934, 436.7079506414973, 0.0, 0.0, 1.0]",213.532,222.927,3.02,ok,
eval_In718-PrecipitationStrengthened_SEM-DIC_EBSD_SlipPartitioning_0#0,eval_In718-PrecipitationStrengthened_SEM-DIC_EBSD_SlipPartitioning_0,SlipPartitioning,In718-PrecipitationStrengthened_SEM-DIC_EBSD_SlipPartitioning,transform,ma_roma,direct,gradmag,0,526,549,9058,9052,56,10000,4480,homography,"[0.09799564421804312, -0.0016072235334805892, -108.78997676489196, 0.001439710708590514, 0.10425928552528159, -35.08849023230449, -1.3562260238146861e-06, 2.6323393858332977e-06, 1.0]",3.031,2.456,3.89,ok,
eval_In718-PrecipitationStrengthened_SEM-DIC_EBSD_SlipPartitioning_0#0,eval_In718-PrecipitationStrengthened_SEM-DIC_EBSD_SlipPartitioning_0,SlipPartitioning,In718-PrecipitationStrengthened_SEM-DIC_EBSD_SlipPartitioning,control,ma_roma,direct,none,1,526,549,9058,9052,56,10000,1279,affine,"[0.10767610264286208, 0.0219686136334588, -354.0857072197632, 0.0012587980698051879, 0.06905949096080764, -2.2929457103062134, 0.0, 0.0, 1.0]",167.823,164.639,2.52,ok,
eval_In718-PrecipitationStrengthened_SEM-DIC_EBSD_SlipPartitioning_0#0,eval_In718-PrecipitationStrengthened_SEM-DIC_EBSD_SlipPartitioning_0,SlipPartitioning,In718-PrecipitationStrengthened_SEM-DIC_EBSD_SlipPartitioning,control,ma_roma,direct,none,2,526,549,9058,9052,56,10000,1237,homography,"[0.09806198693679881, 0.027996430247065055, -326.71785722269726, -0.000945596421920284, 0.06699546163291745, 10.720932312874517, -1.2904820016411875e-05, 1.624956309169246e-05, 0.9999999999999999]",164.120,156.262,2.60,ok,
eval_In718-PrecipitationStrengthened_SEM-DIC_EBSD_SlipPartitioning_0#0,eval_In718-PrecipitationStrengthened_SEM-DIC_EBSD_SlipPartitioning_0,SlipPartitioning,In718-PrecipitationStrengthened_SEM-DIC_EBSD_SlipPartitioning,control,ma_roma,direct,none,3,526,549,9058,9052,56,10000,1240,homography,"[-0.0016076932086580486, 0.017753910171457162, 213.62432631509418, -0.018081317244302827, -0.002273919791703216, 362.95798958136345, -9.303166499330769e-06, -3.613634153571359e-06, 1.0]",199.930,203.842,2.59,ok,
eval_In718-PrecipitationStrengthened_SEM-DIC_EBSD_SlipPartitioning_0#0,eval_In718-PrecipitationStrengthened_SEM-DIC_EBSD_SlipPartitioning_0,SlipPartitioning,In718-PrecipitationStrengthened_SEM-DIC_EBSD_SlipPartitioning,control,ma_roma,direct,none,4,526,549,9058,9052,56,10000,1009,homography,"[-0.3764984008784566, -0.6940394644545252, 2264.7495464494814, -0.1830027883875044, -0.4480378530488706, 541.4540791465594, -0.0009858418522229596, -0.001233410349501817, 1.0]",238.016,200.601,2.50,ok,
eval_In718-PrecipitationStrengthened_SEM-DIC_EBSD_SlipPartitioning_0#0,eval_In718-PrecipitationStrengthened_SEM-DIC_EBSD_SlipPartitioning_0,SlipPartitioning,In718-PrecipitationStrengthened_SEM-DIC_EBSD_SlipPartitioning,control,ma_roma,direct,none,5,526,549,9058,9052,56,10000,1197,homography,"[0.07396681521752956, 0.01806602589206031, -206.75428022555772, -0.004550599466158987, 0.05255069866087041, 43.0668322904406, -3.0066721549783027e-05, 1.1992011171331907e-07, 1.0]",148.722,142.569,2.81,ok,
eval_In718-PrecipitationStrengthened_SEM-DIC_EBSD_SlipPartitioning_0#1,eval_In718-PrecipitationStrengthened_SEM-DIC_EBSD_SlipPartitioning_0,SlipPartitioning,In718-PrecipitationStrengthened_SEM-DIC_EBSD_SlipPartitioning,core,ma_roma,direct,none,0,526,549,9058,9052,56,10000,702,homography,"[0.07520577595516416, -0.029603359087441914, -58.55704145304752, 0.0011472433895195417, 0.06005046492483732, -162.86828903767213, -4.964735087792658e-07, -7.090784215162714e-05, 1.0]",242.783,253.857,2.87,ok,
eval_In718-PrecipitationStrengthened_SEM-DIC_EBSD_SlipPartitioning_0#1,eval_In718-PrecipitationStrengthened_SEM-DIC_EBSD_SlipPartitioning_0,SlipPartitioning,In718-PrecipitationStrengthened_SEM-DIC_EBSD_SlipPartitioning,core,ma_roma,pyramid_v2,none,0,526,549,9058,9052,56,10000,702,homography@direct,"[0.07520577595516416, -0.029603359087441914, -58.55704145304752, 0.0011472433895195417, 0.06005046492483732, -162.86828903767213, -4.964735087792658e-07, -7.090784215162714e-05, 1.0]",242.783,253.857,2.89,ok,
eval_In718-PrecipitationStrengthened_SEM-DIC_EBSD_SlipPartitioning_0#1,eval_In718-PrecipitationStrengthened_SEM-DIC_EBSD_SlipPartitioning_0,SlipPartitioning,In718-PrecipitationStrengthened_SEM-DIC_EBSD_SlipPartitioning,transform,ma_roma,direct,invert,0,526,549,9058,9052,56,10000,849,affine,"[0.0938551618496415, 0.0008865417340907154, -175.89017757191522, 0.061742140061975564, 0.08092292461726841, -491.7323678995189, 0.0, 0.0, 1.0]",288.129,268.464,3.01,ok,
eval_In718-PrecipitationStrengthened_SEM-DIC_EBSD_SlipPartitioning_0#1,eval_In718-PrecipitationStrengthened_SEM-DIC_EBSD_SlipPartitioning_0,SlipPartitioning,In718-PrecipitationStrengthened_SEM-DIC_EBSD_SlipPartitioning,transform,ma_roma,direct,histmatch,0,526,549,9058,9052,56,10000,6965,affine,"[0.06035233201953733, 6.221848758837462e-05, 0.4440470394028466, 0.0008704668143461897, 0.05741203184697999, 0.10824986441133433, 0.0, 0.0, 1.0]",115.075,112.061,15.23,ok,
eval_In718-PrecipitationStrengthened_SEM-DIC_EBSD_SlipPartitioning_0#1,eval_In718-PrecipitationStrengthened_SEM-DIC_EBSD_SlipPartitioning_0,SlipPartitioning,In718-PrecipitationStrengthened_SEM-DIC_EBSD_SlipPartitioning,transform,ma_roma,direct,clahe,0,526,549,9058,9052,56,10000,902,affine,"[-0.016891282844891043, 0.011943491888015793, 302.137033213913, -0.01120502859084867, -0.003167406281067209, 365.7176428328595, 0.0, 0.0, 1.0]",220.517,220.304,2.95,ok,
eval_In718-PrecipitationStrengthened_SEM-DIC_EBSD_SlipPartitioning_0#1,eval_In718-PrecipitationStrengthened_SEM-DIC_EBSD_SlipPartitioning_0,SlipPartitioning,In718-PrecipitationStrengthened_SEM-DIC_EBSD_SlipPartitioning,transform,ma_roma,direct,gradmag,0,526,549,9058,9052,56,10000,8160,homography,"[0.0948640322888348, -0.002463871336607137, -99.71937598517441, 0.0007761687254780142, 0.10115847763237168, -29.181488727365025, -3.5599702225982682e-06, -2.5326529929620575e-06, 1.0]",2.964,2.658,4.26,ok,
eval_In718-PrecipitationStrengthened_SEM-DIC_EBSD_SlipPartitioning_0#1,eval_In718-PrecipitationStrengthened_SEM-DIC_EBSD_SlipPartitioning_0,SlipPartitioning,In718-PrecipitationStrengthened_SEM-DIC_EBSD_SlipPartitioning,control,ma_roma,direct,none,1,526,549,9058,9052,56,10000,767,affine,"[-0.0037628511349567027, 0.00597804242006059, 288.3300017143247, -0.014461749973324048, 0.007301956497251706, 295.29112862559356, 0.0, 0.0, 1.0]",182.210,218.769,2.67,ok,
eval_In718-PrecipitationStrengthened_SEM-DIC_EBSD_SlipPartitioning_0#1,eval_In718-PrecipitationStrengthened_SEM-DIC_EBSD_SlipPartitioning_0,SlipPartitioning,In718-PrecipitationStrengthened_SEM-DIC_EBSD_SlipPartitioning,control,ma_roma,direct,none,2,526,549,9058,9052,56,10000,621,homography,"[0.17642291479635805, 0.00234207585006159, -439.20717866868455, 0.0024774550173752167, 0.12532772110727752, -341.85712415638227, 7.935071310329666e-05, 4.845690357475235e-05, 1.0]",269.540,265.150,2.51,ok,
eval_In718-PrecipitationStrengthened_SEM-DIC_EBSD_SlipPartitioning_0#1,eval_In718-PrecipitationStrengthened_SEM-DIC_EBSD_SlipPartitioning_0,SlipPartitioning,In718-PrecipitationStrengthened_SEM-DIC_EBSD_SlipPartitioning,control,ma_roma,direct,none,3,526,549,9058,9052,56,10000,651,homography,"[0.07163410038501762, -0.02705674011047582, -54.75524815120529, 0.0007724480569903247, 0.057656979421881284, -154.2796169270649, -6.236395356809417e-06, -6.853449456351199e-05, 0.9999999999999999]",241.769,251.792,2.55,ok,
eval_In718-PrecipitationStrengthened_SEM-DIC_EBSD_SlipPartitioning_0#1,eval_In718-PrecipitationStrengthened_SEM-DIC_EBSD_SlipPartitioning_0,SlipPartitioning,In718-PrecipitationStrengthened_SEM-DIC_EBSD_SlipPartitioning,control,ma_roma,direct,none,4,526,549,9058,9052,56,10000,659,homography,"[-0.012331725715605158, -0.06989397857718083, 332.13240419681733, -0.005494619030750568, -0.06624824452927702, 296.70906524605255, -4.854551388254635e-05, -0.00020837934054891976, 1.0]",290.904,283.929,2.50,ok,
eval_In718-PrecipitationStrengthened_SEM-DIC_EBSD_SlipPartitioning_0#1,eval_In718-PrecipitationStrengthened_SEM-DIC_EBSD_SlipPartitioning_0,SlipPartitioning,In718-PrecipitationStrengthened_SEM-DIC_EBSD_SlipPartitioning,control,ma_roma,direct,none,5,526,549,9058,9052,56,10000,740,affine,"[-0.004896989613164065, 0.006759780544677025, 287.64789648191606, -0.013630724794549949, 0.005574777510103719, 304.6148487486284, 0.0, 0.0, 1.0]",186.216,217.285,2.50,ok,
eval_In718-PrecipitationStrengthened_SEM-DIC_EBSD_SlipPartitioning_0#2,eval_In718-PrecipitationStrengthened_SEM-DIC_EBSD_SlipPartitioning_0,SlipPartitioning,In718-PrecipitationStrengthened_SEM-DIC_EBSD_SlipPartitioning,core,ma_roma,direct,none,0,526,549,9058,9052,56,10000,961,affine,"[-0.00011325454788758907, 0.001471370905247973, 309.36142256795597, -0.01800254927768304, 0.02372647478362729, 211.21769175988106, 0.0, 0.0, 1.0]",166.460,199.586,2.44,ok,
eval_In718-PrecipitationStrengthened_SEM-DIC_EBSD_SlipPartitioning_0#2,eval_In718-PrecipitationStrengthened_SEM-DIC_EBSD_SlipPartitioning_0,SlipPartitioning,In718-PrecipitationStrengthened_SEM-DIC_EBSD_SlipPartitioning,core,ma_roma,pyramid_v2,none,0,526,549,9058,9052,56,10000,961,affine@direct,"[-0.00011325454788758907, 0.001471370905247973, 309.36142256795597, -0.01800254927768304, 0.02372647478362729, 211.21769175988106, 0.0, 0.0, 1.0]",166.460,199.586,2.62,ok,
eval_In718-PrecipitationStrengthened_SEM-DIC_EBSD_SlipPartitioning_0#2,eval_In718-PrecipitationStrengthened_SEM-DIC_EBSD_SlipPartitioning_0,SlipPartitioning,In718-PrecipitationStrengthened_SEM-DIC_EBSD_SlipPartitioning,transform,ma_roma,direct,invert,0,526,549,9058,9052,56,10000,688,affine,"[-0.003761196225190573, 0.01954418589855666, 240.4262798186476, -0.013946833705173195, 0.0046242342646692445, 307.1446902931087, 0.0, 0.0, 1.0]",189.801,215.903,2.68,ok,
eval_In718-PrecipitationStrengthened_SEM-DIC_EBSD_SlipPartitioning_0#2,eval_In718-PrecipitationStrengthened_SEM-DIC_EBSD_SlipPartitioning_0,SlipPartitioning,In718-PrecipitationStrengthened_SEM-DIC_EBSD_SlipPartitioning,transform,ma_roma,direct,histmatch,0,526,549,9058,9052,56,10000,7682,affine,"[0.060636329267112335, 2.5298482390747983e-05, -0.11450088546592951, -1.3750602036886918e-05, 0.058035685293381, 0.2526447128941527, 0.0, 0.0, 1.0]",115.416,113.528,17.58,ok,
eval_In718-PrecipitationStrengthened_SEM-DIC_EBSD_SlipPartitioning_0#2,eval_In718-PrecipitationStrengthened_SEM-DIC_EBSD_SlipPartitioning_0,SlipPartitioning,In718-PrecipitationStrengthened_SEM-DIC_EBSD_SlipPartitioning,transform,ma_roma,direct,clahe,0,526,549,9058,9052,56,10000,1435,affine,"[-0.008929208643372384, 0.021733316664295784, 230.7395976420028, -0.025338339767102425, -0.009063976930612035, 426.25508909872264, 0.0, 0.0, 1.0]",218.670,220.741,2.90,ok,
eval_In718-PrecipitationStrengthened_SEM-DIC_EBSD_SlipPartitioning_0#2,eval_In718-PrecipitationStrengthened_SEM-DIC_EBSD_SlipPartitioning_0,SlipPartitioning,In718-PrecipitationStrengthened_SEM-DIC_EBSD_SlipPartitioning,transform,ma_roma,direct,gradmag,0,526,549,9058,9052,56,10000,8283,affine,"[0.09762306004060761, -0.0024826215831229674, -105.28133555066921, 0.0015742971768230665, 0.10410494911815375, -35.18227478038341, 0.0, 0.0, 1.0]",2.626,2.156,4.18,ok,
eval_In718-PrecipitationStrengthened_SEM-DIC_EBSD_SlipPartitioning_0#2,eval_In718-PrecipitationStrengthened_SEM-DIC_EBSD_SlipPartitioning_0,SlipPartitioning,In718-PrecipitationStrengthened_SEM-DIC_EBSD_SlipPartitioning,control,ma_roma,direct,none,1,526,549,9058,9052,56,10000,985,affine,"[0.001819986464214956, 0.0010477913267051952, 303.68560946096625, -0.02100726125336874, 0.030211231118457586, 189.7550693231503, 0.0, 0.0, 1.0]",164.037,194.851,2.75,ok,
eval_In718-PrecipitationStrengthened_SEM-DIC_EBSD_SlipPartitioning_0#2,eval_In718-PrecipitationStrengthened_SEM-DIC_EBSD_SlipPartitioning_0,SlipPartitioning,In718-PrecipitationStrengthened_SEM-DIC_EBSD_SlipPartitioning,control,ma_roma,direct,none,2,526,549,9058,9052,56,10000,850,affine,"[0.09771967800681586, 0.01198898349622612, -243.184056370946, 0.01914632620320784, 0.0773676134943889, -144.92842898149297, 0.0, 0.0, 1.0]",154.415,145.994,2.82,ok,
eval_In718-PrecipitationStrengthened_SEM-DIC_EBSD_SlipPartitioning_0#2,eval_In718-PrecipitationStrengthened_SEM-DIC_EBSD_SlipPartitioning_0,SlipPartitioning,In718-PrecipitationStrengthened_SEM-DIC_EBSD_SlipPartitioning,control,ma_roma,direct,none,3,526,549,9058,9052,56,10000,1049,affine,"[0.000849594934076164, 0.0012125528677809656, 306.6336643101739, -0.019735831278205596, 0.026566775843189325, 203.69911710582386, 0.0, 0.0, 1.0]",164.994,197.298,2.77,ok,
eval_In718-PrecipitationStrengthened_SEM-DIC_EBSD_SlipPartitioning_0#2,eval_In718-PrecipitationStrengthened_SEM-DIC_EBSD_SlipPartitioning_0,SlipPartitioning,In718-PrecipitationStrengthened_SEM-DIC_EBSD_SlipPartitioning,control,ma_roma,direct,none,4,526,549,9058,9052,56,10000,903,affine,"[0.09571416978829081, 0.010808143408637578, -228.61526900801306, 0.02215211759125341, 0.07855412576566745, -166.44972863701128, 0.0, 0.0, 1.0]",156.703,147.994,2.81,ok,
eval_In718-PrecipitationStrengthened_SEM-DIC_EBSD_SlipPartitioning_0#2,eval_In718-PrecipitationStrengthened_SEM-DIC_EBSD_SlipPartitioning_0,SlipPartitioning,In718-PrecipitationStrengthened_SEM-DIC_EBSD_SlipPartitioning,control,ma_roma,direct,none,5,526,549,9058,9052,56,10000,984,homography,"[-0.11172797858409884, -0.023714957227041776, 327.1462955269246, -0.07445392929014756, -0.039822927221234886, 305.3371711413885, -0.00035002717862429205, -7.052674932416792e-05, 1.0]",205.871,187.651,2.81,ok,
eval_In718-PrecipitationStrengthened_SEM-DIC_EBSD_SlipPartitioning_0#3,eval_In718-PrecipitationStrengthened_SEM-DIC_EBSD_SlipPartitioning_0,SlipPartitioning,In718-PrecipitationStrengthened_SEM-DIC_EBSD_SlipPartitioning,core,ma_roma,direct,none,0,526,549,9058,9052,56,10000,497,homography,"[0.012120347989015602, -0.10399826302102547, 329.1377014222351, 0.014206919145141963, -0.1046984455676951, 321.49106064037255, 4.3108284171842614e-05, -0.00032453475631475385, 1.0]",208.898,213.047,2.56,ok,
eval_In718-PrecipitationStrengthened_SEM-DIC_EBSD_SlipPartitioning_0#3,eval_In718-PrecipitationStrengthened_SEM-DIC_EBSD_SlipPartitioning_0,SlipPartitioning,In718-PrecipitationStrengthened_SEM-DIC_EBSD_SlipPartitioning,core,ma_roma,pyramid_v2,none,0,526,549,9058,9052,56,10000,497,homography@direct,"[0.012120347989015602, -0.10399826302102547, 329.1377014222351, 0.014206919145141963, -0.1046984455676951, 321.49106064037255, 4.3108284171842614e-05, -0.00032453475631475385, 1.0]",208.898,213.047,2.79,ok,
eval_In718-PrecipitationStrengthened_SEM-DIC_EBSD_SlipPartitioning_0#3,eval_In718-PrecipitationStrengthened_SEM-DIC_EBSD_SlipPartitioning_0,SlipPartitioning,In718-PrecipitationStrengthened_SEM-DIC_EBSD_SlipPartitioning,transform,ma_roma,direct,invert,0,526,549,9058,9052,56,10000,1620,affine,"[0.09402283812182664, -0.004731982669703752, -143.83283561306007, 0.016430743933955865, 0.08485924917557765, -145.51153183972315, 0.0, 0.0, 1.0]",117.235,114.316,2.92,ok,
eval_In718-PrecipitationStrengthened_SEM-DIC_EBSD_SlipPartitioning_0#3,eval_In718-PrecipitationStrengthened_SEM-DIC_EBSD_SlipPartitioning_0,SlipPartitioning,In718-PrecipitationStrengthened_SEM-DIC_EBSD_SlipPartitioning,transform,ma_roma,direct,histmatch,0,526,549,9058,9052,56,10000,7008,homography,"[0.06099662328495085, 0.0001217890307775991, -1.8203953524011804, -0.000672819597920529, 0.05827507227099696, 2.2540342186099256, -5.913594564055899e-07, 5.635972392468731e-07, 1.0]",114.687,113.336,14.52,ok,
eval_In718-PrecipitationStrengthened_SEM-DIC_EBSD_SlipPartitioning_0#3,eval_In718-PrecipitationStrengthened_SEM-DIC_EBSD_SlipPartitioning_0,SlipPartitioning,In718-PrecipitationStrengthened_SEM-DIC_EBSD_SlipPartitioning,transform,ma_roma,direct,clahe,0,526,549,9058,9052,56,10000,1118,affine,"[0.17663076916140574, -0.003510683577347496, -596.2577283438322, 0.009687186078163991, 0.10851021756852848, -286.49724272630044, 0.0, 0.0, 1.0]",286.732,260.647,3.18,ok,
eval_In718-PrecipitationStrengthened_SEM-DIC_EBSD_SlipPartitioning_0#3,eval_In718-PrecipitationStrengthened_SEM-DIC_EBSD_SlipPartitioning_0,SlipPartitioning,In718-PrecipitationStrengthened_SEM-DIC_EBSD_SlipPartitioning,transform,ma_roma,direct,gradmag,0,526,549,9058,9052,56,10000,8521,homography,"[0.09605881679477224, -0.0024745702430648497, -102.41744298887284, 0.0012472308883450262, 0.10238625699069934, -32.80072900933003, -1.926934168389118e-06, -1.792562356627256e-06, 1.0]",2.615,2.219,4.34,ok,
eval_In718-PrecipitationStrengthened_SEM-DIC_EBSD_SlipPartitioning_0#3,eval_In718-PrecipitationStrengthened_SEM-DIC_EBSD_SlipPartitioning_0,SlipPartitioning,In718-PrecipitationStrengthened_SEM-DIC_EBSD_SlipPartitioning,control,ma_roma,direct,none,1,526,549,9058,9052,56,10000,649,affine,"[-0.007509527128927674, 0.005276783770994092, 323.6702702681346, 0.002258909013404426, -0.002999804071689379, 331.88998802440346, 0.0, 0.0, 1.0]",220.659,218.019,2.63,ok,
eval_In718-PrecipitationStrengthened_SEM-DIC_EBSD_SlipPartitioning_0#3,eval_In718-PrecipitationStrengthened_SEM-DIC_EBSD_SlipPartitioning_0,SlipPartitioning,In718-PrecipitationStrengthened_SEM-DIC_EBSD_SlipPartitioning,control,ma_roma,direct,none,2,526,549,9058,9052,56,10000,632,affine,"[-0.010836301529013876, 0.0024706181847130126, 365.39441495341174, 0.0060523215374871315, -0.0005083274017063079, 290.6337976019935, 0.0, 0.0, 1.0]",217.004,236.327,2.49,ok,
eval_In718-PrecipitationStrengthened_SEM-DIC_EBSD_SlipPartitioning_0#3,eval_In718-PrecipitationStrengthened_SEM-DIC_EBSD_SlipPartitioning_0,SlipPartitioning,In718-PrecipitationStrengthened_SEM-DIC_EBSD_SlipPartitioning,control,ma_roma,direct,none,3,526,549,9058,9052,56,10000,597,affine,"[-0.008274687194478351, 0.004218432165361676, 336.16809018301143, 0.002737143162660407, -0.0029146304660728085, 328.48085386206424, 0.0, 0.0, 1.0]",221.437,223.575,2.60,ok,
eval_In718-PrecipitationStrengthened_SEM-DIC_EBSD_SlipPartitioning_0#3,eval_In718-PrecipitationStrengthened_SEM-DIC_EBSD_SlipPartitioning_0,SlipPartitioning,In718-PrecipitationStrengthened_SEM-DIC_EBSD_SlipPartitioning,control,ma_roma,direct,none,4,526,549,9058,9052,56,10000,671,affine,"[-0.009342481803973615, 0.0018983063766071688, 360.18392502649994, 0.0035330517619498363, -0.00011713231194440645, 301.3069873132184, 0.0, 0.0, 1.0]",215.359,232.814,2.50,ok,
eval_In718-PrecipitationStrengthened_SEM-DIC_EBSD_SlipPartitioning_0#3,eval_In718-PrecipitationStrengthened_SEM-DIC_EBSD_SlipPartitioning_0,SlipPartitioning,In718-PrecipitationStrengthened_SEM-DIC_EBSD_SlipPartitioning,control,ma_roma,direct,none,5,526,549,9058,9052,56,10000,718,affine,"[-0.008246762988667741, 0.002941662278096807, 346.48423123214786, 0.004375981930314081, -0.000644084777309792, 301.1566822551572, 0.0, 0.0, 1.0]",214.694,229.946,2.51,ok,
eval_In718-SolutionStrengthened_SEM-SE_EBSD_SameSliceSerialSectioning_0#0,eval_In718-SolutionStrengthened_SEM-SE_EBSD_SameSliceSerialSectioning_0,SerialSectioning,In718-SolutionStrengthened_SEM-SE_EBSD_SameSliceSerialSectioning,core,ma_roma,direct,none,0,1024,1536,1536,1024,20,10000,7940,homography,"[-0.005892717907907739, -0.9972027792788202, 1529.7067654589337, 0.9898534094708952, -0.0018849206839222673, 4.301519969745127, -5.712368693764694e-06, -6.076548516988209e-06, 1.0]",3.284,3.482,1.54,ok,
eval_In718-SolutionStrengthened_SEM-SE_EBSD_SameSliceSerialSectioning_0#0,eval_In718-SolutionStrengthened_SEM-SE_EBSD_SameSliceSerialSectioning_0,SerialSectioning,In718-SolutionStrengthened_SEM-SE_EBSD_SameSliceSerialSectioning,core,ma_roma,pyramid_v2,none,0,1024,1536,1536,1024,20,10000,7940,homography@direct,"[-0.005892717907907739, -0.9972027792788202, 1529.7067654589337, 0.9898534094708952, -0.0018849206839222673, 4.301519969745127, -5.712368693764694e-06, -6.076548516988209e-06, 1.0]",3.284,3.482,1.43,ok,
eval_In718-SolutionStrengthened_SEM-SE_EBSD_SameSliceSerialSectioning_0#0,eval_In718-SolutionStrengthened_SEM-SE_EBSD_SameSliceSerialSectioning_0,SerialSectioning,In718-SolutionStrengthened_SEM-SE_EBSD_SameSliceSerialSectioning,transform,ma_roma,direct,invert,0,1024,1536,1536,1024,20,10000,7025,homography,"[-0.019587458737564806, -1.0174988114796604, 1523.6348489367222, 0.974702419668818, -0.011102236319707632, 5.918531535680097, -1.4572793488860288e-05, -4.2933605647263586e-05, 1.0]",8.554,4.490,1.40,ok,
eval_In718-SolutionStrengthened_SEM-SE_EBSD_SameSliceSerialSectioning_0#0,eval_In718-SolutionStrengthened_SEM-SE_EBSD_SameSliceSerialSectioning_0,SerialSectioning,In718-SolutionStrengthened_SEM-SE_EBSD_SameSliceSerialSectioning,transform,ma_roma,direct,histmatch,0,1024,1536,1536,1024,20,10000,1685,homography,"[3.4817011384410805, -0.739442693235612, -307.8174900073104, 0.20275352503812585, 0.5722852118624496, -189.30910414808497, 0.001492375822353985, -0.00048232169419904283, 1.0]",815.443,736.281,1.57,ok,
eval_In718-SolutionStrengthened_SEM-SE_EBSD_SameSliceSerialSectioning_0#0,eval_In718-SolutionStrengthened_SEM-SE_EBSD_SameSliceSerialSectioning_0,SerialSectioning,In718-SolutionStrengthened_SEM-SE_EBSD_SameSliceSerialSectioning,transform,ma_roma,direct,clahe,0,1024,1536,1536,1024,20,10000,5282,homography,"[-0.004018720324494615, -0.998274523274864, 1526.8560264700557, 0.992483204945396, -0.004924611282908584, 5.081932682541551, -2.5394884780660647e-06, -1.4667217745185876e-05, 1.0]",4.794,4.566,1.41,ok,
eval_In718-SolutionStrengthened_SEM-SE_EBSD_SameSliceSerialSectioning_0#0,eval_In718-SolutionStrengthened_SEM-SE_EBSD_SameSliceSerialSectioning_0,SerialSectioning,In718-SolutionStrengthened_SEM-SE_EBSD_SameSliceSerialSectioning,transform,ma_roma,direct,gradmag,0,1024,1536,1536,1024,20,10000,5850,homography,"[-0.01189724319551069, -0.9861985224979225, 1529.1847557282506, 0.9937867373492465, -0.005991009368703764, 6.569428880913869, -8.852031611255696e-06, 1.8446447810560736e-06, 1.0]",4.996,4.510,1.51,ok,
eval_In718-SolutionStrengthened_SEM-SE_EBSD_SameSliceSerialSectioning_0#0,eval_In718-SolutionStrengthened_SEM-SE_EBSD_SameSliceSerialSectioning_0,SerialSectioning,In718-SolutionStrengthened_SEM-SE_EBSD_SameSliceSerialSectioning,control,ma_roma,direct,none,1,1024,1536,1536,1024,20,10000,7840,affine,"[0.0002699874679638404, -0.9958518226688959, 1531.9305476911263, 0.9981588256480052, 0.00048723083404431957, 2.4089039322890358, 0.0, 0.0, 1.0]",3.685,3.758,1.38,ok,
eval_In718-SolutionStrengthened_SEM-SE_EBSD_SameSliceSerialSectioning_0#0,eval_In718-SolutionStrengthened_SEM-SE_EBSD_SameSliceSerialSectioning_0,SerialSectioning,In718-SolutionStrengthened_SEM-SE_EBSD_SameSliceSerialSectioning,control,ma_roma,direct,none,2,1024,1536,1536,1024,20,10000,7728,affine,"[-5.735091805934861e-05, -0.9999774278381174, 1534.3820506290942, 0.9986993341950934, -0.0020894001343391565, 3.7060029027364862, 0.0, 0.0, 1.0]",2.979,3.135,1.41,ok,
eval_In718-SolutionStrengthened_SEM-SE_EBSD_SameSliceSerialSectioning_0#0,eval_In718-SolutionStrengthened_SEM-SE_EBSD_SameSliceSerialSectioning_0,SerialSectioning,In718-SolutionStrengthened_SEM-SE_EBSD_SameSliceSerialSectioning,control,ma_roma,direct,none,3,1024,1536,1536,1024,20,10000,7810,affine,"[0.00025493208984717633, -0.9965761305974256, 1532.3555014469605, 0.9982389188840625, -1.9737311978281748e-05, 2.670661256219489, 0.0, 0.0, 1.0]",3.545,3.574,1.40,ok,
eval_In718-SolutionStrengthened_SEM-SE_EBSD_SameSliceSerialSectioning_0#0,eval_In718-SolutionStrengthened_SEM-SE_EBSD_SameSliceSerialSectioning_0,SerialSectioning,In718-SolutionStrengthened_SEM-SE_EBSD_SameSliceSerialSectioning,control,ma_roma,direct,none,4,1024,1536,1536,1024,20,10000,7811,affine,"[5.045627783789914e-05, -0.9967808918738412, 1532.5259268201933, 0.9982102785036071, 9.004774985784297e-05, 2.6105259015882325, 0.0, 0.0, 1.0]",3.505,3.533,1.40,ok,
eval_In718-SolutionStrengthened_SEM-SE_EBSD_SameSliceSerialSectioning_0#0,eval_In718-SolutionStrengthened_SEM-SE_EBSD_SameSliceSerialSectioning_0,SerialSectioning,In718-SolutionStrengthened_SEM-SE_EBSD_SameSliceSerialSectioning,control,ma_roma,direct,none,5,1024,1536,1536,1024,20,10000,7828,affine,"[0.0004957296360400871, -0.9950894860209857, 1531.401155468167, 0.9981990948330448, 0.0007980855196043791, 2.205204520801203, 0.0, 0.0, 1.0]",3.812,3.794,1.41,ok,
eval_In718-SolutionStrengthened_SEM-SE_EBSD_SameSliceSerialSectioning_0#1,eval_In718-SolutionStrengthened_SEM-SE_EBSD_SameSliceSerialSectioning_0,SerialSectioning,In718-SolutionStrengthened_SEM-SE_EBSD_SameSliceSerialSectioning,core,ma_roma,direct,none,0,433,512,1536,1024,39,10000,272,homography,"[-2.5106087935178243, 0.9136701138733202, 467.98208094713584, -0.1359992090228038, 0.047918711992922566, 27.818380942694404, -0.005551934376736785, 0.0020712367046703795, 1.0]",306.519,323.284,1.37,ok,
eval_In718-SolutionStrengthened_SEM-SE_EBSD_SameSliceSerialSectioning_0#1,eval_In718-SolutionStrengthened_SEM-SE_EBSD_SameSliceSerialSectioning_0,SerialSectioning,In718-SolutionStrengthened_SEM-SE_EBSD_SameSliceSerialSectioning,core,ma_roma,pyramid_v2,none,0,433,512,1536,1024,39,10000,272,homography@direct,"[-2.5106087935178243, 0.9136701138733202, 467.98208094713584, -0.1359992090228038, 0.047918711992922566, 27.818380942694404, -0.005551934376736785, 0.0020712367046703795, 1.0]",306.519,323.284,1.43,ok,
eval_In718-SolutionStrengthened_SEM-SE_EBSD_SameSliceSerialSectioning_0#1,eval_In718-SolutionStrengthened_SEM-SE_EBSD_SameSliceSerialSectioning_0,SerialSectioning,In718-SolutionStrengthened_SEM-SE_EBSD_SameSliceSerialSectioning,transform,ma_roma,direct,invert,0,433,512,1536,1024,39,10000,9598,homography,"[0.009045193110702487, 0.54199313525355, -145.50682670931923, -0.36381930990237926, 0.01998096459149462, 390.7320832973495, 7.69377996176808e-05, 2.4323652294907505e-05, 0.9999999999999999]",3.635,2.726,1.34,ok,
eval_In718-SolutionStrengthened_SEM-SE_EBSD_SameSliceSerialSectioning_0#1,eval_In718-SolutionStrengthened_SEM-SE_EBSD_SameSliceSerialSectioning_0,SerialSectioning,In718-SolutionStrengthened_SEM-SE_EBSD_SameSliceSerialSectioning,transform,ma_roma,direct,histmatch,0,433,512,1536,1024,39,10000,1030,homography,"[0.25962547603713426, 0.6928997448605146, -278.3912492481245, -0.3153592291370319, 0.029633221534251696, 428.9942419577956, 0.0005156374312770639, 0.00010776998587114682, 0.9999999999999999]",36.752,30.429,1.45,ok,
eval_In718-SolutionStrengthened_SEM-SE_EBSD_SameSliceSerialSectioning_0#1,eval_In718-SolutionStrengthened_SEM-SE_EBSD_SameSliceSerialSectioning_0,SerialSectioning,In718-SolutionStrengthened_SEM-SE_EBSD_SameSliceSerialSectioning,transform,ma_roma,direct,clahe,0,433,512,1536,1024,39,10000,1211,affine,"[0.37315229376263076, -0.0401501148913601, 99.26094678476449, -0.01709492880463054, 0.16909741522253544, 7.148580743729319, 0.0, 0.0, 1.0]",210.427,211.486,1.33,ok,
eval_In718-SolutionStrengthened_SEM-SE_EBSD_SameSliceSerialSectioning_0#1,eval_In718-SolutionStrengthened_SEM-SE_EBSD_SameSliceSerialSectioning_0,SerialSectioning,In718-SolutionStrengthened_SEM-SE_EBSD_SameSliceSerialSectioning,transform,ma_roma,direct,gradmag,0,433,512,1536,1024,39,10000,1457,homography,"[0.05350538126048286, 0.600410657008087, -183.04914293250982, -0.38202293088843053, 0.025729169721965074, 415.35187823708617, 0.0001913848497472073, 7.536934690660983e-05, 1.0]",7.228,4.724,1.46,ok,
eval_In718-SolutionStrengthened_SEM-SE_EBSD_SameSliceSerialSectioning_0#1,eval_In718-SolutionStrengthened_SEM-SE_EBSD_SameSliceSerialSectioning_0,SerialSectioning,In718-SolutionStrengthened_SEM-SE_EBSD_SameSliceSerialSectioning,control,ma_roma,direct,none,1,433,512,1536,1024,39,10000,511,homography,"[0.25265816169532923, -0.005313186388185383, 86.20183088148049, 0.01487683178424468, 0.007368328821752715, -3.992492590854175, 0.00017348699267941386, -0.0003230641487311306, 1.0]",246.062,232.918,1.41,ok,
eval_In718-SolutionStrengthened_SEM-SE_EBSD_SameSliceSerialSectioning_0#1,eval_In718-SolutionStrengthened_SEM-SE_EBSD_SameSliceSerialSectioning_0,SerialSectioning,In718-SolutionStrengthened_SEM-SE_EBSD_SameSliceSerialSectioning,control,ma_roma,direct,none,2,433,512,1536,1024,39,10000,589,affine,"[0.2775157450543093, 0.046562575711617066, 128.988554589104, 0.014515295303395293, 0.08819188029747597, -110.5987602932672, 0.0, 0.0, 1.0]",301.006,329.052,1.39,ok,
eval_In718-SolutionStrengthened_SEM-SE_EBSD_SameSliceSerialSectioning_0#1,eval_In718-SolutionStrengthened_SEM-SE_EBSD_SameSliceSerialSectioning_0,SerialSectioning,In718-SolutionStrengthened_SEM-SE_EBSD_SameSliceSerialSectioning,control,ma_roma,direct,none,3,433,512,1536,1024,39,10000,340,homography,"[0.2736117871490253, -0.42291309734931715, 147.5284008310711, 0.043361966388228305, 0.0773344683777096, -37.38434017463702, -0.00014009862811435871, -0.0007317205117276703, 1.0]",818.883,367.092,1.39,ok,
eval_In718-SolutionStrengthened_SEM-SE_EBSD_SameSliceSerialSectioning_0#1,eval_In718-SolutionStrengthened_SEM-SE_EBSD_SameSliceSerialSectioning_0,SerialSectioning,In718-SolutionStrengthened_SEM-SE_EBSD_SameSliceSerialSectioning,control,ma_roma,direct,none,4,433,512,1536,1024,39,10000,445,homography,"[0.7180943393494718, 0.3142431220571797, -153.121356250803, -0.0027068604459186698, 0.028249208243944293, 9.4078906150414, 0.00017390666811427128, 0.0006886121552084396, 1.0]",264.793,264.504,1.41,ok,
eval_In718-SolutionStrengthened_SEM-SE_EBSD_SameSliceSerialSectioning_0#1,eval_In718-SolutionStrengthened_SEM-SE_EBSD_SameSliceSerialSectioning_0,SerialSectioning,In718-SolutionStrengthened_SEM-SE_EBSD_SameSliceSerialSectioning,control,ma_roma,direct,none,5,433,512,1536,1024,39,10000,635,affine,"[0.3011580170179351, 0.0801374615500407, 60.131734302634186, 0.01012491003973501, 0.07815608582190611, -92.39509108277534, 0.0, 0.0, 1.0]",286.938,299.076,1.40,ok,
eval_In718-SolutionStrengthened_SEM-SE_EBSD_SameSliceSerialSectioning_0#2,eval_In718-SolutionStrengthened_SEM-SE_EBSD_SameSliceSerialSectioning_0,SerialSectioning,In718-SolutionStrengthened_SEM-SE_EBSD_SameSliceSerialSectioning,core,ma_roma,direct,none,0,433,512,1536,1024,39,10000,1425,affine,"[0.5529568593131787, -0.032634453221834524, -5.2590982230713905, 0.0460292646546276, 0.30184944679546627, -68.10930579963001, 0.0, 0.0, 1.0]",238.845,231.003,1.42,ok,
eval_In718-SolutionStrengthened_SEM-SE_EBSD_SameSliceSerialSectioning_0#2,eval_In718-SolutionStrengthened_SEM-SE_EBSD_SameSliceSerialSectioning_0,SerialSectioning,In718-SolutionStrengthened_SEM-SE_EBSD_SameSliceSerialSectioning,core,ma_roma,pyramid_v2,none,0,433,512,1536,1024,39,10000,1425,affine@direct,"[0.5529568593131787, -0.032634453221834524, -5.2590982230713905, 0.0460292646546276, 0.30184944679546627, -68.10930579963001, 0.0, 0.0, 1.0]",238.845,231.003,1.31,ok,
eval_In718-SolutionStrengthened_SEM-SE_EBSD_SameSliceSerialSectioning_0#2,eval_In718-SolutionStrengthened_SEM-SE_EBSD_SameSliceSerialSectioning_0,SerialSectioning,In718-SolutionStrengthened_SEM-SE_EBSD_SameSliceSerialSectioning,transform,ma_roma,direct,invert,0,433,512,1536,1024,39,10000,3195,homography,"[0.40371058549332833, -0.07131791820381819, 30.23906688653808, 0.015130302046267563, 0.28115397203426545, -52.880723773501025, -0.0001314145880293501, -0.00013178497155443345, 1.0]",242.492,243.992,1.42,ok,
eval_In718-SolutionStrengthened_SEM-SE_EBSD_SameSliceSerialSectioning_0#2,eval_In718-SolutionStrengthened_SEM-SE_EBSD_SameSliceSerialSectioning_0,SerialSectioning,In718-SolutionStrengthened_SEM-SE_EBSD_SameSliceSerialSectioning,transform,ma_roma,direct,histmatch,0,433,512,1536,1024,39,10000,3955,affine,"[-0.020349660973321877, 0.5120418054380953, -124.62075193685945, -0.3795927886238254, -0.00334499338160044, 405.347572381983, 0.0, 0.0, 1.0]",8.087,8.823,1.38,ok,
eval_In718-SolutionStrengthened_SEM-SE_EBSD_SameSliceSerialSectioning_0#2,eval_In718-SolutionStrengthened_SEM-SE_EBSD_SameSliceSerialSectioning_0,SerialSectioning,In718-SolutionStrengthened_SEM-SE_EBSD_SameSliceSerialSectioning,transform,ma_roma,direct,clahe,0,433,512,1536,1024,39,10000,2293,affine,"[0.37585691443275193, -0.0080522902882627, 101.22314505108324, 0.013280058477957062, 0.19669826132479645, -30.392249914080182, 0.0, 0.0, 1.0]",214.913,232.757,1.34,ok,
eval_In718-SolutionStrengthened_SEM-SE_EBSD_SameSliceSerialSectioning_0#2,eval_In718-SolutionStrengthened_SEM-SE_EBSD_SameSliceSerialSectioning_0,SerialSectioning,In718-SolutionStrengthened_SEM-SE_EBSD_SameSliceSerialSectioning,transform,ma_roma,direct,gradmag,0,433,512,1536,1024,39,10000,1898,affine,"[0.5426951297328987, -0.04910411094190453, -12.001217786615712, 0.0806715496164269, 0.28785734436137617, -83.62190564917758, 0.0, 0.0, 1.0]",244.232,241.643,1.50,ok,
eval_In718-SolutionStrengthened_SEM-SE_EBSD_SameSliceSerialSectioning_0#2,eval_In718-SolutionStrengthened_SEM-SE_EBSD_SameSliceSerialSectioning_0,SerialSectioning,In718-SolutionStrengthened_SEM-SE_EBSD_SameSliceSerialSectioning,control,ma_roma,direct,none,1,433,512,1536,1024,39,10000,1502,affine,"[0.4181541204258447, -0.07282419990333841, 72.815435222188, 0.009443173332426669, 0.16517350696530916, -22.310037171483145, 0.0, 0.0, 1.0]",229.794,243.650,1.38,ok,
eval_In718-SolutionStrengthened_SEM-SE_EBSD_SameSliceSerialSectioning_0#2,eval_In718-SolutionStrengthened_SEM-SE_EBSD_SameSliceSerialSectioning_0,SerialSectioning,In718-SolutionStrengthened_SEM-SE_EBSD_SameSliceSerialSectioning,control,ma_roma,direct,none,2,433,512,1536,1024,39,10000,1393,affine,"[0.4229825595128663, -0.09995143727532471, 73.56111804527674, 0.011092209630494093, 0.11549729700419555, -15.258426386016364, 0.0, 0.0, 1.0]",246.327,248.020,1.38,ok,
eval_In718-SolutionStrengthened_SEM-SE_EBSD_SameSliceSerialSectioning_0#2,eval_In718-SolutionStrengthened_SEM-SE_EBSD_SameSliceSerialSectioning_0,SerialSectioning,In718-SolutionStrengthened_SEM-SE_EBSD_SameSliceSerialSectioning,control,ma_roma,direct,none,3,433,512,1536,1024,39,10000,1350,affine,"[0.4241421502620643, -0.007830254956992232, 56.093617986931406, 0.015610860942468852, 0.2685124989598907, -47.16505198730732, 0.0, 0.0, 1.0]",213.071,220.287,1.32,ok,
eval_In718-SolutionStrengthened_SEM-SE_EBSD_SameSliceSerialSectioning_0#2,eval_In718-SolutionStrengthened_SEM-SE_EBSD_SameSliceSerialSectioning_0,SerialSectioning,In718-SolutionStrengthened_SEM-SE_EBSD_SameSliceSerialSectioning,control,ma_roma,direct,none,4,433,512,1536,1024,39,10000,1322,affine,"[0.5546888645540226, -0.040261027249326876, -4.551572873802456, 0.04172976768772224, 0.32930120410813346, -72.64093586487118, 0.0, 0.0, 1.0]",241.466,246.097,1.35,ok,
eval_In718-SolutionStrengthened_SEM-SE_EBSD_SameSliceSerialSectioning_0#2,eval_In718-SolutionStrengthened_SEM-SE_EBSD_SameSliceSerialSectioning_0,SerialSectioning,In718-SolutionStrengthened_SEM-SE_EBSD_SameSliceSerialSectioning,control,ma_roma,direct,none,5,433,512,1536,1024,39,10000,1491,affine,"[0.5505216416865913, -0.024583826769097813, -5.962606307017637, 0.046778522290074606, 0.2920342955305668, -65.89638903521373, 0.0, 0.0, 1.0]",237.253,221.847,1.53,ok,
eval_In718-SolutionStrengthened_SEM-SE_EBSD_SameSliceSerialSectioning_0#3,eval_In718-SolutionStrengthened_SEM-SE_EBSD_SameSliceSerialSectioning_0,SerialSectioning,In718-SolutionStrengthened_SEM-SE_EBSD_SameSliceSerialSectioning,core,ma_roma,direct,none,0,433,512,1536,1024,39,10000,1153,affine,"[0.5057505636233013, -0.01405597168520762, 4.0368636518525705, 0.055444268956796064, 0.3461730536914798, -50.72795201268963, 0.0, 0.0, 1.0]",236.171,248.079,1.54,ok,
eval_In718-SolutionStrengthened_SEM-SE_EBSD_SameSliceSerialSectioning_0#3,eval_In718-SolutionStrengthened_SEM-SE_EBSD_SameSliceSerialSectioning_0,SerialSectioning,In718-SolutionStrengthened_SEM-SE_EBSD_SameSliceSerialSectioning,core,ma_roma,pyramid_v2,none,0,433,512,1536,1024,39,10000,1153,affine@direct,"[0.5057505636233013, -0.01405597168520762, 4.0368636518525705, 0.055444268956796064, 0.3461730536914798, -50.72795201268963, 0.0, 0.0, 1.0]",236.171,248.079,1.52,ok,
eval_In718-SolutionStrengthened_SEM-SE_EBSD_SameSliceSerialSectioning_0#3,eval_In718-SolutionStrengthened_SEM-SE_EBSD_SameSliceSerialSectioning_0,SerialSectioning,In718-SolutionStrengthened_SEM-SE_EBSD_SameSliceSerialSectioning,transform,ma_roma,direct,invert,0,433,512,1536,1024,39,10000,2875,affine,"[0.5112776604506555, 0.017401188233154265, -31.783272052924872, 0.019977095454690244, 0.3686000357216538, -74.34226096972782, 0.0, 0.0, 1.0]",228.438,230.500,1.37,ok,
eval_In718-SolutionStrengthened_SEM-SE_EBSD_SameSliceSerialSectioning_0#3,eval_In718-SolutionStrengthened_SEM-SE_EBSD_SameSliceSerialSectioning_0,SerialSectioning,In718-SolutionStrengthened_SEM-SE_EBSD_SameSliceSerialSectioning,transform,ma_roma,direct,histmatch,0,433,512,1536,1024,39,10000,863,affine,"[0.528871183388864, -0.03252776373090214, 26.388495385623344, 0.04961887647525077, 0.3465103953918534, -49.984559077148674, 0.0, 0.0, 1.0]",242.174,256.513,1.43,ok,
eval_In718-SolutionStrengthened_SEM-SE_EBSD_SameSliceSerialSectioning_0#3,eval_In718-SolutionStrengthened_SEM-SE_EBSD_SameSliceSerialSectioning_0,SerialSectioning,In718-SolutionStrengthened_SEM-SE_EBSD_SameSliceSerialSectioning,transform,ma_roma,direct,clahe,0,433,512,1536,1024,39,10000,1715,affine,"[0.5812689753225279, -0.05103347966340417, -17.756819095160893, -0.0034155885338293663, 0.25739236094461676, 85.05342965327668, 0.0, 0.0, 1.0]",244.310,243.343,1.30,ok,
eval_In718-SolutionStrengthened_SEM-SE_EBSD_SameSliceSerialSectioning_0#3,eval_In718-SolutionStrengthened_SEM-SE_EBSD_SameSliceSerialSectioning_0,SerialSectioning,In718-SolutionStrengthened_SEM-SE_EBSD_SameSliceSerialSectioning,transform,ma_roma,direct,gradmag,0,433,512,1536,1024,39,10000,1882,homography,"[0.5347671528087493, -0.04143949713034933, 16.47353688580468, 0.02528473680841207, 0.27277499048125964, -53.02365296814508, 0.0002676757801417465, -0.0003619707154491534, 0.9999999999999999]",229.126,240.914,1.51,ok,
eval_In718-SolutionStrengthened_SEM-SE_EBSD_SameSliceSerialSectioning_0#3,eval_In718-SolutionStrengthened_SEM-SE_EBSD_SameSliceSerialSectioning_0,SerialSectioning,In718-SolutionStrengthened_SEM-SE_EBSD_SameSliceSerialSectioning,control,ma_roma,direct,none,1,433,512,1536,1024,39,10000,1619,homography,"[0.7217438461051362, -0.2596223677030024, -20.50662314820123, 0.0393250149010258, 0.26697460999707956, -56.74473190925596, 0.0005698235590958134, -0.0010237516915557502, 1.0]",1605.316,355.198,1.42,ok,
eval_In718-SolutionStrengthened_SEM-SE_EBSD_SameSliceSerialSectioning_0#3,eval_In718-SolutionStrengthened_SEM-SE_EBSD_SameSliceSerialSectioning_0,SerialSectioning,In718-SolutionStrengthened_SEM-SE_EBSD_SameSliceSerialSectioning,control,ma_roma,direct,none,2,433,512,1536,1024,39,10000,1573,homography,"[0.8087615804161972, -0.1470443479288031, -53.542150554094604, 0.044837028616975284, 0.31574727952529996, -67.6314192319118, 0.0006441200401628975, -0.0006032648095920759, 1.0]",299.036,277.180,1.46,ok,
eval_In718-SolutionStrengthened_SEM-SE_EBSD_SameSliceSerialSectioning_0#3,eval_In718-SolutionStrengthened_SEM-SE_EBSD_SameSliceSerialSectioning_0,SerialSectioning,In718-SolutionStrengthened_SEM-SE_EBSD_SameSliceSerialSectioning,control,ma_roma,direct,none,3,433,512,1536,1024,39,10000,1541,homography,"[0.5843983595995152, -0.0040407723043064505, -22.070226927123013, 0.07861141890783037, 0.3348088464455173, -47.90058675456771, 0.00016874537497383487, -4.387568544180383e-05, 1.0]",230.806,246.912,1.55,ok,
eval_In718-SolutionStrengthened_SEM-SE_EBSD_SameSliceSerialSectioning_0#3,eval_In718-SolutionStrengthened_SEM-SE_EBSD_SameSliceSerialSectioning_0,SerialSectioning,In718-SolutionStrengthened_SEM-SE_EBSD_SameSliceSerialSectioning,control,ma_roma,direct,none,4,433,512,1536,1024,39,10000,1738,affine,"[0.5133181495571275, -0.022777620799653602, 13.02085301022393, 0.020655402634066834, 0.3629946507847223, -68.49821455450555, 0.0, 0.0, 1.0]",234.002,254.649,1.45,ok,
eval_In718-SolutionStrengthened_SEM-SE_EBSD_SameSliceSerialSectioning_0#3,eval_In718-SolutionStrengthened_SEM-SE_EBSD_SameSliceSerialSectioning_0,SerialSectioning,In718-SolutionStrengthened_SEM-SE_EBSD_SameSliceSerialSectioning,control,ma_roma,direct,none,5,433,512,1536,1024,39,10000,1721,homography,"[0.8143239526938563, -0.2415610223531739, -38.227592267117274, 0.044432140363316164, 0.287082191590759, -61.39144376935, 0.000662870558511433, -0.0006715397142425102, 1.0]",339.182,277.700,1.34,ok,
eval_In718-SolutionStrengthened_SEM-SE_EBSD_SameSliceSerialSectioning_1#0,eval_In718-SolutionStrengthened_SEM-SE_EBSD_SameSliceSerialSectioning_1,SerialSectioning,In718-SolutionStrengthened_SEM-SE_EBSD_SameSliceSerialSectioning,core,ma_roma,direct,none,0,1024,1536,433,512,26,10000,3438,affine,"[1.9830407701738966, -0.07253886944896468, 263.8228850567749, -0.07117259593435801, 2.7938575692680305, -50.807695272352476, 0.0, 0.0, 1.0]",11.184,10.426,1.43,ok,
eval_In718-SolutionStrengthened_SEM-SE_EBSD_SameSliceSerialSectioning_1#0,eval_In718-SolutionStrengthened_SEM-SE_EBSD_SameSliceSerialSectioning_1,SerialSectioning,In718-SolutionStrengthened_SEM-SE_EBSD_SameSliceSerialSectioning,core,ma_roma,pyramid_v2,none,0,1024,1536,433,512,26,10000,3438,affine@direct,"[1.9830407701738966, -0.07253886944896468, 263.8228850567749, -0.07117259593435801, 2.7938575692680305, -50.807695272352476, 0.0, 0.0, 1.0]",11.184,10.426,1.40,ok,
eval_In718-SolutionStrengthened_SEM-SE_EBSD_SameSliceSerialSectioning_1#0,eval_In718-SolutionStrengthened_SEM-SE_EBSD_SameSliceSerialSectioning_1,SerialSectioning,In718-SolutionStrengthened_SEM-SE_EBSD_SameSliceSerialSectioning,transform,ma_roma,direct,invert,0,1024,1536,433,512,26,10000,4054,affine,"[1.991802531738163, -0.06857662493469768, 260.3219986212209, -0.09722175558361837, 2.8594360254311098, -55.17860350389003, 0.0, 0.0, 1.0]",13.561,6.983,1.38,ok,
eval_In718-SolutionStrengthened_SEM-SE_EBSD_SameSliceSerialSectioning_1#0,eval_In718-SolutionStrengthened_SEM-SE_EBSD_SameSliceSerialSectioning_1,SerialSectioning,In718-SolutionStrengthened_SEM-SE_EBSD_SameSliceSerialSectioning,transform,ma_roma,direct,histmatch,0,1024,1536,433,512,26,10000,3500,affine,"[1.9723058895791628, -0.08307312853091145, 271.1128262583983, -0.05251811994025155, 2.823751388753394, -64.37165067549415, 0.0, 0.0, 1.0]",13.704,8.584,1.42,ok,
eval_In718-SolutionStrengthened_SEM-SE_EBSD_SameSliceSerialSectioning_1#0,eval_In718-SolutionStrengthened_SEM-SE_EBSD_SameSliceSerialSectioning_1,SerialSectioning,In718-SolutionStrengthened_SEM-SE_EBSD_SameSliceSerialSectioning,transform,ma_roma,direct,clahe,0,1024,1536,433,512,26,10000,4072,affine,"[1.9806887555391726, -0.06822832611457859, 264.50100793063655, -0.08103568362066693, 2.8162704292921803, -53.54609443242998, 0.0, 0.0, 1.0]",11.850,8.082,1.39,ok,
eval_In718-SolutionStrengthened_SEM-SE_EBSD_SameSliceSerialSectioning_1#0,eval_In718-SolutionStrengthened_SEM-SE_EBSD_SameSliceSerialSectioning_1,SerialSectioning,In718-SolutionStrengthened_SEM-SE_EBSD_SameSliceSerialSectioning,transform,ma_roma,direct,gradmag,0,1024,1536,433,512,26,10000,2817,affine,"[1.9575805266402408, -0.09972108554184249, 279.91125677324635, -0.006214531658816503, 2.817473834246384, -82.64039697207585, 0.0, 0.0, 1.0]",18.045,12.133,1.41,ok,
eval_In718-SolutionStrengthened_SEM-SE_EBSD_SameSliceSerialSectioning_1#0,eval_In718-SolutionStrengthened_SEM-SE_EBSD_SameSliceSerialSectioning_1,SerialSectioning,In718-SolutionStrengthened_SEM-SE_EBSD_SameSliceSerialSectioning,control,ma_roma,direct,none,1,1024,1536,433,512,26,10000,3427,affine,"[1.987145032354969, -0.07709476534288784, 263.60375934769104, -0.07512327217414323, 2.791389201349098, -48.791006041768526, 0.0, 0.0, 1.0]",11.043,10.606,1.39,ok,
eval_In718-SolutionStrengthened_SEM-SE_EBSD_SameSliceSerialSectioning_1#0,eval_In718-SolutionStrengthened_SEM-SE_EBSD_SameSliceSerialSectioning_1,SerialSectioning,In718-SolutionStrengthened_SEM-SE_EBSD_SameSliceSerialSectioning,control,ma_roma,direct,none,2,1024,1536,433,512,26,10000,3557,homography,"[2.0036951297177135, 0.10970050379858644, 244.54239921480158, -0.07903738874722441, 2.956785216585143, -66.53529179640579, -4.314845633644976e-05, 0.0002063738033597309, 1.0]",9.791,6.571,1.49,ok,
eval_In718-SolutionStrengthened_SEM-SE_EBSD_SameSliceSerialSectioning_1#0,eval_In718-SolutionStrengthened_SEM-SE_EBSD_SameSliceSerialSectioning_1,SerialSectioning,In718-SolutionStrengthened_SEM-SE_EBSD_SameSliceSerialSectioning,control,ma_roma,direct,none,3,1024,1536,433,512,26,10000,3494,affine,"[1.9851698846150403, -0.07936892393366166, 264.75376173128063, -0.07311682378128195, 2.7976676034096895, -50.71570292416391, 0.0, 0.0, 1.0]",11.404,10.253,1.36,ok,
eval_In718-SolutionStrengthened_SEM-SE_EBSD_SameSliceSerialSectioning_1#0,eval_In718-SolutionStrengthened_SEM-SE_EBSD_SameSliceSerialSectioning_1,SerialSectioning,In718-SolutionStrengthened_SEM-SE_EBSD_SameSliceSerialSectioning,control,ma_roma,direct,none,4,1024,1536,433,512,26,10000,3232,affine,"[1.9786604675899138, -0.07434134728172935, 265.2568388784623, -0.04496504879958276, 2.7479101477832453, -49.93964885197397, 0.0, 0.0, 1.0]",11.218,7.230,1.36,ok,
eval_In718-SolutionStrengthened_SEM-SE_EBSD_SameSliceSerialSectioning_1#0,eval_In718-SolutionStrengthened_SEM-SE_EBSD_SameSliceSerialSectioning_1,SerialSectioning,In718-SolutionStrengthened_SEM-SE_EBSD_SameSliceSerialSectioning,control,ma_roma,direct,none,5,1024,1536,433,512,26,10000,3417,affine,"[1.9852808430829818, -0.07586623065931276, 264.00573916084704, -0.07616995463480034, 2.7923991169101323, -48.48418090273549, 0.0, 0.0, 1.0]",11.063,10.628,1.37,ok,
eval_In718-SolutionStrengthened_SEM-SE_EBSD_SameSliceSerialSectioning_1#1,eval_In718-SolutionStrengthened_SEM-SE_EBSD_SameSliceSerialSectioning_1,SerialSectioning,In718-SolutionStrengthened_SEM-SE_EBSD_SameSliceSerialSectioning,core,ma_roma,direct,none,0,1024,1536,433,512,26,10000,4340,affine,"[1.9961335965371814, -0.09622652498074893, 263.15501277643943, -0.07025606134419381, 2.8513807110886313, -64.04470381918549, 0.0, 0.0, 1.0]",14.643,9.966,1.41,ok,
eval_In718-SolutionStrengthened_SEM-SE_EBSD_SameSliceSerialSectioning_1#1,eval_In718-SolutionStrengthened_SEM-SE_EBSD_SameSliceSerialSectioning_1,SerialSectioning,In718-SolutionStrengthened_SEM-SE_EBSD_SameSliceSerialSectioning,core,ma_roma,pyramid_v2,none,0,1024,1536,433,512,26,10000,4340,affine@direct,"[1.9961335965371814, -0.09622652498074893, 263.15501277643943, -0.07025606134419381, 2.8513807110886313, -64.04470381918549, 0.0, 0.0, 1.0]",14.643,9.966,1.39,ok,
eval_In718-SolutionStrengthened_SEM-SE_EBSD_SameSliceSerialSectioning_1#1,eval_In718-SolutionStrengthened_SEM-SE_EBSD_SameSliceSerialSectioning_1,SerialSectioning,In718-SolutionStrengthened_SEM-SE_EBSD_SameSliceSerialSectioning,transform,ma_roma,direct,invert,0,1024,1536,433,512,26,10000,2916,affine,"[2.030597827683647, -0.012219469713146415, 244.13177354805254, -0.2028859256685574, 2.7552891704823526, -16.701767740521746, 0.0, 0.0, 1.0]",14.260,11.596,1.31,ok,
eval_In718-SolutionStrengthened_SEM-SE_EBSD_SameSliceSerialSectioning_1#1,eval_In718-SolutionStrengthened_SEM-SE_EBSD_SameSliceSerialSectioning_1,SerialSectioning,In718-SolutionStrengthened_SEM-SE_EBSD_SameSliceSerialSectioning,transform,ma_roma,direct,histmatch,0,1024,1536,433,512,26,10000,4251,affine,"[1.9811491572552187, -0.07891541586818107, 266.61535432606706, -0.062297473043572346, 2.779656028756276, -52.02108902792679, 0.0, 0.0, 1.0]",11.196,8.309,1.40,ok,
eval_In718-SolutionStrengthened_SEM-SE_EBSD_SameSliceSerialSectioning_1#1,eval_In718-SolutionStrengthened_SEM-SE_EBSD_SameSliceSerialSectioning_1,SerialSectioning,In718-SolutionStrengthened_SEM-SE_EBSD_SameSliceSerialSectioning,transform,ma_roma,direct,clahe,0,1024,1536,433,512,26,10000,3850,affine,"[2.0040530100890064, -0.04162855178211546, 252.72487360811255, -0.11167872952151052, 2.8117807858975095, -42.08892004534147, 0.0, 0.0, 1.0]",10.949,7.030,1.38,ok,
eval_In718-SolutionStrengthened_SEM-SE_EBSD_SameSliceSerialSectioning_1#1,eval_In718-SolutionStrengthened_SEM-SE_EBSD_SameSliceSerialSectioning_1,SerialSectioning,In718-SolutionStrengthened_SEM-SE_EBSD_SameSliceSerialSectioning,transform,ma_roma,direct,gradmag,0,1024,1536,433,512,26,10000,2889,affine,"[2.042606202198968, -0.004445781581925092, 244.56257351618794, -0.3054236692081308, 2.595831552659985, -3.4516047158763854, 0.0, 0.0, 1.0]",49.757,51.378,1.41,ok,
eval_In718-SolutionStrengthened_SEM-SE_EBSD_SameSliceSerialSectioning_1#1,eval_In718-SolutionStrengthened_SEM-SE_EBSD_SameSliceSerialSectioning_1,SerialSectioning,In718-SolutionStrengthened_SEM-SE_EBSD_SameSliceSerialSectioning,control,ma_roma,direct,none,1,1024,1536,433,512,26,10000,4433,affine,"[2.0059598973868296, -0.09009782767063099, 258.9234438227239, -0.08023062097198927, 2.8213524785978703, -54.62557761751896, 0.0, 0.0, 1.0]",12.767,9.073,1.49,ok,
eval_In718-SolutionStrengthened_SEM-SE_EBSD_SameSliceSerialSectioning_1#1,eval_In718-SolutionStrengthened_SEM-SE_EBSD_SameSliceSerialSectioning_1,SerialSectioning,In718-SolutionStrengthened_SEM-SE_EBSD_SameSliceSerialSectioning,control,ma_roma,direct,none,2,1024,1536,433,512,26,10000,4666,affine,"[2.005381505436855, -0.09164908286055065, 259.49880767018806, -0.07338422808827005, 2.8223754488136836, -57.70718222810547, 0.0, 0.0, 1.0]",13.185,9.582,1.31,ok,
eval_In718-SolutionStrengthened_SEM-SE_EBSD_SameSliceSerialSectioning_1#1,eval_In718-SolutionStrengthened_SEM-SE_EBSD_SameSliceSerialSectioning_1,SerialSectioning,In718-SolutionStrengthened_SEM-SE_EBSD_SameSliceSerialSectioning,control,ma_roma,direct,none,3,1024,1536,433,512,26,10000,4386,affine,"[1.993801484889391, -0.09579384035178654, 264.22556327486154, -0.07658522538160577, 2.8478204315972473, -61.01450797311554, 0.0, 0.0, 1.0]",14.052,9.188,1.31,ok,
eval_In718-SolutionStrengthened_SEM-SE_EBSD_SameSliceSerialSectioning_1#1,eval_In718-SolutionStrengthened_SEM-SE_EBSD_SameSliceSerialSectioning_1,SerialSectioning,In718-SolutionStrengthened_SEM-SE_EBSD_SameSliceSerialSectioning,control,ma_roma,direct,none,4,1024,1536,433,512,26,10000,4797,affine,"[2.0038212870902012, -0.0951238016546781, 260.71145943300826, -0.06126977912652799, 2.8284441159340057, -62.94064433430475, 0.0, 0.0, 1.0]",14.106,10.013,1.39,ok,
eval_In718-SolutionStrengthened_SEM-SE_EBSD_SameSliceSerialSectioning_1#1,eval_In718-SolutionStrengthened_SEM-SE_EBSD_SameSliceSerialSectioning_1,SerialSectioning,In718-SolutionStrengthened_SEM-SE_EBSD_SameSliceSerialSectioning,control,ma_roma,direct,none,5,1024,1536,433,512,26,10000,4751,affine,"[2.001433012989738, -0.09698532617643615, 261.6668095569863, -0.05719585516434275, 2.846218017340502, -67.2048172293272, 0.0, 0.0, 1.0]",15.091,11.078,1.29,ok,
eval_In718-SolutionStrengthened_SEM-SE_EBSD_SameSliceSerialSectioning_2#0,eval_In718-SolutionStrengthened_SEM-SE_EBSD_SameSliceSerialSectioning_2,SerialSectioning,In718-SolutionStrengthened_SEM-SE_EBSD_SameSliceSerialSectioning,core,ma_roma,direct,none,0,1024,1536,433,512,44,10000,3358,affine,"[1.989802955033023, -0.07620196444697963, 265.61031892595804, -0.06490363255503455, 2.8241074455394015, -62.51257588539738, 0.0, 0.0, 1.0]",13.991,9.859,1.48,ok,
eval_In718-SolutionStrengthened_SEM-SE_EBSD_SameSliceSerialSectioning_2#0,eval_In718-SolutionStrengthened_SEM-SE_EBSD_SameSliceSerialSectioning_2,SerialSectioning,In718-SolutionStrengthened_SEM-SE_EBSD_SameSliceSerialSectioning,core,ma_roma,pyramid_v2,none,0,1024,1536,433,512,44,10000,3358,affine@direct,"[1.989802955033023, -0.07620196444697963, 265.61031892595804, -0.06490363255503455, 2.8241074455394015, -62.51257588539738, 0.0, 0.0, 1.0]",13.991,9.859,1.45,ok,
eval_In718-SolutionStrengthened_SEM-SE_EBSD_SameSliceSerialSectioning_2#0,eval_In718-SolutionStrengthened_SEM-SE_EBSD_SameSliceSerialSectioning_2,SerialSectioning,In718-SolutionStrengthened_SEM-SE_EBSD_SameSliceSerialSectioning,transform,ma_roma,direct,invert,0,1024,1536,433,512,44,10000,4189,affine,"[1.9948010584619142, -0.06360195549311629, 261.7940267483864, -0.07758970857393417, 2.852730251461057, -60.745897483162025, 0.0, 0.0, 1.0]",13.975,9.679,1.36,ok,
eval_In718-SolutionStrengthened_SEM-SE_EBSD_SameSliceSerialSectioning_2#0,eval_In718-SolutionStrengthened_SEM-SE_EBSD_SameSliceSerialSectioning_2,SerialSectioning,In718-SolutionStrengthened_SEM-SE_EBSD_SameSliceSerialSectioning,transform,ma_roma,direct,histmatch,0,1024,1536,433,512,44,10000,3320,affine,"[1.9758426714864274, -0.04567822736494727, 263.67672497973734, -0.08042772441005845, 2.837705864999041, -59.668572491443115, 0.0, 0.0, 1.0]",13.817,11.347,1.42,ok,
eval_In718-SolutionStrengthened_SEM-SE_EBSD_SameSliceSerialSectioning_2#0,eval_In718-SolutionStrengthened_SEM-SE_EBSD_SameSliceSerialSectioning_2,SerialSectioning,In718-SolutionStrengthened_SEM-SE_EBSD_SameSliceSerialSectioning,transform,ma_roma,direct,clahe,0,1024,1536,433,512,44,10000,3378,affine,"[1.996929529069263, -0.07686347970973115, 263.713648096197, -0.08711322885046129, 2.844320121799557, -61.2719552977796, 0.0, 0.0, 1.0]",14.616,12.237,1.48,ok,
eval_In718-SolutionStrengthened_SEM-SE_EBSD_SameSliceSerialSectioning_2#0,eval_In718-SolutionStrengthened_SEM-SE_EBSD_SameSliceSerialSectioning_2,SerialSectioning,In718-SolutionStrengthened_SEM-SE_EBSD_SameSliceSerialSectioning,transform,ma_roma,direct,gradmag,0,1024,1536,433,512,44,10000,3363,affine,"[1.9601612955326861, -0.0849093873263107, 277.9383253481918, -0.07321841590909225, 2.755546818311809, -43.470936847011785, 0.0, 0.0, 1.0]",12.566,11.981,1.51,ok,
eval_In718-SolutionStrengthened_SEM-SE_EBSD_SameSliceSerialSectioning_2#0,eval_In718-SolutionStrengthened_SEM-SE_EBSD_SameSliceSerialSectioning_2,SerialSectioning,In718-SolutionStrengthened_SEM-SE_EBSD_SameSliceSerialSectioning,control,ma_roma,direct,none,1,1024,1536,433,512,44,10000,3387,affine,"[1.9743294926277941, -0.07940356168225957, 272.2721715949423, -0.08030317843848138, 2.7802016533714435, -47.519829689272115, 0.0, 0.0, 1.0]",11.874,10.043,1.39,ok,
eval_In718-SolutionStrengthened_SEM-SE_EBSD_SameSliceSerialSectioning_2#0,eval_In718-SolutionStrengthened_SEM-SE_EBSD_SameSliceSerialSectioning_2,SerialSectioning,In718-SolutionStrengthened_SEM-SE_EBSD_SameSliceSerialSectioning,control,ma_roma,direct,none,2,1024,1536,433,512,44,10000,3229,affine,"[1.9969637610769415, -0.08629350746344214, 264.8778974609859, -0.08184599514844992, 2.830029105726985, -58.87964525299529, 0.0, 0.0, 1.0]",13.783,10.440,1.30,ok,
eval_In718-SolutionStrengthened_SEM-SE_EBSD_SameSliceSerialSectioning_2#0,eval_In718-SolutionStrengthened_SEM-SE_EBSD_SameSliceSerialSectioning_2,SerialSectioning,In718-SolutionStrengthened_SEM-SE_EBSD_SameSliceSerialSectioning,control,ma_roma,direct,none,3,1024,1536,433,512,44,10000,3360,affine,"[1.9825531064213324, -0.07252248837095233, 267.1742972435451, -0.07694873846382817, 2.7912800024888584, -51.15342053169229, 0.0, 0.0, 1.0]",11.919,8.274,1.50,ok,
eval_In718-SolutionStrengthened_SEM-SE_EBSD_SameSliceSerialSectioning_2#0,eval_In718-SolutionStrengthened_SEM-SE_EBSD_SameSliceSerialSectioning_2,SerialSectioning,In718-SolutionStrengthened_SEM-SE_EBSD_SameSliceSerialSectioning,control,ma_roma,direct,none,4,1024,1536,433,512,44,10000,3240,affine,"[1.9823497775022225, -0.0813990524186793, 270.0410186642048, -0.0780437031969235, 2.796113066211135, -51.31177220455004, 0.0, 0.0, 1.0]",12.170,9.083,1.40,ok,
eval_In718-SolutionStrengthened_SEM-SE_EBSD_SameSliceSerialSectioning_2#0,eval_In718-SolutionStrengthened_SEM-SE_EBSD_SameSliceSerialSectioning_2,SerialSectioning,In718-SolutionStrengthened_SEM-SE_EBSD_SameSliceSerialSectioning,control,ma_roma,direct,none,5,1024,1536,433,512,44,10000,4170,homography,"[2.098590083937628, 0.07093645822191137, 239.6414946202467, -0.06171042296004116, 3.0045813232621748, -78.12302778373596, 2.9271654123418796e-05, 0.0001620586876752028, 1.0]",11.764,8.703,1.40,ok,
eval_In718-SolutionStrengthened_SEM-SE_EBSD_SameSliceSerialSectioning_2#1,eval_In718-SolutionStrengthened_SEM-SE_EBSD_SameSliceSerialSectioning_2,SerialSectioning,In718-SolutionStrengthened_SEM-SE_EBSD_SameSliceSerialSectioning,core,ma_roma,direct,none,0,1024,1536,433,512,44,10000,3796,affine,"[1.9921262782258418, -0.07333177600157399, 264.2892980920835, -0.07300524394596025, 2.865672487747159, -65.644614793816, 0.0, 0.0, 1.0]",15.045,11.145,1.47,ok,
eval_In718-SolutionStrengthened_SEM-SE_EBSD_SameSliceSerialSectioning_2#1,eval_In718-SolutionStrengthened_SEM-SE_EBSD_SameSliceSerialSectioning_2,SerialSectioning,In718-SolutionStrengthened_SEM-SE_EBSD_SameSliceSerialSectioning,core,ma_roma,pyramid_v2,none,0,1024,1536,433,512,44,10000,3796,affine@direct,"[1.9921262782258418, -0.07333177600157399, 264.2892980920835, -0.07300524394596025, 2.865672487747159, -65.644614793816, 0.0, 0.0, 1.0]",15.045,11.145,1.52,ok,
eval_In718-SolutionStrengthened_SEM-SE_EBSD_SameSliceSerialSectioning_2#1,eval_In718-SolutionStrengthened_SEM-SE_EBSD_SameSliceSerialSectioning_2,SerialSectioning,In718-SolutionStrengthened_SEM-SE_EBSD_SameSliceSerialSectioning,transform,ma_roma,direct,invert,0,1024,1536,433,512,44,10000,3700,affine,"[2.013572354538577, -0.05986380125054913, 256.2202197215656, -0.09237029754868549, 2.8580736534568425, -57.93842528202515, 0.0, 0.0, 1.0]",14.142,11.367,1.48,ok,
eval_In718-SolutionStrengthened_SEM-SE_EBSD_SameSliceSerialSectioning_2#1,eval_In718-SolutionStrengthened_SEM-SE_EBSD_SameSliceSerialSectioning_2,SerialSectioning,In718-SolutionStrengthened_SEM-SE_EBSD_SameSliceSerialSectioning,transform,ma_roma,direct,histmatch,0,1024,1536,433,512,44,10000,2827,affine,"[2.0125819099570608, -0.05576885469548169, 255.8564054255571, -0.09236673663161811, 2.825158004873803, -51.851304310267665, 0.0, 0.0, 1.0]",12.546,10.915,1.41,ok,
eval_In718-SolutionStrengthened_SEM-SE_EBSD_SameSliceSerialSectioning_2#1,eval_In718-SolutionStrengthened_SEM-SE_EBSD_SameSliceSerialSectioning_2,SerialSectioning,In718-SolutionStrengthened_SEM-SE_EBSD_SameSliceSerialSectioning,transform,ma_roma,direct,clahe,0,1024,1536,433,512,44,10000,3512,affine,"[1.9848627745270768, -0.06516747125932959, 265.35582341336243, -0.0728460497612436, 2.84961162603866, -61.92121663578911, 0.0, 0.0, 1.0]",14.115,9.177,1.49,ok,
eval_In718-SolutionStrengthened_SEM-SE_EBSD_SameSliceSerialSectioning_2#1,eval_In718-SolutionStrengthened_SEM-SE_EBSD_SameSliceSerialSectioning_2,SerialSectioning,In718-SolutionStrengthened_SEM-SE_EBSD_SameSliceSerialSectioning,transform,ma_roma,direct,gradmag,0,1024,1536,433,512,44,10000,2072,affine,"[1.9864013202692237, -0.017531790738134958, 252.07827120786632, -0.13915304556855446, 2.3778344585897626, 83.4999086082139, 0.0, 0.0, 1.0]",40.742,31.419,1.69,ok,
eval_In718-SolutionStrengthened_SEM-SE_EBSD_SameSliceSerialSectioning_2#1,eval_In718-SolutionStrengthened_SEM-SE_EBSD_SameSliceSerialSectioning_2,SerialSectioning,In718-SolutionStrengthened_SEM-SE_EBSD_SameSliceSerialSectioning,control,ma_roma,direct,none,1,1024,1536,433,512,44,10000,3864,affine,"[1.9849944806083055, -0.07774351918709274, 267.2349658135478, -0.07354614273087426, 2.863280565793747, -65.05355168032258, 0.0, 0.0, 1.0]",14.978,10.905,1.42,ok,
eval_In718-SolutionStrengthened_SEM-SE_EBSD_SameSliceSerialSectioning_2#1,eval_In718-SolutionStrengthened_SEM-SE_EBSD_SameSliceSerialSectioning_2,SerialSectioning,In718-SolutionStrengthened_SEM-SE_EBSD_SameSliceSerialSectioning,control,ma_roma,direct,none,2,1024,1536,433,512,44,10000,3706,affine,"[2.0004454063945865, -0.08556763009635539, 263.31072357024334, -0.07060959395665571, 2.8682888239345927, -67.12849559530787, 0.0, 0.0, 1.0]",15.571,13.000,1.58,ok,
eval_In718-SolutionStrengthened_SEM-SE_EBSD_SameSliceSerialSectioning_2#1,eval_In718-SolutionStrengthened_SEM-SE_EBSD_SameSliceSerialSectioning_2,SerialSectioning,In718-SolutionStrengthened_SEM-SE_EBSD_SameSliceSerialSectioning,control,ma_roma,direct,none,3,1024,1536,433,512,44,10000,3928,affine,"[1.9869162647037102, -0.07772872539785358, 266.76147947954667, -0.08382832767671133, 2.8599464855489005, -61.17781210723916, 0.0, 0.0, 1.0]",14.414,11.083,1.59,ok,
eval_In718-SolutionStrengthened_SEM-SE_EBSD_SameSliceSerialSectioning_2#1,eval_In718-SolutionStrengthened_SEM-SE_EBSD_SameSliceSerialSectioning_2,SerialSectioning,In718-SolutionStrengthened_SEM-SE_EBSD_SameSliceSerialSectioning,control,ma_roma,direct,none,4,1024,1536,433,512,44,10000,3987,affine,"[1.9895604175615684, -0.0811428856352381, 266.39632547580163, -0.08224796503937024, 2.8609892184502486, -61.07346977715963, 0.0, 0.0, 1.0]",14.440,10.384,1.42,ok,
eval_In718-SolutionStrengthened_SEM-SE_EBSD_SameSliceSerialSectioning_2#1,eval_In718-SolutionStrengthened_SEM-SE_EBSD_SameSliceSerialSectioning_2,SerialSectioning,In718-SolutionStrengthened_SEM-SE_EBSD_SameSliceSerialSectioning,control,ma_roma,direct,none,5,1024,1536,433,512,44,10000,3760,affine,"[1.9932348602840744, -0.09215423247621081, 267.0032210147958, -0.06619722241235919, 2.863413662089852, -67.98282215059857, 0.0, 0.0, 1.0]",15.603,12.055,1.49,ok,
eval_In718-SolutionStrengthened_SEM-SE_EBSD_SameSliceSerialSectioning_3#0,eval_In718-SolutionStrengthened_SEM-SE_EBSD_SameSliceSerialSectioning_3,SerialSectioning,In718-SolutionStrengthened_SEM-SE_EBSD_SameSliceSerialSectioning,core,ma_roma,direct,none,0,1024,1536,433,512,53,10000,2698,affine,"[1.9883100682099146, -0.0524717622816982, 267.4335412186105, -0.1466493202035334, 2.749259673504161, -18.764573917961172, 0.0, 0.0, 1.0]",11.008,9.646,1.40,ok,
eval_In718-SolutionStrengthened_SEM-SE_EBSD_SameSliceSerialSectioning_3#0,eval_In718-SolutionStrengthened_SEM-SE_EBSD_SameSliceSerialSectioning_3,SerialSectioning,In718-SolutionStrengthened_SEM-SE_EBSD_SameSliceSerialSectioning,core,ma_roma,pyramid_v2,none,0,1024,1536,433,512,53,10000,2698,affine@direct,"[1.9883100682099146, -0.0524717622816982, 267.4335412186105, -0.1466493202035334, 2.749259673504161, -18.764573917961172, 0.0, 0.0, 1.0]",11.008,9.646,1.42,ok,
eval_In718-SolutionStrengthened_SEM-SE_EBSD_SameSliceSerialSectioning_3#0,eval_In718-SolutionStrengthened_SEM-SE_EBSD_SameSliceSerialSectioning_3,SerialSectioning,In718-SolutionStrengthened_SEM-SE_EBSD_SameSliceSerialSectioning,transform,ma_roma,direct,invert,0,1024,1536,433,512,53,10000,3364,affine,"[1.9987770255050217, -0.07866380815162516, 268.69785982290637, -0.07546239880899255, 2.9114731613488454, -68.26415875805412, 0.0, 0.0, 1.0]",19.386,11.113,1.36,ok,
eval_In718-SolutionStrengthened_SEM-SE_EBSD_SameSliceSerialSectioning_3#0,eval_In718-SolutionStrengthened_SEM-SE_EBSD_SameSliceSerialSectioning_3,SerialSectioning,In718-SolutionStrengthened_SEM-SE_EBSD_SameSliceSerialSectioning,transform,ma_roma,direct,histmatch,0,1024,1536,433,512,53,10000,2763,homography,"[1.767478061552637, 0.5135002695169899, 243.9256769412954, -0.20140751098723791, 3.1492647356167254, -59.123118819422686, -0.0002712547436477545, 0.0005633882736136337, 1.0]",22.671,15.066,1.42,ok,
eval_In718-SolutionStrengthened_SEM-SE_EBSD_SameSliceSerialSectioning_3#0,eval_In718-SolutionStrengthened_SEM-SE_EBSD_SameSliceSerialSectioning_3,SerialSectioning,In718-SolutionStrengthened_SEM-SE_EBSD_SameSliceSerialSectioning,transform,ma_roma,direct,clahe,0,1024,1536,433,512,53,10000,3035,affine,"[1.9963507136392795, -0.07832950399614845, 267.9520497299553, -0.12545738405573953, 2.941321799301594, -53.969696659881265, 0.0, 0.0, 1.0]",21.064,11.688,1.49,ok,
eval_In718-SolutionStrengthened_SEM-SE_EBSD_SameSliceSerialSectioning_3#0,eval_In718-SolutionStrengthened_SEM-SE_EBSD_SameSliceSerialSectioning_3,SerialSectioning,In718-SolutionStrengthened_SEM-SE_EBSD_SameSliceSerialSectioning,transform,ma_roma,direct,gradmag,0,1024,1536,433,512,53,10000,3314,affine,"[2.017656923164741, -0.11646084562736075, 265.52720121073605, -0.06356031920274656, 2.8837989771539254, -67.75018513924886, 0.0, 0.0, 1.0]",20.374,18.627,1.57,ok,
eval_In718-SolutionStrengthened_SEM-SE_EBSD_SameSliceSerialSectioning_3#0,eval_In718-SolutionStrengthened_SEM-SE_EBSD_SameSliceSerialSectioning_3,SerialSectioning,In718-SolutionStrengthened_SEM-SE_EBSD_SameSliceSerialSectioning,control,ma_roma,direct,none,1,1024,1536,433,512,53,10000,2558,affine,"[2.002641799144266, -0.10991739065348763, 271.44757260015956, -0.0882849087684986, 2.836812105302564, -47.72269526676308, 0.0, 0.0, 1.0]",16.387,10.985,1.40,ok,
eval_In718-SolutionStrengthened_SEM-SE_EBSD_SameSliceSerialSectioning_3#0,eval_In718-SolutionStrengthened_SEM-SE_EBSD_SameSliceSerialSectioning_3,SerialSectioning,In718-SolutionStrengthened_SEM-SE_EBSD_SameSliceSerialSectioning,control,ma_roma,direct,none,2,1024,1536,433,512,53,10000,2642,affine,"[2.001989591042323, -0.004867568639424145, 256.3060829918721, -0.14088682905667127, 2.7619444498775914, -22.075981381610973, 0.0, 0.0, 1.0]",11.365,7.543,1.44,ok,
eval_In718-SolutionStrengthened_SEM-SE_EBSD_SameSliceSerialSectioning_3#0,eval_In718-SolutionStrengthened_SEM-SE_EBSD_SameSliceSerialSectioning_3,SerialSectioning,In718-SolutionStrengthened_SEM-SE_EBSD_SameSliceSerialSectioning,control,ma_roma,direct,none,3,1024,1536,433,512,53,10000,2536,affine,"[2.0104665003486923, -0.013216961555700504, 256.0045609065211, -0.13182195596084706, 2.7502514268068365, -22.121174972932522, 0.0, 0.0, 1.0]",10.921,8.367,1.39,ok,
eval_In718-SolutionStrengthened_SEM-SE_EBSD_SameSliceSerialSectioning_3#0,eval_In718-SolutionStrengthened_SEM-SE_EBSD_SameSliceSerialSectioning_3,SerialSectioning,In718-SolutionStrengthened_SEM-SE_EBSD_SameSliceSerialSectioning,control,ma_roma,direct,none,4,1024,1536,433,512,53,10000,2745,affine,"[1.9853140056006897, -0.06004499578674178, 269.4155249090411, -0.1522836435803108, 2.7306327099249685, -14.819815284059814, 0.0, 0.0, 1.0]",10.908,8.252,1.43,ok,
eval_In718-SolutionStrengthened_SEM-SE_EBSD_SameSliceSerialSectioning_3#0,eval_In718-SolutionStrengthened_SEM-SE_EBSD_SameSliceSerialSectioning_3,SerialSectioning,In718-SolutionStrengthened_SEM-SE_EBSD_SameSliceSerialSectioning,control,ma_roma,direct,none,5,1024,1536,433,512,53,10000,2424,affine,"[1.9961147190332882, -0.11976589985847273, 275.72030651497863, -0.1200543296923437, 2.7818392121670192, -29.469253977444907, 0.0, 0.0, 1.0]",14.050,13.174,1.37,ok,
eval_In718-SolutionStrengthened_SEM-SE_EBSD_SameSliceSerialSectioning_3#1,eval_In718-SolutionStrengthened_SEM-SE_EBSD_SameSliceSerialSectioning_3,SerialSectioning,In718-SolutionStrengthened_SEM-SE_EBSD_SameSliceSerialSectioning,core,ma_roma,direct,none,0,1024,1536,433,512,53,10000,2772,affine,"[2.013023626029434, -0.11302864614347946, 266.97108238726844, -0.04873126568822301, 2.8643789495985637, -71.95642973377602, 0.0, 0.0, 1.0]",20.319,17.805,1.49,ok,
eval_In718-SolutionStrengthened_SEM-SE_EBSD_SameSliceSerialSectioning_3#1,eval_In718-SolutionStrengthened_SEM-SE_EBSD_SameSliceSerialSectioning_3,SerialSectioning,In718-SolutionStrengthened_SEM-SE_EBSD_SameSliceSerialSectioning,core,ma_roma,pyramid_v2,none,0,1024,1536,433,512,53,10000,2772,affine@direct,"[2.013023626029434, -0.11302864614347946, 266.97108238726844, -0.04873126568822301, 2.8643789495985637, -71.95642973377602, 0.0, 0.0, 1.0]",20.319,17.805,1.41,ok,
eval_In718-SolutionStrengthened_SEM-SE_EBSD_SameSliceSerialSectioning_3#1,eval_In718-SolutionStrengthened_SEM-SE_EBSD_SameSliceSerialSectioning_3,SerialSectioning,In718-SolutionStrengthened_SEM-SE_EBSD_SameSliceSerialSectioning,transform,ma_roma,direct,invert,0,1024,1536,433,512,53,10000,3270,affine,"[1.9971319575355722, -0.04679672037259909, 264.29877605541236, -0.10470553090953337, 2.8896811729191807, -54.936590255812916, 0.0, 0.0, 1.0]",16.677,8.539,1.44,ok,
eval_In718-SolutionStrengthened_SEM-SE_EBSD_SameSliceSerialSectioning_3#1,eval_In718-SolutionStrengthened_SEM-SE_EBSD_SameSliceSerialSectioning_3,SerialSectioning,In718-SolutionStrengthened_SEM-SE_EBSD_SameSliceSerialSectioning,transform,ma_roma,direct,histmatch,0,1024,1536,433,512,53,10000,2219,affine,"[1.9933395049434428, -0.10721376512877402, 275.08389917113004, -0.022567794086941283, 2.854213281409243, -80.45273240247923, 0.0, 0.0, 1.0]",20.972,15.227,1.35,ok,
eval_In718-SolutionStrengthened_SEM-SE_EBSD_SameSliceSerialSectioning_3#1,eval_In718-SolutionStrengthened_SEM-SE_EBSD_SameSliceSerialSectioning_3,SerialSectioning,In718-SolutionStrengthened_SEM-SE_EBSD_SameSliceSerialSectioning,transform,ma_roma,direct,clahe,0,1024,1536,433,512,53,10000,2369,affine,"[1.9749862837559176, -0.04534287406432325, 268.56845900758117, -0.11901467032561412, 2.8502964333892034, -49.00985437707561, 0.0, 0.0, 1.0]",15.473,10.987,1.39,ok,
eval_In718-SolutionStrengthened_SEM-SE_EBSD_SameSliceSerialSectioning_3#1,eval_In718-SolutionStrengthened_SEM-SE_EBSD_SameSliceSerialSectioning_3,SerialSectioning,In718-SolutionStrengthened_SEM-SE_EBSD_SameSliceSerialSectioning,transform,ma_roma,direct,gradmag,0,1024,1536,433,512,53,10000,2078,affine,"[1.9677989724598148, -0.10999309977431963, 286.1440901588247, -0.058001034310902894, 2.866403247524215, -69.8088611797723, 0.0, 0.0, 1.0]",19.258,13.832,1.61,ok,
eval_In718-SolutionStrengthened_SEM-SE_EBSD_SameSliceSerialSectioning_3#1,eval_In718-SolutionStrengthened_SEM-SE_EBSD_SameSliceSerialSectioning_3,SerialSectioning,In718-SolutionStrengthened_SEM-SE_EBSD_SameSliceSerialSectioning,control,ma_roma,direct,none,1,1024,1536,433,512,53,10000,2817,affine,"[2.0078769419230196, -0.09445732246214036, 266.96356026664967, -0.06853380591349398, 2.8863919713001605, -67.52336274337642, 0.0, 0.0, 1.0]",18.892,17.801,1.37,ok,
eval_In718-SolutionStrengthened_SEM-SE_EBSD_SameSliceSerialSectioning_3#1,eval_In718-SolutionStrengthened_SEM-SE_EBSD_SameSliceSerialSectioning_3,SerialSectioning,In718-SolutionStrengthened_SEM-SE_EBSD_SameSliceSerialSectioning,control,ma_roma,direct,none,2,1024,1536,433,512,53,10000,2821,affine,"[1.985941074740238, -0.09408921455318926, 274.43978281970334, -0.13162909682153356, 2.848314563784287, -43.416545002626265, 0.0, 0.0, 1.0]",15.279,10.380,1.39,ok,
eval_In718-SolutionStrengthened_SEM-SE_EBSD_SameSliceSerialSectioning_3#1,eval_In718-SolutionStrengthened_SEM-SE_EBSD_SameSliceSerialSectioning_3,SerialSectioning,In718-SolutionStrengthened_SEM-SE_EBSD_SameSliceSerialSectioning,control,ma_roma,direct,none,3,1024,1536,433,512,53,10000,2913,affine,"[2.0005156237346973, -0.09073178253540094, 269.0823586933699, -0.08259559544833664, 2.882494743675461, -62.550448606633495, 0.0, 0.0, 1.0]",17.765,14.662,1.41,ok,
eval_In718-SolutionStrengthened_SEM-SE_EBSD_SameSliceSerialSectioning_3#1,eval_In718-SolutionStrengthened_SEM-SE_EBSD_SameSliceSerialSectioning_3,SerialSectioning,In718-SolutionStrengthened_SEM-SE_EBSD_SameSliceSerialSectioning,control,ma_roma,direct,none,4,1024,1536,433,512,53,10000,2907,affine,"[2.002587154954902, -0.09966790889763442, 269.1336612829343, -0.06499463520898456, 2.867121601995344, -66.87463387951004, 0.0, 0.0, 1.0]",18.473,16.803,1.39,ok,
eval_In718-SolutionStrengthened_SEM-SE_EBSD_SameSliceSerialSectioning_3#1,eval_In718-SolutionStrengthened_SEM-SE_EBSD_SameSliceSerialSectioning_3,SerialSectioning,In718-SolutionStrengthened_SEM-SE_EBSD_SameSliceSerialSectioning,control,ma_roma,direct,none,5,1024,1536,433,512,53,10000,2991,affine,"[1.9816303414056227, -0.0866299352835255, 274.7185015883366, -0.1022737919734471, 2.8912372819071854, -57.9533916811269, 0.0, 0.0, 1.0]",17.635,9.438,1.31,ok,
eval_MoTaTiZrHf-HEA-DDRX-1100C_TEM_DislocationCharacterization_0#0,eval_MoTaTiZrHf-HEA-DDRX-1100C_TEM_DislocationCharacterization_0,DislocationCharacterization,MoTaTiZrHf-HEA-DDRX-1100C_TEM_DislocationCharacterization,core,ma_roma,direct,none,0,2192,2048,2192,2048,24,10000,7615,homography,"[0.9763246907138573, -0.06308102744978575, 51.088673586540246, 0.0013386857189751718, 0.9983856033558597, -45.30110953867185, 2.555870466664336e-07, 3.275013140758152e-06, 1.0]",28.542,32.153,1.65,ok,
eval_MoTaTiZrHf-HEA-DDRX-1100C_TEM_DislocationCharacterization_0#0,eval_MoTaTiZrHf-HEA-DDRX-1100C_TEM_DislocationCharacterization_0,DislocationCharacterization,MoTaTiZrHf-HEA-DDRX-1100C_TEM_DislocationCharacterization,core,ma_roma,pyramid_v2,none,0,2192,2048,2192,2048,24,10000,7615,homography@direct,"[0.9763246907138573, -0.06308102744978575, 51.088673586540246, 0.0013386857189751718, 0.9983856033558597, -45.30110953867185, 2.555870466664336e-07, 3.275013140758152e-06, 1.0]",28.542,32.153,1.66,ok,
eval_MoTaTiZrHf-HEA-DDRX-1100C_TEM_DislocationCharacterization_0#0,eval_MoTaTiZrHf-HEA-DDRX-1100C_TEM_DislocationCharacterization_0,DislocationCharacterization,MoTaTiZrHf-HEA-DDRX-1100C_TEM_DislocationCharacterization,transform,ma_roma,direct,invert,0,2192,2048,2192,2048,24,10000,2738,homography,"[0.9969083274944881, -0.013038928716080471, 26.51407248698977, 0.001948512292554887, 1.0274010573254448, -69.28012904674473, 8.366852839830524e-07, -2.549319528783862e-06, 1.0]",60.089,60.551,1.78,ok,
eval_MoTaTiZrHf-HEA-DDRX-1100C_TEM_DislocationCharacterization_0#0,eval_MoTaTiZrHf-HEA-DDRX-1100C_TEM_DislocationCharacterization_0,DislocationCharacterization,MoTaTiZrHf-HEA-DDRX-1100C_TEM_DislocationCharacterization,transform,ma_roma,direct,histmatch,0,2192,2048,2192,2048,24,10000,7444,homography,"[0.9763124113435852, -0.06332959622680183, 50.95948854505437, 0.0010307762798063393, 0.997981675528817, -44.92933524610059, 1.8948775397682723e-07, 3.2224623009005723e-06, 1.0]",28.813,32.538,2.06,ok,
eval_MoTaTiZrHf-HEA-DDRX-1100C_TEM_DislocationCharacterization_0#0,eval_MoTaTiZrHf-HEA-DDRX-1100C_TEM_DislocationCharacterization_0,DislocationCharacterization,MoTaTiZrHf-HEA-DDRX-1100C_TEM_DislocationCharacterization,transform,ma_roma,direct,clahe,0,2192,2048,2192,2048,24,10000,7828,homography,"[0.9765341168457554, -0.06318239042742047, 50.80592364199372, 0.0012424559363579026, 0.9983158998396543, -45.04116100849373, 2.893203301978817e-07, 3.432796981835916e-06, 1.0]",28.974,32.526,1.79,ok,
eval_MoTaTiZrHf-HEA-DDRX-1100C_TEM_DislocationCharacterization_0#0,eval_MoTaTiZrHf-HEA-DDRX-1100C_TEM_DislocationCharacterization_0,DislocationCharacterization,MoTaTiZrHf-HEA-DDRX-1100C_TEM_DislocationCharacterization,transform,ma_roma,direct,gradmag,0,2192,2048,2192,2048,24,10000,1111,affine,"[0.9997643118182372, 0.0014494823178407635, -3.0068971877581254, -0.000305008235222351, 1.0125361850679058, -26.33811354067393, 0.0, 0.0, 1.0]",65.637,61.878,1.96,ok,
eval_MoTaTiZrHf-HEA-DDRX-1100C_TEM_DislocationCharacterization_0#0,eval_MoTaTiZrHf-HEA-DDRX-1100C_TEM_DislocationCharacterization_0,DislocationCharacterization,MoTaTiZrHf-HEA-DDRX-1100C_TEM_DislocationCharacterization,control,ma_roma,direct,none,1,2192,2048,2192,2048,24,10000,7562,homography,"[0.9766753077307834, -0.06291757092046027, 50.862286024471686, 0.0012388689054892614, 0.9990617577063188, -45.388527280564425, 3.4526034044643197e-07, 3.6686046303484083e-06, 1.0]",28.838,32.198,1.67,ok,
eval_MoTaTiZrHf-HEA-DDRX-1100C_TEM_DislocationCharacterization_0#0,eval_MoTaTiZrHf-HEA-DDRX-1100C_TEM_DislocationCharacterization_0,DislocationCharacterization,MoTaTiZrHf-HEA-DDRX-1100C_TEM_DislocationCharacterization,control,ma_roma,direct,none,2,2192,2048,2192,2048,24,10000,7560,homography,"[0.9765825234857393, -0.0629211934602305, 50.89343349723825, 0.0012503973434252482, 0.9988546321221876, -45.32205627961224, 2.831813843425829e-07, 3.566207608293612e-06, 1.0]",28.685,32.167,1.67,ok,
eval_MoTaTiZrHf-HEA-DDRX-1100C_TEM_DislocationCharacterization_0#0,eval_MoTaTiZrHf-HEA-DDRX-1100C_TEM_DislocationCharacterization_0,DislocationCharacterization,MoTaTiZrHf-HEA-DDRX-1100C_TEM_DislocationCharacterization,control,ma_roma,direct,none,3,2192,2048,2192,2048,24,10000,7489,homography,"[0.976593109008976, -0.06301932148832803, 51.08561698264817, 0.0012991813145784728, 0.9989956534050483, -45.435773684348185, 4.0855907378918343e-07, 3.569820781912279e-06, 0.9999999999999999]",28.803,32.097,1.78,ok,
eval_MoTaTiZrHf-HEA-DDRX-1100C_TEM_DislocationCharacterization_0#0,eval_MoTaTiZrHf-HEA-DDRX-1100C_TEM_DislocationCharacterization_0,DislocationCharacterization,MoTaTiZrHf-HEA-DDRX-1100C_TEM_DislocationCharacterization,control,ma_roma,direct,none,4,2192,2048,2192,2048,24,10000,7537,homography,"[0.976718364023155, -0.0628935094411567, 50.82495134622673, 0.0012628925718676982, 0.9990086481197461, -45.36889263364351, 3.653842629159168e-07, 3.6194815172183947e-06, 1.0]",28.759,32.180,1.82,ok,
eval_MoTaTiZrHf-HEA-DDRX-1100C_TEM_DislocationCharacterization_0#0,eval_MoTaTiZrHf-HEA-DDRX-1100C_TEM_DislocationCharacterization_0,DislocationCharacterization,MoTaTiZrHf-HEA-DDRX-1100C_TEM_DislocationCharacterization,control,ma_roma,direct,none,5,2192,2048,2192,2048,24,10000,7512,homography,"[0.9766852263071443, -0.06296728554198382, 50.97119810368774, 0.001406721865684404, 0.9987606420764643, -45.43000646640485, 3.8662224361347503e-07, 3.4218875847959404e-06, 1.0]",28.518,32.070,1.82,ok,
eval_MoTaTiZrHf-HEA-DDRX-1100C_TEM_DislocationCharacterization_0#1,eval_MoTaTiZrHf-HEA-DDRX-1100C_TEM_DislocationCharacterization_0,DislocationCharacterization,MoTaTiZrHf-HEA-DDRX-1100C_TEM_DislocationCharacterization,core,ma_roma,direct,none,0,2192,2048,2192,2048,24,10000,4873,affine,"[0.9740228000045346, -0.06247217509907877, 55.06757030364213, -5.542637282408473e-05, 0.9941698123599221, -47.19393100708032, 0.0, 0.0, 1.0]",22.489,24.971,1.70,ok,
eval_MoTaTiZrHf-HEA-DDRX-1100C_TEM_DislocationCharacterization_0#1,eval_MoTaTiZrHf-HEA-DDRX-1100C_TEM_DislocationCharacterization_0,DislocationCharacterization,MoTaTiZrHf-HEA-DDRX-1100C_TEM_DislocationCharacterization,core,ma_roma,pyramid_v2,none,0,2192,2048,2192,2048,24,10000,4873,affine@direct,"[0.9740228000045346, -0.06247217509907877, 55.06757030364213, -5.542637282408473e-05, 0.9941698123599221, -47.19393100708032, 0.0, 0.0, 1.0]",22.489,24.971,1.77,ok,
eval_MoTaTiZrHf-HEA-DDRX-1100C_TEM_DislocationCharacterization_0#1,eval_MoTaTiZrHf-HEA-DDRX-1100C_TEM_DislocationCharacterization_0,DislocationCharacterization,MoTaTiZrHf-HEA-DDRX-1100C_TEM_DislocationCharacterization,transform,ma_roma,direct,invert,0,2192,2048,2192,2048,24,10000,2388,homography,"[1.0283373695023754, 0.017997569612044306, -39.325412706555944, 0.004257990959005556, 1.072823071398029, -101.42645099462528, 1.8818755958124675e-06, 1.1827822698308138e-05, 0.9999999999999999]",61.940,64.939,1.78,ok,
eval_MoTaTiZrHf-HEA-DDRX-1100C_TEM_DislocationCharacterization_0#1,eval_MoTaTiZrHf-HEA-DDRX-1100C_TEM_DislocationCharacterization_0,DislocationCharacterization,MoTaTiZrHf-HEA-DDRX-1100C_TEM_DislocationCharacterization,transform,ma_roma,direct,histmatch,0,2192,2048,2192,2048,24,10000,5236,homography,"[0.9721102472040442, -0.06172058105665386, 54.99151624938988, -0.00144298167852829, 0.9912633993039567, -44.750210835520015, -1.3844047693314547e-06, 1.2925626167200829e-08, 1.0]",22.017,24.004,1.95,ok,
eval_MoTaTiZrHf-HEA-DDRX-1100C_TEM_DislocationCharacterization_0#1,eval_MoTaTiZrHf-HEA-DDRX-1100C_TEM_DislocationCharacterization_0,DislocationCharacterization,MoTaTiZrHf-HEA-DDRX-1100C_TEM_DislocationCharacterization,transform,ma_roma,direct,clahe,0,2192,2048,2192,2048,24,10000,4910,affine,"[0.974479482236433, -0.06298088402687999, 54.991656901293936, -0.00020255192660061192, 0.9926532164989513, -46.07141757123725, 0.0, 0.0, 1.0]",22.824,25.584,1.87,ok,
eval_MoTaTiZrHf-HEA-DDRX-1100C_TEM_DislocationCharacterization_0#1,eval_MoTaTiZrHf-HEA-DDRX-1100C_TEM_DislocationCharacterization_0,DislocationCharacterization,MoTaTiZrHf-HEA-DDRX-1100C_TEM_DislocationCharacterization,transform,ma_roma,direct,gradmag,0,2192,2048,2192,2048,24,10000,2701,homography,"[1.104935769828781, 0.05079347365419282, -108.3381906654341, 0.003935577583934186, 1.224859151170473, -261.6584016922116, 1.5818274935761045e-06, 4.795785946706927e-05, 1.0]",90.603,88.614,1.94,ok,
eval_MoTaTiZrHf-HEA-DDRX-1100C_TEM_DislocationCharacterization_0#1,eval_MoTaTiZrHf-HEA-DDRX-1100C_TEM_DislocationCharacterization_0,DislocationCharacterization,MoTaTiZrHf-HEA-DDRX-1100C_TEM_DislocationCharacterization,control,ma_roma,direct,none,1,2192,2048,2192,2048,24,10000,2705,homography,"[1.0108261874595696, 0.006839814621500449, -14.469923967454895, 0.0005203710689588407, 1.0368824840396373, -55.696678811101336, 2.1668903323360182e-07, 5.024008477045003e-06, 0.9999999999999999]",62.179,60.250,1.79,ok,
eval_MoTaTiZrHf-HEA-DDRX-1100C_TEM_DislocationCharacterization_0#1,eval_MoTaTiZrHf-HEA-DDRX-1100C_TEM_DislocationCharacterization_0,DislocationCharacterization,MoTaTiZrHf-HEA-DDRX-1100C_TEM_DislocationCharacterization,control,ma_roma,direct,none,2,2192,2048,2192,2048,24,10000,2994,affine,"[0.9998383976222868, -0.0122564973603507, 25.808361486489957, 0.00035734588864876516, 1.0235351162532824, -50.21763105322725, 0.0, 0.0, 1.0]",62.675,64.853,1.68,ok,
eval_MoTaTiZrHf-HEA-DDRX-1100C_TEM_DislocationCharacterization_0#1,eval_MoTaTiZrHf-HEA-DDRX-1100C_TEM_DislocationCharacterization_0,DislocationCharacterization,MoTaTiZrHf-HEA-DDRX-1100C_TEM_DislocationCharacterization,control,ma_roma,direct,none,3,2192,2048,2192,2048,24,10000,4044,homography,"[0.9762040348388069, -0.022334214925133027, 46.71450887082194, 0.0008275931540777766, 0.9985683948775886, -49.04334252040328, 5.442131229326011e-07, -1.1730507960998135e-05, 0.9999999999999999]",57.139,56.659,1.61,ok,
eval_MoTaTiZrHf-HEA-DDRX-1100C_TEM_DislocationCharacterization_0#1,eval_MoTaTiZrHf-HEA-DDRX-1100C_TEM_DislocationCharacterization_0,DislocationCharacterization,MoTaTiZrHf-HEA-DDRX-1100C_TEM_DislocationCharacterization,control,ma_roma,direct,none,4,2192,2048,2192,2048,24,10000,4867,homography,"[0.9741936341575379, -0.060262879500554194, 54.02596231827278, -0.0006630676308430802, 0.9965669971957963, -46.8734743676878, -7.980931255757501e-07, 2.9625516706186043e-06, 1.0]",23.505,25.945,1.67,ok,
eval_MoTaTiZrHf-HEA-DDRX-1100C_TEM_DislocationCharacterization_0#1,eval_MoTaTiZrHf-HEA-DDRX-1100C_TEM_DislocationCharacterization_0,DislocationCharacterization,MoTaTiZrHf-HEA-DDRX-1100C_TEM_DislocationCharacterization,control,ma_roma,direct,none,5,2192,2048,2192,2048,24,10000,4990,homography,"[0.9748429286391024, -0.05984505264962149, 53.73365083136755, -0.000491690841432328, 0.9977971244407685, -47.32349083179794, -5.710074021289679e-07, 3.6190403113505143e-06, 1.0]",23.830,26.435,1.70,ok,
eval_MoTaTiZrHf-HEA-DDRX-1100C_TEM_DislocationCharacterization_0#2,eval_MoTaTiZrHf-HEA-DDRX-1100C_TEM_DislocationCharacterization_0,DislocationCharacterization,MoTaTiZrHf-HEA-DDRX-1100C_TEM_DislocationCharacterization,core,ma_roma,direct,none,0,2192,2048,2192,2048,24,10000,3921,homography,"[0.9729489371968182, -0.05413764619464798, 51.38778820312183, -0.0022143692227991627, 0.9967607592329778, -47.413091674926996, -1.8994597911969524e-06, 2.876087591389217e-06, 1.0]",19.477,19.631,1.73,ok,
eval_MoTaTiZrHf-HEA-DDRX-1100C_TEM_DislocationCharacterization_0#2,eval_MoTaTiZrHf-HEA-DDRX-1100C_TEM_DislocationCharacterization_0,DislocationCharacterization,MoTaTiZrHf-HEA-DDRX-1100C_TEM_DislocationCharacterization,core,ma_roma,pyramid_v2,none,0,2192,2048,2192,2048,24,10000,3921,homography@direct,"[0.9729489371968182, -0.05413764619464798, 51.38778820312183, -0.0022143692227991627, 0.9967607592329778, -47.413091674926996, -1.8994597911969524e-06, 2.876087591389217e-06, 1.0]",19.477,19.631,1.83,ok,
eval_MoTaTiZrHf-HEA-DDRX-1100C_TEM_DislocationCharacterization_0#2,eval_MoTaTiZrHf-HEA-DDRX-1100C_TEM_DislocationCharacterization_0,DislocationCharacterization,MoTaTiZrHf-HEA-DDRX-1100C_TEM_DislocationCharacterization,transform,ma_roma,direct,invert,0,2192,2048,2192,2048,24,10000,1750,affine,"[1.0005882447370966, -0.013659590983326869, 29.680712516193353, -0.0006142249479854114, 1.0271821019751017, -56.7284302547605, 0.0, 0.0, 1.0]",63.101,65.729,1.72,ok,
eval_MoTaTiZrHf-HEA-DDRX-1100C_TEM_DislocationCharacterization_0#2,eval_MoTaTiZrHf-HEA-DDRX-1100C_TEM_DislocationCharacterization_0,DislocationCharacterization,MoTaTiZrHf-HEA-DDRX-1100C_TEM_DislocationCharacterization,transform,ma_roma,direct,histmatch,0,2192,2048,2192,2048,24,10000,4826,homography,"[0.9734918787278336, -0.05437487816922907, 52.132513499773644, -0.0023180720545054557, 0.9982927511702598, -47.755017115743875, -1.8194740871901447e-06, 4.2952836031844e-06, 1.0]",20.758,22.461,1.97,ok,
eval_MoTaTiZrHf-HEA-DDRX-1100C_TEM_DislocationCharacterization_0#2,eval_MoTaTiZrHf-HEA-DDRX-1100C_TEM_DislocationCharacterization_0,DislocationCharacterization,MoTaTiZrHf-HEA-DDRX-1100C_TEM_DislocationCharacterization,transform,ma_roma,direct,clahe,0,2192,2048,2192,2048,24,10000,3682,homography,"[0.9762642007099969, -0.05921799732466019, 51.69549754235793, -0.0007520740862890069, 0.997323083360717, -48.905373868143215, -5.433453123948936e-07, 2.4235846900846365e-06, 1.0]",22.336,23.862,1.89,ok,
eval_MoTaTiZrHf-HEA-DDRX-1100C_TEM_DislocationCharacterization_0#2,eval_MoTaTiZrHf-HEA-DDRX-1100C_TEM_DislocationCharacterization_0,DislocationCharacterization,MoTaTiZrHf-HEA-DDRX-1100C_TEM_DislocationCharacterization,transform,ma_roma,direct,gradmag,0,2192,2048,2192,2048,24,10000,1050,affine,"[0.9995753987368657, 0.00751002739911346, -15.87520058169514, 0.0004993714796395786, 1.020019343913359, -43.55012373331692, 0.0, 0.0, 1.0]",61.268,62.297,2.00,ok,
eval_MoTaTiZrHf-HEA-DDRX-1100C_TEM_DislocationCharacterization_0#2,eval_MoTaTiZrHf-HEA-DDRX-1100C_TEM_DislocationCharacterization_0,DislocationCharacterization,MoTaTiZrHf-HEA-DDRX-1100C_TEM_DislocationCharacterization,control,ma_roma,direct,none,1,2192,2048,2192,2048,24,10000,2329,homography,"[1.0840386297403075, 0.01562521251086187, -33.31468909621319, 0.0022481578547456733, 1.1805094632912532, -207.09570262740357, 8.257110848069428e-07, 3.910796596673842e-05, 1.0]",90.284,97.840,1.84,ok,
eval_MoTaTiZrHf-HEA-DDRX-1100C_TEM_DislocationCharacterization_0#2,eval_MoTaTiZrHf-HEA-DDRX-1100C_TEM_DislocationCharacterization_0,DislocationCharacterization,MoTaTiZrHf-HEA-DDRX-1100C_TEM_DislocationCharacterization,control,ma_roma,direct,none,2,2192,2048,2192,2048,24,10000,3886,homography,"[0.9722325647807426, -0.0538528473642541, 51.77922338571829, -0.002369289623075719, 0.9965587451934163, -47.28911873819142, -2.086640194110978e-06, 2.7418147071968393e-06, 1.0]",19.137,18.975,1.68,ok,
eval_MoTaTiZrHf-HEA-DDRX-1100C_TEM_DislocationCharacterization_0#2,eval_MoTaTiZrHf-HEA-DDRX-1100C_TEM_DislocationCharacterization_0,DislocationCharacterization,MoTaTiZrHf-HEA-DDRX-1100C_TEM_DislocationCharacterization,control,ma_roma,direct,none,3,2192,2048,2192,2048,24,10000,3881,homography,"[0.9725262068657119, -0.05336516543242922, 51.28345979554021, -0.0023146658913864083, 0.9966497188505328, -47.385431030796795, -2.01461609946931e-06, 2.8205669961786078e-06, 1.0]",19.052,18.654,1.81,ok,
eval_MoTaTiZrHf-HEA-DDRX-1100C_TEM_DislocationCharacterization_0#2,eval_MoTaTiZrHf-HEA-DDRX-1100C_TEM_DislocationCharacterization_0,DislocationCharacterization,MoTaTiZrHf-HEA-DDRX-1100C_TEM_DislocationCharacterization,control,ma_roma,direct,none,4,2192,2048,2192,2048,24,10000,3984,homography,"[0.9734359865643359, -0.05405221539137411, 51.3150449280404, -0.002201542253366457, 0.9979398204373358, -47.79443060253678, -1.7494364661883196e-06, 3.460899039172894e-06, 1.0]",19.846,20.787,1.77,ok,
eval_MoTaTiZrHf-HEA-DDRX-1100C_TEM_DislocationCharacterization_0#2,eval_MoTaTiZrHf-HEA-DDRX-1100C_TEM_DislocationCharacterization_0,DislocationCharacterization,MoTaTiZrHf-HEA-DDRX-1100C_TEM_DislocationCharacterization,control,ma_roma,direct,none,5,2192,2048,2192,2048,24,10000,2599,affine,"[0.9995197473095319, -0.011232141460357453, 24.108924095453062, 0.0007330884274868529, 1.0257684381982346, -55.1561055849736, 0.0, 0.0, 1.0]",61.824,63.824,1.74,ok,
eval_MoTaTiZrHf-HEA-DDRX-1100C_TEM_DislocationCharacterization_0#3,eval_MoTaTiZrHf-HEA-DDRX-1100C_TEM_DislocationCharacterization_0,DislocationCharacterization,MoTaTiZrHf-HEA-DDRX-1100C_TEM_DislocationCharacterization,core,ma_roma,direct,none,0,2192,2048,2192,2048,24,10000,5251,homography,"[0.964660613221244, -0.05766809468085007, 57.51237844661658, -0.0022085930227902263, 0.9885078761717097, -59.2794911769201, -4.906899870355583e-06, -6.427853283963775e-07, 1.0]",25.069,25.083,1.68,ok,
eval_MoTaTiZrHf-HEA-DDRX-1100C_TEM_DislocationCharacterization_0#3,eval_MoTaTiZrHf-HEA-DDRX-1100C_TEM_DislocationCharacterization_0,DislocationCharacterization,MoTaTiZrHf-HEA-DDRX-1100C_TEM_DislocationCharacterization,core,ma_roma,pyramid_v2,none,0,2192,2048,2192,2048,24,10000,5251,homography@direct,"[0.964660613221244, -0.05766809468085007, 57.51237844661658, -0.0022085930227902263, 0.9885078761717097, -59.2794911769201, -4.906899870355583e-06, -6.427853283963775e-07, 1.0]",25.069,25.083,1.64,ok,
eval_MoTaTiZrHf-HEA-DDRX-1100C_TEM_DislocationCharacterization_0#3,eval_MoTaTiZrHf-HEA-DDRX-1100C_TEM_DislocationCharacterization_0,DislocationCharacterization,MoTaTiZrHf-HEA-DDRX-1100C_TEM_DislocationCharacterization,transform,ma_roma,direct,invert,0,2192,2048,2192,2048,24,10000,8234,homography,"[0.9757820371375971, -0.06115419279484383, 53.5413612824254, -0.0006456561900158661, 0.9972251602322296, -46.55608423556215, -4.6160524676725597e-07, 3.512559493876074e-06, 1.0]",24.580,27.828,1.64,ok,
eval_MoTaTiZrHf-HEA-DDRX-1100C_TEM_DislocationCharacterization_0#3,eval_MoTaTiZrHf-HEA-DDRX-1100C_TEM_DislocationCharacterization_0,DislocationCharacterization,MoTaTiZrHf-HEA-DDRX-1100C_TEM_DislocationCharacterization,transform,ma_roma,direct,histmatch,0,2192,2048,2192,2048,24,10000,5398,homography,"[0.9690978887460681, -0.05983254766274703, 56.92336276979021, -0.001814662598331148, 0.992614186919076, -59.78975123592418, -2.656429536694655e-06, 3.02797155356654e-07, 1.0]",26.498,26.388,2.09,ok,
eval_MoTaTiZrHf-HEA-DDRX-1100C_TEM_DislocationCharacterization_0#3,eval_MoTaTiZrHf-HEA-DDRX-1100C_TEM_DislocationCharacterization_0,DislocationCharacterization,MoTaTiZrHf-HEA-DDRX-1100C_TEM_DislocationCharacterization,transform,ma_roma,direct,clahe,0,2192,2048,2192,2048,24,10000,5106,affine,"[0.9746150467374085, -0.05908353909292173, 54.783466524337655, -0.0003321357334361668, 0.9968401927636767, -62.599301626267675, 0.0, 0.0, 1.0]",24.986,24.831,1.73,ok,
eval_MoTaTiZrHf-HEA-DDRX-1100C_TEM_DislocationCharacterization_0#3,eval_MoTaTiZrHf-HEA-DDRX-1100C_TEM_DislocationCharacterization_0,DislocationCharacterization,MoTaTiZrHf-HEA-DDRX-1100C_TEM_DislocationCharacterization,transform,ma_roma,direct,gradmag,0,2192,2048,2192,2048,24,10000,1380,affine,"[1.0004252420588777, -0.003448893577089903, 7.236499340828345, 0.00011867607107996181, 1.0133380097034987, -28.54001868553678, 0.0, 0.0, 1.0]",66.059,64.445,1.87,ok,
eval_MoTaTiZrHf-HEA-DDRX-1100C_TEM_DislocationCharacterization_0#3,eval_MoTaTiZrHf-HEA-DDRX-1100C_TEM_DislocationCharacterization_0,DislocationCharacterization,MoTaTiZrHf-HEA-DDRX-1100C_TEM_DislocationCharacterization,control,ma_roma,direct,none,1,2192,2048,2192,2048,24,10000,5261,homography,"[0.9635347713706499, -0.0579679754850786, 58.086519327727096, -0.0022665324056411495, 0.9880729077636246, -59.238167127548614, -5.435659634819197e-06, -7.611396439853396e-07, 1.0]",24.837,25.148,1.63,ok,
eval_MoTaTiZrHf-HEA-DDRX-1100C_TEM_DislocationCharacterization_0#3,eval_MoTaTiZrHf-HEA-DDRX-1100C_TEM_DislocationCharacterization_0,DislocationCharacterization,MoTaTiZrHf-HEA-DDRX-1100C_TEM_DislocationCharacterization,control,ma_roma,direct,none,2,2192,2048,2192,2048,24,10000,5311,homography,"[0.9614770125492712, -0.06234434142850575, 59.74736417116554, -0.002108209565424334, 0.9852593636938654, -59.12080695555142, -5.7061963661689876e-06, -5.5606936029185465e-06, 1.0]",21.395,20.221,1.70,ok,
eval_MoTaTiZrHf-HEA-DDRX-1100C_TEM_DislocationCharacterization_0#3,eval_MoTaTiZrHf-HEA-DDRX-1100C_TEM_DislocationCharacterization_0,DislocationCharacterization,MoTaTiZrHf-HEA-DDRX-1100C_TEM_DislocationCharacterization,control,ma_roma,direct,none,3,2192,2048,2192,2048,24,10000,5284,homography,"[0.9599508467811786, -0.06257825002743116, 60.44464443708296, -0.002093374256337933, 0.9846287315534994, -59.125784912116124, -6.341640951289202e-06, -6.038465618203961e-06, 1.0]",21.085,19.225,1.60,ok,
eval_MoTaTiZrHf-HEA-DDRX-1100C_TEM_DislocationCharacterization_0#3,eval_MoTaTiZrHf-HEA-DDRX-1100C_TEM_DislocationCharacterization_0,DislocationCharacterization,MoTaTiZrHf-HEA-DDRX-1100C_TEM_DislocationCharacterization,control,ma_roma,direct,none,4,2192,2048,2192,2048,24,10000,5247,homography,"[0.9620534029455409, -0.05919121946105368, 58.846225501333414, -0.0022706309186625567, 0.9868897746424825, -59.15568445838267, -5.86601878077237e-06, -2.5308303901936558e-06, 1.0]",22.880,22.762,1.60,ok,
eval_MoTaTiZrHf-HEA-DDRX-1100C_TEM_DislocationCharacterization_0#3,eval_MoTaTiZrHf-HEA-DDRX-1100C_TEM_DislocationCharacterization_0,DislocationCharacterization,MoTaTiZrHf-HEA-DDRX-1100C_TEM_DislocationCharacterization,control,ma_roma,direct,none,5,2192,2048,2192,2048,24,10000,5169,affine,"[0.9754049969274523, -0.05696351024773135, 53.015257264706065, -0.0009029195573615929, 0.9931941511915682, -60.91787895854543, 0.0, 0.0, 1.0]",26.851,26.959,1.58,ok,
eval_MoTaTiZrHf-HEA-DDRX-1100C_TEM_DislocationCharacterization_0#4,eval_MoTaTiZrHf-HEA-DDRX-1100C_TEM_DislocationCharacterization_0,DislocationCharacterization,MoTaTiZrHf-HEA-DDRX-1100C_TEM_DislocationCharacterization,core,ma_roma,direct,none,0,2192,2048,2192,2048,17,10000,1876,affine,"[0.9995849034208641, 0.010909691188723657, -22.553348217603002, -8.323942363572143e-05, 0.9998057922219789, 0.7091294045808354, 0.0, 0.0, 1.0]",187.123,193.180,1.77,ok,
eval_MoTaTiZrHf-HEA-DDRX-1100C_TEM_DislocationCharacterization_0#4,eval_MoTaTiZrHf-HEA-DDRX-1100C_TEM_DislocationCharacterization_0,DislocationCharacterization,MoTaTiZrHf-HEA-DDRX-1100C_TEM_DislocationCharacterization,core,ma_roma,pyramid_v2,none,0,2192,2048,2192,2048,17,10000,1876,affine@direct,"[0.9995849034208641, 0.010909691188723657, -22.553348217603002, -8.323942363572143e-05, 0.9998057922219789, 0.7091294045808354, 0.0, 0.0, 1.0]",187.123,193.180,1.76,ok,
eval_MoTaTiZrHf-HEA-DDRX-1100C_TEM_DislocationCharacterization_0#4,eval_MoTaTiZrHf-HEA-DDRX-1100C_TEM_DislocationCharacterization_0,DislocationCharacterization,MoTaTiZrHf-HEA-DDRX-1100C_TEM_DislocationCharacterization,transform,ma_roma,direct,invert,0,2192,2048,2192,2048,17,10000,2001,affine,"[1.0001378338345528, -0.001733532153985944, 3.9100034888288064, -0.0003591010236380105, 0.9978223379823258, 5.511619873267591, 0.0, 0.0, 1.0]",189.678,195.478,1.79,ok,
eval_MoTaTiZrHf-HEA-DDRX-1100C_TEM_DislocationCharacterization_0#4,eval_MoTaTiZrHf-HEA-DDRX-1100C_TEM_DislocationCharacterization_0,DislocationCharacterization,MoTaTiZrHf-HEA-DDRX-1100C_TEM_DislocationCharacterization,transform,ma_roma,direct,histmatch,0,2192,2048,2192,2048,17,10000,1976,affine,"[0.9996616164794756, 0.00899600140732298, -18.629492861448284, -0.0001188942333403177, 1.0047898012639571, -9.81149761269171, 0.0, 0.0, 1.0]",183.925,191.890,2.05,ok,
eval_MoTaTiZrHf-HEA-DDRX-1100C_TEM_DislocationCharacterization_0#4,eval_MoTaTiZrHf-HEA-DDRX-1100C_TEM_DislocationCharacterization_0,DislocationCharacterization,MoTaTiZrHf-HEA-DDRX-1100C_TEM_DislocationCharacterization,transform,ma_roma,direct,clahe,0,2192,2048,2192,2048,17,10000,1814,affine,"[0.9995894520011457, 0.0030214588050048747, -6.03179593260802, -0.00027356937750214536, 0.9977606504570625, 5.062670117671132, 0.0, 0.0, 1.0]",188.682,194.241,1.91,ok,
eval_MoTaTiZrHf-HEA-DDRX-1100C_TEM_DislocationCharacterization_0#4,eval_MoTaTiZrHf-HEA-DDRX-1100C_TEM_DislocationCharacterization_0,DislocationCharacterization,MoTaTiZrHf-HEA-DDRX-1100C_TEM_DislocationCharacterization,transform,ma_roma,direct,gradmag,0,2192,2048,2192,2048,17,10000,1991,homography,"[1.0101606230593942, 0.014138885741708372, -29.40684575431395, -0.0029847457772189763, 1.0302363063087012, -37.82828940796466, -1.198233215028991e-06, 5.728633865907168e-06, 1.0]",178.227,190.554,1.94,ok,
eval_MoTaTiZrHf-HEA-DDRX-1100C_TEM_DislocationCharacterization_0#4,eval_MoTaTiZrHf-HEA-DDRX-1100C_TEM_DislocationCharacterization_0,DislocationCharacterization,MoTaTiZrHf-HEA-DDRX-1100C_TEM_DislocationCharacterization,control,ma_roma,direct,none,1,2192,2048,2192,2048,17,10000,1936,affine,"[0.9996233498260606, 0.010743296613938726, -22.22807599412124, -0.0001655720009296887, 1.0006230301660464, -0.9638767118499345, 0.0, 0.0, 1.0]",186.569,192.937,1.74,ok,
eval_MoTaTiZrHf-HEA-DDRX-1100C_TEM_DislocationCharacterization_0#4,eval_MoTaTiZrHf-HEA-DDRX-1100C_TEM_DislocationCharacterization_0,DislocationCharacterization,MoTaTiZrHf-HEA-DDRX-1100C_TEM_DislocationCharacterization,control,ma_roma,direct,none,2,2192,2048,2192,2048,17,10000,1894,affine,"[0.9997142927806691, 0.010873410599994592, -22.57878539299338, -0.00014860556183719632, 1.0005756160662018, -0.8697431200153005, 0.0, 0.0, 1.0]",186.619,192.955,1.81,ok,
eval_MoTaTiZrHf-HEA-DDRX-1100C_TEM_DislocationCharacterization_0#4,eval_MoTaTiZrHf-HEA-DDRX-1100C_TEM_DislocationCharacterization_0,DislocationCharacterization,MoTaTiZrHf-HEA-DDRX-1100C_TEM_DislocationCharacterization,control,ma_roma,direct,none,3,2192,2048,2192,2048,17,10000,1846,affine,"[0.9998337304761414, 0.009389699942694958, -19.503103954994458, -0.00014273002489784654, 0.9992029889088213, 2.0338665112753915, 0.0, 0.0, 1.0]",187.603,193.497,1.78,ok,
eval_MoTaTiZrHf-HEA-DDRX-1100C_TEM_DislocationCharacterization_0#4,eval_MoTaTiZrHf-HEA-DDRX-1100C_TEM_DislocationCharacterization_0,DislocationCharacterization,MoTaTiZrHf-HEA-DDRX-1100C_TEM_DislocationCharacterization,control,ma_roma,direct,none,4,2192,2048,2192,2048,17,10000,1887,affine,"[0.9996907779667152, 0.010763263670292475, -22.302495380824325, -0.00018564192990467372, 1.0008805728347132, -1.5310421267190577, 0.0, 0.0, 1.0]",186.372,192.831,1.79,ok,
eval_MoTaTiZrHf-HEA-DDRX-1100C_TEM_DislocationCharacterization_0#4,eval_MoTaTiZrHf-HEA-DDRX-1100C_TEM_DislocationCharacterization_0,DislocationCharacterization,MoTaTiZrHf-HEA-DDRX-1100C_TEM_DislocationCharacterization,control,ma_roma,direct,none,5,2192,2048,2192,2048,17,10000,1899,affine,"[0.9996750792079627, 0.010068244607982793, -20.831826356969714, -8.160613815410556e-05, 0.9998760320639437, 0.5520338174965218, 0.0, 0.0, 1.0]",187.118,193.234,1.80,ok,
eval_MoTaTiZrHf-HEA-DDRX-1100C_TEM_DislocationCharacterization_0#5,eval_MoTaTiZrHf-HEA-DDRX-1100C_TEM_DislocationCharacterization_0,DislocationCharacterization,MoTaTiZrHf-HEA-DDRX-1100C_TEM_DislocationCharacterization,core,ma_roma,direct,none,0,2192,2048,2192,2048,17,10000,5223,affine,"[1.0010633866827443, 0.0025523098509915047, -5.999870865706953, 9.260229913581802e-05, 1.001394563185775, -3.1167856473148277, 0.0, 0.0, 1.0]",186.524,193.836,1.68,ok,
eval_MoTaTiZrHf-HEA-DDRX-1100C_TEM_DislocationCharacterization_0#5,eval_MoTaTiZrHf-HEA-DDRX-1100C_TEM_DislocationCharacterization_0,DislocationCharacterization,MoTaTiZrHf-HEA-DDRX-1100C_TEM_DislocationCharacterization,core,ma_roma,pyramid_v2,none,0,2192,2048,2192,2048,17,10000,5223,affine@direct,"[1.0010633866827443, 0.0025523098509915047, -5.999870865706953, 9.260229913581802e-05, 1.001394563185775, -3.1167856473148277, 0.0, 0.0, 1.0]",186.524,193.836,1.84,ok,
eval_MoTaTiZrHf-HEA-DDRX-1100C_TEM_DislocationCharacterization_0#5,eval_MoTaTiZrHf-HEA-DDRX-1100C_TEM_DislocationCharacterization_0,DislocationCharacterization,MoTaTiZrHf-HEA-DDRX-1100C_TEM_DislocationCharacterization,transform,ma_roma,direct,invert,0,2192,2048,2192,2048,17,10000,2165,affine,"[0.9991093109139358, 0.005985521225182498, -11.756763479593928, -0.0010621113732010704, 1.00220199924768, -3.711267248808781, 0.0, 0.0, 1.0]",185.312,192.561,1.67,ok,
eval_MoTaTiZrHf-HEA-DDRX-1100C_TEM_DislocationCharacterization_0#5,eval_MoTaTiZrHf-HEA-DDRX-1100C_TEM_DislocationCharacterization_0,DislocationCharacterization,MoTaTiZrHf-HEA-DDRX-1100C_TEM_DislocationCharacterization,transform,ma_roma,direct,histmatch,0,2192,2048,2192,2048,17,10000,4089,affine,"[1.000318772509081, 0.00211212427618117, -4.545575822751857, 0.00018113827241881346, 0.9989181289469843, 2.2330256954523975, 0.0, 0.0, 1.0]",188.250,194.598,1.88,ok,
eval_MoTaTiZrHf-HEA-DDRX-1100C_TEM_DislocationCharacterization_0#5,eval_MoTaTiZrHf-HEA-DDRX-1100C_TEM_DislocationCharacterization_0,DislocationCharacterization,MoTaTiZrHf-HEA-DDRX-1100C_TEM_DislocationCharacterization,transform,ma_roma,direct,clahe,0,2192,2048,2192,2048,17,10000,3552,affine,"[1.0003675165629888, 0.0002933773258880698, -0.807463314853976, 0.00040893811091787533, 1.0105100617783644, -22.549557759384243, 0.0, 0.0, 1.0]",180.807,191.373,1.80,ok,
eval_MoTaTiZrHf-HEA-DDRX-1100C_TEM_DislocationCharacterization_0#5,eval_MoTaTiZrHf-HEA-DDRX-1100C_TEM_DislocationCharacterization_0,DislocationCharacterization,MoTaTiZrHf-HEA-DDRX-1100C_TEM_DislocationCharacterization,transform,ma_roma,direct,gradmag,0,2192,2048,2192,2048,17,10000,4642,affine,"[1.000314474441276, 0.008123200657107808, -17.345287265149977, 9.032169119187197e-05, 1.0201435095517957, -43.13641637551609, 0.0, 0.0, 1.0]",173.475,187.003,1.89,ok,
eval_MoTaTiZrHf-HEA-DDRX-1100C_TEM_DislocationCharacterization_0#5,eval_MoTaTiZrHf-HEA-DDRX-1100C_TEM_DislocationCharacterization_0,DislocationCharacterization,MoTaTiZrHf-HEA-DDRX-1100C_TEM_DislocationCharacterization,control,ma_roma,direct,none,1,2192,2048,2192,2048,17,10000,5252,affine,"[1.0009678475293748, 0.0024040102091066884, -5.650575735148777, -3.0433720447271768e-05, 1.0019496431666015, -4.232402008873123, 0.0, 0.0, 1.0]",186.075,193.490,1.60,ok,
eval_MoTaTiZrHf-HEA-DDRX-1100C_TEM_DislocationCharacterization_0#5,eval_MoTaTiZrHf-HEA-DDRX-1100C_TEM_DislocationCharacterization_0,DislocationCharacterization,MoTaTiZrHf-HEA-DDRX-1100C_TEM_DislocationCharacterization,control,ma_roma,direct,none,2,2192,2048,2192,2048,17,10000,5255,affine,"[1.0010108916660374, 0.002237873444751325, -5.3119638495121535, 5.549121564262078e-06, 1.0024393444710862, -5.294398014882063, 0.0, 0.0, 1.0]",185.793,193.419,1.71,ok,
eval_MoTaTiZrHf-HEA-DDRX-1100C_TEM_DislocationCharacterization_0#5,eval_MoTaTiZrHf-HEA-DDRX-1100C_TEM_DislocationCharacterization_0,DislocationCharacterization,MoTaTiZrHf-HEA-DDRX-1100C_TEM_DislocationCharacterization,control,ma_roma,direct,none,3,2192,2048,2192,2048,17,10000,5123,affine,"[1.0009980678609782, 0.0021860987622776855, -5.187571555593195, -1.4686851084496052e-05, 1.0017004217969, -3.7059561631635916, 0.0, 0.0, 1.0]",186.282,193.643,1.59,ok,
eval_MoTaTiZrHf-HEA-DDRX-1100C_TEM_DislocationCharacterization_0#5,eval_MoTaTiZrHf-HEA-DDRX-1100C_TEM_DislocationCharacterization_0,DislocationCharacterization,MoTaTiZrHf-HEA-DDRX-1100C_TEM_DislocationCharacterization,control,ma_roma,direct,none,4,2192,2048,2192,2048,17,10000,5294,homography,"[0.9978575592210276, -0.0008927678349218605, 2.4785917983424213, -0.003014981423841434, 1.0018892132662511, -4.110583938004315, -1.439338964090894e-06, -2.9270054632544482e-08, 1.0]",185.640,193.434,1.68,ok,
eval_MoTaTiZrHf-HEA-DDRX-1100C_TEM_DislocationCharacterization_0#5,eval_MoTaTiZrHf-HEA-DDRX-1100C_TEM_DislocationCharacterization_0,DislocationCharacterization,MoTaTiZrHf-HEA-DDRX-1100C_TEM_DislocationCharacterization,control,ma_roma,direct,none,5,2192,2048,2192,2048,17,10000,5301,affine,"[1.0009788624360358, 0.0024923888014459585, -5.83995210276953, 9.38016301195056e-06, 1.0028042302140707, -6.0847888983716985, 0.0, 0.0, 1.0]",185.512,193.243,1.72,ok,
eval_MoTaTiZrHf-HEA-DDRX-1100C_TEM_DislocationCharacterization_0#6,eval_MoTaTiZrHf-HEA-DDRX-1100C_TEM_DislocationCharacterization_0,DislocationCharacterization,MoTaTiZrHf-HEA-DDRX-1100C_TEM_DislocationCharacterization,core,ma_roma,direct,none,0,2192,2048,2192,2048,17,10000,1618,affine,"[1.002354155949683, 0.025594014050137597, -54.74600845994826, 0.00031463784191919516, 1.005806140144462, -12.443697443146448, 0.0, 0.0, 1.0]",183.828,190.665,1.76,ok,
eval_MoTaTiZrHf-HEA-DDRX-1100C_TEM_DislocationCharacterization_0#6,eval_MoTaTiZrHf-HEA-DDRX-1100C_TEM_DislocationCharacterization_0,DislocationCharacterization,MoTaTiZrHf-HEA-DDRX-1100C_TEM_DislocationCharacterization,core,ma_roma,pyramid_v2,none,0,2192,2048,2192,2048,17,10000,1618,affine@direct,"[1.002354155949683, 0.025594014050137597, -54.74600845994826, 0.00031463784191919516, 1.005806140144462, -12.443697443146448, 0.0, 0.0, 1.0]",183.828,190.665,1.77,ok,
eval_MoTaTiZrHf-HEA-DDRX-1100C_TEM_DislocationCharacterization_0#6,eval_MoTaTiZrHf-HEA-DDRX-1100C_TEM_DislocationCharacterization_0,DislocationCharacterization,MoTaTiZrHf-HEA-DDRX-1100C_TEM_DislocationCharacterization,transform,ma_roma,direct,invert,0,2192,2048,2192,2048,17,10000,2360,homography,"[0.9913834326451858, -0.024340528522306934, 6.358596714742876, 0.0062387915204840366, 0.9943268546304903, -164.82816904464818, -1.7585168916682706e-06, 1.3531142211989133e-05, 1.0]",18.880,20.330,1.81,ok,
eval_MoTaTiZrHf-HEA-DDRX-1100C_TEM_DislocationCharacterization_0#6,eval_MoTaTiZrHf-HEA-DDRX-1100C_TEM_DislocationCharacterization_0,DislocationCharacterization,MoTaTiZrHf-HEA-DDRX-1100C_TEM_DislocationCharacterization,transform,ma_roma,direct,histmatch,0,2192,2048,2192,2048,17,10000,1471,affine,"[1.0008411232318546, 0.018013590684113227, -38.11370207393338, 0.0004168992958741634, 1.0078500661023615, -16.658761630792924, 0.0, 0.0, 1.0]",182.250,190.632,1.93,ok,
eval_MoTaTiZrHf-HEA-DDRX-1100C_TEM_DislocationCharacterization_0#6,eval_MoTaTiZrHf-HEA-DDRX-1100C_TEM_DislocationCharacterization_0,DislocationCharacterization,MoTaTiZrHf-HEA-DDRX-1100C_TEM_DislocationCharacterization,transform,ma_roma,direct,clahe,0,2192,2048,2192,2048,17,10000,1135,affine,"[1.0015539861448515, 0.008186814014862034, -17.79362081056763, 0.00032120473073997283, 1.001317991794419, -2.7136378699869965, 0.0, 0.0, 1.0]",186.876,194.076,2.15,ok,
eval_MoTaTiZrHf-HEA-DDRX-1100C_TEM_DislocationCharacterization_0#6,eval_MoTaTiZrHf-HEA-DDRX-1100C_TEM_DislocationCharacterization_0,DislocationCharacterization,MoTaTiZrHf-HEA-DDRX-1100C_TEM_DislocationCharacterization,transform,ma_roma,direct,gradmag,0,2192,2048,2192,2048,17,10000,2330,affine,"[1.0007502212847565, 0.024232863686063526, -51.75545568737596, 0.00015975631188716425, 1.0187146821067232, -40.19477619398094, 0.0, 0.0, 1.0]",174.568,186.056,2.11,ok,
eval_MoTaTiZrHf-HEA-DDRX-1100C_TEM_DislocationCharacterization_0#6,eval_MoTaTiZrHf-HEA-DDRX-1100C_TEM_DislocationCharacterization_0,DislocationCharacterization,MoTaTiZrHf-HEA-DDRX-1100C_TEM_DislocationCharacterization,control,ma_roma,direct,none,1,2192,2048,2192,2048,17,10000,1598,affine,"[1.0020484917474513, 0.010865337530930975, -23.63825611107302, 0.00034853696057136544, 1.0065602652591652, -14.042307936465022, 0.0, 0.0, 1.0]",183.266,192.187,1.75,ok,
eval_MoTaTiZrHf-HEA-DDRX-1100C_TEM_DislocationCharacterization_0#6,eval_MoTaTiZrHf-HEA-DDRX-1100C_TEM_DislocationCharacterization_0,DislocationCharacterization,MoTaTiZrHf-HEA-DDRX-1100C_TEM_DislocationCharacterization,control,ma_roma,direct,none,2,2192,2048,2192,2048,17,10000,1702,affine,"[1.0022362509658636, 0.021058627505029147, -45.15971588494756, 0.0003343344230635402, 1.001888067852741, -4.154026460128534, 0.0, 0.0, 1.0]",186.224,192.422,1.66,ok,
eval_MoTaTiZrHf-HEA-DDRX-1100C_TEM_DislocationCharacterization_0#6,eval_MoTaTiZrHf-HEA-DDRX-1100C_TEM_DislocationCharacterization_0,DislocationCharacterization,MoTaTiZrHf-HEA-DDRX-1100C_TEM_DislocationCharacterization,control,ma_roma,direct,none,3,2192,2048,2192,2048,17,10000,1622,affine,"[1.0022814281153019, 0.02573607126800181, -55.04728058053547, 0.0002192652883258047, 1.000516160733891, -1.1951187101803953, 0.0, 0.0, 1.0]",187.152,192.154,1.72,ok,
eval_MoTaTiZrHf-HEA-DDRX-1100C_TEM_DislocationCharacterization_0#6,eval_MoTaTiZrHf-HEA-DDRX-1100C_TEM_DislocationCharacterization_0,DislocationCharacterization,MoTaTiZrHf-HEA-DDRX-1100C_TEM_DislocationCharacterization,control,ma_roma,direct,none,4,2192,2048,2192,2048,17,10000,1600,affine,"[1.0018608278156131, 0.01701732651781407, -36.446649959336355, 0.00027611077980538355, 1.0008102629657647, -1.8118182863263428, 0.0, 0.0, 1.0]",186.836,193.059,1.70,ok,
eval_MoTaTiZrHf-HEA-DDRX-1100C_TEM_DislocationCharacterization_0#6,eval_MoTaTiZrHf-HEA-DDRX-1100C_TEM_DislocationCharacterization_0,DislocationCharacterization,MoTaTiZrHf-HEA-DDRX-1100C_TEM_DislocationCharacterization,control,ma_roma,direct,none,5,2192,2048,2192,2048,17,10000,1660,homography,"[0.905779714909872, -0.010535181464841736, 22.37845548553419, -0.002687592162736249, 0.8113647668328726, 200.22439670076892, -1.3465923939153343e-06, -4.4401772133953615e-05, 1.0]",221.515,207.219,1.70,ok,
eval_MoTaTiZrHf-HEA-DDRX-1100C_TEM_DislocationCharacterization_0#7,eval_MoTaTiZrHf-HEA-DDRX-1100C_TEM_DislocationCharacterization_0,DislocationCharacterization,MoTaTiZrHf-HEA-DDRX-1100C_TEM_DislocationCharacterization,core,ma_roma,direct,none,0,2192,2048,2192,2048,17,10000,1816,affine,"[1.0012096242581159, 0.013514209588242645, -28.955101405696837, 0.00017172101641416428, 1.005420486896766, -11.49062488162781, 0.0, 0.0, 1.0]",183.672,191.576,1.70,ok,
eval_MoTaTiZrHf-HEA-DDRX-1100C_TEM_DislocationCharacterization_0#7,eval_MoTaTiZrHf-HEA-DDRX-1100C_TEM_DislocationCharacterization_0,DislocationCharacterization,MoTaTiZrHf-HEA-DDRX-1100C_TEM_DislocationCharacterization,core,ma_roma,pyramid_v2,none,0,2192,2048,2192,2048,17,10000,1816,affine@direct,"[1.0012096242581159, 0.013514209588242645, -28.955101405696837, 0.00017172101641416428, 1.005420486896766, -11.49062488162781, 0.0, 0.0, 1.0]",183.672,191.576,1.75,ok,
eval_MoTaTiZrHf-HEA-DDRX-1100C_TEM_DislocationCharacterization_0#7,eval_MoTaTiZrHf-HEA-DDRX-1100C_TEM_DislocationCharacterization_0,DislocationCharacterization,MoTaTiZrHf-HEA-DDRX-1100C_TEM_DislocationCharacterization,transform,ma_roma,direct,invert,0,2192,2048,2192,2048,17,10000,1491,affine,"[1.0004324537540497, -0.0021322408873074975, 4.522701210125547, -0.0010847303053611857, 0.9971156495652984, 7.822071837093972, 0.0, 0.0, 1.0]",190.240,195.582,1.72,ok,
eval_MoTaTiZrHf-HEA-DDRX-1100C_TEM_DislocationCharacterization_0#7,eval_MoTaTiZrHf-HEA-DDRX-1100C_TEM_DislocationCharacterization_0,DislocationCharacterization,MoTaTiZrHf-HEA-DDRX-1100C_TEM_DislocationCharacterization,transform,ma_roma,direct,histmatch,0,2192,2048,2192,2048,17,10000,1746,affine,"[1.0011210416009086, 0.0037487435086261565, -8.507734087192148, 4.8780923888610415e-05, 0.9981298232193989, 3.718862177034225, 0.0, 0.0, 1.0]",188.482,194.599,2.12,ok,
eval_MoTaTiZrHf-HEA-DDRX-1100C_TEM_DislocationCharacterization_0#7,eval_MoTaTiZrHf-HEA-DDRX-1100C_TEM_DislocationCharacterization_0,DislocationCharacterization,MoTaTiZrHf-HEA-DDRX-1100C_TEM_DislocationCharacterization,transform,ma_roma,direct,clahe,0,2192,2048,2192,2048,17,10000,2778,affine,"[0.976675590061203, -0.053006932956322486, 41.00501173205703, -0.00026413432446004316, 0.9897973503021184, -155.4753554921516, 0.0, 0.0, 1.0]",17.451,17.796,1.74,ok,
eval_MoTaTiZrHf-HEA-DDRX-1100C_TEM_DislocationCharacterization_0#7,eval_MoTaTiZrHf-HEA-DDRX-1100C_TEM_DislocationCharacterization_0,DislocationCharacterization,MoTaTiZrHf-HEA-DDRX-1100C_TEM_DislocationCharacterization,transform,ma_roma,direct,gradmag,0,2192,2048,2192,2048,17,10000,4066,affine,"[0.9990160423769785, 0.02086617353131731, -43.823854149932345, 0.00015566919330795866, 1.0057854506428214, -12.408040224427623, 0.0, 0.0, 1.0]",182.769,190.207,1.89,ok,
eval_MoTaTiZrHf-HEA-DDRX-1100C_TEM_DislocationCharacterization_0#7,eval_MoTaTiZrHf-HEA-DDRX-1100C_TEM_DislocationCharacterization_0,DislocationCharacterization,MoTaTiZrHf-HEA-DDRX-1100C_TEM_DislocationCharacterization,control,ma_roma,direct,none,1,2192,2048,2192,2048,17,10000,1774,affine,"[1.0011000412362718, 0.01232992134300284, -26.36928736295897, 0.0001302494019277007, 1.0024058299473013, -5.093060841836177, 0.0, 0.0, 1.0]",185.621,192.579,1.68,ok,
eval_MoTaTiZrHf-HEA-DDRX-1100C_TEM_DislocationCharacterization_0#7,eval_MoTaTiZrHf-HEA-DDRX-1100C_TEM_DislocationCharacterization_0,DislocationCharacterization,MoTaTiZrHf-HEA-DDRX-1100C_TEM_DislocationCharacterization,control,ma_roma,direct,none,2,2192,2048,2192,2048,17,10000,1803,affine,"[1.00129911057998, 0.012979748071592238, -27.90474823098657, 0.00015969608642037728, 1.001942541992393, -4.196353184452164, 0.0, 0.0, 1.0]",185.884,192.680,1.67,ok,
eval_MoTaTiZrHf-HEA-DDRX-1100C_TEM_DislocationCharacterization_0#7,eval_MoTaTiZrHf-HEA-DDRX-1100C_TEM_DislocationCharacterization_0,DislocationCharacterization,MoTaTiZrHf-HEA-DDRX-1100C_TEM_DislocationCharacterization,control,ma_roma,direct,none,3,2192,2048,2192,2048,17,10000,1733,affine,"[1.0006426220775868, 0.005292072992444067, -11.37700242211622, 1.1369633782033422e-05, 1.0056662729546948, -11.747035349816997, 0.0, 0.0, 1.0]",183.797,192.263,1.75,ok,
eval_MoTaTiZrHf-HEA-DDRX-1100C_TEM_DislocationCharacterization_0#7,eval_MoTaTiZrHf-HEA-DDRX-1100C_TEM_DislocationCharacterization_0,DislocationCharacterization,MoTaTiZrHf-HEA-DDRX-1100C_TEM_DislocationCharacterization,control,ma_roma,direct,none,4,2192,2048,2192,2048,17,10000,1780,affine,"[1.0011714001379124, 0.014651365718168738, -31.38258888571511, 0.00012426955281596934, 0.9990005393326157, 2.0735895692910162, 0.0, 0.0, 1.0]",187.740,193.302,1.66,ok,
eval_MoTaTiZrHf-HEA-DDRX-1100C_TEM_DislocationCharacterization_0#7,eval_MoTaTiZrHf-HEA-DDRX-1100C_TEM_DislocationCharacterization_0,DislocationCharacterization,MoTaTiZrHf-HEA-DDRX-1100C_TEM_DislocationCharacterization,control,ma_roma,direct,none,5,2192,2048,2192,2048,17,10000,1804,affine,"[1.0011586901925136, 0.010107793568742345, -21.698372660034693, 0.00013154540074818786, 1.0026909229539118, -5.697978640057499, 0.0, 0.0, 1.0]",185.524,192.811,1.70,ok,
eval_MoTaTiZrHf-HEA-DDRX-1100C_TEM_DislocationCharacterization_0#8,eval_MoTaTiZrHf-HEA-DDRX-1100C_TEM_DislocationCharacterization_0,DislocationCharacterization,MoTaTiZrHf-HEA-DDRX-1100C_TEM_DislocationCharacterization,core,ma_roma,direct,none,0,2192,2048,2192,2048,24,10000,3925,homography,"[1.0273283103368895, 0.0015700527563653477, -3.853922683474548, 0.004696286246630548, 1.051277365735881, -56.77485615351382, 2.018840435115271e-06, 1.158790055985996e-05, 1.0]",68.880,69.919,1.55,ok,
eval_MoTaTiZrHf-HEA-DDRX-1100C_TEM_DislocationCharacterization_0#8,eval_MoTaTiZrHf-HEA-DDRX-1100C_TEM_DislocationCharacterization_0,DislocationCharacterization,MoTaTiZrHf-HEA-DDRX-1100C_TEM_DislocationCharacterization,core,ma_roma,pyramid_v2,none,0,2192,2048,2192,2048,24,10000,3925,homography@direct,"[1.0273283103368895, 0.0015700527563653477, -3.853922683474548, 0.004696286246630548, 1.051277365735881, -56.77485615351382, 2.018840435115271e-06, 1.158790055985996e-05, 1.0]",68.880,69.919,1.64,ok,
eval_MoTaTiZrHf-HEA-DDRX-1100C_TEM_DislocationCharacterization_0#8,eval_MoTaTiZrHf-HEA-DDRX-1100C_TEM_DislocationCharacterization_0,DislocationCharacterization,MoTaTiZrHf-HEA-DDRX-1100C_TEM_DislocationCharacterization,transform,ma_roma,direct,invert,0,2192,2048,2192,2048,24,10000,6881,affine,"[0.971797953590688, -0.06536321256971145, 58.18328469175799, 0.0021379097364344073, 1.0002862402691528, -48.124653518516595, 0.0, 0.0, 1.0]",26.508,29.129,1.75,ok,
eval_MoTaTiZrHf-HEA-DDRX-1100C_TEM_DislocationCharacterization_0#8,eval_MoTaTiZrHf-HEA-DDRX-1100C_TEM_DislocationCharacterization_0,DislocationCharacterization,MoTaTiZrHf-HEA-DDRX-1100C_TEM_DislocationCharacterization,transform,ma_roma,direct,histmatch,0,2192,2048,2192,2048,24,10000,3970,affine,"[1.0001430664377877, -0.0002791096835590282, 0.5083189802817287, -3.575997108595309e-05, 1.0015862926771797, -3.263996359768953, 0.0, 0.0, 1.0]",72.763,69.097,2.11,ok,
eval_MoTaTiZrHf-HEA-DDRX-1100C_TEM_DislocationCharacterization_0#8,eval_MoTaTiZrHf-HEA-DDRX-1100C_TEM_DislocationCharacterization_0,DislocationCharacterization,MoTaTiZrHf-HEA-DDRX-1100C_TEM_DislocationCharacterization,transform,ma_roma,direct,clahe,0,2192,2048,2192,2048,24,10000,2545,homography,"[0.9974094766216184, 0.0005146414292707881, -1.6867354213620036, 0.0012533795844803014, 1.0050045257638245, -18.831294922747556, 5.293395947329911e-07, -1.8367348261063099e-06, 1.0]",67.294,63.597,1.72,ok,
eval_MoTaTiZrHf-HEA-DDRX-1100C_TEM_DislocationCharacterization_0#8,eval_MoTaTiZrHf-HEA-DDRX-1100C_TEM_DislocationCharacterization_0,DislocationCharacterization,MoTaTiZrHf-HEA-DDRX-1100C_TEM_DislocationCharacterization,transform,ma_roma,direct,gradmag,0,2192,2048,2192,2048,24,10000,3079,homography,"[0.9694588348234464, -0.06395704717479103, 56.466610250179684, -0.004695823295046471, 0.993387114719068, -37.90761831566645, -5.055626699916707e-06, 7.414976905922916e-07, 1.0]",23.092,21.286,1.89,ok,
eval_MoTaTiZrHf-HEA-DDRX-1100C_TEM_DislocationCharacterization_0#8,eval_MoTaTiZrHf-HEA-DDRX-1100C_TEM_DislocationCharacterization_0,DislocationCharacterization,MoTaTiZrHf-HEA-DDRX-1100C_TEM_DislocationCharacterization,control,ma_roma,direct,none,1,2192,2048,2192,2048,24,10000,3840,homography,"[1.001252236499855, -0.006308122900775911, 12.668079269618119, 0.0023766368518766687, 1.010554781898593, -23.90060494252405, 1.0796137072166516e-06, -3.5611979543760564e-07, 0.9999999999999999]",67.984,66.769,1.58,ok,
eval_MoTaTiZrHf-HEA-DDRX-1100C_TEM_DislocationCharacterization_0#8,eval_MoTaTiZrHf-HEA-DDRX-1100C_TEM_DislocationCharacterization_0,DislocationCharacterization,MoTaTiZrHf-HEA-DDRX-1100C_TEM_DislocationCharacterization,control,ma_roma,direct,none,2,2192,2048,2192,2048,24,10000,3883,affine,"[0.9998889590446789, 0.0037718018224732965, -8.01075877567348, 6.46707074466797e-05, 1.0075447469984102, -15.926134959151113, 0.0, 0.0, 1.0]",68.654,66.249,1.59,ok,
eval_MoTaTiZrHf-HEA-DDRX-1100C_TEM_DislocationCharacterization_0#8,eval_MoTaTiZrHf-HEA-DDRX-1100C_TEM_DislocationCharacterization_0,DislocationCharacterization,MoTaTiZrHf-HEA-DDRX-1100C_TEM_DislocationCharacterization,control,ma_roma,direct,none,3,2192,2048,2192,2048,24,10000,4045,homography,"[1.014802007426606, 0.007255093376120255, -16.280508479300774, 0.0034149178058281793, 1.04677211129729, -73.54209335265112, 1.5021579070350704e-06, 5.6895478349479425e-06, 1.0]",60.592,59.481,1.61,ok,
eval_MoTaTiZrHf-HEA-DDRX-1100C_TEM_DislocationCharacterization_0#8,eval_MoTaTiZrHf-HEA-DDRX-1100C_TEM_DislocationCharacterization_0,DislocationCharacterization,MoTaTiZrHf-HEA-DDRX-1100C_TEM_DislocationCharacterization,control,ma_roma,direct,none,4,2192,2048,2192,2048,24,10000,3857,homography,"[1.005597327886587, 0.006434082624211136, -14.049901020660164, 0.0014877498353203487, 1.0110890234586625, -14.265294564180069, 6.72597181278288e-07, 2.0474787480734626e-06, 1.0]",70.927,68.500,1.70,ok,
eval_MoTaTiZrHf-HEA-DDRX-1100C_TEM_DislocationCharacterization_0#8,eval_MoTaTiZrHf-HEA-DDRX-1100C_TEM_DislocationCharacterization_0,DislocationCharacterization,MoTaTiZrHf-HEA-DDRX-1100C_TEM_DislocationCharacterization,control,ma_roma,direct,none,5,2192,2048,2192,2048,24,10000,3797,affine,"[1.0000672592244362, -0.0002835597435754759, 0.46727119522677185, 0.0001010618014875752, 1.0015197261742839, -3.2463467798963848, 0.0, 0.0, 1.0]",72.769,69.104,1.60,ok,
eval_MoTaTiZrHf-HEA-DDRX-1100C_TEM_DislocationCharacterization_0#9,eval_MoTaTiZrHf-HEA-DDRX-1100C_TEM_DislocationCharacterization_0,DislocationCharacterization,MoTaTiZrHf-HEA-DDRX-1100C_TEM_DislocationCharacterization,core,ma_roma,direct,none,0,2192,2048,2192,2048,24,10000,4145,affine,"[1.0007247920698752, 0.0029379681313442436, -6.6488150449272325, -0.00010835113377764211, 1.0010306533959992, -1.982796803081328, 0.0, 0.0, 1.0]",73.062,69.812,1.68,ok,
eval_MoTaTiZrHf-HEA-DDRX-1100C_TEM_DislocationCharacterization_0#9,eval_MoTaTiZrHf-HEA-DDRX-1100C_TEM_DislocationCharacterization_0,DislocationCharacterization,MoTaTiZrHf-HEA-DDRX-1100C_TEM_DislocationCharacterization,core,ma_roma,pyramid_v2,none,0,2192,2048,2192,2048,24,10000,4145,affine@direct,"[1.0007247920698752, 0.0029379681313442436, -6.6488150449272325, -0.00010835113377764211, 1.0010306533959992, -1.982796803081328, 0.0, 0.0, 1.0]",73.062,69.812,1.68,ok,
eval_MoTaTiZrHf-HEA-DDRX-1100C_TEM_DislocationCharacterization_0#9,eval_MoTaTiZrHf-HEA-DDRX-1100C_TEM_DislocationCharacterization_0,DislocationCharacterization,MoTaTiZrHf-HEA-DDRX-1100C_TEM_DislocationCharacterization,transform,ma_roma,direct,invert,0,2192,2048,2192,2048,24,10000,6805,homography,"[0.9683126138025783, -0.06481871497629897, 61.79581771689634, 0.0005605303001400115, 0.993551890238252, -48.324800175030965, -1.9298239464127668e-06, -1.8656777928135634e-06, 1.0]",21.023,22.121,1.71,ok,
eval_MoTaTiZrHf-HEA-DDRX-1100C_TEM_DislocationCharacterization_0#9,eval_MoTaTiZrHf-HEA-DDRX-1100C_TEM_DislocationCharacterization_0,DislocationCharacterization,MoTaTiZrHf-HEA-DDRX-1100C_TEM_DislocationCharacterization,transform,ma_roma,direct,histmatch,0,2192,2048,2192,2048,24,10000,5325,affine,"[1.0003353556981627, 0.0010626318988865603, -2.447533753111202, -0.00012813894068274787, 1.0016440909673339, -3.366889826104398, 0.0, 0.0, 1.0]",72.600,69.048,1.83,ok,
eval_MoTaTiZrHf-HEA-DDRX-1100C_TEM_DislocationCharacterization_0#9,eval_MoTaTiZrHf-HEA-DDRX-1100C_TEM_DislocationCharacterization_0,DislocationCharacterization,MoTaTiZrHf-HEA-DDRX-1100C_TEM_DislocationCharacterization,transform,ma_roma,direct,clahe,0,2192,2048,2192,2048,24,10000,2421,affine,"[1.0001480952247763, -0.004926932532643572, 10.115588816848003, 0.0002895426245941482, 1.0207388852822725, -44.08980462703971, 0.0, 0.0, 1.0]",62.508,62.067,1.71,ok,
eval_MoTaTiZrHf-HEA-DDRX-1100C_TEM_DislocationCharacterization_0#9,eval_MoTaTiZrHf-HEA-DDRX-1100C_TEM_DislocationCharacterization_0,DislocationCharacterization,MoTaTiZrHf-HEA-DDRX-1100C_TEM_DislocationCharacterization,transform,ma_roma,direct,gradmag,0,2192,2048,2192,2048,24,10000,4193,affine,"[1.0004747900895052, -0.007027484415709785, 14.526224796277575, 0.0005614779102523081, 0.9958206468539996, 8.51639807468814, 0.0, 0.0, 1.0]",77.858,72.645,1.99,ok,
eval_MoTaTiZrHf-HEA-DDRX-1100C_TEM_DislocationCharacterization_0#9,eval_MoTaTiZrHf-HEA-DDRX-1100C_TEM_DislocationCharacterization_0,DislocationCharacterization,MoTaTiZrHf-HEA-DDRX-1100C_TEM_DislocationCharacterization,control,ma_roma,direct,none,1,2192,2048,2192,2048,24,10000,4149,affine,"[1.0005373124561132, -0.0008120454139995194, 1.39881281030614, -0.000103635835524387, 0.994531323344916, 11.735391998900923, 0.0, 0.0, 1.0]",77.653,74.643,1.58,ok,
eval_MoTaTiZrHf-HEA-DDRX-1100C_TEM_DislocationCharacterization_0#9,eval_MoTaTiZrHf-HEA-DDRX-1100C_TEM_DislocationCharacterization_0,DislocationCharacterization,MoTaTiZrHf-HEA-DDRX-1100C_TEM_DislocationCharacterization,control,ma_roma,direct,none,2,2192,2048,2192,2048,24,10000,4147,affine,"[1.00085105020363, -0.0009190165017420309, 1.439047965948589, -3.6188834394065166e-05, 0.9932247955866602, 14.439490650098833, 0.0, 0.0, 1.0]",78.678,76.320,1.60,ok,
eval_MoTaTiZrHf-HEA-DDRX-1100C_TEM_DislocationCharacterization_0#9,eval_MoTaTiZrHf-HEA-DDRX-1100C_TEM_DislocationCharacterization_0,DislocationCharacterization,MoTaTiZrHf-HEA-DDRX-1100C_TEM_DislocationCharacterization,control,ma_roma,direct,none,3,2192,2048,2192,2048,24,10000,4191,affine,"[1.0007645946480894, -0.0004923400709915984, 0.5822609662982359, -7.277160870929083e-05, 0.9943936217169467, 12.00762457534438, 0.0, 0.0, 1.0]",77.796,75.179,1.61,ok,
eval_MoTaTiZrHf-HEA-DDRX-1100C_TEM_DislocationCharacterization_0#9,eval_MoTaTiZrHf-HEA-DDRX-1100C_TEM_DislocationCharacterization_0,DislocationCharacterization,MoTaTiZrHf-HEA-DDRX-1100C_TEM_DislocationCharacterization,control,ma_roma,direct,none,4,2192,2048,2192,2048,24,10000,4097,affine,"[1.0007938470455295, -0.0008438252474908562, 1.287511747005965, -3.6842690961015384e-05, 1.0038073935019327, -7.923271479353616, 0.0, 0.0, 1.0]",71.627,67.285,1.60,ok,
eval_MoTaTiZrHf-HEA-DDRX-1100C_TEM_DislocationCharacterization_0#9,eval_MoTaTiZrHf-HEA-DDRX-1100C_TEM_DislocationCharacterization_0,DislocationCharacterization,MoTaTiZrHf-HEA-DDRX-1100C_TEM_DislocationCharacterization,control,ma_roma,direct,none,5,2192,2048,2192,2048,24,10000,4117,affine,"[1.000725169060561, 0.0010302997647314244, -2.621628444756084, -7.849387236638542e-05, 0.9933259340479615, 14.272417087816848, 0.0, 0.0, 1.0]",78.359,76.860,1.69,ok,
eval_MoTaTiZrHf-HEA-DDRX-1100C_TEM_DislocationCharacterization_0#10,eval_MoTaTiZrHf-HEA-DDRX-1100C_TEM_DislocationCharacterization_0,DislocationCharacterization,MoTaTiZrHf-HEA-DDRX-1100C_TEM_DislocationCharacterization,core,ma_roma,direct,none,0,2192,2048,2192,2048,24,10000,3480,affine,"[1.0012204671260398, -0.0016130237674567346, 3.001107792683115, 0.00025776878130051735, 1.0131952660264065, -28.036984417021586, 0.0, 0.0, 1.0]",66.478,64.257,1.61,ok,
eval_MoTaTiZrHf-HEA-DDRX-1100C_TEM_DislocationCharacterization_0#10,eval_MoTaTiZrHf-HEA-DDRX-1100C_TEM_DislocationCharacterization_0,DislocationCharacterization,MoTaTiZrHf-HEA-DDRX-1100C_TEM_DislocationCharacterization,core,ma_roma,pyramid_v2,none,0,2192,2048,2192,2048,24,10000,3480,affine@direct,"[1.0012204671260398, -0.0016130237674567346, 3.001107792683115, 0.00025776878130051735, 1.0131952660264065, -28.036984417021586, 0.0, 0.0, 1.0]",66.478,64.257,1.76,ok,
eval_MoTaTiZrHf-HEA-DDRX-1100C_TEM_DislocationCharacterization_0#10,eval_MoTaTiZrHf-HEA-DDRX-1100C_TEM_DislocationCharacterization_0,DislocationCharacterization,MoTaTiZrHf-HEA-DDRX-1100C_TEM_DislocationCharacterization,transform,ma_roma,direct,invert,0,2192,2048,2192,2048,24,10000,5871,homography,"[0.9641825905355192, -0.06743277979774086, 64.76611944738927, -0.0008203150533223868, 0.9919328035185461, -49.06473909647109, -3.2240792244724553e-06, -5.700746483393885e-06, 1.0]",22.039,23.084,1.73,ok,
eval_MoTaTiZrHf-HEA-DDRX-1100C_TEM_DislocationCharacterization_0#10,eval_MoTaTiZrHf-HEA-DDRX-1100C_TEM_DislocationCharacterization_0,DislocationCharacterization,MoTaTiZrHf-HEA-DDRX-1100C_TEM_DislocationCharacterization,transform,ma_roma,direct,histmatch,0,2192,2048,2192,2048,24,10000,3494,homography,"[0.9266693125131904, -0.022058328227013996, 46.98833184302842, -0.0018984567445173306, 0.8538394526668559, 156.27817310686265, -9.374534504713413e-07, -3.413327318542817e-05, 1.0]",105.657,90.651,2.11,ok,
eval_MoTaTiZrHf-HEA-DDRX-1100C_TEM_DislocationCharacterization_0#10,eval_MoTaTiZrHf-HEA-DDRX-1100C_TEM_DislocationCharacterization_0,DislocationCharacterization,MoTaTiZrHf-HEA-DDRX-1100C_TEM_DislocationCharacterization,transform,ma_roma,direct,clahe,0,2192,2048,2192,2048,24,10000,1515,homography,"[1.0169268966316765, 0.0009327680185588581, -2.823350433450168, 0.005694916960650529, 1.0321197618595115, -39.18174514478164, 2.5396053774926197e-06, 6.472224758267353e-06, 1.0]",68.551,67.621,1.94,ok,
eval_MoTaTiZrHf-HEA-DDRX-1100C_TEM_DislocationCharacterization_0#10,eval_MoTaTiZrHf-HEA-DDRX-1100C_TEM_DislocationCharacterization_0,DislocationCharacterization,MoTaTiZrHf-HEA-DDRX-1100C_TEM_DislocationCharacterization,transform,ma_roma,direct,gradmag,0,2192,2048,2192,2048,24,10000,1432,homography,"[1.0742858801030966, 0.03466699690987286, -72.59785711276206, -0.0035281763850608656, 1.1489263119153799, -151.6599576079816, -1.4715960226541464e-06, 3.6336071574548215e-05, 1.0]",77.394,77.177,2.15,ok,
eval_MoTaTiZrHf-HEA-DDRX-1100C_TEM_DislocationCharacterization_0#10,eval_MoTaTiZrHf-HEA-DDRX-1100C_TEM_DislocationCharacterization_0,DislocationCharacterization,MoTaTiZrHf-HEA-DDRX-1100C_TEM_DislocationCharacterization,control,ma_roma,direct,none,1,2192,2048,2192,2048,24,10000,3377,affine,"[1.00153976518869, -0.0014961158535883982, 2.5658553987808546, 0.0002276013012719066, 1.0113385386895588, -24.075348820148065, 0.0, 0.0, 1.0]",67.620,65.141,1.80,ok,
eval_MoTaTiZrHf-HEA-DDRX-1100C_TEM_DislocationCharacterization_0#10,eval_MoTaTiZrHf-HEA-DDRX-1100C_TEM_DislocationCharacterization_0,DislocationCharacterization,MoTaTiZrHf-HEA-DDRX-1100C_TEM_DislocationCharacterization,control,ma_roma,direct,none,2,2192,2048,2192,2048,24,10000,3532,homography,"[1.0066543694629702, 0.006588019632466253, -12.83402603172112, -0.005717757816000512, 1.0334142741821426, -47.692241791325785, -2.8087686817683693e-06, 5.1523741730522605e-06, 1.0]",63.039,61.183,1.81,ok,
eval_MoTaTiZrHf-HEA-DDRX-1100C_TEM_DislocationCharacterization_0#10,eval_MoTaTiZrHf-HEA-DDRX-1100C_TEM_DislocationCharacterization_0,DislocationCharacterization,MoTaTiZrHf-HEA-DDRX-1100C_TEM_DislocationCharacterization,control,ma_roma,direct,none,3,2192,2048,2192,2048,24,10000,3194,affine,"[1.0008107977448562, 0.006823106706334758, -14.590523714616893, -5.3671218907733894e-05, 0.994164972717546, 12.416406473205825, 0.0, 0.0, 1.0]",77.552,75.333,1.70,ok,
eval_MoTaTiZrHf-HEA-DDRX-1100C_TEM_DislocationCharacterization_0#10,eval_MoTaTiZrHf-HEA-DDRX-1100C_TEM_DislocationCharacterization_0,DislocationCharacterization,MoTaTiZrHf-HEA-DDRX-1100C_TEM_DislocationCharacterization,control,ma_roma,direct,none,4,2192,2048,2192,2048,24,10000,3419,homography,"[0.9930899374157113, -0.007483827650583755, 16.612079755559876, -0.004538113411646002, 0.9944039773147438, 3.919215732557521, -2.254221132661569e-06, -1.7387678827682912e-06, 1.0]",73.402,68.943,1.70,ok,
eval_MoTaTiZrHf-HEA-DDRX-1100C_TEM_DislocationCharacterization_0#10,eval_MoTaTiZrHf-HEA-DDRX-1100C_TEM_DislocationCharacterization_0,DislocationCharacterization,MoTaTiZrHf-HEA-DDRX-1100C_TEM_DislocationCharacterization,control,ma_roma,direct,none,5,2192,2048,2192,2048,24,10000,3358,affine,"[1.00130244744792, 0.0018364564965051096, -4.317875119060091, 0.00028488459905647934, 1.0154066063225005, -32.74513029635682, 0.0, 0.0, 1.0]",64.984,61.621,1.71,ok,
eval_MoTaTiZrHf-HEA-DDRX-1100C_TEM_DislocationCharacterization_0#11,eval_MoTaTiZrHf-HEA-DDRX-1100C_TEM_DislocationCharacterization_0,DislocationCharacterization,MoTaTiZrHf-HEA-DDRX-1100C_TEM_DislocationCharacterization,core,ma_roma,direct,none,0,2192,2048,2192,2048,24,10000,8259,homography,"[0.9735555490605522, -0.06341968724846277, 59.46083433826428, 0.0009139427785179305, 0.996498360573732, -47.974942612415035, -7.124081680183216e-07, 2.821956067467633e-06, 0.9999999999999999]",23.036,25.142,1.73,ok,
eval_MoTaTiZrHf-HEA-DDRX-1100C_TEM_DislocationCharacterization_0#11,eval_MoTaTiZrHf-HEA-DDRX-1100C_TEM_DislocationCharacterization_0,DislocationCharacterization,MoTaTiZrHf-HEA-DDRX-1100C_TEM_DislocationCharacterization,core,ma_roma,pyramid_v2,none,0,2192,2048,2192,2048,24,10000,8259,homography@direct,"[0.9735555490605522, -0.06341968724846277, 59.46083433826428, 0.0009139427785179305, 0.996498360573732, -47.974942612415035, -7.124081680183216e-07, 2.821956067467633e-06, 0.9999999999999999]",23.036,25.142,1.76,ok,
eval_MoTaTiZrHf-HEA-DDRX-1100C_TEM_DislocationCharacterization_0#11,eval_MoTaTiZrHf-HEA-DDRX-1100C_TEM_DislocationCharacterization_0,DislocationCharacterization,MoTaTiZrHf-HEA-DDRX-1100C_TEM_DislocationCharacterization,transform,ma_roma,direct,invert,0,2192,2048,2192,2048,24,10000,3868,homography,"[0.9712775506729179, -0.06153663177378258, 57.46171408939537, -0.00019869470760712564, 0.9921023555426965, -30.471075888658643, -1.8378445770883953e-06, 5.450999561411699e-07, 1.0]",24.758,24.903,1.75,ok,
eval_MoTaTiZrHf-HEA-DDRX-1100C_TEM_DislocationCharacterization_0#11,eval_MoTaTiZrHf-HEA-DDRX-1100C_TEM_DislocationCharacterization_0,DislocationCharacterization,MoTaTiZrHf-HEA-DDRX-1100C_TEM_DislocationCharacterization,transform,ma_roma,direct,histmatch,0,2192,2048,2192,2048,24,10000,6592,homography,"[0.9691300896798563, -0.06286880248781364, 60.85982839330783, 0.0005724013804300121, 0.9949088469504577, -48.04591218067522, -1.578259780968683e-06, -3.030638043303565e-07, 1.0]",20.725,21.958,2.28,ok,
eval_MoTaTiZrHf-HEA-DDRX-1100C_TEM_DislocationCharacterization_0#11,eval_MoTaTiZrHf-HEA-DDRX-1100C_TEM_DislocationCharacterization_0,DislocationCharacterization,MoTaTiZrHf-HEA-DDRX-1100C_TEM_DislocationCharacterization,transform,ma_roma,direct,clahe,0,2192,2048,2192,2048,24,10000,7630,affine,"[0.9718560435034097, -0.06519178358786352, 61.630035289941475, 0.0009290866175800494, 0.9942917390381476, -47.20384358016895, 0.0, 0.0, 1.0]",22.075,24.616,1.90,ok,
eval_MoTaTiZrHf-HEA-DDRX-1100C_TEM_DislocationCharacterization_0#11,eval_MoTaTiZrHf-HEA-DDRX-1100C_TEM_DislocationCharacterization_0,DislocationCharacterization,MoTaTiZrHf-HEA-DDRX-1100C_TEM_DislocationCharacterization,transform,ma_roma,direct,gradmag,0,2192,2048,2192,2048,24,10000,4987,affine,"[0.9720574447694341, -0.0644715314142846, 61.74793050042069, -0.00020383553992470315, 1.0000078469348526, -50.706661687927294, 0.0, 0.0, 1.0]",21.470,24.154,2.10,ok,
eval_MoTaTiZrHf-HEA-DDRX-1100C_TEM_DislocationCharacterization_0#11,eval_MoTaTiZrHf-HEA-DDRX-1100C_TEM_DislocationCharacterization_0,DislocationCharacterization,MoTaTiZrHf-HEA-DDRX-1100C_TEM_DislocationCharacterization,control,ma_roma,direct,none,1,2192,2048,2192,2048,24,10000,7028,homography,"[0.9701552116465733, -0.06368906701615808, 60.7787774337884, 0.000655395079810094, 0.9955737556705699, -48.323452838109496, -1.5774960211517347e-06, 5.1377245875478e-07, 1.0]",21.515,23.691,1.70,ok,
eval_MoTaTiZrHf-HEA-DDRX-1100C_TEM_DislocationCharacterization_0#11,eval_MoTaTiZrHf-HEA-DDRX-1100C_TEM_DislocationCharacterization_0,DislocationCharacterization,MoTaTiZrHf-HEA-DDRX-1100C_TEM_DislocationCharacterization,control,ma_roma,direct,none,2,2192,2048,2192,2048,24,10000,7981,affine,"[0.9729657993978749, -0.06508192961273954, 60.49475491113674, 0.0014314652535076015, 0.99328492030393, -47.53100338812112, 0.0, 0.0, 1.0]",21.986,25.221,1.60,ok,
eval_MoTaTiZrHf-HEA-DDRX-1100C_TEM_DislocationCharacterization_0#11,eval_MoTaTiZrHf-HEA-DDRX-1100C_TEM_DislocationCharacterization_0,DislocationCharacterization,MoTaTiZrHf-HEA-DDRX-1100C_TEM_DislocationCharacterization,control,ma_roma,direct,none,3,2192,2048,2192,2048,24,10000,6552,homography,"[0.969385077277135, -0.06463957861940871, 61.62115145710424, 0.0003408614085570533, 0.996254112894761, -48.87874121942181, -1.3236653024174895e-06, -1.6888174144434803e-06, 1.0]",21.281,22.437,1.78,ok,
eval_MoTaTiZrHf-HEA-DDRX-1100C_TEM_DislocationCharacterization_0#11,eval_MoTaTiZrHf-HEA-DDRX-1100C_TEM_DislocationCharacterization_0,DislocationCharacterization,MoTaTiZrHf-HEA-DDRX-1100C_TEM_DislocationCharacterization,control,ma_roma,direct,none,4,2192,2048,2192,2048,24,10000,7261,homography,"[0.9681451797870811, -0.0641230294669903, 61.845042711280335, 0.0005412440245375005, 0.9940802965831298, -47.63993829814307, -2.5753272718112857e-06, 5.353890823999553e-07, 1.0]",21.820,23.945,1.61,ok,
eval_MoTaTiZrHf-HEA-DDRX-1100C_TEM_DislocationCharacterization_0#11,eval_MoTaTiZrHf-HEA-DDRX-1100C_TEM_DislocationCharacterization_0,DislocationCharacterization,MoTaTiZrHf-HEA-DDRX-1100C_TEM_DislocationCharacterization,control,ma_roma,direct,none,5,2192,2048,2192,2048,24,10000,7514,homography,"[0.971761917593343, -0.06397407313724207, 61.22914698577399, 0.001145958709773775, 0.9972529152121541, -49.42216289193096, -8.135930898199263e-07, 1.3957448337338966e-06, 0.9999999999999999]",21.862,24.031,1.60,ok,
eval_MoTaTiZrHf-HEA-DDRX-1100C_TEM_DislocationCharacterization_0#12,eval_MoTaTiZrHf-HEA-DDRX-1100C_TEM_DislocationCharacterization_0,DislocationCharacterization,MoTaTiZrHf-HEA-DDRX-1100C_TEM_DislocationCharacterization,core,ma_roma,direct,none,0,2192,2048,2192,2048,17,10000,4304,affine,"[1.0009353890598816, -0.001364565315895174, 2.3656885632992726, -0.0002664965781454887, 1.0019881099210637, -3.862813697016918, 0.0, 0.0, 1.0]",186.565,194.024,1.69,ok,
eval_MoTaTiZrHf-HEA-DDRX-1100C_TEM_DislocationCharacterization_0#12,eval_MoTaTiZrHf-HEA-DDRX-1100C_TEM_DislocationCharacterization_0,DislocationCharacterization,MoTaTiZrHf-HEA-DDRX-1100C_TEM_DislocationCharacterization,core,ma_roma,pyramid_v2,none,0,2192,2048,2192,2048,17,10000,4304,affine@direct,"[1.0009353890598816, -0.001364565315895174, 2.3656885632992726, -0.0002664965781454887, 1.0019881099210637, -3.862813697016918, 0.0, 0.0, 1.0]",186.565,194.024,1.65,ok,
eval_MoTaTiZrHf-HEA-DDRX-1100C_TEM_DislocationCharacterization_0#12,eval_MoTaTiZrHf-HEA-DDRX-1100C_TEM_DislocationCharacterization_0,DislocationCharacterization,MoTaTiZrHf-HEA-DDRX-1100C_TEM_DislocationCharacterization,transform,ma_roma,direct,invert,0,2192,2048,2192,2048,17,10000,4587,affine,"[1.0005122979646521, 0.0017751083993432352, -3.702588928104774, -0.00043046416841199835, 1.0016888124165955, -2.9447160490917668, 0.0, 0.0, 1.0]",186.575,193.625,1.75,ok,
eval_MoTaTiZrHf-HEA-DDRX-1100C_TEM_DislocationCharacterization_0#12,eval_MoTaTiZrHf-HEA-DDRX-1100C_TEM_DislocationCharacterization_0,DislocationCharacterization,MoTaTiZrHf-HEA-DDRX-1100C_TEM_DislocationCharacterization,transform,ma_roma,direct,histmatch,0,2192,2048,2192,2048,17,10000,4294,affine,"[1.0010102046602154, 0.004767034573032791, -10.623277580279364, -0.0003124360731729187, 1.0020907005078812, -4.158633630186159, 0.0, 0.0, 1.0]",185.890,193.060,1.89,ok,
eval_MoTaTiZrHf-HEA-DDRX-1100C_TEM_DislocationCharacterization_0#12,eval_MoTaTiZrHf-HEA-DDRX-1100C_TEM_DislocationCharacterization_0,DislocationCharacterization,MoTaTiZrHf-HEA-DDRX-1100C_TEM_DislocationCharacterization,transform,ma_roma,direct,clahe,0,2192,2048,2192,2048,17,10000,2479,affine,"[0.9991302533095697, 0.0005482687578777757, -0.331837956506547, -0.0003873730841915086, 0.9946083445726166, 11.904182165907514, 0.0, 0.0, 1.0]",190.952,195.415,1.72,ok,
eval_MoTaTiZrHf-HEA-DDRX-1100C_TEM_DislocationCharacterization_0#12,eval_MoTaTiZrHf-HEA-DDRX-1100C_TEM_DislocationCharacterization_0,DislocationCharacterization,MoTaTiZrHf-HEA-DDRX-1100C_TEM_DislocationCharacterization,transform,ma_roma,direct,gradmag,0,2192,2048,2192,2048,17,10000,1695,homography,"[0.9898781670146347, -0.007018488932497811, 14.355380025858308, 0.0007684139463556475, 0.9731682283861081, 33.67168707651423, 2.693562469868932e-07, -5.194939837324887e-06, 1.0]",195.374,196.612,1.90,ok,
eval_MoTaTiZrHf-HEA-DDRX-1100C_TEM_DislocationCharacterization_0#12,eval_MoTaTiZrHf-HEA-DDRX-1100C_TEM_DislocationCharacterization_0,DislocationCharacterization,MoTaTiZrHf-HEA-DDRX-1100C_TEM_DislocationCharacterization,control,ma_roma,direct,none,1,2192,2048,2192,2048,17,10000,4236,affine,"[1.0010845359116287, -0.0018397478578250858, 3.2943341112194275, -0.00029859907116647997, 0.9985168292497225, 3.5603882804821296, 0.0, 0.0, 1.0]",188.957,195.256,1.68,ok,
eval_MoTaTiZrHf-HEA-DDRX-1100C_TEM_DislocationCharacterization_0#12,eval_MoTaTiZrHf-HEA-DDRX-1100C_TEM_DislocationCharacterization_0,DislocationCharacterization,MoTaTiZrHf-HEA-DDRX-1100C_TEM_DislocationCharacterization,control,ma_roma,direct,none,2,2192,2048,2192,2048,17,10000,4286,affine,"[1.0010087099924552, -0.0007352365551601333, 1.0298211331515859, -0.00032736436496505516, 0.9981430491366972, 4.381299962492903, 0.0, 0.0, 1.0]",189.084,195.179,1.59,ok,
eval_MoTaTiZrHf-HEA-DDRX-1100C_TEM_DislocationCharacterization_0#12,eval_MoTaTiZrHf-HEA-DDRX-1100C_TEM_DislocationCharacterization_0,DislocationCharacterization,MoTaTiZrHf-HEA-DDRX-1100C_TEM_DislocationCharacterization,control,ma_roma,direct,none,3,2192,2048,2192,2048,17,10000,4234,affine,"[1.0005183013120693, 0.002130736431350532, -4.791820980877219, -0.0002006375157068643, 0.9964763703586844, 7.673957126000914, 0.0, 0.0, 1.0]",189.725,195.052,1.61,ok,
eval_MoTaTiZrHf-HEA-DDRX-1100C_TEM_DislocationCharacterization_0#12,eval_MoTaTiZrHf-HEA-DDRX-1100C_TEM_DislocationCharacterization_0,DislocationCharacterization,MoTaTiZrHf-HEA-DDRX-1100C_TEM_DislocationCharacterization,control,ma_roma,direct,none,4,2192,2048,2192,2048,17,10000,4194,homography,"[1.0109025904072757, 0.0029122337123588427, -5.635833793795757, -0.003913335057116432, 1.0237413068257697, -21.77277272235255, -1.710705122409205e-06, 6.2654711495318594e-06, 1.0]",184.230,195.056,1.70,ok,
eval_MoTaTiZrHf-HEA-DDRX-1100C_TEM_DislocationCharacterization_0#12,eval_MoTaTiZrHf-HEA-DDRX-1100C_TEM_DislocationCharacterization_0,DislocationCharacterization,MoTaTiZrHf-HEA-DDRX-1100C_TEM_DislocationCharacterization,control,ma_roma,direct,none,5,2192,2048,2192,2048,17,10000,4246,homography,"[1.0029647279314458, 0.0003213627050285124, -0.20965270814860826, -0.0036289115311547797, 1.0061909285599284, -1.8721336366343204, -1.5477018964743583e-06, 2.4029584972824374e-06, 1.0]",187.825,195.246,1.60,ok,
eval_MoTaTiZrHf-HEA-DDRX-1100C_TEM_DislocationCharacterization_0#13,eval_MoTaTiZrHf-HEA-DDRX-1100C_TEM_DislocationCharacterization_0,DislocationCharacterization,MoTaTiZrHf-HEA-DDRX-1100C_TEM_DislocationCharacterization,core,ma_roma,direct,none,0,2192,2048,2192,2048,17,10000,3126,affine,"[1.0004414640839543, 0.011555437471801253, -24.76060328905976, -0.00024152615924524475, 0.9969129489306695, 6.709336414755853, 0.0, 0.0, 1.0]",188.794,193.694,1.57,ok,
eval_MoTaTiZrHf-HEA-DDRX-1100C_TEM_DislocationCharacterization_0#13,eval_MoTaTiZrHf-HEA-DDRX-1100C_TEM_DislocationCharacterization_0,DislocationCharacterization,MoTaTiZrHf-HEA-DDRX-1100C_TEM_DislocationCharacterization,core,ma_roma,pyramid_v2,none,0,2192,2048,2192,2048,17,10000,3126,affine@direct,"[1.0004414640839543, 0.011555437471801253, -24.76060328905976, -0.00024152615924524475, 0.9969129489306695, 6.709336414755853, 0.0, 0.0, 1.0]",188.794,193.694,1.70,ok,
eval_MoTaTiZrHf-HEA-DDRX-1100C_TEM_DislocationCharacterization_0#13,eval_MoTaTiZrHf-HEA-DDRX-1100C_TEM_DislocationCharacterization_0,DislocationCharacterization,MoTaTiZrHf-HEA-DDRX-1100C_TEM_DislocationCharacterization,transform,ma_roma,direct,invert,0,2192,2048,2192,2048,17,10000,4068,affine,"[0.9998015220274621, 0.007979269781363065, -16.472042246395176, -0.00022791540547996303, 0.9961328160140934, 8.717719504103115, 0.0, 0.0, 1.0]",189.768,194.600,1.64,ok,
eval_MoTaTiZrHf-HEA-DDRX-1100C_TEM_DislocationCharacterization_0#13,eval_MoTaTiZrHf-HEA-DDRX-1100C_TEM_DislocationCharacterization_0,DislocationCharacterization,MoTaTiZrHf-HEA-DDRX-1100C_TEM_DislocationCharacterization,transform,ma_roma,direct,histmatch,0,2192,2048,2192,2048,17,10000,3113,affine,"[1.0007414134680603, 0.011827434836188649, -25.477327839547115, -0.0002628765199070636, 0.9970356175998011, 6.461826420395482, 0.0, 0.0, 1.0]",188.757,193.672,1.89,ok,
eval_MoTaTiZrHf-HEA-DDRX-1100C_TEM_DislocationCharacterization_0#13,eval_MoTaTiZrHf-HEA-DDRX-1100C_TEM_DislocationCharacterization_0,DislocationCharacterization,MoTaTiZrHf-HEA-DDRX-1100C_TEM_DislocationCharacterization,transform,ma_roma,direct,clahe,0,2192,2048,2192,2048,17,10000,4062,affine,"[0.9773893893108206, -0.04179659136134537, 28.219723904194552, 0.002796784774527521, 0.994908655596316, -164.96900343886216, 0.0, 0.0, 1.0]",18.555,19.857,1.70,ok,
eval_MoTaTiZrHf-HEA-DDRX-1100C_TEM_DislocationCharacterization_0#13,eval_MoTaTiZrHf-HEA-DDRX-1100C_TEM_DislocationCharacterization_0,DislocationCharacterization,MoTaTiZrHf-HEA-DDRX-1100C_TEM_DislocationCharacterization,transform,ma_roma,direct,gradmag,0,2192,2048,2192,2048,17,10000,2674,homography,"[1.0245603710507472, 0.012094694816354216, -25.312141307972563, -0.0012884610834582688, 1.052125271627309, -55.5300490420656, -7.371597686442256e-07, 1.2254999552131845e-05, 0.9999999999999999]",178.126,194.010,1.77,ok,
eval_MoTaTiZrHf-HEA-DDRX-1100C_TEM_DislocationCharacterization_0#13,eval_MoTaTiZrHf-HEA-DDRX-1100C_TEM_DislocationCharacterization_0,DislocationCharacterization,MoTaTiZrHf-HEA-DDRX-1100C_TEM_DislocationCharacterization,control,ma_roma,direct,none,1,2192,2048,2192,2048,17,10000,3136,homography,"[0.9835223619841005, 0.004162966401265668, -8.995870680526094, -0.0006149702321756798, 0.9666293331484831, 35.72423184998537, -1.5668803436203353e-07, -7.835495250342615e-06, 1.0]",192.637,193.404,1.64,ok,
eval_MoTaTiZrHf-HEA-DDRX-1100C_TEM_DislocationCharacterization_0#13,eval_MoTaTiZrHf-HEA-DDRX-1100C_TEM_DislocationCharacterization_0,DislocationCharacterization,MoTaTiZrHf-HEA-DDRX-1100C_TEM_DislocationCharacterization,control,ma_roma,direct,none,2,2192,2048,2192,2048,17,10000,3108,homography,"[0.9879718545566518, -0.0022164050497036833, 4.968157101869046, -0.0015420370275553879, 0.9742002195475703, 31.260357292271586, -5.460763567423494e-07, -5.2732625697521365e-06, 1.0]",193.115,194.742,1.63,ok,
eval_MoTaTiZrHf-HEA-DDRX-1100C_TEM_DislocationCharacterization_0#13,eval_MoTaTiZrHf-HEA-DDRX-1100C_TEM_DislocationCharacterization_0,DislocationCharacterization,MoTaTiZrHf-HEA-DDRX-1100C_TEM_DislocationCharacterization,control,ma_roma,direct,none,3,2192,2048,2192,2048,17,10000,3019,affine,"[1.000446580477891, 0.007212898953087483, -15.583519709395205, -0.0002517170864692193, 0.999765519412826, 0.6614471446496282, 0.0, 0.0, 1.0]",187.094,193.224,1.68,ok,
eval_MoTaTiZrHf-HEA-DDRX-1100C_TEM_DislocationCharacterization_0#13,eval_MoTaTiZrHf-HEA-DDRX-1100C_TEM_DislocationCharacterization_0,DislocationCharacterization,MoTaTiZrHf-HEA-DDRX-1100C_TEM_DislocationCharacterization,control,ma_roma,direct,none,4,2192,2048,2192,2048,17,10000,3025,affine,"[1.0004781378459018, 0.010967638098740247, -23.5113578923183, -0.0003176513968799779, 0.9964477654457244, 7.749816704395016, 0.0, 0.0, 1.0]",189.104,193.869,1.70,ok,
eval_MoTaTiZrHf-HEA-DDRX-1100C_TEM_DislocationCharacterization_0#13,eval_MoTaTiZrHf-HEA-DDRX-1100C_TEM_DislocationCharacterization_0,DislocationCharacterization,MoTaTiZrHf-HEA-DDRX-1100C_TEM_DislocationCharacterization,control,ma_roma,direct,none,5,2192,2048,2192,2048,17,10000,3030,homography,"[0.9837107921171129, -0.004951174634540622, 10.210098349224037, -0.0001194817353176579, 0.965738679188631, 37.536184578865154, 4.5105896604618113e-08, -7.839268535736815e-06, 1.0]",193.884,194.501,1.71,ok,
eval_MoTaTiZrHf-HEA-DDRX-1100C_TEM_DislocationCharacterization_0#14,eval_MoTaTiZrHf-HEA-DDRX-1100C_TEM_DislocationCharacterization_0,DislocationCharacterization,MoTaTiZrHf-HEA-DDRX-1100C_TEM_DislocationCharacterization,core,ma_roma,direct,none,0,2192,2048,2192,2048,17,10000,3399,homography,"[0.9702764032713351, -0.022648766801768156, 27.80608140016198, 0.001427601275642415, 0.9929717305047668, -161.28703239870228, -6.985909313015087e-06, 1.449494841841604e-05, 0.9999999999999999]",18.073,17.915,1.71,ok,
eval_MoTaTiZrHf-HEA-DDRX-1100C_TEM_DislocationCharacterization_0#14,eval_MoTaTiZrHf-HEA-DDRX-1100C_TEM_DislocationCharacterization_0,DislocationCharacterization,MoTaTiZrHf-HEA-DDRX-1100C_TEM_DislocationCharacterization,core,ma_roma,pyramid_v2,none,0,2192,2048,2192,2048,17,10000,3399,homography@direct,"[0.9702764032713351, -0.022648766801768156, 27.80608140016198, 0.001427601275642415, 0.9929717305047668, -161.28703239870228, -6.985909313015087e-06, 1.449494841841604e-05, 0.9999999999999999]",18.073,17.915,1.74,ok,
eval_MoTaTiZrHf-HEA-DDRX-1100C_TEM_DislocationCharacterization_0#14,eval_MoTaTiZrHf-HEA-DDRX-1100C_TEM_DislocationCharacterization_0,DislocationCharacterization,MoTaTiZrHf-HEA-DDRX-1100C_TEM_DislocationCharacterization,transform,ma_roma,direct,invert,0,2192,2048,2192,2048,17,10000,1244,homography,"[1.0851675866856232, 0.07257361656978353, -158.02144227588659, 0.006898697012945517, 1.1803529924648228, -218.228582174352, 3.487931364780354e-06, 3.623957897152908e-05, 0.9999999999999999]",160.865,183.460,1.69,ok,
eval_MoTaTiZrHf-HEA-DDRX-1100C_TEM_DislocationCharacterization_0#14,eval_MoTaTiZrHf-HEA-DDRX-1100C_TEM_DislocationCharacterization_0,DislocationCharacterization,MoTaTiZrHf-HEA-DDRX-1100C_TEM_DislocationCharacterization,transform,ma_roma,direct,histmatch,0,2192,2048,2192,2048,17,10000,3489,homography,"[0.9715356902160661, -0.04886199471416722, 40.4212529913874, 0.0018267302877753998, 0.9863190313628901, -159.3403166450351, 6.927548125937779e-07, -5.65436406774732e-06, 1.0]",20.649,21.512,2.03,ok,
eval_MoTaTiZrHf-HEA-DDRX-1100C_TEM_DislocationCharacterization_0#14,eval_MoTaTiZrHf-HEA-DDRX-1100C_TEM_DislocationCharacterization_0,DislocationCharacterization,MoTaTiZrHf-HEA-DDRX-1100C_TEM_DislocationCharacterization,transform,ma_roma,direct,clahe,0,2192,2048,2192,2048,17,10000,4176,affine,"[0.9773360338074752, -0.04571392226201292, 34.665065643887175, 0.0003884841572668674, 0.9992074424335695, -165.70672917402885, 0.0, 0.0, 1.0]",21.056,22.575,1.83,ok,
eval_MoTaTiZrHf-HEA-DDRX-1100C_TEM_DislocationCharacterization_0#14,eval_MoTaTiZrHf-HEA-DDRX-1100C_TEM_DislocationCharacterization_0,DislocationCharacterization,MoTaTiZrHf-HEA-DDRX-1100C_TEM_DislocationCharacterization,transform,ma_roma,direct,gradmag,0,2192,2048,2192,2048,17,10000,2196,homography,"[1.048238768446712, 0.02210759500653412, -46.63548271226735, -0.001084142541400037, 1.0922691198219294, -91.27331855317017, -5.500674383595864e-07, 2.3230457829814993e-05, 1.0]",174.814,195.903,2.17,ok,
eval_MoTaTiZrHf-HEA-DDRX-1100C_TEM_DislocationCharacterization_0#14,eval_MoTaTiZrHf-HEA-DDRX-1100C_TEM_DislocationCharacterization_0,DislocationCharacterization,MoTaTiZrHf-HEA-DDRX-1100C_TEM_DislocationCharacterization,control,ma_roma,direct,none,1,2192,2048,2192,2048,17,10000,3911,affine,"[0.9760581000410636, -0.04191943679964123, 33.24747485778835, 0.0028620642155403942, 0.9913720765831325, -162.7334953858168, 0.0, 0.0, 1.0]",15.683,16.763,1.63,ok,
eval_MoTaTiZrHf-HEA-DDRX-1100C_TEM_DislocationCharacterization_0#14,eval_MoTaTiZrHf-HEA-DDRX-1100C_TEM_DislocationCharacterization_0,DislocationCharacterization,MoTaTiZrHf-HEA-DDRX-1100C_TEM_DislocationCharacterization,control,ma_roma,direct,none,2,2192,2048,2192,2048,17,10000,3844,homography,"[0.9766168336076122, -0.04440675068115594, 33.77698309874481, 0.001613939776952065, 0.9920300948644498, -162.25026792430398, 6.024678098913554e-07, -1.7399327684210918e-06, 1.0]",18.102,17.584,1.69,ok,
eval_MoTaTiZrHf-HEA-DDRX-1100C_TEM_DislocationCharacterization_0#14,eval_MoTaTiZrHf-HEA-DDRX-1100C_TEM_DislocationCharacterization_0,DislocationCharacterization,MoTaTiZrHf-HEA-DDRX-1100C_TEM_DislocationCharacterization,control,ma_roma,direct,none,3,2192,2048,2192,2048,17,10000,3963,homography,"[0.9726785382837895, -0.04412339007892745, 36.057914583728554, 0.0009430024831308739, 0.9889720417758053, -159.93162289599024, -1.0118269307765186e-06, -1.5464276463974347e-06, 1.0]",17.099,17.518,1.81,ok,
eval_MoTaTiZrHf-HEA-DDRX-1100C_TEM_DislocationCharacterization_0#14,eval_MoTaTiZrHf-HEA-DDRX-1100C_TEM_DislocationCharacterization_0,DislocationCharacterization,MoTaTiZrHf-HEA-DDRX-1100C_TEM_DislocationCharacterization,control,ma_roma,direct,none,4,2192,2048,2192,2048,17,10000,3761,homography,"[0.9721538934183607, -0.04622880922922289, 37.09416348515556, 0.0015062048214910656, 0.9875279370493426, -160.26285846377726, -1.4003086272815585e-08, -4.386329566750079e-06, 1.0]",19.826,21.255,1.70,ok,
eval_MoTaTiZrHf-HEA-DDRX-1100C_TEM_DislocationCharacterization_0#14,eval_MoTaTiZrHf-HEA-DDRX-1100C_TEM_DislocationCharacterization_0,DislocationCharacterization,MoTaTiZrHf-HEA-DDRX-1100C_TEM_DislocationCharacterization,control,ma_roma,direct,none,5,2192,2048,2192,2048,17,10000,3868,affine,"[0.9760972806109227, -0.042018937930026, 33.52390551700114, 0.0023267467385547237, 0.9921548780507673, -162.7080029025309, 0.0, 0.0, 1.0]",16.122,17.241,1.69,ok,
eval_MoTaTiZrHf-HEA-DDRX-1100C_TEM_DislocationCharacterization_0#15,eval_MoTaTiZrHf-HEA-DDRX-1100C_TEM_DislocationCharacterization_0,DislocationCharacterization,MoTaTiZrHf-HEA-DDRX-1100C_TEM_DislocationCharacterization,core,ma_roma,direct,none,0,2192,2048,2192,2048,17,10000,3045,affine,"[1.0006290604408223, -0.002245835670581585, 4.393941160690929, 0.0001256226901103967, 0.9974739008172103, 5.415622739194987, 0.0, 0.0, 1.0]",189.689,195.764,1.71,ok,
eval_MoTaTiZrHf-HEA-DDRX-1100C_TEM_DislocationCharacterization_0#15,eval_MoTaTiZrHf-HEA-DDRX-1100C_TEM_DislocationCharacterization_0,DislocationCharacterization,MoTaTiZrHf-HEA-DDRX-1100C_TEM_DislocationCharacterization,core,ma_roma,pyramid_v2,none,0,2192,2048,2192,2048,17,10000,3045,affine@direct,"[1.0006290604408223, -0.002245835670581585, 4.393941160690929, 0.0001256226901103967, 0.9974739008172103, 5.415622739194987, 0.0, 0.0, 1.0]",189.689,195.764,1.75,ok,
eval_MoTaTiZrHf-HEA-DDRX-1100C_TEM_DislocationCharacterization_0#15,eval_MoTaTiZrHf-HEA-DDRX-1100C_TEM_DislocationCharacterization_0,DislocationCharacterization,MoTaTiZrHf-HEA-DDRX-1100C_TEM_DislocationCharacterization,transform,ma_roma,direct,invert,0,2192,2048,2192,2048,17,10000,5162,affine,"[0.9768963188029486, -0.04390383208226235, 32.16977033203693, 0.000750065848769062, 0.9977850858350813, -165.4699715977847, 0.0, 0.0, 1.0]",19.963,20.790,1.65,ok,
eval_MoTaTiZrHf-HEA-DDRX-1100C_TEM_DislocationCharacterization_0#15,eval_MoTaTiZrHf-HEA-DDRX-1100C_TEM_DislocationCharacterization_0,DislocationCharacterization,MoTaTiZrHf-HEA-DDRX-1100C_TEM_DislocationCharacterization,transform,ma_roma,direct,histmatch,0,2192,2048,2192,2048,17,10000,2316,affine,"[0.998771240647574, 0.0026467144504078327, -5.221947509357051, -0.0003815690731253105, 0.9842604627813737, 33.59101267367396, 0.0, 0.0, 1.0]",197.149,197.768,2.09,ok,
eval_MoTaTiZrHf-HEA-DDRX-1100C_TEM_DislocationCharacterization_0#15,eval_MoTaTiZrHf-HEA-DDRX-1100C_TEM_DislocationCharacterization_0,DislocationCharacterization,MoTaTiZrHf-HEA-DDRX-1100C_TEM_DislocationCharacterization,transform,ma_roma,direct,clahe,0,2192,2048,2192,2048,17,10000,2153,affine,"[1.0019149861402852, 0.0012834207840417072, -3.6525787152540943, 0.00022021100208747553, 1.0033886571849415, -7.319129151721427, 0.0, 0.0, 1.0]",185.690,194.072,1.83,ok,
eval_MoTaTiZrHf-HEA-DDRX-1100C_TEM_DislocationCharacterization_0#15,eval_MoTaTiZrHf-HEA-DDRX-1100C_TEM_DislocationCharacterization_0,DislocationCharacterization,MoTaTiZrHf-HEA-DDRX-1100C_TEM_DislocationCharacterization,transform,ma_roma,direct,gradmag,0,2192,2048,2192,2048,17,10000,1621,affine,"[0.9997205770573904, 0.004328947948607638, -9.019346299082372, -4.5210690939217635e-06, 1.003041844359942, -6.498811198118801, 0.0, 0.0, 1.0]",185.034,192.479,1.98,ok,
eval_MoTaTiZrHf-HEA-DDRX-1100C_TEM_DislocationCharacterization_0#15,eval_MoTaTiZrHf-HEA-DDRX-1100C_TEM_DislocationCharacterization_0,DislocationCharacterization,MoTaTiZrHf-HEA-DDRX-1100C_TEM_DislocationCharacterization,control,ma_roma,direct,none,1,2192,2048,2192,2048,17,10000,3096,affine,"[1.0006033213740773, -0.001587658052477611, 2.958953138779748, 0.00012195576207153863, 0.9994460607219341, 1.2398315727100453, 0.0, 0.0, 1.0]",188.306,195.021,1.79,ok,
eval_MoTaTiZrHf-HEA-DDRX-1100C_TEM_DislocationCharacterization_0#15,eval_MoTaTiZrHf-HEA-DDRX-1100C_TEM_DislocationCharacterization_0,DislocationCharacterization,MoTaTiZrHf-HEA-DDRX-1100C_TEM_DislocationCharacterization,control,ma_roma,direct,none,2,2192,2048,2192,2048,17,10000,3060,affine,"[1.0005891627936723, -0.002139468410287996, 4.061423488653759, 0.0001486538233981308, 0.9983953470308309, 3.4182411305355345, 0.0, 0.0, 1.0]",189.011,195.386,1.71,ok,
eval_MoTaTiZrHf-HEA-DDRX-1100C_TEM_DislocationCharacterization_0#15,eval_MoTaTiZrHf-HEA-DDRX-1100C_TEM_DislocationCharacterization_0,DislocationCharacterization,MoTaTiZrHf-HEA-DDRX-1100C_TEM_DislocationCharacterization,control,ma_roma,direct,none,3,2192,2048,2192,2048,17,10000,3114,homography,"[1.0188286517337453, -5.6867317285526265e-05, 0.41857347404434486, -0.001735882631463783, 1.035531479109098, -32.06583904444464, -8.360145965278921e-07, 9.598257677826612e-06, 1.0]",184.386,196.801,1.78,ok,
eval_MoTaTiZrHf-HEA-DDRX-1100C_TEM_DislocationCharacterization_0#15,eval_MoTaTiZrHf-HEA-DDRX-1100C_TEM_DislocationCharacterization_0,DislocationCharacterization,MoTaTiZrHf-HEA-DDRX-1100C_TEM_DislocationCharacterization,control,ma_roma,direct,none,4,2192,2048,2192,2048,17,10000,3180,affine,"[1.0006681456959718, -0.0026846314067448676, 5.30056896690337, 0.0001375595541007458, 0.9992927133767511, 1.5729907454224303, 0.0, 0.0, 1.0]",188.571,195.304,1.71,ok,
eval_MoTaTiZrHf-HEA-DDRX-1100C_TEM_DislocationCharacterization_0#15,eval_MoTaTiZrHf-HEA-DDRX-1100C_TEM_DislocationCharacterization_0,DislocationCharacterization,MoTaTiZrHf-HEA-DDRX-1100C_TEM_DislocationCharacterization,control,ma_roma,direct,none,5,2192,2048,2192,2048,17,10000,3133,affine,"[1.0002998607650193, 0.004202035499888231, -9.155993418678008, -9.328586824202535e-05, 0.9946825210003488, 11.476099302198236, 0.0, 0.0, 1.0]",190.795,195.370,1.70,ok,
eval_MoTaTiZrHf-HEA-DDRX-1100C_TEM_DislocationCharacterization_0#16,eval_MoTaTiZrHf-HEA-DDRX-1100C_TEM_DislocationCharacterization_0,DislocationCharacterization,MoTaTiZrHf-HEA-DDRX-1100C_TEM_DislocationCharacterization,core,ma_roma,direct,none,0,2192,2048,2192,2048,24,10000,2759,affine,"[0.9998299382213911, 0.004312499412135401, -9.038570073374103, 0.0006710449918486282, 1.0135959932861949, -29.41753546732457, 0.0, 0.0, 1.0]",65.161,63.191,1.74,ok,
eval_MoTaTiZrHf-HEA-DDRX-1100C_TEM_DislocationCharacterization_0#16,eval_MoTaTiZrHf-HEA-DDRX-1100C_TEM_DislocationCharacterization_0,DislocationCharacterization,MoTaTiZrHf-HEA-DDRX-1100C_TEM_DislocationCharacterization,core,ma_roma,pyramid_v2,none,0,2192,2048,2192,2048,24,10000,2759,affine@direct,"[0.9998299382213911, 0.004312499412135401, -9.038570073374103, 0.0006710449918486282, 1.0135959932861949, -29.41753546732457, 0.0, 0.0, 1.0]",65.161,63.191,1.85,ok,
eval_MoTaTiZrHf-HEA-DDRX-1100C_TEM_DislocationCharacterization_0#16,eval_MoTaTiZrHf-HEA-DDRX-1100C_TEM_DislocationCharacterization_0,DislocationCharacterization,MoTaTiZrHf-HEA-DDRX-1100C_TEM_DislocationCharacterization,transform,ma_roma,direct,invert,0,2192,2048,2192,2048,24,10000,7623,homography,"[0.9756111895694123, -0.06366275271623703, 50.75285551213, 0.0012150222983090002, 0.9959693505203763, -45.42712818945938, -4.3220943840878676e-08, 2.288183625630441e-06, 1.0]",28.587,33.054,1.73,ok,
eval_MoTaTiZrHf-HEA-DDRX-1100C_TEM_DislocationCharacterization_0#16,eval_MoTaTiZrHf-HEA-DDRX-1100C_TEM_DislocationCharacterization_0,DislocationCharacterization,MoTaTiZrHf-HEA-DDRX-1100C_TEM_DislocationCharacterization,transform,ma_roma,direct,histmatch,0,2192,2048,2192,2048,24,10000,2835,affine,"[0.9996841912749417, 0.006586619326772476, -13.72752018639244, 0.00040300986874796226, 1.0122786114737001, -26.336354737377178, 0.0, 0.0, 1.0]",65.815,65.120,2.32,ok,
eval_MoTaTiZrHf-HEA-DDRX-1100C_TEM_DislocationCharacterization_0#16,eval_MoTaTiZrHf-HEA-DDRX-1100C_TEM_DislocationCharacterization_0,DislocationCharacterization,MoTaTiZrHf-HEA-DDRX-1100C_TEM_DislocationCharacterization,transform,ma_roma,direct,clahe,0,2192,2048,2192,2048,24,10000,3891,affine,"[0.9759988456150038, -0.06573241197711678, 51.93690074549352, 0.00016982440747332543, 0.990235261333736, -26.526635733235025, 0.0, 0.0, 1.0]",30.443,31.326,2.00,ok,
eval_MoTaTiZrHf-HEA-DDRX-1100C_TEM_DislocationCharacterization_0#16,eval_MoTaTiZrHf-HEA-DDRX-1100C_TEM_DislocationCharacterization_0,DislocationCharacterization,MoTaTiZrHf-HEA-DDRX-1100C_TEM_DislocationCharacterization,transform,ma_roma,direct,gradmag,0,2192,2048,2192,2048,24,10000,2652,affine,"[0.9752344695266256, -0.06283707241409572, 49.89088992305244, -0.001037016078529023, 0.991508119435506, -36.82158981397242, 0.0, 0.0, 1.0]",26.148,28.394,2.30,ok,
eval_MoTaTiZrHf-HEA-DDRX-1100C_TEM_DislocationCharacterization_0#16,eval_MoTaTiZrHf-HEA-DDRX-1100C_TEM_DislocationCharacterization_0,DislocationCharacterization,MoTaTiZrHf-HEA-DDRX-1100C_TEM_DislocationCharacterization,control,ma_roma,direct,none,1,2192,2048,2192,2048,24,10000,2616,homography,"[1.0099573124056278, 0.004222993849540508, -8.944750808024578, 0.001067237401543353, 1.0404388325781122, -64.84568194571084, 3.8905946831728673e-07, 4.646928685883432e-06, 1.0]",60.805,59.447,1.70,ok,
eval_MoTaTiZrHf-HEA-DDRX-1100C_TEM_DislocationCharacterization_0#16,eval_MoTaTiZrHf-HEA-DDRX-1100C_TEM_DislocationCharacterization_0,DislocationCharacterization,MoTaTiZrHf-HEA-DDRX-1100C_TEM_DislocationCharacterization,control,ma_roma,direct,none,2,2192,2048,2192,2048,24,10000,2629,homography,"[1.0246537164334966, 0.008061937949164585, -16.852494153706356, 0.00011571046307468515, 1.0644205173742003, -83.02642162320625, -4.175563941917923e-08, 1.1918794850527707e-05, 0.9999999999999999]",63.878,62.986,1.70,ok,
eval_MoTaTiZrHf-HEA-DDRX-1100C_TEM_DislocationCharacterization_0#16,eval_MoTaTiZrHf-HEA-DDRX-1100C_TEM_DislocationCharacterization_0,DislocationCharacterization,MoTaTiZrHf-HEA-DDRX-1100C_TEM_DislocationCharacterization,control,ma_roma,direct,none,3,2192,2048,2192,2048,24,10000,2493,affine,"[0.9999774497122785, 0.0064759951391836, -13.6892145827278, -0.00012089987923078367, 1.0060088979289867, -12.575171511608232, 0.0, 0.0, 1.0]",69.506,68.658,1.88,ok,
eval_MoTaTiZrHf-HEA-DDRX-1100C_TEM_DislocationCharacterization_0#16,eval_MoTaTiZrHf-HEA-DDRX-1100C_TEM_DislocationCharacterization_0,DislocationCharacterization,MoTaTiZrHf-HEA-DDRX-1100C_TEM_DislocationCharacterization,control,ma_roma,direct,none,4,2192,2048,2192,2048,24,10000,2575,affine,"[0.9995282814167282, -0.0018124718823798558, 4.111419061081392, 1.4752223082418439e-05, 1.0074786055828624, -15.714808876284906, 0.0, 0.0, 1.0]",69.050,65.914,1.71,ok,
eval_MoTaTiZrHf-HEA-DDRX-1100C_TEM_DislocationCharacterization_0#16,eval_MoTaTiZrHf-HEA-DDRX-1100C_TEM_DislocationCharacterization_0,DislocationCharacterization,MoTaTiZrHf-HEA-DDRX-1100C_TEM_DislocationCharacterization,control,ma_roma,direct,none,5,2192,2048,2192,2048,24,10000,2681,homography,"[1.0329897734490063, 0.016026721686601908, -33.76086766820485, 0.0002634266817345914, 1.0785710477263155, -95.57842609704943, 5.405679255205036e-08, 1.5788652471642357e-05, 1.0]",64.642,63.301,1.69,ok,
eval_MoTaTiZrHf-HEA-DDRX-1100C_TEM_DislocationCharacterization_0#17,eval_MoTaTiZrHf-HEA-DDRX-1100C_TEM_DislocationCharacterization_0,DislocationCharacterization,MoTaTiZrHf-HEA-DDRX-1100C_TEM_DislocationCharacterization,core,ma_roma,direct,none,0,2192,2048,2192,2048,24,10000,2699,homography,"[1.0139226974864703, 0.004008438252082705, -8.298930345653451, -0.0007019555253712418, 1.0299882299229208, -32.184328437425926, -3.8388486920204356e-07, 6.956708686146928e-06, 1.0]",69.059,67.276,1.72,ok,
eval_MoTaTiZrHf-HEA-DDRX-1100C_TEM_DislocationCharacterization_0#17,eval_MoTaTiZrHf-HEA-DDRX-1100C_TEM_DislocationCharacterization_0,DislocationCharacterization,MoTaTiZrHf-HEA-DDRX-1100C_TEM_DislocationCharacterization,core,ma_roma,pyramid_v2,none,0,2192,2048,2192,2048,24,10000,2699,homography@direct,"[1.0139226974864703, 0.004008438252082705, -8.298930345653451, -0.0007019555253712418, 1.0299882299229208, -32.184328437425926, -3.8388486920204356e-07, 6.956708686146928e-06, 1.0]",69.059,67.276,1.94,ok,
eval_MoTaTiZrHf-HEA-DDRX-1100C_TEM_DislocationCharacterization_0#17,eval_MoTaTiZrHf-HEA-DDRX-1100C_TEM_DislocationCharacterization_0,DislocationCharacterization,MoTaTiZrHf-HEA-DDRX-1100C_TEM_DislocationCharacterization,transform,ma_roma,direct,invert,0,2192,2048,2192,2048,24,10000,4887,homography,"[0.968516406811237, -0.06410209218700046, 56.686615236331065, -0.001595889601066612, 0.9911736744366464, -46.430132362281434, -3.2227312823035476e-06, -1.7592918616913013e-06, 1.0]",22.290,22.870,1.72,ok,
eval_MoTaTiZrHf-HEA-DDRX-1100C_TEM_DislocationCharacterization_0#17,eval_MoTaTiZrHf-HEA-DDRX-1100C_TEM_DislocationCharacterization_0,DislocationCharacterization,MoTaTiZrHf-HEA-DDRX-1100C_TEM_DislocationCharacterization,transform,ma_roma,direct,histmatch,0,2192,2048,2192,2048,24,10000,3056,homography,"[1.0463006147739236, 0.004191568669532577, -9.273261619895862, 0.00336205157769615, 1.0785169050900174, -72.16806144092021, 1.515500680957957e-06, 2.097066653368885e-05, 1.0]",74.081,72.876,1.89,ok,
eval_MoTaTiZrHf-HEA-DDRX-1100C_TEM_DislocationCharacterization_0#17,eval_MoTaTiZrHf-HEA-DDRX-1100C_TEM_DislocationCharacterization_0,DislocationCharacterization,MoTaTiZrHf-HEA-DDRX-1100C_TEM_DislocationCharacterization,transform,ma_roma,direct,clahe,0,2192,2048,2192,2048,24,10000,2710,affine,"[0.9718960920676968, -0.06349243878555293, 89.5827613826059, -0.0010567180435612064, 0.9938070836011699, -47.27036161650335, 0.0, 0.0, 1.0]",15.352,12.235,1.81,ok,
eval_MoTaTiZrHf-HEA-DDRX-1100C_TEM_DislocationCharacterization_0#17,eval_MoTaTiZrHf-HEA-DDRX-1100C_TEM_DislocationCharacterization_0,DislocationCharacterization,MoTaTiZrHf-HEA-DDRX-1100C_TEM_DislocationCharacterization,transform,ma_roma,direct,gradmag,0,2192,2048,2192,2048,24,10000,2013,homography,"[1.0011960641486755, 0.010004173052229358, -22.0225670075606, 0.002914952874821297, 0.9790742166948376, 40.89135642844463, 1.6338937102850725e-06, -8.330414619817399e-07, 1.0]",86.996,82.850,2.17,ok,
eval_MoTaTiZrHf-HEA-DDRX-1100C_TEM_DislocationCharacterization_0#17,eval_MoTaTiZrHf-HEA-DDRX-1100C_TEM_DislocationCharacterization_0,DislocationCharacterization,MoTaTiZrHf-HEA-DDRX-1100C_TEM_DislocationCharacterization,control,ma_roma,direct,none,1,2192,2048,2192,2048,24,10000,2684,affine,"[0.999701971490333, -0.00034135982761419756, 0.7716326278649603, 0.00011577348535724673, 1.0087327519297744, -18.42077735213047, 0.0, 0.0, 1.0]",68.191,64.666,1.73,ok,
eval_MoTaTiZrHf-HEA-DDRX-1100C_TEM_DislocationCharacterization_0#17,eval_MoTaTiZrHf-HEA-DDRX-1100C_TEM_DislocationCharacterization_0,DislocationCharacterization,MoTaTiZrHf-HEA-DDRX-1100C_TEM_DislocationCharacterization,control,ma_roma,direct,none,2,2192,2048,2192,2048,24,10000,2758,affine,"[1.0000398817411997, 0.0023460559299818555, -5.016673119627512, 8.53937024541879e-05, 1.0133160933816672, -28.061727100056487, 0.0, 0.0, 1.0]",65.512,61.949,1.58,ok,
eval_MoTaTiZrHf-HEA-DDRX-1100C_TEM_DislocationCharacterization_0#17,eval_MoTaTiZrHf-HEA-DDRX-1100C_TEM_DislocationCharacterization_0,DislocationCharacterization,MoTaTiZrHf-HEA-DDRX-1100C_TEM_DislocationCharacterization,control,ma_roma,direct,none,3,2192,2048,2192,2048,24,10000,2677,homography,"[0.9996000721744996, -0.0022885717179396987, 5.169428636050203, -0.0012881450577100413, 1.0106655808021923, -20.47978657783614, -6.738924404191632e-07, 4.426198704541038e-07, 1.0]",67.819,65.468,1.58,ok,
eval_MoTaTiZrHf-HEA-DDRX-1100C_TEM_DislocationCharacterization_0#17,eval_MoTaTiZrHf-HEA-DDRX-1100C_TEM_DislocationCharacterization_0,DislocationCharacterization,MoTaTiZrHf-HEA-DDRX-1100C_TEM_DislocationCharacterization,control,ma_roma,direct,none,4,2192,2048,2192,2048,24,10000,2878,affine,"[0.9999990257924014, -0.0014811376861711596, 3.119493771933435, 0.0001293094872180899, 1.0219939883412776, -46.38686002062809, 0.0, 0.0, 1.0]",61.634,59.927,1.61,ok,
eval_MoTaTiZrHf-HEA-DDRX-1100C_TEM_DislocationCharacterization_0#17,eval_MoTaTiZrHf-HEA-DDRX-1100C_TEM_DislocationCharacterization_0,DislocationCharacterization,MoTaTiZrHf-HEA-DDRX-1100C_TEM_DislocationCharacterization,control,ma_roma,direct,none,5,2192,2048,2192,2048,24,10000,2785,affine,"[0.9998645555562785, -0.003285828527893012, 6.985113528352144, 9.051219136051733e-05, 1.0075092112150195, -15.793088958306726, 0.0, 0.0, 1.0]",69.361,66.771,1.60,ok,
eval_MoTaTiZrHf-HEA-DDRX-1100C_TEM_DislocationCharacterization_0#18,eval_MoTaTiZrHf-HEA-DDRX-1100C_TEM_DislocationCharacterization_0,DislocationCharacterization,MoTaTiZrHf-HEA-DDRX-1100C_TEM_DislocationCharacterization,core,ma_roma,direct,none,0,2192,2048,2192,2048,24,10000,3043,affine,"[0.9996822373279214, 0.00201466974324116, -3.986307593884362, 0.00013169644015252835, 1.0021783140750546, -4.7434189102973505, 0.0, 0.0, 1.0]",72.054,68.819,1.63,ok,
eval_MoTaTiZrHf-HEA-DDRX-1100C_TEM_DislocationCharacterization_0#18,eval_MoTaTiZrHf-HEA-DDRX-1100C_TEM_DislocationCharacterization_0,DislocationCharacterization,MoTaTiZrHf-HEA-DDRX-1100C_TEM_DislocationCharacterization,core,ma_roma,pyramid_v2,none,0,2192,2048,2192,2048,24,10000,3043,affine@direct,"[0.9996822373279214, 0.00201466974324116, -3.986307593884362, 0.00013169644015252835, 1.0021783140750546, -4.7434189102973505, 0.0, 0.0, 1.0]",72.054,68.819,1.77,ok,
eval_MoTaTiZrHf-HEA-DDRX-1100C_TEM_DislocationCharacterization_0#18,eval_MoTaTiZrHf-HEA-DDRX-1100C_TEM_DislocationCharacterization_0,DislocationCharacterization,MoTaTiZrHf-HEA-DDRX-1100C_TEM_DislocationCharacterization,transform,ma_roma,direct,invert,0,2192,2048,2192,2048,24,10000,4105,affine,"[0.9739701697250811, -0.06171955128440647, 55.06791531658223, -0.0010106000325939622, 0.9975643779321828, -49.883924506440394, 0.0, 0.0, 1.0]",21.956,24.200,1.72,ok,
eval_MoTaTiZrHf-HEA-DDRX-1100C_TEM_DislocationCharacterization_0#18,eval_MoTaTiZrHf-HEA-DDRX-1100C_TEM_DislocationCharacterization_0,DislocationCharacterization,MoTaTiZrHf-HEA-DDRX-1100C_TEM_DislocationCharacterization,transform,ma_roma,direct,histmatch,0,2192,2048,2192,2048,24,10000,2914,affine,"[0.999221747938976, 0.0019187609865666427, -3.535123003746776, 8.406293474523722e-05, 1.0155108235174481, -32.913226872933365, 0.0, 0.0, 1.0]",63.990,60.410,2.00,ok,
eval_MoTaTiZrHf-HEA-DDRX-1100C_TEM_DislocationCharacterization_0#18,eval_MoTaTiZrHf-HEA-DDRX-1100C_TEM_DislocationCharacterization_0,DislocationCharacterization,MoTaTiZrHf-HEA-DDRX-1100C_TEM_DislocationCharacterization,transform,ma_roma,direct,clahe,0,2192,2048,2192,2048,24,10000,3628,homography,"[0.9631819947854392, -0.06246654327058717, 100.04192341642094, -0.0018930667267560782, 0.999195734675156, -49.38766676655422, -5.206533225015704e-06, 5.394159056110618e-06, 1.0]",15.891,11.175,1.79,ok,
eval_MoTaTiZrHf-HEA-DDRX-1100C_TEM_DislocationCharacterization_0#18,eval_MoTaTiZrHf-HEA-DDRX-1100C_TEM_DislocationCharacterization_0,DislocationCharacterization,MoTaTiZrHf-HEA-DDRX-1100C_TEM_DislocationCharacterization,transform,ma_roma,direct,gradmag,0,2192,2048,2192,2048,24,10000,3716,affine,"[0.9756871842200247, -0.06592892585850492, 54.9806473161575, -0.002381650388067298, 0.9987397916312024, -48.563730778526406, 0.0, 0.0, 1.0]",24.957,28.166,2.09,ok,
eval_MoTaTiZrHf-HEA-DDRX-1100C_TEM_DislocationCharacterization_0#18,eval_MoTaTiZrHf-HEA-DDRX-1100C_TEM_DislocationCharacterization_0,DislocationCharacterization,MoTaTiZrHf-HEA-DDRX-1100C_TEM_DislocationCharacterization,control,ma_roma,direct,none,1,2192,2048,2192,2048,24,10000,3016,affine,"[0.9997370206730503, 0.005176487955524335, -10.719973054179718, 0.0001854683324284976, 1.0026923304113875, -5.856944622218862, 0.0, 0.0, 1.0]",71.611,69.815,1.74,ok,
eval_MoTaTiZrHf-HEA-DDRX-1100C_TEM_DislocationCharacterization_0#18,eval_MoTaTiZrHf-HEA-DDRX-1100C_TEM_DislocationCharacterization_0,DislocationCharacterization,MoTaTiZrHf-HEA-DDRX-1100C_TEM_DislocationCharacterization,control,ma_roma,direct,none,2,2192,2048,2192,2048,24,10000,3068,affine,"[0.9995881946200038, 0.0034257162575269894, -6.9183800314930295, 0.0001343711406160903, 1.0025790380430692, -5.559259703630232, 0.0, 0.0, 1.0]",71.709,68.905,1.67,ok,
eval_MoTaTiZrHf-HEA-DDRX-1100C_TEM_DislocationCharacterization_0#18,eval_MoTaTiZrHf-HEA-DDRX-1100C_TEM_DislocationCharacterization_0,DislocationCharacterization,MoTaTiZrHf-HEA-DDRX-1100C_TEM_DislocationCharacterization,control,ma_roma,direct,none,3,2192,2048,2192,2048,24,10000,3056,affine,"[0.9995254646909335, -0.013626389539753033, 29.22385902944484, 0.00016269432680853527, 1.0168791899165437, -35.8872995222373, 0.0, 0.0, 1.0]",65.991,66.935,1.72,ok,
eval_MoTaTiZrHf-HEA-DDRX-1100C_TEM_DislocationCharacterization_0#18,eval_MoTaTiZrHf-HEA-DDRX-1100C_TEM_DislocationCharacterization_0,DislocationCharacterization,MoTaTiZrHf-HEA-DDRX-1100C_TEM_DislocationCharacterization,control,ma_roma,direct,none,4,2192,2048,2192,2048,24,10000,3243,homography,"[1.0235774214779854, 0.0038510875309627824, -8.60709586837811, 0.0024964503656428284, 1.0614314069437163, -84.14612840816417, 1.100500113580083e-06, 1.0268520686879356e-05, 1.0]",63.835,63.526,1.71,ok,
eval_MoTaTiZrHf-HEA-DDRX-1100C_TEM_DislocationCharacterization_0#18,eval_MoTaTiZrHf-HEA-DDRX-1100C_TEM_DislocationCharacterization_0,DislocationCharacterization,MoTaTiZrHf-HEA-DDRX-1100C_TEM_DislocationCharacterization,control,ma_roma,direct,none,5,2192,2048,2192,2048,24,10000,3115,affine,"[0.9998222850744055, -0.0004735144824303418, 1.217071553793403, 0.00019475764226540082, 1.0113285249799564, -24.15469309486116, 0.0, 0.0, 1.0]",66.724,63.648,1.78,ok,
eval_MoTaTiZrHf-HEA-DDRX-1100C_TEM_DislocationCharacterization_0#19,eval_MoTaTiZrHf-HEA-DDRX-1100C_TEM_DislocationCharacterization_0,DislocationCharacterization,MoTaTiZrHf-HEA-DDRX-1100C_TEM_DislocationCharacterization,core,ma_roma,direct,none,0,2192,2048,2192,2048,24,10000,8650,homography,"[0.9735594028760232, -0.062394610331239296, 54.57074949511115, -0.0009729024919643163, 0.9942017170757279, -46.67422264657266, -1.1188778368368595e-06, 1.7385641601625037e-06, 1.0]",24.201,27.450,1.75,ok,
eval_MoTaTiZrHf-HEA-DDRX-1100C_TEM_DislocationCharacterization_0#19,eval_MoTaTiZrHf-HEA-DDRX-1100C_TEM_DislocationCharacterization_0,DislocationCharacterization,MoTaTiZrHf-HEA-DDRX-1100C_TEM_DislocationCharacterization,core,ma_roma,pyramid_v2,none,0,2192,2048,2192,2048,24,10000,8650,homography@direct,"[0.9735594028760232, -0.062394610331239296, 54.57074949511115, -0.0009729024919643163, 0.9942017170757279, -46.67422264657266, -1.1188778368368595e-06, 1.7385641601625037e-06, 1.0]",24.201,27.450,1.66,ok,
eval_MoTaTiZrHf-HEA-DDRX-1100C_TEM_DislocationCharacterization_0#19,eval_MoTaTiZrHf-HEA-DDRX-1100C_TEM_DislocationCharacterization_0,DislocationCharacterization,MoTaTiZrHf-HEA-DDRX-1100C_TEM_DislocationCharacterization,transform,ma_roma,direct,invert,0,2192,2048,2192,2048,24,10000,2749,homography,"[0.9739240198664267, -0.07328389860644298, 62.79027867852695, 0.006530825278933926, 0.9744402865282479, -21.67245155957308, 1.4938780507530286e-06, -3.659577263736262e-06, 1.0]",29.175,30.041,1.83,ok,
eval_MoTaTiZrHf-HEA-DDRX-1100C_TEM_DislocationCharacterization_0#19,eval_MoTaTiZrHf-HEA-DDRX-1100C_TEM_DislocationCharacterization_0,DislocationCharacterization,MoTaTiZrHf-HEA-DDRX-1100C_TEM_DislocationCharacterization,transform,ma_roma,direct,histmatch,0,2192,2048,2192,2048,24,10000,8426,homography,"[0.9743692241126027, -0.062214244834069954, 54.50259004602005, -0.0004969525189107556, 0.9949948760077367, -47.259622014172926, -8.14647733521885e-07, 2.03205020753706e-06, 1.0]",24.050,27.278,2.20,ok,
eval_MoTaTiZrHf-HEA-DDRX-1100C_TEM_DislocationCharacterization_0#19,eval_MoTaTiZrHf-HEA-DDRX-1100C_TEM_DislocationCharacterization_0,DislocationCharacterization,MoTaTiZrHf-HEA-DDRX-1100C_TEM_DislocationCharacterization,transform,ma_roma,direct,clahe,0,2192,2048,2192,2048,24,10000,8702,homography,"[0.9758165158571541, -0.060890277977923735, 53.322408829207674, -0.0006521703539857609, 0.9968893735878823, -47.20511386172064, -4.3594498771748446e-07, 3.2473050529410794e-06, 1.0]",24.339,27.245,1.81,ok,
eval_MoTaTiZrHf-HEA-DDRX-1100C_TEM_DislocationCharacterization_0#19,eval_MoTaTiZrHf-HEA-DDRX-1100C_TEM_DislocationCharacterization_0,DislocationCharacterization,MoTaTiZrHf-HEA-DDRX-1100C_TEM_DislocationCharacterization,transform,ma_roma,direct,gradmag,0,2192,2048,2192,2048,24,10000,6772,homography,"[0.9747002389664092, -0.06292343621328851, 55.18820805582049, -0.0015838741208643058, 0.9990400175996359, -48.75154138346525, -1.6102186597250245e-06, 3.1990352885938077e-06, 1.0]",24.005,28.094,2.01,ok,
eval_MoTaTiZrHf-HEA-DDRX-1100C_TEM_DislocationCharacterization_0#19,eval_MoTaTiZrHf-HEA-DDRX-1100C_TEM_DislocationCharacterization_0,DislocationCharacterization,MoTaTiZrHf-HEA-DDRX-1100C_TEM_DislocationCharacterization,control,ma_roma,direct,none,1,2192,2048,2192,2048,24,10000,8579,homography,"[0.9739666754965633, -0.062361749768342474, 54.50464037736899, -0.0008523203702981612, 0.994678297051711, -46.90452774718917, -8.715067601811355e-07, 1.8968744455571655e-06, 1.0]",24.377,27.638,1.76,ok,
eval_MoTaTiZrHf-HEA-DDRX-1100C_TEM_DislocationCharacterization_0#19,eval_MoTaTiZrHf-HEA-DDRX-1100C_TEM_DislocationCharacterization_0,DislocationCharacterization,MoTaTiZrHf-HEA-DDRX-1100C_TEM_DislocationCharacterization,control,ma_roma,direct,none,2,2192,2048,2192,2048,24,10000,8576,homography,"[0.9723628821174328, -0.06295483215122799, 55.40912317826172, -0.0009669771403290621, 0.9935305030827237, -46.94267108224568, -1.2676521022110675e-06, 1.2014519281505776e-06, 1.0]",24.374,27.668,1.61,ok,
eval_MoTaTiZrHf-HEA-DDRX-1100C_TEM_DislocationCharacterization_0#19,eval_MoTaTiZrHf-HEA-DDRX-1100C_TEM_DislocationCharacterization_0,DislocationCharacterization,MoTaTiZrHf-HEA-DDRX-1100C_TEM_DislocationCharacterization,control,ma_roma,direct,none,3,2192,2048,2192,2048,24,10000,8664,homography,"[0.9734765403028827, -0.06243216392255068, 54.61005026575645, -0.0009961102938106014, 0.9941338778915028, -46.685911511218826, -1.116420148102859e-06, 1.677391964821135e-06, 1.0]",24.221,27.458,1.70,ok,
eval_MoTaTiZrHf-HEA-DDRX-1100C_TEM_DislocationCharacterization_0#19,eval_MoTaTiZrHf-HEA-DDRX-1100C_TEM_DislocationCharacterization_0,DislocationCharacterization,MoTaTiZrHf-HEA-DDRX-1100C_TEM_DislocationCharacterization,control,ma_roma,direct,none,4,2192,2048,2192,2048,24,10000,8656,homography,"[0.9734305842502975, -0.062468972313052144, 54.6703780269665, -0.0009645994880631193, 0.9941188703932743, -46.68664938157698, -1.1372314091040792e-06, 1.6835044072421143e-06, 1.0]",24.223,27.491,1.71,ok,
eval_MoTaTiZrHf-HEA-DDRX-1100C_TEM_DislocationCharacterization_0#19,eval_MoTaTiZrHf-HEA-DDRX-1100C_TEM_DislocationCharacterization_0,DislocationCharacterization,MoTaTiZrHf-HEA-DDRX-1100C_TEM_DislocationCharacterization,control,ma_roma,direct,none,5,2192,2048,2192,2048,24,10000,8590,homography,"[0.9732337471328686, -0.062447364082402514, 55.05878294559538, -0.0010518807691397088, 0.9945524685251088, -46.692824147354536, -1.0454027513084239e-06, 1.7790403430674164e-06, 1.0]",24.250,27.469,1.70,ok,
eval_MoTaTiZrHf-HEA-DDRX-1100C_TEM_DislocationCharacterization_0#20,eval_MoTaTiZrHf-HEA-DDRX-1100C_TEM_DislocationCharacterization_0,DislocationCharacterization,MoTaTiZrHf-HEA-DDRX-1100C_TEM_DislocationCharacterization,core,ma_roma,direct,none,0,2192,2048,2192,2048,17,10000,2477,homography,"[0.9433828149836488, -0.00875714698360483, 18.962836792119976, -0.0031423858100703794, 0.8920365766329911, 112.37181726723807, -1.5399847321954986e-06, -2.5921894864229275e-05, 1.0]",204.849,204.269,1.59,ok,
eval_MoTaTiZrHf-HEA-DDRX-1100C_TEM_DislocationCharacterization_0#20,eval_MoTaTiZrHf-HEA-DDRX-1100C_TEM_DislocationCharacterization_0,DislocationCharacterization,MoTaTiZrHf-HEA-DDRX-1100C_TEM_DislocationCharacterization,core,ma_roma,pyramid_v2,none,0,2192,2048,2192,2048,17,10000,2477,homography@direct,"[0.9433828149836488, -0.00875714698360483, 18.962836792119976, -0.0031423858100703794, 0.8920365766329911, 112.37181726723807, -1.5399847321954986e-06, -2.5921894864229275e-05, 1.0]",204.849,204.269,1.75,ok,
eval_MoTaTiZrHf-HEA-DDRX-1100C_TEM_DislocationCharacterization_0#20,eval_MoTaTiZrHf-HEA-DDRX-1100C_TEM_DislocationCharacterization_0,DislocationCharacterization,MoTaTiZrHf-HEA-DDRX-1100C_TEM_DislocationCharacterization,transform,ma_roma,direct,invert,0,2192,2048,2192,2048,17,10000,2442,affine,"[0.9988238225517424, 0.0014793914055501207, -2.279581406134753, -0.00015704204020555376, 0.9937006349774217, 14.032425478288587, 0.0, 0.0, 1.0]",191.808,195.930,1.67,ok,
eval_MoTaTiZrHf-HEA-DDRX-1100C_TEM_DislocationCharacterization_0#20,eval_MoTaTiZrHf-HEA-DDRX-1100C_TEM_DislocationCharacterization_0,DislocationCharacterization,MoTaTiZrHf-HEA-DDRX-1100C_TEM_DislocationCharacterization,transform,ma_roma,direct,histmatch,0,2192,2048,2192,2048,17,10000,2311,affine,"[1.000169077345505, 0.0033636841388256914, -7.018262411461137, 0.000423794769016528, 1.0175808997310938, -37.46559326305578, 0.0, 0.0, 1.0]",176.005,188.809,2.08,ok,
eval_MoTaTiZrHf-HEA-DDRX-1100C_TEM_DislocationCharacterization_0#20,eval_MoTaTiZrHf-HEA-DDRX-1100C_TEM_DislocationCharacterization_0,DislocationCharacterization,MoTaTiZrHf-HEA-DDRX-1100C_TEM_DislocationCharacterization,transform,ma_roma,direct,clahe,0,2192,2048,2192,2048,17,10000,1119,affine,"[1.0002412194034282, 0.008161759679875345, -16.84563824919269, -0.00010873357808808123, 0.9975963487556463, 5.302840869485408, 0.0, 0.0, 1.0]",188.771,194.139,1.84,ok,
eval_MoTaTiZrHf-HEA-DDRX-1100C_TEM_DislocationCharacterization_0#20,eval_MoTaTiZrHf-HEA-DDRX-1100C_TEM_DislocationCharacterization_0,DislocationCharacterization,MoTaTiZrHf-HEA-DDRX-1100C_TEM_DislocationCharacterization,transform,ma_roma,direct,gradmag,0,2192,2048,2192,2048,17,10000,1064,affine,"[1.000106787259855, 0.016284682401339158, -34.54291869410872, -0.0003641752124667169, 0.9981064765949422, 4.4367453555610155, 0.0, 0.0, 1.0]",187.971,193.048,1.96,ok,
eval_MoTaTiZrHf-HEA-DDRX-1100C_TEM_DislocationCharacterization_0#20,eval_MoTaTiZrHf-HEA-DDRX-1100C_TEM_DislocationCharacterization_0,DislocationCharacterization,MoTaTiZrHf-HEA-DDRX-1100C_TEM_DislocationCharacterization,control,ma_roma,direct,none,1,2192,2048,2192,2048,17,10000,2489,affine,"[1.0010928244766457, 0.0054430737202073075, -11.853336579804704, 5.8398790678733816e-05, 1.0005968676794494, -1.209549568271541, 0.0, 0.0, 1.0]",187.088,193.965,1.76,ok,
eval_MoTaTiZrHf-HEA-DDRX-1100C_TEM_DislocationCharacterization_0#20,eval_MoTaTiZrHf-HEA-DDRX-1100C_TEM_DislocationCharacterization_0,DislocationCharacterization,MoTaTiZrHf-HEA-DDRX-1100C_TEM_DislocationCharacterization,control,ma_roma,direct,none,2,2192,2048,2192,2048,17,10000,2529,homography,"[0.9418398976350202, -0.009260202662674289, 19.827680626071885, -0.002705513992959818, 0.8859460090696011, 120.52899926855422, -1.3162241423027523e-06, -2.697970818650214e-05, 1.0]",206.931,204.702,1.62,ok,
eval_MoTaTiZrHf-HEA-DDRX-1100C_TEM_DislocationCharacterization_0#20,eval_MoTaTiZrHf-HEA-DDRX-1100C_TEM_DislocationCharacterization_0,DislocationCharacterization,MoTaTiZrHf-HEA-DDRX-1100C_TEM_DislocationCharacterization,control,ma_roma,direct,none,3,2192,2048,2192,2048,17,10000,2464,affine,"[1.001189703420941, 0.01015672903878497, -21.81214390821026, 0.0001267136801842447, 1.0030101951997885, -6.348036581967335, 0.0, 0.0, 1.0]",185.341,192.738,1.70,ok,
eval_MoTaTiZrHf-HEA-DDRX-1100C_TEM_DislocationCharacterization_0#20,eval_MoTaTiZrHf-HEA-DDRX-1100C_TEM_DislocationCharacterization_0,DislocationCharacterization,MoTaTiZrHf-HEA-DDRX-1100C_TEM_DislocationCharacterization,control,ma_roma,direct,none,4,2192,2048,2192,2048,17,10000,2535,affine,"[1.0012438168401536, 0.010048784738697556, -21.603709860165054, 9.770196734390727e-05, 1.0023634565483148, -4.947241869429945, 0.0, 0.0, 1.0]",185.780,192.966,1.59,ok,
eval_MoTaTiZrHf-HEA-DDRX-1100C_TEM_DislocationCharacterization_0#20,eval_MoTaTiZrHf-HEA-DDRX-1100C_TEM_DislocationCharacterization_0,DislocationCharacterization,MoTaTiZrHf-HEA-DDRX-1100C_TEM_DislocationCharacterization,control,ma_roma,direct,none,5,2192,2048,2192,2048,17,10000,2436,affine,"[1.001277552316659, 0.008773079760150421, -18.936584043669882, 0.00013888557093059829, 1.0020866245182145, -4.431398885944418, 0.0, 0.0, 1.0]",185.998,193.234,1.79,ok,
eval_MoTaTiZrHf-HEA-DDRX-1100C_TEM_DislocationCharacterization_0#21,eval_MoTaTiZrHf-HEA-DDRX-1100C_TEM_DislocationCharacterization_0,DislocationCharacterization,MoTaTiZrHf-HEA-DDRX-1100C_TEM_DislocationCharacterization,core,ma_roma,direct,none,0,2192,2048,2192,2048,17,10000,2070,affine,"[1.0000302271313628, 0.006239395250511748, -13.103024642684204, 2.9853021741602534e-05, 1.0029611774005351, -6.266167427277651, 0.0, 0.0, 1.0]",185.157,192.507,1.75,ok,
eval_MoTaTiZrHf-HEA-DDRX-1100C_TEM_DislocationCharacterization_0#21,eval_MoTaTiZrHf-HEA-DDRX-1100C_TEM_DislocationCharacterization_0,DislocationCharacterization,MoTaTiZrHf-HEA-DDRX-1100C_TEM_DislocationCharacterization,core,ma_roma,pyramid_v2,none,0,2192,2048,2192,2048,17,10000,2070,affine@direct,"[1.0000302271313628, 0.006239395250511748, -13.103024642684204, 2.9853021741602534e-05, 1.0029611774005351, -6.266167427277651, 0.0, 0.0, 1.0]",185.157,192.507,1.77,ok,
eval_MoTaTiZrHf-HEA-DDRX-1100C_TEM_DislocationCharacterization_0#21,eval_MoTaTiZrHf-HEA-DDRX-1100C_TEM_DislocationCharacterization_0,DislocationCharacterization,MoTaTiZrHf-HEA-DDRX-1100C_TEM_DislocationCharacterization,transform,ma_roma,direct,invert,0,2192,2048,2192,2048,17,10000,2527,homography,"[1.1835885647363473, 0.05921039426213944, -125.78212345336776, 0.006389913093121386, 1.3683899522851997, -399.12808234101067, 3.4410693565980647e-06, 8.46341687042002e-05, 1.0]",176.318,195.394,1.71,ok,
eval_MoTaTiZrHf-HEA-DDRX-1100C_TEM_DislocationCharacterization_0#21,eval_MoTaTiZrHf-HEA-DDRX-1100C_TEM_DislocationCharacterization_0,DislocationCharacterization,MoTaTiZrHf-HEA-DDRX-1100C_TEM_DislocationCharacterization,transform,ma_roma,direct,histmatch,0,2192,2048,2192,2048,17,10000,1950,homography,"[1.0552425224343918, 0.00012646597625426062, -0.45950161724194427, 0.0009588555587293606, 1.1474388928071706, -196.16250150957086, 3.747663007342028e-07, 2.580110471914773e-05, 1.0]",155.461,187.516,1.93,ok,
eval_MoTaTiZrHf-HEA-DDRX-1100C_TEM_DislocationCharacterization_0#21,eval_MoTaTiZrHf-HEA-DDRX-1100C_TEM_DislocationCharacterization_0,DislocationCharacterization,MoTaTiZrHf-HEA-DDRX-1100C_TEM_DislocationCharacterization,transform,ma_roma,direct,clahe,0,2192,2048,2192,2048,17,10000,4293,affine,"[0.9802957589153702, -0.0393410746909292, 21.100807853415972, -0.0007434366307249725, 0.9886877197809443, -155.62548889717266, 0.0, 0.0, 1.0]",15.019,14.720,1.78,ok,
eval_MoTaTiZrHf-HEA-DDRX-1100C_TEM_DislocationCharacterization_0#21,eval_MoTaTiZrHf-HEA-DDRX-1100C_TEM_DislocationCharacterization_0,DislocationCharacterization,MoTaTiZrHf-HEA-DDRX-1100C_TEM_DislocationCharacterization,transform,ma_roma,direct,gradmag,0,2192,2048,2192,2048,17,10000,2057,affine,"[0.9993965581113158, 0.0006609120151664778, -0.9833666846523101, 0.0006139058796725954, 1.0142799353283432, -30.787804914877142, 0.0, 0.0, 1.0]",178.088,189.806,1.99,ok,
eval_MoTaTiZrHf-HEA-DDRX-1100C_TEM_DislocationCharacterization_0#21,eval_MoTaTiZrHf-HEA-DDRX-1100C_TEM_DislocationCharacterization_0,DislocationCharacterization,MoTaTiZrHf-HEA-DDRX-1100C_TEM_DislocationCharacterization,control,ma_roma,direct,none,1,2192,2048,2192,2048,17,10000,2202,homography,"[1.0639571979904643, 0.034696921377072885, -73.14657157696894, 0.0004288154074851562, 1.1561708080446633, -195.1454339853963, 1.9859780744772547e-07, 3.0156120688862523e-05, 1.0]",153.750,185.575,1.73,ok,
eval_MoTaTiZrHf-HEA-DDRX-1100C_TEM_DislocationCharacterization_0#21,eval_MoTaTiZrHf-HEA-DDRX-1100C_TEM_DislocationCharacterization_0,DislocationCharacterization,MoTaTiZrHf-HEA-DDRX-1100C_TEM_DislocationCharacterization,control,ma_roma,direct,none,2,2192,2048,2192,2048,17,10000,2092,homography,"[0.9780511672854859, -0.0039012553047869567, 8.096370319726201, 0.0010327447138982495, 0.9557263805991415, 45.187495463805504, 4.803999242236917e-07, -1.0828211926354434e-05, 1.0]",194.538,193.942,1.68,ok,
eval_MoTaTiZrHf-HEA-DDRX-1100C_TEM_DislocationCharacterization_0#21,eval_MoTaTiZrHf-HEA-DDRX-1100C_TEM_DislocationCharacterization_0,DislocationCharacterization,MoTaTiZrHf-HEA-DDRX-1100C_TEM_DislocationCharacterization,control,ma_roma,direct,none,3,2192,2048,2192,2048,17,10000,2065,affine,"[1.0000974242879774, 0.006703212944664286, -14.040529859842309, 2.6789324542928163e-05, 1.0017277220274374, -3.651862612803143, 0.0, 0.0, 1.0]",185.972,192.858,1.70,ok,
eval_MoTaTiZrHf-HEA-DDRX-1100C_TEM_DislocationCharacterization_0#21,eval_MoTaTiZrHf-HEA-DDRX-1100C_TEM_DislocationCharacterization_0,DislocationCharacterization,MoTaTiZrHf-HEA-DDRX-1100C_TEM_DislocationCharacterization,control,ma_roma,direct,none,4,2192,2048,2192,2048,17,10000,2069,homography,"[0.9726899185491805, -0.003811560757711873, 7.903423669207591, 0.0006326660546018499, 0.9454243136483994, 56.01194707147347, 3.1628414180042645e-07, -1.3296337345481373e-05, 1.0]",196.146,193.870,1.70,ok,
eval_MoTaTiZrHf-HEA-DDRX-1100C_TEM_DislocationCharacterization_0#21,eval_MoTaTiZrHf-HEA-DDRX-1100C_TEM_DislocationCharacterization_0,DislocationCharacterization,MoTaTiZrHf-HEA-DDRX-1100C_TEM_DislocationCharacterization,control,ma_roma,direct,none,5,2192,2048,2192,2048,17,10000,2236,homography,"[1.0771268945708687, 0.013531366897701062, -28.37253604754808, 9.396789509141776e-05, 1.1754446088777828, -206.9169022343288, 3.454377332741678e-08, 3.6654829764680114e-05, 1.0]",159.327,191.780,1.69,ok,
eval_MoTaTiZrHf-HEA-DDRX-1100C_TEM_DislocationCharacterization_0#22,eval_MoTaTiZrHf-HEA-DDRX-1100C_TEM_DislocationCharacterization_0,DislocationCharacterization,MoTaTiZrHf-HEA-DDRX-1100C_TEM_DislocationCharacterization,core,ma_roma,direct,none,0,2192,2048,2192,2048,17,10000,2364,affine,"[1.0009642847960993, 0.00436104127795755, -9.704462678815162, 7.519984561295605e-05, 1.009435168149159, -20.089130830507656, 0.0, 0.0, 1.0]",181.152,191.091,1.69,ok,
eval_MoTaTiZrHf-HEA-DDRX-1100C_TEM_DislocationCharacterization_0#22,eval_MoTaTiZrHf-HEA-DDRX-1100C_TEM_DislocationCharacterization_0,DislocationCharacterization,MoTaTiZrHf-HEA-DDRX-1100C_TEM_DislocationCharacterization,core,ma_roma,pyramid_v2,none,0,2192,2048,2192,2048,17,10000,2364,affine@direct,"[1.0009642847960993, 0.00436104127795755, -9.704462678815162, 7.519984561295605e-05, 1.009435168149159, -20.089130830507656, 0.0, 0.0, 1.0]",181.152,191.091,1.65,ok,
eval_MoTaTiZrHf-HEA-DDRX-1100C_TEM_DislocationCharacterization_0#22,eval_MoTaTiZrHf-HEA-DDRX-1100C_TEM_DislocationCharacterization_0,DislocationCharacterization,MoTaTiZrHf-HEA-DDRX-1100C_TEM_DislocationCharacterization,transform,ma_roma,direct,invert,0,2192,2048,2192,2048,17,10000,2465,affine,"[0.9999160616365439, 0.0018970159561980567, -3.576102216294089, -0.00024530658493397754, 0.9968556235891297, 6.9524599408478025, 0.0, 0.0, 1.0]",189.501,194.841,1.65,ok,
eval_MoTaTiZrHf-HEA-DDRX-1100C_TEM_DislocationCharacterization_0#22,eval_MoTaTiZrHf-HEA-DDRX-1100C_TEM_DislocationCharacterization_0,DislocationCharacterization,MoTaTiZrHf-HEA-DDRX-1100C_TEM_DislocationCharacterization,transform,ma_roma,direct,histmatch,0,2192,2048,2192,2048,17,10000,2610,affine,"[1.0002759103202892, 0.002204841418072203, -4.7665481561250544, -9.264485558336946e-06, 1.0000582865687482, -0.1413963875538684, 0.0, 0.0, 1.0]",187.311,193.924,1.98,ok,
eval_MoTaTiZrHf-HEA-DDRX-1100C_TEM_DislocationCharacterization_0#22,eval_MoTaTiZrHf-HEA-DDRX-1100C_TEM_DislocationCharacterization_0,DislocationCharacterization,MoTaTiZrHf-HEA-DDRX-1100C_TEM_DislocationCharacterization,transform,ma_roma,direct,clahe,0,2192,2048,2192,2048,17,10000,3207,affine,"[0.9776191441275319, -0.0402866367306743, 28.271918377716702, -0.0005367000548358841, 0.988175322442414, -156.69276699251498, 0.0, 0.0, 1.0]",13.587,14.129,1.81,ok,
eval_MoTaTiZrHf-HEA-DDRX-1100C_TEM_DislocationCharacterization_0#22,eval_MoTaTiZrHf-HEA-DDRX-1100C_TEM_DislocationCharacterization_0,DislocationCharacterization,MoTaTiZrHf-HEA-DDRX-1100C_TEM_DislocationCharacterization,transform,ma_roma,direct,gradmag,0,2192,2048,2192,2048,17,10000,2685,affine,"[1.00100744986894, -0.004436675221545044, 8.74014300495628, 0.00035429593063345346, 1.0290714509410097, -61.9619498360471, 0.0, 0.0, 1.0]",169.153,186.397,2.07,ok,
eval_MoTaTiZrHf-HEA-DDRX-1100C_TEM_DislocationCharacterization_0#22,eval_MoTaTiZrHf-HEA-DDRX-1100C_TEM_DislocationCharacterization_0,DislocationCharacterization,MoTaTiZrHf-HEA-DDRX-1100C_TEM_DislocationCharacterization,control,ma_roma,direct,none,1,2192,2048,2192,2048,17,10000,2309,affine,"[1.0009387391507845, 0.004324028721915488, -9.597358325934124, 0.00013056973001506723, 1.0053506158929644, -11.51146767025648, 0.0, 0.0, 1.0]",183.818,192.383,1.65,ok,
eval_MoTaTiZrHf-HEA-DDRX-1100C_TEM_DislocationCharacterization_0#22,eval_MoTaTiZrHf-HEA-DDRX-1100C_TEM_DislocationCharacterization_0,DislocationCharacterization,MoTaTiZrHf-HEA-DDRX-1100C_TEM_DislocationCharacterization,control,ma_roma,direct,none,2,2192,2048,2192,2048,17,10000,2323,affine,"[1.0008734659533431, 0.0030986116387721188, -6.9211712937611765, 0.00016345083883599574, 1.0080446609444418, -17.232713860671083, 0.0, 0.0, 1.0]",182.159,191.737,1.78,ok,
eval_MoTaTiZrHf-HEA-DDRX-1100C_TEM_DislocationCharacterization_0#22,eval_MoTaTiZrHf-HEA-DDRX-1100C_TEM_DislocationCharacterization_0,DislocationCharacterization,MoTaTiZrHf-HEA-DDRX-1100C_TEM_DislocationCharacterization,control,ma_roma,direct,none,3,2192,2048,2192,2048,17,10000,2358,affine,"[1.000718947175993, -0.0017897937226779867, 3.3856834497485124, 1.0982873088965707e-05, 0.9967121341156807, 7.0054943457357695, 0.0, 0.0, 1.0]",190.022,195.781,1.61,ok,
eval_MoTaTiZrHf-HEA-DDRX-1100C_TEM_DislocationCharacterization_0#22,eval_MoTaTiZrHf-HEA-DDRX-1100C_TEM_DislocationCharacterization_0,DislocationCharacterization,MoTaTiZrHf-HEA-DDRX-1100C_TEM_DislocationCharacterization,control,ma_roma,direct,none,4,2192,2048,2192,2048,17,10000,2337,affine,"[1.0009345551921591, 0.0044412641818557174, -9.842280596653382, 0.00011285350812435056, 1.007252216694517, -15.512697839145403, 0.0, 0.0, 1.0]",182.569,191.769,1.70,ok,
eval_MoTaTiZrHf-HEA-DDRX-1100C_TEM_DislocationCharacterization_0#22,eval_MoTaTiZrHf-HEA-DDRX-1100C_TEM_DislocationCharacterization_0,DislocationCharacterization,MoTaTiZrHf-HEA-DDRX-1100C_TEM_DislocationCharacterization,control,ma_roma,direct,none,5,2192,2048,2192,2048,17,10000,2328,homography,"[0.9685536426434271, -0.006026332044317463, 12.465023158952043, -0.000598611948519547, 0.9437955212572261, 51.59675016509713, -3.3993865412382626e-07, -1.49965616205918e-05, 1.0]",193.430,192.138,1.79,ok,
eval_MoTaTiZrHf-HEA-DDRX-1100C_TEM_DislocationCharacterization_0#23,eval_MoTaTiZrHf-HEA-DDRX-1100C_TEM_DislocationCharacterization_0,DislocationCharacterization,MoTaTiZrHf-HEA-DDRX-1100C_TEM_DislocationCharacterization,core,ma_roma,direct,none,0,2192,2048,2192,2048,17,10000,2693,affine,"[0.9995809029810874, -0.012687360513233605, 26.891936312448706, 0.00017408277454453137, 1.0026207933750697, -5.553278117303762, 0.0, 0.0, 1.0]",187.365,195.046,1.60,ok,
eval_MoTaTiZrHf-HEA-DDRX-1100C_TEM_DislocationCharacterization_0#23,eval_MoTaTiZrHf-HEA-DDRX-1100C_TEM_DislocationCharacterization_0,DislocationCharacterization,MoTaTiZrHf-HEA-DDRX-1100C_TEM_DislocationCharacterization,core,ma_roma,pyramid_v2,none,0,2192,2048,2192,2048,17,10000,2693,affine@direct,"[0.9995809029810874, -0.012687360513233605, 26.891936312448706, 0.00017408277454453137, 1.0026207933750697, -5.553278117303762, 0.0, 0.0, 1.0]",187.365,195.046,1.65,ok,
eval_MoTaTiZrHf-HEA-DDRX-1100C_TEM_DislocationCharacterization_0#23,eval_MoTaTiZrHf-HEA-DDRX-1100C_TEM_DislocationCharacterization_0,DislocationCharacterization,MoTaTiZrHf-HEA-DDRX-1100C_TEM_DislocationCharacterization,transform,ma_roma,direct,invert,0,2192,2048,2192,2048,17,10000,3900,affine,"[0.979626004824904, -0.0417921177331573, 26.06684889465714, -0.000581308132207428, 0.9929707624822026, -160.1378680671072, 0.0, 0.0, 1.0]",16.819,16.962,1.56,ok,
eval_MoTaTiZrHf-HEA-DDRX-1100C_TEM_DislocationCharacterization_0#23,eval_MoTaTiZrHf-HEA-DDRX-1100C_TEM_DislocationCharacterization_0,DislocationCharacterization,MoTaTiZrHf-HEA-DDRX-1100C_TEM_DislocationCharacterization,transform,ma_roma,direct,histmatch,0,2192,2048,2192,2048,17,10000,3078,affine,"[0.9990546169963505, -0.009326243289156017, 19.85180732486026, 0.00019721949350721372, 1.0024781454426697, -5.618536639734884, 0.0, 0.0, 1.0]",186.460,193.979,1.99,ok,
eval_MoTaTiZrHf-HEA-DDRX-1100C_TEM_DislocationCharacterization_0#23,eval_MoTaTiZrHf-HEA-DDRX-1100C_TEM_DislocationCharacterization_0,DislocationCharacterization,MoTaTiZrHf-HEA-DDRX-1100C_TEM_DislocationCharacterization,transform,ma_roma,direct,clahe,0,2192,2048,2192,2048,17,10000,1659,homography,"[1.0485722288329196, 0.02767314419346862, -59.06621453937949, 0.0023043193098517102, 1.1069350351027587, -127.91260399781166, 1.1165275324987302e-06, 2.19690770580049e-05, 1.0]",164.245,189.565,1.73,ok,
eval_MoTaTiZrHf-HEA-DDRX-1100C_TEM_DislocationCharacterization_0#23,eval_MoTaTiZrHf-HEA-DDRX-1100C_TEM_DislocationCharacterization_0,DislocationCharacterization,MoTaTiZrHf-HEA-DDRX-1100C_TEM_DislocationCharacterization,transform,ma_roma,direct,gradmag,0,2192,2048,2192,2048,17,10000,1867,homography,"[1.0762011005288068, 0.01788533039397272, -36.16275774550756, -0.005988043282269248, 1.178646777785086, -203.54254653909587, -2.909298410763057e-06, 3.900335984008526e-05, 1.0]",159.458,191.904,1.88,ok,
eval_MoTaTiZrHf-HEA-DDRX-1100C_TEM_DislocationCharacterization_0#23,eval_MoTaTiZrHf-HEA-DDRX-1100C_TEM_DislocationCharacterization_0,DislocationCharacterization,MoTaTiZrHf-HEA-DDRX-1100C_TEM_DislocationCharacterization,control,ma_roma,direct,none,1,2192,2048,2192,2048,17,10000,2775,affine,"[0.9995701507924147, -0.013666299248703273, 28.976417269947888, 0.00021479980390131908, 1.0041693437938537, -8.871906018736354, 0.0, 0.0, 1.0]",186.518,194.731,1.69,ok,
eval_MoTaTiZrHf-HEA-DDRX-1100C_TEM_DislocationCharacterization_0#23,eval_MoTaTiZrHf-HEA-DDRX-1100C_TEM_DislocationCharacterization_0,DislocationCharacterization,MoTaTiZrHf-HEA-DDRX-1100C_TEM_DislocationCharacterization,control,ma_roma,direct,none,2,2192,2048,2192,2048,17,10000,2696,affine,"[0.9994300100555139, -0.016144339523843566, 34.25264705168695, 0.00011201845081978103, 1.0016991481822104, -3.577861814114385, 0.0, 0.0, 1.0]",188.440,195.651,1.69,ok,
eval_MoTaTiZrHf-HEA-DDRX-1100C_TEM_DislocationCharacterization_0#23,eval_MoTaTiZrHf-HEA-DDRX-1100C_TEM_DislocationCharacterization_0,DislocationCharacterization,MoTaTiZrHf-HEA-DDRX-1100C_TEM_DislocationCharacterization,control,ma_roma,direct,none,3,2192,2048,2192,2048,17,10000,2706,affine,"[0.9995837482561575, -0.012244550522437237, 25.955301925179356, 0.00014163272737202344, 1.0010179707048872, -2.169080098660288, 0.0, 0.0, 1.0]",188.298,195.421,1.60,ok,
eval_MoTaTiZrHf-HEA-DDRX-1100C_TEM_DislocationCharacterization_0#23,eval_MoTaTiZrHf-HEA-DDRX-1100C_TEM_DislocationCharacterization_0,DislocationCharacterization,MoTaTiZrHf-HEA-DDRX-1100C_TEM_DislocationCharacterization,control,ma_roma,direct,none,4,2192,2048,2192,2048,17,10000,2603,homography,"[1.1235600991931212, 0.014992323236159169, -31.206787760956185, -0.0007432995539657794, 1.2613909389179705, -287.1254592572362, -4.769171644472147e-07, 5.93913469089225e-05, 1.0]",169.472,196.505,1.59,ok,
eval_MoTaTiZrHf-HEA-DDRX-1100C_TEM_DislocationCharacterization_0#23,eval_MoTaTiZrHf-HEA-DDRX-1100C_TEM_DislocationCharacterization_0,DislocationCharacterization,MoTaTiZrHf-HEA-DDRX-1100C_TEM_DislocationCharacterization,control,ma_roma,direct,none,5,2192,2048,2192,2048,17,10000,2720,affine,"[0.9997588005290293, -0.0099515445276794, 21.06756591533815, 0.00022834143139251252, 1.005128209623323, -10.889590564444916, 0.0, 0.0, 1.0]",185.414,194.062,1.62,ok,
eval_MoTaTiZrHf-HEA-DDRX-1100C_TEM_DislocationCharacterization_0#24,eval_MoTaTiZrHf-HEA-DDRX-1100C_TEM_DislocationCharacterization_0,DislocationCharacterization,MoTaTiZrHf-HEA-DDRX-1100C_TEM_DislocationCharacterization,core,ma_roma,direct,none,0,2192,2048,2192,2048,24,10000,5726,affine,"[0.9749178337195498, -0.06545406685255412, 51.486889811201536, 0.0033980793357149095, 0.9952643898329094, -48.527065167713886, 0.0, 0.0, 1.0]",28.056,31.935,1.69,ok,
eval_MoTaTiZrHf-HEA-DDRX-1100C_TEM_DislocationCharacterization_0#24,eval_MoTaTiZrHf-HEA-DDRX-1100C_TEM_DislocationCharacterization_0,DislocationCharacterization,MoTaTiZrHf-HEA-DDRX-1100C_TEM_DislocationCharacterization,core,ma_roma,pyramid_v2,none,0,2192,2048,2192,2048,24,10000,5726,affine@direct,"[0.9749178337195498, -0.06545406685255412, 51.486889811201536, 0.0033980793357149095, 0.9952643898329094, -48.527065167713886, 0.0, 0.0, 1.0]",28.056,31.935,1.66,ok,
eval_MoTaTiZrHf-HEA-DDRX-1100C_TEM_DislocationCharacterization_0#24,eval_MoTaTiZrHf-HEA-DDRX-1100C_TEM_DislocationCharacterization_0,DislocationCharacterization,MoTaTiZrHf-HEA-DDRX-1100C_TEM_DislocationCharacterization,transform,ma_roma,direct,invert,0,2192,2048,2192,2048,24,10000,4903,affine,"[0.972415876091759, -0.06378150130396167, 54.15744307299224, 0.00261883050068824, 0.9926851625305241, -30.36786050511273, 0.0, 0.0, 1.0]",31.001,32.429,1.72,ok,
eval_MoTaTiZrHf-HEA-DDRX-1100C_TEM_DislocationCharacterization_0#24,eval_MoTaTiZrHf-HEA-DDRX-1100C_TEM_DislocationCharacterization_0,DislocationCharacterization,MoTaTiZrHf-HEA-DDRX-1100C_TEM_DislocationCharacterization,transform,ma_roma,direct,histmatch,0,2192,2048,2192,2048,24,10000,6628,homography,"[0.9772213604101232, -0.06314309818902128, 51.11618731426768, 0.0021891921275512135, 1.0015715655560546, -49.05283719008491, 1.2637469423345076e-06, 1.797076657137278e-06, 1.0]",27.334,31.585,2.00,ok,
eval_MoTaTiZrHf-HEA-DDRX-1100C_TEM_DislocationCharacterization_0#24,eval_MoTaTiZrHf-HEA-DDRX-1100C_TEM_DislocationCharacterization_0,DislocationCharacterization,MoTaTiZrHf-HEA-DDRX-1100C_TEM_DislocationCharacterization,transform,ma_roma,direct,clahe,0,2192,2048,2192,2048,24,10000,6031,homography,"[0.9759141827806926, -0.05445820872798455, 49.13059605383643, 0.00018056504585147378, 1.0073896377122005, -48.29744865514592, -9.509206600671483e-07, 8.929354897691622e-06, 1.0]",26.377,30.786,1.76,ok,
eval_MoTaTiZrHf-HEA-DDRX-1100C_TEM_DislocationCharacterization_0#24,eval_MoTaTiZrHf-HEA-DDRX-1100C_TEM_DislocationCharacterization_0,DislocationCharacterization,MoTaTiZrHf-HEA-DDRX-1100C_TEM_DislocationCharacterization,transform,ma_roma,direct,gradmag,0,2192,2048,2192,2048,24,10000,2878,homography,"[0.9744617335750355, -0.06315938886475299, 51.282821600652895, -0.005922033195757966, 0.9951129852539494, -36.72766577122256, -3.1766559590356516e-06, 2.5465295737961382e-06, 1.0]",24.853,27.223,1.88,ok,
eval_MoTaTiZrHf-HEA-DDRX-1100C_TEM_DislocationCharacterization_0#24,eval_MoTaTiZrHf-HEA-DDRX-1100C_TEM_DislocationCharacterization_0,DislocationCharacterization,MoTaTiZrHf-HEA-DDRX-1100C_TEM_DislocationCharacterization,control,ma_roma,direct,none,1,2192,2048,2192,2048,24,10000,5830,affine,"[0.9749411621395278, -0.06544000457241911, 51.50967828811213, 0.0034042611422089642, 0.9953249576870085, -48.51653453096003, 0.0, 0.0, 1.0]",28.007,31.858,1.66,ok,
eval_MoTaTiZrHf-HEA-DDRX-1100C_TEM_DislocationCharacterization_0#24,eval_MoTaTiZrHf-HEA-DDRX-1100C_TEM_DislocationCharacterization_0,DislocationCharacterization,MoTaTiZrHf-HEA-DDRX-1100C_TEM_DislocationCharacterization,control,ma_roma,direct,none,2,2192,2048,2192,2048,24,10000,5738,affine,"[0.9749265629303271, -0.06534986503603804, 51.41564811694184, 0.003459055796995793, 0.9953947857292422, -48.69454255370181, 0.0, 0.0, 1.0]",28.001,31.821,1.62,ok,
eval_MoTaTiZrHf-HEA-DDRX-1100C_TEM_DislocationCharacterization_0#24,eval_MoTaTiZrHf-HEA-DDRX-1100C_TEM_DislocationCharacterization_0,DislocationCharacterization,MoTaTiZrHf-HEA-DDRX-1100C_TEM_DislocationCharacterization,control,ma_roma,direct,none,3,2192,2048,2192,2048,24,10000,5769,affine,"[0.9749338238174468, -0.06546811988262398, 51.53736798189561, 0.0033693320957754354, 0.9954120024851509, -48.50219874686479, 0.0, 0.0, 1.0]",28.030,31.900,1.70,ok,
eval_MoTaTiZrHf-HEA-DDRX-1100C_TEM_DislocationCharacterization_0#24,eval_MoTaTiZrHf-HEA-DDRX-1100C_TEM_DislocationCharacterization_0,DislocationCharacterization,MoTaTiZrHf-HEA-DDRX-1100C_TEM_DislocationCharacterization,control,ma_roma,direct,none,4,2192,2048,2192,2048,24,10000,5665,affine,"[0.9748050379837493, -0.06525667101622028, 51.09005578848041, 0.0038247659412516807, 0.995453263552551, -49.674908170360936, 0.0, 0.0, 1.0]",28.283,32.162,1.76,ok,
eval_MoTaTiZrHf-HEA-DDRX-1100C_TEM_DislocationCharacterization_0#24,eval_MoTaTiZrHf-HEA-DDRX-1100C_TEM_DislocationCharacterization_0,DislocationCharacterization,MoTaTiZrHf-HEA-DDRX-1100C_TEM_DislocationCharacterization,control,ma_roma,direct,none,5,2192,2048,2192,2048,24,10000,5753,affine,"[0.9749466559836518, -0.06542047313511638, 51.39431005278948, 0.0034492712879446957, 0.9954053153734869, -48.73522255063153, 0.0, 0.0, 1.0]",28.077,31.930,1.74,ok,
eval_MoTaTiZrHf-HEA-DDRX-1100C_TEM_DislocationCharacterization_0#25,eval_MoTaTiZrHf-HEA-DDRX-1100C_TEM_DislocationCharacterization_0,DislocationCharacterization,MoTaTiZrHf-HEA-DDRX-1100C_TEM_DislocationCharacterization,core,ma_roma,direct,none,0,2192,2048,2192,2048,24,10000,7177,homography,"[0.9679760148253725, -0.06269830976641974, 58.099909364424306, -0.00017011542463808927, 0.9921851434335013, -47.40619863866225, -2.9195459044490895e-06, -2.1343389345055877e-06, 1.0]",20.690,20.706,1.67,ok,
eval_MoTaTiZrHf-HEA-DDRX-1100C_TEM_DislocationCharacterization_0#25,eval_MoTaTiZrHf-HEA-DDRX-1100C_TEM_DislocationCharacterization_0,DislocationCharacterization,MoTaTiZrHf-HEA-DDRX-1100C_TEM_DislocationCharacterization,core,ma_roma,pyramid_v2,none,0,2192,2048,2192,2048,24,10000,7177,homography@direct,"[0.9679760148253725, -0.06269830976641974, 58.099909364424306, -0.00017011542463808927, 0.9921851434335013, -47.40619863866225, -2.9195459044490895e-06, -2.1343389345055877e-06, 1.0]",20.690,20.706,1.77,ok,
eval_MoTaTiZrHf-HEA-DDRX-1100C_TEM_DislocationCharacterization_0#25,eval_MoTaTiZrHf-HEA-DDRX-1100C_TEM_DislocationCharacterization_0,DislocationCharacterization,MoTaTiZrHf-HEA-DDRX-1100C_TEM_DislocationCharacterization,transform,ma_roma,direct,invert,0,2192,2048,2192,2048,24,10000,2152,homography,"[0.9867880235570957, -0.009292149122885415, 21.46619560101589, -0.004700393530762751, 1.0131561317800213, -47.246982338615396, -2.300375974786132e-06, -4.34603183422646e-06, 1.0]",59.453,58.205,1.70,ok,
eval_MoTaTiZrHf-HEA-DDRX-1100C_TEM_DislocationCharacterization_0#25,eval_MoTaTiZrHf-HEA-DDRX-1100C_TEM_DislocationCharacterization_0,DislocationCharacterization,MoTaTiZrHf-HEA-DDRX-1100C_TEM_DislocationCharacterization,transform,ma_roma,direct,histmatch,0,2192,2048,2192,2048,24,10000,7906,homography,"[0.9700950374975377, -0.06400580026922077, 57.96469144162358, -0.000851509815504121, 0.9923776432325074, -47.75149220104452, -1.7126704057914615e-06, -1.3782997512074098e-06, 1.0]",21.888,23.381,1.84,ok,
eval_MoTaTiZrHf-HEA-DDRX-1100C_TEM_DislocationCharacterization_0#25,eval_MoTaTiZrHf-HEA-DDRX-1100C_TEM_DislocationCharacterization_0,DislocationCharacterization,MoTaTiZrHf-HEA-DDRX-1100C_TEM_DislocationCharacterization,transform,ma_roma,direct,clahe,0,2192,2048,2192,2048,24,10000,1130,affine,"[1.0009153943638534, -0.0015559410976995257, 2.9200936863670677, -0.001808021256651381, 1.0230701256040458, -48.662736910448984, 0.0, 0.0, 1.0]",60.490,58.912,1.73,ok,
eval_MoTaTiZrHf-HEA-DDRX-1100C_TEM_DislocationCharacterization_0#25,eval_MoTaTiZrHf-HEA-DDRX-1100C_TEM_DislocationCharacterization_0,DislocationCharacterization,MoTaTiZrHf-HEA-DDRX-1100C_TEM_DislocationCharacterization,transform,ma_roma,direct,gradmag,0,2192,2048,2192,2048,24,10000,1890,affine,"[0.9997988073900075, -0.0008899137233188075, 2.0508251872960273, -0.0002943271789360709, 1.01304768217139, -27.262106844654, 0.0, 0.0, 1.0]",65.732,63.034,1.91,ok,
eval_MoTaTiZrHf-HEA-DDRX-1100C_TEM_DislocationCharacterization_0#25,eval_MoTaTiZrHf-HEA-DDRX-1100C_TEM_DislocationCharacterization_0,DislocationCharacterization,MoTaTiZrHf-HEA-DDRX-1100C_TEM_DislocationCharacterization,control,ma_roma,direct,none,1,2192,2048,2192,2048,24,10000,7156,homography,"[0.9681764112111837, -0.06258344612585916, 58.05904959856095, -0.00013260506002959075, 0.9927154265892936, -47.63062888814262, -2.7061981322124156e-06, -2.2166253509556577e-06, 1.0]",20.681,20.733,1.67,ok,
eval_MoTaTiZrHf-HEA-DDRX-1100C_TEM_DislocationCharacterization_0#25,eval_MoTaTiZrHf-HEA-DDRX-1100C_TEM_DislocationCharacterization_0,DislocationCharacterization,MoTaTiZrHf-HEA-DDRX-1100C_TEM_DislocationCharacterization,control,ma_roma,direct,none,2,2192,2048,2192,2048,24,10000,7205,homography,"[0.9685384551072311, -0.06238904553502119, 57.916448406358455, -3.195393068583159e-05, 0.9929715574274627, -47.62416790040939, -2.675125976474883e-06, -1.5483211078931766e-06, 1.0]",20.739,21.376,1.67,ok,
eval_MoTaTiZrHf-HEA-DDRX-1100C_TEM_DislocationCharacterization_0#25,eval_MoTaTiZrHf-HEA-DDRX-1100C_TEM_DislocationCharacterization_0,DislocationCharacterization,MoTaTiZrHf-HEA-DDRX-1100C_TEM_DislocationCharacterization,control,ma_roma,direct,none,3,2192,2048,2192,2048,24,10000,7233,homography,"[0.9679542207794277, -0.06307597308245183, 58.32257513178742, -0.00010229062765536632, 0.9923510413291843, -47.603496911324584, -2.681547194405259e-06, -2.7402497300590596e-06, 1.0]",20.843,20.889,1.71,ok,
eval_MoTaTiZrHf-HEA-DDRX-1100C_TEM_DislocationCharacterization_0#25,eval_MoTaTiZrHf-HEA-DDRX-1100C_TEM_DislocationCharacterization_0,DislocationCharacterization,MoTaTiZrHf-HEA-DDRX-1100C_TEM_DislocationCharacterization,control,ma_roma,direct,none,4,2192,2048,2192,2048,24,10000,7273,homography,"[0.9684252292428599, -0.062738116633434, 58.09201143911862, -4.532448946049974e-05, 0.9929312835617019, -47.702155530892895, -2.51897200876519e-06, -2.1143899188386385e-06, 1.0]",20.832,21.157,1.80,ok,
eval_MoTaTiZrHf-HEA-DDRX-1100C_TEM_DislocationCharacterization_0#25,eval_MoTaTiZrHf-HEA-DDRX-1100C_TEM_DislocationCharacterization_0,DislocationCharacterization,MoTaTiZrHf-HEA-DDRX-1100C_TEM_DislocationCharacterization,control,ma_roma,direct,none,5,2192,2048,2192,2048,24,10000,7222,homography,"[0.9681127161414229, -0.06288078544220378, 58.242670824501126, -9.394647263086081e-05, 0.9926275092119266, -47.62980440207297, -2.599266772803544e-06, -2.4726869246386015e-06, 1.0]",20.818,20.805,1.80,ok,
eval_MoTaTiZrHf-HEA-DDRX-1100C_TEM_DislocationCharacterization_0#26,eval_MoTaTiZrHf-HEA-DDRX-1100C_TEM_DislocationCharacterization_0,DislocationCharacterization,MoTaTiZrHf-HEA-DDRX-1100C_TEM_DislocationCharacterization,core,ma_roma,direct,none,0,2192,2048,2192,2048,24,10000,4113,affine,"[0.974825497969447, -0.06037670329533553, 55.15705658896263, -0.0004047219199112284, 0.9980971479059797, -49.98956586803416, 0.0, 0.0, 1.0]",19.789,20.848,1.72,ok,
eval_MoTaTiZrHf-HEA-DDRX-1100C_TEM_DislocationCharacterization_0#26,eval_MoTaTiZrHf-HEA-DDRX-1100C_TEM_DislocationCharacterization_0,DislocationCharacterization,MoTaTiZrHf-HEA-DDRX-1100C_TEM_DislocationCharacterization,core,ma_roma,pyramid_v2,none,0,2192,2048,2192,2048,24,10000,4113,affine@direct,"[0.974825497969447, -0.06037670329533553, 55.15705658896263, -0.0004047219199112284, 0.9980971479059797, -49.98956586803416, 0.0, 0.0, 1.0]",19.789,20.848,1.77,ok,
eval_MoTaTiZrHf-HEA-DDRX-1100C_TEM_DislocationCharacterization_0#26,eval_MoTaTiZrHf-HEA-DDRX-1100C_TEM_DislocationCharacterization_0,DislocationCharacterization,MoTaTiZrHf-HEA-DDRX-1100C_TEM_DislocationCharacterization,transform,ma_roma,direct,invert,0,2192,2048,2192,2048,24,10000,2993,homography,"[1.0429033640375158, 0.019014458591875585, -38.26078299050236, -0.004075841504109757, 1.1234750505189315, -161.9289406003589, -2.0158416472690255e-06, 2.2096250724951854e-05, 1.0]",75.036,75.277,1.85,ok,
eval_MoTaTiZrHf-HEA-DDRX-1100C_TEM_DislocationCharacterization_0#26,eval_MoTaTiZrHf-HEA-DDRX-1100C_TEM_DislocationCharacterization_0,DislocationCharacterization,MoTaTiZrHf-HEA-DDRX-1100C_TEM_DislocationCharacterization,transform,ma_roma,direct,histmatch,0,2192,2048,2192,2048,24,10000,4939,affine,"[0.9738166292923628, -0.06206287517221095, 57.466586404118516, -0.00015695542557722533, 0.9994623409930842, -51.54503589713937, 0.0, 0.0, 1.0]",20.700,22.280,2.19,ok,
eval_MoTaTiZrHf-HEA-DDRX-1100C_TEM_DislocationCharacterization_0#26,eval_MoTaTiZrHf-HEA-DDRX-1100C_TEM_DislocationCharacterization_0,DislocationCharacterization,MoTaTiZrHf-HEA-DDRX-1100C_TEM_DislocationCharacterization,transform,ma_roma,direct,clahe,0,2192,2048,2192,2048,24,10000,800,homography,"[0.9388447897798707, -0.006894775699117348, 12.956236620019032, 0.011423776520754351, 0.8617300250703631, 140.4041468784016, 5.428281088889164e-06, -3.394640208554632e-05, 1.0]",106.199,87.923,1.98,ok,
eval_MoTaTiZrHf-HEA-DDRX-1100C_TEM_DislocationCharacterization_0#26,eval_MoTaTiZrHf-HEA-DDRX-1100C_TEM_DislocationCharacterization_0,DislocationCharacterization,MoTaTiZrHf-HEA-DDRX-1100C_TEM_DislocationCharacterization,transform,ma_roma,direct,gradmag,0,2192,2048,2192,2048,24,10000,3727,affine,"[0.9742624246482907, -0.06355450458691249, 55.759403174655176, -0.0008346823782345351, 0.9994436838666545, -51.01935995770339, 0.0, 0.0, 1.0]",23.118,25.562,2.10,ok,
eval_MoTaTiZrHf-HEA-DDRX-1100C_TEM_DislocationCharacterization_0#26,eval_MoTaTiZrHf-HEA-DDRX-1100C_TEM_DislocationCharacterization_0,DislocationCharacterization,MoTaTiZrHf-HEA-DDRX-1100C_TEM_DislocationCharacterization,control,ma_roma,direct,none,1,2192,2048,2192,2048,24,10000,4159,homography,"[0.9689601725589135, -0.06241735729850479, 58.89472631649766, -0.0013459220636995214, 0.993831413877157, -48.25847514706649, -2.100629425920174e-06, -1.6062170233155647e-06, 1.0]",20.091,20.999,1.81,ok,
eval_MoTaTiZrHf-HEA-DDRX-1100C_TEM_DislocationCharacterization_0#26,eval_MoTaTiZrHf-HEA-DDRX-1100C_TEM_DislocationCharacterization_0,DislocationCharacterization,MoTaTiZrHf-HEA-DDRX-1100C_TEM_DislocationCharacterization,control,ma_roma,direct,none,2,2192,2048,2192,2048,24,10000,4149,affine,"[0.9749624849373536, -0.06080752414532735, 55.18152562165392, -0.0003935456907215028, 0.9977762483776718, -49.851317066292665, 0.0, 0.0, 1.0]",20.059,21.247,1.88,ok,
eval_MoTaTiZrHf-HEA-DDRX-1100C_TEM_DislocationCharacterization_0#26,eval_MoTaTiZrHf-HEA-DDRX-1100C_TEM_DislocationCharacterization_0,DislocationCharacterization,MoTaTiZrHf-HEA-DDRX-1100C_TEM_DislocationCharacterization,control,ma_roma,direct,none,3,2192,2048,2192,2048,24,10000,4149,homography,"[0.9695407580037595, -0.06279149281559057, 58.95369733724431, -0.0012084439616874595, 0.9941619516533695, -48.38885453558101, -1.6965570241285512e-06, -1.7507465868523043e-06, 1.0]",20.243,21.375,1.82,ok,
eval_MoTaTiZrHf-HEA-DDRX-1100C_TEM_DislocationCharacterization_0#26,eval_MoTaTiZrHf-HEA-DDRX-1100C_TEM_DislocationCharacterization_0,DislocationCharacterization,MoTaTiZrHf-HEA-DDRX-1100C_TEM_DislocationCharacterization,control,ma_roma,direct,none,4,2192,2048,2192,2048,24,10000,4056,affine,"[0.974966609186361, -0.060622886549086215, 55.09477373961977, -0.00041890897239221027, 0.9978232166420172, -49.82562692202646, 0.0, 0.0, 1.0]",19.941,21.108,1.70,ok,
eval_MoTaTiZrHf-HEA-DDRX-1100C_TEM_DislocationCharacterization_0#26,eval_MoTaTiZrHf-HEA-DDRX-1100C_TEM_DislocationCharacterization_0,DislocationCharacterization,MoTaTiZrHf-HEA-DDRX-1100C_TEM_DislocationCharacterization,control,ma_roma,direct,none,5,2192,2048,2192,2048,24,10000,4150,affine,"[0.9749864300965659, -0.06072232590615018, 55.074520298109746, -0.0004435081843933652, 0.9977916877657653, -49.78829365076143, 0.0, 0.0, 1.0]",20.034,21.217,1.69,ok,
eval_MoTaTiZrHf-HEA-DDRX-1100C_TEM_DislocationCharacterization_0#27,eval_MoTaTiZrHf-HEA-DDRX-1100C_TEM_DislocationCharacterization_0,DislocationCharacterization,MoTaTiZrHf-HEA-DDRX-1100C_TEM_DislocationCharacterization,core,ma_roma,direct,none,0,2192,2048,2192,2048,24,10000,3545,affine,"[0.9744863127500363, -0.06293985985461309, 58.1835208709183, -0.0026179145174315744, 1.0009261460521257, -59.19621741318889, 0.0, 0.0, 1.0]",22.914,25.122,1.68,ok,
eval_MoTaTiZrHf-HEA-DDRX-1100C_TEM_DislocationCharacterization_0#27,eval_MoTaTiZrHf-HEA-DDRX-1100C_TEM_DislocationCharacterization_0,DislocationCharacterization,MoTaTiZrHf-HEA-DDRX-1100C_TEM_DislocationCharacterization,core,ma_roma,pyramid_v2,none,0,2192,2048,2192,2048,24,10000,3545,affine@direct,"[0.9744863127500363, -0.06293985985461309, 58.1835208709183, -0.0026179145174315744, 1.0009261460521257, -59.19621741318889, 0.0, 0.0, 1.0]",22.914,25.122,1.76,ok,
eval_MoTaTiZrHf-HEA-DDRX-1100C_TEM_DislocationCharacterization_0#27,eval_MoTaTiZrHf-HEA-DDRX-1100C_TEM_DislocationCharacterization_0,DislocationCharacterization,MoTaTiZrHf-HEA-DDRX-1100C_TEM_DislocationCharacterization,transform,ma_roma,direct,invert,0,2192,2048,2192,2048,24,10000,8802,homography,"[0.9758687273750036, -0.06217764096242358, 55.5835288640113, 0.00020721823490039038, 0.9974754594869453, -47.87470388570789, 1.027780188013973e-07, 3.004254752713047e-06, 1.0]",24.040,26.866,1.71,ok,
eval_MoTaTiZrHf-HEA-DDRX-1100C_TEM_DislocationCharacterization_0#27,eval_MoTaTiZrHf-HEA-DDRX-1100C_TEM_DislocationCharacterization_0,DislocationCharacterization,MoTaTiZrHf-HEA-DDRX-1100C_TEM_DislocationCharacterization,transform,ma_roma,direct,histmatch,0,2192,2048,2192,2048,24,10000,3290,affine,"[0.9735799675828305, -0.06271640936248961, 57.93009772951507, -0.0014670471386942067, 0.9994288060078916, -59.059380607178014, 0.0, 0.0, 1.0]",23.602,25.008,2.43,ok,
eval_MoTaTiZrHf-HEA-DDRX-1100C_TEM_DislocationCharacterization_0#27,eval_MoTaTiZrHf-HEA-DDRX-1100C_TEM_DislocationCharacterization_0,DislocationCharacterization,MoTaTiZrHf-HEA-DDRX-1100C_TEM_DislocationCharacterization,transform,ma_roma,direct,clahe,0,2192,2048,2192,2048,24,10000,3029,homography,"[0.9715776456361644, -0.06625693998777404, 58.592213295362875, -0.0010441202877530984, 0.9946136650022782, -36.99591402249932, -1.8592503343973332e-06, 1.6265712653890393e-06, 1.0]",26.650,29.893,1.81,ok,
eval_MoTaTiZrHf-HEA-DDRX-1100C_TEM_DislocationCharacterization_0#27,eval_MoTaTiZrHf-HEA-DDRX-1100C_TEM_DislocationCharacterization_0,DislocationCharacterization,MoTaTiZrHf-HEA-DDRX-1100C_TEM_DislocationCharacterization,transform,ma_roma,direct,gradmag,0,2192,2048,2192,2048,24,10000,7039,homography,"[0.9721774983002349, -0.06304586477358665, 57.22332547702412, -0.0009473907823879036, 0.9968702887922681, -48.63584281080624, -1.7398117014357996e-06, 2.289738391573705e-06, 1.0]",23.598,27.070,2.07,ok,
eval_MoTaTiZrHf-HEA-DDRX-1100C_TEM_DislocationCharacterization_0#27,eval_MoTaTiZrHf-HEA-DDRX-1100C_TEM_DislocationCharacterization_0,DislocationCharacterization,MoTaTiZrHf-HEA-DDRX-1100C_TEM_DislocationCharacterization,control,ma_roma,direct,none,1,2192,2048,2192,2048,24,10000,3869,affine,"[0.9726483343352411, -0.07101159070056015, 64.07812169424642, -0.0003212186321028213, 1.0083132856801462, -65.20717649171843, 0.0, 0.0, 1.0]",27.809,28.191,1.71,ok,
eval_MoTaTiZrHf-HEA-DDRX-1100C_TEM_DislocationCharacterization_0#27,eval_MoTaTiZrHf-HEA-DDRX-1100C_TEM_DislocationCharacterization_0,DislocationCharacterization,MoTaTiZrHf-HEA-DDRX-1100C_TEM_DislocationCharacterization,control,ma_roma,direct,none,2,2192,2048,2192,2048,24,10000,3803,homography,"[0.967914261668762, -0.07004270460795577, 63.99240355389171, -0.0012047606422394025, 1.0001444425140074, -60.95994637767148, -1.6645373587963326e-06, -2.446215402928609e-06, 1.0]",26.131,28.276,1.77,ok,
eval_MoTaTiZrHf-HEA-DDRX-1100C_TEM_DislocationCharacterization_0#27,eval_MoTaTiZrHf-HEA-DDRX-1100C_TEM_DislocationCharacterization_0,DislocationCharacterization,MoTaTiZrHf-HEA-DDRX-1100C_TEM_DislocationCharacterization,control,ma_roma,direct,none,3,2192,2048,2192,2048,24,10000,3805,homography,"[0.9705280545844365, -0.07258375145247331, 64.77548498987507, -0.0013542892815385547, 1.0012188663115444, -61.196722588060204, -6.459302366127738e-07, -1.502106181873926e-06, 1.0]",28.266,28.736,1.64,ok,
eval_MoTaTiZrHf-HEA-DDRX-1100C_TEM_DislocationCharacterization_0#27,eval_MoTaTiZrHf-HEA-DDRX-1100C_TEM_DislocationCharacterization_0,DislocationCharacterization,MoTaTiZrHf-HEA-DDRX-1100C_TEM_DislocationCharacterization,control,ma_roma,direct,none,4,2192,2048,2192,2048,24,10000,3977,affine,"[0.972503497183846, -0.06885347891437046, 62.532370881573684, 0.0002119657672288862, 1.0099704940953835, -65.77056529461652, 0.0, 0.0, 1.0]",26.930,28.708,1.69,ok,
eval_MoTaTiZrHf-HEA-DDRX-1100C_TEM_DislocationCharacterization_0#27,eval_MoTaTiZrHf-HEA-DDRX-1100C_TEM_DislocationCharacterization_0,DislocationCharacterization,MoTaTiZrHf-HEA-DDRX-1100C_TEM_DislocationCharacterization,control,ma_roma,direct,none,5,2192,2048,2192,2048,24,10000,3362,affine,"[0.9738910447759066, -0.06445830529080382, 59.3178026484269, -0.0013749452395510364, 1.0019339544435832, -60.96160168647913, 0.0, 0.0, 1.0]",23.640,25.490,1.61,ok,
eval_MoTaTiZrHf-HEA-DDRX-1100C_TEM_DislocationCharacterization_0#28,eval_MoTaTiZrHf-HEA-DDRX-1100C_TEM_DislocationCharacterization_0,DislocationCharacterization,MoTaTiZrHf-HEA-DDRX-1100C_TEM_DislocationCharacterization,core,ma_roma,direct,none,0,2192,2048,2192,2048,17,10000,4905,homography,"[0.9438303612555695, -0.006230158511631901, 12.870219263035453, -5.259618234893012e-05, 0.8854575912027665, 121.6398296988616, -2.69532299839095e-09, -2.6957965277152632e-05, 1.0]",207.710,205.481,1.69,ok,
eval_MoTaTiZrHf-HEA-DDRX-1100C_TEM_DislocationCharacterization_0#28,eval_MoTaTiZrHf-HEA-DDRX-1100C_TEM_DislocationCharacterization_0,DislocationCharacterization,MoTaTiZrHf-HEA-DDRX-1100C_TEM_DislocationCharacterization,core,ma_roma,pyramid_v2,none,0,2192,2048,2192,2048,17,10000,4905,homography@direct,"[0.9438303612555695, -0.006230158511631901, 12.870219263035453, -5.259618234893012e-05, 0.8854575912027665, 121.6398296988616, -2.69532299839095e-09, -2.6957965277152632e-05, 1.0]",207.710,205.481,1.72,ok,
eval_MoTaTiZrHf-HEA-DDRX-1100C_TEM_DislocationCharacterization_0#28,eval_MoTaTiZrHf-HEA-DDRX-1100C_TEM_DislocationCharacterization_0,DislocationCharacterization,MoTaTiZrHf-HEA-DDRX-1100C_TEM_DislocationCharacterization,transform,ma_roma,direct,invert,0,2192,2048,2192,2048,17,10000,2350,homography,"[1.0780972132719682, 0.01675207359399963, -35.39616910090173, 0.004506509717170309, 1.1450113458977835, -146.06263969009083, 2.3710098455290228e-06, 3.573686654084902e-05, 0.9999999999999999]",170.894,198.488,1.68,ok,
eval_MoTaTiZrHf-HEA-DDRX-1100C_TEM_DislocationCharacterization_0#28,eval_MoTaTiZrHf-HEA-DDRX-1100C_TEM_DislocationCharacterization_0,DislocationCharacterization,MoTaTiZrHf-HEA-DDRX-1100C_TEM_DislocationCharacterization,transform,ma_roma,direct,histmatch,0,2192,2048,2192,2048,17,10000,4447,homography,"[0.9456810502001511, -0.01303126245945559, 26.247969490827575, 0.0030694712246319917, 0.8923264806174148, 104.4448880092906, 1.4788367064628183e-06, -2.756453939780968e-05, 1.0]",203.076,203.158,1.99,ok,
eval_MoTaTiZrHf-HEA-DDRX-1100C_TEM_DislocationCharacterization_0#28,eval_MoTaTiZrHf-HEA-DDRX-1100C_TEM_DislocationCharacterization_0,DislocationCharacterization,MoTaTiZrHf-HEA-DDRX-1100C_TEM_DislocationCharacterization,transform,ma_roma,direct,clahe,0,2192,2048,2192,2048,17,10000,2913,affine,"[1.0000289690203494, 0.008210215481894918, -17.239063121513936, 0.00025961681627572914, 1.0098153960239191, -20.81093544991836, 0.0, 0.0, 1.0]",180.788,190.564,1.69,ok,
eval_MoTaTiZrHf-HEA-DDRX-1100C_TEM_DislocationCharacterization_0#28,eval_MoTaTiZrHf-HEA-DDRX-1100C_TEM_DislocationCharacterization_0,DislocationCharacterization,MoTaTiZrHf-HEA-DDRX-1100C_TEM_DislocationCharacterization,transform,ma_roma,direct,gradmag,0,2192,2048,2192,2048,17,10000,1355,affine,"[0.9992102521431083, 0.011644334428497584, -24.160751341837795, 2.1001846043656148e-05, 0.9905814658992134, 20.045827831797624, 0.0, 0.0, 1.0]",192.941,195.575,2.11,ok,
eval_MoTaTiZrHf-HEA-DDRX-1100C_TEM_DislocationCharacterization_0#28,eval_MoTaTiZrHf-HEA-DDRX-1100C_TEM_DislocationCharacterization_0,DislocationCharacterization,MoTaTiZrHf-HEA-DDRX-1100C_TEM_DislocationCharacterization,control,ma_roma,direct,none,1,2192,2048,2192,2048,17,10000,5000,homography,"[0.937214141845368, -0.007661007150350787, 15.974394391982827, -0.0004958240530390368, 0.8724533396494711, 135.80857634922168, -2.1685294398728966e-07, -2.9940165447802863e-05, 1.0]",210.230,205.350,1.87,ok,
eval_MoTaTiZrHf-HEA-DDRX-1100C_TEM_DislocationCharacterization_0#28,eval_MoTaTiZrHf-HEA-DDRX-1100C_TEM_DislocationCharacterization_0,DislocationCharacterization,MoTaTiZrHf-HEA-DDRX-1100C_TEM_DislocationCharacterization,control,ma_roma,direct,none,2,2192,2048,2192,2048,17,10000,4833,affine,"[1.0000839417936418, 0.007999717810938396, -16.76852594312936, -4.874096268328965e-05, 0.9973487166552258, 5.656505926910995, 0.0, 0.0, 1.0]",188.728,193.968,1.82,ok,
eval_MoTaTiZrHf-HEA-DDRX-1100C_TEM_DislocationCharacterization_0#28,eval_MoTaTiZrHf-HEA-DDRX-1100C_TEM_DislocationCharacterization_0,DislocationCharacterization,MoTaTiZrHf-HEA-DDRX-1100C_TEM_DislocationCharacterization,control,ma_roma,direct,none,3,2192,2048,2192,2048,17,10000,4806,affine,"[1.000401207329456, 0.007253233775517757, -15.665822236590088, -0.0001933742869018039, 0.9945610766570807, 11.654223528996226, 0.0, 0.0, 1.0]",190.527,194.823,1.69,ok,
eval_MoTaTiZrHf-HEA-DDRX-1100C_TEM_DislocationCharacterization_0#28,eval_MoTaTiZrHf-HEA-DDRX-1100C_TEM_DislocationCharacterization_0,DislocationCharacterization,MoTaTiZrHf-HEA-DDRX-1100C_TEM_DislocationCharacterization,control,ma_roma,direct,none,4,2192,2048,2192,2048,17,10000,4784,affine,"[1.0006235534963663, 0.007532759823651496, -16.389894005410497, -9.017409367943053e-05, 1.002824774144804, -5.965943424865145, 0.0, 0.0, 1.0]",185.127,192.352,1.80,ok,
eval_MoTaTiZrHf-HEA-DDRX-1100C_TEM_DislocationCharacterization_0#28,eval_MoTaTiZrHf-HEA-DDRX-1100C_TEM_DislocationCharacterization_0,DislocationCharacterization,MoTaTiZrHf-HEA-DDRX-1100C_TEM_DislocationCharacterization,control,ma_roma,direct,none,5,2192,2048,2192,2048,17,10000,4839,affine,"[1.0008333537876664, 0.021740205032978212, -46.18026116201668, -4.0966602695800446e-05, 0.9981917528869485, 3.8163190458235476, 0.0, 0.0, 1.0]",188.043,192.644,1.81,ok,
eval_MoTaTiZrHf-HEA-DDRX-1100C_TEM_DislocationCharacterization_0#29,eval_MoTaTiZrHf-HEA-DDRX-1100C_TEM_DislocationCharacterization_0,DislocationCharacterization,MoTaTiZrHf-HEA-DDRX-1100C_TEM_DislocationCharacterization,core,ma_roma,direct,none,0,2192,2048,2192,2048,17,10000,3791,affine,"[1.0001068181005932, 0.011550710934941016, -24.150490217661627, 0.0003077821658162992, 1.0157401582868755, -33.44814883690151, 0.0, 0.0, 1.0]",176.834,188.595,1.79,ok,
eval_MoTaTiZrHf-HEA-DDRX-1100C_TEM_DislocationCharacterization_0#29,eval_MoTaTiZrHf-HEA-DDRX-1100C_TEM_DislocationCharacterization_0,DislocationCharacterization,MoTaTiZrHf-HEA-DDRX-1100C_TEM_DislocationCharacterization,core,ma_roma,pyramid_v2,none,0,2192,2048,2192,2048,17,10000,3791,affine@direct,"[1.0001068181005932, 0.011550710934941016, -24.150490217661627, 0.0003077821658162992, 1.0157401582868755, -33.44814883690151, 0.0, 0.0, 1.0]",176.834,188.595,1.84,ok,
eval_MoTaTiZrHf-HEA-DDRX-1100C_TEM_DislocationCharacterization_0#29,eval_MoTaTiZrHf-HEA-DDRX-1100C_TEM_DislocationCharacterization_0,DislocationCharacterization,MoTaTiZrHf-HEA-DDRX-1100C_TEM_DislocationCharacterization,transform,ma_roma,direct,invert,0,2192,2048,2192,2048,17,10000,5903,homography,"[0.9742070045834946, -0.04246069165550047, 27.192489908744314, -0.0014945897827333403, 0.9892846012967748, -157.4043726456097, -1.0512901588489111e-06, -1.973006218281591e-06, 1.0]",18.649,19.754,1.85,ok,
eval_MoTaTiZrHf-HEA-DDRX-1100C_TEM_DislocationCharacterization_0#29,eval_MoTaTiZrHf-HEA-DDRX-1100C_TEM_DislocationCharacterization_0,DislocationCharacterization,MoTaTiZrHf-HEA-DDRX-1100C_TEM_DislocationCharacterization,transform,ma_roma,direct,histmatch,0,2192,2048,2192,2048,17,10000,4352,affine,"[0.998789528518241, -0.004392052843711017, 10.108055141710679, 0.00046561367751415516, 1.0175286447497496, -37.45886698468075, 0.0, 0.0, 1.0]",176.407,189.215,2.12,ok,
eval_MoTaTiZrHf-HEA-DDRX-1100C_TEM_DislocationCharacterization_0#29,eval_MoTaTiZrHf-HEA-DDRX-1100C_TEM_DislocationCharacterization_0,DislocationCharacterization,MoTaTiZrHf-HEA-DDRX-1100C_TEM_DislocationCharacterization,transform,ma_roma,direct,clahe,0,2192,2048,2192,2048,17,10000,2560,homography,"[1.0173925011903056, -0.010536335302244406, 21.802793510874427, 0.0032948749694918936, 1.0363991306909384, -45.389429748292756, 1.4208565662769171e-06, 7.068698324083632e-06, 0.9999999999999999]",181.529,195.538,1.91,ok,
eval_MoTaTiZrHf-HEA-DDRX-1100C_TEM_DislocationCharacterization_0#29,eval_MoTaTiZrHf-HEA-DDRX-1100C_TEM_DislocationCharacterization_0,DislocationCharacterization,MoTaTiZrHf-HEA-DDRX-1100C_TEM_DislocationCharacterization,transform,ma_roma,direct,gradmag,0,2192,2048,2192,2048,17,10000,1656,affine,"[1.0000365161132212, -0.009620570557375184, 20.4857613534449, -8.043204900374051e-05, 1.0100204374713384, -21.170397016720926, 0.0, 0.0, 1.0]",182.081,192.339,2.13,ok,
eval_MoTaTiZrHf-HEA-DDRX-1100C_TEM_DislocationCharacterization_0#29,eval_MoTaTiZrHf-HEA-DDRX-1100C_TEM_DislocationCharacterization_0,DislocationCharacterization,MoTaTiZrHf-HEA-DDRX-1100C_TEM_DislocationCharacterization,control,ma_roma,direct,none,1,2192,2048,2192,2048,17,10000,3794,homography,"[0.9842235521916783, 0.0076643030067685206, -16.314432760962124, -0.0003388408614340595, 0.9651162496092321, 39.92359676834855, -2.1284706375820195e-07, -7.557876134312149e-06, 1.0]",194.317,194.100,1.87,ok,
eval_MoTaTiZrHf-HEA-DDRX-1100C_TEM_DislocationCharacterization_0#29,eval_MoTaTiZrHf-HEA-DDRX-1100C_TEM_DislocationCharacterization_0,DislocationCharacterization,MoTaTiZrHf-HEA-DDRX-1100C_TEM_DislocationCharacterization,control,ma_roma,direct,none,2,2192,2048,2192,2048,17,10000,3746,homography,"[0.9820218907238261, 0.004413643132760824, -9.208327581588492, -0.0008123033612850146, 0.9625283388247283, 41.087198102247946, -2.32327274146548e-07, -8.589298906570975e-06, 1.0]",193.881,193.789,1.91,ok,
eval_MoTaTiZrHf-HEA-DDRX-1100C_TEM_DislocationCharacterization_0#29,eval_MoTaTiZrHf-HEA-DDRX-1100C_TEM_DislocationCharacterization_0,DislocationCharacterization,MoTaTiZrHf-HEA-DDRX-1100C_TEM_DislocationCharacterization,control,ma_roma,direct,none,3,2192,2048,2192,2048,17,10000,3763,affine,"[1.000151948189556, 0.012560857438698406, -26.30050926329318, 0.0002852089183566277, 1.014873241093206, -31.622945278840234, 0.0, 0.0, 1.0]",177.354,188.735,1.88,ok,
eval_MoTaTiZrHf-HEA-DDRX-1100C_TEM_DislocationCharacterization_0#29,eval_MoTaTiZrHf-HEA-DDRX-1100C_TEM_DislocationCharacterization_0,DislocationCharacterization,MoTaTiZrHf-HEA-DDRX-1100C_TEM_DislocationCharacterization,control,ma_roma,direct,none,4,2192,2048,2192,2048,17,10000,3806,affine,"[1.0000740814248157, 0.013407114479253314, -28.07420029996547, 0.0001803066047084783, 0.9999359662863769, 0.10113730387547548, 0.0, 0.0, 1.0]",187.027,192.941,1.81,ok,
eval_MoTaTiZrHf-HEA-DDRX-1100C_TEM_DislocationCharacterization_0#29,eval_MoTaTiZrHf-HEA-DDRX-1100C_TEM_DislocationCharacterization_0,DislocationCharacterization,MoTaTiZrHf-HEA-DDRX-1100C_TEM_DislocationCharacterization,control,ma_roma,direct,none,5,2192,2048,2192,2048,17,10000,3718,affine,"[1.000039213858773, 0.004325416706258804, -8.812074171981294, 0.00030785145650683227, 1.0256984964023992, -54.54236421832593, 0.0, 0.0, 1.0]",170.646,186.369,1.88,ok,
eval_MoTaTiZrHf-HEA-DDRX-1100C_TEM_DislocationCharacterization_0#30,eval_MoTaTiZrHf-HEA-DDRX-1100C_TEM_DislocationCharacterization_0,DislocationCharacterization,MoTaTiZrHf-HEA-DDRX-1100C_TEM_DislocationCharacterization,core,ma_roma,direct,none,0,2192,2048,2192,2048,17,10000,4283,affine,"[1.0015611640455202, 0.0032486695923398153, -7.221261656145771, 0.00021971214956000246, 0.9933418930930622, 13.861708324406663, 0.0, 0.0, 1.0]",192.056,196.829,1.91,ok,
eval_MoTaTiZrHf-HEA-DDRX-1100C_TEM_DislocationCharacterization_0#30,eval_MoTaTiZrHf-HEA-DDRX-1100C_TEM_DislocationCharacterization_0,DislocationCharacterization,MoTaTiZrHf-HEA-DDRX-1100C_TEM_DislocationCharacterization,core,ma_roma,pyramid_v2,none,0,2192,2048,2192,2048,17,10000,4283,affine@direct,"[1.0015611640455202, 0.0032486695923398153, -7.221261656145771, 0.00021971214956000246, 0.9933418930930622, 13.861708324406663, 0.0, 0.0, 1.0]",192.056,196.829,1.95,ok,
eval_MoTaTiZrHf-HEA-DDRX-1100C_TEM_DislocationCharacterization_0#30,eval_MoTaTiZrHf-HEA-DDRX-1100C_TEM_DislocationCharacterization_0,DislocationCharacterization,MoTaTiZrHf-HEA-DDRX-1100C_TEM_DislocationCharacterization,transform,ma_roma,direct,invert,0,2192,2048,2192,2048,17,10000,5422,homography,"[0.9758816407669824, -0.04319181552918874, 31.474741525163044, 4.292712760145974e-05, 0.9910017094222714, -160.27387994606954, -5.875663919373583e-07, -1.1720543717380822e-06, 1.0]",17.438,18.321,1.96,ok,
eval_MoTaTiZrHf-HEA-DDRX-1100C_TEM_DislocationCharacterization_0#30,eval_MoTaTiZrHf-HEA-DDRX-1100C_TEM_DislocationCharacterization_0,DislocationCharacterization,MoTaTiZrHf-HEA-DDRX-1100C_TEM_DislocationCharacterization,transform,ma_roma,direct,histmatch,0,2192,2048,2192,2048,17,10000,339,affine,"[0.9929064432893179, -0.0045620297479196026, 114.73950402774972, 0.002351810050634782, 1.0007943421754861, -4.3991819136731465, 0.0, 0.0, 1.0]",234.317,246.494,2.24,ok,
eval_MoTaTiZrHf-HEA-DDRX-1100C_TEM_DislocationCharacterization_0#30,eval_MoTaTiZrHf-HEA-DDRX-1100C_TEM_DislocationCharacterization_0,DislocationCharacterization,MoTaTiZrHf-HEA-DDRX-1100C_TEM_DislocationCharacterization,transform,ma_roma,direct,clahe,0,2192,2048,2192,2048,17,10000,3518,affine,"[1.0018595084148325, 0.0137474361996312, -29.816877126423833, 0.00033130855423542166, 1.0074382311532275, -15.693947571377066, 0.0, 0.0, 1.0]",182.712,191.530,2.04,ok,
eval_MoTaTiZrHf-HEA-DDRX-1100C_TEM_DislocationCharacterization_0#30,eval_MoTaTiZrHf-HEA-DDRX-1100C_TEM_DislocationCharacterization_0,DislocationCharacterization,MoTaTiZrHf-HEA-DDRX-1100C_TEM_DislocationCharacterization,transform,ma_roma,direct,gradmag,0,2192,2048,2192,2048,17,10000,2010,homography,"[1.0015122511695895, -0.005236705838856014, 11.054871992000555, -0.0005220454478621703, 0.9935361498444505, 15.652786719446675, -7.146072283105676e-08, 4.30454630489762e-07, 1.0]",193.045,197.365,2.11,ok,
eval_MoTaTiZrHf-HEA-DDRX-1100C_TEM_DislocationCharacterization_0#30,eval_MoTaTiZrHf-HEA-DDRX-1100C_TEM_DislocationCharacterization_0,DislocationCharacterization,MoTaTiZrHf-HEA-DDRX-1100C_TEM_DislocationCharacterization,control,ma_roma,direct,none,1,2192,2048,2192,2048,17,10000,4297,homography,"[0.9918746555029426, 0.0027279439007699127, -6.48134875975989, 0.0014599589659544114, 0.9741132069968018, 31.27561918193507, 5.721300301572592e-07, -5.184951678110044e-06, 0.9999999999999999]",194.251,195.776,1.88,ok,
eval_MoTaTiZrHf-HEA-DDRX-1100C_TEM_DislocationCharacterization_0#30,eval_MoTaTiZrHf-HEA-DDRX-1100C_TEM_DislocationCharacterization_0,DislocationCharacterization,MoTaTiZrHf-HEA-DDRX-1100C_TEM_DislocationCharacterization,control,ma_roma,direct,none,2,2192,2048,2192,2048,17,10000,4234,affine,"[1.0016957089246956, 0.005602503902772815, -12.248339218997103, 0.00020270674477254472, 0.9931523674213432, 14.257545313661012, 0.0, 0.0, 1.0]",192.023,196.614,1.88,ok,
eval_MoTaTiZrHf-HEA-DDRX-1100C_TEM_DislocationCharacterization_0#30,eval_MoTaTiZrHf-HEA-DDRX-1100C_TEM_DislocationCharacterization_0,DislocationCharacterization,MoTaTiZrHf-HEA-DDRX-1100C_TEM_DislocationCharacterization,control,ma_roma,direct,none,3,2192,2048,2192,2048,17,10000,4238,affine,"[1.0017843490113036, 0.004998949623870221, -10.88015663699855, 0.00020110377263048322, 0.9920844789496019, 16.520254684171505, 0.0, 0.0, 1.0]",192.818,197.124,1.94,ok,
eval_MoTaTiZrHf-HEA-DDRX-1100C_TEM_DislocationCharacterization_0#30,eval_MoTaTiZrHf-HEA-DDRX-1100C_TEM_DislocationCharacterization_0,DislocationCharacterization,MoTaTiZrHf-HEA-DDRX-1100C_TEM_DislocationCharacterization,control,ma_roma,direct,none,4,2192,2048,2192,2048,17,10000,4199,affine,"[1.001724220416595, 0.0048970198449742415, -10.812126826963777, 0.00025167565263250027, 0.9944084493025199, 11.536760261532436, 0.0, 0.0, 1.0]",191.235,196.337,1.98,ok,
eval_MoTaTiZrHf-HEA-DDRX-1100C_TEM_DislocationCharacterization_0#30,eval_MoTaTiZrHf-HEA-DDRX-1100C_TEM_DislocationCharacterization_0,DislocationCharacterization,MoTaTiZrHf-HEA-DDRX-1100C_TEM_DislocationCharacterization,control,ma_roma,direct,none,5,2192,2048,2192,2048,17,10000,4251,affine,"[1.0011226915062055, 0.0022948515911323073, -5.055440501110752, 0.00026177714666883207, 1.001900067163646, -4.411566037407738, 0.0, 0.0, 1.0]",186.302,193.979,1.90,ok,
eval_MoTaTiZrHf-HEA-DDRX-1100C_TEM_DislocationCharacterization_0#31,eval_MoTaTiZrHf-HEA-DDRX-1100C_TEM_DislocationCharacterization_0,DislocationCharacterization,MoTaTiZrHf-HEA-DDRX-1100C_TEM_DislocationCharacterization,core,ma_roma,direct,none,0,2192,2048,2192,2048,17,10000,5907,homography,"[0.9721332402633607, -0.04270904037887937, 29.68922651961564, -0.0030881114266167304, 0.9907313796573036, -159.07828158549816, -2.2622240009903458e-06, -2.0355073902037963e-06, 1.0]",19.691,20.128,1.98,ok,
eval_MoTaTiZrHf-HEA-DDRX-1100C_TEM_DislocationCharacterization_0#31,eval_MoTaTiZrHf-HEA-DDRX-1100C_TEM_DislocationCharacterization_0,DislocationCharacterization,MoTaTiZrHf-HEA-DDRX-1100C_TEM_DislocationCharacterization,core,ma_roma,pyramid_v2,none,0,2192,2048,2192,2048,17,10000,5907,homography@direct,"[0.9721332402633607, -0.04270904037887937, 29.68922651961564, -0.0030881114266167304, 0.9907313796573036, -159.07828158549816, -2.2622240009903458e-06, -2.0355073902037963e-06, 1.0]",19.691,20.128,2.05,ok,
eval_MoTaTiZrHf-HEA-DDRX-1100C_TEM_DislocationCharacterization_0#31,eval_MoTaTiZrHf-HEA-DDRX-1100C_TEM_DislocationCharacterization_0,DislocationCharacterization,MoTaTiZrHf-HEA-DDRX-1100C_TEM_DislocationCharacterization,transform,ma_roma,direct,invert,0,2192,2048,2192,2048,17,10000,4366,affine,"[0.9998965440652395, 0.0033407040032777356, -6.605485878156969, -0.00010731567774436628, 1.007064592251981, -14.317760475686555, 0.0, 0.0, 1.0]",183.164,192.128,1.93,ok,
eval_MoTaTiZrHf-HEA-DDRX-1100C_TEM_DislocationCharacterization_0#31,eval_MoTaTiZrHf-HEA-DDRX-1100C_TEM_DislocationCharacterization_0,DislocationCharacterization,MoTaTiZrHf-HEA-DDRX-1100C_TEM_DislocationCharacterization,transform,ma_roma,direct,histmatch,0,2192,2048,2192,2048,17,10000,6194,homography,"[0.9757663718435438, -0.03959066104622159, 27.334806486064217, -0.0008533251399398551, 0.994141495532961, -161.42284050788595, -1.7160761039342314e-06, 1.11567083800477e-06, 1.0]",17.096,18.948,2.50,ok,
eval_MoTaTiZrHf-HEA-DDRX-1100C_TEM_DislocationCharacterization_0#31,eval_MoTaTiZrHf-HEA-DDRX-1100C_TEM_DislocationCharacterization_0,DislocationCharacterization,MoTaTiZrHf-HEA-DDRX-1100C_TEM_DislocationCharacterization,transform,ma_roma,direct,clahe,0,2192,2048,2192,2048,17,10000,4348,affine,"[0.9789224338363478, -0.04428942280482647, 28.149780102129853, -0.0013333541075635639, 0.9725978385830154, -149.22517269269508, 0.0, 0.0, 1.0]",16.429,15.376,2.11,ok,
eval_MoTaTiZrHf-HEA-DDRX-1100C_TEM_DislocationCharacterization_0#31,eval_MoTaTiZrHf-HEA-DDRX-1100C_TEM_DislocationCharacterization_0,DislocationCharacterization,MoTaTiZrHf-HEA-DDRX-1100C_TEM_DislocationCharacterization,transform,ma_roma,direct,gradmag,0,2192,2048,2192,2048,17,10000,2405,affine,"[1.0007929745662063, 0.009366812742435695, -20.44992100015361, -0.000636031215219173, 0.9973230006884929, 6.229383939142053, 0.0, 0.0, 1.0]",188.604,193.761,2.18,ok,
eval_MoTaTiZrHf-HEA-DDRX-1100C_TEM_DislocationCharacterization_0#31,eval_MoTaTiZrHf-HEA-DDRX-1100C_TEM_DislocationCharacterization_0,DislocationCharacterization,MoTaTiZrHf-HEA-DDRX-1100C_TEM_DislocationCharacterization,control,ma_roma,direct,none,1,2192,2048,2192,2048,17,10000,6559,affine,"[0.9781916289459612, -0.04154551045202431, 27.69945859108475, 0.00021571231645629691, 0.9921108482973998, -160.47407600715587, 0.0, 0.0, 1.0]",16.168,15.985,1.89,ok,
eval_MoTaTiZrHf-HEA-DDRX-1100C_TEM_DislocationCharacterization_0#31,eval_MoTaTiZrHf-HEA-DDRX-1100C_TEM_DislocationCharacterization_0,DislocationCharacterization,MoTaTiZrHf-HEA-DDRX-1100C_TEM_DislocationCharacterization,control,ma_roma,direct,none,2,2192,2048,2192,2048,17,10000,6249,homography,"[0.9783067789699604, -0.04030844147327949, 26.479134974782475, -8.947276734670374e-05, 0.9942651460603131, -161.38688191134614, -3.077590278449037e-08, 2.4327755637398794e-07, 1.0]",17.306,17.880,1.90,ok,
eval_MoTaTiZrHf-HEA-DDRX-1100C_TEM_DislocationCharacterization_0#31,eval_MoTaTiZrHf-HEA-DDRX-1100C_TEM_DislocationCharacterization_0,DislocationCharacterization,MoTaTiZrHf-HEA-DDRX-1100C_TEM_DislocationCharacterization,control,ma_roma,direct,none,3,2192,2048,2192,2048,17,10000,5751,affine,"[0.9779033343839105, -0.04350405213236751, 29.032105104190464, -0.0005813075946215399, 0.9977655648960106, -164.41433214453525, 0.0, 0.0, 1.0]",19.935,20.814,1.81,ok,
eval_MoTaTiZrHf-HEA-DDRX-1100C_TEM_DislocationCharacterization_0#31,eval_MoTaTiZrHf-HEA-DDRX-1100C_TEM_DislocationCharacterization_0,DislocationCharacterization,MoTaTiZrHf-HEA-DDRX-1100C_TEM_DislocationCharacterization,control,ma_roma,direct,none,4,2192,2048,2192,2048,17,10000,6131,affine,"[0.9784160609064729, -0.04214297951255336, 28.244741328102805, -0.0009938484181752215, 0.9952284441198872, -161.47934052302253, 0.0, 0.0, 1.0]",18.109,18.416,1.89,ok,
eval_MoTaTiZrHf-HEA-DDRX-1100C_TEM_DislocationCharacterization_0#31,eval_MoTaTiZrHf-HEA-DDRX-1100C_TEM_DislocationCharacterization_0,DislocationCharacterization,MoTaTiZrHf-HEA-DDRX-1100C_TEM_DislocationCharacterization,control,ma_roma,direct,none,5,2192,2048,2192,2048,17,10000,6653,homography,"[0.9763368520189314, -0.03915834686897144, 26.939793872045925, -0.0006822859493751217, 0.9923162024904937, -159.60228513165552, -1.9890130351271865e-06, 2.3945428224850697e-06, 1.0]",14.641,14.155,1.90,ok,
eval_MoTaTiZrHf-HEA-DDRX-900C_TEM_DislocationCharacterization_0#0,eval_MoTaTiZrHf-HEA-DDRX-900C_TEM_DislocationCharacterization_0,DislocationCharacterization,MoTaTiZrHf-HEA-DDRX-900C_TEM_DislocationCharacterization,core,ma_roma,direct,none,0,2192,2048,2192,2048,13,10000,3851,affine,"[1.0008580759630974, -0.00876415811629637, 17.864865476818633, 0.00010723700328177382, 0.9987948687084826, 2.3711569247184343, 0.0, 0.0, 1.0]",53.639,48.863,1.92,ok,
eval_MoTaTiZrHf-HEA-DDRX-900C_TEM_DislocationCharacterization_0#0,eval_MoTaTiZrHf-HEA-DDRX-900C_TEM_DislocationCharacterization_0,DislocationCharacterization,MoTaTiZrHf-HEA-DDRX-900C_TEM_DislocationCharacterization,core,ma_roma,pyramid_v2,none,0,2192,2048,2192,2048,13,10000,3851,affine@direct,"[1.0008580759630974, -0.00876415811629637, 17.864865476818633, 0.00010723700328177382, 0.9987948687084826, 2.3711569247184343, 0.0, 0.0, 1.0]",53.639,48.863,1.96,ok,
eval_MoTaTiZrHf-HEA-DDRX-900C_TEM_DislocationCharacterization_0#0,eval_MoTaTiZrHf-HEA-DDRX-900C_TEM_DislocationCharacterization_0,DislocationCharacterization,MoTaTiZrHf-HEA-DDRX-900C_TEM_DislocationCharacterization,transform,ma_roma,direct,invert,0,2192,2048,2192,2048,13,10000,5220,affine,"[1.0011073773611252, 0.008830231490772705, -18.505711654076777, -0.0007679676118075441, 0.9901575973721742, 22.081895405230625, 0.0, 0.0, 1.0]",62.922,65.858,1.95,ok,
eval_MoTaTiZrHf-HEA-DDRX-900C_TEM_DislocationCharacterization_0#0,eval_MoTaTiZrHf-HEA-DDRX-900C_TEM_DislocationCharacterization_0,DislocationCharacterization,MoTaTiZrHf-HEA-DDRX-900C_TEM_DislocationCharacterization,transform,ma_roma,direct,histmatch,0,2192,2048,2192,2048,13,10000,3989,affine,"[0.9996343413368677, -0.0032579000899630476, 7.145862895449909, -0.0008670346584621007, 0.996001443872729, 9.028198203710645, 0.0, 0.0, 1.0]",56.276,53.979,2.30,ok,
eval_MoTaTiZrHf-HEA-DDRX-900C_TEM_DislocationCharacterization_0#0,eval_MoTaTiZrHf-HEA-DDRX-900C_TEM_DislocationCharacterization_0,DislocationCharacterization,MoTaTiZrHf-HEA-DDRX-900C_TEM_DislocationCharacterization,transform,ma_roma,direct,clahe,0,2192,2048,2192,2048,13,10000,2917,affine,"[0.9988139537941644, -0.007066822117906258, 15.384279090860062, -0.0005340805658191359, 0.9991292392970214, 2.0969089811887898, 0.0, 0.0, 1.0]",55.014,51.413,2.01,ok,
eval_MoTaTiZrHf-HEA-DDRX-900C_TEM_DislocationCharacterization_0#0,eval_MoTaTiZrHf-HEA-DDRX-900C_TEM_DislocationCharacterization_0,DislocationCharacterization,MoTaTiZrHf-HEA-DDRX-900C_TEM_DislocationCharacterization,transform,ma_roma,direct,gradmag,0,2192,2048,2192,2048,13,10000,4328,homography,"[0.9858865402866244, -0.014936363438140362, 30.256839113102625, 0.0036556554701590023, 0.9824665009514691, -2.0417756775731135, 1.5866947626631608e-06, -8.565086032621768e-06, 1.0]",56.683,53.864,2.16,ok,
eval_MoTaTiZrHf-HEA-DDRX-900C_TEM_DislocationCharacterization_0#0,eval_MoTaTiZrHf-HEA-DDRX-900C_TEM_DislocationCharacterization_0,DislocationCharacterization,MoTaTiZrHf-HEA-DDRX-900C_TEM_DislocationCharacterization,control,ma_roma,direct,none,1,2192,2048,2192,2048,13,10000,3678,affine,"[1.000322552179542, -0.010763694802546919, 22.554948806773982, 0.0005584197781605406, 0.9979173569465978, 3.7356927336218178, 0.0, 0.0, 1.0]",52.155,46.153,1.93,ok,
eval_MoTaTiZrHf-HEA-DDRX-900C_TEM_DislocationCharacterization_0#0,eval_MoTaTiZrHf-HEA-DDRX-900C_TEM_DislocationCharacterization_0,DislocationCharacterization,MoTaTiZrHf-HEA-DDRX-900C_TEM_DislocationCharacterization,control,ma_roma,direct,none,2,2192,2048,2192,2048,13,10000,3770,affine,"[1.0001008034869412, -0.004279520211291175, 9.002641299490392, -0.00033003899556542356, 0.9953391856775287, 10.06030929538042, 0.0, 0.0, 1.0]",55.458,52.440,1.90,ok,
eval_MoTaTiZrHf-HEA-DDRX-900C_TEM_DislocationCharacterization_0#0,eval_MoTaTiZrHf-HEA-DDRX-900C_TEM_DislocationCharacterization_0,DislocationCharacterization,MoTaTiZrHf-HEA-DDRX-900C_TEM_DislocationCharacterization,control,ma_roma,direct,none,3,2192,2048,2192,2048,13,10000,3836,affine,"[1.0006225511017217, -0.007283182687836013, 14.85098994718877, 0.0001914902233847176, 0.9992041050025757, 1.7221364124948195, 0.0, 0.0, 1.0]",54.569,50.698,1.89,ok,
eval_MoTaTiZrHf-HEA-DDRX-900C_TEM_DislocationCharacterization_0#0,eval_MoTaTiZrHf-HEA-DDRX-900C_TEM_DislocationCharacterization_0,DislocationCharacterization,MoTaTiZrHf-HEA-DDRX-900C_TEM_DislocationCharacterization,control,ma_roma,direct,none,4,2192,2048,2192,2048,13,10000,4044,affine,"[1.0000130850788083, -0.005910969270832301, 12.568378765616103, 5.832726869825793e-05, 0.9983649510333247, 3.3317398274571133, 0.0, 0.0, 1.0]",55.104,51.819,1.89,ok,
eval_MoTaTiZrHf-HEA-DDRX-900C_TEM_DislocationCharacterization_0#0,eval_MoTaTiZrHf-HEA-DDRX-900C_TEM_DislocationCharacterization_0,DislocationCharacterization,MoTaTiZrHf-HEA-DDRX-900C_TEM_DislocationCharacterization,control,ma_roma,direct,none,5,2192,2048,2192,2048,13,10000,3924,affine,"[1.0008083276421376, -0.0072940937942532315, 14.628632580804538, 0.00037526975640008435, 0.9971938429631713, 5.736294248612467, 0.0, 0.0, 1.0]",54.114,49.832,1.91,ok,
eval_MoTaTiZrHf-HEA-DDRX-900C_TEM_DislocationCharacterization_0#1,eval_MoTaTiZrHf-HEA-DDRX-900C_TEM_DislocationCharacterization_0,DislocationCharacterization,MoTaTiZrHf-HEA-DDRX-900C_TEM_DislocationCharacterization,core,ma_roma,direct,none,0,2192,2048,2192,2048,13,10000,66,homography,"[-0.7679243104730941, -6.8844972044186274, 4214.706094465699, 1.1387848589250738, -2.9212336336319833, 981.3873333531858, 0.0007270797990583342, -0.0036826881743346122, 1.0]",1486.319,1155.281,1.90,ok,
eval_MoTaTiZrHf-HEA-DDRX-900C_TEM_DislocationCharacterization_0#1,eval_MoTaTiZrHf-HEA-DDRX-900C_TEM_DislocationCharacterization_0,DislocationCharacterization,MoTaTiZrHf-HEA-DDRX-900C_TEM_DislocationCharacterization,core,ma_roma,pyramid_v2,none,0,2192,2048,2192,2048,13,10000,68,homography@direct+zoom,"[-6.644802699953271, -1.4063329693532765, 5270.751451719377, -0.8719957227970457, -8.64498114892087, 6752.192547754732, -6.453935509567012e-06, -0.0038547635440853074, 1.0]",8083.784,609.816,3.71,ok,
eval_MoTaTiZrHf-HEA-DDRX-900C_TEM_DislocationCharacterization_0#1,eval_MoTaTiZrHf-HEA-DDRX-900C_TEM_DislocationCharacterization_0,DislocationCharacterization,MoTaTiZrHf-HEA-DDRX-900C_TEM_DislocationCharacterization,transform,ma_roma,direct,invert,0,2192,2048,2192,2048,13,10000,1724,homography,"[1.0459308658283573, -0.00883239513575115, 19.081645604873085, 0.004537106099346111, 1.096653110071546, -113.67115737019569, 2.234892413477175e-06, 2.0344501718689676e-05, 1.0]",71.702,68.798,1.92,ok,
eval_MoTaTiZrHf-HEA-DDRX-900C_TEM_DislocationCharacterization_0#1,eval_MoTaTiZrHf-HEA-DDRX-900C_TEM_DislocationCharacterization_0,DislocationCharacterization,MoTaTiZrHf-HEA-DDRX-900C_TEM_DislocationCharacterization,transform,ma_roma,direct,histmatch,0,2192,2048,2192,2048,13,10000,85,affine,"[0.2030922845072768, 0.2672345857446391, -301.8056116486725, -0.1301053392243595, 0.5961739818555194, 201.67065248074465, 0.0, 0.0, 1.0]",978.654,787.479,2.26,ok,
eval_MoTaTiZrHf-HEA-DDRX-900C_TEM_DislocationCharacterization_0#1,eval_MoTaTiZrHf-HEA-DDRX-900C_TEM_DislocationCharacterization_0,DislocationCharacterization,MoTaTiZrHf-HEA-DDRX-900C_TEM_DislocationCharacterization,transform,ma_roma,direct,clahe,0,2192,2048,2192,2048,13,10000,428,affine,"[0.9998815641567552, 0.0026448466490146903, -5.780425630841648, 0.0007044862002930551, 0.9834871905738909, 34.129502224476255, 0.0, 0.0, 1.0]",60.233,58.821,1.98,ok,
eval_MoTaTiZrHf-HEA-DDRX-900C_TEM_DislocationCharacterization_0#1,eval_MoTaTiZrHf-HEA-DDRX-900C_TEM_DislocationCharacterization_0,DislocationCharacterization,MoTaTiZrHf-HEA-DDRX-900C_TEM_DislocationCharacterization,transform,ma_roma,direct,gradmag,0,2192,2048,2192,2048,13,10000,2542,affine,"[1.0004298121502677, 0.0007166856682222135, -1.5400411221602506, 3.6434407439906e-05, 0.9945409112852541, 11.132620761262388, 0.0, 0.0, 1.0]",58.213,57.956,2.13,ok,
eval_MoTaTiZrHf-HEA-DDRX-900C_TEM_DislocationCharacterization_0#1,eval_MoTaTiZrHf-HEA-DDRX-900C_TEM_DislocationCharacterization_0,DislocationCharacterization,MoTaTiZrHf-HEA-DDRX-900C_TEM_DislocationCharacterization,control,ma_roma,direct,none,1,2192,2048,2192,2048,13,10000,82,affine,"[0.16466701703025194, 0.33461503330879216, -282.7996855493637, -0.19896452278674745, 0.5244606796587176, 345.1126717857478, 0.0, 0.0, 1.0]",955.744,754.318,1.98,ok,
eval_MoTaTiZrHf-HEA-DDRX-900C_TEM_DislocationCharacterization_0#1,eval_MoTaTiZrHf-HEA-DDRX-900C_TEM_DislocationCharacterization_0,DislocationCharacterization,MoTaTiZrHf-HEA-DDRX-900C_TEM_DislocationCharacterization,control,ma_roma,direct,none,2,2192,2048,2192,2048,13,10000,87,affine,"[0.11562054449051892, 0.25630808146986395, -143.63392907769156, -0.2719873698297744, 0.5310263146240748, 449.4472098056142, 0.0, 0.0, 1.0]",924.589,684.701,1.88,ok,
eval_MoTaTiZrHf-HEA-DDRX-900C_TEM_DislocationCharacterization_0#1,eval_MoTaTiZrHf-HEA-DDRX-900C_TEM_DislocationCharacterization_0,DislocationCharacterization,MoTaTiZrHf-HEA-DDRX-900C_TEM_DislocationCharacterization,control,ma_roma,direct,none,3,2192,2048,2192,2048,13,10000,58,homography,"[-0.14508841487768823, 0.01372328051077734, 288.0256047680861, -0.37358236823794333, 0.00817892391483583, 747.0239709494041, -0.000496060592789095, 1.1905005836542203e-05, 0.9999999999999999]",977.989,927.656,1.92,ok,
eval_MoTaTiZrHf-HEA-DDRX-900C_TEM_DislocationCharacterization_0#1,eval_MoTaTiZrHf-HEA-DDRX-900C_TEM_DislocationCharacterization_0,DislocationCharacterization,MoTaTiZrHf-HEA-DDRX-900C_TEM_DislocationCharacterization,control,ma_roma,direct,none,4,2192,2048,2192,2048,13,10000,56,homography,"[-1.1674179038921972, -0.20596921748742972, 640.9772698018846, -0.5883487719058906, -0.5360313691199157, 1207.5973235651957, -0.0011523261952449456, -0.0005219441859368952, 0.9999999999999999]",2530.948,1698.985,1.87,ok,
eval_MoTaTiZrHf-HEA-DDRX-900C_TEM_DislocationCharacterization_0#1,eval_MoTaTiZrHf-HEA-DDRX-900C_TEM_DislocationCharacterization_0,DislocationCharacterization,MoTaTiZrHf-HEA-DDRX-900C_TEM_DislocationCharacterization,control,ma_roma,direct,none,5,2192,2048,2192,2048,13,10000,36,affine,"[-0.6835210630588902, -0.08686372185319276, 1507.8605202170284, 0.1770702414200897, -0.0945628335430024, 353.7681843120268, 0.0, 0.0, 1.0]",1124.738,1187.063,1.93,ok,
eval_MoTaTiZrHf-HEA-DDRX-900C_TEM_DislocationCharacterization_0#2,eval_MoTaTiZrHf-HEA-DDRX-900C_TEM_DislocationCharacterization_0,DislocationCharacterization,MoTaTiZrHf-HEA-DDRX-900C_TEM_DislocationCharacterization,core,ma_roma,direct,none,0,2192,2048,2192,2048,13,10000,1276,affine,"[1.0003312204690156, -0.011691335939119136, 24.819675589694043, -4.4630000780904426e-05, 1.0008422504947911, -1.6583275773591595, 0.0, 0.0, 1.0]",52.311,46.389,1.97,ok,
eval_MoTaTiZrHf-HEA-DDRX-900C_TEM_DislocationCharacterization_0#2,eval_MoTaTiZrHf-HEA-DDRX-900C_TEM_DislocationCharacterization_0,DislocationCharacterization,MoTaTiZrHf-HEA-DDRX-900C_TEM_DislocationCharacterization,core,ma_roma,pyramid_v2,none,0,2192,2048,2192,2048,13,10000,1276,affine@direct,"[1.0003312204690156, -0.011691335939119136, 24.819675589694043, -4.4630000780904426e-05, 1.0008422504947911, -1.6583275773591595, 0.0, 0.0, 1.0]",52.311,46.389,2.05,ok,
eval_MoTaTiZrHf-HEA-DDRX-900C_TEM_DislocationCharacterization_0#2,eval_MoTaTiZrHf-HEA-DDRX-900C_TEM_DislocationCharacterization_0,DislocationCharacterization,MoTaTiZrHf-HEA-DDRX-900C_TEM_DislocationCharacterization,transform,ma_roma,direct,invert,0,2192,2048,2192,2048,13,10000,1749,affine,"[0.997548270757979, -0.014206451305840686, 32.03193636725746, 0.0021313137155163017, 0.9930555806430348, 13.289784370759207, 0.0, 0.0, 1.0]",48.775,39.618,2.03,ok,
eval_MoTaTiZrHf-HEA-DDRX-900C_TEM_DislocationCharacterization_0#2,eval_MoTaTiZrHf-HEA-DDRX-900C_TEM_DislocationCharacterization_0,DislocationCharacterization,MoTaTiZrHf-HEA-DDRX-900C_TEM_DislocationCharacterization,transform,ma_roma,direct,histmatch,0,2192,2048,2192,2048,13,10000,1033,affine,"[1.001559191237908, 0.004564870928224388, -9.944999305900069, 0.0005458906054340624, 1.0002196349467898, -0.6697820695360406, 0.0, 0.0, 1.0]",61.559,63.963,2.29,ok,
eval_MoTaTiZrHf-HEA-DDRX-900C_TEM_DislocationCharacterization_0#2,eval_MoTaTiZrHf-HEA-DDRX-900C_TEM_DislocationCharacterization_0,DislocationCharacterization,MoTaTiZrHf-HEA-DDRX-900C_TEM_DislocationCharacterization,transform,ma_roma,direct,clahe,0,2192,2048,2192,2048,13,10000,1113,homography,"[1.0077178116237875, 0.0018453527805559593, -3.747322287416511, 0.0002935671300191714, 1.0043910747594595, 7.302417236946916, -2.3755082367391487e-07, 3.72793614376469e-06, 1.0]",56.806,55.416,2.08,ok,
eval_MoTaTiZrHf-HEA-DDRX-900C_TEM_DislocationCharacterization_0#2,eval_MoTaTiZrHf-HEA-DDRX-900C_TEM_DislocationCharacterization_0,DislocationCharacterization,MoTaTiZrHf-HEA-DDRX-900C_TEM_DislocationCharacterization,transform,ma_roma,direct,gradmag,0,2192,2048,2192,2048,13,10000,1763,homography,"[0.9389346245092117, -0.021038116487361813, 43.06374057702539, 0.003925143052090052, 0.8708889713893198, 133.25887954140515, 2.401810373254418e-06, -3.151506399648649e-05, 1.0]",75.437,80.132,2.29,ok,
eval_MoTaTiZrHf-HEA-DDRX-900C_TEM_DislocationCharacterization_0#2,eval_MoTaTiZrHf-HEA-DDRX-900C_TEM_DislocationCharacterization_0,DislocationCharacterization,MoTaTiZrHf-HEA-DDRX-900C_TEM_DislocationCharacterization,control,ma_roma,direct,none,1,2192,2048,2192,2048,13,10000,1335,affine,"[1.000797094113066, -0.010166316913867832, 21.441642904543073, -0.0001673493494365594, 1.0077015540598118, -16.115631855249376, 0.0, 0.0, 1.0]",56.141,52.565,2.04,ok,
eval_MoTaTiZrHf-HEA-DDRX-900C_TEM_DislocationCharacterization_0#2,eval_MoTaTiZrHf-HEA-DDRX-900C_TEM_DislocationCharacterization_0,DislocationCharacterization,MoTaTiZrHf-HEA-DDRX-900C_TEM_DislocationCharacterization,control,ma_roma,direct,none,2,2192,2048,2192,2048,13,10000,1253,affine,"[1.001029238177862, 0.003197358800650118, -6.959020213803342, -0.00012082422002266631, 1.0011726294500922, -2.3308471721945807, 0.0, 0.0, 1.0]",61.322,63.146,2.01,ok,
eval_MoTaTiZrHf-HEA-DDRX-900C_TEM_DislocationCharacterization_0#2,eval_MoTaTiZrHf-HEA-DDRX-900C_TEM_DislocationCharacterization_0,DislocationCharacterization,MoTaTiZrHf-HEA-DDRX-900C_TEM_DislocationCharacterization,control,ma_roma,direct,none,3,2192,2048,2192,2048,13,10000,1308,affine,"[1.0005860727110456, 0.003112921850861273, -6.51286697840942, 0.000293423961082928, 1.006086736491094, -12.928676857725577, 0.0, 0.0, 1.0]",63.240,65.599,2.00,ok,
eval_MoTaTiZrHf-HEA-DDRX-900C_TEM_DislocationCharacterization_0#2,eval_MoTaTiZrHf-HEA-DDRX-900C_TEM_DislocationCharacterization_0,DislocationCharacterization,MoTaTiZrHf-HEA-DDRX-900C_TEM_DislocationCharacterization,control,ma_roma,direct,none,4,2192,2048,2192,2048,13,10000,1389,homography,"[1.0042509931798873, 0.020320929282539788, -41.92814969290336, -0.020077911130256056, 1.0254602836549296, -29.44684554139526, -9.543780916953578e-06, 5.441541096226676e-06, 1.0]",78.497,70.602,2.02,ok,
eval_MoTaTiZrHf-HEA-DDRX-900C_TEM_DislocationCharacterization_0#2,eval_MoTaTiZrHf-HEA-DDRX-900C_TEM_DislocationCharacterization_0,DislocationCharacterization,MoTaTiZrHf-HEA-DDRX-900C_TEM_DislocationCharacterization,control,ma_roma,direct,none,5,2192,2048,2192,2048,13,10000,1368,affine,"[1.000712780823588, 0.00303275647685867, -6.416011457784862, 0.00010221741871892424, 1.0073620826620924, -15.496926545381257, 0.0, 0.0, 1.0]",63.805,66.229,2.09,ok,
eval_MoTaTiZrHf-HEA-DDRX-900C_TEM_DislocationCharacterization_0#3,eval_MoTaTiZrHf-HEA-DDRX-900C_TEM_DislocationCharacterization_0,DislocationCharacterization,MoTaTiZrHf-HEA-DDRX-900C_TEM_DislocationCharacterization,core,ma_roma,direct,none,0,2192,2048,2192,2048,13,10000,679,affine,"[0.9988115793794362, 0.008725757233499288, -18.21726486750964, -0.002113580978019447, 1.0021801507429848, -3.991509363339901, 0.0, 0.0, 1.0]",67.222,71.611,2.11,ok,
eval_MoTaTiZrHf-HEA-DDRX-900C_TEM_DislocationCharacterization_0#3,eval_MoTaTiZrHf-HEA-DDRX-900C_TEM_DislocationCharacterization_0,DislocationCharacterization,MoTaTiZrHf-HEA-DDRX-900C_TEM_DislocationCharacterization,core,ma_roma,pyramid_v2,none,0,2192,2048,2192,2048,13,10000,679,affine@direct,"[0.9988115793794362, 0.008725757233499288, -18.21726486750964, -0.002113580978019447, 1.0021801507429848, -3.991509363339901, 0.0, 0.0, 1.0]",67.222,71.611,2.10,ok,
eval_MoTaTiZrHf-HEA-DDRX-900C_TEM_DislocationCharacterization_0#3,eval_MoTaTiZrHf-HEA-DDRX-900C_TEM_DislocationCharacterization_0,DislocationCharacterization,MoTaTiZrHf-HEA-DDRX-900C_TEM_DislocationCharacterization,transform,ma_roma,direct,invert,0,2192,2048,2192,2048,13,10000,400,affine,"[0.42892094264297465, -0.15439161727069659, 1280.1097870234566, 0.2039950810133185, 0.37207938301119503, -541.7651550214981, 0.0, 0.0, 1.0]",1199.190,1106.627,2.09,ok,
eval_MoTaTiZrHf-HEA-DDRX-900C_TEM_DislocationCharacterization_0#3,eval_MoTaTiZrHf-HEA-DDRX-900C_TEM_DislocationCharacterization_0,DislocationCharacterization,MoTaTiZrHf-HEA-DDRX-900C_TEM_DislocationCharacterization,transform,ma_roma,direct,histmatch,0,2192,2048,2192,2048,13,10000,1010,affine,"[1.0032185435479863, 0.02242379814875216, -48.15292142096325, 0.0020520731020512123, 1.0093065087003084, -20.150673722263946, 0.0, 0.0, 1.0]",77.999,81.425,2.72,ok,
eval_MoTaTiZrHf-HEA-DDRX-900C_TEM_DislocationCharacterization_0#3,eval_MoTaTiZrHf-HEA-DDRX-900C_TEM_DislocationCharacterization_0,DislocationCharacterization,MoTaTiZrHf-HEA-DDRX-900C_TEM_DislocationCharacterization,transform,ma_roma,direct,clahe,0,2192,2048,2192,2048,13,10000,2536,affine,"[1.0005755891240447, -0.000343481458340619, 0.7486545800034037, 0.0005049145795651306, 1.0011839660178725, -2.6090616203302943, 0.0, 0.0, 1.0]",58.981,59.098,2.16,ok,
eval_MoTaTiZrHf-HEA-DDRX-900C_TEM_DislocationCharacterization_0#3,eval_MoTaTiZrHf-HEA-DDRX-900C_TEM_DislocationCharacterization_0,DislocationCharacterization,MoTaTiZrHf-HEA-DDRX-900C_TEM_DislocationCharacterization,transform,ma_roma,direct,gradmag,0,2192,2048,2192,2048,13,10000,449,affine,"[1.0082133180152306, -0.0100121439601853, 108.71323596203638, -0.0020460307399737254, 0.99932400763969, 3.76800236144436, 0.0, 0.0, 1.0]",67.242,59.047,2.31,ok,
eval_MoTaTiZrHf-HEA-DDRX-900C_TEM_DislocationCharacterization_0#3,eval_MoTaTiZrHf-HEA-DDRX-900C_TEM_DislocationCharacterization_0,DislocationCharacterization,MoTaTiZrHf-HEA-DDRX-900C_TEM_DislocationCharacterization,control,ma_roma,direct,none,1,2192,2048,2192,2048,13,10000,675,homography,"[1.0028907174165866, -0.020231451188853337, 42.60818623470366, 0.013853738013990188, 1.0139948277113224, -32.26467101885991, 7.63035632580211e-06, -7.132709332965127e-07, 1.0]",54.073,50.963,2.02,ok,
eval_MoTaTiZrHf-HEA-DDRX-900C_TEM_DislocationCharacterization_0#3,eval_MoTaTiZrHf-HEA-DDRX-900C_TEM_DislocationCharacterization_0,DislocationCharacterization,MoTaTiZrHf-HEA-DDRX-900C_TEM_DislocationCharacterization,control,ma_roma,direct,none,2,2192,2048,2192,2048,13,10000,749,affine,"[1.0004883208100614, 0.012902797460867897, -27.31661973143241, -0.0022809368384212256, 1.0104373034142937, -21.452634369490625, 0.0, 0.0, 1.0]",73.521,78.082,1.99,ok,
eval_MoTaTiZrHf-HEA-DDRX-900C_TEM_DislocationCharacterization_0#3,eval_MoTaTiZrHf-HEA-DDRX-900C_TEM_DislocationCharacterization_0,DislocationCharacterization,MoTaTiZrHf-HEA-DDRX-900C_TEM_DislocationCharacterization,control,ma_roma,direct,none,3,2192,2048,2192,2048,13,10000,758,affine,"[0.9995163697184793, 0.017936613665943558, -38.122795985934985, -0.003884123746144575, 1.0016919158916466, -2.580697599701125, 0.0, 0.0, 1.0]",75.265,81.235,2.00,ok,
eval_MoTaTiZrHf-HEA-DDRX-900C_TEM_DislocationCharacterization_0#3,eval_MoTaTiZrHf-HEA-DDRX-900C_TEM_DislocationCharacterization_0,DislocationCharacterization,MoTaTiZrHf-HEA-DDRX-900C_TEM_DislocationCharacterization,control,ma_roma,direct,none,4,2192,2048,2192,2048,13,10000,684,homography,"[0.9802614402873348, 5.2520870448923246e-05, 0.12399475270935739, -0.016452405758439727, 0.9679722325367587, 32.497606190487836, -7.011252829342839e-06, -7.96742480509636e-06, 1.0]",62.077,63.836,1.91,ok,
eval_MoTaTiZrHf-HEA-DDRX-900C_TEM_DislocationCharacterization_0#3,eval_MoTaTiZrHf-HEA-DDRX-900C_TEM_DislocationCharacterization_0,DislocationCharacterization,MoTaTiZrHf-HEA-DDRX-900C_TEM_DislocationCharacterization,control,ma_roma,direct,none,5,2192,2048,2192,2048,13,10000,670,affine,"[1.0003108119893376, 0.0075225178745972066, -16.01261036461915, -0.0013062893253024152, 1.0046294669493177, -9.312533978711144, 0.0, 0.0, 1.0]",66.448,70.453,2.11,ok,
eval_MoTaTiZrHf-HEA-DDRX-900C_TEM_DislocationCharacterization_0#4,eval_MoTaTiZrHf-HEA-DDRX-900C_TEM_DislocationCharacterization_0,DislocationCharacterization,MoTaTiZrHf-HEA-DDRX-900C_TEM_DislocationCharacterization,core,ma_roma,direct,none,0,2192,2048,2192,2048,13,10000,56,affine,"[0.5277871640620071, -0.12342269088510133, 953.4007197293904, -0.059678538724627694, 0.4245071913669587, 374.07579536694766, 0.0, 0.0, 1.0]",562.462,559.448,2.02,ok,
eval_MoTaTiZrHf-HEA-DDRX-900C_TEM_DislocationCharacterization_0#4,eval_MoTaTiZrHf-HEA-DDRX-900C_TEM_DislocationCharacterization_0,DislocationCharacterization,MoTaTiZrHf-HEA-DDRX-900C_TEM_DislocationCharacterization,core,ma_roma,pyramid_v2,none,0,2192,2048,2192,2048,13,10000,56,affine@direct,"[0.5277871640620071, -0.12342269088510133, 953.4007197293904, -0.059678538724627694, 0.4245071913669587, 374.07579536694766, 0.0, 0.0, 1.0]",562.462,559.448,4.19,ok,
eval_MoTaTiZrHf-HEA-DDRX-900C_TEM_DislocationCharacterization_0#4,eval_MoTaTiZrHf-HEA-DDRX-900C_TEM_DislocationCharacterization_0,DislocationCharacterization,MoTaTiZrHf-HEA-DDRX-900C_TEM_DislocationCharacterization,transform,ma_roma,direct,invert,0,2192,2048,2192,2048,13,10000,118,affine,"[1.0049993101710615, -0.06289622475052681, 134.27343168526136, -0.0071761024911511226, 0.993097399554758, 15.622612507878102, 0.0, 0.0, 1.0]",54.846,46.293,2.20,ok,
eval_MoTaTiZrHf-HEA-DDRX-900C_TEM_DislocationCharacterization_0#4,eval_MoTaTiZrHf-HEA-DDRX-900C_TEM_DislocationCharacterization_0,DislocationCharacterization,MoTaTiZrHf-HEA-DDRX-900C_TEM_DislocationCharacterization,transform,ma_roma,direct,histmatch,0,2192,2048,2192,2048,13,10000,145,affine,"[0.9740701175337989, 0.019145799766911917, -36.298198278760054, 0.011267170265628583, 0.9720510423066029, 57.45776431484046, 0.0, 0.0, 1.0]",96.547,97.640,2.92,ok,
eval_MoTaTiZrHf-HEA-DDRX-900C_TEM_DislocationCharacterization_0#4,eval_MoTaTiZrHf-HEA-DDRX-900C_TEM_DislocationCharacterization_0,DislocationCharacterization,MoTaTiZrHf-HEA-DDRX-900C_TEM_DislocationCharacterization,transform,ma_roma,direct,clahe,0,2192,2048,2192,2048,13,10000,452,affine,"[0.999310894623186, 0.005114354536781448, -10.588723722918587, -0.0027277610450235903, 0.9705575670125671, 63.17831087574268, 0.0, 0.0, 1.0]",65.581,63.364,2.29,ok,
eval_MoTaTiZrHf-HEA-DDRX-900C_TEM_DislocationCharacterization_0#4,eval_MoTaTiZrHf-HEA-DDRX-900C_TEM_DislocationCharacterization_0,DislocationCharacterization,MoTaTiZrHf-HEA-DDRX-900C_TEM_DislocationCharacterization,transform,ma_roma,direct,gradmag,0,2192,2048,2192,2048,13,10000,3900,affine,"[0.9992291659647755, 0.014706060669908538, -30.74806869893041, 0.0003269635197286544, 0.9967155565325768, 7.032067072647806, 0.0, 0.0, 1.0]",69.477,75.907,2.50,ok,
eval_MoTaTiZrHf-HEA-DDRX-900C_TEM_DislocationCharacterization_0#4,eval_MoTaTiZrHf-HEA-DDRX-900C_TEM_DislocationCharacterization_0,DislocationCharacterization,MoTaTiZrHf-HEA-DDRX-900C_TEM_DislocationCharacterization,control,ma_roma,direct,none,1,2192,2048,2192,2048,13,10000,66,affine,"[0.5238257576758536, -0.20644065570454476, 580.497756872639, 0.07116562834907218, 0.7198621306436056, 113.12747790673757, 0.0, 0.0, 1.0]",311.080,345.530,2.03,ok,
eval_MoTaTiZrHf-HEA-DDRX-900C_TEM_DislocationCharacterization_0#4,eval_MoTaTiZrHf-HEA-DDRX-900C_TEM_DislocationCharacterization_0,DislocationCharacterization,MoTaTiZrHf-HEA-DDRX-900C_TEM_DislocationCharacterization,control,ma_roma,direct,none,2,2192,2048,2192,2048,13,10000,50,affine,"[3.9340427997855705, 0.3008122761561971, 11.588049373867307, 1.196010633294175, 1.5096328248316475, -367.9800598236691, 0.0, 0.0, 1.0]",3415.973,2661.230,2.06,ok,
eval_MoTaTiZrHf-HEA-DDRX-900C_TEM_DislocationCharacterization_0#4,eval_MoTaTiZrHf-HEA-DDRX-900C_TEM_DislocationCharacterization_0,DislocationCharacterization,MoTaTiZrHf-HEA-DDRX-900C_TEM_DislocationCharacterization,control,ma_roma,direct,none,3,2192,2048,2192,2048,13,10000,53,homography,"[0.29863621388327716, 0.23043171842981608, 53.657120801682225, 0.29744702797232103, 0.3461208542391888, 135.06103303606739, 0.0011150941034225544, -0.0006711266456373656, 0.9999999999999999]",1600.025,889.665,2.02,ok,
eval_MoTaTiZrHf-HEA-DDRX-900C_TEM_DislocationCharacterization_0#4,eval_MoTaTiZrHf-HEA-DDRX-900C_TEM_DislocationCharacterization_0,DislocationCharacterization,MoTaTiZrHf-HEA-DDRX-900C_TEM_DislocationCharacterization,control,ma_roma,direct,none,4,2192,2048,2192,2048,13,10000,68,affine,"[0.3514515002972926, -0.47672334843621667, 1381.2166752267267, -0.07345115993360544, 0.33899562929077615, 420.26001093862254, 0.0, 0.0, 1.0]",652.953,586.613,2.10,ok,
eval_MoTaTiZrHf-HEA-DDRX-900C_TEM_DislocationCharacterization_0#4,eval_MoTaTiZrHf-HEA-DDRX-900C_TEM_DislocationCharacterization_0,DislocationCharacterization,MoTaTiZrHf-HEA-DDRX-900C_TEM_DislocationCharacterization,control,ma_roma,direct,none,5,2192,2048,2192,2048,13,10000,50,affine,"[0.027252703356020636, -0.3032932961492861, 1121.631841582574, 0.01977298635568189, 0.29635709527546417, -36.59522137629813, 0.0, 0.0, 1.0]",951.956,1132.815,2.11,ok,
eval_MoTaTiZrHf-HEA-DDRX-900C_TEM_DislocationCharacterization_0#5,eval_MoTaTiZrHf-HEA-DDRX-900C_TEM_DislocationCharacterization_0,DislocationCharacterization,MoTaTiZrHf-HEA-DDRX-900C_TEM_DislocationCharacterization,core,ma_roma,direct,none,0,2192,2048,2192,2048,13,10000,641,homography,"[0.939008290720972, -0.022858241700080315, 48.857896411967275, -0.005328760685322945, 0.885442302214656, 118.37882402609344, -2.239951185829473e-06, -2.7672866949630475e-05, 1.0]",67.110,73.433,2.09,ok,
eval_MoTaTiZrHf-HEA-DDRX-900C_TEM_DislocationCharacterization_0#5,eval_MoTaTiZrHf-HEA-DDRX-900C_TEM_DislocationCharacterization_0,DislocationCharacterization,MoTaTiZrHf-HEA-DDRX-900C_TEM_DislocationCharacterization,core,ma_roma,pyramid_v2,none,0,2192,2048,2192,2048,13,10000,641,homography@direct,"[0.939008290720972, -0.022858241700080315, 48.857896411967275, -0.005328760685322945, 0.885442302214656, 118.37882402609344, -2.239951185829473e-06, -2.7672866949630475e-05, 1.0]",67.110,73.433,2.17,ok,
eval_MoTaTiZrHf-HEA-DDRX-900C_TEM_DislocationCharacterization_0#5,eval_MoTaTiZrHf-HEA-DDRX-900C_TEM_DislocationCharacterization_0,DislocationCharacterization,MoTaTiZrHf-HEA-DDRX-900C_TEM_DislocationCharacterization,transform,ma_roma,direct,invert,0,2192,2048,2192,2048,13,10000,981,homography,"[1.0628635626667988, 0.025878800809052253, -53.20091499447823, 0.0006279686956414355, 1.1073702708309079, -92.55168125167556, 1.8061976653908815e-07, 3.0258939533983044e-05, 1.0]",70.950,65.038,2.01,ok,
eval_MoTaTiZrHf-HEA-DDRX-900C_TEM_DislocationCharacterization_0#5,eval_MoTaTiZrHf-HEA-DDRX-900C_TEM_DislocationCharacterization_0,DislocationCharacterization,MoTaTiZrHf-HEA-DDRX-900C_TEM_DislocationCharacterization,transform,ma_roma,direct,histmatch,0,2192,2048,2192,2048,13,10000,891,affine,"[0.9991455423008649, 0.00032377013410853013, -0.39731978550508984, 7.222535438367547e-05, 1.0065307757807882, -13.992339882931219, 0.0, 0.0, 1.0]",62.331,63.696,3.58,ok,
eval_MoTaTiZrHf-HEA-DDRX-900C_TEM_DislocationCharacterization_0#5,eval_MoTaTiZrHf-HEA-DDRX-900C_TEM_DislocationCharacterization_0,DislocationCharacterization,MoTaTiZrHf-HEA-DDRX-900C_TEM_DislocationCharacterization,transform,ma_roma,direct,clahe,0,2192,2048,2192,2048,13,10000,474,affine,"[0.9999803130320084, -0.00308366072799014, 6.525018115946864, -0.0021549384129563366, 0.9962266879521461, 10.099514892918933, 0.0, 0.0, 1.0]",56.453,54.085,2.31,ok,
eval_MoTaTiZrHf-HEA-DDRX-900C_TEM_DislocationCharacterization_0#5,eval_MoTaTiZrHf-HEA-DDRX-900C_TEM_DislocationCharacterization_0,DislocationCharacterization,MoTaTiZrHf-HEA-DDRX-900C_TEM_DislocationCharacterization,transform,ma_roma,direct,gradmag,0,2192,2048,2192,2048,13,10000,5150,affine,"[1.000962239461853, 0.01263944334249621, -27.24218179192485, -7.631369647043715e-05, 1.0025108653199808, -5.407331344496242, 0.0, 0.0, 1.0]",69.176,74.873,2.32,ok,
eval_MoTaTiZrHf-HEA-DDRX-900C_TEM_DislocationCharacterization_0#5,eval_MoTaTiZrHf-HEA-DDRX-900C_TEM_DislocationCharacterization_0,DislocationCharacterization,MoTaTiZrHf-HEA-DDRX-900C_TEM_DislocationCharacterization,control,ma_roma,direct,none,1,2192,2048,2192,2048,13,10000,607,affine,"[0.9989315150921779, -0.0071623731187226486, 15.581359925943673, -0.0006694870342864462, 1.0074363349782722, -15.802704862674545, 0.0, 0.0, 1.0]",58.527,56.556,1.97,ok,
eval_MoTaTiZrHf-HEA-DDRX-900C_TEM_DislocationCharacterization_0#5,eval_MoTaTiZrHf-HEA-DDRX-900C_TEM_DislocationCharacterization_0,DislocationCharacterization,MoTaTiZrHf-HEA-DDRX-900C_TEM_DislocationCharacterization,control,ma_roma,direct,none,2,2192,2048,2192,2048,13,10000,617,homography,"[1.005660295920047, -0.015834244498342503, 33.71966492535015, -0.0012477259469881815, 1.019157256232967, -26.60085748865938, -4.387883796327163e-07, 3.1435563116619235e-06, 1.0]",54.331,50.360,2.00,ok,
eval_MoTaTiZrHf-HEA-DDRX-900C_TEM_DislocationCharacterization_0#5,eval_MoTaTiZrHf-HEA-DDRX-900C_TEM_DislocationCharacterization_0,DislocationCharacterization,MoTaTiZrHf-HEA-DDRX-900C_TEM_DislocationCharacterization,control,ma_roma,direct,none,3,2192,2048,2192,2048,13,10000,613,affine,"[0.999149159238821, -0.0015050952839932086, 3.4387856796810183, -0.0004824583737255541, 1.0025557437930144, -5.534474989555747, 0.0, 0.0, 1.0]",59.671,59.598,2.01,ok,
eval_MoTaTiZrHf-HEA-DDRX-900C_TEM_DislocationCharacterization_0#5,eval_MoTaTiZrHf-HEA-DDRX-900C_TEM_DislocationCharacterization_0,DislocationCharacterization,MoTaTiZrHf-HEA-DDRX-900C_TEM_DislocationCharacterization,control,ma_roma,direct,none,4,2192,2048,2192,2048,13,10000,616,homography,"[0.9788483325223205, -0.00863356427107853, 18.477780468312872, -0.0041818230307136, 0.9662369623706659, 30.123317657907872, -1.6307649791105662e-06, -9.224654267658667e-06, 1.0]",57.965,55.818,2.00,ok,
eval_MoTaTiZrHf-HEA-DDRX-900C_TEM_DislocationCharacterization_0#5,eval_MoTaTiZrHf-HEA-DDRX-900C_TEM_DislocationCharacterization_0,DislocationCharacterization,MoTaTiZrHf-HEA-DDRX-900C_TEM_DislocationCharacterization,control,ma_roma,direct,none,5,2192,2048,2192,2048,13,10000,672,homography,"[0.9740859039462887, 0.003902674416345382, -7.6862118348286845, -0.006653032048372217, 0.9564622573531248, 44.071914482647955, -2.8899954167541695e-06, -1.0702950975437308e-05, 1.0]",68.860,71.625,2.00,ok,
eval_MoTaTiZrHf-HEA-DDRX-900C_TEM_DislocationCharacterization_0#6,eval_MoTaTiZrHf-HEA-DDRX-900C_TEM_DislocationCharacterization_0,DislocationCharacterization,MoTaTiZrHf-HEA-DDRX-900C_TEM_DislocationCharacterization,core,ma_roma,direct,none,0,2192,2048,2192,2048,13,10000,130,affine,"[0.3555879785816107, 0.07697770964089166, -109.10016237598848, -0.003441368463722526, 0.560623705453457, -68.00957574904157, 0.0, 0.0, 1.0]",948.028,817.041,1.99,ok,
eval_MoTaTiZrHf-HEA-DDRX-900C_TEM_DislocationCharacterization_0#6,eval_MoTaTiZrHf-HEA-DDRX-900C_TEM_DislocationCharacterization_0,DislocationCharacterization,MoTaTiZrHf-HEA-DDRX-900C_TEM_DislocationCharacterization,core,ma_roma,pyramid_v2,none,0,2192,2048,2192,2048,13,10000,130,affine@direct,"[0.3555879785816107, 0.07697770964089166, -109.10016237598848, -0.003441368463722526, 0.560623705453457, -68.00957574904157, 0.0, 0.0, 1.0]",948.028,817.041,4.15,ok,
eval_MoTaTiZrHf-HEA-DDRX-900C_TEM_DislocationCharacterization_0#6,eval_MoTaTiZrHf-HEA-DDRX-900C_TEM_DislocationCharacterization_0,DislocationCharacterization,MoTaTiZrHf-HEA-DDRX-900C_TEM_DislocationCharacterization,transform,ma_roma,direct,invert,0,2192,2048,2192,2048,13,10000,74,affine,"[0.8925121907612297, -0.8744805259512477, 1039.3906481533134, 0.3445817402509621, 0.8307338291726447, -995.5960838399769, 0.0, 0.0, 1.0]",961.419,936.713,2.05,ok,
eval_MoTaTiZrHf-HEA-DDRX-900C_TEM_DislocationCharacterization_0#6,eval_MoTaTiZrHf-HEA-DDRX-900C_TEM_DislocationCharacterization_0,DislocationCharacterization,MoTaTiZrHf-HEA-DDRX-900C_TEM_DislocationCharacterization,transform,ma_roma,direct,histmatch,0,2192,2048,2192,2048,13,10000,189,homography,"[0.10452752585931142, -0.14887933085405122, 291.72433837209894, -0.11948730697746285, 0.042136646933104045, 389.64003763113215, -0.00012534186950440072, -0.0002608158447103808, 1.0]",889.785,804.232,2.79,ok,
eval_MoTaTiZrHf-HEA-DDRX-900C_TEM_DislocationCharacterization_0#6,eval_MoTaTiZrHf-HEA-DDRX-900C_TEM_DislocationCharacterization_0,DislocationCharacterization,MoTaTiZrHf-HEA-DDRX-900C_TEM_DislocationCharacterization,transform,ma_roma,direct,clahe,0,2192,2048,2192,2048,13,10000,96,affine,"[1.1227830338178568, 0.2649606223789033, 1011.0156892731181, -0.16910673218067204, 1.249635919118475, 168.84865712009298, 0.0, 0.0, 1.0]",1399.204,1437.971,2.39,ok,
eval_MoTaTiZrHf-HEA-DDRX-900C_TEM_DislocationCharacterization_0#6,eval_MoTaTiZrHf-HEA-DDRX-900C_TEM_DislocationCharacterization_0,DislocationCharacterization,MoTaTiZrHf-HEA-DDRX-900C_TEM_DislocationCharacterization,transform,ma_roma,direct,gradmag,0,2192,2048,2192,2048,13,10000,803,homography,"[1.0934541480709392, 0.02276270785292374, -48.037166228862915, -0.006580670603359483, 1.1764794717540314, -170.33687050813376, -3.2805781638865264e-06, 4.524228771468246e-05, 1.0]",86.877,83.168,2.41,ok,
eval_MoTaTiZrHf-HEA-DDRX-900C_TEM_DislocationCharacterization_0#6,eval_MoTaTiZrHf-HEA-DDRX-900C_TEM_DislocationCharacterization_0,DislocationCharacterization,MoTaTiZrHf-HEA-DDRX-900C_TEM_DislocationCharacterization,control,ma_roma,direct,none,1,2192,2048,2192,2048,13,10000,190,homography,"[1.5489682787758592, 0.4200866469196917, -988.9079956729925, 0.5706253271079027, 1.714965536928566, -1249.8722863582022, 0.0010821321292256148, 0.00040892734142291534, 0.9999999999999999]",979.992,837.735,2.01,ok,
eval_MoTaTiZrHf-HEA-DDRX-900C_TEM_DislocationCharacterization_0#6,eval_MoTaTiZrHf-HEA-DDRX-900C_TEM_DislocationCharacterization_0,DislocationCharacterization,MoTaTiZrHf-HEA-DDRX-900C_TEM_DislocationCharacterization,control,ma_roma,direct,none,2,2192,2048,2192,2048,13,10000,137,affine,"[0.47604394364829267, 0.06587282382071755, -115.88057632532292, 0.09759256840533673, 0.5036794504928146, -80.01224317361607, 0.0, 0.0, 1.0]",862.491,848.138,1.99,ok,
eval_MoTaTiZrHf-HEA-DDRX-900C_TEM_DislocationCharacterization_0#6,eval_MoTaTiZrHf-HEA-DDRX-900C_TEM_DislocationCharacterization_0,DislocationCharacterization,MoTaTiZrHf-HEA-DDRX-900C_TEM_DislocationCharacterization,control,ma_roma,direct,none,3,2192,2048,2192,2048,13,10000,125,affine,"[0.6183576116790435, -0.16577034000155988, -58.14235687518374, -0.012413380348237763, 0.6265694975400053, -266.5880826104848, 0.0, 0.0, 1.0]",968.971,949.338,1.99,ok,
eval_MoTaTiZrHf-HEA-DDRX-900C_TEM_DislocationCharacterization_0#6,eval_MoTaTiZrHf-HEA-DDRX-900C_TEM_DislocationCharacterization_0,DislocationCharacterization,MoTaTiZrHf-HEA-DDRX-900C_TEM_DislocationCharacterization,control,ma_roma,direct,none,4,2192,2048,2192,2048,13,10000,115,affine,"[0.3173548818253517, 0.04418045695904152, 25.006488093498945, -0.07575314506368888, 0.38789236664213866, 197.58751419488635, 0.0, 0.0, 1.0]",912.021,774.723,1.93,ok,
eval_MoTaTiZrHf-HEA-DDRX-900C_TEM_DislocationCharacterization_0#6,eval_MoTaTiZrHf-HEA-DDRX-900C_TEM_DislocationCharacterization_0,DislocationCharacterization,MoTaTiZrHf-HEA-DDRX-900C_TEM_DislocationCharacterization,control,ma_roma,direct,none,5,2192,2048,2192,2048,13,10000,106,affine,"[0.29651438091908394, 0.09433243466289438, -28.891259040587727, 0.007699430093314655, 0.5167260959636071, -46.88544009796749, 0.0, 0.0, 1.0]",940.314,802.086,2.07,ok,
eval_MoTaTiZrHf-HEA-DDRX-900C_TEM_DislocationCharacterization_0#7,eval_MoTaTiZrHf-HEA-DDRX-900C_TEM_DislocationCharacterization_0,DislocationCharacterization,MoTaTiZrHf-HEA-DDRX-900C_TEM_DislocationCharacterization,core,ma_roma,direct,none,0,2192,2048,2192,2048,13,10000,229,affine,"[0.6162319892845778, 0.06860801176762263, -657.4136943141777, 0.138091715351362, 0.7702460639017572, -598.7211879102395, 0.0, 0.0, 1.0]",1259.103,1187.092,2.05,ok,
eval_MoTaTiZrHf-HEA-DDRX-900C_TEM_DislocationCharacterization_0#7,eval_MoTaTiZrHf-HEA-DDRX-900C_TEM_DislocationCharacterization_0,DislocationCharacterization,MoTaTiZrHf-HEA-DDRX-900C_TEM_DislocationCharacterization,core,ma_roma,pyramid_v2,none,0,2192,2048,2192,2048,13,10000,84,affine@direct+zoom,"[1.0949601896928378, -0.29166618530075156, -934.7415172504861, 0.27682188659609114, 1.438760117641513, -1363.167810914308, 0.0, 0.0, 1.0]",1391.819,1412.354,4.23,ok,
eval_MoTaTiZrHf-HEA-DDRX-900C_TEM_DislocationCharacterization_0#7,eval_MoTaTiZrHf-HEA-DDRX-900C_TEM_DislocationCharacterization_0,DislocationCharacterization,MoTaTiZrHf-HEA-DDRX-900C_TEM_DislocationCharacterization,transform,ma_roma,direct,invert,0,2192,2048,2192,2048,13,10000,118,homography,"[0.37706513686103177, 0.03213967427884916, -301.5484253173173, 0.26896365783085724, 0.3310862465532435, -258.09877209613825, 0.00018630491407527303, -0.0002521020730228674, 1.0]",1201.837,1188.081,2.04,ok,
eval_MoTaTiZrHf-HEA-DDRX-900C_TEM_DislocationCharacterization_0#7,eval_MoTaTiZrHf-HEA-DDRX-900C_TEM_DislocationCharacterization_0,DislocationCharacterization,MoTaTiZrHf-HEA-DDRX-900C_TEM_DislocationCharacterization,transform,ma_roma,direct,histmatch,0,2192,2048,2192,2048,13,10000,160,homography,"[-2.0285692536636066, -0.3077249336979684, 2961.8649473480395, -0.522456655759533, -1.4621039929270325, 1619.502630849972, -0.0012629277336044036, -0.0007775791150614361, 0.9999999999999999]",4949.218,2473.893,2.82,ok,
eval_MoTaTiZrHf-HEA-DDRX-900C_TEM_DislocationCharacterization_0#7,eval_MoTaTiZrHf-HEA-DDRX-900C_TEM_DislocationCharacterization_0,DislocationCharacterization,MoTaTiZrHf-HEA-DDRX-900C_TEM_DislocationCharacterization,transform,ma_roma,direct,clahe,0,2192,2048,2192,2048,13,10000,412,affine,"[1.0014247471198123, 0.004203776340072976, -8.83165307340559, 0.002188864261966007, 0.9819687492745441, 37.825447145394264, 0.0, 0.0, 1.0]",60.871,58.573,2.49,ok,
eval_MoTaTiZrHf-HEA-DDRX-900C_TEM_DislocationCharacterization_0#7,eval_MoTaTiZrHf-HEA-DDRX-900C_TEM_DislocationCharacterization_0,DislocationCharacterization,MoTaTiZrHf-HEA-DDRX-900C_TEM_DislocationCharacterization,transform,ma_roma,direct,gradmag,0,2192,2048,2192,2048,13,10000,121,affine,"[0.9986198063084667, 0.018115764747271796, -38.7876116154187, 0.02957599473003463, 0.9731475832233951, 55.3616123371894, 0.0, 0.0, 1.0]",88.112,86.844,2.40,ok,
eval_MoTaTiZrHf-HEA-DDRX-900C_TEM_DislocationCharacterization_0#7,eval_MoTaTiZrHf-HEA-DDRX-900C_TEM_DislocationCharacterization_0,DislocationCharacterization,MoTaTiZrHf-HEA-DDRX-900C_TEM_DislocationCharacterization,control,ma_roma,direct,none,1,2192,2048,2192,2048,13,10000,314,affine,"[1.001415997528413, 0.0011201654980462462, -2.4371041462561323, 0.0012914141281780915, 0.9936910827668453, 13.521376987637268, 0.0, 0.0, 1.0]",57.614,57.097,2.09,ok,
eval_MoTaTiZrHf-HEA-DDRX-900C_TEM_DislocationCharacterization_0#7,eval_MoTaTiZrHf-HEA-DDRX-900C_TEM_DislocationCharacterization_0,DislocationCharacterization,MoTaTiZrHf-HEA-DDRX-900C_TEM_DislocationCharacterization,control,ma_roma,direct,none,2,2192,2048,2192,2048,13,10000,361,affine,"[1.002128940720779, 0.00021312992699701786, -0.5924699640430049, -0.0003079531436350268, 0.9931137559408266, 14.842705569210011, 0.0, 0.0, 1.0]",56.981,55.630,2.01,ok,
eval_MoTaTiZrHf-HEA-DDRX-900C_TEM_DislocationCharacterization_0#7,eval_MoTaTiZrHf-HEA-DDRX-900C_TEM_DislocationCharacterization_0,DislocationCharacterization,MoTaTiZrHf-HEA-DDRX-900C_TEM_DislocationCharacterization,control,ma_roma,direct,none,3,2192,2048,2192,2048,13,10000,374,affine,"[1.0024302227626614, 0.004343913962183887, -9.495664832951604, 0.000512312798282984, 0.9952724196975522, 10.158291564854153, 0.0, 0.0, 1.0]",59.608,61.109,1.99,ok,
eval_MoTaTiZrHf-HEA-DDRX-900C_TEM_DislocationCharacterization_0#7,eval_MoTaTiZrHf-HEA-DDRX-900C_TEM_DislocationCharacterization_0,DislocationCharacterization,MoTaTiZrHf-HEA-DDRX-900C_TEM_DislocationCharacterization,control,ma_roma,direct,none,4,2192,2048,2192,2048,13,10000,346,affine,"[1.0021248212084524, 0.0018421456737407645, -4.055323542422343, 0.00029901426372702775, 0.9942373364031086, 12.450944289655126, 0.0, 0.0, 1.0]",58.001,57.856,2.09,ok,
eval_MoTaTiZrHf-HEA-DDRX-900C_TEM_DislocationCharacterization_0#7,eval_MoTaTiZrHf-HEA-DDRX-900C_TEM_DislocationCharacterization_0,DislocationCharacterization,MoTaTiZrHf-HEA-DDRX-900C_TEM_DislocationCharacterization,control,ma_roma,direct,none,5,2192,2048,2192,2048,13,10000,360,affine,"[1.002229003632227, -0.0014146341193624747, 2.8283806711012858, 0.0018571421483950944, 0.9891541513245342, 23.073619024041363, 0.0, 0.0, 1.0]",55.667,52.358,2.11,ok,
eval_MoTaTiZrHf-HEA-DDRX-900C_TEM_DislocationCharacterization_0#8,eval_MoTaTiZrHf-HEA-DDRX-900C_TEM_DislocationCharacterization_0,DislocationCharacterization,MoTaTiZrHf-HEA-DDRX-900C_TEM_DislocationCharacterization,core,ma_roma,direct,none,0,2192,2048,2192,2048,13,10000,205,affine,"[0.28105447557000424, 0.09363646926813039, -382.172284839481, -0.4519352907249627, 0.37113290439220337, 1373.4752682027179, 0.0, 0.0, 1.0]",1130.562,1087.293,2.03,ok,
eval_MoTaTiZrHf-HEA-DDRX-900C_TEM_DislocationCharacterization_0#8,eval_MoTaTiZrHf-HEA-DDRX-900C_TEM_DislocationCharacterization_0,DislocationCharacterization,MoTaTiZrHf-HEA-DDRX-900C_TEM_DislocationCharacterization,core,ma_roma,pyramid_v2,none,0,2192,2048,2192,2048,13,10000,205,affine@direct,"[0.28105447557000424, 0.09363646926813039, -382.172284839481, -0.4519352907249627, 0.37113290439220337, 1373.4752682027179, 0.0, 0.0, 1.0]",1130.562,1087.293,3.93,ok,
eval_MoTaTiZrHf-HEA-DDRX-900C_TEM_DislocationCharacterization_0#8,eval_MoTaTiZrHf-HEA-DDRX-900C_TEM_DislocationCharacterization_0,DislocationCharacterization,MoTaTiZrHf-HEA-DDRX-900C_TEM_DislocationCharacterization,transform,ma_roma,direct,invert,0,2192,2048,2192,2048,13,10000,167,affine,"[0.005419637090693732, 0.24402338829710085, -3.817196012272376, -0.5029661653361482, 0.27761775067458144, 1329.7288937790745, 0.0, 0.0, 1.0]",920.533,832.208,2.05,ok,
eval_MoTaTiZrHf-HEA-DDRX-900C_TEM_DislocationCharacterization_0#8,eval_MoTaTiZrHf-HEA-DDRX-900C_TEM_DislocationCharacterization_0,DislocationCharacterization,MoTaTiZrHf-HEA-DDRX-900C_TEM_DislocationCharacterization,transform,ma_roma,direct,histmatch,0,2192,2048,2192,2048,13,10000,118,affine,"[0.3834819118343667, -0.0132175242590908, -334.5934819275983, -0.28530924387294726, 0.22227630543151328, 1401.0966796940882, 0.0, 0.0, 1.0]",1114.377,1087.415,2.59,ok,
eval_MoTaTiZrHf-HEA-DDRX-900C_TEM_DislocationCharacterization_0#8,eval_MoTaTiZrHf-HEA-DDRX-900C_TEM_DislocationCharacterization_0,DislocationCharacterization,MoTaTiZrHf-HEA-DDRX-900C_TEM_DislocationCharacterization,transform,ma_roma,direct,clahe,0,2192,2048,2192,2048,13,10000,97,affine,"[0.4170425472630779, 0.1355514000662222, -622.1328380749549, 0.074907006552363, 0.5317954838782386, 417.93219849276204, 0.0, 0.0, 1.0]",1126.460,1052.401,2.13,ok,
eval_MoTaTiZrHf-HEA-DDRX-900C_TEM_DislocationCharacterization_0#8,eval_MoTaTiZrHf-HEA-DDRX-900C_TEM_DislocationCharacterization_0,DislocationCharacterization,MoTaTiZrHf-HEA-DDRX-900C_TEM_DislocationCharacterization,transform,ma_roma,direct,gradmag,0,2192,2048,2192,2048,13,10000,821,affine,"[0.9981463327201754, -0.008852865779985277, 19.352421828469232, -0.00012147763768336278, 0.9897898288342841, 21.853137697902184, 0.0, 0.0, 1.0]",52.581,45.876,2.37,ok,
eval_MoTaTiZrHf-HEA-DDRX-900C_TEM_DislocationCharacterization_0#8,eval_MoTaTiZrHf-HEA-DDRX-900C_TEM_DislocationCharacterization_0,DislocationCharacterization,MoTaTiZrHf-HEA-DDRX-900C_TEM_DislocationCharacterization,control,ma_roma,direct,none,1,2192,2048,2192,2048,13,10000,92,homography,"[0.30089879759976174, 0.49051639862081037, -398.09393831450427, -0.4331978089564376, 1.6144365577949438, -78.54113991467689, -0.000438230739480954, 0.0005752775686029974, 1.0]",729.562,696.707,2.01,ok,
eval_MoTaTiZrHf-HEA-DDRX-900C_TEM_DislocationCharacterization_0#8,eval_MoTaTiZrHf-HEA-DDRX-900C_TEM_DislocationCharacterization_0,DislocationCharacterization,MoTaTiZrHf-HEA-DDRX-900C_TEM_DislocationCharacterization,control,ma_roma,direct,none,2,2192,2048,2192,2048,13,10000,170,affine,"[0.3399258425472064, 0.07157510228982289, -415.0064215830341, -0.431043094029744, 0.3608769557692565, 1365.7435878144493, 0.0, 0.0, 1.0]",1128.161,1089.908,1.99,ok,
eval_MoTaTiZrHf-HEA-DDRX-900C_TEM_DislocationCharacterization_0#8,eval_MoTaTiZrHf-HEA-DDRX-900C_TEM_DislocationCharacterization_0,DislocationCharacterization,MoTaTiZrHf-HEA-DDRX-900C_TEM_DislocationCharacterization,control,ma_roma,direct,none,3,2192,2048,2192,2048,13,10000,102,homography,"[0.9006662712244385, 0.24314069268220995, -1228.3794461404643, 0.40105233617055824, 1.2257605779889944, 839.6135342629015, 0.0010631041715631292, 3.1128711766408044e-05, 1.0]",1224.106,1104.488,2.00,ok,
eval_MoTaTiZrHf-HEA-DDRX-900C_TEM_DislocationCharacterization_0#8,eval_MoTaTiZrHf-HEA-DDRX-900C_TEM_DislocationCharacterization_0,DislocationCharacterization,MoTaTiZrHf-HEA-DDRX-900C_TEM_DislocationCharacterization,control,ma_roma,direct,none,4,2192,2048,2192,2048,13,10000,89,homography,"[0.2960809836218126, -0.41195142824770553, 207.89220199382498, 1.1638600886423693, -1.6245055556399326, 960.8313202883944, 0.0010911314192361267, -0.0016111747961589725, 0.9999999999999999]",985.307,932.639,1.99,ok,
eval_MoTaTiZrHf-HEA-DDRX-900C_TEM_DislocationCharacterization_0#8,eval_MoTaTiZrHf-HEA-DDRX-900C_TEM_DislocationCharacterization_0,DislocationCharacterization,MoTaTiZrHf-HEA-DDRX-900C_TEM_DislocationCharacterization,control,ma_roma,direct,none,5,2192,2048,2192,2048,13,10000,128,affine,"[0.46394988590947334, -0.01055252816711106, -442.7741785578733, -0.3915317251112524, 0.3123986312918954, 1389.5030491362386, 0.0, 0.0, 1.0]",1128.710,1106.069,2.02,ok,
eval_MoTaTiZrHf-HEA-DDRX-900C_TEM_DislocationCharacterization_0#9,eval_MoTaTiZrHf-HEA-DDRX-900C_TEM_DislocationCharacterization_0,DislocationCharacterization,MoTaTiZrHf-HEA-DDRX-900C_TEM_DislocationCharacterization,core,ma_roma,direct,none,0,2192,2048,2192,2048,13,10000,648,affine,"[0.9973381515048635, -0.0032708176454386297, 8.015326876382801, 0.0018446058791173952, 1.0017496329460185, -4.000920392082435, 0.0, 0.0, 1.0]",57.742,56.994,2.04,ok,
eval_MoTaTiZrHf-HEA-DDRX-900C_TEM_DislocationCharacterization_0#9,eval_MoTaTiZrHf-HEA-DDRX-900C_TEM_DislocationCharacterization_0,DislocationCharacterization,MoTaTiZrHf-HEA-DDRX-900C_TEM_DislocationCharacterization,core,ma_roma,pyramid_v2,none,0,2192,2048,2192,2048,13,10000,648,affine@direct,"[0.9973381515048635, -0.0032708176454386297, 8.015326876382801, 0.0018446058791173952, 1.0017496329460185, -4.000920392082435, 0.0, 0.0, 1.0]",57.742,56.994,2.08,ok,
eval_MoTaTiZrHf-HEA-DDRX-900C_TEM_DislocationCharacterization_0#9,eval_MoTaTiZrHf-HEA-DDRX-900C_TEM_DislocationCharacterization_0,DislocationCharacterization,MoTaTiZrHf-HEA-DDRX-900C_TEM_DislocationCharacterization,transform,ma_roma,direct,invert,0,2192,2048,2192,2048,13,10000,1039,affine,"[0.9973320440007647, 0.011344064016481806, -21.371904301807717, -0.00010585877760981848, 0.9858721749483936, 29.827418968923894, 0.0, 0.0, 1.0]",65.723,68.974,2.13,ok,
eval_MoTaTiZrHf-HEA-DDRX-900C_TEM_DislocationCharacterization_0#9,eval_MoTaTiZrHf-HEA-DDRX-900C_TEM_DislocationCharacterization_0,DislocationCharacterization,MoTaTiZrHf-HEA-DDRX-900C_TEM_DislocationCharacterization,transform,ma_roma,direct,histmatch,0,2192,2048,2192,2048,13,10000,737,homography,"[0.8797893581611347, -0.016022951716492307, 34.3022490668714, -0.0018962979845968378, 0.7681340394533548, 238.41787235641064, -1.998256979799897e-06, -5.614620624293456e-05, 1.0]",118.937,127.004,2.98,ok,
eval_MoTaTiZrHf-HEA-DDRX-900C_TEM_DislocationCharacterization_0#9,eval_MoTaTiZrHf-HEA-DDRX-900C_TEM_DislocationCharacterization_0,DislocationCharacterization,MoTaTiZrHf-HEA-DDRX-900C_TEM_DislocationCharacterization,transform,ma_roma,direct,clahe,0,2192,2048,2192,2048,13,10000,438,affine,"[0.9997985443047132, -0.005706994288699081, 12.070725025321849, -0.0027648872914186845, 1.0047872024873645, -9.857441939397177, 0.0, 0.0, 1.0]",58.824,56.769,1.91,ok,
eval_MoTaTiZrHf-HEA-DDRX-900C_TEM_DislocationCharacterization_0#9,eval_MoTaTiZrHf-HEA-DDRX-900C_TEM_DislocationCharacterization_0,DislocationCharacterization,MoTaTiZrHf-HEA-DDRX-900C_TEM_DislocationCharacterization,transform,ma_roma,direct,gradmag,0,2192,2048,2192,2048,13,10000,5205,affine,"[1.000550366084683, 0.0020591023783517156, -4.796749799949339, -0.00018196419039468996, 0.9936735200760177, 13.55265496987704, 0.0, 0.0, 1.0]",59.088,59.511,2.11,ok,
eval_MoTaTiZrHf-HEA-DDRX-900C_TEM_DislocationCharacterization_0#9,eval_MoTaTiZrHf-HEA-DDRX-900C_TEM_DislocationCharacterization_0,DislocationCharacterization,MoTaTiZrHf-HEA-DDRX-900C_TEM_DislocationCharacterization,control,ma_roma,direct,none,1,2192,2048,2192,2048,13,10000,642,homography,"[0.8916298232289773, -0.02064322896889732, 42.703860273042416, 0.020426745766039575, 0.7730753465265946, 237.08536328691918, 9.272883025331763e-06, -5.418440491887111e-05, 1.0]",126.127,131.959,1.89,ok,
eval_MoTaTiZrHf-HEA-DDRX-900C_TEM_DislocationCharacterization_0#9,eval_MoTaTiZrHf-HEA-DDRX-900C_TEM_DislocationCharacterization_0,DislocationCharacterization,MoTaTiZrHf-HEA-DDRX-900C_TEM_DislocationCharacterization,control,ma_roma,direct,none,2,2192,2048,2192,2048,13,10000,644,affine,"[0.9959756079453904, -0.005605176097213521, 13.352805548911817, 0.000861450346374671, 1.0024974296621636, -5.197667837615427, 0.0, 0.0, 1.0]",57.174,55.493,1.90,ok,
eval_MoTaTiZrHf-HEA-DDRX-900C_TEM_DislocationCharacterization_0#9,eval_MoTaTiZrHf-HEA-DDRX-900C_TEM_DislocationCharacterization_0,DislocationCharacterization,MoTaTiZrHf-HEA-DDRX-900C_TEM_DislocationCharacterization,control,ma_roma,direct,none,3,2192,2048,2192,2048,13,10000,655,affine,"[0.9985633312062832, -0.006846510029591163, 14.969701411529286, 0.0013475417099366384, 1.002719364351004, -6.067288095833646, 0.0, 0.0, 1.0]",55.950,53.369,1.89,ok,
eval_MoTaTiZrHf-HEA-DDRX-900C_TEM_DislocationCharacterization_0#9,eval_MoTaTiZrHf-HEA-DDRX-900C_TEM_DislocationCharacterization_0,DislocationCharacterization,MoTaTiZrHf-HEA-DDRX-900C_TEM_DislocationCharacterization,control,ma_roma,direct,none,4,2192,2048,2192,2048,13,10000,640,homography,"[0.9153887301410488, -0.015051616738694536, 31.552131072768955, 0.014548757215108692, 0.8253188166531712, 184.24108117662846, 6.7065637151078985e-06, -4.1346934796194235e-05, 1.0]",106.929,107.301,1.91,ok,
eval_MoTaTiZrHf-HEA-DDRX-900C_TEM_DislocationCharacterization_0#9,eval_MoTaTiZrHf-HEA-DDRX-900C_TEM_DislocationCharacterization_0,DislocationCharacterization,MoTaTiZrHf-HEA-DDRX-900C_TEM_DislocationCharacterization,control,ma_roma,direct,none,5,2192,2048,2192,2048,13,10000,628,homography,"[0.9714683565908471, -0.005793287836375529, 12.064436018213208, 0.0168213203426033, 0.9417847921313858, 55.68854261048647, 7.482518446503719e-06, -1.5008083674622106e-05, 1.0]",71.182,64.700,1.88,ok,
eval_MoTaTiZrHf-HEA-DDRX-900C_TEM_DislocationCharacterization_0#10,eval_MoTaTiZrHf-HEA-DDRX-900C_TEM_DislocationCharacterization_0,DislocationCharacterization,MoTaTiZrHf-HEA-DDRX-900C_TEM_DislocationCharacterization,core,ma_roma,direct,none,0,2192,2048,2192,2048,13,10000,94,affine,"[0.3480690184734544, 0.1789331306419948, -582.1446286513647, -0.12239076463299546, 0.4572978273725282, 949.858159039768, 0.0, 0.0, 1.0]",1130.241,1090.842,1.83,ok,
eval_MoTaTiZrHf-HEA-DDRX-900C_TEM_DislocationCharacterization_0#10,eval_MoTaTiZrHf-HEA-DDRX-900C_TEM_DislocationCharacterization_0,DislocationCharacterization,MoTaTiZrHf-HEA-DDRX-900C_TEM_DislocationCharacterization,core,ma_roma,pyramid_v2,none,0,2192,2048,2192,2048,13,10000,258,homography@direct+zoom,"[0.992768321974421, -0.04040458075518226, 93.26240009504944, 0.2557483132549471, 1.1056515753088245, -79.95666035965182, 0.00038468104642832174, -5.927844485685289e-05, 1.0]",337.045,268.653,5.64,ok,
eval_MoTaTiZrHf-HEA-DDRX-900C_TEM_DislocationCharacterization_0#10,eval_MoTaTiZrHf-HEA-DDRX-900C_TEM_DislocationCharacterization_0,DislocationCharacterization,MoTaTiZrHf-HEA-DDRX-900C_TEM_DislocationCharacterization,transform,ma_roma,direct,invert,0,2192,2048,2192,2048,13,10000,1129,affine,"[0.9991955781868903, -0.015284737745731618, 34.354070877236154, 0.00031131799548249654, 0.9831276411358835, 35.282141332080755, 0.0, 0.0, 1.0]",47.949,40.098,1.83,ok,
eval_MoTaTiZrHf-HEA-DDRX-900C_TEM_DislocationCharacterization_0#10,eval_MoTaTiZrHf-HEA-DDRX-900C_TEM_DislocationCharacterization_0,DislocationCharacterization,MoTaTiZrHf-HEA-DDRX-900C_TEM_DislocationCharacterization,transform,ma_roma,direct,histmatch,0,2192,2048,2192,2048,13,10000,227,homography,"[0.18621587415533694, 0.07760812725518006, -283.1099551980955, -0.2477311007565065, 0.042200137590863385, 1000.4031123637135, -0.0001618263116608767, -0.00017400177234138685, 1.0]",1083.257,1095.291,2.03,ok,
eval_MoTaTiZrHf-HEA-DDRX-900C_TEM_DislocationCharacterization_0#10,eval_MoTaTiZrHf-HEA-DDRX-900C_TEM_DislocationCharacterization_0,DislocationCharacterization,MoTaTiZrHf-HEA-DDRX-900C_TEM_DislocationCharacterization,transform,ma_roma,direct,clahe,0,2192,2048,2192,2048,13,10000,889,homography,"[0.9822597113765141, -0.00839948722955416, 18.364710961852428, -0.03289269919326741, 0.9719864033912656, 37.589023032692204, -1.4940783245483727e-05, -4.8269847777545605e-06, 1.0]",56.408,49.941,1.99,ok,
eval_MoTaTiZrHf-HEA-DDRX-900C_TEM_DislocationCharacterization_0#10,eval_MoTaTiZrHf-HEA-DDRX-900C_TEM_DislocationCharacterization_0,DislocationCharacterization,MoTaTiZrHf-HEA-DDRX-900C_TEM_DislocationCharacterization,transform,ma_roma,direct,gradmag,0,2192,2048,2192,2048,13,10000,1443,affine,"[0.9989843115064575, 0.0030863446483280843, -6.191036833133012, -0.001947608498344654, 0.9936290890898212, 14.227134178197502, 0.0, 0.0, 1.0]",60.205,61.346,2.17,ok,
eval_MoTaTiZrHf-HEA-DDRX-900C_TEM_DislocationCharacterization_0#10,eval_MoTaTiZrHf-HEA-DDRX-900C_TEM_DislocationCharacterization_0,DislocationCharacterization,MoTaTiZrHf-HEA-DDRX-900C_TEM_DislocationCharacterization,control,ma_roma,direct,none,1,2192,2048,2192,2048,13,10000,95,homography,"[-1.5417902273036332, -0.7265974254112224, 2906.720147933079, -1.1831833610636853, -2.4214522733183723, 1739.9841692160737, -0.0017629711716265304, -0.0005518067182496003, 0.9999999999999999]",3986.874,2220.606,1.81,ok,
eval_MoTaTiZrHf-HEA-DDRX-900C_TEM_DislocationCharacterization_0#10,eval_MoTaTiZrHf-HEA-DDRX-900C_TEM_DislocationCharacterization_0,DislocationCharacterization,MoTaTiZrHf-HEA-DDRX-900C_TEM_DislocationCharacterization,control,ma_roma,direct,none,2,2192,2048,2192,2048,13,10000,94,homography,"[-1.028147043000026, -0.174920442174532, 1598.0388568015235, 0.4521401312771232, -0.5310051707697222, -1332.062026734445, -0.0016834288892358508, 0.0003646356294391792, 1.0]",14915.244,3596.794,1.90,ok,
eval_MoTaTiZrHf-HEA-DDRX-900C_TEM_DislocationCharacterization_0#10,eval_MoTaTiZrHf-HEA-DDRX-900C_TEM_DislocationCharacterization_0,DislocationCharacterization,MoTaTiZrHf-HEA-DDRX-900C_TEM_DislocationCharacterization,control,ma_roma,direct,none,3,2192,2048,2192,2048,13,10000,121,homography,"[0.792628986586015, 0.44449855039514957, -1514.9115097635845, -0.4460559105138372, 1.4863050777718434, 814.4312619767352, 6.58106752719184e-05, 0.0003487889387359264, 1.0]",1279.294,1357.088,1.81,ok,
eval_MoTaTiZrHf-HEA-DDRX-900C_TEM_DislocationCharacterization_0#10,eval_MoTaTiZrHf-HEA-DDRX-900C_TEM_DislocationCharacterization_0,DislocationCharacterization,MoTaTiZrHf-HEA-DDRX-900C_TEM_DislocationCharacterization,control,ma_roma,direct,none,4,2192,2048,2192,2048,13,10000,111,homography,"[8.16448612149532, -0.4074364071893933, 1238.6762419326706, 3.04526235250276, 2.410892785763245, -657.3828669349787, 0.0016058667377143287, 0.0003394291799513335, 1.0]",1862.139,1919.940,1.88,ok,
eval_MoTaTiZrHf-HEA-DDRX-900C_TEM_DislocationCharacterization_0#10,eval_MoTaTiZrHf-HEA-DDRX-900C_TEM_DislocationCharacterization_0,DislocationCharacterization,MoTaTiZrHf-HEA-DDRX-900C_TEM_DislocationCharacterization,control,ma_roma,direct,none,5,2192,2048,2192,2048,13,10000,103,homography,"[0.27126572690021966, 0.22777540940236526, -587.6975299168146, -0.4156705334483376, 0.5081523760637499, 1114.4341988136669, -0.00010330193623949827, 3.169986423199826e-05, 1.0]",1162.912,1148.076,1.85,ok,
eval_MoTaTiZrHf-HEA-DDRX-900C_TEM_DislocationCharacterization_0#11,eval_MoTaTiZrHf-HEA-DDRX-900C_TEM_DislocationCharacterization_0,DislocationCharacterization,MoTaTiZrHf-HEA-DDRX-900C_TEM_DislocationCharacterization,core,ma_roma,direct,none,0,2192,2048,2192,2048,13,10000,79,affine,"[1.0416658789130901, 0.35875728311620253, 335.4446194973416, -0.09134576540306719, 0.7796574961575963, 513.9607495012451, 0.0, 0.0, 1.0]",752.199,779.663,1.86,ok,
eval_MoTaTiZrHf-HEA-DDRX-900C_TEM_DislocationCharacterization_0#11,eval_MoTaTiZrHf-HEA-DDRX-900C_TEM_DislocationCharacterization_0,DislocationCharacterization,MoTaTiZrHf-HEA-DDRX-900C_TEM_DislocationCharacterization,core,ma_roma,pyramid_v2,none,0,2192,2048,2192,2048,13,10000,79,affine@direct,"[1.0416658789130901, 0.35875728311620253, 335.4446194973416, -0.09134576540306719, 0.7796574961575963, 513.9607495012451, 0.0, 0.0, 1.0]",752.199,779.663,1.96,ok,
eval_MoTaTiZrHf-HEA-DDRX-900C_TEM_DislocationCharacterization_0#11,eval_MoTaTiZrHf-HEA-DDRX-900C_TEM_DislocationCharacterization_0,DislocationCharacterization,MoTaTiZrHf-HEA-DDRX-900C_TEM_DislocationCharacterization,transform,ma_roma,direct,invert,0,2192,2048,2192,2048,13,10000,327,homography,"[1.2908324264588569, -0.2620343024736469, 1616.9350806478867, 0.4133931817739449, 0.5298190628069748, 543.9755294448569, 0.0004146313607291367, -0.00011156171364288931, 1.0]",985.858,1140.753,1.87,ok,
eval_MoTaTiZrHf-HEA-DDRX-900C_TEM_DislocationCharacterization_0#11,eval_MoTaTiZrHf-HEA-DDRX-900C_TEM_DislocationCharacterization_0,DislocationCharacterization,MoTaTiZrHf-HEA-DDRX-900C_TEM_DislocationCharacterization,transform,ma_roma,direct,histmatch,0,2192,2048,2192,2048,13,10000,403,affine,"[1.0019048082784827, 0.008359123291253542, -18.31113559074754, 0.00017452006494875138, 0.9801504835424021, 42.357927574115365, 0.0, 0.0, 1.0]",64.459,63.515,2.16,ok,
eval_MoTaTiZrHf-HEA-DDRX-900C_TEM_DislocationCharacterization_0#11,eval_MoTaTiZrHf-HEA-DDRX-900C_TEM_DislocationCharacterization_0,DislocationCharacterization,MoTaTiZrHf-HEA-DDRX-900C_TEM_DislocationCharacterization,transform,ma_roma,direct,clahe,0,2192,2048,2192,2048,13,10000,100,homography,"[2.499645146474441, -0.5671102941025452, 1592.6392622372177, 0.5612591183727721, 0.923182189380412, 56.49174711068005, 0.0006447784753096279, -9.975370757512027e-05, 1.0]",1124.114,1099.997,2.04,ok,
eval_MoTaTiZrHf-HEA-DDRX-900C_TEM_DislocationCharacterization_0#11,eval_MoTaTiZrHf-HEA-DDRX-900C_TEM_DislocationCharacterization_0,DislocationCharacterization,MoTaTiZrHf-HEA-DDRX-900C_TEM_DislocationCharacterization,transform,ma_roma,direct,gradmag,0,2192,2048,2192,2048,13,10000,196,affine,"[1.003927075379495, -0.04106456958523126, 86.76991059798723, -0.005165506434455945, 0.9475001770453423, 115.1079056864312, 0.0, 0.0, 1.0]",61.457,47.513,2.17,ok,
eval_MoTaTiZrHf-HEA-DDRX-900C_TEM_DislocationCharacterization_0#11,eval_MoTaTiZrHf-HEA-DDRX-900C_TEM_DislocationCharacterization_0,DislocationCharacterization,MoTaTiZrHf-HEA-DDRX-900C_TEM_DislocationCharacterization,control,ma_roma,direct,none,1,2192,2048,2192,2048,13,10000,95,affine,"[0.784093134464109, 0.37653935456678533, 465.32591977417087, -0.26565625767059187, 0.8026039873633809, 562.2015818016957, 0.0, 0.0, 1.0]",646.630,592.970,1.88,ok,
eval_MoTaTiZrHf-HEA-DDRX-900C_TEM_DislocationCharacterization_0#11,eval_MoTaTiZrHf-HEA-DDRX-900C_TEM_DislocationCharacterization_0,DislocationCharacterization,MoTaTiZrHf-HEA-DDRX-900C_TEM_DislocationCharacterization,control,ma_roma,direct,none,2,2192,2048,2192,2048,13,10000,82,affine,"[1.0947707138944576, -0.007264826741160367, -3.073114064363324, 0.11806619530153362, 0.9487110561839319, 155.5266150547195, 0.0, 0.0, 1.0]",216.868,201.721,1.73,ok,
eval_MoTaTiZrHf-HEA-DDRX-900C_TEM_DislocationCharacterization_0#11,eval_MoTaTiZrHf-HEA-DDRX-900C_TEM_DislocationCharacterization_0,DislocationCharacterization,MoTaTiZrHf-HEA-DDRX-900C_TEM_DislocationCharacterization,control,ma_roma,direct,none,3,2192,2048,2192,2048,13,10000,116,homography,"[0.006945875952764933, 0.054374412778261653, 47.85112948338712, -0.22021476974515145, 0.10751132922340048, 493.36139911238996, -0.00040504458408847867, 9.305305645215544e-05, 1.0]",1124.008,995.728,1.93,ok,
eval_MoTaTiZrHf-HEA-DDRX-900C_TEM_DislocationCharacterization_0#11,eval_MoTaTiZrHf-HEA-DDRX-900C_TEM_DislocationCharacterization_0,DislocationCharacterization,MoTaTiZrHf-HEA-DDRX-900C_TEM_DislocationCharacterization,control,ma_roma,direct,none,4,2192,2048,2192,2048,13,10000,83,affine,"[1.575994437061824, 0.21691627627396906, 1347.7990485672967, 0.026039247524865042, 1.2234436321662343, -49.9022922482211, 0.0, 0.0, 1.0]",2103.991,1964.673,1.88,ok,
eval_MoTaTiZrHf-HEA-DDRX-900C_TEM_DislocationCharacterization_0#11,eval_MoTaTiZrHf-HEA-DDRX-900C_TEM_DislocationCharacterization_0,DislocationCharacterization,MoTaTiZrHf-HEA-DDRX-900C_TEM_DislocationCharacterization,control,ma_roma,direct,none,5,2192,2048,2192,2048,13,10000,138,homography,"[3.461716162108843, -0.19403083826034567, 177.85026548859355, 2.199217238949058, 0.2590355219626794, 407.7176090167669, 0.0015552419514891992, -0.00041196146691592706, 1.0]",659.934,731.642,1.86,ok,
eval_MoTaTiZrHf-HEA-DDRX-900C_TEM_DislocationCharacterization_0#12,eval_MoTaTiZrHf-HEA-DDRX-900C_TEM_DislocationCharacterization_0,DislocationCharacterization,MoTaTiZrHf-HEA-DDRX-900C_TEM_DislocationCharacterization,core,ma_roma,direct,none,0,2192,2048,2192,2048,13,10000,179,affine,"[1.0017631417879003, -0.005645988425514005, 11.444246430564021, -0.023278655050826307, 1.0042514599246204, -7.195232538488199, 0.0, 0.0, 1.0]",69.638,64.991,1.93,ok,
eval_MoTaTiZrHf-HEA-DDRX-900C_TEM_DislocationCharacterization_0#12,eval_MoTaTiZrHf-HEA-DDRX-900C_TEM_DislocationCharacterization_0,DislocationCharacterization,MoTaTiZrHf-HEA-DDRX-900C_TEM_DislocationCharacterization,core,ma_roma,pyramid_v2,none,0,2192,2048,2192,2048,13,10000,179,affine@direct,"[1.0017631417879003, -0.005645988425514005, 11.444246430564021, -0.023278655050826307, 1.0042514599246204, -7.195232538488199, 0.0, 0.0, 1.0]",69.638,64.991,1.95,ok,
eval_MoTaTiZrHf-HEA-DDRX-900C_TEM_DislocationCharacterization_0#12,eval_MoTaTiZrHf-HEA-DDRX-900C_TEM_DislocationCharacterization_0,DislocationCharacterization,MoTaTiZrHf-HEA-DDRX-900C_TEM_DislocationCharacterization,transform,ma_roma,direct,invert,0,2192,2048,2192,2048,13,10000,692,affine,"[0.998305767949396, 0.0013535876835968877, -1.804878616533756, -0.002894218042203863, 0.9818699868131938, 38.95564780022232, 0.0, 0.0, 1.0]",59.559,57.162,1.93,ok,
eval_MoTaTiZrHf-HEA-DDRX-900C_TEM_DislocationCharacterization_0#12,eval_MoTaTiZrHf-HEA-DDRX-900C_TEM_DislocationCharacterization_0,DislocationCharacterization,MoTaTiZrHf-HEA-DDRX-900C_TEM_DislocationCharacterization,transform,ma_roma,direct,histmatch,0,2192,2048,2192,2048,13,10000,770,affine,"[1.0013883274557087, -0.0028083008670077084, 5.323518245960399, 0.002564781645084401, 0.9917477453617877, 16.962232233721352, 0.0, 0.0, 1.0]",55.400,52.274,2.32,ok,
eval_MoTaTiZrHf-HEA-DDRX-900C_TEM_DislocationCharacterization_0#12,eval_MoTaTiZrHf-HEA-DDRX-900C_TEM_DislocationCharacterization_0,DislocationCharacterization,MoTaTiZrHf-HEA-DDRX-900C_TEM_DislocationCharacterization,transform,ma_roma,direct,clahe,0,2192,2048,2192,2048,13,10000,139,homography,"[0.6632337183359919, -0.008328240870177198, 69.62116273441981, 0.15768001589542888, 0.7121301835614652, 97.7496984385415, 5.735725834746642e-05, -0.00012541436038574606, 1.0]",282.253,233.545,1.98,ok,
eval_MoTaTiZrHf-HEA-DDRX-900C_TEM_DislocationCharacterization_0#12,eval_MoTaTiZrHf-HEA-DDRX-900C_TEM_DislocationCharacterization_0,DislocationCharacterization,MoTaTiZrHf-HEA-DDRX-900C_TEM_DislocationCharacterization,transform,ma_roma,direct,gradmag,0,2192,2048,2192,2048,13,10000,640,affine,"[1.0001678479056195, 0.03622193852586245, -76.9495977287846, 0.0038377465617269674, 1.0111569421201263, -24.08693405706208, 0.0, 0.0, 1.0]",92.140,97.273,2.19,ok,
eval_MoTaTiZrHf-HEA-DDRX-900C_TEM_DislocationCharacterization_0#12,eval_MoTaTiZrHf-HEA-DDRX-900C_TEM_DislocationCharacterization_0,DislocationCharacterization,MoTaTiZrHf-HEA-DDRX-900C_TEM_DislocationCharacterization,control,ma_roma,direct,none,1,2192,2048,2192,2048,13,10000,134,homography,"[0.6414596450522918, -0.22100991100254475, 84.43901890686027, -0.03240162124376455, 0.16092102670659647, 274.3099823665766, 6.0303565288276904e-05, -0.0007219793264418382, 1.0]",6795.649,2361.486,1.91,ok,
eval_MoTaTiZrHf-HEA-DDRX-900C_TEM_DislocationCharacterization_0#12,eval_MoTaTiZrHf-HEA-DDRX-900C_TEM_DislocationCharacterization_0,DislocationCharacterization,MoTaTiZrHf-HEA-DDRX-900C_TEM_DislocationCharacterization,control,ma_roma,direct,none,2,2192,2048,2192,2048,13,10000,120,homography,"[0.7609318919586798, 0.02372720775725743, -48.14892853955331, -0.11391343386438965, 0.6347838366894727, 325.4404873914523, 1.7633635604007274e-05, -0.00010363139401657505, 1.0]",272.337,293.958,1.89,ok,
eval_MoTaTiZrHf-HEA-DDRX-900C_TEM_DislocationCharacterization_0#12,eval_MoTaTiZrHf-HEA-DDRX-900C_TEM_DislocationCharacterization_0,DislocationCharacterization,MoTaTiZrHf-HEA-DDRX-900C_TEM_DislocationCharacterization,control,ma_roma,direct,none,3,2192,2048,2192,2048,13,10000,197,affine,"[0.9973994099033148, 0.010704641578896286, -23.236429091480687, -0.025861851453998625, 1.0025321996887369, -4.070705463292597, 0.0, 0.0, 1.0]",83.301,83.631,1.91,ok,
eval_MoTaTiZrHf-HEA-DDRX-900C_TEM_DislocationCharacterization_0#12,eval_MoTaTiZrHf-HEA-DDRX-900C_TEM_DislocationCharacterization_0,DislocationCharacterization,MoTaTiZrHf-HEA-DDRX-900C_TEM_DislocationCharacterization,control,ma_roma,direct,none,4,2192,2048,2192,2048,13,10000,146,homography,"[0.6118296847819591, 0.07208876682482711, 12.428672890101678, -0.0352994559429535, 0.2625713268491175, 279.6946024689712, -0.00010404710661423994, -0.0003864330096585157, 1.0]",927.763,474.892,1.90,ok,
eval_MoTaTiZrHf-HEA-DDRX-900C_TEM_DislocationCharacterization_0#12,eval_MoTaTiZrHf-HEA-DDRX-900C_TEM_DislocationCharacterization_0,DislocationCharacterization,MoTaTiZrHf-HEA-DDRX-900C_TEM_DislocationCharacterization,control,ma_roma,direct,none,5,2192,2048,2192,2048,13,10000,70,homography,"[1.26136192640676, 0.05183098660410936, -35.01897933217391, 0.7743228845062313, 0.21325993047866312, 283.4928136028111, 0.0016676202259360044, -0.0003954144262194095, 1.0]",746.171,614.349,1.91,ok,
eval_MoTaTiZrHf-HEA-DDRX-900C_TEM_DislocationCharacterization_0#13,eval_MoTaTiZrHf-HEA-DDRX-900C_TEM_DislocationCharacterization_0,DislocationCharacterization,MoTaTiZrHf-HEA-DDRX-900C_TEM_DislocationCharacterization,core,ma_roma,direct,none,0,2192,2048,2192,2048,13,10000,397,homography,"[1.1962674800397062, 1.4329384159134985e-05, -1.4477859287860115, 0.09595435080436741, 1.3654418809975686, -395.9762306074775, 4.564697884791085e-05, 8.423668014420352e-05, 1.0]",104.393,76.801,1.88,ok,
eval_MoTaTiZrHf-HEA-DDRX-900C_TEM_DislocationCharacterization_0#13,eval_MoTaTiZrHf-HEA-DDRX-900C_TEM_DislocationCharacterization_0,DislocationCharacterization,MoTaTiZrHf-HEA-DDRX-900C_TEM_DislocationCharacterization,core,ma_roma,pyramid_v2,none,0,2192,2048,2192,2048,13,10000,397,homography@direct,"[1.1962674800397062, 1.4329384159134985e-05, -1.4477859287860115, 0.09595435080436741, 1.3654418809975686, -395.9762306074775, 4.564697884791085e-05, 8.423668014420352e-05, 1.0]",104.393,76.801,1.96,ok,
eval_MoTaTiZrHf-HEA-DDRX-900C_TEM_DislocationCharacterization_0#13,eval_MoTaTiZrHf-HEA-DDRX-900C_TEM_DislocationCharacterization_0,DislocationCharacterization,MoTaTiZrHf-HEA-DDRX-900C_TEM_DislocationCharacterization,transform,ma_roma,direct,invert,0,2192,2048,2192,2048,13,10000,481,homography,"[0.7706082215294887, 0.05049476340378593, 50.89364592545765, -0.34963832249164967, 1.1043577873985135, 108.09136515674653, -0.0001647662293804525, 7.294824741713608e-05, 1.0]",138.380,116.851,1.86,ok,
eval_MoTaTiZrHf-HEA-DDRX-900C_TEM_DislocationCharacterization_0#13,eval_MoTaTiZrHf-HEA-DDRX-900C_TEM_DislocationCharacterization_0,DislocationCharacterization,MoTaTiZrHf-HEA-DDRX-900C_TEM_DislocationCharacterization,transform,ma_roma,direct,histmatch,0,2192,2048,2192,2048,13,10000,333,affine,"[1.0009864266954318, 0.0023926658022472977, -5.5060762760749355, -9.895987846947036e-05, 1.0039582892376793, -8.437212161562911, 0.0, 0.0, 1.0]",62.154,63.950,2.21,ok,
eval_MoTaTiZrHf-HEA-DDRX-900C_TEM_DislocationCharacterization_0#13,eval_MoTaTiZrHf-HEA-DDRX-900C_TEM_DislocationCharacterization_0,DislocationCharacterization,MoTaTiZrHf-HEA-DDRX-900C_TEM_DislocationCharacterization,transform,ma_roma,direct,clahe,0,2192,2048,2192,2048,13,10000,1072,affine,"[1.00015982311001, -0.0017147442117286945, 3.487866115514464, -0.0008316368880082598, 1.0041745718127284, -8.485540067684724, 0.0, 0.0, 1.0]",59.970,59.832,1.98,ok,
eval_MoTaTiZrHf-HEA-DDRX-900C_TEM_DislocationCharacterization_0#13,eval_MoTaTiZrHf-HEA-DDRX-900C_TEM_DislocationCharacterization_0,DislocationCharacterization,MoTaTiZrHf-HEA-DDRX-900C_TEM_DislocationCharacterization,transform,ma_roma,direct,gradmag,0,2192,2048,2192,2048,13,10000,4607,homography,"[1.0036876601068592, -0.008846902223462239, 18.984797894455056, 0.0009450727084514661, 1.0187846301420636, -30.296052946313324, 4.954711072966841e-07, 2.1336817695207692e-06, 1.0]",59.145,56.758,2.12,ok,
eval_MoTaTiZrHf-HEA-DDRX-900C_TEM_DislocationCharacterization_0#13,eval_MoTaTiZrHf-HEA-DDRX-900C_TEM_DislocationCharacterization_0,DislocationCharacterization,MoTaTiZrHf-HEA-DDRX-900C_TEM_DislocationCharacterization,control,ma_roma,direct,none,1,2192,2048,2192,2048,13,10000,155,affine,"[0.38003449684302426, -0.5498200690853211, -193.45222740756807, 0.06026763229437762, 0.27809069157206, 17.33948728472845, 0.0, 0.0, 1.0]",1631.737,1616.802,1.84,ok,
eval_MoTaTiZrHf-HEA-DDRX-900C_TEM_DislocationCharacterization_0#13,eval_MoTaTiZrHf-HEA-DDRX-900C_TEM_DislocationCharacterization_0,DislocationCharacterization,MoTaTiZrHf-HEA-DDRX-900C_TEM_DislocationCharacterization,control,ma_roma,direct,none,2,2192,2048,2192,2048,13,10000,391,affine,"[0.9995672288974599, 0.011119194294518263, -23.956877892226345, -0.0008489049667168961, 1.023445723980805, -49.83732338868322, 0.0, 0.0, 1.0]",80.129,81.876,1.85,ok,
eval_MoTaTiZrHf-HEA-DDRX-900C_TEM_DislocationCharacterization_0#13,eval_MoTaTiZrHf-HEA-DDRX-900C_TEM_DislocationCharacterization_0,DislocationCharacterization,MoTaTiZrHf-HEA-DDRX-900C_TEM_DislocationCharacterization,control,ma_roma,direct,none,3,2192,2048,2192,2048,13,10000,361,homography,"[1.0198211821066823, -0.011735586404739224, 23.239073720831158, 0.1255723498577877, 1.0025578945644997, -9.186175642569488, 5.93873878383382e-05, -8.674254824081902e-07, 1.0]",103.556,96.297,1.90,ok,
eval_MoTaTiZrHf-HEA-DDRX-900C_TEM_DislocationCharacterization_0#13,eval_MoTaTiZrHf-HEA-DDRX-900C_TEM_DislocationCharacterization_0,DislocationCharacterization,MoTaTiZrHf-HEA-DDRX-900C_TEM_DislocationCharacterization,control,ma_roma,direct,none,4,2192,2048,2192,2048,13,10000,353,affine,"[0.9989287212650666, -0.00544453247258904, 11.40655098516578, 0.00019085756709054754, 0.9976772770822645, 4.947248187256264, 0.0, 0.0, 1.0]",55.724,52.877,1.71,ok,
eval_MoTaTiZrHf-HEA-DDRX-900C_TEM_DislocationCharacterization_0#13,eval_MoTaTiZrHf-HEA-DDRX-900C_TEM_DislocationCharacterization_0,DislocationCharacterization,MoTaTiZrHf-HEA-DDRX-900C_TEM_DislocationCharacterization,control,ma_roma,direct,none,5,2192,2048,2192,2048,13,10000,125,affine,"[0.5352706187264613, -0.09298759558820062, -523.9778259232651, 0.011743855010764461, 0.6273970479292399, 31.202082332517136, 0.0, 0.0, 1.0]",1201.918,1073.057,1.89,ok,
eval_MoTaTiZrHf-HEA-DDRX-900C_TEM_DislocationCharacterization_0#14,eval_MoTaTiZrHf-HEA-DDRX-900C_TEM_DislocationCharacterization_0,DislocationCharacterization,MoTaTiZrHf-HEA-DDRX-900C_TEM_DislocationCharacterization,core,ma_roma,direct,none,0,2192,2048,2192,2048,13,10000,762,affine,"[1.0001027925173878, -0.013078217446628133, 27.670675593605495, -0.0008408832332495615, 0.9968743969017011, 6.68399246719332, 0.0, 0.0, 1.0]",50.720,43.080,1.91,ok,
eval_MoTaTiZrHf-HEA-DDRX-900C_TEM_DislocationCharacterization_0#14,eval_MoTaTiZrHf-HEA-DDRX-900C_TEM_DislocationCharacterization_0,DislocationCharacterization,MoTaTiZrHf-HEA-DDRX-900C_TEM_DislocationCharacterization,core,ma_roma,pyramid_v2,none,0,2192,2048,2192,2048,13,10000,762,affine@direct,"[1.0001027925173878, -0.013078217446628133, 27.670675593605495, -0.0008408832332495615, 0.9968743969017011, 6.68399246719332, 0.0, 0.0, 1.0]",50.720,43.080,1.96,ok,
eval_MoTaTiZrHf-HEA-DDRX-900C_TEM_DislocationCharacterization_0#14,eval_MoTaTiZrHf-HEA-DDRX-900C_TEM_DislocationCharacterization_0,DislocationCharacterization,MoTaTiZrHf-HEA-DDRX-900C_TEM_DislocationCharacterization,transform,ma_roma,direct,invert,0,2192,2048,2192,2048,13,10000,700,homography,"[1.0795487216632533, 0.01011089139606173, -28.176503282678013, 0.09960402120469825, 1.0977821329353927, -129.5423376794548, 4.645909701112577e-05, 1.7558791238589846e-05, 1.0]",72.804,62.658,1.77,ok,
eval_MoTaTiZrHf-HEA-DDRX-900C_TEM_DislocationCharacterization_0#14,eval_MoTaTiZrHf-HEA-DDRX-900C_TEM_DislocationCharacterization_0,DislocationCharacterization,MoTaTiZrHf-HEA-DDRX-900C_TEM_DislocationCharacterization,transform,ma_roma,direct,histmatch,0,2192,2048,2192,2048,13,10000,1105,affine,"[1.0012350364916474, -0.010584426279520477, 22.092020327374655, 0.000346601872052508, 1.0134201478686264, -28.84099530575577, 0.0, 0.0, 1.0]",59.239,56.857,2.18,ok,
eval_MoTaTiZrHf-HEA-DDRX-900C_TEM_DislocationCharacterization_0#14,eval_MoTaTiZrHf-HEA-DDRX-900C_TEM_DislocationCharacterization_0,DislocationCharacterization,MoTaTiZrHf-HEA-DDRX-900C_TEM_DislocationCharacterization,transform,ma_roma,direct,clahe,0,2192,2048,2192,2048,13,10000,1069,homography,"[1.0616267779040691, 0.10086275892767688, 17.784432657969017, 0.04524809225747428, 1.0115422467545798, -7.947094429033949, 0.00010128434190911986, -3.1786288874709916e-05, 0.9999999999999999]",91.566,94.692,2.02,ok,
eval_MoTaTiZrHf-HEA-DDRX-900C_TEM_DislocationCharacterization_0#14,eval_MoTaTiZrHf-HEA-DDRX-900C_TEM_DislocationCharacterization_0,DislocationCharacterization,MoTaTiZrHf-HEA-DDRX-900C_TEM_DislocationCharacterization,transform,ma_roma,direct,gradmag,0,2192,2048,2192,2048,13,10000,937,affine,"[0.9998233335653952, 0.0066150666016454255, -13.928192809417283, -0.002199765784514435, 0.9743241562752665, 55.30029180286601, 0.0, 0.0, 1.0]",65.289,63.994,2.15,ok,
eval_MoTaTiZrHf-HEA-DDRX-900C_TEM_DislocationCharacterization_0#14,eval_MoTaTiZrHf-HEA-DDRX-900C_TEM_DislocationCharacterization_0,DislocationCharacterization,MoTaTiZrHf-HEA-DDRX-900C_TEM_DislocationCharacterization,control,ma_roma,direct,none,1,2192,2048,2192,2048,13,10000,753,affine,"[0.9994780711930167, -0.002911782534662392, 6.2897310675581934, 0.00043870466675001885, 1.0046431812613827, -10.199527366731218, 0.0, 0.0, 1.0]",59.304,58.890,1.92,ok,
eval_MoTaTiZrHf-HEA-DDRX-900C_TEM_DislocationCharacterization_0#14,eval_MoTaTiZrHf-HEA-DDRX-900C_TEM_DislocationCharacterization_0,DislocationCharacterization,MoTaTiZrHf-HEA-DDRX-900C_TEM_DislocationCharacterization,control,ma_roma,direct,none,2,2192,2048,2192,2048,13,10000,796,affine,"[0.9991407998592533, -0.0007385110620500472, 1.7253327728945465, -5.3527130024918456e-05, 1.0031826811668045, -6.984118182635939, 0.0, 0.0, 1.0]",60.341,60.799,1.91,ok,
eval_MoTaTiZrHf-HEA-DDRX-900C_TEM_DislocationCharacterization_0#14,eval_MoTaTiZrHf-HEA-DDRX-900C_TEM_DislocationCharacterization_0,DislocationCharacterization,MoTaTiZrHf-HEA-DDRX-900C_TEM_DislocationCharacterization,control,ma_roma,direct,none,3,2192,2048,2192,2048,13,10000,737,affine,"[1.0005533313347537, -0.01633254550073324, 34.503698917010865, -0.0005152962639738303, 0.9988995002993594, 2.333456640456916, 0.0, 0.0, 1.0]",49.231,45.436,1.90,ok,
eval_MoTaTiZrHf-HEA-DDRX-900C_TEM_DislocationCharacterization_0#14,eval_MoTaTiZrHf-HEA-DDRX-900C_TEM_DislocationCharacterization_0,DislocationCharacterization,MoTaTiZrHf-HEA-DDRX-900C_TEM_DislocationCharacterization,control,ma_roma,direct,none,4,2192,2048,2192,2048,13,10000,725,affine,"[0.9992552198442949, -0.003397584064596137, 7.375857373044994, 0.0004614439346785339, 1.0083492912380096, -18.10358083866072, 0.0, 0.0, 1.0]",60.836,60.830,1.89,ok,
eval_MoTaTiZrHf-HEA-DDRX-900C_TEM_DislocationCharacterization_0#14,eval_MoTaTiZrHf-HEA-DDRX-900C_TEM_DislocationCharacterization_0,DislocationCharacterization,MoTaTiZrHf-HEA-DDRX-900C_TEM_DislocationCharacterization,control,ma_roma,direct,none,5,2192,2048,2192,2048,13,10000,748,affine,"[0.9993605162557246, 0.0018121345802685302, -3.744272594648862, -9.70402976033415e-05, 1.0062132993734878, -13.41318684907128, 0.0, 0.0, 1.0]",63.300,65.285,1.91,ok,
eval_MoTaTiZrHf-HEA-DDRX-900C_TEM_DislocationCharacterization_0#15,eval_MoTaTiZrHf-HEA-DDRX-900C_TEM_DislocationCharacterization_0,DislocationCharacterization,MoTaTiZrHf-HEA-DDRX-900C_TEM_DislocationCharacterization,core,ma_roma,direct,none,0,2192,2048,2192,2048,13,10000,75,homography,"[-0.05391303183391703, -0.06453770672834525, 174.6155879391138, -0.7018707491470628, -0.4312549422826914, 1459.1498606050768, -0.0003990744271474813, -0.0003462924258834214, 1.0]",2488.864,901.568,1.95,ok,
eval_MoTaTiZrHf-HEA-DDRX-900C_TEM_DislocationCharacterization_0#15,eval_MoTaTiZrHf-HEA-DDRX-900C_TEM_DislocationCharacterization_0,DislocationCharacterization,MoTaTiZrHf-HEA-DDRX-900C_TEM_DislocationCharacterization,core,ma_roma,pyramid_v2,none,0,2192,2048,2192,2048,13,10000,372,affine@direct+zoom,"[0.27569611282907974, -0.03147489113788871, 64.24180120413828, -0.07732001397914405, 0.8054661759506216, -880.3285394598081, 0.0, 0.0, 1.0]",1416.116,1281.919,5.47,ok,
eval_MoTaTiZrHf-HEA-DDRX-900C_TEM_DislocationCharacterization_0#15,eval_MoTaTiZrHf-HEA-DDRX-900C_TEM_DislocationCharacterization_0,DislocationCharacterization,MoTaTiZrHf-HEA-DDRX-900C_TEM_DislocationCharacterization,transform,ma_roma,direct,invert,0,2192,2048,2192,2048,13,10000,83,homography,"[0.03619263414413881, 0.056986402558655, 7.22423597252771, -0.33671280467166537, 0.3063235783688828, 458.8485101762709, -0.00041697213736910886, 0.00016078064022874945, 1.0]",1102.870,990.012,1.85,ok,
eval_MoTaTiZrHf-HEA-DDRX-900C_TEM_DislocationCharacterization_0#15,eval_MoTaTiZrHf-HEA-DDRX-900C_TEM_DislocationCharacterization_0,DislocationCharacterization,MoTaTiZrHf-HEA-DDRX-900C_TEM_DislocationCharacterization,transform,ma_roma,direct,histmatch,0,2192,2048,2192,2048,13,10000,1517,homography,"[1.0002306419159792, 0.0025290287905818374, -5.396704986911367, 0.0044906509897735805, 0.9915011097480536, 15.58684730108615, 1.8263478317900255e-06, -5.820210172697746e-07, 1.0]",59.495,59.989,2.28,ok,
eval_MoTaTiZrHf-HEA-DDRX-900C_TEM_DislocationCharacterization_0#15,eval_MoTaTiZrHf-HEA-DDRX-900C_TEM_DislocationCharacterization_0,DislocationCharacterization,MoTaTiZrHf-HEA-DDRX-900C_TEM_DislocationCharacterization,transform,ma_roma,direct,clahe,0,2192,2048,2192,2048,13,10000,152,homography,"[0.4033284474303318, 0.02980700558045708, -95.31353100667096, 0.1932665553446742, 0.05351124385896391, 1260.853218052168, 0.0002932523859302526, -0.00020355864864471195, 0.9999999999999999]",899.019,861.695,2.00,ok,
eval_MoTaTiZrHf-HEA-DDRX-900C_TEM_DislocationCharacterization_0#15,eval_MoTaTiZrHf-HEA-DDRX-900C_TEM_DislocationCharacterization_0,DislocationCharacterization,MoTaTiZrHf-HEA-DDRX-900C_TEM_DislocationCharacterization,transform,ma_roma,direct,gradmag,0,2192,2048,2192,2048,13,10000,1808,affine,"[1.0008908348510355, 0.001434060574910985, -3.2230830200244327, -0.0005288339645801772, 0.9862344162401064, 29.749976914125455, 0.0, 0.0, 1.0]",58.516,56.701,2.19,ok,
eval_MoTaTiZrHf-HEA-DDRX-900C_TEM_DislocationCharacterization_0#15,eval_MoTaTiZrHf-HEA-DDRX-900C_TEM_DislocationCharacterization_0,DislocationCharacterization,MoTaTiZrHf-HEA-DDRX-900C_TEM_DislocationCharacterization,control,ma_roma,direct,none,1,2192,2048,2192,2048,13,10000,73,affine,"[0.19432375962361023, 0.07768031741723085, -18.65342169404289, 0.3412648356988956, 0.3028093108493919, 760.4928093771274, 0.0, 0.0, 1.0]",944.830,840.637,1.82,ok,
eval_MoTaTiZrHf-HEA-DDRX-900C_TEM_DislocationCharacterization_0#15,eval_MoTaTiZrHf-HEA-DDRX-900C_TEM_DislocationCharacterization_0,DislocationCharacterization,MoTaTiZrHf-HEA-DDRX-900C_TEM_DislocationCharacterization,control,ma_roma,direct,none,2,2192,2048,2192,2048,13,10000,105,homography,"[-31.865039490998868, -22.55545576425988, 25079.440621352413, -49.243675782300826, -107.56066629252472, -9346.234419080334, -0.05958865368721035, -0.0656822166773897, 1.0]",968.803,913.436,1.89,ok,
eval_MoTaTiZrHf-HEA-DDRX-900C_TEM_DislocationCharacterization_0#15,eval_MoTaTiZrHf-HEA-DDRX-900C_TEM_DislocationCharacterization_0,DislocationCharacterization,MoTaTiZrHf-HEA-DDRX-900C_TEM_DislocationCharacterization,control,ma_roma,direct,none,3,2192,2048,2192,2048,13,10000,35,homography,"[8.396992867393884, 4.7037310991610335, -3443.926962755299, 16.253162554501284, 10.001975429953347, -1769.5192420785347, 0.02715860909132055, 0.0033150681965079874, 1.0]",860.895,588.750,1.90,ok,
eval_MoTaTiZrHf-HEA-DDRX-900C_TEM_DislocationCharacterization_0#15,eval_MoTaTiZrHf-HEA-DDRX-900C_TEM_DislocationCharacterization_0,DislocationCharacterization,MoTaTiZrHf-HEA-DDRX-900C_TEM_DislocationCharacterization,control,ma_roma,direct,none,4,2192,2048,2192,2048,13,10000,233,affine,"[1.0057387996591476, 0.0010409587170703096, -2.564626798364742, 0.0031530580299020195, 0.9559421194908727, 94.68027743741459, 0.0, 0.0, 1.0]",70.072,65.192,1.92,ok,
eval_MoTaTiZrHf-HEA-DDRX-900C_TEM_DislocationCharacterization_0#15,eval_MoTaTiZrHf-HEA-DDRX-900C_TEM_DislocationCharacterization_0,DislocationCharacterization,MoTaTiZrHf-HEA-DDRX-900C_TEM_DislocationCharacterization,control,ma_roma,direct,none,5,2192,2048,2192,2048,13,10000,231,affine,"[1.007412548809071, -0.015490625466314535, 32.46016220264778, 0.002625275712751766, 0.9400431367960973, 129.12461254153413, 0.0, 0.0, 1.0]",74.649,64.773,1.77,ok,
eval_MoTaTiZrHf-HEA-DDRX-900C_TEM_largeFOV-DislocationCharacterization_0#0,eval_MoTaTiZrHf-HEA-DDRX-900C_TEM_largeFOV-DislocationCharacterization_0,DislocationCharacterization,MoTaTiZrHf-HEA-DDRX-900C_TEM_largeFOV-DislocationCharacterization,core,ma_roma,direct,none,0,4384,4096,4384,4096,18,10000,3784,affine,"[1.000226299721137, 0.0004940477487195236, 120.20707011587183, -0.0007260277348861125, 1.001362093060549, 494.7849136910345, 0.0, 0.0, 1.0]",19.936,17.638,2.19,ok,
eval_MoTaTiZrHf-HEA-DDRX-900C_TEM_largeFOV-DislocationCharacterization_0#0,eval_MoTaTiZrHf-HEA-DDRX-900C_TEM_largeFOV-DislocationCharacterization_0,DislocationCharacterization,MoTaTiZrHf-HEA-DDRX-900C_TEM_largeFOV-DislocationCharacterization,core,ma_roma,pyramid_v2,none,0,4384,4096,4384,4096,18,10000,3784,affine@direct,"[1.000226299721137, 0.0004940477487195236, 120.20707011587183, -0.0007260277348861125, 1.001362093060549, 494.7849136910345, 0.0, 0.0, 1.0]",19.936,17.638,2.37,ok,
eval_MoTaTiZrHf-HEA-DDRX-900C_TEM_largeFOV-DislocationCharacterization_0#0,eval_MoTaTiZrHf-HEA-DDRX-900C_TEM_largeFOV-DislocationCharacterization_0,DislocationCharacterization,MoTaTiZrHf-HEA-DDRX-900C_TEM_largeFOV-DislocationCharacterization,transform,ma_roma,direct,invert,0,4384,4096,4384,4096,18,10000,33,homography,"[0.2684852002612469, 0.5575138760394424, 419.1920903548561, -0.2983934327335355, 1.371824166498083, 461.6169929004054, -0.0003688082865420131, 0.0004896297522527637, 1.0]",106065.876,695.558,2.34,ok,
eval_MoTaTiZrHf-HEA-DDRX-900C_TEM_largeFOV-DislocationCharacterization_0#0,eval_MoTaTiZrHf-HEA-DDRX-900C_TEM_largeFOV-DislocationCharacterization_0,DislocationCharacterization,MoTaTiZrHf-HEA-DDRX-900C_TEM_largeFOV-DislocationCharacterization,transform,ma_roma,direct,histmatch,0,4384,4096,4384,4096,18,10000,3762,homography,"[1.002563661750639, 7.799193162175335e-05, 118.40231487707713, 0.0007584369891508367, 1.001457540797305, 493.1240004663846, 5.084875428587117e-07, -1.4385234409598894e-07, 1.0]",19.988,17.971,6.39,ok,
eval_MoTaTiZrHf-HEA-DDRX-900C_TEM_largeFOV-DislocationCharacterization_0#0,eval_MoTaTiZrHf-HEA-DDRX-900C_TEM_largeFOV-DislocationCharacterization_0,DislocationCharacterization,MoTaTiZrHf-HEA-DDRX-900C_TEM_largeFOV-DislocationCharacterization,transform,ma_roma,direct,clahe,0,4384,4096,4384,4096,18,10000,3367,affine,"[1.0008681599979663, 0.0020639338143572674, 114.76193479211156, -0.000485141626642506, 1.0007834761168923, 495.9772415306222, 0.0, 0.0, 1.0]",19.431,17.722,2.78,ok,
eval_MoTaTiZrHf-HEA-DDRX-900C_TEM_largeFOV-DislocationCharacterization_0#0,eval_MoTaTiZrHf-HEA-DDRX-900C_TEM_largeFOV-DislocationCharacterization_0,DislocationCharacterization,MoTaTiZrHf-HEA-DDRX-900C_TEM_largeFOV-DislocationCharacterization,transform,ma_roma,direct,gradmag,0,4384,4096,4384,4096,18,10000,6753,affine,"[0.999988401997927, 0.0032664927894470166, -13.974926202933602, -0.00023374198853416748, 0.9922916634010656, 33.149377060999996, 0.0, 0.0, 1.0]",492.042,488.293,3.40,ok,
eval_MoTaTiZrHf-HEA-DDRX-900C_TEM_largeFOV-DislocationCharacterization_0#0,eval_MoTaTiZrHf-HEA-DDRX-900C_TEM_largeFOV-DislocationCharacterization_0,DislocationCharacterization,MoTaTiZrHf-HEA-DDRX-900C_TEM_largeFOV-DislocationCharacterization,control,ma_roma,direct,none,1,4384,4096,4384,4096,18,10000,3781,homography,"[1.0020200255855105, 9.734646687956928e-05, 119.14628788018388, 0.00011132650261308511, 1.0018170646559579, 493.3108841727029, 3.827622464078858e-07, -7.296338949982404e-08, 1.0]",20.049,18.091,2.24,ok,
eval_MoTaTiZrHf-HEA-DDRX-900C_TEM_largeFOV-DislocationCharacterization_0#0,eval_MoTaTiZrHf-HEA-DDRX-900C_TEM_largeFOV-DislocationCharacterization_0,DislocationCharacterization,MoTaTiZrHf-HEA-DDRX-900C_TEM_largeFOV-DislocationCharacterization,control,ma_roma,direct,none,2,4384,4096,4384,4096,18,10000,3811,homography,"[1.0032037258795121, -0.0005833608818205026, 118.95339587994724, 0.0005410530939518863, 1.001815191865413, 493.32362732838146, 6.898934379272487e-07, -2.593771933484468e-07, 1.0]",20.072,17.979,2.39,ok,
eval_MoTaTiZrHf-HEA-DDRX-900C_TEM_largeFOV-DislocationCharacterization_0#0,eval_MoTaTiZrHf-HEA-DDRX-900C_TEM_largeFOV-DislocationCharacterization_0,DislocationCharacterization,MoTaTiZrHf-HEA-DDRX-900C_TEM_largeFOV-DislocationCharacterization,control,ma_roma,direct,none,3,4384,4096,4384,4096,18,10000,3874,homography,"[1.0032541946407862, -0.00027294620175718207, 118.64291982614355, 0.0006478218088198117, 1.0019098653084582, 493.4331472900601, 7.061938032004453e-07, -1.8733937031105673e-07, 1.0]",20.024,17.922,2.30,ok,
eval_MoTaTiZrHf-HEA-DDRX-900C_TEM_largeFOV-DislocationCharacterization_0#0,eval_MoTaTiZrHf-HEA-DDRX-900C_TEM_largeFOV-DislocationCharacterization_0,DislocationCharacterization,MoTaTiZrHf-HEA-DDRX-900C_TEM_largeFOV-DislocationCharacterization,control,ma_roma,direct,none,4,4384,4096,4384,4096,18,10000,3839,homography,"[1.0032791968147767, -0.0005464029046709014, 118.67446865355282, 0.0008265940301609889, 1.0014938242538558, 493.3669832478773, 7.437647571169299e-07, -3.3168805513809407e-07, 0.9999999999999999]",20.012,17.907,2.31,ok,
eval_MoTaTiZrHf-HEA-DDRX-900C_TEM_largeFOV-DislocationCharacterization_0#0,eval_MoTaTiZrHf-HEA-DDRX-900C_TEM_largeFOV-DislocationCharacterization_0,DislocationCharacterization,MoTaTiZrHf-HEA-DDRX-900C_TEM_largeFOV-DislocationCharacterization,control,ma_roma,direct,none,5,4384,4096,4384,4096,18,10000,3754,affine,"[1.0003603072611462, 0.0004924573757601282, 119.84381894605121, -0.0005547409536288966, 1.0014345451857714, 494.2712824488026, 0.0, 0.0, 1.0]",19.910,17.767,2.61,ok,
eval_MoTaTiZrHf-HEA-DDRX-900C_TEM_largeFOV-DislocationCharacterization_0#1,eval_MoTaTiZrHf-HEA-DDRX-900C_TEM_largeFOV-DislocationCharacterization_0,DislocationCharacterization,MoTaTiZrHf-HEA-DDRX-900C_TEM_largeFOV-DislocationCharacterization,core,ma_roma,direct,none,0,4384,4096,4384,4096,18,10000,6473,homography,"[0.994770884791371, -0.0015943978264924559, 7.319970625388796, -9.534705062179822e-05, 0.9898708350493659, 21.262958122915737, -1.2179576732016348e-08, -1.2279437104044266e-06, 1.0]",501.684,499.248,2.16,ok,
eval_MoTaTiZrHf-HEA-DDRX-900C_TEM_largeFOV-DislocationCharacterization_0#1,eval_MoTaTiZrHf-HEA-DDRX-900C_TEM_largeFOV-DislocationCharacterization_0,DislocationCharacterization,MoTaTiZrHf-HEA-DDRX-900C_TEM_largeFOV-DislocationCharacterization,core,ma_roma,pyramid_v2,none,0,4384,4096,4384,4096,18,10000,6473,homography@direct,"[0.994770884791371, -0.0015943978264924559, 7.319970625388796, -9.534705062179822e-05, 0.9898708350493659, 21.262958122915737, -1.2179576732016348e-08, -1.2279437104044266e-06, 1.0]",501.684,499.248,2.28,ok,
eval_MoTaTiZrHf-HEA-DDRX-900C_TEM_largeFOV-DislocationCharacterization_0#1,eval_MoTaTiZrHf-HEA-DDRX-900C_TEM_largeFOV-DislocationCharacterization_0,DislocationCharacterization,MoTaTiZrHf-HEA-DDRX-900C_TEM_largeFOV-DislocationCharacterization,transform,ma_roma,direct,invert,0,4384,4096,4384,4096,18,10000,6482,affine,"[0.9998616231069788, 9.86786648039836e-05, 1.011467052167518, 0.0006917770392536796, 0.9921704267982617, 33.353163833130566, 0.0, 0.0, 1.0]",487.516,482.805,2.22,ok,
eval_MoTaTiZrHf-HEA-DDRX-900C_TEM_largeFOV-DislocationCharacterization_0#1,eval_MoTaTiZrHf-HEA-DDRX-900C_TEM_largeFOV-DislocationCharacterization_0,DislocationCharacterization,MoTaTiZrHf-HEA-DDRX-900C_TEM_largeFOV-DislocationCharacterization,transform,ma_roma,direct,histmatch,0,4384,4096,4384,4096,18,10000,7813,affine,"[1.0001892571953477, 0.0005863232457244992, -2.188406407698494, -1.7688452567195613e-05, 0.9999662793481249, 0.6975826750012857, 0.0, 0.0, 1.0]",509.742,509.649,6.39,ok,
eval_MoTaTiZrHf-HEA-DDRX-900C_TEM_largeFOV-DislocationCharacterization_0#1,eval_MoTaTiZrHf-HEA-DDRX-900C_TEM_largeFOV-DislocationCharacterization_0,DislocationCharacterization,MoTaTiZrHf-HEA-DDRX-900C_TEM_largeFOV-DislocationCharacterization,transform,ma_roma,direct,clahe,0,4384,4096,4384,4096,18,10000,1915,affine,"[1.000367557736763, 0.002439635140077041, -10.284839032859736, 0.00016060270819393324, 0.9935151277665469, 27.62793944056193, 0.0, 0.0, 1.0]",493.857,490.212,2.68,ok,
eval_MoTaTiZrHf-HEA-DDRX-900C_TEM_largeFOV-DislocationCharacterization_0#1,eval_MoTaTiZrHf-HEA-DDRX-900C_TEM_largeFOV-DislocationCharacterization_0,DislocationCharacterization,MoTaTiZrHf-HEA-DDRX-900C_TEM_largeFOV-DislocationCharacterization,transform,ma_roma,direct,gradmag,0,4384,4096,4384,4096,18,10000,6565,homography,"[0.9956100787910285, 0.0060233027525176674, -25.09313104381997, -7.25410315602558e-05, 0.9902263851313816, 23.880198421679026, 6.597808062505883e-08, -1.029668646054401e-06, 1.0]",504.543,502.790,3.32,ok,
eval_MoTaTiZrHf-HEA-DDRX-900C_TEM_largeFOV-DislocationCharacterization_0#1,eval_MoTaTiZrHf-HEA-DDRX-900C_TEM_largeFOV-DislocationCharacterization_0,DislocationCharacterization,MoTaTiZrHf-HEA-DDRX-900C_TEM_largeFOV-DislocationCharacterization,control,ma_roma,direct,none,1,4384,4096,4384,4096,18,10000,6422,homography,"[0.9887378114745141, -0.004303317022492344, 18.89124588418621, -0.000251732786697683, 0.9778694794301347, 47.094332484851726, -4.615198760427639e-08, -2.6226143629309183e-06, 1.0]",490.849,486.652,2.39,ok,
eval_MoTaTiZrHf-HEA-DDRX-900C_TEM_largeFOV-DislocationCharacterization_0#1,eval_MoTaTiZrHf-HEA-DDRX-900C_TEM_largeFOV-DislocationCharacterization_0,DislocationCharacterization,MoTaTiZrHf-HEA-DDRX-900C_TEM_largeFOV-DislocationCharacterization,control,ma_roma,direct,none,2,4384,4096,4384,4096,18,10000,6439,homography,"[0.9897936585069043, -0.0033936000229759056, 15.102786698310181, -0.0002723428509807318, 0.9791610369303357, 46.32684971368131, -5.448867501281626e-08, -2.358938967576088e-06, 1.0]",490.667,486.187,2.20,ok,
eval_MoTaTiZrHf-HEA-DDRX-900C_TEM_largeFOV-DislocationCharacterization_0#1,eval_MoTaTiZrHf-HEA-DDRX-900C_TEM_largeFOV-DislocationCharacterization_0,DislocationCharacterization,MoTaTiZrHf-HEA-DDRX-900C_TEM_largeFOV-DislocationCharacterization,control,ma_roma,direct,none,3,4384,4096,4384,4096,18,10000,6435,affine,"[1.000003309097966, 0.0010356155718722225, -3.7822198647304504, -2.5086121714172527e-05, 1.0000483438712646, 0.14819867782262008, 0.0, 0.0, 1.0]",510.478,510.578,2.20,ok,
eval_MoTaTiZrHf-HEA-DDRX-900C_TEM_largeFOV-DislocationCharacterization_0#1,eval_MoTaTiZrHf-HEA-DDRX-900C_TEM_largeFOV-DislocationCharacterization_0,DislocationCharacterization,MoTaTiZrHf-HEA-DDRX-900C_TEM_largeFOV-DislocationCharacterization,control,ma_roma,direct,none,4,4384,4096,4384,4096,18,10000,6458,affine,"[0.9999835371638104, 0.001592151557774342, -6.102336568083956, -2.688659236937176e-05, 0.9992072565476995, 3.732578452671987, 0.0, 0.0, 1.0]",508.590,508.215,2.29,ok,
eval_MoTaTiZrHf-HEA-DDRX-900C_TEM_largeFOV-DislocationCharacterization_0#1,eval_MoTaTiZrHf-HEA-DDRX-900C_TEM_largeFOV-DislocationCharacterization_0,DislocationCharacterization,MoTaTiZrHf-HEA-DDRX-900C_TEM_largeFOV-DislocationCharacterization,control,ma_roma,direct,none,5,4384,4096,4384,4096,18,10000,6465,homography,"[0.9907270187630672, -0.003223371296474675, 14.365286455498257, -0.0002604602121443099, 0.9815133132342445, 40.22630519411543, -5.496021081744904e-08, -2.141882054086765e-06, 1.0]",493.491,489.175,2.20,ok,
eval_MoTaTiZrHf-HEA-DDRX-900C_TEM_largeFOV-DislocationCharacterization_0#2,eval_MoTaTiZrHf-HEA-DDRX-900C_TEM_largeFOV-DislocationCharacterization_0,DislocationCharacterization,MoTaTiZrHf-HEA-DDRX-900C_TEM_largeFOV-DislocationCharacterization,core,ma_roma,direct,none,0,4384,4096,4384,4096,18,10000,1183,affine,"[1.0009181478369111, 0.009068382933524652, -40.14307144230452, 0.0004657907292012781, 1.0024362610810174, -11.008722145746106, 0.0, 0.0, 1.0]",522.064,524.945,2.19,ok,
eval_MoTaTiZrHf-HEA-DDRX-900C_TEM_largeFOV-DislocationCharacterization_0#2,eval_MoTaTiZrHf-HEA-DDRX-900C_TEM_largeFOV-DislocationCharacterization_0,DislocationCharacterization,MoTaTiZrHf-HEA-DDRX-900C_TEM_largeFOV-DislocationCharacterization,core,ma_roma,pyramid_v2,none,0,4384,4096,4384,4096,18,10000,1183,affine@direct,"[1.0009181478369111, 0.009068382933524652, -40.14307144230452, 0.0004657907292012781, 1.0024362610810174, -11.008722145746106, 0.0, 0.0, 1.0]",522.064,524.945,2.36,ok,
eval_MoTaTiZrHf-HEA-DDRX-900C_TEM_largeFOV-DislocationCharacterization_0#2,eval_MoTaTiZrHf-HEA-DDRX-900C_TEM_largeFOV-DislocationCharacterization_0,DislocationCharacterization,MoTaTiZrHf-HEA-DDRX-900C_TEM_largeFOV-DislocationCharacterization,transform,ma_roma,direct,invert,0,4384,4096,4384,4096,18,10000,2863,affine,"[0.9989757888390941, -0.00306900758126992, 15.997980122857143, -0.00040946152705227716, 0.9933627747561252, 29.2756423342953, 0.0, 0.0, 1.0]",490.470,486.542,2.37,ok,
eval_MoTaTiZrHf-HEA-DDRX-900C_TEM_largeFOV-DislocationCharacterization_0#2,eval_MoTaTiZrHf-HEA-DDRX-900C_TEM_largeFOV-DislocationCharacterization_0,DislocationCharacterization,MoTaTiZrHf-HEA-DDRX-900C_TEM_largeFOV-DislocationCharacterization,transform,ma_roma,direct,histmatch,0,4384,4096,4384,4096,18,10000,2008,affine,"[1.0004503813781582, 0.0014369723427489498, -6.6479879821449686, 0.00046667760793346033, 0.999277375602075, 2.4059130775667654, 0.0, 0.0, 1.0]",508.564,507.677,8.79,ok,
eval_MoTaTiZrHf-HEA-DDRX-900C_TEM_largeFOV-DislocationCharacterization_0#2,eval_MoTaTiZrHf-HEA-DDRX-900C_TEM_largeFOV-DislocationCharacterization_0,DislocationCharacterization,MoTaTiZrHf-HEA-DDRX-900C_TEM_largeFOV-DislocationCharacterization,transform,ma_roma,direct,clahe,0,4384,4096,4384,4096,18,10000,6887,homography,"[0.9992136387321348, 0.002709973295258895, -10.511616221854704, -0.0010415520388951107, 0.9983303973680769, 7.9067852787847555, -2.817005007835333e-07, 3.8498129439941895e-08, 1.0]",507.899,508.207,2.70,ok,
eval_MoTaTiZrHf-HEA-DDRX-900C_TEM_largeFOV-DislocationCharacterization_0#2,eval_MoTaTiZrHf-HEA-DDRX-900C_TEM_largeFOV-DislocationCharacterization_0,DislocationCharacterization,MoTaTiZrHf-HEA-DDRX-900C_TEM_largeFOV-DislocationCharacterization,transform,ma_roma,direct,gradmag,0,4384,4096,4384,4096,18,10000,7473,affine,"[1.0001399637441672, -0.0008422773074380892, 3.78108687138365, 3.4060014818066515e-05, 1.0084339427307305, -35.7257932145576, 0.0, 0.0, 1.0]",531.778,534.128,3.39,ok,
eval_MoTaTiZrHf-HEA-DDRX-900C_TEM_largeFOV-DislocationCharacterization_0#2,eval_MoTaTiZrHf-HEA-DDRX-900C_TEM_largeFOV-DislocationCharacterization_0,DislocationCharacterization,MoTaTiZrHf-HEA-DDRX-900C_TEM_largeFOV-DislocationCharacterization,control,ma_roma,direct,none,1,4384,4096,4384,4096,18,10000,1227,homography,"[0.934217345267669, -0.030011008595818997, 139.48129979682201, -0.007540279558787229, 0.8852115126677965, 248.37677665496645, -1.8652042783583856e-06, -1.3238092717804382e-05, 1.0]",411.627,419.545,2.31,ok,
eval_MoTaTiZrHf-HEA-DDRX-900C_TEM_largeFOV-DislocationCharacterization_0#2,eval_MoTaTiZrHf-HEA-DDRX-900C_TEM_largeFOV-DislocationCharacterization_0,DislocationCharacterization,MoTaTiZrHf-HEA-DDRX-900C_TEM_largeFOV-DislocationCharacterization,control,ma_roma,direct,none,2,4384,4096,4384,4096,18,10000,1231,homography,"[0.9419814097088516, -0.023332563240187235, 109.79458781532912, -0.007189522656647673, 0.8976273595719639, 225.70772503693254, -1.775431310064946e-06, -1.1578933624069996e-05, 1.0]",421.439,428.518,2.27,ok,
eval_MoTaTiZrHf-HEA-DDRX-900C_TEM_largeFOV-DislocationCharacterization_0#2,eval_MoTaTiZrHf-HEA-DDRX-900C_TEM_largeFOV-DislocationCharacterization_0,DislocationCharacterization,MoTaTiZrHf-HEA-DDRX-900C_TEM_largeFOV-DislocationCharacterization,control,ma_roma,direct,none,3,4384,4096,4384,4096,18,10000,1180,affine,"[1.0009549901401664, 0.009783697056193608, -43.236678705309714, 0.0005695442781963888, 1.000694581995038, -3.8001247974198122, 0.0, 0.0, 1.0]",517.967,519.942,2.20,ok,
eval_MoTaTiZrHf-HEA-DDRX-900C_TEM_largeFOV-DislocationCharacterization_0#2,eval_MoTaTiZrHf-HEA-DDRX-900C_TEM_largeFOV-DislocationCharacterization_0,DislocationCharacterization,MoTaTiZrHf-HEA-DDRX-900C_TEM_largeFOV-DislocationCharacterization,control,ma_roma,direct,none,4,4384,4096,4384,4096,18,10000,1250,affine,"[1.0008444532937004, 0.007629230400086759, -33.77878737256606, 0.0006414409188589725, 1.00401569174816, -18.06624463971002, 0.0, 0.0, 1.0]",525.097,527.700,2.29,ok,
eval_MoTaTiZrHf-HEA-DDRX-900C_TEM_largeFOV-DislocationCharacterization_0#2,eval_MoTaTiZrHf-HEA-DDRX-900C_TEM_largeFOV-DislocationCharacterization_0,DislocationCharacterization,MoTaTiZrHf-HEA-DDRX-900C_TEM_largeFOV-DislocationCharacterization,control,ma_roma,direct,none,5,4384,4096,4384,4096,18,10000,1197,affine,"[1.0008528497368754, 0.00787543091351265, -34.81962561026421, 0.0004380172329277094, 1.0018762153890672, -8.32567602778272, 0.0, 0.0, 1.0]",519.478,521.762,2.21,ok,
eval_MoTaTiZrHf-HEA-DDRX-900C_TEM_largeFOV-DislocationCharacterization_0#3,eval_MoTaTiZrHf-HEA-DDRX-900C_TEM_largeFOV-DislocationCharacterization_0,DislocationCharacterization,MoTaTiZrHf-HEA-DDRX-900C_TEM_largeFOV-DislocationCharacterization,core,ma_roma,direct,none,0,4384,4096,4384,4096,27,10000,1867,homography,"[1.0077846795995804, 0.007255996462593621, -30.44890668887734, 5.430808272073134e-05, 1.0128160019856758, -21.208668886231244, 1.3584932967044392e-08, 1.8421282612296576e-06, 1.0]",441.861,438.585,2.22,ok,
eval_MoTaTiZrHf-HEA-DDRX-900C_TEM_largeFOV-DislocationCharacterization_0#3,eval_MoTaTiZrHf-HEA-DDRX-900C_TEM_largeFOV-DislocationCharacterization_0,DislocationCharacterization,MoTaTiZrHf-HEA-DDRX-900C_TEM_largeFOV-DislocationCharacterization,core,ma_roma,pyramid_v2,none,0,4384,4096,4384,4096,27,10000,1867,homography@direct,"[1.0077846795995804, 0.007255996462593621, -30.44890668887734, 5.430808272073134e-05, 1.0128160019856758, -21.208668886231244, 1.3584932967044392e-08, 1.8421282612296576e-06, 1.0]",441.861,438.585,2.30,ok,
eval_MoTaTiZrHf-HEA-DDRX-900C_TEM_largeFOV-DislocationCharacterization_0#3,eval_MoTaTiZrHf-HEA-DDRX-900C_TEM_largeFOV-DislocationCharacterization_0,DislocationCharacterization,MoTaTiZrHf-HEA-DDRX-900C_TEM_largeFOV-DislocationCharacterization,transform,ma_roma,direct,invert,0,4384,4096,4384,4096,27,10000,3424,affine,"[0.9999869498880568, 0.0010770604113220581, -3.46900029355902, -0.0006971067986772759, 0.999765636039619, 3.972496876983314, 0.0, 0.0, 1.0]",433.034,433.191,2.25,ok,
eval_MoTaTiZrHf-HEA-DDRX-900C_TEM_largeFOV-DislocationCharacterization_0#3,eval_MoTaTiZrHf-HEA-DDRX-900C_TEM_largeFOV-DislocationCharacterization_0,DislocationCharacterization,MoTaTiZrHf-HEA-DDRX-900C_TEM_largeFOV-DislocationCharacterization,transform,ma_roma,direct,histmatch,0,4384,4096,4384,4096,27,10000,1852,homography,"[0.9906526010084185, 2.776096421294758e-05, 0.3621265812587479, -0.00033027130123405087, 0.9791885682323719, 50.50248030401852, -2.370010695469551e-08, -2.1342926448097906e-06, 1.0]",422.354,420.100,6.17,ok,
eval_MoTaTiZrHf-HEA-DDRX-900C_TEM_largeFOV-DislocationCharacterization_0#3,eval_MoTaTiZrHf-HEA-DDRX-900C_TEM_largeFOV-DislocationCharacterization_0,DislocationCharacterization,MoTaTiZrHf-HEA-DDRX-900C_TEM_largeFOV-DislocationCharacterization,transform,ma_roma,direct,clahe,0,4384,4096,4384,4096,27,10000,1858,affine,"[0.9999896912195992, 0.0011729700985914457, -4.957541340862008, -3.4210773212337e-05, 1.0016989735809538, -7.330013971109111, 0.0, 0.0, 1.0]",439.096,438.492,2.71,ok,
eval_MoTaTiZrHf-HEA-DDRX-900C_TEM_largeFOV-DislocationCharacterization_0#3,eval_MoTaTiZrHf-HEA-DDRX-900C_TEM_largeFOV-DislocationCharacterization_0,DislocationCharacterization,MoTaTiZrHf-HEA-DDRX-900C_TEM_largeFOV-DislocationCharacterization,transform,ma_roma,direct,gradmag,0,4384,4096,4384,4096,27,10000,8138,homography,"[1.0157225048216114, 0.01018078872059192, -43.28512112607476, -7.76048277752508e-05, 1.0308530276617816, -64.1599979012913, -1.221569438056964e-08, 3.7120109104599213e-06, 1.0]",455.764,448.431,3.20,ok,
eval_MoTaTiZrHf-HEA-DDRX-900C_TEM_largeFOV-DislocationCharacterization_0#3,eval_MoTaTiZrHf-HEA-DDRX-900C_TEM_largeFOV-DislocationCharacterization_0,DislocationCharacterization,MoTaTiZrHf-HEA-DDRX-900C_TEM_largeFOV-DislocationCharacterization,control,ma_roma,direct,none,1,4384,4096,4384,4096,27,10000,1863,affine,"[0.9998587942629428, 0.0041380711986508225, -17.107129270842506, -4.6929718347119714e-05, 0.998289578562414, 7.320086573802655, 0.0, 0.0, 1.0]",435.221,436.130,2.36,ok,
eval_MoTaTiZrHf-HEA-DDRX-900C_TEM_largeFOV-DislocationCharacterization_0#3,eval_MoTaTiZrHf-HEA-DDRX-900C_TEM_largeFOV-DislocationCharacterization_0,DislocationCharacterization,MoTaTiZrHf-HEA-DDRX-900C_TEM_largeFOV-DislocationCharacterization,control,ma_roma,direct,none,2,4384,4096,4384,4096,27,10000,1851,affine,"[0.999864646408144, 0.005002761533175528, -20.865280801911922, -8.443583869654911e-05, 0.9970608866653083, 12.644046252780754, 0.0, 0.0, 1.0]",433.733,434.551,2.42,ok,
eval_MoTaTiZrHf-HEA-DDRX-900C_TEM_largeFOV-DislocationCharacterization_0#3,eval_MoTaTiZrHf-HEA-DDRX-900C_TEM_largeFOV-DislocationCharacterization_0,DislocationCharacterization,MoTaTiZrHf-HEA-DDRX-900C_TEM_largeFOV-DislocationCharacterization,control,ma_roma,direct,none,3,4384,4096,4384,4096,27,10000,1907,affine,"[0.9998221112571803, 0.0054703813055174515, -22.787524238455035, -0.00015826294648654213, 0.9981363330447771, 8.092338338968148, 0.0, 0.0, 1.0]",436.635,437.637,2.46,ok,
eval_MoTaTiZrHf-HEA-DDRX-900C_TEM_largeFOV-DislocationCharacterization_0#3,eval_MoTaTiZrHf-HEA-DDRX-900C_TEM_largeFOV-DislocationCharacterization_0,DislocationCharacterization,MoTaTiZrHf-HEA-DDRX-900C_TEM_largeFOV-DislocationCharacterization,control,ma_roma,direct,none,4,4384,4096,4384,4096,27,10000,1904,affine,"[0.9998857901603386, 0.004800696561228685, -20.00198005130369, -8.146946940183267e-05, 0.9984647683899492, 6.639593981643884, 0.0, 0.0, 1.0]",436.378,437.382,3.08,ok,
eval_MoTaTiZrHf-HEA-DDRX-900C_TEM_largeFOV-DislocationCharacterization_0#3,eval_MoTaTiZrHf-HEA-DDRX-900C_TEM_largeFOV-DislocationCharacterization_0,DislocationCharacterization,MoTaTiZrHf-HEA-DDRX-900C_TEM_largeFOV-DislocationCharacterization,control,ma_roma,direct,none,5,4384,4096,4384,4096,27,10000,1855,homography,"[1.0086781420004973, 0.007860255624791954, -33.098491775913224, 1.5039540537834478e-05, 1.0152953744589057, -28.141169307633195, 4.0350275656586164e-08, 2.028921417839751e-06, 1.0]",444.952,442.472,2.35,ok,
eval_MoTaTiZrHf-HEA-DDRX-900C_TEM_largeFOV-DislocationCharacterization_0#4,eval_MoTaTiZrHf-HEA-DDRX-900C_TEM_largeFOV-DislocationCharacterization_0,DislocationCharacterization,MoTaTiZrHf-HEA-DDRX-900C_TEM_largeFOV-DislocationCharacterization,core,ma_roma,direct,none,0,4384,4096,4384,4096,27,10000,2166,affine,"[0.9999851043905994, 0.002553562180179661, -10.202325965090495, -4.941704738433821e-05, 0.9982897085814727, 7.613306908365303, 0.0, 0.0, 1.0]",432.909,433.269,2.59,ok,
eval_MoTaTiZrHf-HEA-DDRX-900C_TEM_largeFOV-DislocationCharacterization_0#4,eval_MoTaTiZrHf-HEA-DDRX-900C_TEM_largeFOV-DislocationCharacterization_0,DislocationCharacterization,MoTaTiZrHf-HEA-DDRX-900C_TEM_largeFOV-DislocationCharacterization,core,ma_roma,pyramid_v2,none,0,4384,4096,4384,4096,27,10000,2166,affine@direct,"[0.9999851043905994, 0.002553562180179661, -10.202325965090495, -4.941704738433821e-05, 0.9982897085814727, 7.613306908365303, 0.0, 0.0, 1.0]",432.909,433.269,2.53,ok,
eval_MoTaTiZrHf-HEA-DDRX-900C_TEM_largeFOV-DislocationCharacterization_0#4,eval_MoTaTiZrHf-HEA-DDRX-900C_TEM_largeFOV-DislocationCharacterization_0,DislocationCharacterization,MoTaTiZrHf-HEA-DDRX-900C_TEM_largeFOV-DislocationCharacterization,transform,ma_roma,direct,invert,0,4384,4096,4384,4096,27,10000,1538,affine,"[1.018726338809599, 0.011334878821454182, 137.60682751813965, -0.031136315351055193, 0.9857061432763998, 495.31328685135054, 0.0, 0.0, 1.0]",36.284,25.556,2.53,ok,
eval_MoTaTiZrHf-HEA-DDRX-900C_TEM_largeFOV-DislocationCharacterization_0#4,eval_MoTaTiZrHf-HEA-DDRX-900C_TEM_largeFOV-DislocationCharacterization_0,DislocationCharacterization,MoTaTiZrHf-HEA-DDRX-900C_TEM_largeFOV-DislocationCharacterization,transform,ma_roma,direct,histmatch,0,4384,4096,4384,4096,27,10000,2574,affine,"[0.9998945688332358, -0.0029792444005609887, 13.383646151193716, -0.00013051682486254538, 0.9974184028774669, 11.7133756757421, 0.0, 0.0, 1.0]",424.756,425.160,6.32,ok,
eval_MoTaTiZrHf-HEA-DDRX-900C_TEM_largeFOV-DislocationCharacterization_0#4,eval_MoTaTiZrHf-HEA-DDRX-900C_TEM_largeFOV-DislocationCharacterization_0,DislocationCharacterization,MoTaTiZrHf-HEA-DDRX-900C_TEM_largeFOV-DislocationCharacterization,transform,ma_roma,direct,clahe,0,4384,4096,4384,4096,27,10000,5033,affine,"[1.0004951947349725, 0.004672024112072666, -20.40842595777258, 0.00016675285447538101, 1.001389915555429, -6.346367858360281, 0.0, 0.0, 1.0]",442.049,440.182,2.60,ok,
eval_MoTaTiZrHf-HEA-DDRX-900C_TEM_largeFOV-DislocationCharacterization_0#4,eval_MoTaTiZrHf-HEA-DDRX-900C_TEM_largeFOV-DislocationCharacterization_0,DislocationCharacterization,MoTaTiZrHf-HEA-DDRX-900C_TEM_largeFOV-DislocationCharacterization,transform,ma_roma,direct,gradmag,0,4384,4096,4384,4096,27,10000,7213,affine,"[0.9999028870741942, 0.003716420191118847, -15.716436272086412, -0.0003270100246072709, 1.0083962850829677, -34.858990118299516, 0.0, 0.0, 1.0]",455.752,456.433,3.20,ok,
eval_MoTaTiZrHf-HEA-DDRX-900C_TEM_largeFOV-DislocationCharacterization_0#4,eval_MoTaTiZrHf-HEA-DDRX-900C_TEM_largeFOV-DislocationCharacterization_0,DislocationCharacterization,MoTaTiZrHf-HEA-DDRX-900C_TEM_largeFOV-DislocationCharacterization,control,ma_roma,direct,none,1,4384,4096,4384,4096,27,10000,2202,affine,"[1.0002318074642016, 0.002624864009469875, -11.063516814680042, -0.0001554021434235005, 0.9999322546057852, 0.9044831031533249, 0.0, 0.0, 1.0]",436.363,437.107,2.28,ok,
eval_MoTaTiZrHf-HEA-DDRX-900C_TEM_largeFOV-DislocationCharacterization_0#4,eval_MoTaTiZrHf-HEA-DDRX-900C_TEM_largeFOV-DislocationCharacterization_0,DislocationCharacterization,MoTaTiZrHf-HEA-DDRX-900C_TEM_largeFOV-DislocationCharacterization,control,ma_roma,direct,none,2,4384,4096,4384,4096,27,10000,2262,affine,"[1.0000933655864799, 0.0017632580093713771, -7.127395114672254, -7.674104898904999e-05, 0.997477188355516, 11.205989164266612, 0.0, 0.0, 1.0]",430.269,430.105,2.21,ok,
eval_MoTaTiZrHf-HEA-DDRX-900C_TEM_largeFOV-DislocationCharacterization_0#4,eval_MoTaTiZrHf-HEA-DDRX-900C_TEM_largeFOV-DislocationCharacterization_0,DislocationCharacterization,MoTaTiZrHf-HEA-DDRX-900C_TEM_largeFOV-DislocationCharacterization,control,ma_roma,direct,none,3,4384,4096,4384,4096,27,10000,2167,affine,"[1.000026981710801, 0.002265976980392613, -9.111750338453021, -9.784650233800164e-05, 0.9994150930605434, 3.0260540727931584, 0.0, 0.0, 1.0]",434.854,435.513,2.22,ok,
eval_MoTaTiZrHf-HEA-DDRX-900C_TEM_largeFOV-DislocationCharacterization_0#4,eval_MoTaTiZrHf-HEA-DDRX-900C_TEM_largeFOV-DislocationCharacterization_0,DislocationCharacterization,MoTaTiZrHf-HEA-DDRX-900C_TEM_largeFOV-DislocationCharacterization,control,ma_roma,direct,none,4,4384,4096,4384,4096,27,10000,2175,affine,"[1.0000915610196865, 0.002356837719850493, -9.64499063401172, -0.00020682221035963898, 1.0010238886676845, -3.595511500730936, 0.0, 0.0, 1.0]",438.324,437.880,2.09,ok,
eval_MoTaTiZrHf-HEA-DDRX-900C_TEM_largeFOV-DislocationCharacterization_0#4,eval_MoTaTiZrHf-HEA-DDRX-900C_TEM_largeFOV-DislocationCharacterization_0,DislocationCharacterization,MoTaTiZrHf-HEA-DDRX-900C_TEM_largeFOV-DislocationCharacterization,control,ma_roma,direct,none,5,4384,4096,4384,4096,27,10000,2101,affine,"[1.0001316552272375, 0.001811017169687895, -7.424494869203954, -8.924345827268767e-05, 1.0001873186178878, -0.28480108555595507, 0.0, 0.0, 1.0]",435.954,436.669,2.21,ok,
eval_MoTaTiZrHf-HEA-DDRX-900C_TEM_largeFOV-DislocationCharacterization_0#5,eval_MoTaTiZrHf-HEA-DDRX-900C_TEM_largeFOV-DislocationCharacterization_0,DislocationCharacterization,MoTaTiZrHf-HEA-DDRX-900C_TEM_largeFOV-DislocationCharacterization,core,ma_roma,direct,none,0,4384,4096,4384,4096,27,10000,6135,homography,"[1.0066426126733616, 0.0008203656849570556, -3.729181830261264, 0.00029331571333435577, 1.0082637190993124, -8.875461275308547, 1.1416075773756898e-07, 1.4179374585505049e-06, 1.0]",430.647,430.157,2.14,ok,
eval_MoTaTiZrHf-HEA-DDRX-900C_TEM_largeFOV-DislocationCharacterization_0#5,eval_MoTaTiZrHf-HEA-DDRX-900C_TEM_largeFOV-DislocationCharacterization_0,DislocationCharacterization,MoTaTiZrHf-HEA-DDRX-900C_TEM_largeFOV-DislocationCharacterization,core,ma_roma,pyramid_v2,none,0,4384,4096,4384,4096,27,10000,6135,homography@direct,"[1.0066426126733616, 0.0008203656849570556, -3.729181830261264, 0.00029331571333435577, 1.0082637190993124, -8.875461275308547, 1.1416075773756898e-07, 1.4179374585505049e-06, 1.0]",430.647,430.157,2.22,ok,
eval_MoTaTiZrHf-HEA-DDRX-900C_TEM_largeFOV-DislocationCharacterization_0#5,eval_MoTaTiZrHf-HEA-DDRX-900C_TEM_largeFOV-DislocationCharacterization_0,DislocationCharacterization,MoTaTiZrHf-HEA-DDRX-900C_TEM_largeFOV-DislocationCharacterization,transform,ma_roma,direct,invert,0,4384,4096,4384,4096,27,10000,1986,affine,"[0.9995089457635248, -0.009626506873740209, 43.31961000937258, 1.7483680142232674e-06, 0.9959869776043904, 16.868482895374655, 0.0, 0.0, 1.0]",414.905,414.985,2.23,ok,
eval_MoTaTiZrHf-HEA-DDRX-900C_TEM_largeFOV-DislocationCharacterization_0#5,eval_MoTaTiZrHf-HEA-DDRX-900C_TEM_largeFOV-DislocationCharacterization_0,DislocationCharacterization,MoTaTiZrHf-HEA-DDRX-900C_TEM_largeFOV-DislocationCharacterization,transform,ma_roma,direct,histmatch,0,4384,4096,4384,4096,27,10000,6086,homography,"[1.0037390013910215, -0.0012486169994382517, 4.905671294002998, 0.00048472842239198627, 1.002146632978269, 4.01052591015686, 9.839294211073455e-08, 7.145844412911507e-07, 1.0]",425.697,426.452,7.26,ok,
eval_MoTaTiZrHf-HEA-DDRX-900C_TEM_largeFOV-DislocationCharacterization_0#5,eval_MoTaTiZrHf-HEA-DDRX-900C_TEM_largeFOV-DislocationCharacterization_0,DislocationCharacterization,MoTaTiZrHf-HEA-DDRX-900C_TEM_largeFOV-DislocationCharacterization,transform,ma_roma,direct,clahe,0,4384,4096,4384,4096,27,10000,2280,affine,"[1.000152141385328, -0.004336931951481628, 18.6240722888283, 7.499281075355567e-05, 0.9911815232888957, 37.42940972793349, 0.0, 0.0, 1.0]",410.460,408.430,2.50,ok,
eval_MoTaTiZrHf-HEA-DDRX-900C_TEM_largeFOV-DislocationCharacterization_0#5,eval_MoTaTiZrHf-HEA-DDRX-900C_TEM_largeFOV-DislocationCharacterization_0,DislocationCharacterization,MoTaTiZrHf-HEA-DDRX-900C_TEM_largeFOV-DislocationCharacterization,transform,ma_roma,direct,gradmag,0,4384,4096,4384,4096,27,10000,42,affine,"[1.0372396883442718, -0.37135471884463417, 1472.2667358612136, 0.003643898123606443, 1.0147080627121727, -73.01765010667441, 0.0, 0.0, 1.0]",793.372,785.470,3.02,ok,
eval_MoTaTiZrHf-HEA-DDRX-900C_TEM_largeFOV-DislocationCharacterization_0#5,eval_MoTaTiZrHf-HEA-DDRX-900C_TEM_largeFOV-DislocationCharacterization_0,DislocationCharacterization,MoTaTiZrHf-HEA-DDRX-900C_TEM_largeFOV-DislocationCharacterization,control,ma_roma,direct,none,1,4384,4096,4384,4096,27,10000,6118,homography,"[1.0055744021247983, 0.0004414499385075747, -2.158064866129804, 0.0003200634966819639, 1.0067322554656655, -7.012328623714319, 1.1309407520010887e-07, 1.1632852812223752e-06, 1.0]",430.727,430.088,2.07,ok,
eval_MoTaTiZrHf-HEA-DDRX-900C_TEM_largeFOV-DislocationCharacterization_0#5,eval_MoTaTiZrHf-HEA-DDRX-900C_TEM_largeFOV-DislocationCharacterization_0,DislocationCharacterization,MoTaTiZrHf-HEA-DDRX-900C_TEM_largeFOV-DislocationCharacterization,control,ma_roma,direct,none,2,4384,4096,4384,4096,27,10000,6029,homography,"[1.00545859843908, -4.997597988757319e-05, 0.043594180858799327, 0.00019490614780942587, 1.0062065164529304, -4.729509568028628, 8.693627806665613e-08, 1.165167524444089e-06, 1.0]",429.195,428.060,2.15,ok,
eval_MoTaTiZrHf-HEA-DDRX-900C_TEM_largeFOV-DislocationCharacterization_0#5,eval_MoTaTiZrHf-HEA-DDRX-900C_TEM_largeFOV-DislocationCharacterization_0,DislocationCharacterization,MoTaTiZrHf-HEA-DDRX-900C_TEM_largeFOV-DislocationCharacterization,control,ma_roma,direct,none,3,4384,4096,4384,4096,27,10000,6159,homography,"[1.006034793635433, 0.00046451480455526634, -2.2078146821602656, 0.00022499834294437788, 1.0071310201282695, -6.453384979017441, 9.799952479159373e-08, 1.2855143909139421e-06, 0.9999999999999999]",429.886,429.236,2.07,ok,
eval_MoTaTiZrHf-HEA-DDRX-900C_TEM_largeFOV-DislocationCharacterization_0#5,eval_MoTaTiZrHf-HEA-DDRX-900C_TEM_largeFOV-DislocationCharacterization_0,DislocationCharacterization,MoTaTiZrHf-HEA-DDRX-900C_TEM_largeFOV-DislocationCharacterization,control,ma_roma,direct,none,4,4384,4096,4384,4096,27,10000,6128,homography,"[1.0063089486179848, 0.0006837247933788584, -3.1621584026282528, 0.0002198544503878373, 1.0083929920169235, -10.689659632321513, 9.411754902807881e-08, 1.3495705848880401e-06, 1.0]",431.855,431.339,2.18,ok,
eval_MoTaTiZrHf-HEA-DDRX-900C_TEM_largeFOV-DislocationCharacterization_0#5,eval_MoTaTiZrHf-HEA-DDRX-900C_TEM_largeFOV-DislocationCharacterization_0,DislocationCharacterization,MoTaTiZrHf-HEA-DDRX-900C_TEM_largeFOV-DislocationCharacterization,control,ma_roma,direct,none,5,4384,4096,4384,4096,27,10000,6070,homography,"[1.0051538465595535, -1.8941064490251688e-05, -0.05877251650096276, 0.00011679092583125827, 1.0055024274018305, -2.790537290575515, 6.337199123955925e-08, 1.1094208489718582e-06, 1.0]",428.658,427.279,2.19,ok,
eval_MoTaTiZrHf-HEA-DDRX-900C_TEM_largeFOV-DislocationCharacterization_0#6,eval_MoTaTiZrHf-HEA-DDRX-900C_TEM_largeFOV-DislocationCharacterization_0,DislocationCharacterization,MoTaTiZrHf-HEA-DDRX-900C_TEM_largeFOV-DislocationCharacterization,core,ma_roma,direct,none,0,4384,4096,4384,4096,18,10000,7707,homography,"[0.9947399595088807, 0.00010978271204015038, 0.2158499437437305, -0.00023717908684139024, 0.9916851217719126, 14.45811760652537, -4.1513179322894614e-08, -1.1818169817071301e-06, 1.0]",507.043,505.388,2.20,ok,
eval_MoTaTiZrHf-HEA-DDRX-900C_TEM_largeFOV-DislocationCharacterization_0#6,eval_MoTaTiZrHf-HEA-DDRX-900C_TEM_largeFOV-DislocationCharacterization_0,DislocationCharacterization,MoTaTiZrHf-HEA-DDRX-900C_TEM_largeFOV-DislocationCharacterization,core,ma_roma,pyramid_v2,none,0,4384,4096,4384,4096,18,10000,7707,homography@direct,"[0.9947399595088807, 0.00010978271204015038, 0.2158499437437305, -0.00023717908684139024, 0.9916851217719126, 14.45811760652537, -4.1513179322894614e-08, -1.1818169817071301e-06, 1.0]",507.043,505.388,2.24,ok,
eval_MoTaTiZrHf-HEA-DDRX-900C_TEM_largeFOV-DislocationCharacterization_0#6,eval_MoTaTiZrHf-HEA-DDRX-900C_TEM_largeFOV-DislocationCharacterization_0,DislocationCharacterization,MoTaTiZrHf-HEA-DDRX-900C_TEM_largeFOV-DislocationCharacterization,transform,ma_roma,direct,invert,0,4384,4096,4384,4096,18,10000,3019,homography,"[1.0136755721868373, 0.006326184758502986, -24.92956838494068, -0.0008119731449589739, 1.0260369873981732, -48.32382889037655, -2.138676704107569e-07, 3.409264579216066e-06, 1.0]",528.541,529.550,2.31,ok,
eval_MoTaTiZrHf-HEA-DDRX-900C_TEM_largeFOV-DislocationCharacterization_0#6,eval_MoTaTiZrHf-HEA-DDRX-900C_TEM_largeFOV-DislocationCharacterization_0,DislocationCharacterization,MoTaTiZrHf-HEA-DDRX-900C_TEM_largeFOV-DislocationCharacterization,transform,ma_roma,direct,histmatch,0,4384,4096,4384,4096,18,10000,7775,homography,"[0.9983443107283976, -0.002050403918063274, 9.287684742495728, -0.0004138553577077615, 0.997732003787471, 4.078183360596838, -6.419109118497398e-08, -3.426207111137862e-07, 1.0]",508.381,507.421,7.37,ok,
eval_MoTaTiZrHf-HEA-DDRX-900C_TEM_largeFOV-DislocationCharacterization_0#6,eval_MoTaTiZrHf-HEA-DDRX-900C_TEM_largeFOV-DislocationCharacterization_0,DislocationCharacterization,MoTaTiZrHf-HEA-DDRX-900C_TEM_largeFOV-DislocationCharacterization,transform,ma_roma,direct,clahe,0,4384,4096,4384,4096,18,10000,5669,affine,"[1.0000925435038057, -0.003292674020362052, 13.844955716432423, -9.15985383709132e-06, 1.0005715069510221, -2.3406728780000776, 0.0, 0.0, 1.0]",509.671,509.114,2.82,ok,
eval_MoTaTiZrHf-HEA-DDRX-900C_TEM_largeFOV-DislocationCharacterization_0#6,eval_MoTaTiZrHf-HEA-DDRX-900C_TEM_largeFOV-DislocationCharacterization_0,DislocationCharacterization,MoTaTiZrHf-HEA-DDRX-900C_TEM_largeFOV-DislocationCharacterization,transform,ma_roma,direct,gradmag,0,4384,4096,4384,4096,18,10000,546,affine,"[1.000198972288723, 0.002420161627012767, -11.759150318488992, 0.0009161474595009165, 1.0021460910546158, -13.286594632537344, 0.0, 0.0, 1.0]",519.508,520.445,3.49,ok,
eval_MoTaTiZrHf-HEA-DDRX-900C_TEM_largeFOV-DislocationCharacterization_0#6,eval_MoTaTiZrHf-HEA-DDRX-900C_TEM_largeFOV-DislocationCharacterization_0,DislocationCharacterization,MoTaTiZrHf-HEA-DDRX-900C_TEM_largeFOV-DislocationCharacterization,control,ma_roma,direct,none,1,4384,4096,4384,4096,18,10000,7714,affine,"[0.9998772708648384, 0.0017446147975709585, -6.71570896243702, -6.515713840573311e-05, 1.001166254027738, -4.452996344442909, 0.0, 0.0, 1.0]",513.880,514.864,2.19,ok,
eval_MoTaTiZrHf-HEA-DDRX-900C_TEM_largeFOV-DislocationCharacterization_0#6,eval_MoTaTiZrHf-HEA-DDRX-900C_TEM_largeFOV-DislocationCharacterization_0,DislocationCharacterization,MoTaTiZrHf-HEA-DDRX-900C_TEM_largeFOV-DislocationCharacterization,control,ma_roma,direct,none,2,4384,4096,4384,4096,18,10000,7707,affine,"[0.9998502055592425, 0.0014537445391160746, -5.445233293587535, -5.625850147440895e-05, 1.0015468671309635, -6.110033326458506, 0.0, 0.0, 1.0]",514.732,515.875,2.20,ok,
eval_MoTaTiZrHf-HEA-DDRX-900C_TEM_largeFOV-DislocationCharacterization_0#6,eval_MoTaTiZrHf-HEA-DDRX-900C_TEM_largeFOV-DislocationCharacterization_0,DislocationCharacterization,MoTaTiZrHf-HEA-DDRX-900C_TEM_largeFOV-DislocationCharacterization,control,ma_roma,direct,none,3,4384,4096,4384,4096,18,10000,7687,affine,"[0.999895289183437, 0.0006611730964561091, -2.165689342423775, -6.882155153018284e-05, 1.0011533852610364, -4.4013826122936734, 0.0, 0.0, 1.0]",513.189,513.922,2.19,ok,
eval_MoTaTiZrHf-HEA-DDRX-900C_TEM_largeFOV-DislocationCharacterization_0#6,eval_MoTaTiZrHf-HEA-DDRX-900C_TEM_largeFOV-DislocationCharacterization_0,DislocationCharacterization,MoTaTiZrHf-HEA-DDRX-900C_TEM_largeFOV-DislocationCharacterization,control,ma_roma,direct,none,4,4384,4096,4384,4096,18,10000,7676,homography,"[0.9934705411546436, -0.0013780703297921835, 6.492648766938518, -0.000276389222273406, 0.9889209836173878, 20.86232756490449, -4.7188049702943866e-08, -1.4806791391134655e-06, 1.0]",503.596,501.512,2.22,ok,
eval_MoTaTiZrHf-HEA-DDRX-900C_TEM_largeFOV-DislocationCharacterization_0#6,eval_MoTaTiZrHf-HEA-DDRX-900C_TEM_largeFOV-DislocationCharacterization_0,DislocationCharacterization,MoTaTiZrHf-HEA-DDRX-900C_TEM_largeFOV-DislocationCharacterization,control,ma_roma,direct,none,5,4384,4096,4384,4096,18,10000,7647,affine,"[0.9998713982619515, 0.001014801885458866, -3.6355366291841165, -5.595297521140143e-05, 1.0008195543732934, -2.9999612815672663, 0.0, 0.0, 1.0]",512.513,513.122,2.18,ok,
eval_MoTaTiZrHf-HEA-DDRX-900C_TEM_largeFOV-DislocationCharacterization_0#7,eval_MoTaTiZrHf-HEA-DDRX-900C_TEM_largeFOV-DislocationCharacterization_0,DislocationCharacterization,MoTaTiZrHf-HEA-DDRX-900C_TEM_largeFOV-DislocationCharacterization,core,ma_roma,direct,none,0,4384,4096,4384,4096,18,10000,1938,affine,"[1.0005732410616253, 0.004906458371970565, -21.0808301187667, 0.00031743872126117494, 1.0055721378599893, -23.52009928325606, 0.0, 0.0, 1.0]",526.855,529.331,2.16,ok,
eval_MoTaTiZrHf-HEA-DDRX-900C_TEM_largeFOV-DislocationCharacterization_0#7,eval_MoTaTiZrHf-HEA-DDRX-900C_TEM_largeFOV-DislocationCharacterization_0,DislocationCharacterization,MoTaTiZrHf-HEA-DDRX-900C_TEM_largeFOV-DislocationCharacterization,core,ma_roma,pyramid_v2,none,0,4384,4096,4384,4096,18,10000,1938,affine@direct,"[1.0005732410616253, 0.004906458371970565, -21.0808301187667, 0.00031743872126117494, 1.0055721378599893, -23.52009928325606, 0.0, 0.0, 1.0]",526.855,529.331,2.31,ok,
eval_MoTaTiZrHf-HEA-DDRX-900C_TEM_largeFOV-DislocationCharacterization_0#7,eval_MoTaTiZrHf-HEA-DDRX-900C_TEM_largeFOV-DislocationCharacterization_0,DislocationCharacterization,MoTaTiZrHf-HEA-DDRX-900C_TEM_largeFOV-DislocationCharacterization,transform,ma_roma,direct,invert,0,4384,4096,4384,4096,18,10000,4956,affine,"[0.9996748947462779, 0.003963074156372396, -15.25038666842056, -0.0005399756887962575, 0.9841713151644581, 70.02100244987014, 0.0, 0.0, 1.0]",469.359,464.967,2.19,ok,
eval_MoTaTiZrHf-HEA-DDRX-900C_TEM_largeFOV-DislocationCharacterization_0#7,eval_MoTaTiZrHf-HEA-DDRX-900C_TEM_largeFOV-DislocationCharacterization_0,DislocationCharacterization,MoTaTiZrHf-HEA-DDRX-900C_TEM_largeFOV-DislocationCharacterization,transform,ma_roma,direct,histmatch,0,4384,4096,4384,4096,18,10000,2014,affine,"[1.0004707605340157, -0.0006946875228225248, 2.608185290374877, 0.00041599835783107797, 1.002790877917265, -11.9421034252764, 0.0, 0.0, 1.0]",516.096,517.029,6.48,ok,
eval_MoTaTiZrHf-HEA-DDRX-900C_TEM_largeFOV-DislocationCharacterization_0#7,eval_MoTaTiZrHf-HEA-DDRX-900C_TEM_largeFOV-DislocationCharacterization_0,DislocationCharacterization,MoTaTiZrHf-HEA-DDRX-900C_TEM_largeFOV-DislocationCharacterization,transform,ma_roma,direct,clahe,0,4384,4096,4384,4096,18,10000,3531,homography,"[0.9918556200922659, -0.0024076849073776507, 10.795459691741758, -0.001411855438219972, 0.9809790258684598, 51.107387934627155, -3.402851456030966e-07, -1.6730532883029863e-06, 1.0]",486.536,481.996,2.80,ok,
eval_MoTaTiZrHf-HEA-DDRX-900C_TEM_largeFOV-DislocationCharacterization_0#7,eval_MoTaTiZrHf-HEA-DDRX-900C_TEM_largeFOV-DislocationCharacterization_0,DislocationCharacterization,MoTaTiZrHf-HEA-DDRX-900C_TEM_largeFOV-DislocationCharacterization,transform,ma_roma,direct,gradmag,0,4384,4096,4384,4096,18,10000,8335,homography,"[0.9951022056280541, 0.0004576375813789743, -2.1838056344419337, 0.0003921576139448541, 0.9873919888476956, 31.469089546711086, 6.037010228568505e-08, -1.22988517211131e-06, 1.0]",496.045,492.651,3.59,ok,
eval_MoTaTiZrHf-HEA-DDRX-900C_TEM_largeFOV-DislocationCharacterization_0#7,eval_MoTaTiZrHf-HEA-DDRX-900C_TEM_largeFOV-DislocationCharacterization_0,DislocationCharacterization,MoTaTiZrHf-HEA-DDRX-900C_TEM_largeFOV-DislocationCharacterization,control,ma_roma,direct,none,1,4384,4096,4384,4096,18,10000,2018,homography,"[1.0630494579988312, 0.0218680427072649, -92.25503774094382, -0.0013598482895459765, 1.1287824780831304, -276.2342851142992, -3.6090521091670274e-07, 1.4986932796576609e-05, 1.0]",628.883,624.662,2.24,ok,
eval_MoTaTiZrHf-HEA-DDRX-900C_TEM_largeFOV-DislocationCharacterization_0#7,eval_MoTaTiZrHf-HEA-DDRX-900C_TEM_largeFOV-DislocationCharacterization_0,DislocationCharacterization,MoTaTiZrHf-HEA-DDRX-900C_TEM_largeFOV-DislocationCharacterization,control,ma_roma,direct,none,2,4384,4096,4384,4096,18,10000,1950,affine,"[1.0005694570496786, 0.005717098490188013, -24.549602277762233, 0.0002675017053575064, 1.0066445551226504, -28.038586591516832, 0.0, 0.0, 1.0]",530.308,532.561,2.35,ok,
eval_MoTaTiZrHf-HEA-DDRX-900C_TEM_largeFOV-DislocationCharacterization_0#7,eval_MoTaTiZrHf-HEA-DDRX-900C_TEM_largeFOV-DislocationCharacterization_0,DislocationCharacterization,MoTaTiZrHf-HEA-DDRX-900C_TEM_largeFOV-DislocationCharacterization,control,ma_roma,direct,none,3,4384,4096,4384,4096,18,10000,1922,homography,"[1.0246974775505875, 0.007714094676526797, -32.219981843736726, 5.469943574458605e-05, 1.0518051360163039, -113.76778523135211, -9.68424442084282e-08, 5.885254603113874e-06, 0.9999999999999999]",557.895,559.379,2.21,ok,
eval_MoTaTiZrHf-HEA-DDRX-900C_TEM_largeFOV-DislocationCharacterization_0#7,eval_MoTaTiZrHf-HEA-DDRX-900C_TEM_largeFOV-DislocationCharacterization_0,DislocationCharacterization,MoTaTiZrHf-HEA-DDRX-900C_TEM_largeFOV-DislocationCharacterization,control,ma_roma,direct,none,4,4384,4096,4384,4096,18,10000,1939,homography,"[1.0493987647202434, 0.013608016618614391, -57.73446688194411, -0.00036756574662471576, 1.0977512708435833, -205.79132361009638, -1.352491769528208e-07, 1.1591233945672496e-05, 1.0]",594.423,593.984,2.23,ok,
eval_MoTaTiZrHf-HEA-DDRX-900C_TEM_largeFOV-DislocationCharacterization_0#7,eval_MoTaTiZrHf-HEA-DDRX-900C_TEM_largeFOV-DislocationCharacterization_0,DislocationCharacterization,MoTaTiZrHf-HEA-DDRX-900C_TEM_largeFOV-DislocationCharacterization,control,ma_roma,direct,none,5,4384,4096,4384,4096,18,10000,1978,affine,"[1.000565856094268, 0.006452172989573607, -27.648747728649823, 0.00019922656466920153, 1.0053747871211194, -22.6145094183712, 0.0, 0.0, 1.0]",527.575,529.834,2.17,ok,
eval_MoTaTiZrHf-HEA-DDRX-900C_TEM_largeFOV-DislocationCharacterization_0#8,eval_MoTaTiZrHf-HEA-DDRX-900C_TEM_largeFOV-DislocationCharacterization_0,DislocationCharacterization,MoTaTiZrHf-HEA-DDRX-900C_TEM_largeFOV-DislocationCharacterization,core,ma_roma,direct,none,0,4384,4096,4384,4096,18,10000,545,affine,"[1.0000535942272268, 0.008319328778622959, -34.68652458714274, -0.0008685067543835878, 0.9976205832455738, 10.96725799583146, 0.0, 0.0, 1.0]",510.414,511.165,2.24,ok,
eval_MoTaTiZrHf-HEA-DDRX-900C_TEM_largeFOV-DislocationCharacterization_0#8,eval_MoTaTiZrHf-HEA-DDRX-900C_TEM_largeFOV-DislocationCharacterization_0,DislocationCharacterization,MoTaTiZrHf-HEA-DDRX-900C_TEM_largeFOV-DislocationCharacterization,core,ma_roma,pyramid_v2,none,0,4384,4096,4384,4096,18,10000,545,affine@direct,"[1.0000535942272268, 0.008319328778622959, -34.68652458714274, -0.0008685067543835878, 0.9976205832455738, 10.96725799583146, 0.0, 0.0, 1.0]",510.414,511.165,2.33,ok,
eval_MoTaTiZrHf-HEA-DDRX-900C_TEM_largeFOV-DislocationCharacterization_0#8,eval_MoTaTiZrHf-HEA-DDRX-900C_TEM_largeFOV-DislocationCharacterization_0,DislocationCharacterization,MoTaTiZrHf-HEA-DDRX-900C_TEM_largeFOV-DislocationCharacterization,transform,ma_roma,direct,invert,0,4384,4096,4384,4096,18,10000,2728,affine,"[1.0000461903046287, -0.0020396038803589004, 9.608233580838714, 0.00011558507503554824, 0.9838095588416644, 69.25770264394578, 0.0, 0.0, 1.0]",464.991,461.051,2.36,ok,
eval_MoTaTiZrHf-HEA-DDRX-900C_TEM_largeFOV-DislocationCharacterization_0#8,eval_MoTaTiZrHf-HEA-DDRX-900C_TEM_largeFOV-DislocationCharacterization_0,DislocationCharacterization,MoTaTiZrHf-HEA-DDRX-900C_TEM_largeFOV-DislocationCharacterization,transform,ma_roma,direct,histmatch,0,4384,4096,4384,4096,18,10000,391,homography,"[0.8906100096942301, -0.0030125770595023776, 12.535917388563568, -0.0016491828084655442, 0.7725897005390719, 495.3641713553847, -4.711804106437074e-07, -2.6062270082052323e-05, 1.0]",396.808,412.371,9.21,ok,
eval_MoTaTiZrHf-HEA-DDRX-900C_TEM_largeFOV-DislocationCharacterization_0#8,eval_MoTaTiZrHf-HEA-DDRX-900C_TEM_largeFOV-DislocationCharacterization_0,DislocationCharacterization,MoTaTiZrHf-HEA-DDRX-900C_TEM_largeFOV-DislocationCharacterization,transform,ma_roma,direct,clahe,0,4384,4096,4384,4096,18,10000,2633,affine,"[0.9999717018637988, -0.002639041113183681, 11.092678168708971, -0.00041196684947678226, 0.9891772177201024, 46.25513404376488, 0.0, 0.0, 1.0]",480.541,475.520,2.60,ok,
eval_MoTaTiZrHf-HEA-DDRX-900C_TEM_largeFOV-DislocationCharacterization_0#8,eval_MoTaTiZrHf-HEA-DDRX-900C_TEM_largeFOV-DislocationCharacterization_0,DislocationCharacterization,MoTaTiZrHf-HEA-DDRX-900C_TEM_largeFOV-DislocationCharacterization,transform,ma_roma,direct,gradmag,0,4384,4096,4384,4096,18,10000,1001,affine,"[0.9991945898161195, 0.001388854340899495, -4.77879994049772, -0.0006595552379849868, 1.0030952597915794, -12.477967888527928, 0.0, 0.0, 1.0]",520.247,522.899,3.27,ok,
eval_MoTaTiZrHf-HEA-DDRX-900C_TEM_largeFOV-DislocationCharacterization_0#8,eval_MoTaTiZrHf-HEA-DDRX-900C_TEM_largeFOV-DislocationCharacterization_0,DislocationCharacterization,MoTaTiZrHf-HEA-DDRX-900C_TEM_largeFOV-DislocationCharacterization,control,ma_roma,direct,none,1,4384,4096,4384,4096,18,10000,612,affine,"[0.9990259552668397, -0.0035085918641010014, 128.82838763193172, -0.0071203951235421815, 0.987533133540456, 513.0674556556937, 0.0, 0.0, 1.0]",30.635,27.042,2.23,ok,
eval_MoTaTiZrHf-HEA-DDRX-900C_TEM_largeFOV-DislocationCharacterization_0#8,eval_MoTaTiZrHf-HEA-DDRX-900C_TEM_largeFOV-DislocationCharacterization_0,DislocationCharacterization,MoTaTiZrHf-HEA-DDRX-900C_TEM_largeFOV-DislocationCharacterization,control,ma_roma,direct,none,2,4384,4096,4384,4096,18,10000,565,affine,"[1.0001873703905095, 0.005941819627804037, -25.051102241053286, -0.0008692866243321832, 0.9940130837536606, 25.965175623121468, 0.0, 0.0, 1.0]",499.583,497.081,2.19,ok,
eval_MoTaTiZrHf-HEA-DDRX-900C_TEM_largeFOV-DislocationCharacterization_0#8,eval_MoTaTiZrHf-HEA-DDRX-900C_TEM_largeFOV-DislocationCharacterization_0,DislocationCharacterization,MoTaTiZrHf-HEA-DDRX-900C_TEM_largeFOV-DislocationCharacterization,control,ma_roma,direct,none,3,4384,4096,4384,4096,18,10000,535,affine,"[1.0022638318479036, 0.005383431961528179, -23.35627155462106, -0.0014101912457667276, 0.9922836729459611, 33.60118143311411, 0.0, 0.0, 1.0]",494.540,491.230,2.20,ok,
eval_MoTaTiZrHf-HEA-DDRX-900C_TEM_largeFOV-DislocationCharacterization_0#8,eval_MoTaTiZrHf-HEA-DDRX-900C_TEM_largeFOV-DislocationCharacterization_0,DislocationCharacterization,MoTaTiZrHf-HEA-DDRX-900C_TEM_largeFOV-DislocationCharacterization,control,ma_roma,direct,none,4,4384,4096,4384,4096,18,10000,530,affine,"[1.0005502514869669, 0.003469687304825674, -14.307585734191548, 0.0001812070782425912, 0.9974124737002673, 11.22119851694697, 0.0, 0.0, 1.0]",504.449,502.757,2.22,ok,
eval_MoTaTiZrHf-HEA-DDRX-900C_TEM_largeFOV-DislocationCharacterization_0#8,eval_MoTaTiZrHf-HEA-DDRX-900C_TEM_largeFOV-DislocationCharacterization_0,DislocationCharacterization,MoTaTiZrHf-HEA-DDRX-900C_TEM_largeFOV-DislocationCharacterization,control,ma_roma,direct,none,5,4384,4096,4384,4096,18,10000,552,affine,"[0.998895350154225, 0.009183859774010358, -38.12753621591622, 0.00017882609829553652, 0.9979740453324987, 9.159473363647521, 0.0, 0.0, 1.0]",510.565,511.515,2.18,ok,
eval_MoTaTiZrHf-HEA-DDRX-900C_TEM_largeFOV-DislocationCharacterization_0#9,eval_MoTaTiZrHf-HEA-DDRX-900C_TEM_largeFOV-DislocationCharacterization_0,DislocationCharacterization,MoTaTiZrHf-HEA-DDRX-900C_TEM_largeFOV-DislocationCharacterization,core,ma_roma,direct,none,0,4384,4096,4384,4096,27,10000,8700,affine,"[0.9997281622131072, -0.0022900041336810944, 10.529060109967304, -0.00019927350816046708, 1.001446413248122, -5.521082529394334, 0.0, 0.0, 1.0]",434.359,434.610,2.06,ok,
eval_MoTaTiZrHf-HEA-DDRX-900C_TEM_largeFOV-DislocationCharacterization_0#9,eval_MoTaTiZrHf-HEA-DDRX-900C_TEM_largeFOV-DislocationCharacterization_0,DislocationCharacterization,MoTaTiZrHf-HEA-DDRX-900C_TEM_largeFOV-DislocationCharacterization,core,ma_roma,pyramid_v2,none,0,4384,4096,4384,4096,27,10000,8700,affine@direct,"[0.9997281622131072, -0.0022900041336810944, 10.529060109967304, -0.00019927350816046708, 1.001446413248122, -5.521082529394334, 0.0, 0.0, 1.0]",434.359,434.610,2.30,ok,
eval_MoTaTiZrHf-HEA-DDRX-900C_TEM_largeFOV-DislocationCharacterization_0#9,eval_MoTaTiZrHf-HEA-DDRX-900C_TEM_largeFOV-DislocationCharacterization_0,DislocationCharacterization,MoTaTiZrHf-HEA-DDRX-900C_TEM_largeFOV-DislocationCharacterization,transform,ma_roma,direct,invert,0,4384,4096,4384,4096,27,10000,1744,affine,"[1.0002395021297228, -0.005061562435138711, 21.331090929402308, -0.0008373735279099469, 1.007591000313361, -30.47867669734387, 0.0, 0.0, 1.0]",444.672,443.349,2.19,ok,
eval_MoTaTiZrHf-HEA-DDRX-900C_TEM_largeFOV-DislocationCharacterization_0#9,eval_MoTaTiZrHf-HEA-DDRX-900C_TEM_largeFOV-DislocationCharacterization_0,DislocationCharacterization,MoTaTiZrHf-HEA-DDRX-900C_TEM_largeFOV-DislocationCharacterization,transform,ma_roma,direct,histmatch,0,4384,4096,4384,4096,27,10000,7393,homography,"[1.010751680511077, 0.004019868761341664, -17.65326053503734, 0.00037418481028075076, 1.0282913149747106, -76.58222642731451, 8.390782773564706e-08, 2.4168697581033095e-06, 1.0]",462.190,455.321,5.80,ok,
eval_MoTaTiZrHf-HEA-DDRX-900C_TEM_largeFOV-DislocationCharacterization_0#9,eval_MoTaTiZrHf-HEA-DDRX-900C_TEM_largeFOV-DislocationCharacterization_0,DislocationCharacterization,MoTaTiZrHf-HEA-DDRX-900C_TEM_largeFOV-DislocationCharacterization,transform,ma_roma,direct,clahe,0,4384,4096,4384,4096,27,10000,3682,affine,"[1.0000002498527871, -0.007195727256852965, 30.375511273665325, 0.00030747657034321406, 1.0065461173764623, -28.725321528150744, 0.0, 0.0, 1.0]",440.654,439.351,2.57,ok,
eval_MoTaTiZrHf-HEA-DDRX-900C_TEM_largeFOV-DislocationCharacterization_0#9,eval_MoTaTiZrHf-HEA-DDRX-900C_TEM_largeFOV-DislocationCharacterization_0,DislocationCharacterization,MoTaTiZrHf-HEA-DDRX-900C_TEM_largeFOV-DislocationCharacterization,transform,ma_roma,direct,gradmag,0,4384,4096,4384,4096,27,10000,6214,affine,"[0.9996183402286111, -0.0034171432762742132, 14.781660928385236, -0.00015141809870857536, 0.9979069220230472, 8.627215307839833, 0.0, 0.0, 1.0]",426.747,427.122,3.12,ok,
eval_MoTaTiZrHf-HEA-DDRX-900C_TEM_largeFOV-DislocationCharacterization_0#9,eval_MoTaTiZrHf-HEA-DDRX-900C_TEM_largeFOV-DislocationCharacterization_0,DislocationCharacterization,MoTaTiZrHf-HEA-DDRX-900C_TEM_largeFOV-DislocationCharacterization,control,ma_roma,direct,none,1,4384,4096,4384,4096,27,10000,8655,affine,"[0.9997309371760635, -0.0014121912381641491, 6.782565685252848, -0.00019147160865606045, 1.0022837901109833, -9.06742304953059, 0.0, 0.0, 1.0]",437.051,437.539,2.12,ok,
eval_MoTaTiZrHf-HEA-DDRX-900C_TEM_largeFOV-DislocationCharacterization_0#9,eval_MoTaTiZrHf-HEA-DDRX-900C_TEM_largeFOV-DislocationCharacterization_0,DislocationCharacterization,MoTaTiZrHf-HEA-DDRX-900C_TEM_largeFOV-DislocationCharacterization,control,ma_roma,direct,none,2,4384,4096,4384,4096,27,10000,8751,affine,"[0.999744647880624, -0.0011602087760073441, 5.709276374715955, -0.0001640723744732321, 1.0018535905356518, -7.3087062299109675, 0.0, 0.0, 1.0]",436.413,436.978,2.19,ok,
eval_MoTaTiZrHf-HEA-DDRX-900C_TEM_largeFOV-DislocationCharacterization_0#9,eval_MoTaTiZrHf-HEA-DDRX-900C_TEM_largeFOV-DislocationCharacterization_0,DislocationCharacterization,MoTaTiZrHf-HEA-DDRX-900C_TEM_largeFOV-DislocationCharacterization,control,ma_roma,direct,none,3,4384,4096,4384,4096,27,10000,8666,homography,"[0.9971459220522755, -0.0033786091794145794, 15.118896404715544, -0.0002875561050271579, 0.997845847212801, -0.944861742753502, -2.4648576227249978e-08, -5.922368450059225e-07, 1.0]",434.409,434.002,2.20,ok,
eval_MoTaTiZrHf-HEA-DDRX-900C_TEM_largeFOV-DislocationCharacterization_0#9,eval_MoTaTiZrHf-HEA-DDRX-900C_TEM_largeFOV-DislocationCharacterization_0,DislocationCharacterization,MoTaTiZrHf-HEA-DDRX-900C_TEM_largeFOV-DislocationCharacterization,control,ma_roma,direct,none,4,4384,4096,4384,4096,27,10000,8689,homography,"[0.9979825921488662, -0.0030697309074086835, 13.914611449215512, -0.00029798704918905197, 0.9992127394668218, -2.9872982978490303, -2.9273077773680984e-08, -3.8234823199478325e-07, 1.0]",434.560,434.391,2.08,ok,
eval_MoTaTiZrHf-HEA-DDRX-900C_TEM_largeFOV-DislocationCharacterization_0#9,eval_MoTaTiZrHf-HEA-DDRX-900C_TEM_largeFOV-DislocationCharacterization_0,DislocationCharacterization,MoTaTiZrHf-HEA-DDRX-900C_TEM_largeFOV-DislocationCharacterization,control,ma_roma,direct,none,5,4384,4096,4384,4096,27,10000,8624,homography,"[0.998590778922811, -0.002594464647762263, 11.78166412748206, -0.0002125646024975666, 1.0000470825550916, -4.388014609462728, -8.767301897238914e-09, -2.641318526836807e-07, 1.0]",434.999,435.101,2.08,ok,
eval_MoTaTiZrHf-HEA-DDRX-900C_TEM_largeFOV-DislocationCharacterization_0#10,eval_MoTaTiZrHf-HEA-DDRX-900C_TEM_largeFOV-DislocationCharacterization_0,DislocationCharacterization,MoTaTiZrHf-HEA-DDRX-900C_TEM_largeFOV-DislocationCharacterization,core,ma_roma,direct,none,0,4384,4096,4384,4096,27,10000,2932,affine,"[1.0001822152147075, 0.0014821681121610468, -6.391809844521504, 7.929924486654559e-05, 1.0021877107670563, -9.315028757293476, 0.0, 0.0, 1.0]",440.007,439.139,2.37,ok,
eval_MoTaTiZrHf-HEA-DDRX-900C_TEM_largeFOV-DislocationCharacterization_0#10,eval_MoTaTiZrHf-HEA-DDRX-900C_TEM_largeFOV-DislocationCharacterization_0,DislocationCharacterization,MoTaTiZrHf-HEA-DDRX-900C_TEM_largeFOV-DislocationCharacterization,core,ma_roma,pyramid_v2,none,0,4384,4096,4384,4096,27,10000,2932,affine@direct,"[1.0001822152147075, 0.0014821681121610468, -6.391809844521504, 7.929924486654559e-05, 1.0021877107670563, -9.315028757293476, 0.0, 0.0, 1.0]",440.007,439.139,2.61,ok,
eval_MoTaTiZrHf-HEA-DDRX-900C_TEM_largeFOV-DislocationCharacterization_0#10,eval_MoTaTiZrHf-HEA-DDRX-900C_TEM_largeFOV-DislocationCharacterization_0,DislocationCharacterization,MoTaTiZrHf-HEA-DDRX-900C_TEM_largeFOV-DislocationCharacterization,transform,ma_roma,direct,invert,0,4384,4096,4384,4096,27,10000,4306,affine,"[0.9999243108616176, -0.002778872585529048, 13.229711491014086, -0.0004447200934241335, 0.9906876925331656, 42.299881445677784, 0.0, 0.0, 1.0]",409.436,406.549,2.56,ok,
eval_MoTaTiZrHf-HEA-DDRX-900C_TEM_largeFOV-DislocationCharacterization_0#10,eval_MoTaTiZrHf-HEA-DDRX-900C_TEM_largeFOV-DislocationCharacterization_0,DislocationCharacterization,MoTaTiZrHf-HEA-DDRX-900C_TEM_largeFOV-DislocationCharacterization,transform,ma_roma,direct,histmatch,0,4384,4096,4384,4096,27,10000,2622,affine,"[1.000550983371222, 6.311872231885196e-05, -0.7183123373538365, 0.00024362891692011432, 0.9969983753859035, 12.685514223678183, 0.0, 0.0, 1.0]",427.090,428.185,7.19,ok,
eval_MoTaTiZrHf-HEA-DDRX-900C_TEM_largeFOV-DislocationCharacterization_0#10,eval_MoTaTiZrHf-HEA-DDRX-900C_TEM_largeFOV-DislocationCharacterization_0,DislocationCharacterization,MoTaTiZrHf-HEA-DDRX-900C_TEM_largeFOV-DislocationCharacterization,transform,ma_roma,direct,clahe,0,4384,4096,4384,4096,27,10000,1342,affine,"[0.9999197834370961, 0.0031936637481472098, -12.7727356928458, -0.000151213202364944, 0.99595802158165, 17.850997156211633, 0.0, 0.0, 1.0]",428.751,429.510,2.99,ok,
eval_MoTaTiZrHf-HEA-DDRX-900C_TEM_largeFOV-DislocationCharacterization_0#10,eval_MoTaTiZrHf-HEA-DDRX-900C_TEM_largeFOV-DislocationCharacterization_0,DislocationCharacterization,MoTaTiZrHf-HEA-DDRX-900C_TEM_largeFOV-DislocationCharacterization,transform,ma_roma,direct,gradmag,0,4384,4096,4384,4096,27,10000,3796,affine,"[1.0000724355888033, -0.0031369839552623374, 13.340835449545466, 2.239164364011417e-05, 0.9963108386122429, 15.64021414110357, 0.0, 0.0, 1.0]",422.790,423.874,3.62,ok,
eval_MoTaTiZrHf-HEA-DDRX-900C_TEM_largeFOV-DislocationCharacterization_0#10,eval_MoTaTiZrHf-HEA-DDRX-900C_TEM_largeFOV-DislocationCharacterization_0,DislocationCharacterization,MoTaTiZrHf-HEA-DDRX-900C_TEM_largeFOV-DislocationCharacterization,control,ma_roma,direct,none,1,4384,4096,4384,4096,27,10000,2865,affine,"[1.0002353920627007, -0.001646965075674985, 6.894959338820627, 0.0001742279179759616, 1.0015568173962373, -6.677492356681796, 0.0, 0.0, 1.0]",435.040,434.932,2.40,ok,
eval_MoTaTiZrHf-HEA-DDRX-900C_TEM_largeFOV-DislocationCharacterization_0#10,eval_MoTaTiZrHf-HEA-DDRX-900C_TEM_largeFOV-DislocationCharacterization_0,DislocationCharacterization,MoTaTiZrHf-HEA-DDRX-900C_TEM_largeFOV-DislocationCharacterization,control,ma_roma,direct,none,2,4384,4096,4384,4096,27,10000,2866,affine,"[1.0002220888179945, -0.0019147281906482978, 8.083275066005399, 0.0001702227543804662, 1.000562177990529, -2.4946767930750866, 0.0, 0.0, 1.0]",432.694,432.189,2.57,ok,
eval_MoTaTiZrHf-HEA-DDRX-900C_TEM_largeFOV-DislocationCharacterization_0#10,eval_MoTaTiZrHf-HEA-DDRX-900C_TEM_largeFOV-DislocationCharacterization_0,DislocationCharacterization,MoTaTiZrHf-HEA-DDRX-900C_TEM_largeFOV-DislocationCharacterization,control,ma_roma,direct,none,3,4384,4096,4384,4096,27,10000,2903,affine,"[1.0002433575397178, -0.0015602884290071746, 6.560678940762045, 4.35550964430495e-05, 1.0015247336241144, -6.414483902218308, 0.0, 0.0, 1.0]",435.189,435.203,2.46,ok,
eval_MoTaTiZrHf-HEA-DDRX-900C_TEM_largeFOV-DislocationCharacterization_0#10,eval_MoTaTiZrHf-HEA-DDRX-900C_TEM_largeFOV-DislocationCharacterization_0,DislocationCharacterization,MoTaTiZrHf-HEA-DDRX-900C_TEM_largeFOV-DislocationCharacterization,control,ma_roma,direct,none,4,4384,4096,4384,4096,27,10000,2837,affine,"[1.000221989499413, -0.0019613437881675798, 8.289549267999746, 0.00015214227962163847, 1.0011255881912309, -4.9038804765368695, 0.0, 0.0, 1.0]",433.874,433.558,2.55,ok,
eval_MoTaTiZrHf-HEA-DDRX-900C_TEM_largeFOV-DislocationCharacterization_0#10,eval_MoTaTiZrHf-HEA-DDRX-900C_TEM_largeFOV-DislocationCharacterization_0,DislocationCharacterization,MoTaTiZrHf-HEA-DDRX-900C_TEM_largeFOV-DislocationCharacterization,control,ma_roma,direct,none,5,4384,4096,4384,4096,27,10000,2945,affine,"[1.0001988797474155, -0.0025299757831832212, 10.74892391080084, 0.00012020676404182779, 1.0011924135044636, -5.057818716521979, 0.0, 0.0, 1.0]",433.353,432.940,2.50,ok,
eval_MoTaTiZrHf-HEA-DDRX-900C_TEM_largeFOV-DislocationCharacterization_0#11,eval_MoTaTiZrHf-HEA-DDRX-900C_TEM_largeFOV-DislocationCharacterization_0,DislocationCharacterization,MoTaTiZrHf-HEA-DDRX-900C_TEM_largeFOV-DislocationCharacterization,core,ma_roma,direct,none,0,4384,4096,4384,4096,27,10000,2353,homography,"[1.008089380421702, 0.0010882301406034064, -3.8842890472608134, -0.00039067340764756205, 1.014639522130821, -25.897111452283795, -1.1258872265436333e-07, 1.995172038782467e-06, 1.0]",436.639,434.403,2.52,ok,
eval_MoTaTiZrHf-HEA-DDRX-900C_TEM_largeFOV-DislocationCharacterization_0#11,eval_MoTaTiZrHf-HEA-DDRX-900C_TEM_largeFOV-DislocationCharacterization_0,DislocationCharacterization,MoTaTiZrHf-HEA-DDRX-900C_TEM_largeFOV-DislocationCharacterization,core,ma_roma,pyramid_v2,none,0,4384,4096,4384,4096,27,10000,2353,homography@direct,"[1.008089380421702, 0.0010882301406034064, -3.8842890472608134, -0.00039067340764756205, 1.014639522130821, -25.897111452283795, -1.1258872265436333e-07, 1.995172038782467e-06, 1.0]",436.639,434.403,2.49,ok,
eval_MoTaTiZrHf-HEA-DDRX-900C_TEM_largeFOV-DislocationCharacterization_0#11,eval_MoTaTiZrHf-HEA-DDRX-900C_TEM_largeFOV-DislocationCharacterization_0,DislocationCharacterization,MoTaTiZrHf-HEA-DDRX-900C_TEM_largeFOV-DislocationCharacterization,transform,ma_roma,direct,invert,0,4384,4096,4384,4096,27,10000,8011,affine,"[0.9999538407736964, 0.002792420265266489, -11.095619431275281, -0.0005776503312338266, 0.9948378247566496, 23.81107861651799, 0.0, 0.0, 1.0]",425.738,426.240,2.68,ok,
eval_MoTaTiZrHf-HEA-DDRX-900C_TEM_largeFOV-DislocationCharacterization_0#11,eval_MoTaTiZrHf-HEA-DDRX-900C_TEM_largeFOV-DislocationCharacterization_0,DislocationCharacterization,MoTaTiZrHf-HEA-DDRX-900C_TEM_largeFOV-DislocationCharacterization,transform,ma_roma,direct,histmatch,0,4384,4096,4384,4096,27,10000,2701,homography,"[1.010970178893382, 0.00368832198478927, -15.442112866350685, 0.0004688013098448768, 1.0214435887559403, -45.88174415574726, 1.3381907184211026e-07, 2.4745397071036636e-06, 1.0]",445.814,443.508,9.34,ok,
eval_MoTaTiZrHf-HEA-DDRX-900C_TEM_largeFOV-DislocationCharacterization_0#11,eval_MoTaTiZrHf-HEA-DDRX-900C_TEM_largeFOV-DislocationCharacterization_0,DislocationCharacterization,MoTaTiZrHf-HEA-DDRX-900C_TEM_largeFOV-DislocationCharacterization,transform,ma_roma,direct,clahe,0,4384,4096,4384,4096,27,10000,2195,affine,"[1.0103790095513068, 0.0018944829036983402, 167.7323224306342, -0.015649271456356317, 0.9985102998752251, 434.5658540000718, 0.0, 0.0, 1.0]",25.465,18.403,2.92,ok,
eval_MoTaTiZrHf-HEA-DDRX-900C_TEM_largeFOV-DislocationCharacterization_0#11,eval_MoTaTiZrHf-HEA-DDRX-900C_TEM_largeFOV-DislocationCharacterization_0,DislocationCharacterization,MoTaTiZrHf-HEA-DDRX-900C_TEM_largeFOV-DislocationCharacterization,transform,ma_roma,direct,gradmag,0,4384,4096,4384,4096,27,10000,6903,homography,"[1.0051440761012875, 0.0036698997247635833, -15.89797173990641, -0.00044040829224013583, 1.0043399891710572, 4.354393448060836, -2.099465944653086e-07, 1.303270194244214e-06, 1.0]",428.850,428.380,3.46,ok,
eval_MoTaTiZrHf-HEA-DDRX-900C_TEM_largeFOV-DislocationCharacterization_0#11,eval_MoTaTiZrHf-HEA-DDRX-900C_TEM_largeFOV-DislocationCharacterization_0,DislocationCharacterization,MoTaTiZrHf-HEA-DDRX-900C_TEM_largeFOV-DislocationCharacterization,control,ma_roma,direct,none,1,4384,4096,4384,4096,27,10000,2432,homography,"[1.0074887714408314, 0.00035219106481162684, -0.7036022421540858, -0.00015611127989757683, 1.0124231478045782, -19.492573947507722, -5.810110296648573e-08, 1.8243849800416145e-06, 1.0]",433.366,431.670,2.59,ok,
eval_MoTaTiZrHf-HEA-DDRX-900C_TEM_largeFOV-DislocationCharacterization_0#11,eval_MoTaTiZrHf-HEA-DDRX-900C_TEM_largeFOV-DislocationCharacterization_0,DislocationCharacterization,MoTaTiZrHf-HEA-DDRX-900C_TEM_largeFOV-DislocationCharacterization,control,ma_roma,direct,none,2,4384,4096,4384,4096,27,10000,2343,affine,"[1.0000877300878934, -0.00031038672475076115, 1.722092086003613, 0.0001488708880309462, 0.9983485754230559, 7.179757880277066, 0.0, 0.0, 1.0]",429.561,429.424,2.32,ok,
eval_MoTaTiZrHf-HEA-DDRX-900C_TEM_largeFOV-DislocationCharacterization_0#11,eval_MoTaTiZrHf-HEA-DDRX-900C_TEM_largeFOV-DislocationCharacterization_0,DislocationCharacterization,MoTaTiZrHf-HEA-DDRX-900C_TEM_largeFOV-DislocationCharacterization,control,ma_roma,direct,none,3,4384,4096,4384,4096,27,10000,2364,affine,"[1.00011805316431, -0.0035529040587973957, 15.52258964323164, 0.00016881767541091175, 0.9967754339014542, 13.88949280866018, 0.0, 0.0, 1.0]",422.582,423.583,2.48,ok,
eval_MoTaTiZrHf-HEA-DDRX-900C_TEM_largeFOV-DislocationCharacterization_0#11,eval_MoTaTiZrHf-HEA-DDRX-900C_TEM_largeFOV-DislocationCharacterization_0,DislocationCharacterization,MoTaTiZrHf-HEA-DDRX-900C_TEM_largeFOV-DislocationCharacterization,control,ma_roma,direct,none,4,4384,4096,4384,4096,27,10000,2379,affine,"[0.9999775329466368, -0.002874011700152454, 12.780400521797219, 0.00015932898660729483, 0.9971611342275613, 12.264253702142923, 0.0, 0.0, 1.0]",424.224,424.832,2.31,ok,
eval_MoTaTiZrHf-HEA-DDRX-900C_TEM_largeFOV-DislocationCharacterization_0#11,eval_MoTaTiZrHf-HEA-DDRX-900C_TEM_largeFOV-DislocationCharacterization_0,DislocationCharacterization,MoTaTiZrHf-HEA-DDRX-900C_TEM_largeFOV-DislocationCharacterization,control,ma_roma,direct,none,5,4384,4096,4384,4096,27,10000,2385,affine,"[1.0000405372033956, -0.004287654080353391, 18.796993023391224, 0.00013437091052573015, 0.9962206297102203, 16.294851482307422, 0.0, 0.0, 1.0]",420.654,421.793,2.19,ok,
eval_MoTaTiZrHf-HEA-DDRX-900C_TEM_largeFOV-DislocationCharacterization_0#12,eval_MoTaTiZrHf-HEA-DDRX-900C_TEM_largeFOV-DislocationCharacterization_0,DislocationCharacterization,MoTaTiZrHf-HEA-DDRX-900C_TEM_largeFOV-DislocationCharacterization,core,ma_roma,direct,none,0,4384,4096,4384,4096,18,10000,4231,affine,"[1.0000828020195602, 0.0006797586507378079, -2.4238234022232064, -3.4920901172284376e-05, 0.9977568302799865, 10.190384968240323, 0.0, 0.0, 1.0]",503.898,501.972,2.31,ok,
eval_MoTaTiZrHf-HEA-DDRX-900C_TEM_largeFOV-DislocationCharacterization_0#12,eval_MoTaTiZrHf-HEA-DDRX-900C_TEM_largeFOV-DislocationCharacterization_0,DislocationCharacterization,MoTaTiZrHf-HEA-DDRX-900C_TEM_largeFOV-DislocationCharacterization,core,ma_roma,pyramid_v2,none,0,4384,4096,4384,4096,18,10000,4231,affine@direct,"[1.0000828020195602, 0.0006797586507378079, -2.4238234022232064, -3.4920901172284376e-05, 0.9977568302799865, 10.190384968240323, 0.0, 0.0, 1.0]",503.898,501.972,2.63,ok,
eval_MoTaTiZrHf-HEA-DDRX-900C_TEM_largeFOV-DislocationCharacterization_0#12,eval_MoTaTiZrHf-HEA-DDRX-900C_TEM_largeFOV-DislocationCharacterization_0,DislocationCharacterization,MoTaTiZrHf-HEA-DDRX-900C_TEM_largeFOV-DislocationCharacterization,transform,ma_roma,direct,invert,0,4384,4096,4384,4096,18,10000,2722,homography,"[1.0038894207582012, -0.0013709504562838322, 119.52498650095733, -0.000160716729684246, 1.0009970599699842, 496.12673047940757, 9.022574335145027e-07, -4.3049978140119535e-07, 1.0]",20.298,18.106,2.58,ok,
eval_MoTaTiZrHf-HEA-DDRX-900C_TEM_largeFOV-DislocationCharacterization_0#12,eval_MoTaTiZrHf-HEA-DDRX-900C_TEM_largeFOV-DislocationCharacterization_0,DislocationCharacterization,MoTaTiZrHf-HEA-DDRX-900C_TEM_largeFOV-DislocationCharacterization,transform,ma_roma,direct,histmatch,0,4384,4096,4384,4096,18,10000,5115,affine,"[1.0001099153620219, 0.005032405408793451, -21.086187134809734, -4.546574864987051e-05, 1.001971139485721, -7.868693927292952, 0.0, 0.0, 1.0]",518.059,520.221,9.02,ok,
eval_MoTaTiZrHf-HEA-DDRX-900C_TEM_largeFOV-DislocationCharacterization_0#12,eval_MoTaTiZrHf-HEA-DDRX-900C_TEM_largeFOV-DislocationCharacterization_0,DislocationCharacterization,MoTaTiZrHf-HEA-DDRX-900C_TEM_largeFOV-DislocationCharacterization,transform,ma_roma,direct,clahe,0,4384,4096,4384,4096,18,10000,2031,affine,"[0.999640031540554, -0.0005489154005340953, 2.7843070127012197, -0.0004099108669971602, 1.0018027888021654, -6.4899926921980295, 0.0, 0.0, 1.0]",514.494,515.674,2.88,ok,
eval_MoTaTiZrHf-HEA-DDRX-900C_TEM_largeFOV-DislocationCharacterization_0#12,eval_MoTaTiZrHf-HEA-DDRX-900C_TEM_largeFOV-DislocationCharacterization_0,DislocationCharacterization,MoTaTiZrHf-HEA-DDRX-900C_TEM_largeFOV-DislocationCharacterization,transform,ma_roma,direct,gradmag,0,4384,4096,4384,4096,18,10000,8170,affine,"[0.9998323095037716, -0.0017706823602038804, 7.916409764725813, -0.00021702347790404593, 0.9953865964128423, 20.172105331819694, 0.0, 0.0, 1.0]",496.771,493.529,3.39,ok,
eval_MoTaTiZrHf-HEA-DDRX-900C_TEM_largeFOV-DislocationCharacterization_0#12,eval_MoTaTiZrHf-HEA-DDRX-900C_TEM_largeFOV-DislocationCharacterization_0,DislocationCharacterization,MoTaTiZrHf-HEA-DDRX-900C_TEM_largeFOV-DislocationCharacterization,control,ma_roma,direct,none,1,4384,4096,4384,4096,18,10000,4309,homography,"[0.9875760633943657, -0.0036643181649241813, 16.245610274071907, -0.0005572743653295399, 0.9733838626822182, 62.442116003622644, -1.203974804734477e-07, -2.8401628170934786e-06, 1.0]",483.145,480.937,2.39,ok,
eval_MoTaTiZrHf-HEA-DDRX-900C_TEM_largeFOV-DislocationCharacterization_0#12,eval_MoTaTiZrHf-HEA-DDRX-900C_TEM_largeFOV-DislocationCharacterization_0,DislocationCharacterization,MoTaTiZrHf-HEA-DDRX-900C_TEM_largeFOV-DislocationCharacterization,control,ma_roma,direct,none,2,4384,4096,4384,4096,18,10000,4237,affine,"[1.0000785046739544, 0.0007330674181080738, -2.645723917529267, -5.522487462056069e-05, 0.9984336460235028, 7.326181941350114, 0.0, 0.0, 1.0]",505.763,504.461,2.31,ok,
eval_MoTaTiZrHf-HEA-DDRX-900C_TEM_largeFOV-DislocationCharacterization_0#12,eval_MoTaTiZrHf-HEA-DDRX-900C_TEM_largeFOV-DislocationCharacterization_0,DislocationCharacterization,MoTaTiZrHf-HEA-DDRX-900C_TEM_largeFOV-DislocationCharacterization,control,ma_roma,direct,none,3,4384,4096,4384,4096,18,10000,4349,homography,"[0.9878387847201571, -0.004648530167732623, 20.425666788452784, -0.0005551889988518751, 0.9744165841741216, 59.24096477702238, -1.2762632053501958e-07, -2.772810506556554e-06, 1.0]",484.115,481.794,2.48,ok,
eval_MoTaTiZrHf-HEA-DDRX-900C_TEM_largeFOV-DislocationCharacterization_0#12,eval_MoTaTiZrHf-HEA-DDRX-900C_TEM_largeFOV-DislocationCharacterization_0,DislocationCharacterization,MoTaTiZrHf-HEA-DDRX-900C_TEM_largeFOV-DislocationCharacterization,control,ma_roma,direct,none,4,4384,4096,4384,4096,18,10000,4289,affine,"[0.9999874161211718, 0.0021653271827511956, -8.522408688415908, -1.1181740859075319e-05, 0.9950499408067919, 21.64986303047499, 0.0, 0.0, 1.0]",497.671,494.489,2.29,ok,
eval_MoTaTiZrHf-HEA-DDRX-900C_TEM_largeFOV-DislocationCharacterization_0#12,eval_MoTaTiZrHf-HEA-DDRX-900C_TEM_largeFOV-DislocationCharacterization_0,DislocationCharacterization,MoTaTiZrHf-HEA-DDRX-900C_TEM_largeFOV-DislocationCharacterization,control,ma_roma,direct,none,5,4384,4096,4384,4096,18,10000,4403,affine,"[1.0000184442033386, 0.0014588825420799618, -5.6102436759888406, -6.939080801847122e-05, 0.9954314978555019, 20.137049231228957, 0.0, 0.0, 1.0]",498.254,495.159,2.24,ok,
eval_MoTaTiZrHf-HEA-DDRX-900C_TEM_largeFOV-DislocationCharacterization_0#13,eval_MoTaTiZrHf-HEA-DDRX-900C_TEM_largeFOV-DislocationCharacterization_0,DislocationCharacterization,MoTaTiZrHf-HEA-DDRX-900C_TEM_largeFOV-DislocationCharacterization,core,ma_roma,direct,none,0,4384,4096,4384,4096,18,10000,1071,affine,"[1.0052286104969617, 0.0033027829978443833, 107.27494450536165, 0.002492602094235822, 1.003239929818135, 489.98553702876166, 0.0, 0.0, 1.0]",21.784,19.438,2.39,ok,
eval_MoTaTiZrHf-HEA-DDRX-900C_TEM_largeFOV-DislocationCharacterization_0#13,eval_MoTaTiZrHf-HEA-DDRX-900C_TEM_largeFOV-DislocationCharacterization_0,DislocationCharacterization,MoTaTiZrHf-HEA-DDRX-900C_TEM_largeFOV-DislocationCharacterization,core,ma_roma,pyramid_v2,none,0,4384,4096,4384,4096,18,10000,1071,affine@direct,"[1.0052286104969617, 0.0033027829978443833, 107.27494450536165, 0.002492602094235822, 1.003239929818135, 489.98553702876166, 0.0, 0.0, 1.0]",21.784,19.438,2.53,ok,
eval_MoTaTiZrHf-HEA-DDRX-900C_TEM_largeFOV-DislocationCharacterization_0#13,eval_MoTaTiZrHf-HEA-DDRX-900C_TEM_largeFOV-DislocationCharacterization_0,DislocationCharacterization,MoTaTiZrHf-HEA-DDRX-900C_TEM_largeFOV-DislocationCharacterization,transform,ma_roma,direct,invert,0,4384,4096,4384,4096,18,10000,8252,affine,"[0.9998269241730118, -0.002922196372384066, 14.056097037419022, -0.00025988135361608157, 0.9931056200911753, 30.086690939979235, 0.0, 0.0, 1.0]",489.649,485.588,2.41,ok,
eval_MoTaTiZrHf-HEA-DDRX-900C_TEM_largeFOV-DislocationCharacterization_0#13,eval_MoTaTiZrHf-HEA-DDRX-900C_TEM_largeFOV-DislocationCharacterization_0,DislocationCharacterization,MoTaTiZrHf-HEA-DDRX-900C_TEM_largeFOV-DislocationCharacterization,transform,ma_roma,direct,histmatch,0,4384,4096,4384,4096,18,10000,1747,affine,"[1.0002000679894931, 0.0033483112778000617, -14.114323481813699, 0.00023040646659952215, 1.0007357854386911, -2.823198075001528, 0.0, 0.0, 1.0]",513.237,514.048,6.29,ok,
eval_MoTaTiZrHf-HEA-DDRX-900C_TEM_largeFOV-DislocationCharacterization_0#13,eval_MoTaTiZrHf-HEA-DDRX-900C_TEM_largeFOV-DislocationCharacterization_0,DislocationCharacterization,MoTaTiZrHf-HEA-DDRX-900C_TEM_largeFOV-DislocationCharacterization,transform,ma_roma,direct,clahe,0,4384,4096,4384,4096,18,10000,82,homography,"[0.8397589495142822, -0.013577281217225299, 222.29633456571946, 0.18147306090119797, 0.848289778630471, 616.1923880565167, 3.373466075585391e-05, -2.831090810238073e-05, 1.0]",472.429,438.482,2.51,ok,
eval_MoTaTiZrHf-HEA-DDRX-900C_TEM_largeFOV-DislocationCharacterization_0#13,eval_MoTaTiZrHf-HEA-DDRX-900C_TEM_largeFOV-DislocationCharacterization_0,DislocationCharacterization,MoTaTiZrHf-HEA-DDRX-900C_TEM_largeFOV-DislocationCharacterization,transform,ma_roma,direct,gradmag,0,4384,4096,4384,4096,18,10000,4519,homography,"[0.9646630399923474, -0.017381330716024716, 74.74357198420168, -0.0008782020986883112, 0.9290940872151151, 155.39090800086524, -2.7566918102086393e-07, -8.05048108384748e-06, 1.0]",442.709,445.425,3.08,ok,
eval_MoTaTiZrHf-HEA-DDRX-900C_TEM_largeFOV-DislocationCharacterization_0#13,eval_MoTaTiZrHf-HEA-DDRX-900C_TEM_largeFOV-DislocationCharacterization_0,DislocationCharacterization,MoTaTiZrHf-HEA-DDRX-900C_TEM_largeFOV-DislocationCharacterization,control,ma_roma,direct,none,1,4384,4096,4384,4096,18,10000,1102,affine,"[1.005064667606113, 0.0032485745975942507, 107.45133586615998, 0.002474100096580833, 1.0027752221304147, 490.7543232550952, 0.0, 0.0, 1.0]",21.676,19.499,2.23,ok,
eval_MoTaTiZrHf-HEA-DDRX-900C_TEM_largeFOV-DislocationCharacterization_0#13,eval_MoTaTiZrHf-HEA-DDRX-900C_TEM_largeFOV-DislocationCharacterization_0,DislocationCharacterization,MoTaTiZrHf-HEA-DDRX-900C_TEM_largeFOV-DislocationCharacterization,control,ma_roma,direct,none,2,4384,4096,4384,4096,18,10000,1017,homography,"[1.0369679644015166, 0.00373581055013666, 99.74551656749578, 0.020464505082793506, 1.040222828647629, 456.27300927347807, 9.79155168449055e-06, 6.600156547008636e-06, 1.0]",27.079,25.748,2.20,ok,
eval_MoTaTiZrHf-HEA-DDRX-900C_TEM_largeFOV-DislocationCharacterization_0#13,eval_MoTaTiZrHf-HEA-DDRX-900C_TEM_largeFOV-DislocationCharacterization_0,DislocationCharacterization,MoTaTiZrHf-HEA-DDRX-900C_TEM_largeFOV-DislocationCharacterization,control,ma_roma,direct,none,3,4384,4096,4384,4096,18,10000,1084,affine,"[1.006117748484602, -0.00016520327535102803, 111.89227455771481, 0.0028493229489908937, 1.0022587670324061, 490.51034373793505, 0.0, 0.0, 1.0]",22.330,20.243,2.22,ok,
eval_MoTaTiZrHf-HEA-DDRX-900C_TEM_largeFOV-DislocationCharacterization_0#13,eval_MoTaTiZrHf-HEA-DDRX-900C_TEM_largeFOV-DislocationCharacterization_0,DislocationCharacterization,MoTaTiZrHf-HEA-DDRX-900C_TEM_largeFOV-DislocationCharacterization,control,ma_roma,direct,none,4,4384,4096,4384,4096,18,10000,898,homography,"[0.9934445825582401, -0.0012447549743386237, 124.18349926208552, -0.012969532881460053, 1.0098398860603968, 485.6054507844776, -8.601193354166094e-06, 2.9259186481354767e-06, 1.0]",47.961,39.430,2.20,ok,
eval_MoTaTiZrHf-HEA-DDRX-900C_TEM_largeFOV-DislocationCharacterization_0#13,eval_MoTaTiZrHf-HEA-DDRX-900C_TEM_largeFOV-DislocationCharacterization_0,DislocationCharacterization,MoTaTiZrHf-HEA-DDRX-900C_TEM_largeFOV-DislocationCharacterization,control,ma_roma,direct,none,5,4384,4096,4384,4096,18,10000,1003,homography,"[1.0118843810399591, -0.007031567225448363, 115.7241478719681, 0.01020433025596271, 0.9963140034387513, 489.9908644458512, 4.570184522080149e-06, -3.885684448858851e-06, 1.0]",20.970,19.796,2.17,ok,
eval_MoTaTiZrHf-HEA-DDRX-900C_TEM_largeFOV-DislocationCharacterization_0#14,eval_MoTaTiZrHf-HEA-DDRX-900C_TEM_largeFOV-DislocationCharacterization_0,DislocationCharacterization,MoTaTiZrHf-HEA-DDRX-900C_TEM_largeFOV-DislocationCharacterization,core,ma_roma,direct,none,0,4384,4096,4384,4096,18,10000,3770,affine,"[0.9999139492275879, -0.0003925472189356383, 1.6760793437597385, 0.00038665150833869433, 1.0004080687591812, -2.194523519773611, 0.0, 0.0, 1.0]",510.587,510.314,2.13,ok,
eval_MoTaTiZrHf-HEA-DDRX-900C_TEM_largeFOV-DislocationCharacterization_0#14,eval_MoTaTiZrHf-HEA-DDRX-900C_TEM_largeFOV-DislocationCharacterization_0,DislocationCharacterization,MoTaTiZrHf-HEA-DDRX-900C_TEM_largeFOV-DislocationCharacterization,core,ma_roma,pyramid_v2,none,0,4384,4096,4384,4096,18,10000,3770,affine@direct,"[0.9999139492275879, -0.0003925472189356383, 1.6760793437597385, 0.00038665150833869433, 1.0004080687591812, -2.194523519773611, 0.0, 0.0, 1.0]",510.587,510.314,2.31,ok,
eval_MoTaTiZrHf-HEA-DDRX-900C_TEM_largeFOV-DislocationCharacterization_0#14,eval_MoTaTiZrHf-HEA-DDRX-900C_TEM_largeFOV-DislocationCharacterization_0,DislocationCharacterization,MoTaTiZrHf-HEA-DDRX-900C_TEM_largeFOV-DislocationCharacterization,transform,ma_roma,direct,invert,0,4384,4096,4384,4096,18,10000,971,affine,"[1.0000820112684892, 0.001179380018158564, -4.18204615796526, -0.0005215293092526014, 0.9875591495158684, 56.29393961843925, 0.0, 0.0, 1.0]",475.585,470.513,2.21,ok,
eval_MoTaTiZrHf-HEA-DDRX-900C_TEM_largeFOV-DislocationCharacterization_0#14,eval_MoTaTiZrHf-HEA-DDRX-900C_TEM_largeFOV-DislocationCharacterization_0,DislocationCharacterization,MoTaTiZrHf-HEA-DDRX-900C_TEM_largeFOV-DislocationCharacterization,transform,ma_roma,direct,histmatch,0,4384,4096,4384,4096,18,10000,4965,affine,"[1.000091961848569, 0.002843359283713409, -12.125016522404167, 0.0004309115935483096, 1.0004664727577222, -2.455882130473583, 0.0, 0.0, 1.0]",512.587,513.003,8.57,ok,
eval_MoTaTiZrHf-HEA-DDRX-900C_TEM_largeFOV-DislocationCharacterization_0#14,eval_MoTaTiZrHf-HEA-DDRX-900C_TEM_largeFOV-DislocationCharacterization_0,DislocationCharacterization,MoTaTiZrHf-HEA-DDRX-900C_TEM_largeFOV-DislocationCharacterization,transform,ma_roma,direct,clahe,0,4384,4096,4384,4096,18,10000,3956,affine,"[0.9997809750845525, -0.0018738327066475141, 8.203235181064883, -6.920513027401107e-05, 0.9901023525681035, 41.97060945983594, 0.0, 0.0, 1.0]",483.036,477.976,2.59,ok,
eval_MoTaTiZrHf-HEA-DDRX-900C_TEM_largeFOV-DislocationCharacterization_0#14,eval_MoTaTiZrHf-HEA-DDRX-900C_TEM_largeFOV-DislocationCharacterization_0,DislocationCharacterization,MoTaTiZrHf-HEA-DDRX-900C_TEM_largeFOV-DislocationCharacterization,transform,ma_roma,direct,gradmag,0,4384,4096,4384,4096,18,10000,7577,homography,"[0.9957808079754937, -0.005956664217382722, 25.70393433295066, 0.0001426308889620481, 0.9931971136642836, 11.478973720044353, -2.1925450412763844e-08, -9.547996060283553e-07, 1.0]",503.633,501.135,3.01,ok,
eval_MoTaTiZrHf-HEA-DDRX-900C_TEM_largeFOV-DislocationCharacterization_0#14,eval_MoTaTiZrHf-HEA-DDRX-900C_TEM_largeFOV-DislocationCharacterization_0,DislocationCharacterization,MoTaTiZrHf-HEA-DDRX-900C_TEM_largeFOV-DislocationCharacterization,control,ma_roma,direct,none,1,4384,4096,4384,4096,18,10000,3830,affine,"[0.9998862583857462, -0.00026188866780785117, 1.1731021849527679, 0.0004044591440688013, 0.9989436537818907, 4.00716792700041, 0.0, 0.0, 1.0]",506.760,505.284,2.20,ok,
eval_MoTaTiZrHf-HEA-DDRX-900C_TEM_largeFOV-DislocationCharacterization_0#14,eval_MoTaTiZrHf-HEA-DDRX-900C_TEM_largeFOV-DislocationCharacterization_0,DislocationCharacterization,MoTaTiZrHf-HEA-DDRX-900C_TEM_largeFOV-DislocationCharacterization,control,ma_roma,direct,none,2,4384,4096,4384,4096,18,10000,3839,affine,"[0.9999189501999314, -0.00018995043503304695, 0.8346040579740475, 0.0003578715724147744, 1.0005918181792735, -2.9134074185867576, 0.0, 0.0, 1.0]",511.196,511.096,2.21,ok,
eval_MoTaTiZrHf-HEA-DDRX-900C_TEM_largeFOV-DislocationCharacterization_0#14,eval_MoTaTiZrHf-HEA-DDRX-900C_TEM_largeFOV-DislocationCharacterization_0,DislocationCharacterization,MoTaTiZrHf-HEA-DDRX-900C_TEM_largeFOV-DislocationCharacterization,control,ma_roma,direct,none,3,4384,4096,4384,4096,18,10000,3809,homography,"[1.0070266058240938, 0.0031470561010871656, -13.332688080793183, 0.0002959957518639878, 1.015281180903808, -35.146237645788354, -3.0368266236437327e-09, 1.6701909074482702e-06, 1.0]",525.519,527.052,2.09,ok,
eval_MoTaTiZrHf-HEA-DDRX-900C_TEM_largeFOV-DislocationCharacterization_0#14,eval_MoTaTiZrHf-HEA-DDRX-900C_TEM_largeFOV-DislocationCharacterization_0,DislocationCharacterization,MoTaTiZrHf-HEA-DDRX-900C_TEM_largeFOV-DislocationCharacterization,control,ma_roma,direct,none,4,4384,4096,4384,4096,18,10000,3761,affine,"[0.9999234217325547, 0.0001843144197760672, -0.7781540836874683, 0.0003835483125791836, 1.0001252589800134, -0.9789645294576985, 0.0, 0.0, 1.0]",510.175,509.860,2.21,ok,
eval_MoTaTiZrHf-HEA-DDRX-900C_TEM_largeFOV-DislocationCharacterization_0#14,eval_MoTaTiZrHf-HEA-DDRX-900C_TEM_largeFOV-DislocationCharacterization_0,DislocationCharacterization,MoTaTiZrHf-HEA-DDRX-900C_TEM_largeFOV-DislocationCharacterization,control,ma_roma,direct,none,5,4384,4096,4384,4096,18,10000,3821,homography,"[1.0023435106601206, 9.15284656370074e-05, -0.4389126657133216, 0.0004996742471229219, 1.0051691342621207, -12.578230918922594, 3.335172564527892e-08, 5.424115439698566e-07, 1.0]",514.635,515.429,2.19,ok,
eval_MoTaTiZrHf-HEA-DDRX-900C_TEM_largeFOV-DislocationCharacterization_0#15,eval_MoTaTiZrHf-HEA-DDRX-900C_TEM_largeFOV-DislocationCharacterization_0,DislocationCharacterization,MoTaTiZrHf-HEA-DDRX-900C_TEM_largeFOV-DislocationCharacterization,core,ma_roma,direct,none,0,4384,4096,4384,4096,27,10000,6788,homography,"[1.019214244211712, 0.01471703417293027, -62.87662015150695, 0.0008370324906622462, 1.0414909040367335, -97.67817994200475, 1.3877238969205482e-07, 4.387927241836986e-06, 1.0]",472.229,462.728,2.07,ok,
eval_MoTaTiZrHf-HEA-DDRX-900C_TEM_largeFOV-DislocationCharacterization_0#15,eval_MoTaTiZrHf-HEA-DDRX-900C_TEM_largeFOV-DislocationCharacterization_0,DislocationCharacterization,MoTaTiZrHf-HEA-DDRX-900C_TEM_largeFOV-DislocationCharacterization,core,ma_roma,pyramid_v2,none,0,4384,4096,4384,4096,27,10000,6788,homography@direct,"[1.019214244211712, 0.01471703417293027, -62.87662015150695, 0.0008370324906622462, 1.0414909040367335, -97.67817994200475, 1.3877238969205482e-07, 4.387927241836986e-06, 1.0]",472.229,462.728,2.10,ok,
eval_MoTaTiZrHf-HEA-DDRX-900C_TEM_largeFOV-DislocationCharacterization_0#15,eval_MoTaTiZrHf-HEA-DDRX-900C_TEM_largeFOV-DislocationCharacterization_0,DislocationCharacterization,MoTaTiZrHf-HEA-DDRX-900C_TEM_largeFOV-DislocationCharacterization,transform,ma_roma,direct,invert,0,4384,4096,4384,4096,27,10000,1237,homography,"[1.0108304316678136, 0.003211921749564362, -15.601659516811038, 0.003591967719795654, 1.0238792649694628, -72.15359455845929, 1.1006398398334134e-06, 1.4892179414916497e-06, 1.0]",460.363,455.415,2.29,ok,
eval_MoTaTiZrHf-HEA-DDRX-900C_TEM_largeFOV-DislocationCharacterization_0#15,eval_MoTaTiZrHf-HEA-DDRX-900C_TEM_largeFOV-DislocationCharacterization_0,DislocationCharacterization,MoTaTiZrHf-HEA-DDRX-900C_TEM_largeFOV-DislocationCharacterization,transform,ma_roma,direct,histmatch,0,4384,4096,4384,4096,27,10000,6602,affine,"[0.9995030666813566, -0.002008017925282849, 9.998875644468626, 0.0002185926378016167, 1.0041301351699012, -18.102930244967865, 0.0, 0.0, 1.0]",440.474,439.199,5.80,ok,
eval_MoTaTiZrHf-HEA-DDRX-900C_TEM_largeFOV-DislocationCharacterization_0#15,eval_MoTaTiZrHf-HEA-DDRX-900C_TEM_largeFOV-DislocationCharacterization_0,DislocationCharacterization,MoTaTiZrHf-HEA-DDRX-900C_TEM_largeFOV-DislocationCharacterization,transform,ma_roma,direct,clahe,0,4384,4096,4384,4096,27,10000,1542,affine,"[0.9999530081513264, 0.0016807523414040179, -6.944822141626901, -5.6387266142546356e-05, 1.0031709738063028, -13.024659804284056, 0.0, 0.0, 1.0]",442.246,440.514,2.32,ok,
eval_MoTaTiZrHf-HEA-DDRX-900C_TEM_largeFOV-DislocationCharacterization_0#15,eval_MoTaTiZrHf-HEA-DDRX-900C_TEM_largeFOV-DislocationCharacterization_0,DislocationCharacterization,MoTaTiZrHf-HEA-DDRX-900C_TEM_largeFOV-DislocationCharacterization,transform,ma_roma,direct,gradmag,0,4384,4096,4384,4096,27,10000,8027,homography,"[0.9940895922502605, -0.005981663970169121, 25.55201981065081, -0.0003508814079989354, 0.9845806636882772, 41.41207716295706, -1.8012324508526183e-07, -1.2995592244810363e-06, 1.0]",414.571,412.800,2.84,ok,
eval_MoTaTiZrHf-HEA-DDRX-900C_TEM_largeFOV-DislocationCharacterization_0#15,eval_MoTaTiZrHf-HEA-DDRX-900C_TEM_largeFOV-DislocationCharacterization_0,DislocationCharacterization,MoTaTiZrHf-HEA-DDRX-900C_TEM_largeFOV-DislocationCharacterization,control,ma_roma,direct,none,1,4384,4096,4384,4096,27,10000,6838,homography,"[1.0228590544845915, 0.01586127376250958, -67.69720413483938, 0.0008566767766836812, 1.0488810038776168, -113.55021220100049, 1.3697827625047195e-07, 5.252308302717884e-06, 1.0]",476.365,466.662,2.01,ok,
eval_MoTaTiZrHf-HEA-DDRX-900C_TEM_largeFOV-DislocationCharacterization_0#15,eval_MoTaTiZrHf-HEA-DDRX-900C_TEM_largeFOV-DislocationCharacterization_0,DislocationCharacterization,MoTaTiZrHf-HEA-DDRX-900C_TEM_largeFOV-DislocationCharacterization,control,ma_roma,direct,none,2,4384,4096,4384,4096,27,10000,6826,homography,"[1.023882331828249, 0.016340762027296805, -69.77633560146944, 0.001037768662012298, 1.0516098769435032, -121.3712202865321, 1.6992632154292208e-07, 5.466038314380658e-06, 1.0]",479.322,469.784,2.10,ok,
eval_MoTaTiZrHf-HEA-DDRX-900C_TEM_largeFOV-DislocationCharacterization_0#15,eval_MoTaTiZrHf-HEA-DDRX-900C_TEM_largeFOV-DislocationCharacterization_0,DislocationCharacterization,MoTaTiZrHf-HEA-DDRX-900C_TEM_largeFOV-DislocationCharacterization,control,ma_roma,direct,none,3,4384,4096,4384,4096,27,10000,6865,homography,"[1.022449731965, 0.015346858715494438, -65.5884822582148, 0.000929577050803741, 1.0488141784925185, -115.33343863500082, 1.5833680989756444e-07, 5.135187585924592e-06, 1.0]",477.288,467.779,2.11,ok,
eval_MoTaTiZrHf-HEA-DDRX-900C_TEM_largeFOV-DislocationCharacterization_0#15,eval_MoTaTiZrHf-HEA-DDRX-900C_TEM_largeFOV-DislocationCharacterization_0,DislocationCharacterization,MoTaTiZrHf-HEA-DDRX-900C_TEM_largeFOV-DislocationCharacterization,control,ma_roma,direct,none,4,4384,4096,4384,4096,27,10000,6781,affine,"[0.9999586682921412, 0.002593088827926701, -10.780633658351235, 0.00027676561362023427, 1.003794791511955, -16.79346477494437, 0.0, 0.0, 1.0]",444.870,442.274,2.09,ok,
eval_MoTaTiZrHf-HEA-DDRX-900C_TEM_largeFOV-DislocationCharacterization_0#15,eval_MoTaTiZrHf-HEA-DDRX-900C_TEM_largeFOV-DislocationCharacterization_0,DislocationCharacterization,MoTaTiZrHf-HEA-DDRX-900C_TEM_largeFOV-DislocationCharacterization,control,ma_roma,direct,none,5,4384,4096,4384,4096,27,10000,6861,homography,"[1.0191187152111505, 0.014863172457839661, -63.39851366284805, 0.000857532386434096, 1.0417402725638387, -99.01586324269749, 1.331791438700594e-07, 4.376891433048007e-06, 1.0]",473.065,463.702,2.10,ok,
eval_MoTaTiZrHf-HEA-DDRX-900C_TEM_largeFOV-DislocationCharacterization_0#16,eval_MoTaTiZrHf-HEA-DDRX-900C_TEM_largeFOV-DislocationCharacterization_0,DislocationCharacterization,MoTaTiZrHf-HEA-DDRX-900C_TEM_largeFOV-DislocationCharacterization,core,ma_roma,direct,none,0,4384,4096,4384,4096,27,10000,2975,affine,"[1.0002410173305514, -0.0004475230904448818, 1.739426430098547, 6.818199236197393e-05, 1.0040680167184346, -17.284305808007957, 0.0, 0.0, 1.0]",441.800,440.096,2.07,ok,
eval_MoTaTiZrHf-HEA-DDRX-900C_TEM_largeFOV-DislocationCharacterization_0#16,eval_MoTaTiZrHf-HEA-DDRX-900C_TEM_largeFOV-DislocationCharacterization_0,DislocationCharacterization,MoTaTiZrHf-HEA-DDRX-900C_TEM_largeFOV-DislocationCharacterization,core,ma_roma,pyramid_v2,none,0,4384,4096,4384,4096,27,10000,2975,affine@direct,"[1.0002410173305514, -0.0004475230904448818, 1.739426430098547, 6.818199236197393e-05, 1.0040680167184346, -17.284305808007957, 0.0, 0.0, 1.0]",441.800,440.096,2.31,ok,
eval_MoTaTiZrHf-HEA-DDRX-900C_TEM_largeFOV-DislocationCharacterization_0#16,eval_MoTaTiZrHf-HEA-DDRX-900C_TEM_largeFOV-DislocationCharacterization_0,DislocationCharacterization,MoTaTiZrHf-HEA-DDRX-900C_TEM_largeFOV-DislocationCharacterization,transform,ma_roma,direct,invert,0,4384,4096,4384,4096,27,10000,5717,affine,"[0.999951863471068, 0.0006424322661920466, -1.036042257880581, 0.0005166745054380347, 0.9906551527342413, 37.90763801912999, 0.0, 0.0, 1.0]",415.230,415.061,2.29,ok,
eval_MoTaTiZrHf-HEA-DDRX-900C_TEM_largeFOV-DislocationCharacterization_0#16,eval_MoTaTiZrHf-HEA-DDRX-900C_TEM_largeFOV-DislocationCharacterization_0,DislocationCharacterization,MoTaTiZrHf-HEA-DDRX-900C_TEM_largeFOV-DislocationCharacterization,transform,ma_roma,direct,histmatch,0,4384,4096,4384,4096,27,10000,3177,affine,"[0.9999235977559271, -0.005409294743567108, 23.19186634780317, -5.134393674207399e-05, 1.0053288656829595, -22.438572589966498, 0.0, 0.0, 1.0]",439.466,438.198,6.09,ok,
eval_MoTaTiZrHf-HEA-DDRX-900C_TEM_largeFOV-DislocationCharacterization_0#16,eval_MoTaTiZrHf-HEA-DDRX-900C_TEM_largeFOV-DislocationCharacterization_0,DislocationCharacterization,MoTaTiZrHf-HEA-DDRX-900C_TEM_largeFOV-DislocationCharacterization,transform,ma_roma,direct,clahe,0,4384,4096,4384,4096,27,10000,2224,homography,"[1.0036866000832048, -0.002171669541616437, 8.807388796528803, 0.00015524221402179718, 1.0125360772300553, -39.192051190909915, 4.731585286613385e-09, 8.040470705116065e-07, 0.9999999999999999]",446.448,444.959,2.61,ok,
eval_MoTaTiZrHf-HEA-DDRX-900C_TEM_largeFOV-DislocationCharacterization_0#16,eval_MoTaTiZrHf-HEA-DDRX-900C_TEM_largeFOV-DislocationCharacterization_0,DislocationCharacterization,MoTaTiZrHf-HEA-DDRX-900C_TEM_largeFOV-DislocationCharacterization,transform,ma_roma,direct,gradmag,0,4384,4096,4384,4096,27,10000,6287,affine,"[0.9996826349718381, 0.005013579337667582, -20.73962809409295, -5.2465790804866015e-05, 0.9988396775919285, 4.989350655107046, 0.0, 0.0, 1.0]",437.538,438.134,2.98,ok,
eval_MoTaTiZrHf-HEA-DDRX-900C_TEM_largeFOV-DislocationCharacterization_0#16,eval_MoTaTiZrHf-HEA-DDRX-900C_TEM_largeFOV-DislocationCharacterization_0,DislocationCharacterization,MoTaTiZrHf-HEA-DDRX-900C_TEM_largeFOV-DislocationCharacterization,control,ma_roma,direct,none,1,4384,4096,4384,4096,27,10000,3055,homography,"[1.01012455308047, 0.0024849089391582187, -10.4299416289819, -5.363752568358807e-05, 1.0242201267690565, -59.73049615048673, -3.6901727786219046e-09, 2.3858808505731547e-06, 1.0]",452.779,449.378,2.20,ok,
eval_MoTaTiZrHf-HEA-DDRX-900C_TEM_largeFOV-DislocationCharacterization_0#16,eval_MoTaTiZrHf-HEA-DDRX-900C_TEM_largeFOV-DislocationCharacterization_0,DislocationCharacterization,MoTaTiZrHf-HEA-DDRX-900C_TEM_largeFOV-DislocationCharacterization,control,ma_roma,direct,none,2,4384,4096,4384,4096,27,10000,2929,homography,"[1.01500259075064, 0.00447968944575613, -18.79351774957659, -0.0002389454769575, 1.033999325194861, -79.77796138049924, -6.225422431378006e-08, 3.578928467709418e-06, 0.9999999999999999]",458.297,450.443,2.18,ok,
eval_MoTaTiZrHf-HEA-DDRX-900C_TEM_largeFOV-DislocationCharacterization_0#16,eval_MoTaTiZrHf-HEA-DDRX-900C_TEM_largeFOV-DislocationCharacterization_0,DislocationCharacterization,MoTaTiZrHf-HEA-DDRX-900C_TEM_largeFOV-DislocationCharacterization,control,ma_roma,direct,none,3,4384,4096,4384,4096,27,10000,2974,homography,"[1.004727216925071, 0.0015531584024735473, -6.3660810169649, -0.0004901429402876646, 1.01487173068581, -41.61698777487972, -1.400004634055874e-07, 1.1965285282579891e-06, 1.0]",449.806,449.367,2.11,ok,
eval_MoTaTiZrHf-HEA-DDRX-900C_TEM_largeFOV-DislocationCharacterization_0#16,eval_MoTaTiZrHf-HEA-DDRX-900C_TEM_largeFOV-DislocationCharacterization_0,DislocationCharacterization,MoTaTiZrHf-HEA-DDRX-900C_TEM_largeFOV-DislocationCharacterization,control,ma_roma,direct,none,4,4384,4096,4384,4096,27,10000,3020,affine,"[1.0001772039289443, -0.0009236867824383237, 3.7987539726204886, 4.80066777320405e-05, 1.0043266314555888, -18.394252124386185, 0.0, 0.0, 1.0]",441.930,440.233,2.12,ok,
eval_MoTaTiZrHf-HEA-DDRX-900C_TEM_largeFOV-DislocationCharacterization_0#16,eval_MoTaTiZrHf-HEA-DDRX-900C_TEM_largeFOV-DislocationCharacterization_0,DislocationCharacterization,MoTaTiZrHf-HEA-DDRX-900C_TEM_largeFOV-DislocationCharacterization,control,ma_roma,direct,none,5,4384,4096,4384,4096,27,10000,2882,affine,"[1.0001120823663199, -0.00228374755195682, 9.655573500062928, 4.925903989608183e-05, 1.0045515359171455, -19.32909499206744, 0.0, 0.0, 1.0]",440.962,439.686,2.19,ok,
eval_MoTaTiZrHf-HEA-DDRX-900C_TEM_largeFOV-DislocationCharacterization_0#17,eval_MoTaTiZrHf-HEA-DDRX-900C_TEM_largeFOV-DislocationCharacterization_0,DislocationCharacterization,MoTaTiZrHf-HEA-DDRX-900C_TEM_largeFOV-DislocationCharacterization,core,ma_roma,direct,none,0,4384,4096,4384,4096,27,10000,3462,affine,"[1.0000307278929044, -0.002350557249565127, 9.876355142151397, 9.093392395578244e-05, 1.0012740667964435, -5.600885643564652, 0.0, 0.0, 1.0]",434.177,433.957,2.15,ok,
eval_MoTaTiZrHf-HEA-DDRX-900C_TEM_largeFOV-DislocationCharacterization_0#17,eval_MoTaTiZrHf-HEA-DDRX-900C_TEM_largeFOV-DislocationCharacterization_0,DislocationCharacterization,MoTaTiZrHf-HEA-DDRX-900C_TEM_largeFOV-DislocationCharacterization,core,ma_roma,pyramid_v2,none,0,4384,4096,4384,4096,27,10000,3462,affine@direct,"[1.0000307278929044, -0.002350557249565127, 9.876355142151397, 9.093392395578244e-05, 1.0012740667964435, -5.600885643564652, 0.0, 0.0, 1.0]",434.177,433.957,2.20,ok,
eval_MoTaTiZrHf-HEA-DDRX-900C_TEM_largeFOV-DislocationCharacterization_0#17,eval_MoTaTiZrHf-HEA-DDRX-900C_TEM_largeFOV-DislocationCharacterization_0,DislocationCharacterization,MoTaTiZrHf-HEA-DDRX-900C_TEM_largeFOV-DislocationCharacterization,transform,ma_roma,direct,invert,0,4384,4096,4384,4096,27,10000,4948,affine,"[0.9999006510708744, 0.006343075800455325, -25.35414924742099, -0.00019484360849194454, 0.9871740655455639, 54.98414245255299, 0.0, 0.0, 1.0]",414.596,412.959,2.20,ok,
eval_MoTaTiZrHf-HEA-DDRX-900C_TEM_largeFOV-DislocationCharacterization_0#17,eval_MoTaTiZrHf-HEA-DDRX-900C_TEM_largeFOV-DislocationCharacterization_0,DislocationCharacterization,MoTaTiZrHf-HEA-DDRX-900C_TEM_largeFOV-DislocationCharacterization,transform,ma_roma,direct,histmatch,0,4384,4096,4384,4096,27,10000,3342,homography,"[1.0134765944331285, 0.000388124043534934, -2.2701172145261257, 0.0010218713673299446, 1.027790896418313, -65.13817318529502, 2.2958525948771317e-07, 2.9395237052645753e-06, 1.0]",449.116,445.412,7.45,ok,
eval_MoTaTiZrHf-HEA-DDRX-900C_TEM_largeFOV-DislocationCharacterization_0#17,eval_MoTaTiZrHf-HEA-DDRX-900C_TEM_largeFOV-DislocationCharacterization_0,DislocationCharacterization,MoTaTiZrHf-HEA-DDRX-900C_TEM_largeFOV-DislocationCharacterization,transform,ma_roma,direct,clahe,0,4384,4096,4384,4096,27,10000,2026,affine,"[0.9999219023838765, -0.0016943778074571302, 7.638446294798314, -0.00010388400209865202, 0.9984378453803426, 7.158870728685542, 0.0, 0.0, 1.0]",428.554,429.360,2.57,ok,
eval_MoTaTiZrHf-HEA-DDRX-900C_TEM_largeFOV-DislocationCharacterization_0#17,eval_MoTaTiZrHf-HEA-DDRX-900C_TEM_largeFOV-DislocationCharacterization_0,DislocationCharacterization,MoTaTiZrHf-HEA-DDRX-900C_TEM_largeFOV-DislocationCharacterization,transform,ma_roma,direct,gradmag,0,4384,4096,4384,4096,27,10000,6419,affine,"[1.0003162008037003, 0.0011747174695872946, -5.499505543544046, 1.858608282501637e-05, 0.9989457483196508, 4.45979064623134, 0.0, 0.0, 1.0]",433.079,433.026,3.09,ok,
eval_MoTaTiZrHf-HEA-DDRX-900C_TEM_largeFOV-DislocationCharacterization_0#17,eval_MoTaTiZrHf-HEA-DDRX-900C_TEM_largeFOV-DislocationCharacterization_0,DislocationCharacterization,MoTaTiZrHf-HEA-DDRX-900C_TEM_largeFOV-DislocationCharacterization,control,ma_roma,direct,none,1,4384,4096,4384,4096,27,10000,3540,affine,"[1.0000398554271823, -0.0025576213756809255, 10.752298032481804, 8.247829923238726e-05, 1.0013562450012667, -5.911025638662068, 0.0, 0.0, 1.0]",434.102,433.853,2.11,ok,
eval_MoTaTiZrHf-HEA-DDRX-900C_TEM_largeFOV-DislocationCharacterization_0#17,eval_MoTaTiZrHf-HEA-DDRX-900C_TEM_largeFOV-DislocationCharacterization_0,DislocationCharacterization,MoTaTiZrHf-HEA-DDRX-900C_TEM_largeFOV-DislocationCharacterization,control,ma_roma,direct,none,2,4384,4096,4384,4096,27,10000,3534,affine,"[0.9999994500446299, -0.002681340231846574, 11.351790004295253, 8.710034892138345e-05, 1.0010727942789683, -4.7373253916957765, 0.0, 0.0, 1.0]",433.397,433.035,2.20,ok,
eval_MoTaTiZrHf-HEA-DDRX-900C_TEM_largeFOV-DislocationCharacterization_0#17,eval_MoTaTiZrHf-HEA-DDRX-900C_TEM_largeFOV-DislocationCharacterization_0,DislocationCharacterization,MoTaTiZrHf-HEA-DDRX-900C_TEM_largeFOV-DislocationCharacterization,control,ma_roma,direct,none,3,4384,4096,4384,4096,27,10000,3450,affine,"[1.0000255748051081, -0.002158300363910085, 9.076383984660879, 9.377841757119394e-05, 1.0010349299315877, -4.61598834596316, 0.0, 0.0, 1.0]",433.901,433.656,2.19,ok,
eval_MoTaTiZrHf-HEA-DDRX-900C_TEM_largeFOV-DislocationCharacterization_0#17,eval_MoTaTiZrHf-HEA-DDRX-900C_TEM_largeFOV-DislocationCharacterization_0,DislocationCharacterization,MoTaTiZrHf-HEA-DDRX-900C_TEM_largeFOV-DislocationCharacterization,control,ma_roma,direct,none,4,4384,4096,4384,4096,27,10000,3505,homography,"[1.0084589164006366, 0.0014665858946468298, -6.671842921319618, 0.000773802016552359, 1.0168596200978295, -38.62231874504385, 1.6490478003381433e-07, 1.8384947553716901e-06, 1.0]",443.459,440.133,2.21,ok,
eval_MoTaTiZrHf-HEA-DDRX-900C_TEM_largeFOV-DislocationCharacterization_0#17,eval_MoTaTiZrHf-HEA-DDRX-900C_TEM_largeFOV-DislocationCharacterization_0,DislocationCharacterization,MoTaTiZrHf-HEA-DDRX-900C_TEM_largeFOV-DislocationCharacterization,control,ma_roma,direct,none,5,4384,4096,4384,4096,27,10000,3502,affine,"[1.0000286494821964, -0.002482980071972692, 10.457214761668638, 8.195284427222166e-05, 1.0009553698794047, -4.229851264064564, 0.0, 0.0, 1.0]",433.360,433.005,2.19,ok,
eval_TRIP1-Bainitic_LOM_SEM_EBSD_Multiscale_0#0,eval_TRIP1-Bainitic_LOM_SEM_EBSD_Multiscale_0,Multiscale,TRIP1-Bainitic_LOM_SEM_EBSD_Multiscale,core,ma_roma,direct,none,0,1468,1469,3479,3255,51,10000,9989,homography,"[0.41358441216916597, 0.04770410381398148, 7.575363973949015, -0.05160156612727391, 0.4206378559188747, 27.764600842474344, 1.268003792357666e-06, -2.438982685645859e-07, 1.0]",1.354,1.214,1.89,ok,
eval_TRIP1-Bainitic_LOM_SEM_EBSD_Multiscale_0#0,eval_TRIP1-Bainitic_LOM_SEM_EBSD_Multiscale_0,Multiscale,TRIP1-Bainitic_LOM_SEM_EBSD_Multiscale,core,ma_roma,pyramid_v2,none,0,1468,1469,3479,3255,51,10000,9989,homography@direct,"[0.41358441216916597, 0.04770410381398148, 7.575363973949015, -0.05160156612727391, 0.4206378559188747, 27.764600842474344, 1.268003792357666e-06, -2.438982685645859e-07, 1.0]",1.354,1.214,1.87,ok,
eval_TRIP1-Bainitic_LOM_SEM_EBSD_Multiscale_0#0,eval_TRIP1-Bainitic_LOM_SEM_EBSD_Multiscale_0,Multiscale,TRIP1-Bainitic_LOM_SEM_EBSD_Multiscale,transform,ma_roma,direct,invert,0,1468,1469,3479,3255,51,10000,9977,homography,"[0.4134868273096121, 0.048008553708773175, 6.6419839361930215, -0.0520337088360618, 0.42088682811910266, 27.468261671856077, 9.519693964226937e-07, 4.6847209265180095e-08, 1.0]",1.356,1.247,1.93,ok,
eval_TRIP1-Bainitic_LOM_SEM_EBSD_Multiscale_0#0,eval_TRIP1-Bainitic_LOM_SEM_EBSD_Multiscale_0,Multiscale,TRIP1-Bainitic_LOM_SEM_EBSD_Multiscale,transform,ma_roma,direct,histmatch,0,1468,1469,3479,3255,51,10000,9990,homography,"[0.41343324881500876, 0.04771275645630218, 7.738512750197856, -0.05166111982350693, 0.4206490266607053, 27.660340172068576, 1.0913265387926055e-06, -1.5276898748752108e-07, 1.0]",1.368,1.274,3.10,ok,
eval_TRIP1-Bainitic_LOM_SEM_EBSD_Multiscale_0#0,eval_TRIP1-Bainitic_LOM_SEM_EBSD_Multiscale_0,Multiscale,TRIP1-Bainitic_LOM_SEM_EBSD_Multiscale,transform,ma_roma,direct,clahe,0,1468,1469,3479,3255,51,10000,9995,homography,"[0.4133838974516741, 0.047735374281073745, 7.708992238751411, -0.05166042120330353, 0.42060568615099, 27.80483994272413, 1.0972106061531988e-06, -1.92455040505052e-07, 1.0]",1.369,1.219,2.09,ok,
eval_TRIP1-Bainitic_LOM_SEM_EBSD_Multiscale_0#0,eval_TRIP1-Bainitic_LOM_SEM_EBSD_Multiscale_0,Multiscale,TRIP1-Bainitic_LOM_SEM_EBSD_Multiscale,transform,ma_roma,direct,gradmag,0,1468,1469,3479,3255,51,10000,9996,homography,"[0.41321795269157807, 0.047778315669426065, 7.438258374355908, -0.05194833904683004, 0.4205923283410357, 27.93013803553429, 9.16582765249586e-07, -1.4247123760320254e-07, 1.0]",1.276,1.208,2.31,ok,
eval_TRIP1-Bainitic_LOM_SEM_EBSD_Multiscale_0#0,eval_TRIP1-Bainitic_LOM_SEM_EBSD_Multiscale_0,Multiscale,TRIP1-Bainitic_LOM_SEM_EBSD_Multiscale,control,ma_roma,direct,none,1,1468,1469,3479,3255,51,10000,9993,homography,"[0.41355631221606093, 0.0476640581162915, 7.641665799600856, -0.051578259245993435, 0.420583059741199, 27.775205811739454, 1.2653336646831155e-06, -2.8001502892149647e-07, 1.0]",1.362,1.213,1.89,ok,
eval_TRIP1-Bainitic_LOM_SEM_EBSD_Multiscale_0#0,eval_TRIP1-Bainitic_LOM_SEM_EBSD_Multiscale_0,Multiscale,TRIP1-Bainitic_LOM_SEM_EBSD_Multiscale,control,ma_roma,direct,none,2,1468,1469,3479,3255,51,10000,9990,homography,"[0.4135793453582438, 0.04770925122512435, 7.573327910074692, -0.05157973444615757, 0.42063522257079133, 27.744957798840026, 1.2648251383948741e-06, -2.3740922938125606e-07, 1.0]",1.353,1.211,1.80,ok,
eval_TRIP1-Bainitic_LOM_SEM_EBSD_Multiscale_0#0,eval_TRIP1-Bainitic_LOM_SEM_EBSD_Multiscale_0,Multiscale,TRIP1-Bainitic_LOM_SEM_EBSD_Multiscale,control,ma_roma,direct,none,3,1468,1469,3479,3255,51,10000,9989,homography,"[0.4136524930619318, 0.047728734816212814, 7.512748457978648, -0.051581213966979636, 0.42070911742029, 27.711443158156023, 1.3033948825201606e-06, -2.0755306242798478e-07, 1.0]",1.346,1.206,1.82,ok,
eval_TRIP1-Bainitic_LOM_SEM_EBSD_Multiscale_0#0,eval_TRIP1-Bainitic_LOM_SEM_EBSD_Multiscale_0,Multiscale,TRIP1-Bainitic_LOM_SEM_EBSD_Multiscale,control,ma_roma,direct,none,4,1468,1469,3479,3255,51,10000,9990,homography,"[0.41362684148937917, 0.04768659116209216, 7.576383490803931, -0.05155098838106775, 0.420622082245074, 27.7527958840869, 1.3206565302912357e-06, -2.640011893436671e-07, 1.0]",1.351,1.217,1.89,ok,
eval_TRIP1-Bainitic_LOM_SEM_EBSD_Multiscale_0#0,eval_TRIP1-Bainitic_LOM_SEM_EBSD_Multiscale_0,Multiscale,TRIP1-Bainitic_LOM_SEM_EBSD_Multiscale,control,ma_roma,direct,none,5,1468,1469,3479,3255,51,10000,9993,homography,"[0.4135923526588599, 0.047677227396313505, 7.581495752519286, -0.05158529327340634, 0.42061919408784415, 27.775180771956304, 1.2614324909452954e-06, -2.473564598431863e-07, 1.0]",1.356,1.212,1.91,ok,
eval_TRIP1-Bainitic_LOM_SEM_EBSD_Multiscale_0#1,eval_TRIP1-Bainitic_LOM_SEM_EBSD_Multiscale_0,Multiscale,TRIP1-Bainitic_LOM_SEM_EBSD_Multiscale,core,ma_roma,direct,none,0,1468,1469,1506,1530,46,10000,9858,homography,"[0.9646498936036169, 0.011672196586928061, -10.876225939114121, -0.0013936990446504034, 0.9754074148392091, 11.412688944813352, 3.9168808757683693e-07, 6.693284860332408e-06, 1.0]",1.911,1.627,1.72,ok,
eval_TRIP1-Bainitic_LOM_SEM_EBSD_Multiscale_0#1,eval_TRIP1-Bainitic_LOM_SEM_EBSD_Multiscale_0,Multiscale,TRIP1-Bainitic_LOM_SEM_EBSD_Multiscale,core,ma_roma,pyramid_v2,none,0,1468,1469,1506,1530,46,10000,9858,homography@direct,"[0.9646498936036169, 0.011672196586928061, -10.876225939114121, -0.0013936990446504034, 0.9754074148392091, 11.412688944813352, 3.9168808757683693e-07, 6.693284860332408e-06, 1.0]",1.911,1.627,1.95,ok,
eval_TRIP1-Bainitic_LOM_SEM_EBSD_Multiscale_0#1,eval_TRIP1-Bainitic_LOM_SEM_EBSD_Multiscale_0,Multiscale,TRIP1-Bainitic_LOM_SEM_EBSD_Multiscale,transform,ma_roma,direct,invert,0,1468,1469,1506,1530,46,10000,9691,homography,"[0.9651673349241007, 0.011788486450311811, -10.700972186245565, -0.0015643955084760977, 0.9762580463359749, 8.452260566187732, 4.991950569080212e-07, 7.052715034463994e-06, 1.0]",3.376,3.263,1.85,ok,
eval_TRIP1-Bainitic_LOM_SEM_EBSD_Multiscale_0#1,eval_TRIP1-Bainitic_LOM_SEM_EBSD_Multiscale_0,Multiscale,TRIP1-Bainitic_LOM_SEM_EBSD_Multiscale,transform,ma_roma,direct,histmatch,0,1468,1469,1506,1530,46,10000,9864,homography,"[0.9647124551774011, 0.011617142719031779, -10.96116990054125, -0.001397163791124924, 0.975324768139241, 11.412746258660144, 4.087410939901925e-07, 6.6044848838345624e-06, 1.0]",1.916,1.645,1.99,ok,
eval_TRIP1-Bainitic_LOM_SEM_EBSD_Multiscale_0#1,eval_TRIP1-Bainitic_LOM_SEM_EBSD_Multiscale_0,Multiscale,TRIP1-Bainitic_LOM_SEM_EBSD_Multiscale,transform,ma_roma,direct,clahe,0,1468,1469,1506,1530,46,10000,9857,homography,"[0.9646640973864268, 0.011590297837525432, -10.907691071153234, -0.0013449543776871634, 0.9753333572070637, 11.373563401829884, 4.0318993332063804e-07, 6.60926053993275e-06, 1.0]",1.914,1.627,1.88,ok,
eval_TRIP1-Bainitic_LOM_SEM_EBSD_Multiscale_0#1,eval_TRIP1-Bainitic_LOM_SEM_EBSD_Multiscale_0,Multiscale,TRIP1-Bainitic_LOM_SEM_EBSD_Multiscale,transform,ma_roma,direct,gradmag,0,1468,1469,1506,1530,46,10000,9821,homography,"[0.9644697496904806, 0.011682857902836399, -10.73365612080903, -0.0013695845661019954, 0.9754208848959658, 11.095592938941282, 3.4014987050008914e-07, 6.654175690316051e-06, 1.0]",1.935,1.703,2.02,ok,
eval_TRIP1-Bainitic_LOM_SEM_EBSD_Multiscale_0#1,eval_TRIP1-Bainitic_LOM_SEM_EBSD_Multiscale_0,Multiscale,TRIP1-Bainitic_LOM_SEM_EBSD_Multiscale,control,ma_roma,direct,none,1,1468,1469,1506,1530,46,10000,9867,homography,"[0.9647648607965137, 0.011738852176093254, -10.983129168235058, -0.0013514612819425687, 0.9755258824713323, 11.359305089527124, 4.159987513401558e-07, 6.75242647940419e-06, 1.0]",1.908,1.607,1.79,ok,
eval_TRIP1-Bainitic_LOM_SEM_EBSD_Multiscale_0#1,eval_TRIP1-Bainitic_LOM_SEM_EBSD_Multiscale_0,Multiscale,TRIP1-Bainitic_LOM_SEM_EBSD_Multiscale,control,ma_roma,direct,none,2,1468,1469,1506,1530,46,10000,9873,homography,"[0.9646062058335185, 0.011731349581943459, -10.921053047373572, -0.0014553642346489383, 0.9755180159679846, 11.372511658270826, 3.2352525085014417e-07, 6.767508400600304e-06, 1.0]",1.904,1.630,1.81,ok,
eval_TRIP1-Bainitic_LOM_SEM_EBSD_Multiscale_0#1,eval_TRIP1-Bainitic_LOM_SEM_EBSD_Multiscale_0,Multiscale,TRIP1-Bainitic_LOM_SEM_EBSD_Multiscale,control,ma_roma,direct,none,3,1468,1469,1506,1530,46,10000,9834,homography,"[0.9644948681826736, 0.01173247274086504, -10.77509696068778, -0.0014587622905807304, 0.9754485306172757, 11.491897942298142, 3.219598432750271e-07, 6.774363795305323e-06, 1.0]",1.902,1.585,1.89,ok,
eval_TRIP1-Bainitic_LOM_SEM_EBSD_Multiscale_0#1,eval_TRIP1-Bainitic_LOM_SEM_EBSD_Multiscale_0,Multiscale,TRIP1-Bainitic_LOM_SEM_EBSD_Multiscale,control,ma_roma,direct,none,4,1468,1469,1506,1530,46,10000,9835,homography,"[0.9643907465033861, 0.011700571343722833, -10.780411054974532, -0.0015484772602314984, 0.975344228609364, 11.535015626755651, 2.4251481821448566e-07, 6.726946497724719e-06, 1.0]",1.902,1.614,1.71,ok,
eval_TRIP1-Bainitic_LOM_SEM_EBSD_Multiscale_0#1,eval_TRIP1-Bainitic_LOM_SEM_EBSD_Multiscale_0,Multiscale,TRIP1-Bainitic_LOM_SEM_EBSD_Multiscale,control,ma_roma,direct,none,5,1468,1469,1506,1530,46,10000,9872,homography,"[0.964463192536926, 0.011660695248766019, -10.798969728854152, -0.001484067783273427, 0.9753280348241288, 11.481784300549368, 2.964961663921464e-07, 6.682812749006066e-06, 1.0]",1.907,1.626,1.90,ok,
eval_TRIP1-Bainitic_LOM_SEM_EBSD_Multiscale_0#2,eval_TRIP1-Bainitic_LOM_SEM_EBSD_Multiscale_0,Multiscale,TRIP1-Bainitic_LOM_SEM_EBSD_Multiscale,core,ma_roma,direct,none,0,1468,1469,1443,1469,53,10000,5312,homography,"[0.9735091138937818, -0.0016615043611256837, 33.74090304593956, -0.005123044658718954, 0.9646236960331843, 38.591877961492806, -6.236524193871307e-07, 1.7357466809922596e-06, 1.0]",10.178,2.414,1.90,ok,
eval_TRIP1-Bainitic_LOM_SEM_EBSD_Multiscale_0#2,eval_TRIP1-Bainitic_LOM_SEM_EBSD_Multiscale_0,Multiscale,TRIP1-Bainitic_LOM_SEM_EBSD_Multiscale,core,ma_roma,pyramid_v2,none,0,1468,1469,1443,1469,53,10000,5312,homography@direct,"[0.9735091138937818, -0.0016615043611256837, 33.74090304593956, -0.005123044658718954, 0.9646236960331843, 38.591877961492806, -6.236524193871307e-07, 1.7357466809922596e-06, 1.0]",10.178,2.414,1.87,ok,
eval_TRIP1-Bainitic_LOM_SEM_EBSD_Multiscale_0#2,eval_TRIP1-Bainitic_LOM_SEM_EBSD_Multiscale_0,Multiscale,TRIP1-Bainitic_LOM_SEM_EBSD_Multiscale,transform,ma_roma,direct,invert,0,1468,1469,1443,1469,53,10000,5282,affine,"[0.9722492602492662, -0.004213546396982539, 34.44414518924009, -0.004399219595333723, 0.9623281226532046, 36.523980771577044, 0.0, 0.0, 1.0]",10.111,2.864,1.85,ok,
eval_TRIP1-Bainitic_LOM_SEM_EBSD_Multiscale_0#2,eval_TRIP1-Bainitic_LOM_SEM_EBSD_Multiscale_0,Multiscale,TRIP1-Bainitic_LOM_SEM_EBSD_Multiscale,transform,ma_roma,direct,histmatch,0,1468,1469,1443,1469,53,10000,5262,affine,"[0.9727426220652017, -0.002911070798214078, 34.662451175758065, -0.00451877145816944, 0.9627568608636278, 38.52645211372089, 0.0, 0.0, 1.0]",10.219,2.415,2.01,ok,
eval_TRIP1-Bainitic_LOM_SEM_EBSD_Multiscale_0#2,eval_TRIP1-Bainitic_LOM_SEM_EBSD_Multiscale_0,Multiscale,TRIP1-Bainitic_LOM_SEM_EBSD_Multiscale,transform,ma_roma,direct,clahe,0,1468,1469,1443,1469,53,10000,5198,affine,"[0.972456819786073, -0.0031730410145949313, 35.27027747946471, -0.004021229452418342, 0.9600837572865752, 41.34093244336236, 0.0, 0.0, 1.0]",11.059,2.616,1.99,ok,
eval_TRIP1-Bainitic_LOM_SEM_EBSD_Multiscale_0#2,eval_TRIP1-Bainitic_LOM_SEM_EBSD_Multiscale_0,Multiscale,TRIP1-Bainitic_LOM_SEM_EBSD_Multiscale,transform,ma_roma,direct,gradmag,0,1468,1469,1443,1469,53,10000,5287,homography,"[0.973180247074481, -0.0021171919053194106, 33.289166688936675, -0.0050999256448247205, 0.9633028382863431, 39.172321471510706, -5.435772229445822e-07, 1.4357604588615428e-06, 1.0]",9.969,1.430,2.01,ok,
eval_TRIP1-Bainitic_LOM_SEM_EBSD_Multiscale_0#2,eval_TRIP1-Bainitic_LOM_SEM_EBSD_Multiscale_0,Multiscale,TRIP1-Bainitic_LOM_SEM_EBSD_Multiscale,control,ma_roma,direct,none,1,1468,1469,1443,1469,53,10000,5187,affine,"[0.9724586763010306, -0.0031199963407985976, 35.061756993926565, -0.004520092622864892, 0.9605836620534877, 40.981908254421114, 0.0, 0.0, 1.0]",10.782,2.305,1.89,ok,
eval_TRIP1-Bainitic_LOM_SEM_EBSD_Multiscale_0#2,eval_TRIP1-Bainitic_LOM_SEM_EBSD_Multiscale_0,Multiscale,TRIP1-Bainitic_LOM_SEM_EBSD_Multiscale,control,ma_roma,direct,none,2,1468,1469,1443,1469,53,10000,5031,affine,"[1.0211119078051065, -0.0036514927596140224, -2.455901839639261, -0.004652457588215933, 1.002379461915668, 11.311544982376688, 0.0, 0.0, 1.0]",13.565,7.738,1.89,ok,
eval_TRIP1-Bainitic_LOM_SEM_EBSD_Multiscale_0#2,eval_TRIP1-Bainitic_LOM_SEM_EBSD_Multiscale_0,Multiscale,TRIP1-Bainitic_LOM_SEM_EBSD_Multiscale,control,ma_roma,direct,none,3,1468,1469,1443,1469,53,10000,5269,affine,"[0.972527655339134, -0.0020838196248011303, 34.11629295197632, -0.0045619803639874645, 0.9610452861801823, 40.70205175080196, 0.0, 0.0, 1.0]",10.822,2.725,1.88,ok,
eval_TRIP1-Bainitic_LOM_SEM_EBSD_Multiscale_0#2,eval_TRIP1-Bainitic_LOM_SEM_EBSD_Multiscale_0,Multiscale,TRIP1-Bainitic_LOM_SEM_EBSD_Multiscale,control,ma_roma,direct,none,4,1468,1469,1443,1469,53,10000,5225,affine,"[0.9725936155485924, -0.003174030136605057, 35.040160590084156, -0.004486952119031515, 0.9608255783922043, 40.65882789712782, 0.0, 0.0, 1.0]",10.694,2.310,1.83,ok,
eval_TRIP1-Bainitic_LOM_SEM_EBSD_Multiscale_0#2,eval_TRIP1-Bainitic_LOM_SEM_EBSD_Multiscale_0,Multiscale,TRIP1-Bainitic_LOM_SEM_EBSD_Multiscale,control,ma_roma,direct,none,5,1468,1469,1443,1469,53,10000,5234,affine,"[0.9724393535860959, -0.0043718550536873835, 36.43133644419282, -0.004402624101701684, 0.9601795513981817, 41.20880907294486, 0.0, 0.0, 1.0]",10.860,2.412,1.82,ok,
eval_TRIP1-Bainitic_LOM_SEM_EBSD_Multiscale_0#3,eval_TRIP1-Bainitic_LOM_SEM_EBSD_Multiscale_0,Multiscale,TRIP1-Bainitic_LOM_SEM_EBSD_Multiscale,core,ma_roma,direct,none,0,3479,3255,2452,2230,54,10000,64,affine,"[0.5926420470568646, -0.23728192207187232, 194.24985337541636, 0.011404475174913234, 0.581688735598385, 1273.5363127393207, 0.0, 0.0, 1.0]",138.279,124.819,1.97,ok,
eval_TRIP1-Bainitic_LOM_SEM_EBSD_Multiscale_0#3,eval_TRIP1-Bainitic_LOM_SEM_EBSD_Multiscale_0,Multiscale,TRIP1-Bainitic_LOM_SEM_EBSD_Multiscale,core,ma_roma,pyramid_v2,none,0,3479,3255,2452,2230,54,10000,7406,affine@direct+zoom,"[0.7289343159715974, -0.13713512330835226, -192.55499309827962, 0.1646863645055216, 0.6845312481850183, 852.7155827041067, 0.0, 0.0, 1.0]",8.114,6.032,5.93,ok,
eval_TRIP1-Bainitic_LOM_SEM_EBSD_Multiscale_0#3,eval_TRIP1-Bainitic_LOM_SEM_EBSD_Multiscale_0,Multiscale,TRIP1-Bainitic_LOM_SEM_EBSD_Multiscale,transform,ma_roma,direct,invert,0,3479,3255,2452,2230,54,10000,28,homography,"[0.5023878636127678, -0.029129828326915262, 673.5617581655453, -0.5584760229092354, -1.0182614557099174, 2910.83967417518, 0.00021686733450106499, -0.00032607710317476265, 1.0]",1692.280,1319.625,1.96,ok,
eval_TRIP1-Bainitic_LOM_SEM_EBSD_Multiscale_0#3,eval_TRIP1-Bainitic_LOM_SEM_EBSD_Multiscale_0,Multiscale,TRIP1-Bainitic_LOM_SEM_EBSD_Multiscale,transform,ma_roma,direct,histmatch,0,3479,3255,2452,2230,54,10000,494,homography,"[0.7073079503216197, -0.1503061870979265, -154.01641982282428, 0.15311631540303813, 0.6590434363874962, 873.1188043259132, 2.614357432451059e-06, -1.622659217658088e-05, 1.0]",17.717,13.308,2.49,ok,
eval_TRIP1-Bainitic_LOM_SEM_EBSD_Multiscale_0#3,eval_TRIP1-Bainitic_LOM_SEM_EBSD_Multiscale_0,Multiscale,TRIP1-Bainitic_LOM_SEM_EBSD_Multiscale,transform,ma_roma,direct,clahe,0,3479,3255,2452,2230,54,10000,13,homography,"[-0.24562839462805613, 0.0758476876918795, 573.8966335444758, -0.849088025893013, 0.20906627442042694, 1781.3671416950208, -0.00047500867022269713, 0.0001003995113825111, 1.0]",480.174,484.539,2.10,ok,
eval_TRIP1-Bainitic_LOM_SEM_EBSD_Multiscale_0#3,eval_TRIP1-Bainitic_LOM_SEM_EBSD_Multiscale_0,Multiscale,TRIP1-Bainitic_LOM_SEM_EBSD_Multiscale,transform,ma_roma,direct,gradmag,0,3479,3255,2452,2230,54,10000,18,affine,"[1.2898079332570538, 0.2728304997479778, -1867.5782927906141, -0.6348069651795797, 1.200271874656035, 1631.922741601675, 0.0, 0.0, 1.0]",703.449,725.938,2.43,ok,
eval_TRIP1-Bainitic_LOM_SEM_EBSD_Multiscale_0#3,eval_TRIP1-Bainitic_LOM_SEM_EBSD_Multiscale_0,Multiscale,TRIP1-Bainitic_LOM_SEM_EBSD_Multiscale,control,ma_roma,direct,none,1,3479,3255,2452,2230,54,10000,158,homography,"[4.665810395942674, -0.6997027200890029, -4205.526831594603, 4.241564820183096, 2.291682141168504, -3437.1455208414304, 0.0014967607478384654, -0.00010788979525613622, 1.0]",383.714,170.954,1.96,ok,
eval_TRIP1-Bainitic_LOM_SEM_EBSD_Multiscale_0#3,eval_TRIP1-Bainitic_LOM_SEM_EBSD_Multiscale_0,Multiscale,TRIP1-Bainitic_LOM_SEM_EBSD_Multiscale,control,ma_roma,direct,none,2,3479,3255,2452,2230,54,10000,119,homography,"[-0.6654049333049508, -0.7952383451456617, 2215.507650624678, 0.03645275299826669, -2.8261075240255424, 3715.0702781505147, -3.3472807784375676e-08, -0.0008627660110334223, 0.9999999999999999]",4073.439,2637.090,1.88,ok,
eval_TRIP1-Bainitic_LOM_SEM_EBSD_Multiscale_0#3,eval_TRIP1-Bainitic_LOM_SEM_EBSD_Multiscale_0,Multiscale,TRIP1-Bainitic_LOM_SEM_EBSD_Multiscale,control,ma_roma,direct,none,3,3479,3255,2452,2230,54,10000,246,affine,"[0.7147410572220106, -0.13113958963968503, -173.11692629249592, 0.1437536177897728, 0.6811895921027719, 892.8531687942243, 0.0, 0.0, 1.0]",15.279,15.680,1.81,ok,
eval_TRIP1-Bainitic_LOM_SEM_EBSD_Multiscale_0#3,eval_TRIP1-Bainitic_LOM_SEM_EBSD_Multiscale_0,Multiscale,TRIP1-Bainitic_LOM_SEM_EBSD_Multiscale,control,ma_roma,direct,none,4,3479,3255,2452,2230,54,10000,177,affine,"[0.6808555966305888, -0.12125220501792795, -117.99710785978812, 0.12225559123955265, 0.6916219842531593, 921.8618358051108, 0.0, 0.0, 1.0]",37.447,31.955,1.81,ok,
eval_TRIP1-Bainitic_LOM_SEM_EBSD_Multiscale_0#3,eval_TRIP1-Bainitic_LOM_SEM_EBSD_Multiscale_0,Multiscale,TRIP1-Bainitic_LOM_SEM_EBSD_Multiscale,control,ma_roma,direct,none,5,3479,3255,2452,2230,54,10000,85,homography,"[0.44891363506581367, -0.2478610953038227, 278.2302546443847, -0.022039086925760336, 0.18510817845033162, 1412.1276591017331, -5.200708295431432e-05, -0.00010623937706974916, 1.0]",167.915,126.856,1.89,ok,
eval_TRIP1-Bainitic_LOM_SEM_EBSD_Multiscale_0#4,eval_TRIP1-Bainitic_LOM_SEM_EBSD_Multiscale_0,Multiscale,TRIP1-Bainitic_LOM_SEM_EBSD_Multiscale,core,ma_roma,direct,none,0,3479,3255,2452,2231,54,10000,212,homography,"[1.5383977810034692, -0.07211675670242126, -1998.5798120287684, 0.5251822178445027, 0.8627442305475829, -130.8303283273294, 0.00023390980872282658, -0.00025526473000831335, 1.0]",840.675,828.983,1.93,ok,
eval_TRIP1-Bainitic_LOM_SEM_EBSD_Multiscale_0#4,eval_TRIP1-Bainitic_LOM_SEM_EBSD_Multiscale_0,Multiscale,TRIP1-Bainitic_LOM_SEM_EBSD_Multiscale,core,ma_roma,pyramid_v2,none,0,3479,3255,2452,2231,54,10000,212,homography@direct,"[1.5383977810034692, -0.07211675670242126, -1998.5798120287684, 0.5251822178445027, 0.8627442305475829, -130.8303283273294, 0.00023390980872282658, -0.00025526473000831335, 1.0]",840.675,828.983,1.88,ok,
eval_TRIP1-Bainitic_LOM_SEM_EBSD_Multiscale_0#4,eval_TRIP1-Bainitic_LOM_SEM_EBSD_Multiscale_0,Multiscale,TRIP1-Bainitic_LOM_SEM_EBSD_Multiscale,transform,ma_roma,direct,invert,0,3479,3255,2452,2231,54,10000,85,homography,"[0.24990397050383686, 0.13462709889752114, -146.5466282742709, -0.737337280898282, 0.7226386259692685, 1744.3394803726421, -0.0002556621014059529, 9.03633629503079e-05, 1.0]",318.535,321.001,1.99,ok,
eval_TRIP1-Bainitic_LOM_SEM_EBSD_Multiscale_0#4,eval_TRIP1-Bainitic_LOM_SEM_EBSD_Multiscale_0,Multiscale,TRIP1-Bainitic_LOM_SEM_EBSD_Multiscale,transform,ma_roma,direct,histmatch,0,3479,3255,2452,2231,54,10000,80,homography,"[0.5022761772409073, -0.07941159754231258, -377.89323211886915, -0.28384605171483057, 0.34008703227487985, 1170.4615188542002, -0.00015195622080524965, -8.773245208139626e-05, 1.0]",332.504,343.300,2.74,ok,
eval_TRIP1-Bainitic_LOM_SEM_EBSD_Multiscale_0#4,eval_TRIP1-Bainitic_LOM_SEM_EBSD_Multiscale_0,Multiscale,TRIP1-Bainitic_LOM_SEM_EBSD_Multiscale,transform,ma_roma,direct,clahe,0,3479,3255,2452,2231,54,10000,2611,homography,"[0.7621263903944026, -0.10768943951727998, -236.40186847792214, 0.1226942781215044, 0.9129651282254949, 679.9721242862856, -2.0603528765588754e-05, 6.0240410291511147e-05, 0.9999999999999999]",68.107,45.026,2.09,ok,
eval_TRIP1-Bainitic_LOM_SEM_EBSD_Multiscale_0#4,eval_TRIP1-Bainitic_LOM_SEM_EBSD_Multiscale_0,Multiscale,TRIP1-Bainitic_LOM_SEM_EBSD_Multiscale,transform,ma_roma,direct,gradmag,0,3479,3255,2452,2231,54,10000,61,homography,"[0.49267196629118326, 0.16150639189823898, -505.35619804720517, -0.3327370674930671, 0.5329037406445798, 1511.1103206578005, -0.0001686045703869458, 4.5118182224965095e-05, 1.0]",273.647,216.809,2.38,ok,
eval_TRIP1-Bainitic_LOM_SEM_EBSD_Multiscale_0#4,eval_TRIP1-Bainitic_LOM_SEM_EBSD_Multiscale_0,Multiscale,TRIP1-Bainitic_LOM_SEM_EBSD_Multiscale,control,ma_roma,direct,none,1,3479,3255,2452,2231,54,10000,297,affine,"[0.9612384911504513, -0.07417935844314201, -810.4565517032322, 0.06333202556709248, 0.6552476037648612, 1123.725616401865, 0.0, 0.0, 1.0]",226.047,222.669,1.93,ok,
eval_TRIP1-Bainitic_LOM_SEM_EBSD_Multiscale_0#4,eval_TRIP1-Bainitic_LOM_SEM_EBSD_Multiscale_0,Multiscale,TRIP1-Bainitic_LOM_SEM_EBSD_Multiscale,control,ma_roma,direct,none,2,3479,3255,2452,2231,54,10000,225,affine,"[0.9981394150064155, -0.08417927857308885, -867.1282277610785, -0.04523333917025803, 0.6960785948246532, 1265.644724641239, 0.0, 0.0, 1.0]",261.184,259.482,1.99,ok,
eval_TRIP1-Bainitic_LOM_SEM_EBSD_Multiscale_0#4,eval_TRIP1-Bainitic_LOM_SEM_EBSD_Multiscale_0,Multiscale,TRIP1-Bainitic_LOM_SEM_EBSD_Multiscale,control,ma_roma,direct,none,3,3479,3255,2452,2231,54,10000,223,homography,"[3.020006820453463, 0.20984643819632687, -4425.699326594281, 1.557469685036843, 2.145337532459792, -1900.120640025358, 0.000650452938950513, -7.910652782621615e-05, 1.0]",875.367,864.040,1.80,ok,
eval_TRIP1-Bainitic_LOM_SEM_EBSD_Multiscale_0#4,eval_TRIP1-Bainitic_LOM_SEM_EBSD_Multiscale_0,Multiscale,TRIP1-Bainitic_LOM_SEM_EBSD_Multiscale,control,ma_roma,direct,none,4,3479,3255,2452,2231,54,10000,232,affine,"[1.2571451017754305, 0.042391413257837046, -1718.5021758447026, 0.23797184186805218, 1.1105691119673131, -84.49532469095652, 0.0, 0.0, 1.0]",676.671,651.156,1.89,ok,
eval_TRIP1-Bainitic_LOM_SEM_EBSD_Multiscale_0#4,eval_TRIP1-Bainitic_LOM_SEM_EBSD_Multiscale_0,Multiscale,TRIP1-Bainitic_LOM_SEM_EBSD_Multiscale,control,ma_roma,direct,none,5,3479,3255,2452,2231,54,10000,284,affine,"[0.9237204359533678, 0.01248080385717704, -1070.3238744146051, -0.18663900227135488, 0.3718242164489537, 1257.9386756618724, 0.0, 0.0, 1.0]",700.263,666.013,1.80,ok,
eval_TRIP1-Bainitic_LOM_SEM_EBSD_Multiscale_0#5,eval_TRIP1-Bainitic_LOM_SEM_EBSD_Multiscale_0,Multiscale,TRIP1-Bainitic_LOM_SEM_EBSD_Multiscale,core,ma_roma,direct,none,0,3479,3255,2452,2226,54,10000,66,homography,"[-0.5298447739428175, 0.025180050068661832, 674.4845791741761, -0.40321171471291534, -1.7302936009146985, 3042.7773430924594, -0.00018779024142176278, -0.0005777946134560562, 1.0]",3079.769,2159.948,1.78,ok,
eval_TRIP1-Bainitic_LOM_SEM_EBSD_Multiscale_0#5,eval_TRIP1-Bainitic_LOM_SEM_EBSD_Multiscale_0,Multiscale,TRIP1-Bainitic_LOM_SEM_EBSD_Multiscale,core,ma_roma,pyramid_v2,none,0,3479,3255,2452,2226,54,10000,7773,affine@direct+zoom,"[0.7270490134779871, -0.13274767893092465, -196.0370941379265, 0.17000841751401438, 0.6756860122736685, 864.2721340052979, 0.0, 0.0, 1.0]",11.749,9.827,5.63,ok,
eval_TRIP1-Bainitic_LOM_SEM_EBSD_Multiscale_0#5,eval_TRIP1-Bainitic_LOM_SEM_EBSD_Multiscale_0,Multiscale,TRIP1-Bainitic_LOM_SEM_EBSD_Multiscale,transform,ma_roma,direct,invert,0,3479,3255,2452,2226,54,10000,55,affine,"[1.0913737868985856, -0.0843640626787351, -1231.1361402170896, -0.13524520424790204, 0.9481498165278043, 640.3327540560069, 0.0, 0.0, 1.0]",600.737,604.425,1.72,ok,
eval_TRIP1-Bainitic_LOM_SEM_EBSD_Multiscale_0#5,eval_TRIP1-Bainitic_LOM_SEM_EBSD_Multiscale_0,Multiscale,TRIP1-Bainitic_LOM_SEM_EBSD_Multiscale,transform,ma_roma,direct,histmatch,0,3479,3255,2452,2226,54,10000,55,affine,"[1.1853420732136724, 0.22185868269053555, -2181.5598882645595, -0.19172522540652287, 1.0063504748799688, 721.7929314207456, 0.0, 0.0, 1.0]",959.490,951.100,2.67,ok,
eval_TRIP1-Bainitic_LOM_SEM_EBSD_Multiscale_0#5,eval_TRIP1-Bainitic_LOM_SEM_EBSD_Multiscale_0,Multiscale,TRIP1-Bainitic_LOM_SEM_EBSD_Multiscale,transform,ma_roma,direct,clahe,0,3479,3255,2452,2226,54,10000,37,affine,"[1.0844240607120983, 0.059936234848623246, -1685.8064153585788, -0.026277592779771285, 0.7864051441807409, 535.462170991671, 0.0, 0.0, 1.0]",887.391,880.196,2.08,ok,
eval_TRIP1-Bainitic_LOM_SEM_EBSD_Multiscale_0#5,eval_TRIP1-Bainitic_LOM_SEM_EBSD_Multiscale_0,Multiscale,TRIP1-Bainitic_LOM_SEM_EBSD_Multiscale,transform,ma_roma,direct,gradmag,0,3479,3255,2452,2226,54,10000,1631,homography,"[0.943939905543191, -0.09529135074325323, -461.12131526214444, 0.3564424153788085, 0.9946392277566888, 489.095090997473, 5.9459594080801914e-05, 6.458393664429568e-05, 1.0]",59.147,30.841,2.34,ok,
eval_TRIP1-Bainitic_LOM_SEM_EBSD_Multiscale_0#5,eval_TRIP1-Bainitic_LOM_SEM_EBSD_Multiscale_0,Multiscale,TRIP1-Bainitic_LOM_SEM_EBSD_Multiscale,control,ma_roma,direct,none,1,3479,3255,2452,2226,54,10000,177,affine,"[1.3023367279084999, -0.28499921799342326, -1238.9148486225586, -0.006533698445585666, 1.0674416405736753, 205.90336351253882, 0.0, 0.0, 1.0]",677.991,708.976,1.73,ok,
eval_TRIP1-Bainitic_LOM_SEM_EBSD_Multiscale_0#5,eval_TRIP1-Bainitic_LOM_SEM_EBSD_Multiscale_0,Multiscale,TRIP1-Bainitic_LOM_SEM_EBSD_Multiscale,control,ma_roma,direct,none,2,3479,3255,2452,2226,54,10000,191,homography,"[0.6153553434307906, -0.12822906810249837, -568.3364148759345, -0.4038278159514627, 0.41960617833906927, 1183.3371893363462, -0.00015307722673928642, -8.193474076614035e-05, 1.0]",530.170,539.907,1.75,ok,
eval_TRIP1-Bainitic_LOM_SEM_EBSD_Multiscale_0#5,eval_TRIP1-Bainitic_LOM_SEM_EBSD_Multiscale_0,Multiscale,TRIP1-Bainitic_LOM_SEM_EBSD_Multiscale,control,ma_roma,direct,none,3,3479,3255,2452,2226,54,10000,151,homography,"[3.091860063110192, -0.07428089281364506, -3934.3423098192807, 0.9795134202129788, 2.8815030206711953, -1612.9201592125073, 0.0006985383292908674, 0.00016898880319460923, 1.0]",846.463,771.028,1.58,ok,
eval_TRIP1-Bainitic_LOM_SEM_EBSD_Multiscale_0#5,eval_TRIP1-Bainitic_LOM_SEM_EBSD_Multiscale_0,Multiscale,TRIP1-Bainitic_LOM_SEM_EBSD_Multiscale,control,ma_roma,direct,none,4,3479,3255,2452,2226,54,10000,126,homography,"[0.8655769898898297, -0.1307094679995153, -852.1571362826488, -0.24737685467936277, 0.8915382731988915, 687.014210531937, -6.006585524648925e-05, -1.242743539256157e-05, 0.9999999999999999]",591.739,571.340,1.80,ok,
eval_TRIP1-Bainitic_LOM_SEM_EBSD_Multiscale_0#5,eval_TRIP1-Bainitic_LOM_SEM_EBSD_Multiscale_0,Multiscale,TRIP1-Bainitic_LOM_SEM_EBSD_Multiscale,control,ma_roma,direct,none,5,3479,3255,2452,2226,54,10000,129,affine,"[1.38822564104305, -0.2651651797655566, -1436.7371852714728, 0.0001313196367171312, 1.0924644620482948, 136.20508325637547, 0.0, 0.0, 1.0]",736.857,771.072,1.72,ok,
eval_TRIP1-Bainitic_LOM_SEM_EBSD_Multiscale_0#6,eval_TRIP1-Bainitic_LOM_SEM_EBSD_Multiscale_0,Multiscale,TRIP1-Bainitic_LOM_SEM_EBSD_Multiscale,core,ma_roma,direct,none,0,3479,3255,2452,2226,54,10000,836,affine,"[0.7477502697295088, -0.16389066530732263, -183.62216890372065, 0.14484671888927825, 0.7943277568804001, 751.2646492498775, 0.0, 0.0, 1.0]",72.031,66.201,1.76,ok,
eval_TRIP1-Bainitic_LOM_SEM_EBSD_Multiscale_0#6,eval_TRIP1-Bainitic_LOM_SEM_EBSD_Multiscale_0,Multiscale,TRIP1-Bainitic_LOM_SEM_EBSD_Multiscale,core,ma_roma,pyramid_v2,none,0,3479,3255,2452,2226,54,10000,1651,affine@direct+zoom,"[0.7380066618756649, -0.13806001234786916, -201.33336855244465, 0.1447711227645031, 0.6825770824857424, 884.1699790005414, 0.0, 0.0, 1.0]",12.115,10.994,5.42,ok,
eval_TRIP1-Bainitic_LOM_SEM_EBSD_Multiscale_0#6,eval_TRIP1-Bainitic_LOM_SEM_EBSD_Multiscale_0,Multiscale,TRIP1-Bainitic_LOM_SEM_EBSD_Multiscale,transform,ma_roma,direct,invert,0,3479,3255,2452,2226,54,10000,1364,affine,"[0.7336110902474754, -0.15630150752443808, -174.69332679355, 0.17394144560888744, 0.7743573428530647, 730.7790459571954, 0.0, 0.0, 1.0]",58.922,55.943,1.76,ok,
eval_TRIP1-Bainitic_LOM_SEM_EBSD_Multiscale_0#6,eval_TRIP1-Bainitic_LOM_SEM_EBSD_Multiscale_0,Multiscale,TRIP1-Bainitic_LOM_SEM_EBSD_Multiscale,transform,ma_roma,direct,histmatch,0,3479,3255,2452,2226,54,10000,776,affine,"[0.723200828211893, -0.12316172521669695, -188.14234203108936, 0.14566639564528436, 0.6095697329976271, 910.1873799426417, 0.0, 0.0, 1.0]",72.140,68.402,2.49,ok,
eval_TRIP1-Bainitic_LOM_SEM_EBSD_Multiscale_0#6,eval_TRIP1-Bainitic_LOM_SEM_EBSD_Multiscale_0,Multiscale,TRIP1-Bainitic_LOM_SEM_EBSD_Multiscale,transform,ma_roma,direct,clahe,0,3479,3255,2452,2226,54,10000,556,affine,"[0.7398329063750351, -0.1368337289681901, -204.30298112338113, 0.18197629133648052, 0.6878245521198584, 827.6204602295302, 0.0, 0.0, 1.0]",14.117,13.694,1.98,ok,
eval_TRIP1-Bainitic_LOM_SEM_EBSD_Multiscale_0#6,eval_TRIP1-Bainitic_LOM_SEM_EBSD_Multiscale_0,Multiscale,TRIP1-Bainitic_LOM_SEM_EBSD_Multiscale,transform,ma_roma,direct,gradmag,0,3479,3255,2452,2226,54,10000,385,homography,"[0.9771018087706643, -0.34714188866620993, -154.43082719836607, -0.13834145687765073, 1.1406539828784024, 701.1702847152274, -9.673029028735087e-05, 0.00012372146935781623, 1.0]",282.105,217.502,2.22,ok,
eval_TRIP1-Bainitic_LOM_SEM_EBSD_Multiscale_0#6,eval_TRIP1-Bainitic_LOM_SEM_EBSD_Multiscale_0,Multiscale,TRIP1-Bainitic_LOM_SEM_EBSD_Multiscale,control,ma_roma,direct,none,1,3479,3255,2452,2226,54,10000,758,affine,"[0.7601153459600557, -0.1905222195276141, -161.48148366518694, 0.20838486554183522, 0.6356912179997491, 869.2241248344644, 0.0, 0.0, 1.0]",53.220,49.633,1.86,ok,
eval_TRIP1-Bainitic_LOM_SEM_EBSD_Multiscale_0#6,eval_TRIP1-Bainitic_LOM_SEM_EBSD_Multiscale_0,Multiscale,TRIP1-Bainitic_LOM_SEM_EBSD_Multiscale,control,ma_roma,direct,none,2,3479,3255,2452,2226,54,10000,1023,affine,"[0.7600333228631926, -0.1530672598653267, -217.36478527987356, 0.17592515818030754, 0.8355399051441322, 645.5734696974978, 0.0, 0.0, 1.0]",98.007,89.458,1.78,ok,
eval_TRIP1-Bainitic_LOM_SEM_EBSD_Multiscale_0#6,eval_TRIP1-Bainitic_LOM_SEM_EBSD_Multiscale_0,Multiscale,TRIP1-Bainitic_LOM_SEM_EBSD_Multiscale,control,ma_roma,direct,none,3,3479,3255,2452,2226,54,10000,920,affine,"[0.7580099089101293, -0.14928392885275235, -218.91473881337504, 0.14026540095774823, 0.7932687894387721, 760.5553576832012, 0.0, 0.0, 1.0]",70.394,66.950,1.79,ok,
eval_TRIP1-Bainitic_LOM_SEM_EBSD_Multiscale_0#6,eval_TRIP1-Bainitic_LOM_SEM_EBSD_Multiscale_0,Multiscale,TRIP1-Bainitic_LOM_SEM_EBSD_Multiscale,control,ma_roma,direct,none,4,3479,3255,2452,2226,54,10000,929,affine,"[0.75934889872419, -0.15351741206966954, -215.62107802201274, 0.14094997860886652, 0.7842219911061111, 770.8564239686507, 0.0, 0.0, 1.0]",65.435,61.736,1.81,ok,
eval_TRIP1-Bainitic_LOM_SEM_EBSD_Multiscale_0#6,eval_TRIP1-Bainitic_LOM_SEM_EBSD_Multiscale_0,Multiscale,TRIP1-Bainitic_LOM_SEM_EBSD_Multiscale,control,ma_roma,direct,none,5,3479,3255,2452,2226,54,10000,1021,affine,"[0.7625950082235222, -0.15247553105624656, -221.89802910601088, 0.17574075367805883, 0.8341526596222224, 647.7364879658062, 0.0, 0.0, 1.0]",97.345,88.985,1.77,ok,
eval_Ta-AM-Spalled_SEM-BSE_EBSD_SameSliceSerialSectioning_0#0,eval_Ta-AM-Spalled_SEM-BSE_EBSD_SameSliceSerialSectioning_0,SerialSectioning,Ta-AM-Spalled_SEM-BSE_EBSD_SameSliceSerialSectioning,core,ma_roma,direct,none,0,4096,6144,689,709,14,10000,743,affine,"[4.962976133490217, 0.07581402360429029, 1441.3453252005227, -0.4342746269969472, 6.9683950853835945, -305.9497322070624, 0.0, 0.0, 1.0]",80.280,45.970,1.88,ok,
eval_Ta-AM-Spalled_SEM-BSE_EBSD_SameSliceSerialSectioning_0#0,eval_Ta-AM-Spalled_SEM-BSE_EBSD_SameSliceSerialSectioning_0,SerialSectioning,Ta-AM-Spalled_SEM-BSE_EBSD_SameSliceSerialSectioning,core,ma_roma,pyramid_v2,none,0,4096,6144,689,709,14,10000,743,affine@direct,"[4.962976133490217, 0.07581402360429029, 1441.3453252005227, -0.4342746269969472, 6.9683950853835945, -305.9497322070624, 0.0, 0.0, 1.0]",80.280,45.970,1.93,ok,
eval_Ta-AM-Spalled_SEM-BSE_EBSD_SameSliceSerialSectioning_0#0,eval_Ta-AM-Spalled_SEM-BSE_EBSD_SameSliceSerialSectioning_0,SerialSectioning,Ta-AM-Spalled_SEM-BSE_EBSD_SameSliceSerialSectioning,transform,ma_roma,direct,invert,0,4096,6144,689,709,14,10000,641,affine,"[4.987119629064313, 0.033588356347374046, 1433.6403962980187, -0.30758540838030934, 6.659435432953179, -220.70497016725062, 0.0, 0.0, 1.0]",60.539,39.594,1.97,ok,
eval_Ta-AM-Spalled_SEM-BSE_EBSD_SameSliceSerialSectioning_0#0,eval_Ta-AM-Spalled_SEM-BSE_EBSD_SameSliceSerialSectioning_0,SerialSectioning,Ta-AM-Spalled_SEM-BSE_EBSD_SameSliceSerialSectioning,transform,ma_roma,direct,histmatch,0,4096,6144,689,709,14,10000,776,affine,"[4.957996904919605, 0.07324772290401242, 1441.5386425864328, -0.366379273430669, 6.9184974561569526, -313.5458529342309, 0.0, 0.0, 1.0]",80.124,41.020,2.10,ok,
eval_Ta-AM-Spalled_SEM-BSE_EBSD_SameSliceSerialSectioning_0#0,eval_Ta-AM-Spalled_SEM-BSE_EBSD_SameSliceSerialSectioning_0,SerialSectioning,Ta-AM-Spalled_SEM-BSE_EBSD_SameSliceSerialSectioning,transform,ma_roma,direct,clahe,0,4096,6144,689,709,14,10000,774,homography,"[5.040452302882641, 0.013745082259569039, 1451.9435674722636, -0.2837676698997961, 6.864046194754939, -317.8363722501305, 2.4270529662573793e-05, -9.666585015240412e-06, 1.0]",78.146,40.490,2.08,ok,
eval_Ta-AM-Spalled_SEM-BSE_EBSD_SameSliceSerialSectioning_0#0,eval_Ta-AM-Spalled_SEM-BSE_EBSD_SameSliceSerialSectioning_0,SerialSectioning,Ta-AM-Spalled_SEM-BSE_EBSD_SameSliceSerialSectioning,transform,ma_roma,direct,gradmag,0,4096,6144,689,709,14,10000,378,affine,"[5.0358911668610595, -0.11298859684725769, 1462.7892037030379, -0.30508353737812177, 6.404803922522881, -204.94245029695458, 0.0, 0.0, 1.0]",109.993,124.187,2.36,ok,
eval_Ta-AM-Spalled_SEM-BSE_EBSD_SameSliceSerialSectioning_0#0,eval_Ta-AM-Spalled_SEM-BSE_EBSD_SameSliceSerialSectioning_0,SerialSectioning,Ta-AM-Spalled_SEM-BSE_EBSD_SameSliceSerialSectioning,control,ma_roma,direct,none,1,4096,6144,689,709,14,10000,754,affine,"[4.958617136518583, 0.037723126086393964, 1456.0099377394868, -0.24383458466283314, 6.639381723351331, -272.02311395954393, 0.0, 0.0, 1.0]",76.440,48.996,2.03,ok,
eval_Ta-AM-Spalled_SEM-BSE_EBSD_SameSliceSerialSectioning_0#0,eval_Ta-AM-Spalled_SEM-BSE_EBSD_SameSliceSerialSectioning_0,SerialSectioning,Ta-AM-Spalled_SEM-BSE_EBSD_SameSliceSerialSectioning,control,ma_roma,direct,none,2,4096,6144,689,709,14,10000,837,affine,"[4.969730580376325, 0.0813416410491857, 1436.5237903888135, -0.44298984149037873, 6.94961982603089, -296.1065256383431, 0.0, 0.0, 1.0]",77.594,43.654,1.81,ok,
eval_Ta-AM-Spalled_SEM-BSE_EBSD_SameSliceSerialSectioning_0#0,eval_Ta-AM-Spalled_SEM-BSE_EBSD_SameSliceSerialSectioning_0,SerialSectioning,Ta-AM-Spalled_SEM-BSE_EBSD_SameSliceSerialSectioning,control,ma_roma,direct,none,3,4096,6144,689,709,14,10000,734,affine,"[4.932264761743102, 0.028254337535776157, 1469.7441029896695, -0.2108348708848951, 6.6451012430453575, -287.52013277312335, 0.0, 0.0, 1.0]",81.947,45.010,2.10,ok,
eval_Ta-AM-Spalled_SEM-BSE_EBSD_SameSliceSerialSectioning_0#0,eval_Ta-AM-Spalled_SEM-BSE_EBSD_SameSliceSerialSectioning_0,SerialSectioning,Ta-AM-Spalled_SEM-BSE_EBSD_SameSliceSerialSectioning,control,ma_roma,direct,none,4,4096,6144,689,709,14,10000,763,affine,"[4.967722030652536, 0.07888752518650544, 1437.7090043093617, -0.48216436013714603, 6.946792660002706, -283.8193918074776, 0.0, 0.0, 1.0]",75.729,48.178,2.09,ok,
eval_Ta-AM-Spalled_SEM-BSE_EBSD_SameSliceSerialSectioning_0#0,eval_Ta-AM-Spalled_SEM-BSE_EBSD_SameSliceSerialSectioning_0,SerialSectioning,Ta-AM-Spalled_SEM-BSE_EBSD_SameSliceSerialSectioning,control,ma_roma,direct,none,5,4096,6144,689,709,14,10000,821,affine,"[4.962010797433604, 0.06948492889491528, 1443.5319221786212, -0.45562484787883617, 6.96355563200056, -299.247804994759, 0.0, 0.0, 1.0]",78.753,49.099,2.03,ok,
eval_Ta-AM-Spalled_SEM-BSE_EBSD_SameSliceSerialSectioning_0#1,eval_Ta-AM-Spalled_SEM-BSE_EBSD_SameSliceSerialSectioning_0,SerialSectioning,Ta-AM-Spalled_SEM-BSE_EBSD_SameSliceSerialSectioning,core,ma_roma,direct,none,0,4096,6144,689,709,14,10000,644,affine,"[4.940340790871417, 0.027851521864580356, 1461.457627538553, -0.33161242775219457, 6.897861770405841, -311.92680716549876, 0.0, 0.0, 1.0]",79.058,40.319,2.08,ok,
eval_Ta-AM-Spalled_SEM-BSE_EBSD_SameSliceSerialSectioning_0#1,eval_Ta-AM-Spalled_SEM-BSE_EBSD_SameSliceSerialSectioning_0,SerialSectioning,Ta-AM-Spalled_SEM-BSE_EBSD_SameSliceSerialSectioning,core,ma_roma,pyramid_v2,none,0,4096,6144,689,709,14,10000,644,affine@direct,"[4.940340790871417, 0.027851521864580356, 1461.457627538553, -0.33161242775219457, 6.897861770405841, -311.92680716549876, 0.0, 0.0, 1.0]",79.058,40.319,2.03,ok,
eval_Ta-AM-Spalled_SEM-BSE_EBSD_SameSliceSerialSectioning_0#1,eval_Ta-AM-Spalled_SEM-BSE_EBSD_SameSliceSerialSectioning_0,SerialSectioning,Ta-AM-Spalled_SEM-BSE_EBSD_SameSliceSerialSectioning,transform,ma_roma,direct,invert,0,4096,6144,689,709,14,10000,479,affine,"[5.002760871514421, 0.06797486679779158, 1420.0585338879612, -0.28014918689245066, 6.288828776233964, -182.8870308046089, 0.0, 0.0, 1.0]",120.405,134.182,1.87,ok,
eval_Ta-AM-Spalled_SEM-BSE_EBSD_SameSliceSerialSectioning_0#1,eval_Ta-AM-Spalled_SEM-BSE_EBSD_SameSliceSerialSectioning_0,SerialSectioning,Ta-AM-Spalled_SEM-BSE_EBSD_SameSliceSerialSectioning,transform,ma_roma,direct,histmatch,0,4096,6144,689,709,14,10000,662,affine,"[4.949312110474464, 0.11995270796004592, 1422.0912689849263, -0.37706441378697303, 6.972176080065061, -326.68919803623294, 0.0, 0.0, 1.0]",86.135,47.841,2.21,ok,
eval_Ta-AM-Spalled_SEM-BSE_EBSD_SameSliceSerialSectioning_0#1,eval_Ta-AM-Spalled_SEM-BSE_EBSD_SameSliceSerialSectioning_0,SerialSectioning,Ta-AM-Spalled_SEM-BSE_EBSD_SameSliceSerialSectioning,transform,ma_roma,direct,clahe,0,4096,6144,689,709,14,10000,833,homography,"[4.874339154340638, -0.31897473775953994, 1490.08496959708, -0.27804602979662707, 6.336524220273615, -212.6521774467431, 3.1129076906018906e-05, -0.0001365981052677302, 1.0]",89.628,53.631,2.00,ok,
eval_Ta-AM-Spalled_SEM-BSE_EBSD_SameSliceSerialSectioning_0#1,eval_Ta-AM-Spalled_SEM-BSE_EBSD_SameSliceSerialSectioning_0,SerialSectioning,Ta-AM-Spalled_SEM-BSE_EBSD_SameSliceSerialSectioning,transform,ma_roma,direct,gradmag,0,4096,6144,689,709,14,10000,178,homography,"[9.115402815579428, 2.0336845834847437, 890.5792022485674, 1.471651009687588, 9.82370555037688, -589.7758453105981, 0.0004848255923374748, 0.0006998869695088119, 1.0]",231.323,164.207,2.29,ok,
eval_Ta-AM-Spalled_SEM-BSE_EBSD_SameSliceSerialSectioning_0#1,eval_Ta-AM-Spalled_SEM-BSE_EBSD_SameSliceSerialSectioning_0,SerialSectioning,Ta-AM-Spalled_SEM-BSE_EBSD_SameSliceSerialSectioning,control,ma_roma,direct,none,1,4096,6144,689,709,14,10000,639,affine,"[4.963736986615233, 0.06363564367770737, 1441.9419500750805, -0.3676472325282067, 7.03598231557377, -356.9620766839662, 0.0, 0.0, 1.0]",96.557,58.907,1.82,ok,
eval_Ta-AM-Spalled_SEM-BSE_EBSD_SameSliceSerialSectioning_0#1,eval_Ta-AM-Spalled_SEM-BSE_EBSD_SameSliceSerialSectioning_0,SerialSectioning,Ta-AM-Spalled_SEM-BSE_EBSD_SameSliceSerialSectioning,control,ma_roma,direct,none,2,4096,6144,689,709,14,10000,626,affine,"[4.972074110327615, 0.07712012858504204, 1435.5700294007654, -0.35492101158950046, 6.872871174985868, -300.47676606535015, 0.0, 0.0, 1.0]",76.132,41.208,1.86,ok,
eval_Ta-AM-Spalled_SEM-BSE_EBSD_SameSliceSerialSectioning_0#1,eval_Ta-AM-Spalled_SEM-BSE_EBSD_SameSliceSerialSectioning_0,SerialSectioning,Ta-AM-Spalled_SEM-BSE_EBSD_SameSliceSerialSectioning,control,ma_roma,direct,none,3,4096,6144,689,709,14,10000,706,affine,"[4.964300729870437, 0.055620202896444905, 1444.3701011623432, -0.35794827384230793, 6.986122903020469, -338.29537664632335, 0.0, 0.0, 1.0]",89.432,49.073,2.03,ok,
eval_Ta-AM-Spalled_SEM-BSE_EBSD_SameSliceSerialSectioning_0#1,eval_Ta-AM-Spalled_SEM-BSE_EBSD_SameSliceSerialSectioning_0,SerialSectioning,Ta-AM-Spalled_SEM-BSE_EBSD_SameSliceSerialSectioning,control,ma_roma,direct,none,4,4096,6144,689,709,14,10000,644,affine,"[4.979172577253914, 0.06938395618376629, 1435.5144520346396, -0.3547477494220359, 6.89845035639343, -309.31370647215635, 0.0, 0.0, 1.0]",78.892,42.059,1.86,ok,
eval_Ta-AM-Spalled_SEM-BSE_EBSD_SameSliceSerialSectioning_0#1,eval_Ta-AM-Spalled_SEM-BSE_EBSD_SameSliceSerialSectioning_0,SerialSectioning,Ta-AM-Spalled_SEM-BSE_EBSD_SameSliceSerialSectioning,control,ma_roma,direct,none,5,4096,6144,689,709,14,10000,685,affine,"[4.944728921173251, 0.050374089298376064, 1452.3853581273688, -0.34216331932029015, 6.962935370446338, -333.9553309393741, 0.0, 0.0, 1.0]",87.336,44.970,2.00,ok,
eval_Ta-AM-Spalled_SEM-BSE_EBSD_SameSliceSerialSectioning_0#2,eval_Ta-AM-Spalled_SEM-BSE_EBSD_SameSliceSerialSectioning_0,SerialSectioning,Ta-AM-Spalled_SEM-BSE_EBSD_SameSliceSerialSectioning,core,ma_roma,direct,none,0,4096,6144,689,709,14,10000,559,homography,"[5.659113434757835, 0.5809489441815552, 1271.27481728648, -0.06786741048066504, 7.8451851867216, -576.3460885143435, 5.1925443922701755e-05, 0.0001698212821244933, 1.0]",112.590,54.836,2.05,ok,
eval_Ta-AM-Spalled_SEM-BSE_EBSD_SameSliceSerialSectioning_0#2,eval_Ta-AM-Spalled_SEM-BSE_EBSD_SameSliceSerialSectioning_0,SerialSectioning,Ta-AM-Spalled_SEM-BSE_EBSD_SameSliceSerialSectioning,core,ma_roma,pyramid_v2,none,0,4096,6144,689,709,14,10000,559,homography@direct,"[5.659113434757835, 0.5809489441815552, 1271.27481728648, -0.06786741048066504, 7.8451851867216, -576.3460885143435, 5.1925443922701755e-05, 0.0001698212821244933, 1.0]",112.590,54.836,2.10,ok,
eval_Ta-AM-Spalled_SEM-BSE_EBSD_SameSliceSerialSectioning_0#2,eval_Ta-AM-Spalled_SEM-BSE_EBSD_SameSliceSerialSectioning_0,SerialSectioning,Ta-AM-Spalled_SEM-BSE_EBSD_SameSliceSerialSectioning,transform,ma_roma,direct,invert,0,4096,6144,689,709,14,10000,287,homography,"[4.6713055090400335, -0.05702226804232525, 1506.5021173018229, -0.26712840186868636, 6.511354862143606, -243.07007741582575, -4.6535342993686554e-05, -3.050052854311748e-05, 1.0]",85.395,45.895,1.99,ok,
eval_Ta-AM-Spalled_SEM-BSE_EBSD_SameSliceSerialSectioning_0#2,eval_Ta-AM-Spalled_SEM-BSE_EBSD_SameSliceSerialSectioning_0,SerialSectioning,Ta-AM-Spalled_SEM-BSE_EBSD_SameSliceSerialSectioning,transform,ma_roma,direct,histmatch,0,4096,6144,689,709,14,10000,578,affine,"[4.931891127690284, 0.09351932538592178, 1441.447650653356, -0.23998055174215394, 6.9510594677402615, -367.60400114807135, 0.0, 0.0, 1.0]",98.490,61.953,2.13,ok,
eval_Ta-AM-Spalled_SEM-BSE_EBSD_SameSliceSerialSectioning_0#2,eval_Ta-AM-Spalled_SEM-BSE_EBSD_SameSliceSerialSectioning_0,SerialSectioning,Ta-AM-Spalled_SEM-BSE_EBSD_SameSliceSerialSectioning,transform,ma_roma,direct,clahe,0,4096,6144,689,709,14,10000,565,homography,"[5.305616942214178, 0.28588619242671404, 1377.3765363421103, -0.4347153577677612, 7.333740700520349, -362.2679439675494, 4.277532005471532e-05, 7.367462456777686e-05, 1.0]",84.358,65.736,2.07,ok,
eval_Ta-AM-Spalled_SEM-BSE_EBSD_SameSliceSerialSectioning_0#2,eval_Ta-AM-Spalled_SEM-BSE_EBSD_SameSliceSerialSectioning_0,SerialSectioning,Ta-AM-Spalled_SEM-BSE_EBSD_SameSliceSerialSectioning,transform,ma_roma,direct,gradmag,0,4096,6144,689,709,14,10000,450,affine,"[4.773412911578558, -0.16810644821646906, 1653.200168655459, -0.16235945220038342, 6.001959234727714, 106.83459315031041, 0.0, 0.0, 1.0]",148.116,106.688,2.32,ok,
eval_Ta-AM-Spalled_SEM-BSE_EBSD_SameSliceSerialSectioning_0#2,eval_Ta-AM-Spalled_SEM-BSE_EBSD_SameSliceSerialSectioning_0,SerialSectioning,Ta-AM-Spalled_SEM-BSE_EBSD_SameSliceSerialSectioning,control,ma_roma,direct,none,1,4096,6144,689,709,14,10000,530,homography,"[5.573602864530342, 0.5744478856591082, 1282.9311320960105, -0.12689463661479178, 7.844453478975687, -574.5347618702348, 3.895738406130071e-05, 0.00016576504774944953, 1.0]",114.122,55.906,2.08,ok,
eval_Ta-AM-Spalled_SEM-BSE_EBSD_SameSliceSerialSectioning_0#2,eval_Ta-AM-Spalled_SEM-BSE_EBSD_SameSliceSerialSectioning_0,SerialSectioning,Ta-AM-Spalled_SEM-BSE_EBSD_SameSliceSerialSectioning,control,ma_roma,direct,none,2,4096,6144,689,709,14,10000,540,affine,"[4.931533089447167, 0.03902182268083536, 1465.6563344058336, -0.22159536055758977, 6.872947464815322, -351.4930283513777, 0.0, 0.0, 1.0]",90.462,51.476,2.09,ok,
eval_Ta-AM-Spalled_SEM-BSE_EBSD_SameSliceSerialSectioning_0#2,eval_Ta-AM-Spalled_SEM-BSE_EBSD_SameSliceSerialSectioning_0,SerialSectioning,Ta-AM-Spalled_SEM-BSE_EBSD_SameSliceSerialSectioning,control,ma_roma,direct,none,3,4096,6144,689,709,14,10000,450,affine,"[4.996301301001291, -0.06156674100628314, 1487.097697793241, -0.10759331907718069, 6.710459681537947, -322.87690922607635, 0.0, 0.0, 1.0]",91.525,62.629,2.02,ok,
eval_Ta-AM-Spalled_SEM-BSE_EBSD_SameSliceSerialSectioning_0#2,eval_Ta-AM-Spalled_SEM-BSE_EBSD_SameSliceSerialSectioning_0,SerialSectioning,Ta-AM-Spalled_SEM-BSE_EBSD_SameSliceSerialSectioning,control,ma_roma,direct,none,4,4096,6144,689,709,14,10000,541,affine,"[4.931964734638198, 0.021024626019424217, 1473.5980697252876, -0.21906605843799098, 6.847411850534497, -343.4729551313644, 0.0, 0.0, 1.0]",87.984,50.666,2.00,ok,
eval_Ta-AM-Spalled_SEM-BSE_EBSD_SameSliceSerialSectioning_0#2,eval_Ta-AM-Spalled_SEM-BSE_EBSD_SameSliceSerialSectioning_0,SerialSectioning,Ta-AM-Spalled_SEM-BSE_EBSD_SameSliceSerialSectioning,control,ma_roma,direct,none,5,4096,6144,689,709,14,10000,569,homography,"[5.3647611361993155, 0.6507339189321273, 1305.7621490265647, -0.2511038290237016, 7.810911635098728, -524.9120282417227, -5.596359034012348e-06, 0.00018834045781777715, 1.0]",104.647,45.083,2.08,ok,
eval_Ta-AM-Spalled_SEM-BSE_EBSD_SameSliceSerialSectioning_1#0,eval_Ta-AM-Spalled_SEM-BSE_EBSD_SameSliceSerialSectioning_1,SerialSectioning,Ta-AM-Spalled_SEM-BSE_EBSD_SameSliceSerialSectioning,core,ma_roma,direct,none,0,4096,6144,667,709,15,10000,689,affine,"[5.002983221208565, 0.1044537729943285, 1125.3450397756612, -0.6263719689019343, 6.616980675385518, -157.71529549962543, 0.0, 0.0, 1.0]",87.122,76.801,2.08,ok,
eval_Ta-AM-Spalled_SEM-BSE_EBSD_SameSliceSerialSectioning_1#0,eval_Ta-AM-Spalled_SEM-BSE_EBSD_SameSliceSerialSectioning_1,SerialSectioning,Ta-AM-Spalled_SEM-BSE_EBSD_SameSliceSerialSectioning,core,ma_roma,pyramid_v2,none,0,4096,6144,667,709,15,10000,689,affine@direct,"[5.002983221208565, 0.1044537729943285, 1125.3450397756612, -0.6263719689019343, 6.616980675385518, -157.71529549962543, 0.0, 0.0, 1.0]",87.122,76.801,1.95,ok,
eval_Ta-AM-Spalled_SEM-BSE_EBSD_SameSliceSerialSectioning_1#0,eval_Ta-AM-Spalled_SEM-BSE_EBSD_SameSliceSerialSectioning_1,SerialSectioning,Ta-AM-Spalled_SEM-BSE_EBSD_SameSliceSerialSectioning,transform,ma_roma,direct,invert,0,4096,6144,667,709,15,10000,765,affine,"[5.000313217508327, -0.013674733355075928, 1142.4951137673938, -0.14671440021229257, 6.348720814699967, -275.42821897224235, 0.0, 0.0, 1.0]",92.062,53.741,2.04,ok,
eval_Ta-AM-Spalled_SEM-BSE_EBSD_SameSliceSerialSectioning_1#0,eval_Ta-AM-Spalled_SEM-BSE_EBSD_SameSliceSerialSectioning_1,SerialSectioning,Ta-AM-Spalled_SEM-BSE_EBSD_SameSliceSerialSectioning,transform,ma_roma,direct,histmatch,0,4096,6144,667,709,15,10000,611,affine,"[4.865976049068529, -0.005407174907857332, 1220.7806420550337, -0.18756333936170955, 6.873370987160113, -413.3219940383515, 0.0, 0.0, 1.0]",87.271,67.333,2.22,ok,
eval_Ta-AM-Spalled_SEM-BSE_EBSD_SameSliceSerialSectioning_1#0,eval_Ta-AM-Spalled_SEM-BSE_EBSD_SameSliceSerialSectioning_1,SerialSectioning,Ta-AM-Spalled_SEM-BSE_EBSD_SameSliceSerialSectioning,transform,ma_roma,direct,clahe,0,4096,6144,667,709,15,10000,772,homography,"[5.211230495118788, 0.08037206698545257, 1107.9331452828894, -0.3314787595548809, 6.747183677033596, -228.8919893334533, 4.863193785291752e-05, -4.5863593009589285e-06, 1.0]",59.507,41.064,2.13,ok,
eval_Ta-AM-Spalled_SEM-BSE_EBSD_SameSliceSerialSectioning_1#0,eval_Ta-AM-Spalled_SEM-BSE_EBSD_SameSliceSerialSectioning_1,SerialSectioning,Ta-AM-Spalled_SEM-BSE_EBSD_SameSliceSerialSectioning,transform,ma_roma,direct,gradmag,0,4096,6144,667,709,15,10000,246,affine,"[4.934908406133199, 0.0022607911624663705, 1175.5290761893161, -0.6091995381119633, 6.855799907429679, -121.59964160551726, 0.0, 0.0, 1.0]",96.855,72.305,2.53,ok,
eval_Ta-AM-Spalled_SEM-BSE_EBSD_SameSliceSerialSectioning_1#0,eval_Ta-AM-Spalled_SEM-BSE_EBSD_SameSliceSerialSectioning_1,SerialSectioning,Ta-AM-Spalled_SEM-BSE_EBSD_SameSliceSerialSectioning,control,ma_roma,direct,none,1,4096,6144,667,709,15,10000,678,homography,"[5.264088715298615, 0.25797628319153443, 1084.523194561524, -0.5529116273356278, 6.954555324563273, -226.013550900578, 4.302446967913587e-05, 6.19095016176465e-05, 1.0]",84.703,63.533,1.94,ok,
eval_Ta-AM-Spalled_SEM-BSE_EBSD_SameSliceSerialSectioning_1#0,eval_Ta-AM-Spalled_SEM-BSE_EBSD_SameSliceSerialSectioning_1,SerialSectioning,Ta-AM-Spalled_SEM-BSE_EBSD_SameSliceSerialSectioning,control,ma_roma,direct,none,2,4096,6144,667,709,15,10000,684,affine,"[5.070970185133546, 0.18185113585001866, 1087.1548753640982, -0.3478029766369102, 6.781522000616941, -236.33218681980975, 0.0, 0.0, 1.0]",84.391,52.992,2.01,ok,
eval_Ta-AM-Spalled_SEM-BSE_EBSD_SameSliceSerialSectioning_1#0,eval_Ta-AM-Spalled_SEM-BSE_EBSD_SameSliceSerialSectioning_1,SerialSectioning,Ta-AM-Spalled_SEM-BSE_EBSD_SameSliceSerialSectioning,control,ma_roma,direct,none,3,4096,6144,667,709,15,10000,808,affine,"[5.076030076736482, 0.17978591785579412, 1087.4750096816902, -0.32623751706253173, 6.76613620960351, -231.22989423688023, 0.0, 0.0, 1.0]",87.930,61.822,1.98,ok,
eval_Ta-AM-Spalled_SEM-BSE_EBSD_SameSliceSerialSectioning_1#0,eval_Ta-AM-Spalled_SEM-BSE_EBSD_SameSliceSerialSectioning_1,SerialSectioning,Ta-AM-Spalled_SEM-BSE_EBSD_SameSliceSerialSectioning,control,ma_roma,direct,none,4,4096,6144,667,709,15,10000,786,affine,"[5.030713917152876, 0.2000545768908916, 1082.8452974697311, -0.5646166986261091, 6.807529936664161, -240.09176931862885, 0.0, 0.0, 1.0]",95.189,96.778,2.00,ok,
eval_Ta-AM-Spalled_SEM-BSE_EBSD_SameSliceSerialSectioning_1#0,eval_Ta-AM-Spalled_SEM-BSE_EBSD_SameSliceSerialSectioning_1,SerialSectioning,Ta-AM-Spalled_SEM-BSE_EBSD_SameSliceSerialSectioning,control,ma_roma,direct,none,5,4096,6144,667,709,15,10000,703,affine,"[5.008791450271645, 0.11017626532062903, 1122.5278736085952, -0.730837209867802, 6.628642620208762, -128.95644546111907, 0.0, 0.0, 1.0]",99.065,92.279,2.09,ok,
eval_Ta-AM-Spalled_SEM-BSE_EBSD_SameSliceSerialSectioning_1#1,eval_Ta-AM-Spalled_SEM-BSE_EBSD_SameSliceSerialSectioning_1,SerialSectioning,Ta-AM-Spalled_SEM-BSE_EBSD_SameSliceSerialSectioning,core,ma_roma,direct,none,0,4096,6144,667,709,15,10000,584,affine,"[5.0153171429306145, 0.18809734005844692, 1088.4364896845439, -0.7079425900475868, 6.731412314278974, -171.5186277398093, 0.0, 0.0, 1.0]",104.562,106.004,1.92,ok,
eval_Ta-AM-Spalled_SEM-BSE_EBSD_SameSliceSerialSectioning_1#1,eval_Ta-AM-Spalled_SEM-BSE_EBSD_SameSliceSerialSectioning_1,SerialSectioning,Ta-AM-Spalled_SEM-BSE_EBSD_SameSliceSerialSectioning,core,ma_roma,pyramid_v2,none,0,4096,6144,667,709,15,10000,584,affine@direct,"[5.0153171429306145, 0.18809734005844692, 1088.4364896845439, -0.7079425900475868, 6.731412314278974, -171.5186277398093, 0.0, 0.0, 1.0]",104.562,106.004,2.12,ok,
eval_Ta-AM-Spalled_SEM-BSE_EBSD_SameSliceSerialSectioning_1#1,eval_Ta-AM-Spalled_SEM-BSE_EBSD_SameSliceSerialSectioning_1,SerialSectioning,Ta-AM-Spalled_SEM-BSE_EBSD_SameSliceSerialSectioning,transform,ma_roma,direct,invert,0,4096,6144,667,709,15,10000,594,affine,"[4.985736317049814, 0.1005694363462309, 1127.2966585633685, -0.7563421786921705, 6.706610286905337, -151.82044945703183, 0.0, 0.0, 1.0]",108.942,110.408,2.09,ok,
eval_Ta-AM-Spalled_SEM-BSE_EBSD_SameSliceSerialSectioning_1#1,eval_Ta-AM-Spalled_SEM-BSE_EBSD_SameSliceSerialSectioning_1,SerialSectioning,Ta-AM-Spalled_SEM-BSE_EBSD_SameSliceSerialSectioning,transform,ma_roma,direct,histmatch,0,4096,6144,667,709,15,10000,785,homography,"[4.607042395943688, -0.16694996612061713, 1219.3119245775238, -0.39215175649002293, 6.180543372013581, -164.62382825385222, -4.419004228063563e-05, -8.622181333160499e-05, 1.0]",66.688,64.025,2.32,ok,
eval_Ta-AM-Spalled_SEM-BSE_EBSD_SameSliceSerialSectioning_1#1,eval_Ta-AM-Spalled_SEM-BSE_EBSD_SameSliceSerialSectioning_1,SerialSectioning,Ta-AM-Spalled_SEM-BSE_EBSD_SameSliceSerialSectioning,transform,ma_roma,direct,clahe,0,4096,6144,667,709,15,10000,601,affine,"[5.0075960782155065, 0.1398033347074559, 1109.0121584776462, -0.6808284108519019, 6.8904845868179265, -242.16654920277506, 0.0, 0.0, 1.0]",116.733,123.297,2.11,ok,
eval_Ta-AM-Spalled_SEM-BSE_EBSD_SameSliceSerialSectioning_1#1,eval_Ta-AM-Spalled_SEM-BSE_EBSD_SameSliceSerialSectioning_1,SerialSectioning,Ta-AM-Spalled_SEM-BSE_EBSD_SameSliceSerialSectioning,transform,ma_roma,direct,gradmag,0,4096,6144,667,709,15,10000,180,homography,"[4.5786764771739525, -0.6113125391615146, 1212.515774903689, -0.6035763756038911, 6.201357949187592, -55.516301129130206, -4.945323255177484e-05, -0.0001827293344025333, 1.0]",175.938,93.253,2.42,ok,
eval_Ta-AM-Spalled_SEM-BSE_EBSD_SameSliceSerialSectioning_1#1,eval_Ta-AM-Spalled_SEM-BSE_EBSD_SameSliceSerialSectioning_1,SerialSectioning,Ta-AM-Spalled_SEM-BSE_EBSD_SameSliceSerialSectioning,control,ma_roma,direct,none,1,4096,6144,667,709,15,10000,589,affine,"[5.016874236885942, 0.10333439581696986, 1118.8380751159389, -0.7017531523221909, 6.584256485842319, -117.02143465109043, 0.0, 0.0, 1.0]",90.094,74.721,2.01,ok,
eval_Ta-AM-Spalled_SEM-BSE_EBSD_SameSliceSerialSectioning_1#1,eval_Ta-AM-Spalled_SEM-BSE_EBSD_SameSliceSerialSectioning_1,SerialSectioning,Ta-AM-Spalled_SEM-BSE_EBSD_SameSliceSerialSectioning,control,ma_roma,direct,none,2,4096,6144,667,709,15,10000,553,affine,"[5.019960660377934, 0.12669859456473992, 1108.8806285098403, -0.6587655852920188, 6.933449260345607, -259.41894738477185, 0.0, 0.0, 1.0]",115.977,123.956,2.02,ok,
eval_Ta-AM-Spalled_SEM-BSE_EBSD_SameSliceSerialSectioning_1#1,eval_Ta-AM-Spalled_SEM-BSE_EBSD_SameSliceSerialSectioning_1,SerialSectioning,Ta-AM-Spalled_SEM-BSE_EBSD_SameSliceSerialSectioning,control,ma_roma,direct,none,3,4096,6144,667,709,15,10000,537,affine,"[5.018982606121812, 0.1358654359871624, 1105.0439740769962, -0.6479609975729071, 6.821242205558763, -213.14188246857475, 0.0, 0.0, 1.0]",99.228,90.942,2.02,ok,
eval_Ta-AM-Spalled_SEM-BSE_EBSD_SameSliceSerialSectioning_1#1,eval_Ta-AM-Spalled_SEM-BSE_EBSD_SameSliceSerialSectioning_1,SerialSectioning,Ta-AM-Spalled_SEM-BSE_EBSD_SameSliceSerialSectioning,control,ma_roma,direct,none,4,4096,6144,667,709,15,10000,502,homography,"[4.419016999915782, -0.5456612952274663, 1238.676109528621, -0.7151842047436551, 5.45082945863269, 65.98852718856601, -4.1374568728964247e-05, -0.0002709172055508235, 1.0]",139.955,73.200,2.10,ok,
eval_Ta-AM-Spalled_SEM-BSE_EBSD_SameSliceSerialSectioning_1#1,eval_Ta-AM-Spalled_SEM-BSE_EBSD_SameSliceSerialSectioning_1,SerialSectioning,Ta-AM-Spalled_SEM-BSE_EBSD_SameSliceSerialSectioning,control,ma_roma,direct,none,5,4096,6144,667,709,15,10000,567,affine,"[5.014518226393829, 0.06877635048346163, 1129.41421132016, -0.6726563964767417, 6.555703296784842, -116.79040047502531, 0.0, 0.0, 1.0]",85.899,65.905,2.05,ok,
eval_Ta-AM-Spalled_SEM-BSE_EBSD_SameSliceSerialSectioning_1#2,eval_Ta-AM-Spalled_SEM-BSE_EBSD_SameSliceSerialSectioning_1,SerialSectioning,Ta-AM-Spalled_SEM-BSE_EBSD_SameSliceSerialSectioning,core,ma_roma,direct,none,0,4096,6144,667,709,15,10000,482,affine,"[5.122253161147659, 0.19592391008157894, 1081.0043984322897, -0.2665298034967414, 6.774257775271778, -234.47386208424018, 0.0, 0.0, 1.0]",109.552,102.355,2.16,ok,
eval_Ta-AM-Spalled_SEM-BSE_EBSD_SameSliceSerialSectioning_1#2,eval_Ta-AM-Spalled_SEM-BSE_EBSD_SameSliceSerialSectioning_1,SerialSectioning,Ta-AM-Spalled_SEM-BSE_EBSD_SameSliceSerialSectioning,core,ma_roma,pyramid_v2,none,0,4096,6144,667,709,15,10000,482,affine@direct,"[5.122253161147659, 0.19592391008157894, 1081.0043984322897, -0.2665298034967414, 6.774257775271778, -234.47386208424018, 0.0, 0.0, 1.0]",109.552,102.355,2.13,ok,
eval_Ta-AM-Spalled_SEM-BSE_EBSD_SameSliceSerialSectioning_1#2,eval_Ta-AM-Spalled_SEM-BSE_EBSD_SameSliceSerialSectioning_1,SerialSectioning,Ta-AM-Spalled_SEM-BSE_EBSD_SameSliceSerialSectioning,transform,ma_roma,direct,invert,0,4096,6144,667,709,15,10000,512,affine,"[4.946491783322323, 0.15710589630420457, 1099.8494680700378, -0.432012718932152, 6.555491000703979, -120.66492861402867, 0.0, 0.0, 1.0]",70.119,68.717,2.07,ok,
eval_Ta-AM-Spalled_SEM-BSE_EBSD_SameSliceSerialSectioning_1#2,eval_Ta-AM-Spalled_SEM-BSE_EBSD_SameSliceSerialSectioning_1,SerialSectioning,Ta-AM-Spalled_SEM-BSE_EBSD_SameSliceSerialSectioning,transform,ma_roma,direct,histmatch,0,4096,6144,667,709,15,10000,989,affine,"[5.143394347710206, 0.19022619659139933, 1083.778401631907, -0.26706573479126544, 6.781916933735212, -235.55331597504392, 0.0, 0.0, 1.0]",115.039,106.850,2.28,ok,
eval_Ta-AM-Spalled_SEM-BSE_EBSD_SameSliceSerialSectioning_1#2,eval_Ta-AM-Spalled_SEM-BSE_EBSD_SameSliceSerialSectioning_1,SerialSectioning,Ta-AM-Spalled_SEM-BSE_EBSD_SameSliceSerialSectioning,transform,ma_roma,direct,clahe,0,4096,6144,667,709,15,10000,885,homography,"[5.3783559888832855, 0.18311724041767535, 1077.1546851943099, -0.1534202746925428, 6.745069570291078, -233.6953655208647, 0.00010337012327976372, -1.4470757981817107e-05, 0.9999999999999999]",76.597,69.346,2.10,ok,
eval_Ta-AM-Spalled_SEM-BSE_EBSD_SameSliceSerialSectioning_1#2,eval_Ta-AM-Spalled_SEM-BSE_EBSD_SameSliceSerialSectioning_1,SerialSectioning,Ta-AM-Spalled_SEM-BSE_EBSD_SameSliceSerialSectioning,transform,ma_roma,direct,gradmag,0,4096,6144,667,709,15,10000,267,affine,"[4.988613736610054, 0.17967068808156308, 1088.7658158956392, -0.4775439795646694, 6.555443808669015, -108.75596854652485, 0.0, 0.0, 1.0]",67.176,64.857,2.50,ok,
eval_Ta-AM-Spalled_SEM-BSE_EBSD_SameSliceSerialSectioning_1#2,eval_Ta-AM-Spalled_SEM-BSE_EBSD_SameSliceSerialSectioning_1,SerialSectioning,Ta-AM-Spalled_SEM-BSE_EBSD_SameSliceSerialSectioning,control,ma_roma,direct,none,1,4096,6144,667,709,15,10000,490,affine,"[5.081654752751936, 0.1988615769974168, 1080.7107233976083, -0.4870944112886525, 6.803749836243841, -239.41566849032824, 0.0, 0.0, 1.0]",85.921,64.453,1.98,ok,
eval_Ta-AM-Spalled_SEM-BSE_EBSD_SameSliceSerialSectioning_1#2,eval_Ta-AM-Spalled_SEM-BSE_EBSD_SameSliceSerialSectioning_1,SerialSectioning,Ta-AM-Spalled_SEM-BSE_EBSD_SameSliceSerialSectioning,control,ma_roma,direct,none,2,4096,6144,667,709,15,10000,458,affine,"[5.11384839862212, 0.20279142263861433, 1078.6403958103251, -0.506626841196561, 6.796252738209844, -236.671826914029, 0.0, 0.0, 1.0]",95.906,74.664,2.12,ok,
eval_Ta-AM-Spalled_SEM-BSE_EBSD_SameSliceSerialSectioning_1#2,eval_Ta-AM-Spalled_SEM-BSE_EBSD_SameSliceSerialSectioning_1,SerialSectioning,Ta-AM-Spalled_SEM-BSE_EBSD_SameSliceSerialSectioning,control,ma_roma,direct,none,3,4096,6144,667,709,15,10000,457,affine,"[5.089554583946036, 0.19533071258360749, 1081.5416201296105, -0.2688996967775622, 6.78913326031288, -239.04941066216338, 0.0, 0.0, 1.0]",103.881,91.882,2.06,ok,
eval_Ta-AM-Spalled_SEM-BSE_EBSD_SameSliceSerialSectioning_1#2,eval_Ta-AM-Spalled_SEM-BSE_EBSD_SameSliceSerialSectioning_1,SerialSectioning,Ta-AM-Spalled_SEM-BSE_EBSD_SameSliceSerialSectioning,control,ma_roma,direct,none,4,4096,6144,667,709,15,10000,531,homography,"[5.307731671366879, 0.11790235075948831, 1082.4233109280365, 0.0513324468162903, 6.58456363181911, -213.78245464794168, 0.0001355373262163536, -5.795992186497061e-05, 1.0]",122.945,125.697,2.02,ok,
eval_Ta-AM-Spalled_SEM-BSE_EBSD_SameSliceSerialSectioning_1#2,eval_Ta-AM-Spalled_SEM-BSE_EBSD_SameSliceSerialSectioning_1,SerialSectioning,Ta-AM-Spalled_SEM-BSE_EBSD_SameSliceSerialSectioning,control,ma_roma,direct,none,5,4096,6144,667,709,15,10000,419,affine,"[5.038574583607754, 0.19032364654972236, 1084.6155135813128, -0.3333743662820148, 6.757719769643391, -229.54022892968578, 0.0, 0.0, 1.0]",80.768,53.076,2.01,ok,
eval_Ta-AM-Spalled_SEM-BSE_EBSD_SameSliceSerialSectioning_2#0,eval_Ta-AM-Spalled_SEM-BSE_EBSD_SameSliceSerialSectioning_2,SerialSectioning,Ta-AM-Spalled_SEM-BSE_EBSD_SameSliceSerialSectioning,core,ma_roma,direct,none,0,4096,6144,667,709,19,10000,835,homography,"[4.894707095963385, 0.08779240870894761, 1079.9944045582147, -1.0947266951651826, 5.7213805529726, 97.54407037800352, -9.14291865274032e-05, -9.689017350092617e-05, 1.0]",192.212,70.810,2.03,ok,
eval_Ta-AM-Spalled_SEM-BSE_EBSD_SameSliceSerialSectioning_2#0,eval_Ta-AM-Spalled_SEM-BSE_EBSD_SameSliceSerialSectioning_2,SerialSectioning,Ta-AM-Spalled_SEM-BSE_EBSD_SameSliceSerialSectioning,core,ma_roma,pyramid_v2,none,0,4096,6144,667,709,19,10000,835,homography@direct,"[4.894707095963385, 0.08779240870894761, 1079.9944045582147, -1.0947266951651826, 5.7213805529726, 97.54407037800352, -9.14291865274032e-05, -9.689017350092617e-05, 1.0]",192.212,70.810,2.13,ok,
eval_Ta-AM-Spalled_SEM-BSE_EBSD_SameSliceSerialSectioning_2#0,eval_Ta-AM-Spalled_SEM-BSE_EBSD_SameSliceSerialSectioning_2,SerialSectioning,Ta-AM-Spalled_SEM-BSE_EBSD_SameSliceSerialSectioning,transform,ma_roma,direct,invert,0,4096,6144,667,709,19,10000,821,affine,"[5.100098212968303, 0.30174784526180043, 1066.9435349327412, -1.0390250866248667, 5.945526945523551, 83.6315152215501, 0.0, 0.0, 1.0]",182.481,112.512,1.87,ok,
eval_Ta-AM-Spalled_SEM-BSE_EBSD_SameSliceSerialSectioning_2#0,eval_Ta-AM-Spalled_SEM-BSE_EBSD_SameSliceSerialSectioning_2,SerialSectioning,Ta-AM-Spalled_SEM-BSE_EBSD_SameSliceSerialSectioning,transform,ma_roma,direct,histmatch,0,4096,6144,667,709,19,10000,857,homography,"[4.512575527833008, -0.29813552677867766, 1219.9436143069704, -0.5573799297884704, 5.78775934865468, -23.154837383959215, -1.7982787968036155e-05, -0.0001800473123249211, 1.0]",90.350,54.552,2.21,ok,
eval_Ta-AM-Spalled_SEM-BSE_EBSD_SameSliceSerialSectioning_2#0,eval_Ta-AM-Spalled_SEM-BSE_EBSD_SameSliceSerialSectioning_2,SerialSectioning,Ta-AM-Spalled_SEM-BSE_EBSD_SameSliceSerialSectioning,transform,ma_roma,direct,clahe,0,4096,6144,667,709,19,10000,1124,homography,"[4.702867620253248, 0.07789463071038505, 1129.0595369491537, -0.7726674321894474, 6.423950578940862, -126.83152469662882, -6.35535713784157e-05, -4.5978398168901244e-05, 1.0]",122.823,113.561,2.07,ok,
eval_Ta-AM-Spalled_SEM-BSE_EBSD_SameSliceSerialSectioning_2#0,eval_Ta-AM-Spalled_SEM-BSE_EBSD_SameSliceSerialSectioning_2,SerialSectioning,Ta-AM-Spalled_SEM-BSE_EBSD_SameSliceSerialSectioning,transform,ma_roma,direct,gradmag,0,4096,6144,667,709,19,10000,461,affine,"[4.869094259497071, 0.18368704005556574, 1092.1512411661656, -0.29046516405271716, 6.299282938387134, -25.62182084483402, 0.0, 0.0, 1.0]",103.326,81.316,2.50,ok,
eval_Ta-AM-Spalled_SEM-BSE_EBSD_SameSliceSerialSectioning_2#0,eval_Ta-AM-Spalled_SEM-BSE_EBSD_SameSliceSerialSectioning_2,SerialSectioning,Ta-AM-Spalled_SEM-BSE_EBSD_SameSliceSerialSectioning,control,ma_roma,direct,none,1,4096,6144,667,709,19,10000,812,affine,"[5.116698297163892, 0.2421907273841314, 1075.1337902452863, -0.9997535084446877, 5.944551709331915, 74.8122530589302, 0.0, 0.0, 1.0]",175.272,112.816,1.92,ok,
eval_Ta-AM-Spalled_SEM-BSE_EBSD_SameSliceSerialSectioning_2#0,eval_Ta-AM-Spalled_SEM-BSE_EBSD_SameSliceSerialSectioning_2,SerialSectioning,Ta-AM-Spalled_SEM-BSE_EBSD_SameSliceSerialSectioning,control,ma_roma,direct,none,2,4096,6144,667,709,19,10000,799,affine,"[5.116429160940633, 0.2574618534459061, 1073.869687978438, -0.9946639878739493, 5.906128519365102, 76.99592285103643, 0.0, 0.0, 1.0]",184.284,127.428,1.99,ok,
eval_Ta-AM-Spalled_SEM-BSE_EBSD_SameSliceSerialSectioning_2#0,eval_Ta-AM-Spalled_SEM-BSE_EBSD_SameSliceSerialSectioning_2,SerialSectioning,Ta-AM-Spalled_SEM-BSE_EBSD_SameSliceSerialSectioning,control,ma_roma,direct,none,3,4096,6144,667,709,19,10000,835,affine,"[5.108147967624726, 0.28027622699398697, 1073.54850709401, -0.9832741434394258, 5.885260348344959, 76.44028944346815, 0.0, 0.0, 1.0]",189.124,137.178,2.10,ok,
eval_Ta-AM-Spalled_SEM-BSE_EBSD_SameSliceSerialSectioning_2#0,eval_Ta-AM-Spalled_SEM-BSE_EBSD_SameSliceSerialSectioning_2,SerialSectioning,Ta-AM-Spalled_SEM-BSE_EBSD_SameSliceSerialSectioning,control,ma_roma,direct,none,4,4096,6144,667,709,19,10000,799,affine,"[5.129001165784525, 0.19985770882548878, 1075.9699456011551, -1.0073755941487028, 6.020702079441075, 67.98923367700081, 0.0, 0.0, 1.0]",159.263,85.995,2.03,ok,
eval_Ta-AM-Spalled_SEM-BSE_EBSD_SameSliceSerialSectioning_2#0,eval_Ta-AM-Spalled_SEM-BSE_EBSD_SameSliceSerialSectioning_2,SerialSectioning,Ta-AM-Spalled_SEM-BSE_EBSD_SameSliceSerialSectioning,control,ma_roma,direct,none,5,4096,6144,667,709,19,10000,675,affine,"[4.980910952301737, 0.18382068175075714, 1098.6580804793193, -0.7495790622192315, 6.762612531705377, -195.44056525602764, 0.0, 0.0, 1.0]",135.583,138.198,2.04,ok,
eval_Ta-AM-Spalled_SEM-BSE_EBSD_SameSliceSerialSectioning_2#1,eval_Ta-AM-Spalled_SEM-BSE_EBSD_SameSliceSerialSectioning_2,SerialSectioning,Ta-AM-Spalled_SEM-BSE_EBSD_SameSliceSerialSectioning,core,ma_roma,direct,none,0,4096,6144,667,709,19,10000,474,affine,"[4.986701430473655, 0.14386023538442574, 1114.9331054190632, -0.7983736061102317, 6.078950496451237, 23.1791282988313, 0.0, 0.0, 1.0]",116.760,77.611,2.05,ok,
eval_Ta-AM-Spalled_SEM-BSE_EBSD_SameSliceSerialSectioning_2#1,eval_Ta-AM-Spalled_SEM-BSE_EBSD_SameSliceSerialSectioning_2,SerialSectioning,Ta-AM-Spalled_SEM-BSE_EBSD_SameSliceSerialSectioning,core,ma_roma,pyramid_v2,none,0,4096,6144,667,709,19,10000,474,affine@direct,"[4.986701430473655, 0.14386023538442574, 1114.9331054190632, -0.7983736061102317, 6.078950496451237, 23.1791282988313, 0.0, 0.0, 1.0]",116.760,77.611,2.02,ok,
eval_Ta-AM-Spalled_SEM-BSE_EBSD_SameSliceSerialSectioning_2#1,eval_Ta-AM-Spalled_SEM-BSE_EBSD_SameSliceSerialSectioning_2,SerialSectioning,Ta-AM-Spalled_SEM-BSE_EBSD_SameSliceSerialSectioning,transform,ma_roma,direct,invert,0,4096,6144,667,709,19,10000,454,affine,"[4.980206658090436, 0.2204840478246753, 1094.8669161410164, -0.954318386482266, 6.045893526274299, 54.70384651224117, 0.0, 0.0, 1.0]",146.307,81.870,1.97,ok,
eval_Ta-AM-Spalled_SEM-BSE_EBSD_SameSliceSerialSectioning_2#1,eval_Ta-AM-Spalled_SEM-BSE_EBSD_SameSliceSerialSectioning_2,SerialSectioning,Ta-AM-Spalled_SEM-BSE_EBSD_SameSliceSerialSectioning,transform,ma_roma,direct,histmatch,0,4096,6144,667,709,19,10000,585,affine,"[5.03097614989573, 0.21576776899731467, 1092.257767041012, -0.8765611518173883, 5.953349595315066, 51.85320475787307, 0.0, 0.0, 1.0]",153.147,114.747,2.33,ok,
eval_Ta-AM-Spalled_SEM-BSE_EBSD_SameSliceSerialSectioning_2#1,eval_Ta-AM-Spalled_SEM-BSE_EBSD_SameSliceSerialSectioning_2,SerialSectioning,Ta-AM-Spalled_SEM-BSE_EBSD_SameSliceSerialSectioning,transform,ma_roma,direct,clahe,0,4096,6144,667,709,19,10000,633,affine,"[4.93271113397325, 0.05422372851794142, 1146.3290791762702, -0.8292294645763658, 6.100718231314643, 20.421614574854175, 0.0, 0.0, 1.0]",120.980,76.852,2.21,ok,
eval_Ta-AM-Spalled_SEM-BSE_EBSD_SameSliceSerialSectioning_2#1,eval_Ta-AM-Spalled_SEM-BSE_EBSD_SameSliceSerialSectioning_2,SerialSectioning,Ta-AM-Spalled_SEM-BSE_EBSD_SameSliceSerialSectioning,transform,ma_roma,direct,gradmag,0,4096,6144,667,709,19,10000,186,homography,"[4.764748031490796, 0.28808285405569284, 1116.525072653143, -0.7954187746104394, 6.530879270045384, 4.655635781632661, -0.00015207329094036782, 9.315628267237436e-05, 1.0]",127.368,92.004,2.54,ok,
eval_Ta-AM-Spalled_SEM-BSE_EBSD_SameSliceSerialSectioning_2#1,eval_Ta-AM-Spalled_SEM-BSE_EBSD_SameSliceSerialSectioning_2,SerialSectioning,Ta-AM-Spalled_SEM-BSE_EBSD_SameSliceSerialSectioning,control,ma_roma,direct,none,1,4096,6144,667,709,19,10000,511,homography,"[4.439887653178615, -0.35534233665538634, 1201.3335913225128, -0.6789517434057032, 5.500271406458596, 50.01071560971293, -6.820457329507198e-05, -0.00022413729304658015, 1.0]",113.604,60.603,2.13,ok,
eval_Ta-AM-Spalled_SEM-BSE_EBSD_SameSliceSerialSectioning_2#1,eval_Ta-AM-Spalled_SEM-BSE_EBSD_SameSliceSerialSectioning_2,SerialSectioning,Ta-AM-Spalled_SEM-BSE_EBSD_SameSliceSerialSectioning,control,ma_roma,direct,none,2,4096,6144,667,709,19,10000,531,affine,"[4.954602105810394, 0.1039727073975913, 1132.4253569969555, -0.778532168755038, 6.159345827343532, 0.9875833336525375, 0.0, 0.0, 1.0]",107.840,62.399,2.00,ok,
eval_Ta-AM-Spalled_SEM-BSE_EBSD_SameSliceSerialSectioning_2#1,eval_Ta-AM-Spalled_SEM-BSE_EBSD_SameSliceSerialSectioning_2,SerialSectioning,Ta-AM-Spalled_SEM-BSE_EBSD_SameSliceSerialSectioning,control,ma_roma,direct,none,3,4096,6144,667,709,19,10000,516,homography,"[4.420691733671195, -0.08351846594944494, 1196.3083258488293, -0.9311406373188313, 5.839669345949619, 53.85967156204299, -0.00013496282101145245, -5.2674972339454664e-05, 1.0]",108.620,66.517,2.08,ok,
eval_Ta-AM-Spalled_SEM-BSE_EBSD_SameSliceSerialSectioning_2#1,eval_Ta-AM-Spalled_SEM-BSE_EBSD_SameSliceSerialSectioning_2,SerialSectioning,Ta-AM-Spalled_SEM-BSE_EBSD_SameSliceSerialSectioning,control,ma_roma,direct,none,4,4096,6144,667,709,19,10000,521,homography,"[5.06718222186709, -0.28181995468491045, 1131.6245422832937, -0.7827765153428597, 5.754902097266901, 55.21098248242606, 5.750240057762621e-05, -0.00017892275248623042, 1.0]",127.565,60.821,2.02,ok,
eval_Ta-AM-Spalled_SEM-BSE_EBSD_SameSliceSerialSectioning_2#1,eval_Ta-AM-Spalled_SEM-BSE_EBSD_SameSliceSerialSectioning_2,SerialSectioning,Ta-AM-Spalled_SEM-BSE_EBSD_SameSliceSerialSectioning,control,ma_roma,direct,none,5,4096,6144,667,709,19,10000,572,affine,"[4.943030483127822, 0.06485352512183115, 1142.829236367838, -0.7827232831876642, 6.1319967011928345, 6.452521713869146, 0.0, 0.0, 1.0]",111.770,70.598,2.19,ok,
eval_Ta-AM-Spalled_SEM-BSE_EBSD_SameSliceSerialSectioning_2#2,eval_Ta-AM-Spalled_SEM-BSE_EBSD_SameSliceSerialSectioning_2,SerialSectioning,Ta-AM-Spalled_SEM-BSE_EBSD_SameSliceSerialSectioning,core,ma_roma,direct,none,0,4096,6144,667,709,19,10000,840,affine,"[4.979880675042363, 0.08993328183063286, 1137.4827606706176, -0.622134938525445, 6.792091475849736, -230.08426565386344, 0.0, 0.0, 1.0]",120.192,119.167,2.23,ok,
eval_Ta-AM-Spalled_SEM-BSE_EBSD_SameSliceSerialSectioning_2#2,eval_Ta-AM-Spalled_SEM-BSE_EBSD_SameSliceSerialSectioning_2,SerialSectioning,Ta-AM-Spalled_SEM-BSE_EBSD_SameSliceSerialSectioning,core,ma_roma,pyramid_v2,none,0,4096,6144,667,709,19,10000,840,affine@direct,"[4.979880675042363, 0.08993328183063286, 1137.4827606706176, -0.622134938525445, 6.792091475849736, -230.08426565386344, 0.0, 0.0, 1.0]",120.192,119.167,2.23,ok,
eval_Ta-AM-Spalled_SEM-BSE_EBSD_SameSliceSerialSectioning_2#2,eval_Ta-AM-Spalled_SEM-BSE_EBSD_SameSliceSerialSectioning_2,SerialSectioning,Ta-AM-Spalled_SEM-BSE_EBSD_SameSliceSerialSectioning,transform,ma_roma,direct,invert,0,4096,6144,667,709,19,10000,621,homography,"[5.657654352634351, 0.11019749152792517, 1073.8147614832644, -1.0108506657838574, 5.9341486432979655, 95.02961375721422, 0.000268585944433602, -7.261509667071746e-05, 0.9999999999999999]",248.113,114.964,2.29,ok,
eval_Ta-AM-Spalled_SEM-BSE_EBSD_SameSliceSerialSectioning_2#2,eval_Ta-AM-Spalled_SEM-BSE_EBSD_SameSliceSerialSectioning_2,SerialSectioning,Ta-AM-Spalled_SEM-BSE_EBSD_SameSliceSerialSectioning,transform,ma_roma,direct,histmatch,0,4096,6144,667,709,19,10000,816,homography,"[4.794364656357333, -0.17449196178079027, 1191.6613636958523, -0.4745902976897349, 6.1110609694095315, -74.84739394436197, 2.35595978631085e-05, -0.00011358329903586797, 1.0]",79.919,48.751,2.41,ok,
eval_Ta-AM-Spalled_SEM-BSE_EBSD_SameSliceSerialSectioning_2#2,eval_Ta-AM-Spalled_SEM-BSE_EBSD_SameSliceSerialSectioning_2,SerialSectioning,Ta-AM-Spalled_SEM-BSE_EBSD_SameSliceSerialSectioning,transform,ma_roma,direct,clahe,0,4096,6144,667,709,19,10000,761,affine,"[5.051936513594609, 0.1546434162095406, 1096.1046702492772, -0.9578379721184969, 6.023396693855063, 56.22356029345974, 0.0, 0.0, 1.0]",149.343,90.285,2.30,ok,
eval_Ta-AM-Spalled_SEM-BSE_EBSD_SameSliceSerialSectioning_2#2,eval_Ta-AM-Spalled_SEM-BSE_EBSD_SameSliceSerialSectioning_2,SerialSectioning,Ta-AM-Spalled_SEM-BSE_EBSD_SameSliceSerialSectioning,transform,ma_roma,direct,gradmag,0,4096,6144,667,709,19,10000,359,affine,"[4.9586810686152285, 0.08789548872230712, 1141.3502030152586, -0.7024298591409008, 6.20484753158074, 70.56209049051768, 0.0, 0.0, 1.0]",89.276,79.520,2.80,ok,
eval_Ta-AM-Spalled_SEM-BSE_EBSD_SameSliceSerialSectioning_2#2,eval_Ta-AM-Spalled_SEM-BSE_EBSD_SameSliceSerialSectioning_2,SerialSectioning,Ta-AM-Spalled_SEM-BSE_EBSD_SameSliceSerialSectioning,control,ma_roma,direct,none,1,4096,6144,667,709,19,10000,809,affine,"[4.975028198057138, 0.08264991012151657, 1142.1043503937638, -0.6317655336379364, 6.785749705977411, -225.5737346439605, 0.0, 0.0, 1.0]",120.363,117.094,2.40,ok,
eval_Ta-AM-Spalled_SEM-BSE_EBSD_SameSliceSerialSectioning_2#2,eval_Ta-AM-Spalled_SEM-BSE_EBSD_SameSliceSerialSectioning_2,SerialSectioning,Ta-AM-Spalled_SEM-BSE_EBSD_SameSliceSerialSectioning,control,ma_roma,direct,none,2,4096,6144,667,709,19,10000,856,affine,"[4.9709790025607665, 0.09623821239692838, 1136.787057842007, -0.6327045534653558, 6.779560244143082, -223.20469254330783, 0.0, 0.0, 1.0]",119.519,115.500,2.27,ok,
eval_Ta-AM-Spalled_SEM-BSE_EBSD_SameSliceSerialSectioning_2#2,eval_Ta-AM-Spalled_SEM-BSE_EBSD_SameSliceSerialSectioning_2,SerialSectioning,Ta-AM-Spalled_SEM-BSE_EBSD_SameSliceSerialSectioning,control,ma_roma,direct,none,3,4096,6144,667,709,19,10000,766,affine,"[4.984437249873249, 0.12118865961940893, 1123.876393168977, -0.6423639180163324, 6.6777837016554695, -178.42450869212053, 0.0, 0.0, 1.0]",107.069,104.354,2.21,ok,
eval_Ta-AM-Spalled_SEM-BSE_EBSD_SameSliceSerialSectioning_2#2,eval_Ta-AM-Spalled_SEM-BSE_EBSD_SameSliceSerialSectioning_2,SerialSectioning,Ta-AM-Spalled_SEM-BSE_EBSD_SameSliceSerialSectioning,control,ma_roma,direct,none,4,4096,6144,667,709,19,10000,852,affine,"[4.978237088683397, 0.10197258855902586, 1132.8280460505528, -0.6303728032705423, 6.7398466500106675, -206.45329679201586, 0.0, 0.0, 1.0]",113.608,104.660,2.29,ok,
eval_Ta-AM-Spalled_SEM-BSE_EBSD_SameSliceSerialSectioning_2#2,eval_Ta-AM-Spalled_SEM-BSE_EBSD_SameSliceSerialSectioning_2,SerialSectioning,Ta-AM-Spalled_SEM-BSE_EBSD_SameSliceSerialSectioning,control,ma_roma,direct,none,5,4096,6144,667,709,19,10000,766,affine,"[4.986338852596604, 0.11300772934205709, 1127.3459630913494, -0.64030393582987, 6.7148353340275815, -194.67854611986832, 0.0, 0.0, 1.0]",112.026,101.334,2.30,ok,
eval_Ti3AlC2-MAX-Phase_TEM_DislocationCharacterization_0#0,eval_Ti3AlC2-MAX-Phase_TEM_DislocationCharacterization_0,DislocationCharacterization,Ti3AlC2-MAX-Phase_TEM_DislocationCharacterization,core,ma_roma,direct,none,0,294,293,294,292,46,10000,9913,affine,"[0.9913358983136712, -0.004836393369167433, 37.826336718690044, 0.006115327609955502, 1.0025395409039235, -64.96343652004498, 0.0, 0.0, 1.0]",2.045,1.632,1.41,ok,
eval_Ti3AlC2-MAX-Phase_TEM_DislocationCharacterization_0#0,eval_Ti3AlC2-MAX-Phase_TEM_DislocationCharacterization_0,DislocationCharacterization,Ti3AlC2-MAX-Phase_TEM_DislocationCharacterization,core,ma_roma,pyramid_v2,none,0,294,293,294,292,46,10000,9913,affine@direct,"[0.9913358983136712, -0.004836393369167433, 37.826336718690044, 0.006115327609955502, 1.0025395409039235, -64.96343652004498, 0.0, 0.0, 1.0]",2.045,1.632,1.47,ok,
eval_Ti3AlC2-MAX-Phase_TEM_DislocationCharacterization_0#0,eval_Ti3AlC2-MAX-Phase_TEM_DislocationCharacterization_0,DislocationCharacterization,Ti3AlC2-MAX-Phase_TEM_DislocationCharacterization,transform,ma_roma,direct,invert,0,294,293,294,292,46,10000,9645,homography,"[1.0321443435306448, 0.00914299835444772, 34.58495917183664, 0.020117779840701087, 1.0341357313154516, -69.10081610672984, 7.29821925802401e-05, 8.86688038789949e-05, 1.0]",2.170,1.756,1.45,ok,
eval_Ti3AlC2-MAX-Phase_TEM_DislocationCharacterization_0#0,eval_Ti3AlC2-MAX-Phase_TEM_DislocationCharacterization_0,DislocationCharacterization,Ti3AlC2-MAX-Phase_TEM_DislocationCharacterization,transform,ma_roma,direct,histmatch,0,294,293,294,292,46,10000,9947,homography,"[1.0007490668205787, 0.00021108447724841153, 37.209316336414894, 0.005457181820709044, 1.0152028332375413, -65.90320081480368, -2.9637586943127925e-06, 4.957588207685235e-05, 1.0]",2.074,1.625,1.30,ok,
eval_Ti3AlC2-MAX-Phase_TEM_DislocationCharacterization_0#0,eval_Ti3AlC2-MAX-Phase_TEM_DislocationCharacterization_0,DislocationCharacterization,Ti3AlC2-MAX-Phase_TEM_DislocationCharacterization,transform,ma_roma,direct,clahe,0,294,293,294,292,46,10000,9820,affine,"[0.9919897419759198, -0.0057666047112985815, 37.94623127235194, 0.003132858416776847, 1.0035526247522102, -64.92163831033487, 0.0, 0.0, 1.0]",2.021,1.700,1.39,ok,
eval_Ti3AlC2-MAX-Phase_TEM_DislocationCharacterization_0#0,eval_Ti3AlC2-MAX-Phase_TEM_DislocationCharacterization_0,DislocationCharacterization,Ti3AlC2-MAX-Phase_TEM_DislocationCharacterization,transform,ma_roma,direct,gradmag,0,294,293,294,292,46,10000,9663,homography,"[1.03898890033077, 0.00949720798134345, 34.54362209946826, 0.024256204205040394, 1.0377841447021183, -69.95203044953949, 0.00010069279757386297, 9.218104782756609e-05, 1.0]",2.255,1.721,1.31,ok,
eval_Ti3AlC2-MAX-Phase_TEM_DislocationCharacterization_0#0,eval_Ti3AlC2-MAX-Phase_TEM_DislocationCharacterization_0,DislocationCharacterization,Ti3AlC2-MAX-Phase_TEM_DislocationCharacterization,control,ma_roma,direct,none,1,294,293,294,292,46,10000,9893,affine,"[0.9927556582938442, -0.0036000515528264994, 37.40129914002004, 0.00809266314235636, 0.9990332953529876, -64.4076731243558, 0.0, 0.0, 1.0]",2.098,1.604,1.40,ok,
eval_Ti3AlC2-MAX-Phase_TEM_DislocationCharacterization_0#0,eval_Ti3AlC2-MAX-Phase_TEM_DislocationCharacterization_0,DislocationCharacterization,Ti3AlC2-MAX-Phase_TEM_DislocationCharacterization,control,ma_roma,direct,none,2,294,293,294,292,46,10000,9867,homography,"[0.9937849286402279, -0.001148076954348707, 36.945184329619174, 0.009341994193615616, 1.0029224159765506, -65.33002058842126, 1.455900427843776e-06, 9.44702066886318e-07, 1.0]",2.058,1.699,1.40,ok,
eval_Ti3AlC2-MAX-Phase_TEM_DislocationCharacterization_0#0,eval_Ti3AlC2-MAX-Phase_TEM_DislocationCharacterization_0,DislocationCharacterization,Ti3AlC2-MAX-Phase_TEM_DislocationCharacterization,control,ma_roma,direct,none,3,294,293,294,292,46,10000,9905,affine,"[0.9912895279202646, -0.004937012383207354, 37.848044614363374, 0.006436417131314261, 1.0023712757341308, -64.9562277392836, 0.0, 0.0, 1.0]",2.051,1.610,1.50,ok,
eval_Ti3AlC2-MAX-Phase_TEM_DislocationCharacterization_0#0,eval_Ti3AlC2-MAX-Phase_TEM_DislocationCharacterization_0,DislocationCharacterization,Ti3AlC2-MAX-Phase_TEM_DislocationCharacterization,control,ma_roma,direct,none,4,294,293,294,292,46,10000,9911,affine,"[0.9915631420931886, -0.00482090398859653, 37.80929667779921, 0.006594229780007334, 1.0026303284785842, -65.02478885766419, 0.0, 0.0, 1.0]",2.053,1.615,1.39,ok,
eval_Ti3AlC2-MAX-Phase_TEM_DislocationCharacterization_0#0,eval_Ti3AlC2-MAX-Phase_TEM_DislocationCharacterization_0,DislocationCharacterization,Ti3AlC2-MAX-Phase_TEM_DislocationCharacterization,control,ma_roma,direct,none,5,294,293,294,292,46,10000,9918,affine,"[0.9910883122861247, -0.004802529424050524, 37.8577194741396, 0.006326663531966989, 1.0021637112303468, -64.9014394530534, 0.0, 0.0, 1.0]",2.055,1.621,1.30,ok,
eval_Ti3AlC2-MAX-Phase_TEM_DislocationCharacterization_0#1,eval_Ti3AlC2-MAX-Phase_TEM_DislocationCharacterization_0,DislocationCharacterization,Ti3AlC2-MAX-Phase_TEM_DislocationCharacterization,core,ma_roma,direct,none,0,294,294,294,293,47,10000,9988,affine,"[1.002298663453609, 0.0013848064115599369, 0.4061910317096533, -0.0016694650445429771, 0.9985537627815916, 0.4990187474177503, 0.0, 0.0, 1.0]",1.822,1.458,1.30,ok,
eval_Ti3AlC2-MAX-Phase_TEM_DislocationCharacterization_0#1,eval_Ti3AlC2-MAX-Phase_TEM_DislocationCharacterization_0,DislocationCharacterization,Ti3AlC2-MAX-Phase_TEM_DislocationCharacterization,core,ma_roma,pyramid_v2,none,0,294,294,294,293,47,10000,9988,affine@direct,"[1.002298663453609, 0.0013848064115599369, 0.4061910317096533, -0.0016694650445429771, 0.9985537627815916, 0.4990187474177503, 0.0, 0.0, 1.0]",1.822,1.458,1.40,ok,
eval_Ti3AlC2-MAX-Phase_TEM_DislocationCharacterization_0#1,eval_Ti3AlC2-MAX-Phase_TEM_DislocationCharacterization_0,DislocationCharacterization,Ti3AlC2-MAX-Phase_TEM_DislocationCharacterization,transform,ma_roma,direct,invert,0,294,294,294,293,47,10000,9999,homography,"[1.0122625498636195, 0.0008133980501372582, -0.046436083139779635, 0.00275998605182803, 1.0021957225700346, -0.2979188253626732, 3.327453238382109e-05, -5.783793855036117e-06, 1.0]",1.909,1.598,1.40,ok,
eval_Ti3AlC2-MAX-Phase_TEM_DislocationCharacterization_0#1,eval_Ti3AlC2-MAX-Phase_TEM_DislocationCharacterization_0,DislocationCharacterization,Ti3AlC2-MAX-Phase_TEM_DislocationCharacterization,transform,ma_roma,direct,histmatch,0,294,294,294,293,47,10000,10000,homography,"[0.9982226342804666, -0.002735085220082218, 0.9784799546326981, -3.662831235638109e-05, 0.989325076691943, 0.8814900272277129, 1.737156112557682e-06, -3.1515148012501716e-05, 1.0]",1.816,1.508,1.42,ok,
eval_Ti3AlC2-MAX-Phase_TEM_DislocationCharacterization_0#1,eval_Ti3AlC2-MAX-Phase_TEM_DislocationCharacterization_0,DislocationCharacterization,Ti3AlC2-MAX-Phase_TEM_DislocationCharacterization,transform,ma_roma,direct,clahe,0,294,294,294,293,47,10000,9935,homography,"[0.9978829227138647, -0.0019797395678737757, 0.9984435948868917, -0.0037340723788988482, 0.9940158987119514, 0.6983831480095687, -1.2640307391583242e-05, -1.5035002434504542e-05, 1.0]",1.829,1.514,1.38,ok,
eval_Ti3AlC2-MAX-Phase_TEM_DislocationCharacterization_0#1,eval_Ti3AlC2-MAX-Phase_TEM_DislocationCharacterization_0,DislocationCharacterization,Ti3AlC2-MAX-Phase_TEM_DislocationCharacterization,transform,ma_roma,direct,gradmag,0,294,294,294,293,47,10000,9808,homography,"[0.994967465297507, -0.007107341273551428, 1.5340047575667821, -0.008711792208703968, 0.9880717186757376, 2.2081138931001267, -1.5080130263839242e-05, -2.6263901785263267e-05, 1.0]",1.739,1.463,1.30,ok,
eval_Ti3AlC2-MAX-Phase_TEM_DislocationCharacterization_0#1,eval_Ti3AlC2-MAX-Phase_TEM_DislocationCharacterization_0,DislocationCharacterization,Ti3AlC2-MAX-Phase_TEM_DislocationCharacterization,control,ma_roma,direct,none,1,294,294,294,293,47,10000,9996,affine,"[1.002120309806611, 0.0014197686067965896, 0.42491444234352116, -0.0016738899677622605, 0.9982907974851076, 0.5336174494363206, 0.0, 0.0, 1.0]",1.822,1.487,1.38,ok,
eval_Ti3AlC2-MAX-Phase_TEM_DislocationCharacterization_0#1,eval_Ti3AlC2-MAX-Phase_TEM_DislocationCharacterization_0,DislocationCharacterization,Ti3AlC2-MAX-Phase_TEM_DislocationCharacterization,control,ma_roma,direct,none,2,294,294,294,293,47,10000,10000,homography,"[0.998194097947602, -0.0033161254631109095, 1.126813713136934, -0.0017270290029455487, 0.9902008065394037, 0.9574907423093685, 2.311820599764813e-06, -2.839979803059963e-05, 1.0]",1.814,1.364,1.31,ok,
eval_Ti3AlC2-MAX-Phase_TEM_DislocationCharacterization_0#1,eval_Ti3AlC2-MAX-Phase_TEM_DislocationCharacterization_0,DislocationCharacterization,Ti3AlC2-MAX-Phase_TEM_DislocationCharacterization,control,ma_roma,direct,none,3,294,294,294,293,47,10000,9991,affine,"[1.0022165458546566, 0.001413302610947411, 0.4149267249424895, -0.001856415256747631, 0.9983948014590602, 0.5420505788758305, 0.0, 0.0, 1.0]",1.822,1.462,1.29,ok,
eval_Ti3AlC2-MAX-Phase_TEM_DislocationCharacterization_0#1,eval_Ti3AlC2-MAX-Phase_TEM_DislocationCharacterization_0,DislocationCharacterization,Ti3AlC2-MAX-Phase_TEM_DislocationCharacterization,control,ma_roma,direct,none,4,294,294,294,293,47,10000,9988,affine,"[1.0022189349991417, 0.001376154157646509, 0.4318073239386422, -0.001664867070300879, 0.9982180449554489, 0.545245420560434, 0.0, 0.0, 1.0]",1.821,1.476,1.29,ok,
eval_Ti3AlC2-MAX-Phase_TEM_DislocationCharacterization_0#1,eval_Ti3AlC2-MAX-Phase_TEM_DislocationCharacterization_0,DislocationCharacterization,Ti3AlC2-MAX-Phase_TEM_DislocationCharacterization,control,ma_roma,direct,none,5,294,294,294,293,47,10000,10000,homography,"[1.0013584609513089, -0.003081672402859385, 0.8742133989999948, -7.047737387393928e-05, 0.992377784828953, 0.6389995047010162, 5.662064846082441e-06, -2.2648098104900408e-05, 1.0]",1.809,1.458,1.22,ok,
eval_Ti3AlC2-MAX-Phase_TEM_DislocationCharacterization_0#2,eval_Ti3AlC2-MAX-Phase_TEM_DislocationCharacterization_0,DislocationCharacterization,Ti3AlC2-MAX-Phase_TEM_DislocationCharacterization,core,ma_roma,direct,none,0,293,294,294,293,38,10000,9990,homography,"[0.6118863612858096, -0.005195381416557833, 15.000170363604775, 0.004101060649387206, 0.6070291237929312, 87.30644107799752, -2.007349436165106e-06, 9.277535375948992e-06, 1.0]",1.263,1.212,1.29,ok,
eval_Ti3AlC2-MAX-Phase_TEM_DislocationCharacterization_0#2,eval_Ti3AlC2-MAX-Phase_TEM_DislocationCharacterization_0,DislocationCharacterization,Ti3AlC2-MAX-Phase_TEM_DislocationCharacterization,core,ma_roma,pyramid_v2,none,0,293,294,294,293,38,10000,9990,homography@direct,"[0.6118863612858096, -0.005195381416557833, 15.000170363604775, 0.004101060649387206, 0.6070291237929312, 87.30644107799752, -2.007349436165106e-06, 9.277535375948992e-06, 1.0]",1.263,1.212,2.60,ok,
eval_Ti3AlC2-MAX-Phase_TEM_DislocationCharacterization_0#2,eval_Ti3AlC2-MAX-Phase_TEM_DislocationCharacterization_0,DislocationCharacterization,Ti3AlC2-MAX-Phase_TEM_DislocationCharacterization,transform,ma_roma,direct,invert,0,293,294,294,293,38,10000,9996,homography,"[0.6076393075891015, -0.011561711409581149, 16.002306771633982, 0.004826113152316131, 0.5919506751359422, 87.7256611904513, 7.00171112524387e-06, -5.0120557582627945e-05, 1.0]",1.235,1.099,1.32,ok,
eval_Ti3AlC2-MAX-Phase_TEM_DislocationCharacterization_0#2,eval_Ti3AlC2-MAX-Phase_TEM_DislocationCharacterization_0,DislocationCharacterization,Ti3AlC2-MAX-Phase_TEM_DislocationCharacterization,transform,ma_roma,direct,histmatch,0,293,294,294,293,38,10000,9998,homography,"[0.6103462608455139, -0.005950444392517454, 15.050944088380897, 0.003246733128403269, 0.6045118886218642, 87.3129861651412, -1.7147905141360914e-05, 2.6004698337080036e-06, 1.0]",1.264,1.124,1.37,ok,
eval_Ti3AlC2-MAX-Phase_TEM_DislocationCharacterization_0#2,eval_Ti3AlC2-MAX-Phase_TEM_DislocationCharacterization_0,DislocationCharacterization,Ti3AlC2-MAX-Phase_TEM_DislocationCharacterization,transform,ma_roma,direct,clahe,0,293,294,294,293,38,10000,9995,homography,"[0.6109310595545341, -0.005027318555216073, 15.027820912806614, 0.0026741303750779594, 0.6096539082158989, 87.09619404498761, -1.0873968474944378e-05, 1.5971025292385784e-05, 1.0]",1.291,1.170,1.40,ok,
eval_Ti3AlC2-MAX-Phase_TEM_DislocationCharacterization_0#2,eval_Ti3AlC2-MAX-Phase_TEM_DislocationCharacterization_0,DislocationCharacterization,Ti3AlC2-MAX-Phase_TEM_DislocationCharacterization,transform,ma_roma,direct,gradmag,0,293,294,294,293,38,10000,9993,homography,"[0.6087083574727652, -0.0037050694348175262, 14.588306141296501, -0.003316682450396702, 0.6057340722656499, 87.55476249747885, -5.007346789810688e-05, 1.340094151618011e-05, 1.0]",1.333,1.205,1.40,ok,
eval_Ti3AlC2-MAX-Phase_TEM_DislocationCharacterization_0#2,eval_Ti3AlC2-MAX-Phase_TEM_DislocationCharacterization_0,DislocationCharacterization,Ti3AlC2-MAX-Phase_TEM_DislocationCharacterization,control,ma_roma,direct,none,1,293,294,294,293,38,10000,9991,affine,"[0.6110539624513605, -0.006470862654289532, 15.182536096232411, 0.004154155540506331, 0.6053765596186074, 87.27761655447544, 0.0, 0.0, 1.0]",1.262,1.180,1.29,ok,
eval_Ti3AlC2-MAX-Phase_TEM_DislocationCharacterization_0#2,eval_Ti3AlC2-MAX-Phase_TEM_DislocationCharacterization_0,DislocationCharacterization,Ti3AlC2-MAX-Phase_TEM_DislocationCharacterization,control,ma_roma,direct,none,2,293,294,294,293,38,10000,9996,affine,"[0.6116407595210281, -0.00603004957407399, 15.038100952891398, 0.004737419008623826, 0.6057695021621128, 87.15958126577688, 0.0, 0.0, 1.0]",1.254,1.196,1.31,ok,
eval_Ti3AlC2-MAX-Phase_TEM_DislocationCharacterization_0#2,eval_Ti3AlC2-MAX-Phase_TEM_DislocationCharacterization_0,DislocationCharacterization,Ti3AlC2-MAX-Phase_TEM_DislocationCharacterization,control,ma_roma,direct,none,3,293,294,294,293,38,10000,9995,affine,"[0.6109961453590661, -0.006459919030521193, 15.186524055212018, 0.004129704305248598, 0.6053843748474639, 87.27726502649088, 0.0, 0.0, 1.0]",1.262,1.181,1.37,ok,
eval_Ti3AlC2-MAX-Phase_TEM_DislocationCharacterization_0#2,eval_Ti3AlC2-MAX-Phase_TEM_DislocationCharacterization_0,DislocationCharacterization,Ti3AlC2-MAX-Phase_TEM_DislocationCharacterization,control,ma_roma,direct,none,4,293,294,294,293,38,10000,9991,affine,"[0.6110440991596542, -0.006491522435853158, 15.188877620913047, 0.004234462128144126, 0.6054248549027208, 87.25382011100982, 0.0, 0.0, 1.0]",1.261,1.173,1.32,ok,
eval_Ti3AlC2-MAX-Phase_TEM_DislocationCharacterization_0#2,eval_Ti3AlC2-MAX-Phase_TEM_DislocationCharacterization_0,DislocationCharacterization,Ti3AlC2-MAX-Phase_TEM_DislocationCharacterization,control,ma_roma,direct,none,5,293,294,294,293,38,10000,9990,affine,"[0.6109596015187992, -0.006500066421092988, 15.195994583943815, 0.004244634517490755, 0.6053762721492397, 87.26285522458677, 0.0, 0.0, 1.0]",1.262,1.182,1.29,ok,
eval_X2CrNi12-Ferritic_SEM-SE-Stitch_EBSD_Fatigue-SameSlice_0#0,eval_X2CrNi12-Ferritic_SEM-SE-Stitch_EBSD_Fatigue-SameSlice_0,SameSlice,X2CrNi12-Ferritic_SEM-SE-Stitch_EBSD_Fatigue-SameSlice,core,ma_roma,direct,none,0,4550,7000,4598,7000,59,10000,4181,affine,"[0.9917809100853002, 0.004031761004640521, -492.9554214482273, -0.00258032731664473, 0.983540650958665, 5.341742398339193, 0.0, 0.0, 1.0]",8.827,6.769,2.74,ok,
eval_X2CrNi12-Ferritic_SEM-SE-Stitch_EBSD_Fatigue-SameSlice_0#0,eval_X2CrNi12-Ferritic_SEM-SE-Stitch_EBSD_Fatigue-SameSlice_0,SameSlice,X2CrNi12-Ferritic_SEM-SE-Stitch_EBSD_Fatigue-SameSlice,core,ma_roma,pyramid_v2,none,0,4550,7000,4598,7000,59,10000,4181,affine@direct,"[0.9917809100853002, 0.004031761004640521, -492.9554214482273, -0.00258032731664473, 0.983540650958665, 5.341742398339193, 0.0, 0.0, 1.0]",8.827,6.769,2.65,ok,
eval_X2CrNi12-Ferritic_SEM-SE-Stitch_EBSD_Fatigue-SameSlice_0#0,eval_X2CrNi12-Ferritic_SEM-SE-Stitch_EBSD_Fatigue-SameSlice_0,SameSlice,X2CrNi12-Ferritic_SEM-SE-Stitch_EBSD_Fatigue-SameSlice,transform,ma_roma,direct,invert,0,4550,7000,4598,7000,59,10000,4608,affine,"[0.991819391880636, 0.0025826667085511543, -487.1024552552517, -0.002396300435955726, 0.9843980455265178, 4.9137704760883025, 0.0, 0.0, 1.0]",9.477,8.741,2.51,ok,
eval_X2CrNi12-Ferritic_SEM-SE-Stitch_EBSD_Fatigue-SameSlice_0#0,eval_X2CrNi12-Ferritic_SEM-SE-Stitch_EBSD_Fatigue-SameSlice_0,SameSlice,X2CrNi12-Ferritic_SEM-SE-Stitch_EBSD_Fatigue-SameSlice,transform,ma_roma,direct,histmatch,0,4550,7000,4598,7000,59,10000,4116,affine,"[0.9919172911326926, 0.00295040561805862, -490.5757649994348, -0.002591353294417307, 0.9837193847263458, 4.852009918152362, 0.0, 0.0, 1.0]",8.892,7.628,4.72,ok,
eval_X2CrNi12-Ferritic_SEM-SE-Stitch_EBSD_Fatigue-SameSlice_0#0,eval_X2CrNi12-Ferritic_SEM-SE-Stitch_EBSD_Fatigue-SameSlice_0,SameSlice,X2CrNi12-Ferritic_SEM-SE-Stitch_EBSD_Fatigue-SameSlice,transform,ma_roma,direct,clahe,0,4550,7000,4598,7000,59,10000,4044,affine,"[0.9917608403293657, 0.0030147423534316606, -489.416484763281, -0.0025787917124490494, 0.984028483392001, 4.040246708259929, 0.0, 0.0, 1.0]",8.890,7.528,2.89,ok,
eval_X2CrNi12-Ferritic_SEM-SE-Stitch_EBSD_Fatigue-SameSlice_0#0,eval_X2CrNi12-Ferritic_SEM-SE-Stitch_EBSD_Fatigue-SameSlice_0,SameSlice,X2CrNi12-Ferritic_SEM-SE-Stitch_EBSD_Fatigue-SameSlice,transform,ma_roma,direct,gradmag,0,4550,7000,4598,7000,59,10000,4244,affine,"[0.9921534245830762, 0.002597778690358127, -490.51425538428157, -0.0024960707428848105, 0.9835967592159395, 4.803265266511062, 0.0, 0.0, 1.0]",9.032,7.806,3.91,ok,
eval_X2CrNi12-Ferritic_SEM-SE-Stitch_EBSD_Fatigue-SameSlice_0#0,eval_X2CrNi12-Ferritic_SEM-SE-Stitch_EBSD_Fatigue-SameSlice_0,SameSlice,X2CrNi12-Ferritic_SEM-SE-Stitch_EBSD_Fatigue-SameSlice,control,ma_roma,direct,none,1,4550,7000,4598,7000,59,10000,4037,affine,"[0.9917411292744882, 0.002804854040768095, -488.9353872604315, -0.0026055035278350056, 0.9838263615882232, 4.625482980763991, 0.0, 0.0, 1.0]",8.880,7.640,2.58,ok,
eval_X2CrNi12-Ferritic_SEM-SE-Stitch_EBSD_Fatigue-SameSlice_0#0,eval_X2CrNi12-Ferritic_SEM-SE-Stitch_EBSD_Fatigue-SameSlice_0,SameSlice,X2CrNi12-Ferritic_SEM-SE-Stitch_EBSD_Fatigue-SameSlice,control,ma_roma,direct,none,2,4550,7000,4598,7000,59,10000,3953,affine,"[0.9919938175344966, 0.004870402373516909, -496.38003079884584, -0.0024487062851877264, 0.9829855118688271, 6.4428670579382015, 0.0, 0.0, 1.0]",9.081,7.146,2.61,ok,
eval_X2CrNi12-Ferritic_SEM-SE-Stitch_EBSD_Fatigue-SameSlice_0#0,eval_X2CrNi12-Ferritic_SEM-SE-Stitch_EBSD_Fatigue-SameSlice_0,SameSlice,X2CrNi12-Ferritic_SEM-SE-Stitch_EBSD_Fatigue-SameSlice,control,ma_roma,direct,none,3,4550,7000,4598,7000,59,10000,4009,affine,"[0.992114668854477, 0.0024843706507231174, -489.8929000220983, -0.0025564667484620626, 0.9835688647750911, 5.1863073876461385, 0.0, 0.0, 1.0]",9.025,7.916,2.47,ok,
eval_X2CrNi12-Ferritic_SEM-SE-Stitch_EBSD_Fatigue-SameSlice_0#0,eval_X2CrNi12-Ferritic_SEM-SE-Stitch_EBSD_Fatigue-SameSlice_0,SameSlice,X2CrNi12-Ferritic_SEM-SE-Stitch_EBSD_Fatigue-SameSlice,control,ma_roma,direct,none,4,4550,7000,4598,7000,59,10000,4220,homography,"[0.9966257949370619, 0.0028135385658363994, -495.8557024521398, -0.0012920507256142934, 0.9874132526974839, -2.9249148066530877, 6.102874027659992e-07, 1.0921299611315182e-07, 1.0]",9.097,7.771,2.62,ok,
eval_X2CrNi12-Ferritic_SEM-SE-Stitch_EBSD_Fatigue-SameSlice_0#0,eval_X2CrNi12-Ferritic_SEM-SE-Stitch_EBSD_Fatigue-SameSlice_0,SameSlice,X2CrNi12-Ferritic_SEM-SE-Stitch_EBSD_Fatigue-SameSlice,control,ma_roma,direct,none,5,4550,7000,4598,7000,59,10000,4023,affine,"[0.9923658001851163, 0.003180223939103892, -494.99043765116085, -0.0028752594585455516, 0.9831425843259858, 7.471125479395141, 0.0, 0.0, 1.0]",9.117,6.500,2.41,ok,
eval_X2CrNi12-Ferritic_SEM-SE-Stitch_EBSD_Fatigue-SameSlice_0#1,eval_X2CrNi12-Ferritic_SEM-SE-Stitch_EBSD_Fatigue-SameSlice_0,SameSlice,X2CrNi12-Ferritic_SEM-SE-Stitch_EBSD_Fatigue-SameSlice,core,ma_roma,direct,none,0,4598,7000,1316,2048,100,10000,3051,affine,"[3.099448843311529, -0.041751204395298974, 617.793341324661, 0.10729033353293815, 3.0264331035341416, 515.5122280611424, 0.0, 0.0, 1.0]",24.454,18.908,2.11,ok,
eval_X2CrNi12-Ferritic_SEM-SE-Stitch_EBSD_Fatigue-SameSlice_0#1,eval_X2CrNi12-Ferritic_SEM-SE-Stitch_EBSD_Fatigue-SameSlice_0,SameSlice,X2CrNi12-Ferritic_SEM-SE-Stitch_EBSD_Fatigue-SameSlice,core,ma_roma,pyramid_v2,none,0,4598,7000,1316,2048,100,10000,3051,affine@direct,"[3.099448843311529, -0.041751204395298974, 617.793341324661, 0.10729033353293815, 3.0264331035341416, 515.5122280611424, 0.0, 0.0, 1.0]",24.454,18.908,2.16,ok,
eval_X2CrNi12-Ferritic_SEM-SE-Stitch_EBSD_Fatigue-SameSlice_0#1,eval_X2CrNi12-Ferritic_SEM-SE-Stitch_EBSD_Fatigue-SameSlice_0,SameSlice,X2CrNi12-Ferritic_SEM-SE-Stitch_EBSD_Fatigue-SameSlice,transform,ma_roma,direct,invert,0,4598,7000,1316,2048,100,10000,2415,homography,"[3.1450274974198806, 0.09371531475125883, 547.5118389960593, 0.11750143712012893, 3.176287220961148, 456.75461518192543, 5.643724124628036e-07, 2.4325527523488184e-05, 1.0]",19.764,12.499,2.28,ok,
eval_X2CrNi12-Ferritic_SEM-SE-Stitch_EBSD_Fatigue-SameSlice_0#1,eval_X2CrNi12-Ferritic_SEM-SE-Stitch_EBSD_Fatigue-SameSlice_0,SameSlice,X2CrNi12-Ferritic_SEM-SE-Stitch_EBSD_Fatigue-SameSlice,transform,ma_roma,direct,histmatch,0,4598,7000,1316,2048,100,10000,2453,affine,"[3.0958485405773613, -0.021616037237537557, 608.346518562977, 0.1017284261895054, 3.040210523117545, 512.3773882821865, 0.0, 0.0, 1.0]",23.743,18.910,2.36,ok,
eval_X2CrNi12-Ferritic_SEM-SE-Stitch_EBSD_Fatigue-SameSlice_0#1,eval_X2CrNi12-Ferritic_SEM-SE-Stitch_EBSD_Fatigue-SameSlice_0,SameSlice,X2CrNi12-Ferritic_SEM-SE-Stitch_EBSD_Fatigue-SameSlice,transform,ma_roma,direct,clahe,0,4598,7000,1316,2048,100,10000,2948,affine,"[3.1036170837057124, -0.029063877109852886, 603.5367851368164, 0.10951554972056331, 3.032994173374137, 508.6079870702083, 0.0, 0.0, 1.0]",23.912,20.072,2.50,ok,
eval_X2CrNi12-Ferritic_SEM-SE-Stitch_EBSD_Fatigue-SameSlice_0#1,eval_X2CrNi12-Ferritic_SEM-SE-Stitch_EBSD_Fatigue-SameSlice_0,SameSlice,X2CrNi12-Ferritic_SEM-SE-Stitch_EBSD_Fatigue-SameSlice,transform,ma_roma,direct,gradmag,0,4598,7000,1316,2048,100,10000,2563,affine,"[3.095345363292307, -0.061045030783975884, 636.7733408882204, 0.1119432841414676, 2.9989013540870952, 526.2165031233312, 0.0, 0.0, 1.0]",27.543,24.494,3.05,ok,
eval_X2CrNi12-Ferritic_SEM-SE-Stitch_EBSD_Fatigue-SameSlice_0#1,eval_X2CrNi12-Ferritic_SEM-SE-Stitch_EBSD_Fatigue-SameSlice_0,SameSlice,X2CrNi12-Ferritic_SEM-SE-Stitch_EBSD_Fatigue-SameSlice,control,ma_roma,direct,none,1,4598,7000,1316,2048,100,10000,3191,homography,"[3.1434842950313526, 0.041934490878091285, 568.2461922746267, 0.11348948249512837, 3.1106544705392687, 488.7498319076789, 1.8582457823792532e-06, 1.7029365303556138e-05, 1.0]",17.070,12.479,2.05,ok,
eval_X2CrNi12-Ferritic_SEM-SE-Stitch_EBSD_Fatigue-SameSlice_0#1,eval_X2CrNi12-Ferritic_SEM-SE-Stitch_EBSD_Fatigue-SameSlice_0,SameSlice,X2CrNi12-Ferritic_SEM-SE-Stitch_EBSD_Fatigue-SameSlice,control,ma_roma,direct,none,2,4598,7000,1316,2048,100,10000,2786,homography,"[3.161713089200232, 0.01979353698959723, 569.068165660676, 0.11728138344185488, 3.1105746028262278, 488.94441998334406, 4.148780736011733e-06, 1.582546643775684e-05, 1.0]",20.673,17.808,2.00,ok,
eval_X2CrNi12-Ferritic_SEM-SE-Stitch_EBSD_Fatigue-SameSlice_0#1,eval_X2CrNi12-Ferritic_SEM-SE-Stitch_EBSD_Fatigue-SameSlice_0,SameSlice,X2CrNi12-Ferritic_SEM-SE-Stitch_EBSD_Fatigue-SameSlice,control,ma_roma,direct,none,3,4598,7000,1316,2048,100,10000,3153,homography,"[3.13801052652086, 0.04241111653404799, 573.2195463263022, 0.10888202602760058, 3.1158368508589227, 490.8488877963474, -2.31029118052514e-08, 2.0384699200989743e-05, 0.9999999999999999]",18.118,14.304,2.09,ok,
eval_X2CrNi12-Ferritic_SEM-SE-Stitch_EBSD_Fatigue-SameSlice_0#1,eval_X2CrNi12-Ferritic_SEM-SE-Stitch_EBSD_Fatigue-SameSlice_0,SameSlice,X2CrNi12-Ferritic_SEM-SE-Stitch_EBSD_Fatigue-SameSlice,control,ma_roma,direct,none,4,4598,7000,1316,2048,100,10000,2906,homography,"[3.17570367669287, 0.09774398204038737, 520.9631494104591, 0.12219858492178243, 3.159773858996081, 462.9641987550289, 4.559645790446716e-06, 1.9231284796374234e-05, 1.0]",20.961,17.030,2.11,ok,
eval_X2CrNi12-Ferritic_SEM-SE-Stitch_EBSD_Fatigue-SameSlice_0#1,eval_X2CrNi12-Ferritic_SEM-SE-Stitch_EBSD_Fatigue-SameSlice_0,SameSlice,X2CrNi12-Ferritic_SEM-SE-Stitch_EBSD_Fatigue-SameSlice,control,ma_roma,direct,none,5,4598,7000,1316,2048,100,10000,3125,homography,"[3.137892300623373, 0.025949344613535687, 576.1831699399913, 0.11440937107373793, 3.103351181728172, 487.87329580326804, 1.2897772001375867e-06, 1.4724676589169378e-05, 1.0]",18.601,13.700,2.18,ok,
eval_X2CrNi12-Ferritic_SEM-SE-Stitch_EBSD_Fatigue-SameSlice_0#2,eval_X2CrNi12-Ferritic_SEM-SE-Stitch_EBSD_Fatigue-SameSlice_0,SameSlice,X2CrNi12-Ferritic_SEM-SE-Stitch_EBSD_Fatigue-SameSlice,core,ma_roma,direct,none,0,4598,7000,1316,2048,100,10000,2300,affine,"[3.097882636224751, -0.026429151044482617, 610.7314623202842, 0.10689456857214463, 3.0378003947079733, 509.42125940208416, 0.0, 0.0, 1.0]",23.485,18.220,2.13,ok,
eval_X2CrNi12-Ferritic_SEM-SE-Stitch_EBSD_Fatigue-SameSlice_0#2,eval_X2CrNi12-Ferritic_SEM-SE-Stitch_EBSD_Fatigue-SameSlice_0,SameSlice,X2CrNi12-Ferritic_SEM-SE-Stitch_EBSD_Fatigue-SameSlice,core,ma_roma,pyramid_v2,none,0,4598,7000,1316,2048,100,10000,2300,affine@direct,"[3.097882636224751, -0.026429151044482617, 610.7314623202842, 0.10689456857214463, 3.0378003947079733, 509.42125940208416, 0.0, 0.0, 1.0]",23.485,18.220,2.23,ok,
eval_X2CrNi12-Ferritic_SEM-SE-Stitch_EBSD_Fatigue-SameSlice_0#2,eval_X2CrNi12-Ferritic_SEM-SE-Stitch_EBSD_Fatigue-SameSlice_0,SameSlice,X2CrNi12-Ferritic_SEM-SE-Stitch_EBSD_Fatigue-SameSlice,transform,ma_roma,direct,invert,0,4598,7000,1316,2048,100,10000,2163,affine,"[3.096254558193131, -0.05679812791750483, 632.5993067247114, 0.10431542900263636, 3.004355584743783, 535.511515525528, 0.0, 0.0, 1.0]",27.339,22.456,2.18,ok,
eval_X2CrNi12-Ferritic_SEM-SE-Stitch_EBSD_Fatigue-SameSlice_0#2,eval_X2CrNi12-Ferritic_SEM-SE-Stitch_EBSD_Fatigue-SameSlice_0,SameSlice,X2CrNi12-Ferritic_SEM-SE-Stitch_EBSD_Fatigue-SameSlice,transform,ma_roma,direct,histmatch,0,4598,7000,1316,2048,100,10000,2277,affine,"[3.099109898654999, -0.010758799028939373, 598.8464690470478, 0.10985409159657082, 3.07654643754511, 483.67412599534373, 0.0, 0.0, 1.0]",26.299,18.680,2.46,ok,
eval_X2CrNi12-Ferritic_SEM-SE-Stitch_EBSD_Fatigue-SameSlice_0#2,eval_X2CrNi12-Ferritic_SEM-SE-Stitch_EBSD_Fatigue-SameSlice_0,SameSlice,X2CrNi12-Ferritic_SEM-SE-Stitch_EBSD_Fatigue-SameSlice,transform,ma_roma,direct,clahe,0,4598,7000,1316,2048,100,10000,2467,affine,"[3.0946857530437533, -0.05594588315588428, 633.4636228273785, 0.11019865007904432, 3.0086167248013456, 524.7526936398144, 0.0, 0.0, 1.0]",27.018,21.522,2.31,ok,
eval_X2CrNi12-Ferritic_SEM-SE-Stitch_EBSD_Fatigue-SameSlice_0#2,eval_X2CrNi12-Ferritic_SEM-SE-Stitch_EBSD_Fatigue-SameSlice_0,SameSlice,X2CrNi12-Ferritic_SEM-SE-Stitch_EBSD_Fatigue-SameSlice,transform,ma_roma,direct,gradmag,0,4598,7000,1316,2048,100,10000,181,affine,"[3.177296343986579, 0.09831277380209054, 378.9217355707233, 0.044818289266937934, 2.929033800325337, 681.0553936983565, 0.0, 0.0, 1.0]",100.162,90.163,2.98,ok,
eval_X2CrNi12-Ferritic_SEM-SE-Stitch_EBSD_Fatigue-SameSlice_0#2,eval_X2CrNi12-Ferritic_SEM-SE-Stitch_EBSD_Fatigue-SameSlice_0,SameSlice,X2CrNi12-Ferritic_SEM-SE-Stitch_EBSD_Fatigue-SameSlice,control,ma_roma,direct,none,1,4598,7000,1316,2048,100,10000,2120,affine,"[3.1101512662601367, 0.011040472640552627, 578.660915284032, 0.11320621675700944, 3.0869822604067263, 476.26948008556246, 0.0, 0.0, 1.0]",28.500,19.822,2.13,ok,
eval_X2CrNi12-Ferritic_SEM-SE-Stitch_EBSD_Fatigue-SameSlice_0#2,eval_X2CrNi12-Ferritic_SEM-SE-Stitch_EBSD_Fatigue-SameSlice_0,SameSlice,X2CrNi12-Ferritic_SEM-SE-Stitch_EBSD_Fatigue-SameSlice,control,ma_roma,direct,none,2,4598,7000,1316,2048,100,10000,2301,affine,"[3.0971579489225274, -0.03260315198308455, 614.6095147764993, 0.10971965986021699, 3.0325320682155548, 510.57307581870805, 0.0, 0.0, 1.0]",24.391,19.157,2.18,ok,
eval_X2CrNi12-Ferritic_SEM-SE-Stitch_EBSD_Fatigue-SameSlice_0#2,eval_X2CrNi12-Ferritic_SEM-SE-Stitch_EBSD_Fatigue-SameSlice_0,SameSlice,X2CrNi12-Ferritic_SEM-SE-Stitch_EBSD_Fatigue-SameSlice,control,ma_roma,direct,none,3,4598,7000,1316,2048,100,10000,2009,affine,"[3.098503271432114, -0.010405309971355376, 598.2992146491492, 0.106613586710869, 3.074440259611357, 488.03047616242134, 0.0, 0.0, 1.0]",26.336,19.002,2.20,ok,
eval_X2CrNi12-Ferritic_SEM-SE-Stitch_EBSD_Fatigue-SameSlice_0#2,eval_X2CrNi12-Ferritic_SEM-SE-Stitch_EBSD_Fatigue-SameSlice_0,SameSlice,X2CrNi12-Ferritic_SEM-SE-Stitch_EBSD_Fatigue-SameSlice,control,ma_roma,direct,none,4,4598,7000,1316,2048,100,10000,2118,affine,"[3.0959503410153, -0.0508261573353959, 629.0033399792483, 0.10863985475484284, 3.016141766538982, 522.3895814009898, 0.0, 0.0, 1.0]",26.098,19.675,2.09,ok,
eval_X2CrNi12-Ferritic_SEM-SE-Stitch_EBSD_Fatigue-SameSlice_0#2,eval_X2CrNi12-Ferritic_SEM-SE-Stitch_EBSD_Fatigue-SameSlice_0,SameSlice,X2CrNi12-Ferritic_SEM-SE-Stitch_EBSD_Fatigue-SameSlice,control,ma_roma,direct,none,5,4598,7000,1316,2048,100,10000,1986,affine,"[3.111505369647569, 0.005861837540042585, 580.4585632740591, 0.11193952008861432, 3.0853187234708743, 478.2507516588, 0.0, 0.0, 1.0]",28.328,18.400,2.09,ok,
eval_X2CrNi12-Ferritic_SEM-SE-Stitch_EBSD_Fatigue-SameSlice_0#3,eval_X2CrNi12-Ferritic_SEM-SE-Stitch_EBSD_Fatigue-SameSlice_0,SameSlice,X2CrNi12-Ferritic_SEM-SE-Stitch_EBSD_Fatigue-SameSlice,core,ma_roma,direct,none,0,4550,7000,1316,2048,129,10000,2559,affine,"[3.079627098406727, -0.007672178253518744, 106.62822809636282, 0.10051926847927416, 3.0262270708080465, 479.18546286020205, 0.0, 0.0, 1.0]",27.325,15.088,2.11,ok,
eval_X2CrNi12-Ferritic_SEM-SE-Stitch_EBSD_Fatigue-SameSlice_0#3,eval_X2CrNi12-Ferritic_SEM-SE-Stitch_EBSD_Fatigue-SameSlice_0,SameSlice,X2CrNi12-Ferritic_SEM-SE-Stitch_EBSD_Fatigue-SameSlice,core,ma_roma,pyramid_v2,none,0,4550,7000,1316,2048,129,10000,2559,affine@direct,"[3.079627098406727, -0.007672178253518744, 106.62822809636282, 0.10051926847927416, 3.0262270708080465, 479.18546286020205, 0.0, 0.0, 1.0]",27.325,15.088,2.18,ok,
eval_X2CrNi12-Ferritic_SEM-SE-Stitch_EBSD_Fatigue-SameSlice_0#3,eval_X2CrNi12-Ferritic_SEM-SE-Stitch_EBSD_Fatigue-SameSlice_0,SameSlice,X2CrNi12-Ferritic_SEM-SE-Stitch_EBSD_Fatigue-SameSlice,transform,ma_roma,direct,invert,0,4550,7000,1316,2048,129,10000,2336,affine,"[3.0845871619243628, 0.001503489162891537, 95.94418506162219, 0.10496811165153012, 3.0429580166053505, 466.76239143389625, 0.0, 0.0, 1.0]",29.881,16.064,2.05,ok,
eval_X2CrNi12-Ferritic_SEM-SE-Stitch_EBSD_Fatigue-SameSlice_0#3,eval_X2CrNi12-Ferritic_SEM-SE-Stitch_EBSD_Fatigue-SameSlice_0,SameSlice,X2CrNi12-Ferritic_SEM-SE-Stitch_EBSD_Fatigue-SameSlice,transform,ma_roma,direct,histmatch,0,4550,7000,1316,2048,129,10000,2156,affine,"[3.0836258040257722, 0.0030086727147312555, 96.36226811978395, 0.10217361525371131, 3.0235916459339083, 477.71009508618863, 0.0, 0.0, 1.0]",26.581,15.138,2.41,ok,
eval_X2CrNi12-Ferritic_SEM-SE-Stitch_EBSD_Fatigue-SameSlice_0#3,eval_X2CrNi12-Ferritic_SEM-SE-Stitch_EBSD_Fatigue-SameSlice_0,SameSlice,X2CrNi12-Ferritic_SEM-SE-Stitch_EBSD_Fatigue-SameSlice,transform,ma_roma,direct,clahe,0,4550,7000,1316,2048,129,10000,2394,affine,"[3.0754300523734184, -0.02290102589760694, 117.87529480303783, 0.09429337582541629, 3.00560518803071, 496.66136468174204, 0.0, 0.0, 1.0]",26.606,16.766,2.39,ok,
eval_X2CrNi12-Ferritic_SEM-SE-Stitch_EBSD_Fatigue-SameSlice_0#3,eval_X2CrNi12-Ferritic_SEM-SE-Stitch_EBSD_Fatigue-SameSlice_0,SameSlice,X2CrNi12-Ferritic_SEM-SE-Stitch_EBSD_Fatigue-SameSlice,transform,ma_roma,direct,gradmag,0,4550,7000,1316,2048,129,10000,1786,affine,"[3.06087425570795, -0.01812274198109306, 137.98808471370376, 0.07919346371912526, 2.885346878797835, 600.0830990671898, 0.0, 0.0, 1.0]",37.474,17.266,3.02,ok,
eval_X2CrNi12-Ferritic_SEM-SE-Stitch_EBSD_Fatigue-SameSlice_0#3,eval_X2CrNi12-Ferritic_SEM-SE-Stitch_EBSD_Fatigue-SameSlice_0,SameSlice,X2CrNi12-Ferritic_SEM-SE-Stitch_EBSD_Fatigue-SameSlice,control,ma_roma,direct,none,1,4550,7000,1316,2048,129,10000,2530,affine,"[3.0759829778433634, -0.014542758406431346, 114.19057075459796, 0.09841065377149545, 3.0234057605842124, 482.6626352002161, 0.0, 0.0, 1.0]",27.266,15.722,2.18,ok,
eval_X2CrNi12-Ferritic_SEM-SE-Stitch_EBSD_Fatigue-SameSlice_0#3,eval_X2CrNi12-Ferritic_SEM-SE-Stitch_EBSD_Fatigue-SameSlice_0,SameSlice,X2CrNi12-Ferritic_SEM-SE-Stitch_EBSD_Fatigue-SameSlice,control,ma_roma,direct,none,2,4550,7000,1316,2048,129,10000,2548,affine,"[3.077752775334753, -0.010517816177178398, 110.25950703864237, 0.0986534541764399, 3.021594639566013, 483.18850599464713, 0.0, 0.0, 1.0]",26.804,15.399,2.10,ok,
eval_X2CrNi12-Ferritic_SEM-SE-Stitch_EBSD_Fatigue-SameSlice_0#3,eval_X2CrNi12-Ferritic_SEM-SE-Stitch_EBSD_Fatigue-SameSlice_0,SameSlice,X2CrNi12-Ferritic_SEM-SE-Stitch_EBSD_Fatigue-SameSlice,control,ma_roma,direct,none,3,4550,7000,1316,2048,129,10000,2516,affine,"[3.0750766515094883, -0.016856901986798633, 116.29634134501248, 0.0985018712379702, 3.0204817938946746, 484.1457693399243, 0.0, 0.0, 1.0]",27.058,15.823,2.08,ok,
eval_X2CrNi12-Ferritic_SEM-SE-Stitch_EBSD_Fatigue-SameSlice_0#3,eval_X2CrNi12-Ferritic_SEM-SE-Stitch_EBSD_Fatigue-SameSlice_0,SameSlice,X2CrNi12-Ferritic_SEM-SE-Stitch_EBSD_Fatigue-SameSlice,control,ma_roma,direct,none,4,4550,7000,1316,2048,129,10000,2520,affine,"[3.0769981243940494, -0.015560936730434157, 113.41680188592227, 0.09922173171949279, 3.0238727458966213, 481.5723625069836, 0.0, 0.0, 1.0]",27.331,15.662,2.33,ok,
eval_X2CrNi12-Ferritic_SEM-SE-Stitch_EBSD_Fatigue-SameSlice_0#3,eval_X2CrNi12-Ferritic_SEM-SE-Stitch_EBSD_Fatigue-SameSlice_0,SameSlice,X2CrNi12-Ferritic_SEM-SE-Stitch_EBSD_Fatigue-SameSlice,control,ma_roma,direct,none,5,4550,7000,1316,2048,129,10000,2522,affine,"[3.076363107505274, -0.013965089828805295, 113.36751513286617, 0.0993051797178983, 3.019587994942751, 483.74682769336937, 0.0, 0.0, 1.0]",26.729,15.147,2.39,ok,
eval_X2CrNi12-Ferritic_SEM-SE-Stitch_EBSD_Fatigue-SameSlice_0#4,eval_X2CrNi12-Ferritic_SEM-SE-Stitch_EBSD_Fatigue-SameSlice_0,SameSlice,X2CrNi12-Ferritic_SEM-SE-Stitch_EBSD_Fatigue-SameSlice,core,ma_roma,direct,none,0,4550,7000,1316,2048,129,10000,2181,affine,"[3.0631781083537715, -0.016431546511195317, 132.56676726822207, 0.08390835549444584, 2.9026177859509663, 581.9560307868319, 0.0, 0.0, 1.0]",33.920,17.090,2.20,ok,
eval_X2CrNi12-Ferritic_SEM-SE-Stitch_EBSD_Fatigue-SameSlice_0#4,eval_X2CrNi12-Ferritic_SEM-SE-Stitch_EBSD_Fatigue-SameSlice_0,SameSlice,X2CrNi12-Ferritic_SEM-SE-Stitch_EBSD_Fatigue-SameSlice,core,ma_roma,pyramid_v2,none,0,4550,7000,1316,2048,129,10000,2181,affine@direct,"[3.0631781083537715, -0.016431546511195317, 132.56676726822207, 0.08390835549444584, 2.9026177859509663, 581.9560307868319, 0.0, 0.0, 1.0]",33.920,17.090,2.25,ok,
eval_X2CrNi12-Ferritic_SEM-SE-Stitch_EBSD_Fatigue-SameSlice_0#4,eval_X2CrNi12-Ferritic_SEM-SE-Stitch_EBSD_Fatigue-SameSlice_0,SameSlice,X2CrNi12-Ferritic_SEM-SE-Stitch_EBSD_Fatigue-SameSlice,transform,ma_roma,direct,invert,0,4550,7000,1316,2048,129,10000,2090,affine,"[3.062611106883614, -0.011607794775935707, 129.6946188366187, 0.07925450606827171, 2.899026863106248, 588.2104888991162, 0.0, 0.0, 1.0]",34.054,16.332,2.16,ok,
eval_X2CrNi12-Ferritic_SEM-SE-Stitch_EBSD_Fatigue-SameSlice_0#4,eval_X2CrNi12-Ferritic_SEM-SE-Stitch_EBSD_Fatigue-SameSlice_0,SameSlice,X2CrNi12-Ferritic_SEM-SE-Stitch_EBSD_Fatigue-SameSlice,transform,ma_roma,direct,histmatch,0,4550,7000,1316,2048,129,10000,2523,affine,"[3.0744335707068022, 0.009307102490864198, 99.41079355071588, 0.09799746218419228, 3.0113192115398415, 489.570287179607, 0.0, 0.0, 1.0]",25.884,14.996,2.59,ok,
eval_X2CrNi12-Ferritic_SEM-SE-Stitch_EBSD_Fatigue-SameSlice_0#4,eval_X2CrNi12-Ferritic_SEM-SE-Stitch_EBSD_Fatigue-SameSlice_0,SameSlice,X2CrNi12-Ferritic_SEM-SE-Stitch_EBSD_Fatigue-SameSlice,transform,ma_roma,direct,clahe,0,4550,7000,1316,2048,129,10000,2258,affine,"[3.0640144789077737, -0.011999258283164225, 126.87317456021447, 0.08420115040937756, 2.8957990528988646, 587.0272045034258, 0.0, 0.0, 1.0]",34.898,16.867,2.37,ok,
eval_X2CrNi12-Ferritic_SEM-SE-Stitch_EBSD_Fatigue-SameSlice_0#4,eval_X2CrNi12-Ferritic_SEM-SE-Stitch_EBSD_Fatigue-SameSlice_0,SameSlice,X2CrNi12-Ferritic_SEM-SE-Stitch_EBSD_Fatigue-SameSlice,transform,ma_roma,direct,gradmag,0,4550,7000,1316,2048,129,10000,367,affine,"[3.075823130587851, -0.021701755089883625, 116.79174788241926, 0.0859885518656052, 2.91720599727977, 569.8778685391189, 0.0, 0.0, 1.0]",33.488,20.584,3.09,ok,
eval_X2CrNi12-Ferritic_SEM-SE-Stitch_EBSD_Fatigue-SameSlice_0#4,eval_X2CrNi12-Ferritic_SEM-SE-Stitch_EBSD_Fatigue-SameSlice_0,SameSlice,X2CrNi12-Ferritic_SEM-SE-Stitch_EBSD_Fatigue-SameSlice,control,ma_roma,direct,none,1,4550,7000,1316,2048,129,10000,2202,affine,"[3.0627022437089173, -0.012018946637118432, 129.38055244121642, 0.08286902468792348, 2.895603904368689, 588.615553284496, 0.0, 0.0, 1.0]",35.063,16.422,2.10,ok,
eval_X2CrNi12-Ferritic_SEM-SE-Stitch_EBSD_Fatigue-SameSlice_0#4,eval_X2CrNi12-Ferritic_SEM-SE-Stitch_EBSD_Fatigue-SameSlice_0,SameSlice,X2CrNi12-Ferritic_SEM-SE-Stitch_EBSD_Fatigue-SameSlice,control,ma_roma,direct,none,2,4550,7000,1316,2048,129,10000,2409,homography,"[3.2380303777797894, 0.14109895849609233, -42.76739421417433, 0.12664694669970156, 3.1351264074343814, 470.1052736132198, 1.1210274461067784e-05, 3.499969556174313e-05, 1.0]",27.164,14.796,2.24,ok,
eval_X2CrNi12-Ferritic_SEM-SE-Stitch_EBSD_Fatigue-SameSlice_0#4,eval_X2CrNi12-Ferritic_SEM-SE-Stitch_EBSD_Fatigue-SameSlice_0,SameSlice,X2CrNi12-Ferritic_SEM-SE-Stitch_EBSD_Fatigue-SameSlice,control,ma_roma,direct,none,3,4550,7000,1316,2048,129,10000,2178,affine,"[3.0717125145686244, 0.01605678619325633, 97.6715997542965, 0.08687842421112696, 2.914839987972279, 568.5402596678828, 0.0, 0.0, 1.0]",31.615,16.770,2.19,ok,
eval_X2CrNi12-Ferritic_SEM-SE-Stitch_EBSD_Fatigue-SameSlice_0#4,eval_X2CrNi12-Ferritic_SEM-SE-Stitch_EBSD_Fatigue-SameSlice_0,SameSlice,X2CrNi12-Ferritic_SEM-SE-Stitch_EBSD_Fatigue-SameSlice,control,ma_roma,direct,none,4,4550,7000,1316,2048,129,10000,2248,affine,"[3.0708839020128043, 0.009476215495107724, 103.4714916931157, 0.08668148229366537, 2.9107283929068672, 572.1146989890444, 0.0, 0.0, 1.0]",32.034,16.177,2.41,ok,
eval_X2CrNi12-Ferritic_SEM-SE-Stitch_EBSD_Fatigue-SameSlice_0#4,eval_X2CrNi12-Ferritic_SEM-SE-Stitch_EBSD_Fatigue-SameSlice_0,SameSlice,X2CrNi12-Ferritic_SEM-SE-Stitch_EBSD_Fatigue-SameSlice,control,ma_roma,direct,none,5,4550,7000,1316,2048,129,10000,2164,affine,"[3.069912002080893, 0.01081310151101372, 103.1349341406285, 0.08439022210664118, 2.9062567098398384, 578.840511513737, 0.0, 0.0, 1.0]",33.295,16.113,2.26,ok,
