pair_id,scene,group,subclass,pool,backbone,mode,transform,seed,h_s,w_s,h_t,w_t,n_gt,n_matches,n_inliers,family,H,mu_ed,med_ed,runtime_s,status,error
eval_5842WCu-Spalled_SEM-SE_SEM-BSE_Multiscale_0#0,eval_5842WCu-Spalled_SEM-SE_SEM-BSE_Multiscale_0,Multiscale,5842WCu-Spalled_SEM-SE_SEM-BSE_Multiscale,gt,gt,homography,none,0,512,768,2048,3072,19,19,19,homography,"[0.05944265383976204, 0.0050465654289688355, 290.19888965941453, 0.0014369943272313735, 0.05747085280035158, 269.31556070661577, 3.6923338504977703e-06, 1.0579365481228903e-05, 0.9999999999999999]",1.547,0.987,0.00,ok,
eval_5842WCu-Spalled_SEM-SE_SEM-BSE_Multiscale_0#0,eval_5842WCu-Spalled_SEM-SE_SEM-BSE_Multiscale_0,Multiscale,5842WCu-Spalled_SEM-SE_SEM-BSE_Multiscale,gt,gt,affine,none,0,512,768,2048,3072,19,19,19,affine,"[0.05703452270222812, 0.0011115720942418417, 291.5459276155098, 0.00028034645788816445, 0.05320719948188024, 269.9419934357598, 0.0, 0.0, 1.0]",1.563,1.114,0.00,ok,
eval_AF9628-Martensitic_SEM-SE-Stitch_EBSD_SameSlice_0#0,eval_AF9628-Martensitic_SEM-SE-Stitch_EBSD_SameSlice_0,SameSlice,AF9628-Martensitic_SEM-SE-Stitch_EBSD_SameSlice,gt,gt,homography,none,0,2028,4096,5628,11165,37,37,37,homography,"[0.33961157482739684, 0.007256277290912336, 192.78156461512168, -0.00020229440285581644, 0.3295936391462828, 77.66072651022183, 3.1986656798009214e-07, 2.2789063074771695e-07, 0.9999999999999999]",4.792,3.438,0.00,ok,
eval_AF9628-Martensitic_SEM-SE-Stitch_EBSD_SameSlice_0#0,eval_AF9628-Martensitic_SEM-SE-Stitch_EBSD_SameSlice_0,SameSlice,AF9628-Martensitic_SEM-SE-Stitch_EBSD_SameSlice,gt,gt,affine,none,0,2028,4096,5628,11165,37,37,37,affine,"[0.3380996011612712, 0.0065946232290509665, 196.84551871445044, -0.00045419059455933047, 0.3286763563306538, 78.80955773351748, 0.0, 0.0, 1.0]",5.064,3.769,0.00,ok,
eval_AF9628-Martensitic_SEM-SE-Stitch_EBSD_SameSlice_0#1,eval_AF9628-Martensitic_SEM-SE-Stitch_EBSD_SameSlice_0,SameSlice,AF9628-Martensitic_SEM-SE-Stitch_EBSD_SameSlice,gt,gt,homography,none,0,2028,4096,5628,11165,37,37,37,homography,"[0.33961157482739684, 0.007256277290912336, 192.78156461512168, -0.00020229440285581644, 0.3295936391462828, 77.66072651022183, 3.1986656798009214e-07, 2.2789063074771695e-07, 0.9999999999999999]",4.792,3.438,0.00,ok,
eval_AF9628-Martensitic_SEM-SE-Stitch_EBSD_SameSlice_0#1,eval_AF9628-Martensitic_SEM-SE-Stitch_EBSD_SameSlice_0,SameSlice,AF9628-Martensitic_SEM-SE-Stitch_EBSD_SameSlice,gt,gt,affine,none,0,2028,4096,5628,11165,37,37,37,affine,"[0.3380996011612712, 0.0065946232290509665, 196.84551871445044, -0.00045419059455933047, 0.3286763563306538, 78.80955773351748, 0.0, 0.0, 1.0]",5.064,3.769,0.00,ok,
eval_AF9628-Martensitic_SEM-SE-Stitch_EBSD_SameSlice_0#2,eval_AF9628-Martensitic_SEM-SE-Stitch_EBSD_SameSlice_0,SameSlice,AF9628-Martensitic_SEM-SE-Stitch_EBSD_SameSlice,gt,gt,homography,none,0,2028,4096,5628,11165,37,37,37,homography,"[0.33961157482739684, 0.007256277290912336, 192.78156461512168, -0.00020229440285581644, 0.3295936391462828, 77.66072651022183, 3.1986656798009214e-07, 2.2789063074771695e-07, 0.9999999999999999]",4.792,3.438,0.00,ok,
eval_AF9628-Martensitic_SEM-SE-Stitch_EBSD_SameSlice_0#2,eval_AF9628-Martensitic_SEM-SE-Stitch_EBSD_SameSlice_0,SameSlice,AF9628-Martensitic_SEM-SE-Stitch_EBSD_SameSlice,gt,gt,affine,none,0,2028,4096,5628,11165,37,37,37,affine,"[0.3380996011612712, 0.0065946232290509665, 196.84551871445044, -0.00045419059455933047, 0.3286763563306538, 78.80955773351748, 0.0, 0.0, 1.0]",5.064,3.769,0.00,ok,
eval_AF9628-Martensitic_SEM-SE-Stitch_EBSD_SameSlice_1#0,eval_AF9628-Martensitic_SEM-SE-Stitch_EBSD_SameSlice_1,SameSlice,AF9628-Martensitic_SEM-SE-Stitch_EBSD_SameSlice,gt,gt,homography,none,0,1993,4096,4590,10458,39,39,39,homography,"[0.37731985467748214, -0.004381088859130599, 44.72111608486551, -0.0007437952347439359, 0.37387823218032346, 140.8857666817101, 2.3655601217214926e-07, -4.485261749325903e-07, 1.0]",4.265,3.775,0.00,ok,
eval_AF9628-Martensitic_SEM-SE-Stitch_EBSD_SameSlice_1#0,eval_AF9628-Martensitic_SEM-SE-Stitch_EBSD_SameSlice_1,SameSlice,AF9628-Martensitic_SEM-SE-Stitch_EBSD_SameSlice,gt,gt,affine,none,0,1993,4096,4590,10458,39,39,39,affine,"[0.37689785725232344, -0.00314837414443969, 42.39216715418402, -0.0010193544793329061, 0.3741473269920903, 141.97004985975238, 0.0, 0.0, 1.0]",4.297,3.813,0.00,ok,
eval_AF9628-Martensitic_SEM-SE-Stitch_EBSD_SameSlice_1#1,eval_AF9628-Martensitic_SEM-SE-Stitch_EBSD_SameSlice_1,SameSlice,AF9628-Martensitic_SEM-SE-Stitch_EBSD_SameSlice,gt,gt,homography,none,0,1993,4096,4590,10458,39,39,39,homography,"[0.37731985467748214, -0.004381088859130599, 44.72111608486551, -0.0007437952347439359, 0.37387823218032346, 140.8857666817101, 2.3655601217214926e-07, -4.485261749325903e-07, 1.0]",4.265,3.775,0.00,ok,
eval_AF9628-Martensitic_SEM-SE-Stitch_EBSD_SameSlice_1#1,eval_AF9628-Martensitic_SEM-SE-Stitch_EBSD_SameSlice_1,SameSlice,AF9628-Martensitic_SEM-SE-Stitch_EBSD_SameSlice,gt,gt,affine,none,0,1993,4096,4590,10458,39,39,39,affine,"[0.37689785725232344, -0.00314837414443969, 42.39216715418402, -0.0010193544793329061, 0.3741473269920903, 141.97004985975238, 0.0, 0.0, 1.0]",4.297,3.813,0.00,ok,
eval_AF9628-Martensitic_SEM-SE-Stitch_EBSD_SameSlice_1#2,eval_AF9628-Martensitic_SEM-SE-Stitch_EBSD_SameSlice_1,SameSlice,AF9628-Martensitic_SEM-SE-Stitch_EBSD_SameSlice,gt,gt,homography,none,0,1993,4096,4590,10458,39,39,39,homography,"[0.37731985467748214, -0.004381088859130599, 44.72111608486551, -0.0007437952347439359, 0.37387823218032346, 140.8857666817101, 2.3655601217214926e-07, -4.485261749325903e-07, 1.0]",4.265,3.775,0.00,ok,
eval_AF9628-Martensitic_SEM-SE-Stitch_EBSD_SameSlice_1#2,eval_AF9628-Martensitic_SEM-SE-Stitch_EBSD_SameSlice_1,SameSlice,AF9628-Martensitic_SEM-SE-Stitch_EBSD_SameSlice,gt,gt,affine,none,0,1993,4096,4590,10458,39,39,39,affine,"[0.37689785725232344, -0.00314837414443969, 42.39216715418402, -0.0010193544793329061, 0.3741473269920903, 141.97004985975238, 0.0, 0.0, 1.0]",4.297,3.813,0.00,ok,
eval_AF9628-Martensitic_SEM-SE-Stitch_EBSD_SameSlice_2#0,eval_AF9628-Martensitic_SEM-SE-Stitch_EBSD_SameSlice_2,SameSlice,AF9628-Martensitic_SEM-SE-Stitch_EBSD_SameSlice,gt,gt,homography,none,0,1995,4096,5142,8831,37,37,37,homography,"[0.37758601269965825, -0.004017218060620258, 603.4101507710201, -0.0010549192452698124, 0.3730059195448501, 19.711955238407775, 2.987683550570851e-07, -4.0637722634480574e-07, 1.0]",3.387,3.227,0.00,ok,
eval_AF9628-Martensitic_SEM-SE-Stitch_EBSD_SameSlice_2#0,eval_AF9628-Martensitic_SEM-SE-Stitch_EBSD_SameSlice_2,SameSlice,AF9628-Martensitic_SEM-SE-Stitch_EBSD_SameSlice,gt,gt,affine,none,0,1995,4096,5142,8831,37,37,37,affine,"[0.3767906606473314, -0.0030361059109665633, 602.9459488746346, -0.001343228830895229, 0.37331011654075, 20.30804152962137, 0.0, 0.0, 1.0]",3.499,3.313,0.00,ok,
eval_AF9628-Martensitic_SEM-SE-Stitch_EBSD_SameSlice_2#1,eval_AF9628-Martensitic_SEM-SE-Stitch_EBSD_SameSlice_2,SameSlice,AF9628-Martensitic_SEM-SE-Stitch_EBSD_SameSlice,gt,gt,homography,none,0,1995,4096,5142,8831,37,37,37,homography,"[0.37758601269965825, -0.004017218060620258, 603.4101507710201, -0.0010549192452698124, 0.3730059195448501, 19.711955238407775, 2.987683550570851e-07, -4.0637722634480574e-07, 1.0]",3.387,3.227,0.00,ok,
eval_AF9628-Martensitic_SEM-SE-Stitch_EBSD_SameSlice_2#1,eval_AF9628-Martensitic_SEM-SE-Stitch_EBSD_SameSlice_2,SameSlice,AF9628-Martensitic_SEM-SE-Stitch_EBSD_SameSlice,gt,gt,affine,none,0,1995,4096,5142,8831,37,37,37,affine,"[0.3767906606473314, -0.0030361059109665633, 602.9459488746346, -0.001343228830895229, 0.37331011654075, 20.30804152962137, 0.0, 0.0, 1.0]",3.499,3.313,0.00,ok,
eval_AF9628-Martensitic_SEM-SE-Stitch_EBSD_SameSlice_2#2,eval_AF9628-Martensitic_SEM-SE-Stitch_EBSD_SameSlice_2,SameSlice,AF9628-Martensitic_SEM-SE-Stitch_EBSD_SameSlice,gt,gt,homography,none,0,1995,4096,5142,8831,37,37,37,homography,"[0.37758601269965825, -0.004017218060620258, 603.4101507710201, -0.0010549192452698124, 0.3730059195448501, 19.711955238407775, 2.987683550570851e-07, -4.0637722634480574e-07, 1.0]",3.387,3.227,0.00,ok,
eval_AF9628-Martensitic_SEM-SE-Stitch_EBSD_SameSlice_2#2,eval_AF9628-Martensitic_SEM-SE-Stitch_EBSD_SameSlice_2,SameSlice,AF9628-Martensitic_SEM-SE-Stitch_EBSD_SameSlice,gt,gt,affine,none,0,1995,4096,5142,8831,37,37,37,affine,"[0.3767906606473314, -0.0030361059109665633, 602.9459488746346, -0.001343228830895229, 0.37331011654075, 20.30804152962137, 0.0, 0.0, 1.0]",3.499,3.313,0.00,ok,
eval_AF9628-Martensitic_SEM-SE-Stitch_EBSD_SameSlice_3#0,eval_AF9628-Martensitic_SEM-SE-Stitch_EBSD_SameSlice_3,SameSlice,AF9628-Martensitic_SEM-SE-Stitch_EBSD_SameSlice,gt,gt,homography,none,0,4710,10147,1992,4096,42,42,42,homography,"[2.6306822919728785, 0.013093734667060361, -641.1142762722637, -0.023844226026846844, 2.6899434703382075, -254.8218436616923, -1.3117124519301864e-06, -2.192968855141404e-09, 1.0]",13.710,11.731,0.00,ok,
eval_AF9628-Martensitic_SEM-SE-Stitch_EBSD_SameSlice_3#0,eval_AF9628-Martensitic_SEM-SE-Stitch_EBSD_SameSlice_3,SameSlice,AF9628-Martensitic_SEM-SE-Stitch_EBSD_SameSlice,gt,gt,affine,none,0,4710,10147,1992,4096,42,42,42,affine,"[2.6448042818379602, 0.013673130245196896, -652.9173262891991, -0.02112336664546504, 2.696974526861721, -260.4699016186999, 0.0, 0.0, 1.0]",14.633,13.230,0.00,ok,
eval_AF9628-Martensitic_SEM-SE-Stitch_EBSD_SameSlice_3#1,eval_AF9628-Martensitic_SEM-SE-Stitch_EBSD_SameSlice_3,SameSlice,AF9628-Martensitic_SEM-SE-Stitch_EBSD_SameSlice,gt,gt,homography,none,0,4710,10147,1992,4096,42,42,42,homography,"[2.6306822919728785, 0.013093734667060361, -641.1142762722637, -0.023844226026846844, 2.6899434703382075, -254.8218436616923, -1.3117124519301864e-06, -2.192968855141404e-09, 1.0]",13.710,11.731,0.00,ok,
eval_AF9628-Martensitic_SEM-SE-Stitch_EBSD_SameSlice_3#1,eval_AF9628-Martensitic_SEM-SE-Stitch_EBSD_SameSlice_3,SameSlice,AF9628-Martensitic_SEM-SE-Stitch_EBSD_SameSlice,gt,gt,affine,none,0,4710,10147,1992,4096,42,42,42,affine,"[2.6448042818379602, 0.013673130245196896, -652.9173262891991, -0.02112336664546504, 2.696974526861721, -260.4699016186999, 0.0, 0.0, 1.0]",14.633,13.230,0.00,ok,
eval_AF9628-Martensitic_SEM-SE-Stitch_EBSD_SameSlice_3#2,eval_AF9628-Martensitic_SEM-SE-Stitch_EBSD_SameSlice_3,SameSlice,AF9628-Martensitic_SEM-SE-Stitch_EBSD_SameSlice,gt,gt,homography,none,0,4710,10147,1992,4096,42,42,42,homography,"[2.6306822919728785, 0.013093734667060361, -641.1142762722637, -0.023844226026846844, 2.6899434703382075, -254.8218436616923, -1.3117124519301864e-06, -2.192968855141404e-09, 1.0]",13.710,11.731,0.00,ok,
eval_AF9628-Martensitic_SEM-SE-Stitch_EBSD_SameSlice_3#2,eval_AF9628-Martensitic_SEM-SE-Stitch_EBSD_SameSlice_3,SameSlice,AF9628-Martensitic_SEM-SE-Stitch_EBSD_SameSlice,gt,gt,affine,none,0,4710,10147,1992,4096,42,42,42,affine,"[2.6448042818379602, 0.013673130245196896, -652.9173262891991, -0.02112336664546504, 2.696974526861721, -260.4699016186999, 0.0, 0.0, 1.0]",14.633,13.230,0.00,ok,
eval_AF9628-Martensitic_SEM-SE-Stitch_EBSD_SameSlice_4#0,eval_AF9628-Martensitic_SEM-SE-Stitch_EBSD_SameSlice_4,SameSlice,AF9628-Martensitic_SEM-SE-Stitch_EBSD_SameSlice,gt,gt,homography,none,0,1996,4096,4872,10693,53,53,53,homography,"[0.3808924949476864, -0.00302092674927073, 12.86945497183302, 0.0036902380999473223, 0.3729671610157626, 31.821598134684127, 6.498658842764886e-07, 2.3916918331238217e-09, 1.0]",5.397,4.831,0.00,ok,
eval_AF9628-Martensitic_SEM-SE-Stitch_EBSD_SameSlice_4#0,eval_AF9628-Martensitic_SEM-SE-Stitch_EBSD_SameSlice_4,SameSlice,AF9628-Martensitic_SEM-SE-Stitch_EBSD_SameSlice,gt,gt,affine,none,0,1996,4096,4872,10693,53,53,53,affine,"[0.37826214617387494, -0.002881708074691573, 16.901391518349765, 0.003090812795329104, 0.37170808361014424, 34.72334783569127, 0.0, 0.0, 1.0]",5.991,5.595,0.00,ok,
eval_AF9628-Martensitic_SEM-SE-Stitch_EBSD_SameSlice_4#1,eval_AF9628-Martensitic_SEM-SE-Stitch_EBSD_SameSlice_4,SameSlice,AF9628-Martensitic_SEM-SE-Stitch_EBSD_SameSlice,gt,gt,homography,none,0,1996,4096,4872,10693,53,53,53,homography,"[0.3808924949476864, -0.00302092674927073, 12.86945497183302, 0.0036902380999473223, 0.3729671610157626, 31.821598134684127, 6.498658842764886e-07, 2.3916918331238217e-09, 1.0]",5.397,4.831,0.00,ok,
eval_AF9628-Martensitic_SEM-SE-Stitch_EBSD_SameSlice_4#1,eval_AF9628-Martensitic_SEM-SE-Stitch_EBSD_SameSlice_4,SameSlice,AF9628-Martensitic_SEM-SE-Stitch_EBSD_SameSlice,gt,gt,affine,none,0,1996,4096,4872,10693,53,53,53,affine,"[0.37826214617387494, -0.002881708074691573, 16.901391518349765, 0.003090812795329104, 0.37170808361014424, 34.72334783569127, 0.0, 0.0, 1.0]",5.991,5.595,0.00,ok,
eval_AF9628-Martensitic_SEM-SE-Stitch_EBSD_SameSlice_4#2,eval_AF9628-Martensitic_SEM-SE-Stitch_EBSD_SameSlice_4,SameSlice,AF9628-Martensitic_SEM-SE-Stitch_EBSD_SameSlice,gt,gt,homography,none,0,1996,4096,4872,10693,53,53,53,homography,"[0.3808924949476864, -0.00302092674927073, 12.86945497183302, 0.0036902380999473223, 0.3729671610157626, 31.821598134684127, 6.498658842764886e-07, 2.3916918331238217e-09, 1.0]",5.397,4.831,0.00,ok,
eval_AF9628-Martensitic_SEM-SE-Stitch_EBSD_SameSlice_4#2,eval_AF9628-Martensitic_SEM-SE-Stitch_EBSD_SameSlice_4,SameSlice,AF9628-Martensitic_SEM-SE-Stitch_EBSD_SameSlice,gt,gt,affine,none,0,1996,4096,4872,10693,53,53,53,affine,"[0.37826214617387494, -0.002881708074691573, 16.901391518349765, 0.003090812795329104, 0.37170808361014424, 34.72334783569127, 0.0, 0.0, 1.0]",5.991,5.595,0.00,ok,
eval_C103_SEM-SE_LOM-DC-Height_FractureSurfaces_0#0,eval_C103_SEM-SE_LOM-DC-Height_FractureSurfaces_0,FractureSurfaces,C103_SEM-SE_LOM-DC-Height_FractureSurfaces,gt,gt,homography,none,0,3184,3000,1094,1536,41,41,41,homography,"[0.0789773891840373, 1.9458635175237242, 225.87713704037495, -1.9629467894077561, 0.11567524837463948, 3225.289783851499, -2.781920877708388e-06, 1.9266555180656295e-05, 1.0]",10.272,7.192,0.00,ok,
eval_C103_SEM-SE_LOM-DC-Height_FractureSurfaces_0#0,eval_C103_SEM-SE_LOM-DC-Height_FractureSurfaces_0,FractureSurfaces,C103_SEM-SE_LOM-DC-Height_FractureSurfaces,gt,gt,affine,none,0,3184,3000,1094,1536,41,41,41,affine,"[0.08383513536308396, 1.8962354970822948, 237.651971622588, -1.9389501960301831, 0.07977106769590137, 3211.296303371633, 0.0, 0.0, 1.0]",10.265,6.996,0.00,ok,
eval_C103_SEM-SE_LOM-DC-Height_FractureSurfaces_0#1,eval_C103_SEM-SE_LOM-DC-Height_FractureSurfaces_0,FractureSurfaces,C103_SEM-SE_LOM-DC-Height_FractureSurfaces,gt,gt,homography,none,0,3184,3000,1094,1536,41,41,41,homography,"[0.0789773891840373, 1.9458635175237242, 225.87713704037495, -1.9629467894077561, 0.11567524837463948, 3225.289783851499, -2.781920877708388e-06, 1.9266555180656295e-05, 1.0]",10.272,7.192,0.00,ok,
eval_C103_SEM-SE_LOM-DC-Height_FractureSurfaces_0#1,eval_C103_SEM-SE_LOM-DC-Height_FractureSurfaces_0,FractureSurfaces,C103_SEM-SE_LOM-DC-Height_FractureSurfaces,gt,gt,affine,none,0,3184,3000,1094,1536,41,41,41,affine,"[0.08383513536308396, 1.8962354970822948, 237.651971622588, -1.9389501960301831, 0.07977106769590137, 3211.296303371633, 0.0, 0.0, 1.0]",10.265,6.996,0.00,ok,
eval_C103_SEM-SE_LOM-DC-Height_FractureSurfaces_1#0,eval_C103_SEM-SE_LOM-DC-Height_FractureSurfaces_1,FractureSurfaces,C103_SEM-SE_LOM-DC-Height_FractureSurfaces,gt,gt,homography,none,0,1094,1536,3746,3769,34,34,34,homography,"[-0.3124844508728287, -0.02539653542554918, 1311.618022828329, 0.01903365198955557, -0.30508949637859445, 1082.2403030922876, -4.211668334779684e-06, 1.2738738533123236e-06, 0.9999999999999999]",4.921,4.351,0.00,ok,
eval_C103_SEM-SE_LOM-DC-Height_FractureSurfaces_1#0,eval_C103_SEM-SE_LOM-DC-Height_FractureSurfaces_1,FractureSurfaces,C103_SEM-SE_LOM-DC-Height_FractureSurfaces,gt,gt,affine,none,0,1094,1536,3746,3769,34,34,34,affine,"[-0.3090383077906479, -0.026636748583931724, 1312.1743786932261, 0.021170478783788717, -0.30637149270554476, 1083.6592730967106, 0.0, 0.0, 1.0]",4.872,4.391,0.00,ok,
eval_C103_SEM-SE_LOM-DC-Height_FractureSurfaces_1#1,eval_C103_SEM-SE_LOM-DC-Height_FractureSurfaces_1,FractureSurfaces,C103_SEM-SE_LOM-DC-Height_FractureSurfaces,gt,gt,homography,none,0,1094,1536,3746,3769,34,34,34,homography,"[-0.3124844508728287, -0.02539653542554918, 1311.618022828329, 0.01903365198955557, -0.30508949637859445, 1082.2403030922876, -4.211668334779684e-06, 1.2738738533123236e-06, 0.9999999999999999]",4.921,4.351,0.00,ok,
eval_C103_SEM-SE_LOM-DC-Height_FractureSurfaces_1#1,eval_C103_SEM-SE_LOM-DC-Height_FractureSurfaces_1,FractureSurfaces,C103_SEM-SE_LOM-DC-Height_FractureSurfaces,gt,gt,affine,none,0,1094,1536,3746,3769,34,34,34,affine,"[-0.3090383077906479, -0.026636748583931724, 1312.1743786932261, 0.021170478783788717, -0.30637149270554476, 1083.6592730967106, 0.0, 0.0, 1.0]",4.872,4.391,0.00,ok,
eval_C103_SEM-SE_LOM-DC-Height_FractureSurfaces_2#0,eval_C103_SEM-SE_LOM-DC-Height_FractureSurfaces_2,FractureSurfaces,C103_SEM-SE_LOM-DC-Height_FractureSurfaces,gt,gt,homography,none,0,2188,3072,3388,3000,58,58,58,homography,"[-0.08881846791413554, 0.8557916144321343, 324.05295101550155, -0.8670503444950024, -0.08401901267102242, 2170.2814882236335, -3.500127918409716e-06, -2.313514308333144e-06, 1.0]",6.149,5.355,0.00,ok,
eval_C103_SEM-SE_LOM-DC-Height_FractureSurfaces_2#0,eval_C103_SEM-SE_LOM-DC-Height_FractureSurfaces_2,FractureSurfaces,C103_SEM-SE_LOM-DC-Height_FractureSurfaces,gt,gt,affine,none,0,2188,3072,3388,3000,58,58,58,affine,"[-0.08381706602749536, 0.8647933574913766, 316.4947050865531, -0.8674443534000078, -0.08111529141762897, 2174.5751217000357, 0.0, 0.0, 1.0]",6.157,5.330,0.00,ok,
eval_C103_SEM-SE_LOM-DC-Height_FractureSurfaces_2#1,eval_C103_SEM-SE_LOM-DC-Height_FractureSurfaces_2,FractureSurfaces,C103_SEM-SE_LOM-DC-Height_FractureSurfaces,gt,gt,homography,none,0,2188,3072,3388,3000,58,58,58,homography,"[-0.08881846791413554, 0.8557916144321343, 324.05295101550155, -0.8670503444950024, -0.08401901267102242, 2170.2814882236335, -3.500127918409716e-06, -2.313514308333144e-06, 1.0]",6.149,5.355,0.00,ok,
eval_C103_SEM-SE_LOM-DC-Height_FractureSurfaces_2#1,eval_C103_SEM-SE_LOM-DC-Height_FractureSurfaces_2,FractureSurfaces,C103_SEM-SE_LOM-DC-Height_FractureSurfaces,gt,gt,affine,none,0,2188,3072,3388,3000,58,58,58,affine,"[-0.08381706602749536, 0.8647933574913766, 316.4947050865531, -0.8674443534000078, -0.08111529141762897, 2174.5751217000357, 0.0, 0.0, 1.0]",6.157,5.330,0.00,ok,
eval_CoNi-AM67_OM-SEM_Multiscale_0#0,eval_CoNi-AM67_OM-SEM_Multiscale_0,Multiscale,CoNi-AM67_OM-SEM_Multiscale,gt,gt,homography,none,0,2048,3072,1379,1729,14,14,14,homography,"[1.01351520852913, -0.01588650072227066, 469.79342077412224, -0.002482558653520961, 1.0353258813826234, 204.0770486501979, -2.4859406305200144e-05, -4.5272323815722776e-06, 1.0]",11.194,10.809,0.00,ok,
eval_CoNi-AM67_OM-SEM_Multiscale_0#0,eval_CoNi-AM67_OM-SEM_Multiscale_0,Multiscale,CoNi-AM67_OM-SEM_Multiscale,gt,gt,affine,none,0,2048,3072,1379,1729,14,14,14,affine,"[1.0717980225858912, -0.010392428920162344, 455.07394635384907, 0.0209235265407533, 1.066074613403859, 185.90151553020524, 0.0, 0.0, 1.0]",12.600,10.868,0.00,ok,
eval_CoNi-AM67_OM-SEM_Multiscale_0#1,eval_CoNi-AM67_OM-SEM_Multiscale_0,Multiscale,CoNi-AM67_OM-SEM_Multiscale,gt,gt,homography,none,0,2048,3072,1379,1729,14,14,14,homography,"[1.01351520852913, -0.01588650072227066, 469.79342077412224, -0.002482558653520961, 1.0353258813826234, 204.0770486501979, -2.4859406305200144e-05, -4.5272323815722776e-06, 1.0]",11.194,10.809,0.00,ok,
eval_CoNi-AM67_OM-SEM_Multiscale_0#1,eval_CoNi-AM67_OM-SEM_Multiscale_0,Multiscale,CoNi-AM67_OM-SEM_Multiscale,gt,gt,affine,none,0,2048,3072,1379,1729,14,14,14,affine,"[1.0717980225858912, -0.010392428920162344, 455.07394635384907, 0.0209235265407533, 1.066074613403859, 185.90151553020524, 0.0, 0.0, 1.0]",12.600,10.868,0.00,ok,
eval_CoNi-AM67_OM-SEM_Multiscale_0#2,eval_CoNi-AM67_OM-SEM_Multiscale_0,Multiscale,CoNi-AM67_OM-SEM_Multiscale,gt,gt,homography,none,0,1373,1723,1379,1729,11,11,11,homography,"[0.10648395300448263, 0.020676286780333713, 828.0618912579921, -0.019708331486747062, 0.150231243536442, 628.1133921967927, -2.9339073246574325e-05, 2.0548964041678725e-05, 0.9999999999999999]",2.050,2.069,0.00,ok,
eval_CoNi-AM67_OM-SEM_Multiscale_0#2,eval_CoNi-AM67_OM-SEM_Multiscale_0,Multiscale,CoNi-AM67_OM-SEM_Multiscale,gt,gt,affine,none,0,1373,1723,1379,1729,11,11,11,affine,"[0.13489105134884605, 0.0013113482012256927, 828.4835040115429, 0.0013619144644672883, 0.13635473979362422, 626.6804084399687, 0.0, 0.0, 1.0]",2.146,1.779,0.00,ok,
eval_CoNi-AM67_SEM-EBSD_SameSliceSerialSectioning_0#0,eval_CoNi-AM67_SEM-EBSD_SameSliceSerialSectioning_0,SerialSectioning,CoNi-AM67_SEM-EBSD_SameSliceSerialSectioning,gt,gt,homography,none,0,2048,3072,611,721,17,17,17,homography,"[2.7861365382470744, 0.14927261131334213, 564.4327133624115, -0.08151159482969991, 3.736969621600785, 63.293669244131536, 1.644722123516309e-05, 0.00013089034752373257, 0.9999999999999999]",23.303,20.133,0.00,ok,
eval_CoNi-AM67_SEM-EBSD_SameSliceSerialSectioning_0#0,eval_CoNi-AM67_SEM-EBSD_SameSliceSerialSectioning_0,SerialSectioning,CoNi-AM67_SEM-EBSD_SameSliceSerialSectioning,gt,gt,affine,none,0,2048,3072,611,721,17,17,17,affine,"[2.652078858059795, -0.053147186202269214, 601.0883791917638, -0.085367284673438, 3.4559037926344787, 85.81422248484047, 0.0, 0.0, 1.0]",29.810,26.451,0.00,ok,
eval_CoNi-AM67_SEM-EBSD_SameSliceSerialSectioning_0#1,eval_CoNi-AM67_SEM-EBSD_SameSliceSerialSectioning_0,SerialSectioning,CoNi-AM67_SEM-EBSD_SameSliceSerialSectioning,gt,gt,homography,none,0,2048,3072,611,721,17,17,17,homography,"[2.7861365382470744, 0.14927261131334213, 564.4327133624115, -0.08151159482969991, 3.736969621600785, 63.293669244131536, 1.644722123516309e-05, 0.00013089034752373257, 0.9999999999999999]",23.303,20.133,0.00,ok,
eval_CoNi-AM67_SEM-EBSD_SameSliceSerialSectioning_0#1,eval_CoNi-AM67_SEM-EBSD_SameSliceSerialSectioning_0,SerialSectioning,CoNi-AM67_SEM-EBSD_SameSliceSerialSectioning,gt,gt,affine,none,0,2048,3072,611,721,17,17,17,affine,"[2.652078858059795, -0.053147186202269214, 601.0883791917638, -0.085367284673438, 3.4559037926344787, 85.81422248484047, 0.0, 0.0, 1.0]",29.810,26.451,0.00,ok,
eval_CoNi-AM67_SEM-EBSD_SameSliceSerialSectioning_0#2,eval_CoNi-AM67_SEM-EBSD_SameSliceSerialSectioning_0,SerialSectioning,CoNi-AM67_SEM-EBSD_SameSliceSerialSectioning,gt,gt,homography,none,0,2048,3072,611,721,17,17,17,homography,"[2.7861365382470744, 0.14927261131334213, 564.4327133624115, -0.08151159482969991, 3.736969621600785, 63.293669244131536, 1.644722123516309e-05, 0.00013089034752373257, 0.9999999999999999]",23.303,20.133,0.00,ok,
eval_CoNi-AM67_SEM-EBSD_SameSliceSerialSectioning_0#2,eval_CoNi-AM67_SEM-EBSD_SameSliceSerialSectioning_0,SerialSectioning,CoNi-AM67_SEM-EBSD_SameSliceSerialSectioning,gt,gt,affine,none,0,2048,3072,611,721,17,17,17,affine,"[2.652078858059795, -0.053147186202269214, 601.0883791917638, -0.085367284673438, 3.4559037926344787, 85.81422248484047, 0.0, 0.0, 1.0]",29.810,26.451,0.00,ok,
eval_CoNi-AM67_SEM-EBSD_SameSliceSerialSectioning_0#3,eval_CoNi-AM67_SEM-EBSD_SameSliceSerialSectioning_0,SerialSectioning,CoNi-AM67_SEM-EBSD_SameSliceSerialSectioning,gt,gt,homography,none,0,2048,3072,611,721,17,17,17,homography,"[2.7861365382470744, 0.14927261131334213, 564.4327133624115, -0.08151159482969991, 3.736969621600785, 63.293669244131536, 1.644722123516309e-05, 0.00013089034752373257, 0.9999999999999999]",23.303,20.133,0.00,ok,
eval_CoNi-AM67_SEM-EBSD_SameSliceSerialSectioning_0#3,eval_CoNi-AM67_SEM-EBSD_SameSliceSerialSectioning_0,SerialSectioning,CoNi-AM67_SEM-EBSD_SameSliceSerialSectioning,gt,gt,affine,none,0,2048,3072,611,721,17,17,17,affine,"[2.652078858059795, -0.053147186202269214, 601.0883791917638, -0.085367284673438, 3.4559037926344787, 85.81422248484047, 0.0, 0.0, 1.0]",29.810,26.451,0.00,ok,
eval_CoNi-AM67_SEM-EBSD_SameSliceSerialSectioning_0#4,eval_CoNi-AM67_SEM-EBSD_SameSliceSerialSectioning_0,SerialSectioning,CoNi-AM67_SEM-EBSD_SameSliceSerialSectioning,gt,gt,homography,none,0,2048,3072,611,721,17,17,17,homography,"[2.7861365382470744, 0.14927261131334213, 564.4327133624115, -0.08151159482969991, 3.736969621600785, 63.293669244131536, 1.644722123516309e-05, 0.00013089034752373257, 0.9999999999999999]",23.303,20.133,0.00,ok,
eval_CoNi-AM67_SEM-EBSD_SameSliceSerialSectioning_0#4,eval_CoNi-AM67_SEM-EBSD_SameSliceSerialSectioning_0,SerialSectioning,CoNi-AM67_SEM-EBSD_SameSliceSerialSectioning,gt,gt,affine,none,0,2048,3072,611,721,17,17,17,affine,"[2.652078858059795, -0.053147186202269214, 601.0883791917638, -0.085367284673438, 3.4559037926344787, 85.81422248484047, 0.0, 0.0, 1.0]",29.810,26.451,0.00,ok,
eval_CoNi-AM67_SEM-EBSD_SameSliceSerialSectioning_0#5,eval_CoNi-AM67_SEM-EBSD_SameSliceSerialSectioning_0,SerialSectioning,CoNi-AM67_SEM-EBSD_SameSliceSerialSectioning,gt,gt,homography,none,0,2048,3072,611,721,17,17,17,homography,"[2.7861365382470744, 0.14927261131334213, 564.4327133624115, -0.08151159482969991, 3.736969621600785, 63.293669244131536, 1.644722123516309e-05, 0.00013089034752373257, 0.9999999999999999]",23.303,20.133,0.00,ok,
eval_CoNi-AM67_SEM-EBSD_SameSliceSerialSectioning_0#5,eval_CoNi-AM67_SEM-EBSD_SameSliceSerialSectioning_0,SerialSectioning,CoNi-AM67_SEM-EBSD_SameSliceSerialSectioning,gt,gt,affine,none,0,2048,3072,611,721,17,17,17,affine,"[2.652078858059795, -0.053147186202269214, 601.0883791917638, -0.085367284673438, 3.4559037926344787, 85.81422248484047, 0.0, 0.0, 1.0]",29.810,26.451,0.00,ok,
eval_CoNi-AM67_SEM-EBSD_SameSliceSerialSectioning_1#0,eval_CoNi-AM67_SEM-EBSD_SameSliceSerialSectioning_1,SerialSectioning,CoNi-AM67_SEM-EBSD_SameSliceSerialSectioning,gt,gt,homography,none,0,2048,3072,534,587,14,14,14,homography,"[2.7949359385101378, 0.08972739847670773, 674.2243149641788, -0.10832402986894309, 3.6673092868911183, 128.71308866166092, 3.351377961232142e-05, 8.838909852550984e-05, 1.0]",14.784,15.499,0.00,ok,
eval_CoNi-AM67_SEM-EBSD_SameSliceSerialSectioning_1#0,eval_CoNi-AM67_SEM-EBSD_SameSliceSerialSectioning_1,SerialSectioning,CoNi-AM67_SEM-EBSD_SameSliceSerialSectioning,gt,gt,affine,none,0,2048,3072,534,587,14,14,14,affine,"[2.6607067499810206, -0.04919005190999659, 697.8853468579251, -0.1452534975861496, 3.458284646650154, 152.82390059985906, 0.0, 0.0, 1.0]",17.822,15.740,0.00,ok,
eval_CoNi-AM67_SEM-EBSD_SameSliceSerialSectioning_1#1,eval_CoNi-AM67_SEM-EBSD_SameSliceSerialSectioning_1,SerialSectioning,CoNi-AM67_SEM-EBSD_SameSliceSerialSectioning,gt,gt,homography,none,0,2048,3072,534,587,14,14,14,homography,"[2.7949359385101378, 0.08972739847670773, 674.2243149641788, -0.10832402986894309, 3.6673092868911183, 128.71308866166092, 3.351377961232142e-05, 8.838909852550984e-05, 1.0]",14.784,15.499,0.00,ok,
eval_CoNi-AM67_SEM-EBSD_SameSliceSerialSectioning_1#1,eval_CoNi-AM67_SEM-EBSD_SameSliceSerialSectioning_1,SerialSectioning,CoNi-AM67_SEM-EBSD_SameSliceSerialSectioning,gt,gt,affine,none,0,2048,3072,534,587,14,14,14,affine,"[2.6607067499810206, -0.04919005190999659, 697.8853468579251, -0.1452534975861496, 3.458284646650154, 152.82390059985906, 0.0, 0.0, 1.0]",17.822,15.740,0.00,ok,
eval_CoNi-AM67_SEM-EBSD_SameSliceSerialSectioning_1#2,eval_CoNi-AM67_SEM-EBSD_SameSliceSerialSectioning_1,SerialSectioning,CoNi-AM67_SEM-EBSD_SameSliceSerialSectioning,gt,gt,homography,none,0,2048,3072,534,587,14,14,14,homography,"[2.7949359385101378, 0.08972739847670773, 674.2243149641788, -0.10832402986894309, 3.6673092868911183, 128.71308866166092, 3.351377961232142e-05, 8.838909852550984e-05, 1.0]",14.784,15.499,0.00,ok,
eval_CoNi-AM67_SEM-EBSD_SameSliceSerialSectioning_1#2,eval_CoNi-AM67_SEM-EBSD_SameSliceSerialSectioning_1,SerialSectioning,CoNi-AM67_SEM-EBSD_SameSliceSerialSectioning,gt,gt,affine,none,0,2048,3072,534,587,14,14,14,affine,"[2.6607067499810206, -0.04919005190999659, 697.8853468579251, -0.1452534975861496, 3.458284646650154, 152.82390059985906, 0.0, 0.0, 1.0]",17.822,15.740,0.00,ok,
eval_CoNi-AM67_SEM-EBSD_SameSliceSerialSectioning_1#3,eval_CoNi-AM67_SEM-EBSD_SameSliceSerialSectioning_1,SerialSectioning,CoNi-AM67_SEM-EBSD_SameSliceSerialSectioning,gt,gt,homography,none,0,2048,3072,534,587,14,14,14,homography,"[2.7949359385101378, 0.08972739847670773, 674.2243149641788, -0.10832402986894309, 3.6673092868911183, 128.71308866166092, 3.351377961232142e-05, 8.838909852550984e-05, 1.0]",14.784,15.499,0.00,ok,
eval_CoNi-AM67_SEM-EBSD_SameSliceSerialSectioning_1#3,eval_CoNi-AM67_SEM-EBSD_SameSliceSerialSectioning_1,SerialSectioning,CoNi-AM67_SEM-EBSD_SameSliceSerialSectioning,gt,gt,affine,none,0,2048,3072,534,587,14,14,14,affine,"[2.6607067499810206, -0.04919005190999659, 697.8853468579251, -0.1452534975861496, 3.458284646650154, 152.82390059985906, 0.0, 0.0, 1.0]",17.822,15.740,0.00,ok,
eval_CoNi-AM67_SEM-EBSD_SameSliceSerialSectioning_1#4,eval_CoNi-AM67_SEM-EBSD_SameSliceSerialSectioning_1,SerialSectioning,CoNi-AM67_SEM-EBSD_SameSliceSerialSectioning,gt,gt,homography,none,0,2048,3072,534,587,14,14,14,homography,"[2.7949359385101378, 0.08972739847670773, 674.2243149641788, -0.10832402986894309, 3.6673092868911183, 128.71308866166092, 3.351377961232142e-05, 8.838909852550984e-05, 1.0]",14.784,15.499,0.00,ok,
eval_CoNi-AM67_SEM-EBSD_SameSliceSerialSectioning_1#4,eval_CoNi-AM67_SEM-EBSD_SameSliceSerialSectioning_1,SerialSectioning,CoNi-AM67_SEM-EBSD_SameSliceSerialSectioning,gt,gt,affine,none,0,2048,3072,534,587,14,14,14,affine,"[2.6607067499810206, -0.04919005190999659, 697.8853468579251, -0.1452534975861496, 3.458284646650154, 152.82390059985906, 0.0, 0.0, 1.0]",17.822,15.740,0.00,ok,
eval_CoNi-AM67_SEM-EBSD_SameSliceSerialSectioning_1#5,eval_CoNi-AM67_SEM-EBSD_SameSliceSerialSectioning_1,SerialSectioning,CoNi-AM67_SEM-EBSD_SameSliceSerialSectioning,gt,gt,homography,none,0,2048,3072,534,587,14,14,14,homography,"[2.7949359385101378, 0.08972739847670773, 674.2243149641788, -0.10832402986894309, 3.6673092868911183, 128.71308866166092, 3.351377961232142e-05, 8.838909852550984e-05, 1.0]",14.784,15.499,0.00,ok,
eval_CoNi-AM67_SEM-EBSD_SameSliceSerialSectioning_1#5,eval_CoNi-AM67_SEM-EBSD_SameSliceSerialSectioning_1,SerialSectioning,CoNi-AM67_SEM-EBSD_SameSliceSerialSectioning,gt,gt,affine,none,0,2048,3072,534,587,14,14,14,affine,"[2.6607067499810206, -0.04919005190999659, 697.8853468579251, -0.1452534975861496, 3.458284646650154, 152.82390059985906, 0.0, 0.0, 1.0]",17.822,15.740,0.00,ok,
eval_CoNi-AM67_SEM-EBSD_SameSliceSerialSectioning_2#0,eval_CoNi-AM67_SEM-EBSD_SameSliceSerialSectioning_2,SerialSectioning,CoNi-AM67_SEM-EBSD_SameSliceSerialSectioning,gt,gt,homography,none,0,2048,3072,534,587,18,18,18,homography,"[2.649076019544862, 0.09106375064599795, 679.023668414918, -0.2080549102588907, 3.6513968752487282, 132.90365548315955, -3.501598668803682e-05, 9.750375553754864e-05, 1.0]",15.593,13.595,0.00,ok,
eval_CoNi-AM67_SEM-EBSD_SameSliceSerialSectioning_2#0,eval_CoNi-AM67_SEM-EBSD_SameSliceSerialSectioning_2,SerialSectioning,CoNi-AM67_SEM-EBSD_SameSliceSerialSectioning,gt,gt,affine,none,0,2048,3072,534,587,18,18,18,affine,"[2.657919408102383, -0.05451738559781827, 695.5865846383688, -0.1685906855204507, 3.492823373683522, 141.06518671985785, 0.0, 0.0, 1.0]",18.024,16.249,0.00,ok,
eval_CoNi-AM67_SEM-EBSD_SameSliceSerialSectioning_2#1,eval_CoNi-AM67_SEM-EBSD_SameSliceSerialSectioning_2,SerialSectioning,CoNi-AM67_SEM-EBSD_SameSliceSerialSectioning,gt,gt,homography,none,0,2048,3072,534,587,18,18,18,homography,"[2.649076019544862, 0.09106375064599795, 679.023668414918, -0.2080549102588907, 3.6513968752487282, 132.90365548315955, -3.501598668803682e-05, 9.750375553754864e-05, 1.0]",15.593,13.595,0.00,ok,
eval_CoNi-AM67_SEM-EBSD_SameSliceSerialSectioning_2#1,eval_CoNi-AM67_SEM-EBSD_SameSliceSerialSectioning_2,SerialSectioning,CoNi-AM67_SEM-EBSD_SameSliceSerialSectioning,gt,gt,affine,none,0,2048,3072,534,587,18,18,18,affine,"[2.657919408102383, -0.05451738559781827, 695.5865846383688, -0.1685906855204507, 3.492823373683522, 141.06518671985785, 0.0, 0.0, 1.0]",18.024,16.249,0.00,ok,
eval_CoNi-AM67_SEM-EBSD_SameSliceSerialSectioning_2#2,eval_CoNi-AM67_SEM-EBSD_SameSliceSerialSectioning_2,SerialSectioning,CoNi-AM67_SEM-EBSD_SameSliceSerialSectioning,gt,gt,homography,none,0,2048,3072,534,587,18,18,18,homography,"[2.649076019544862, 0.09106375064599795, 679.023668414918, -0.2080549102588907, 3.6513968752487282, 132.90365548315955, -3.501598668803682e-05, 9.750375553754864e-05, 1.0]",15.593,13.595,0.00,ok,
eval_CoNi-AM67_SEM-EBSD_SameSliceSerialSectioning_2#2,eval_CoNi-AM67_SEM-EBSD_SameSliceSerialSectioning_2,SerialSectioning,CoNi-AM67_SEM-EBSD_SameSliceSerialSectioning,gt,gt,affine,none,0,2048,3072,534,587,18,18,18,affine,"[2.657919408102383, -0.05451738559781827, 695.5865846383688, -0.1685906855204507, 3.492823373683522, 141.06518671985785, 0.0, 0.0, 1.0]",18.024,16.249,0.00,ok,
eval_CoNi-AM67_SEM-EBSD_SameSliceSerialSectioning_2#3,eval_CoNi-AM67_SEM-EBSD_SameSliceSerialSectioning_2,SerialSectioning,CoNi-AM67_SEM-EBSD_SameSliceSerialSectioning,gt,gt,homography,none,0,2048,3072,534,587,18,18,18,homography,"[2.649076019544862, 0.09106375064599795, 679.023668414918, -0.2080549102588907, 3.6513968752487282, 132.90365548315955, -3.501598668803682e-05, 9.750375553754864e-05, 1.0]",15.593,13.595,0.00,ok,
eval_CoNi-AM67_SEM-EBSD_SameSliceSerialSectioning_2#3,eval_CoNi-AM67_SEM-EBSD_SameSliceSerialSectioning_2,SerialSectioning,CoNi-AM67_SEM-EBSD_SameSliceSerialSectioning,gt,gt,affine,none,0,2048,3072,534,587,18,18,18,affine,"[2.657919408102383, -0.05451738559781827, 695.5865846383688, -0.1685906855204507, 3.492823373683522, 141.06518671985785, 0.0, 0.0, 1.0]",18.024,16.249,0.00,ok,
eval_CoNi-AM67_SEM-EBSD_SameSliceSerialSectioning_2#4,eval_CoNi-AM67_SEM-EBSD_SameSliceSerialSectioning_2,SerialSectioning,CoNi-AM67_SEM-EBSD_SameSliceSerialSectioning,gt,gt,homography,none,0,2048,3072,534,587,18,18,18,homography,"[2.649076019544862, 0.09106375064599795, 679.023668414918, -0.2080549102588907, 3.6513968752487282, 132.90365548315955, -3.501598668803682e-05, 9.750375553754864e-05, 1.0]",15.593,13.595,0.00,ok,
eval_CoNi-AM67_SEM-EBSD_SameSliceSerialSectioning_2#4,eval_CoNi-AM67_SEM-EBSD_SameSliceSerialSectioning_2,SerialSectioning,CoNi-AM67_SEM-EBSD_SameSliceSerialSectioning,gt,gt,affine,none,0,2048,3072,534,587,18,18,18,affine,"[2.657919408102383, -0.05451738559781827, 695.5865846383688, -0.1685906855204507, 3.492823373683522, 141.06518671985785, 0.0, 0.0, 1.0]",18.024,16.249,0.00,ok,
eval_CoNi-AM67_SEM-EBSD_SameSliceSerialSectioning_2#5,eval_CoNi-AM67_SEM-EBSD_SameSliceSerialSectioning_2,SerialSectioning,CoNi-AM67_SEM-EBSD_SameSliceSerialSectioning,gt,gt,homography,none,0,2048,3072,534,587,18,18,18,homography,"[2.649076019544862, 0.09106375064599795, 679.023668414918, -0.2080549102588907, 3.6513968752487282, 132.90365548315955, -3.501598668803682e-05, 9.750375553754864e-05, 1.0]",15.593,13.595,0.00,ok,
eval_CoNi-AM67_SEM-EBSD_SameSliceSerialSectioning_2#5,eval_CoNi-AM67_SEM-EBSD_SameSliceSerialSectioning_2,SerialSectioning,CoNi-AM67_SEM-EBSD_SameSliceSerialSectioning,gt,gt,affine,none,0,2048,3072,534,587,18,18,18,affine,"[2.657919408102383, -0.05451738559781827, 695.5865846383688, -0.1685906855204507, 3.492823373683522, 141.06518671985785, 0.0, 0.0, 1.0]",18.024,16.249,0.00,ok,
eval_CoNi-AM90_OM-SEM_Multiscale_0#0,eval_CoNi-AM90_OM-SEM_Multiscale_0,Multiscale,CoNi-AM90_OM-SEM_Multiscale,gt,gt,homography,none,0,2048,3072,186,238,11,11,11,homography,"[6.059354497799837, -0.2615916352187068, 254.1885861285418, 0.14221160689200643, 5.791707881971088, 100.62839932802102, 0.00015378015222947735, -0.00042744507341174, 0.9999999999999999]",11.384,10.010,0.00,ok,
eval_CoNi-AM90_OM-SEM_Multiscale_0#0,eval_CoNi-AM90_OM-SEM_Multiscale_0,Multiscale,CoNi-AM90_OM-SEM_Multiscale,gt,gt,affine,none,0,2048,3072,186,238,11,11,11,affine,"[6.087910495091565, 0.19277046533831577, 225.7214236775727, 0.033332002734587834, 6.241591681781072, 90.36804823242305, 0.0, 0.0, 1.0]",13.121,9.589,0.00,ok,
eval_CoNi-AM90_OM-SEM_Multiscale_0#1,eval_CoNi-AM90_OM-SEM_Multiscale_0,Multiscale,CoNi-AM90_OM-SEM_Multiscale,gt,gt,homography,none,0,2048,3072,1320,1507,8,8,8,homography,"[0.5562870070520375, -0.055503597255404526, 614.0888897573052, -0.13057376750262478, 0.6721718496417315, 476.33748235770764, -0.00012581424558933522, -6.365593723376985e-05, 1.0]",13.806,14.113,0.00,ok,
eval_CoNi-AM90_OM-SEM_Multiscale_0#1,eval_CoNi-AM90_OM-SEM_Multiscale_0,Multiscale,CoNi-AM90_OM-SEM_Multiscale,gt,gt,affine,none,0,2048,3072,1320,1507,8,8,8,affine,"[0.7850173157358434, 0.017493966944782446, 558.3337193516816, -0.00459879914702928, 0.833438648732755, 410.94591608684453, 0.0, 0.0, 1.0]",17.859,16.484,0.00,ok,
eval_CoNi-AM90_SEM-DIC_EBSD_SlipPartitioning_0#0,eval_CoNi-AM90_SEM-DIC_EBSD_SlipPartitioning_0,SlipPartitioning,CoNi-AM90_SEM-DIC_EBSD_SlipPartitioning,gt,gt,homography,none,0,1309,1493,13333,13333,20,20,20,homography,"[0.043629935732641345, -0.0011280983342365177, 626.9684160059335, 0.00010897232853597402, 0.040520597479191615, 210.34223204900883, 5.155928196907577e-08, -9.629345308315801e-07, 1.0]",1.541,1.411,0.00,ok,
eval_CoNi-AM90_SEM-DIC_EBSD_SlipPartitioning_0#0,eval_CoNi-AM90_SEM-DIC_EBSD_SlipPartitioning_0,SlipPartitioning,CoNi-AM90_SEM-DIC_EBSD_SlipPartitioning,gt,gt,affine,none,0,1309,1493,13333,13333,20,20,20,affine,"[0.04387322038540675, -0.00024708301100635766, 625.0994030987115, 9.77280236617827e-05, 0.041183961449752796, 209.53418784414757, 0.0, 0.0, 1.0]",1.617,1.360,0.00,ok,
eval_CoNi-AM90_SEM-DIC_EBSD_SlipPartitioning_0#1,eval_CoNi-AM90_SEM-DIC_EBSD_SlipPartitioning_0,SlipPartitioning,CoNi-AM90_SEM-DIC_EBSD_SlipPartitioning,gt,gt,homography,none,0,1309,1493,13333,13333,20,20,20,homography,"[0.043629935732641345, -0.0011280983342365177, 626.9684160059335, 0.00010897232853597402, 0.040520597479191615, 210.34223204900883, 5.155928196907577e-08, -9.629345308315801e-07, 1.0]",1.541,1.411,0.00,ok,
eval_CoNi-AM90_SEM-DIC_EBSD_SlipPartitioning_0#1,eval_CoNi-AM90_SEM-DIC_EBSD_SlipPartitioning_0,SlipPartitioning,CoNi-AM90_SEM-DIC_EBSD_SlipPartitioning,gt,gt,affine,none,0,1309,1493,13333,13333,20,20,20,affine,"[0.04387322038540675, -0.00024708301100635766, 625.0994030987115, 9.77280236617827e-05, 0.041183961449752796, 209.53418784414757, 0.0, 0.0, 1.0]",1.617,1.360,0.00,ok,
eval_CoNi-AM90_SEM-DIC_EBSD_SlipPartitioning_0#2,eval_CoNi-AM90_SEM-DIC_EBSD_SlipPartitioning_0,SlipPartitioning,CoNi-AM90_SEM-DIC_EBSD_SlipPartitioning,gt,gt,homography,none,0,1309,1493,13333,13333,20,20,20,homography,"[0.043629935732641345, -0.0011280983342365177, 626.9684160059335, 0.00010897232853597402, 0.040520597479191615, 210.34223204900883, 5.155928196907577e-08, -9.629345308315801e-07, 1.0]",1.541,1.411,0.00,ok,
eval_CoNi-AM90_SEM-DIC_EBSD_SlipPartitioning_0#2,eval_CoNi-AM90_SEM-DIC_EBSD_SlipPartitioning_0,SlipPartitioning,CoNi-AM90_SEM-DIC_EBSD_SlipPartitioning,gt,gt,affine,none,0,1309,1493,13333,13333,20,20,20,affine,"[0.04387322038540675, -0.00024708301100635766, 625.0994030987115, 9.77280236617827e-05, 0.041183961449752796, 209.53418784414757, 0.0, 0.0, 1.0]",1.617,1.360,0.00,ok,
eval_CoNi-AM90_SEM-DIC_EBSD_SlipPartitioning_0#3,eval_CoNi-AM90_SEM-DIC_EBSD_SlipPartitioning_0,SlipPartitioning,CoNi-AM90_SEM-DIC_EBSD_SlipPartitioning,gt,gt,homography,none,0,1309,1493,13333,13333,20,20,20,homography,"[0.043629935732641345, -0.0011280983342365177, 626.9684160059335, 0.00010897232853597402, 0.040520597479191615, 210.34223204900883, 5.155928196907577e-08, -9.629345308315801e-07, 1.0]",1.541,1.411,0.00,ok,
eval_CoNi-AM90_SEM-DIC_EBSD_SlipPartitioning_0#3,eval_CoNi-AM90_SEM-DIC_EBSD_SlipPartitioning_0,SlipPartitioning,CoNi-AM90_SEM-DIC_EBSD_SlipPartitioning,gt,gt,affine,none,0,1309,1493,13333,13333,20,20,20,affine,"[0.04387322038540675, -0.00024708301100635766, 625.0994030987115, 9.77280236617827e-05, 0.041183961449752796, 209.53418784414757, 0.0, 0.0, 1.0]",1.617,1.360,0.00,ok,
eval_CoNi-AM90_SEM-DIC_EBSD_SlipPartitioning_0#4,eval_CoNi-AM90_SEM-DIC_EBSD_SlipPartitioning_0,SlipPartitioning,CoNi-AM90_SEM-DIC_EBSD_SlipPartitioning,gt,gt,homography,none,0,1309,1493,13333,13333,20,20,20,homography,"[0.043629935732641345, -0.0011280983342365177, 626.9684160059335, 0.00010897232853597402, 0.040520597479191615, 210.34223204900883, 5.155928196907577e-08, -9.629345308315801e-07, 1.0]",1.541,1.411,0.00,ok,
eval_CoNi-AM90_SEM-DIC_EBSD_SlipPartitioning_0#4,eval_CoNi-AM90_SEM-DIC_EBSD_SlipPartitioning_0,SlipPartitioning,CoNi-AM90_SEM-DIC_EBSD_SlipPartitioning,gt,gt,affine,none,0,1309,1493,13333,13333,20,20,20,affine,"[0.04387322038540675, -0.00024708301100635766, 625.0994030987115, 9.77280236617827e-05, 0.041183961449752796, 209.53418784414757, 0.0, 0.0, 1.0]",1.617,1.360,0.00,ok,
eval_CoNi-AM90_SEM-DIC_EBSD_SlipPartitioning_0#5,eval_CoNi-AM90_SEM-DIC_EBSD_SlipPartitioning_0,SlipPartitioning,CoNi-AM90_SEM-DIC_EBSD_SlipPartitioning,gt,gt,homography,none,0,1309,1493,13333,13333,20,20,20,homography,"[0.043629935732641345, -0.0011280983342365177, 626.9684160059335, 0.00010897232853597402, 0.040520597479191615, 210.34223204900883, 5.155928196907577e-08, -9.629345308315801e-07, 1.0]",1.541,1.411,0.00,ok,
eval_CoNi-AM90_SEM-DIC_EBSD_SlipPartitioning_0#5,eval_CoNi-AM90_SEM-DIC_EBSD_SlipPartitioning_0,SlipPartitioning,CoNi-AM90_SEM-DIC_EBSD_SlipPartitioning,gt,gt,affine,none,0,1309,1493,13333,13333,20,20,20,affine,"[0.04387322038540675, -0.00024708301100635766, 625.0994030987115, 9.77280236617827e-05, 0.041183961449752796, 209.53418784414757, 0.0, 0.0, 1.0]",1.617,1.360,0.00,ok,
eval_CoNi-AM90_SEM-DIC_EBSD_SlipPartitioning_0#6,eval_CoNi-AM90_SEM-DIC_EBSD_SlipPartitioning_0,SlipPartitioning,CoNi-AM90_SEM-DIC_EBSD_SlipPartitioning,gt,gt,homography,none,0,1309,1493,13333,13333,20,20,20,homography,"[0.043629935732641345, -0.0011280983342365177, 626.9684160059335, 0.00010897232853597402, 0.040520597479191615, 210.34223204900883, 5.155928196907577e-08, -9.629345308315801e-07, 1.0]",1.541,1.411,0.00,ok,
eval_CoNi-AM90_SEM-DIC_EBSD_SlipPartitioning_0#6,eval_CoNi-AM90_SEM-DIC_EBSD_SlipPartitioning_0,SlipPartitioning,CoNi-AM90_SEM-DIC_EBSD_SlipPartitioning,gt,gt,affine,none,0,1309,1493,13333,13333,20,20,20,affine,"[0.04387322038540675, -0.00024708301100635766, 625.0994030987115, 9.77280236617827e-05, 0.041183961449752796, 209.53418784414757, 0.0, 0.0, 1.0]",1.617,1.360,0.00,ok,
eval_CoNi-AM90_SEM-DIC_EBSD_SlipPartitioning_0#7,eval_CoNi-AM90_SEM-DIC_EBSD_SlipPartitioning_0,SlipPartitioning,CoNi-AM90_SEM-DIC_EBSD_SlipPartitioning,gt,gt,homography,none,0,1309,1493,13333,13333,20,20,20,homography,"[0.043629935732641345, -0.0011280983342365177, 626.9684160059335, 0.00010897232853597402, 0.040520597479191615, 210.34223204900883, 5.155928196907577e-08, -9.629345308315801e-07, 1.0]",1.541,1.411,0.00,ok,
eval_CoNi-AM90_SEM-DIC_EBSD_SlipPartitioning_0#7,eval_CoNi-AM90_SEM-DIC_EBSD_SlipPartitioning_0,SlipPartitioning,CoNi-AM90_SEM-DIC_EBSD_SlipPartitioning,gt,gt,affine,none,0,1309,1493,13333,13333,20,20,20,affine,"[0.04387322038540675, -0.00024708301100635766, 625.0994030987115, 9.77280236617827e-05, 0.041183961449752796, 209.53418784414757, 0.0, 0.0, 1.0]",1.617,1.360,0.00,ok,
eval_CoNi-AM90_SEM-DIC_EBSD_SlipPartitioning_0#8,eval_CoNi-AM90_SEM-DIC_EBSD_SlipPartitioning_0,SlipPartitioning,CoNi-AM90_SEM-DIC_EBSD_SlipPartitioning,gt,gt,homography,none,0,1309,1493,13333,13333,20,20,20,homography,"[0.043629935732641345, -0.0011280983342365177, 626.9684160059335, 0.00010897232853597402, 0.040520597479191615, 210.34223204900883, 5.155928196907577e-08, -9.629345308315801e-07, 1.0]",1.541,1.411,0.00,ok,
eval_CoNi-AM90_SEM-DIC_EBSD_SlipPartitioning_0#8,eval_CoNi-AM90_SEM-DIC_EBSD_SlipPartitioning_0,SlipPartitioning,CoNi-AM90_SEM-DIC_EBSD_SlipPartitioning,gt,gt,affine,none,0,1309,1493,13333,13333,20,20,20,affine,"[0.04387322038540675, -0.00024708301100635766, 625.0994030987115, 9.77280236617827e-05, 0.041183961449752796, 209.53418784414757, 0.0, 0.0, 1.0]",1.617,1.360,0.00,ok,
eval_CoNi-AM90_SEM-DIC_EBSD_SlipPartitioning_0#9,eval_CoNi-AM90_SEM-DIC_EBSD_SlipPartitioning_0,SlipPartitioning,CoNi-AM90_SEM-DIC_EBSD_SlipPartitioning,gt,gt,homography,none,0,1309,1493,13333,13333,20,20,20,homography,"[0.043629935732641345, -0.0011280983342365177, 626.9684160059335, 0.00010897232853597402, 0.040520597479191615, 210.34223204900883, 5.155928196907577e-08, -9.629345308315801e-07, 1.0]",1.541,1.411,0.00,ok,
eval_CoNi-AM90_SEM-DIC_EBSD_SlipPartitioning_0#9,eval_CoNi-AM90_SEM-DIC_EBSD_SlipPartitioning_0,SlipPartitioning,CoNi-AM90_SEM-DIC_EBSD_SlipPartitioning,gt,gt,affine,none,0,1309,1493,13333,13333,20,20,20,affine,"[0.04387322038540675, -0.00024708301100635766, 625.0994030987115, 9.77280236617827e-05, 0.041183961449752796, 209.53418784414757, 0.0, 0.0, 1.0]",1.617,1.360,0.00,ok,
eval_CoNi-AM90_SEM-DIC_EBSD_SlipPartitioning_0#10,eval_CoNi-AM90_SEM-DIC_EBSD_SlipPartitioning_0,SlipPartitioning,CoNi-AM90_SEM-DIC_EBSD_SlipPartitioning,gt,gt,homography,none,0,1309,1493,13333,13333,20,20,20,homography,"[0.043629935732641345, -0.0011280983342365177, 626.9684160059335, 0.00010897232853597402, 0.040520597479191615, 210.34223204900883, 5.155928196907577e-08, -9.629345308315801e-07, 1.0]",1.541,1.411,0.00,ok,
eval_CoNi-AM90_SEM-DIC_EBSD_SlipPartitioning_0#10,eval_CoNi-AM90_SEM-DIC_EBSD_SlipPartitioning_0,SlipPartitioning,CoNi-AM90_SEM-DIC_EBSD_SlipPartitioning,gt,gt,affine,none,0,1309,1493,13333,13333,20,20,20,affine,"[0.04387322038540675, -0.00024708301100635766, 625.0994030987115, 9.77280236617827e-05, 0.041183961449752796, 209.53418784414757, 0.0, 0.0, 1.0]",1.617,1.360,0.00,ok,
eval_CoNi-AM90_SEM-DIC_EBSD_SlipPartitioning_0#11,eval_CoNi-AM90_SEM-DIC_EBSD_SlipPartitioning_0,SlipPartitioning,CoNi-AM90_SEM-DIC_EBSD_SlipPartitioning,gt,gt,homography,none,0,1309,1493,13333,13333,20,20,20,homography,"[0.043629935732641345, -0.0011280983342365177, 626.9684160059335, 0.00010897232853597402, 0.040520597479191615, 210.34223204900883, 5.155928196907577e-08, -9.629345308315801e-07, 1.0]",1.541,1.411,0.00,ok,
eval_CoNi-AM90_SEM-DIC_EBSD_SlipPartitioning_0#11,eval_CoNi-AM90_SEM-DIC_EBSD_SlipPartitioning_0,SlipPartitioning,CoNi-AM90_SEM-DIC_EBSD_SlipPartitioning,gt,gt,affine,none,0,1309,1493,13333,13333,20,20,20,affine,"[0.04387322038540675, -0.00024708301100635766, 625.0994030987115, 9.77280236617827e-05, 0.041183961449752796, 209.53418784414757, 0.0, 0.0, 1.0]",1.617,1.360,0.00,ok,
eval_CoNi-AM90_SEM-DIC_EBSD_SlipPartitioning_0#12,eval_CoNi-AM90_SEM-DIC_EBSD_SlipPartitioning_0,SlipPartitioning,CoNi-AM90_SEM-DIC_EBSD_SlipPartitioning,gt,gt,homography,none,0,1309,1493,13333,13333,20,20,20,homography,"[0.043629935732641345, -0.0011280983342365177, 626.9684160059335, 0.00010897232853597402, 0.040520597479191615, 210.34223204900883, 5.155928196907577e-08, -9.629345308315801e-07, 1.0]",1.541,1.411,0.00,ok,
eval_CoNi-AM90_SEM-DIC_EBSD_SlipPartitioning_0#12,eval_CoNi-AM90_SEM-DIC_EBSD_SlipPartitioning_0,SlipPartitioning,CoNi-AM90_SEM-DIC_EBSD_SlipPartitioning,gt,gt,affine,none,0,1309,1493,13333,13333,20,20,20,affine,"[0.04387322038540675, -0.00024708301100635766, 625.0994030987115, 9.77280236617827e-05, 0.041183961449752796, 209.53418784414757, 0.0, 0.0, 1.0]",1.617,1.360,0.00,ok,
eval_CoNi-AM90_SEM-DIC_EBSD_SlipPartitioning_0#13,eval_CoNi-AM90_SEM-DIC_EBSD_SlipPartitioning_0,SlipPartitioning,CoNi-AM90_SEM-DIC_EBSD_SlipPartitioning,gt,gt,homography,none,0,1309,1493,13333,13333,20,20,20,homography,"[0.043629935732641345, -0.0011280983342365177, 626.9684160059335, 0.00010897232853597402, 0.040520597479191615, 210.34223204900883, 5.155928196907577e-08, -9.629345308315801e-07, 1.0]",1.541,1.411,0.00,ok,
eval_CoNi-AM90_SEM-DIC_EBSD_SlipPartitioning_0#13,eval_CoNi-AM90_SEM-DIC_EBSD_SlipPartitioning_0,SlipPartitioning,CoNi-AM90_SEM-DIC_EBSD_SlipPartitioning,gt,gt,affine,none,0,1309,1493,13333,13333,20,20,20,affine,"[0.04387322038540675, -0.00024708301100635766, 625.0994030987115, 9.77280236617827e-05, 0.041183961449752796, 209.53418784414757, 0.0, 0.0, 1.0]",1.617,1.360,0.00,ok,
eval_CoNi-AM90_SEM-DIC_EBSD_SlipPartitioning_0#14,eval_CoNi-AM90_SEM-DIC_EBSD_SlipPartitioning_0,SlipPartitioning,CoNi-AM90_SEM-DIC_EBSD_SlipPartitioning,gt,gt,homography,none,0,1309,1493,13333,13333,20,20,20,homography,"[0.043629935732641345, -0.0011280983342365177, 626.9684160059335, 0.00010897232853597402, 0.040520597479191615, 210.34223204900883, 5.155928196907577e-08, -9.629345308315801e-07, 1.0]",1.541,1.411,0.00,ok,
eval_CoNi-AM90_SEM-DIC_EBSD_SlipPartitioning_0#14,eval_CoNi-AM90_SEM-DIC_EBSD_SlipPartitioning_0,SlipPartitioning,CoNi-AM90_SEM-DIC_EBSD_SlipPartitioning,gt,gt,affine,none,0,1309,1493,13333,13333,20,20,20,affine,"[0.04387322038540675, -0.00024708301100635766, 625.0994030987115, 9.77280236617827e-05, 0.041183961449752796, 209.53418784414757, 0.0, 0.0, 1.0]",1.617,1.360,0.00,ok,
eval_CoNi-AM90_SEM-DIC_EBSD_SlipPartitioning_0#15,eval_CoNi-AM90_SEM-DIC_EBSD_SlipPartitioning_0,SlipPartitioning,CoNi-AM90_SEM-DIC_EBSD_SlipPartitioning,gt,gt,homography,none,0,1309,1493,13333,13333,20,20,20,homography,"[0.043629935732641345, -0.0011280983342365177, 626.9684160059335, 0.00010897232853597402, 0.040520597479191615, 210.34223204900883, 5.155928196907577e-08, -9.629345308315801e-07, 1.0]",1.541,1.411,0.00,ok,
eval_CoNi-AM90_SEM-DIC_EBSD_SlipPartitioning_0#15,eval_CoNi-AM90_SEM-DIC_EBSD_SlipPartitioning_0,SlipPartitioning,CoNi-AM90_SEM-DIC_EBSD_SlipPartitioning,gt,gt,affine,none,0,1309,1493,13333,13333,20,20,20,affine,"[0.04387322038540675, -0.00024708301100635766, 625.0994030987115, 9.77280236617827e-05, 0.041183961449752796, 209.53418784414757, 0.0, 0.0, 1.0]",1.617,1.360,0.00,ok,
eval_CoNi-AM90_SEM-DIC_EBSD_SlipPartitioning_0#16,eval_CoNi-AM90_SEM-DIC_EBSD_SlipPartitioning_0,SlipPartitioning,CoNi-AM90_SEM-DIC_EBSD_SlipPartitioning,gt,gt,homography,none,0,1309,1493,13333,13333,20,20,20,homography,"[0.043629935732641345, -0.0011280983342365177, 626.9684160059335, 0.00010897232853597402, 0.040520597479191615, 210.34223204900883, 5.155928196907577e-08, -9.629345308315801e-07, 1.0]",1.541,1.411,0.00,ok,
eval_CoNi-AM90_SEM-DIC_EBSD_SlipPartitioning_0#16,eval_CoNi-AM90_SEM-DIC_EBSD_SlipPartitioning_0,SlipPartitioning,CoNi-AM90_SEM-DIC_EBSD_SlipPartitioning,gt,gt,affine,none,0,1309,1493,13333,13333,20,20,20,affine,"[0.04387322038540675, -0.00024708301100635766, 625.0994030987115, 9.77280236617827e-05, 0.041183961449752796, 209.53418784414757, 0.0, 0.0, 1.0]",1.617,1.360,0.00,ok,
eval_CoNi-AM90_SEM-DIC_EBSD_SlipPartitioning_0#17,eval_CoNi-AM90_SEM-DIC_EBSD_SlipPartitioning_0,SlipPartitioning,CoNi-AM90_SEM-DIC_EBSD_SlipPartitioning,gt,gt,homography,none,0,1309,1493,13333,13333,20,20,20,homography,"[0.043629935732641345, -0.0011280983342365177, 626.9684160059335, 0.00010897232853597402, 0.040520597479191615, 210.34223204900883, 5.155928196907577e-08, -9.629345308315801e-07, 1.0]",1.541,1.411,0.00,ok,
eval_CoNi-AM90_SEM-DIC_EBSD_SlipPartitioning_0#17,eval_CoNi-AM90_SEM-DIC_EBSD_SlipPartitioning_0,SlipPartitioning,CoNi-AM90_SEM-DIC_EBSD_SlipPartitioning,gt,gt,affine,none,0,1309,1493,13333,13333,20,20,20,affine,"[0.04387322038540675, -0.00024708301100635766, 625.0994030987115, 9.77280236617827e-05, 0.041183961449752796, 209.53418784414757, 0.0, 0.0, 1.0]",1.617,1.360,0.00,ok,
eval_CoNi-AM90_SEM-DIC_EBSD_SlipPartitioning_0#18,eval_CoNi-AM90_SEM-DIC_EBSD_SlipPartitioning_0,SlipPartitioning,CoNi-AM90_SEM-DIC_EBSD_SlipPartitioning,gt,gt,homography,none,0,1309,1493,13333,13333,20,20,20,homography,"[0.043629935732641345, -0.0011280983342365177, 626.9684160059335, 0.00010897232853597402, 0.040520597479191615, 210.34223204900883, 5.155928196907577e-08, -9.629345308315801e-07, 1.0]",1.541,1.411,0.00,ok,
eval_CoNi-AM90_SEM-DIC_EBSD_SlipPartitioning_0#18,eval_CoNi-AM90_SEM-DIC_EBSD_SlipPartitioning_0,SlipPartitioning,CoNi-AM90_SEM-DIC_EBSD_SlipPartitioning,gt,gt,affine,none,0,1309,1493,13333,13333,20,20,20,affine,"[0.04387322038540675, -0.00024708301100635766, 625.0994030987115, 9.77280236617827e-05, 0.041183961449752796, 209.53418784414757, 0.0, 0.0, 1.0]",1.617,1.360,0.00,ok,
eval_CoNi-AM90_SEM-DIC_EBSD_SlipPartitioning_0#19,eval_CoNi-AM90_SEM-DIC_EBSD_SlipPartitioning_0,SlipPartitioning,CoNi-AM90_SEM-DIC_EBSD_SlipPartitioning,gt,gt,homography,none,0,1309,1493,13333,13333,20,20,20,homography,"[0.043629935732641345, -0.0011280983342365177, 626.9684160059335, 0.00010897232853597402, 0.040520597479191615, 210.34223204900883, 5.155928196907577e-08, -9.629345308315801e-07, 1.0]",1.541,1.411,0.00,ok,
eval_CoNi-AM90_SEM-DIC_EBSD_SlipPartitioning_0#19,eval_CoNi-AM90_SEM-DIC_EBSD_SlipPartitioning_0,SlipPartitioning,CoNi-AM90_SEM-DIC_EBSD_SlipPartitioning,gt,gt,affine,none,0,1309,1493,13333,13333,20,20,20,affine,"[0.04387322038540675, -0.00024708301100635766, 625.0994030987115, 9.77280236617827e-05, 0.041183961449752796, 209.53418784414757, 0.0, 0.0, 1.0]",1.617,1.360,0.00,ok,
eval_CoNi-AM90_SEM-DIC_EBSD_SlipPartitioning_0#20,eval_CoNi-AM90_SEM-DIC_EBSD_SlipPartitioning_0,SlipPartitioning,CoNi-AM90_SEM-DIC_EBSD_SlipPartitioning,gt,gt,homography,none,0,1309,1493,13333,13333,20,20,20,homography,"[0.043629935732641345, -0.0011280983342365177, 626.9684160059335, 0.00010897232853597402, 0.040520597479191615, 210.34223204900883, 5.155928196907577e-08, -9.629345308315801e-07, 1.0]",1.541,1.411,0.00,ok,
eval_CoNi-AM90_SEM-DIC_EBSD_SlipPartitioning_0#20,eval_CoNi-AM90_SEM-DIC_EBSD_SlipPartitioning_0,SlipPartitioning,CoNi-AM90_SEM-DIC_EBSD_SlipPartitioning,gt,gt,affine,none,0,1309,1493,13333,13333,20,20,20,affine,"[0.04387322038540675, -0.00024708301100635766, 625.0994030987115, 9.77280236617827e-05, 0.041183961449752796, 209.53418784414757, 0.0, 0.0, 1.0]",1.617,1.360,0.00,ok,
eval_CoNi-AM90_SEM-DIC_EBSD_SlipPartitioning_0#21,eval_CoNi-AM90_SEM-DIC_EBSD_SlipPartitioning_0,SlipPartitioning,CoNi-AM90_SEM-DIC_EBSD_SlipPartitioning,gt,gt,homography,none,0,1309,1493,13333,13333,20,20,20,homography,"[0.043629935732641345, -0.0011280983342365177, 626.9684160059335, 0.00010897232853597402, 0.040520597479191615, 210.34223204900883, 5.155928196907577e-08, -9.629345308315801e-07, 1.0]",1.541,1.411,0.00,ok,
eval_CoNi-AM90_SEM-DIC_EBSD_SlipPartitioning_0#21,eval_CoNi-AM90_SEM-DIC_EBSD_SlipPartitioning_0,SlipPartitioning,CoNi-AM90_SEM-DIC_EBSD_SlipPartitioning,gt,gt,affine,none,0,1309,1493,13333,13333,20,20,20,affine,"[0.04387322038540675, -0.00024708301100635766, 625.0994030987115, 9.77280236617827e-05, 0.041183961449752796, 209.53418784414757, 0.0, 0.0, 1.0]",1.617,1.360,0.00,ok,
eval_CoNi-AM90_SEM-DIC_EBSD_SlipPartitioning_0#22,eval_CoNi-AM90_SEM-DIC_EBSD_SlipPartitioning_0,SlipPartitioning,CoNi-AM90_SEM-DIC_EBSD_SlipPartitioning,gt,gt,homography,none,0,1309,1493,13333,13333,20,20,20,homography,"[0.043629935732641345, -0.0011280983342365177, 626.9684160059335, 0.00010897232853597402, 0.040520597479191615, 210.34223204900883, 5.155928196907577e-08, -9.629345308315801e-07, 1.0]",1.541,1.411,0.00,ok,
eval_CoNi-AM90_SEM-DIC_EBSD_SlipPartitioning_0#22,eval_CoNi-AM90_SEM-DIC_EBSD_SlipPartitioning_0,SlipPartitioning,CoNi-AM90_SEM-DIC_EBSD_SlipPartitioning,gt,gt,affine,none,0,1309,1493,13333,13333,20,20,20,affine,"[0.04387322038540675, -0.00024708301100635766, 625.0994030987115, 9.77280236617827e-05, 0.041183961449752796, 209.53418784414757, 0.0, 0.0, 1.0]",1.617,1.360,0.00,ok,
eval_CoNi-AM90_SEM-DIC_EBSD_SlipPartitioning_0#23,eval_CoNi-AM90_SEM-DIC_EBSD_SlipPartitioning_0,SlipPartitioning,CoNi-AM90_SEM-DIC_EBSD_SlipPartitioning,gt,gt,homography,none,0,1309,1493,13333,13333,20,20,20,homography,"[0.043629935732641345, -0.0011280983342365177, 626.9684160059335, 0.00010897232853597402, 0.040520597479191615, 210.34223204900883, 5.155928196907577e-08, -9.629345308315801e-07, 1.0]",1.541,1.411,0.00,ok,
eval_CoNi-AM90_SEM-DIC_EBSD_SlipPartitioning_0#23,eval_CoNi-AM90_SEM-DIC_EBSD_SlipPartitioning_0,SlipPartitioning,CoNi-AM90_SEM-DIC_EBSD_SlipPartitioning,gt,gt,affine,none,0,1309,1493,13333,13333,20,20,20,affine,"[0.04387322038540675, -0.00024708301100635766, 625.0994030987115, 9.77280236617827e-05, 0.041183961449752796, 209.53418784414757, 0.0, 0.0, 1.0]",1.617,1.360,0.00,ok,
eval_CoNi-AM90_SEM-DIC_EBSD_SlipPartitioning_0#24,eval_CoNi-AM90_SEM-DIC_EBSD_SlipPartitioning_0,SlipPartitioning,CoNi-AM90_SEM-DIC_EBSD_SlipPartitioning,gt,gt,homography,none,0,1309,1493,13333,13333,20,20,20,homography,"[0.043629935732641345, -0.0011280983342365177, 626.9684160059335, 0.00010897232853597402, 0.040520597479191615, 210.34223204900883, 5.155928196907577e-08, -9.629345308315801e-07, 1.0]",1.541,1.411,0.00,ok,
eval_CoNi-AM90_SEM-DIC_EBSD_SlipPartitioning_0#24,eval_CoNi-AM90_SEM-DIC_EBSD_SlipPartitioning_0,SlipPartitioning,CoNi-AM90_SEM-DIC_EBSD_SlipPartitioning,gt,gt,affine,none,0,1309,1493,13333,13333,20,20,20,affine,"[0.04387322038540675, -0.00024708301100635766, 625.0994030987115, 9.77280236617827e-05, 0.041183961449752796, 209.53418784414757, 0.0, 0.0, 1.0]",1.617,1.360,0.00,ok,
eval_CoNi-AM90_SEM-DIC_EBSD_SlipPartitioning_0#25,eval_CoNi-AM90_SEM-DIC_EBSD_SlipPartitioning_0,SlipPartitioning,CoNi-AM90_SEM-DIC_EBSD_SlipPartitioning,gt,gt,homography,none,0,1309,1493,13333,13333,20,20,20,homography,"[0.043629935732641345, -0.0011280983342365177, 626.9684160059335, 0.00010897232853597402, 0.040520597479191615, 210.34223204900883, 5.155928196907577e-08, -9.629345308315801e-07, 1.0]",1.541,1.411,0.00,ok,
eval_CoNi-AM90_SEM-DIC_EBSD_SlipPartitioning_0#25,eval_CoNi-AM90_SEM-DIC_EBSD_SlipPartitioning_0,SlipPartitioning,CoNi-AM90_SEM-DIC_EBSD_SlipPartitioning,gt,gt,affine,none,0,1309,1493,13333,13333,20,20,20,affine,"[0.04387322038540675, -0.00024708301100635766, 625.0994030987115, 9.77280236617827e-05, 0.041183961449752796, 209.53418784414757, 0.0, 0.0, 1.0]",1.617,1.360,0.00,ok,
eval_CoNi-AM90_SEM-DIC_EBSD_SlipPartitioning_0#26,eval_CoNi-AM90_SEM-DIC_EBSD_SlipPartitioning_0,SlipPartitioning,CoNi-AM90_SEM-DIC_EBSD_SlipPartitioning,gt,gt,homography,none,0,1309,1493,13333,13333,20,20,20,homography,"[0.043629935732641345, -0.0011280983342365177, 626.9684160059335, 0.00010897232853597402, 0.040520597479191615, 210.34223204900883, 5.155928196907577e-08, -9.629345308315801e-07, 1.0]",1.541,1.411,0.00,ok,
eval_CoNi-AM90_SEM-DIC_EBSD_SlipPartitioning_0#26,eval_CoNi-AM90_SEM-DIC_EBSD_SlipPartitioning_0,SlipPartitioning,CoNi-AM90_SEM-DIC_EBSD_SlipPartitioning,gt,gt,affine,none,0,1309,1493,13333,13333,20,20,20,affine,"[0.04387322038540675, -0.00024708301100635766, 625.0994030987115, 9.77280236617827e-05, 0.041183961449752796, 209.53418784414757, 0.0, 0.0, 1.0]",1.617,1.360,0.00,ok,
eval_CoNi-AM90_SEM-EBSD_SameSlice_0#0,eval_CoNi-AM90_SEM-EBSD_SameSlice_0,SameSlice,CoNi-AM90_SEM-EBSD_SameSlice,gt,gt,homography,none,0,1309,1493,12148,13089,47,47,47,homography,"[0.1144007342291043, -0.001337162102375956, -0.9651693115256206, -0.0003601335382339743, 0.10724714097781703, -42.56516121804092, -1.3607540593925206e-07, -5.519963449928536e-07, 0.9999999999999999]",1.808,1.795,0.00,ok,
eval_CoNi-AM90_SEM-EBSD_SameSlice_0#0,eval_CoNi-AM90_SEM-EBSD_SameSlice_0,SameSlice,CoNi-AM90_SEM-EBSD_SameSlice,gt,gt,affine,none,0,1309,1493,12148,13089,47,47,47,affine,"[0.11501849304750644, -0.000904777624526574, -4.317309417064371, -0.0002472128612229413, 0.10807437039301367, -45.004860695015175, 0.0, 0.0, 1.0]",2.019,1.996,0.00,ok,
eval_CoNi-AM90_SEM-EBSD_SameSlice_0#1,eval_CoNi-AM90_SEM-EBSD_SameSlice_0,SameSlice,CoNi-AM90_SEM-EBSD_SameSlice,gt,gt,homography,none,0,1309,1493,12148,13089,47,47,47,homography,"[0.1144007342291043, -0.001337162102375956, -0.9651693115256206, -0.0003601335382339743, 0.10724714097781703, -42.56516121804092, -1.3607540593925206e-07, -5.519963449928536e-07, 0.9999999999999999]",1.808,1.795,0.00,ok,
eval_CoNi-AM90_SEM-EBSD_SameSlice_0#1,eval_CoNi-AM90_SEM-EBSD_SameSlice_0,SameSlice,CoNi-AM90_SEM-EBSD_SameSlice,gt,gt,affine,none,0,1309,1493,12148,13089,47,47,47,affine,"[0.11501849304750644, -0.000904777624526574, -4.317309417064371, -0.0002472128612229413, 0.10807437039301367, -45.004860695015175, 0.0, 0.0, 1.0]",2.019,1.996,0.00,ok,
eval_CoNi-AM90_SEM-EBSD_SameSlice_0#2,eval_CoNi-AM90_SEM-EBSD_SameSlice_0,SameSlice,CoNi-AM90_SEM-EBSD_SameSlice,gt,gt,homography,none,0,1309,1493,12148,13089,47,47,47,homography,"[0.1144007342291043, -0.001337162102375956, -0.9651693115256206, -0.0003601335382339743, 0.10724714097781703, -42.56516121804092, -1.3607540593925206e-07, -5.519963449928536e-07, 0.9999999999999999]",1.808,1.795,0.00,ok,
eval_CoNi-AM90_SEM-EBSD_SameSlice_0#2,eval_CoNi-AM90_SEM-EBSD_SameSlice_0,SameSlice,CoNi-AM90_SEM-EBSD_SameSlice,gt,gt,affine,none,0,1309,1493,12148,13089,47,47,47,affine,"[0.11501849304750644, -0.000904777624526574, -4.317309417064371, -0.0002472128612229413, 0.10807437039301367, -45.004860695015175, 0.0, 0.0, 1.0]",2.019,1.996,0.00,ok,
eval_CoNi-AM90_SEM-EBSD_SameSlice_0#3,eval_CoNi-AM90_SEM-EBSD_SameSlice_0,SameSlice,CoNi-AM90_SEM-EBSD_SameSlice,gt,gt,homography,none,0,1309,1493,12148,13089,47,47,47,homography,"[0.1144007342291043, -0.001337162102375956, -0.9651693115256206, -0.0003601335382339743, 0.10724714097781703, -42.56516121804092, -1.3607540593925206e-07, -5.519963449928536e-07, 0.9999999999999999]",1.808,1.795,0.00,ok,
eval_CoNi-AM90_SEM-EBSD_SameSlice_0#3,eval_CoNi-AM90_SEM-EBSD_SameSlice_0,SameSlice,CoNi-AM90_SEM-EBSD_SameSlice,gt,gt,affine,none,0,1309,1493,12148,13089,47,47,47,affine,"[0.11501849304750644, -0.000904777624526574, -4.317309417064371, -0.0002472128612229413, 0.10807437039301367, -45.004860695015175, 0.0, 0.0, 1.0]",2.019,1.996,0.00,ok,
eval_CoNi-AM90_SEM-EBSD_SameSlice_0#4,eval_CoNi-AM90_SEM-EBSD_SameSlice_0,SameSlice,CoNi-AM90_SEM-EBSD_SameSlice,gt,gt,homography,none,0,1309,1493,12148,13089,47,47,47,homography,"[0.1144007342291043, -0.001337162102375956, -0.9651693115256206, -0.0003601335382339743, 0.10724714097781703, -42.56516121804092, -1.3607540593925206e-07, -5.519963449928536e-07, 0.9999999999999999]",1.808,1.795,0.00,ok,
eval_CoNi-AM90_SEM-EBSD_SameSlice_0#4,eval_CoNi-AM90_SEM-EBSD_SameSlice_0,SameSlice,CoNi-AM90_SEM-EBSD_SameSlice,gt,gt,affine,none,0,1309,1493,12148,13089,47,47,47,affine,"[0.11501849304750644, -0.000904777624526574, -4.317309417064371, -0.0002472128612229413, 0.10807437039301367, -45.004860695015175, 0.0, 0.0, 1.0]",2.019,1.996,0.00,ok,
eval_CoNi-AM90_SEM-EBSD_SameSlice_0#5,eval_CoNi-AM90_SEM-EBSD_SameSlice_0,SameSlice,CoNi-AM90_SEM-EBSD_SameSlice,gt,gt,homography,none,0,1309,1493,12148,13089,47,47,47,homography,"[0.1144007342291043, -0.001337162102375956, -0.9651693115256206, -0.0003601335382339743, 0.10724714097781703, -42.56516121804092, -1.3607540593925206e-07, -5.519963449928536e-07, 0.9999999999999999]",1.808,1.795,0.00,ok,
eval_CoNi-AM90_SEM-EBSD_SameSlice_0#5,eval_CoNi-AM90_SEM-EBSD_SameSlice_0,SameSlice,CoNi-AM90_SEM-EBSD_SameSlice,gt,gt,affine,none,0,1309,1493,12148,13089,47,47,47,affine,"[0.11501849304750644, -0.000904777624526574, -4.317309417064371, -0.0002472128612229413, 0.10807437039301367, -45.004860695015175, 0.0, 0.0, 1.0]",2.019,1.996,0.00,ok,
eval_CoNi_SEM-SE_SEM-BSE_Cracks-SameSliceSerialSectioning_0#0,eval_CoNi_SEM-SE_SEM-BSE_Cracks-SameSliceSerialSectioning_0,SerialSectioning,CoNi_SEM-SE_SEM-BSE_Cracks-SameSliceSerialSectioning,gt,gt,homography,none,0,2048,3072,1024,1536,61,61,61,homography,"[1.8547927942788065, 0.004918715745124842, 109.80476601970288, -0.027815930002077598, 2.0736509585422676, 73.86635675343501, -8.884532689327756e-07, 1.5974448160650908e-06, 1.0]",4.989,4.894,0.00,ok,
eval_CoNi_SEM-SE_SEM-BSE_Cracks-SameSliceSerialSectioning_0#0,eval_CoNi_SEM-SE_SEM-BSE_Cracks-SameSliceSerialSectioning_0,SerialSectioning,CoNi_SEM-SE_SEM-BSE_Cracks-SameSliceSerialSectioning,gt,gt,affine,none,0,2048,3072,1024,1536,61,61,61,affine,"[1.85582320838503, 0.002267375148372608, 110.31515875581724, -0.02694083800061084, 2.07162076451185, 73.87099767282969, 0.0, 0.0, 1.0]",4.984,4.461,0.00,ok,
eval_In718-PrecipitationStrengthened_SEM-BSE_EBSD_SameSliceSerialSectioning_0#0,eval_In718-PrecipitationStrengthened_SEM-BSE_EBSD_SameSliceSerialSectioning_0,SerialSectioning,In718-PrecipitationStrengthened_SEM-BSE_EBSD_SameSliceSerialSectioning,gt,gt,homography,none,0,4096,6144,451,671,22,22,22,homography,"[5.287366370219657, 0.20378740854377944, 1867.1584844977124, -0.4351221361944239, 5.6162081677648255, 338.9928097129645, -2.536666659830179e-05, 3.918669931773717e-05, 1.0]",17.461,13.777,0.00,ok,
eval_In718-PrecipitationStrengthened_SEM-BSE_EBSD_SameSliceSerialSectioning_0#0,eval_In718-PrecipitationStrengthened_SEM-BSE_EBSD_SameSliceSerialSectioning_0,SerialSectioning,In718-PrecipitationStrengthened_SEM-BSE_EBSD_SameSliceSerialSectioning,gt,gt,affine,none,0,4096,6144,451,671,22,22,22,affine,"[5.384458570229225, 0.07307539830762089, 1865.7300909699045, -0.39767400717348766, 5.541702732835293, 340.0113432345417, 0.0, 0.0, 1.0]",17.644,13.772,0.00,ok,
eval_In718-PrecipitationStrengthened_SEM-BSE_EBSD_SameSliceSerialSectioning_1#0,eval_In718-PrecipitationStrengthened_SEM-BSE_EBSD_SameSliceSerialSectioning_1,SerialSectioning,In718-PrecipitationStrengthened_SEM-BSE_EBSD_SameSliceSerialSectioning,gt,gt,homography,none,0,4096,6144,451,671,33,33,33,homography,"[5.653977832448106, 0.34907922820330856, 1839.71580442194, -0.33877571598445433, 5.81342768313605, 278.61104815288337, 3.912506563494616e-05, 8.703932530332794e-05, 1.0]",18.200,16.573,0.00,ok,
eval_In718-PrecipitationStrengthened_SEM-BSE_EBSD_SameSliceSerialSectioning_1#0,eval_In718-PrecipitationStrengthened_SEM-BSE_EBSD_SameSliceSerialSectioning_1,SerialSectioning,In718-PrecipitationStrengthened_SEM-BSE_EBSD_SameSliceSerialSectioning,gt,gt,affine,none,0,4096,6144,451,671,33,33,33,affine,"[5.340372526391266, 0.039774237320649775, 1888.0100127235353, -0.37466667930321446, 5.509036229806182, 306.75645663399604, 0.0, 0.0, 1.0]",19.941,15.939,0.00,ok,
eval_In718-PrecipitationStrengthened_SEM-BSE_EBSD_SameSliceSerialSectioning_2#0,eval_In718-PrecipitationStrengthened_SEM-BSE_EBSD_SameSliceSerialSectioning_2,SerialSectioning,In718-PrecipitationStrengthened_SEM-BSE_EBSD_SameSliceSerialSectioning,gt,gt,homography,none,0,4096,6144,451,671,46,46,46,homography,"[5.443082683956662, 0.0972328285357694, 1866.6908209232763, -0.37292464453038177, 5.546901721969471, 305.7410626849381, 1.7584141502041543e-05, 5.25730805569055e-06, 1.0]",16.099,12.250,0.00,ok,
eval_In718-PrecipitationStrengthened_SEM-BSE_EBSD_SameSliceSerialSectioning_2#0,eval_In718-PrecipitationStrengthened_SEM-BSE_EBSD_SameSliceSerialSectioning_2,SerialSectioning,In718-PrecipitationStrengthened_SEM-BSE_EBSD_SameSliceSerialSectioning,gt,gt,affine,none,0,4096,6144,451,671,46,46,46,affine,"[5.338007598681483, 0.08153975690881943, 1876.664481508973, -0.3961977168095876, 5.502133642321656, 312.91259609758885, 0.0, 0.0, 1.0]",16.392,12.612,0.00,ok,
eval_In718-PrecipitationStrengthened_SEM-BSE_EBSD_SameSliceSerialSectioning_3#0,eval_In718-PrecipitationStrengthened_SEM-BSE_EBSD_SameSliceSerialSectioning_3,SerialSectioning,In718-PrecipitationStrengthened_SEM-BSE_EBSD_SameSliceSerialSectioning,gt,gt,homography,none,0,4096,6144,451,671,44,44,44,homography,"[5.563697056697829, 0.22879294419130292, 1836.2910458654655, -0.3426105238431538, 5.677575242396666, 300.53422636391684, 2.2036798436374183e-05, 4.82962595731104e-05, 1.0]",12.814,10.396,0.00,ok,
eval_In718-PrecipitationStrengthened_SEM-BSE_EBSD_SameSliceSerialSectioning_3#0,eval_In718-PrecipitationStrengthened_SEM-BSE_EBSD_SameSliceSerialSectioning_3,SerialSectioning,In718-PrecipitationStrengthened_SEM-BSE_EBSD_SameSliceSerialSectioning,gt,gt,affine,none,0,4096,6144,451,671,44,44,44,affine,"[5.376277015877822, 0.05813856814987872, 1866.714116037882, -0.3690691772055722, 5.494742764394724, 320.95751944009004, 0.0, 0.0, 1.0]",14.067,11.511,0.00,ok,
eval_In718-PrecipitationStrengthened_SEM-DIC_EBSD_SlipPartitioning_0#0,eval_In718-PrecipitationStrengthened_SEM-DIC_EBSD_SlipPartitioning_0,SlipPartitioning,In718-PrecipitationStrengthened_SEM-DIC_EBSD_SlipPartitioning,gt,gt,homography,none,0,526,549,9058,9052,56,56,56,homography,"[0.09672715364215032, -0.002462823706170775, -103.98293175269548, 0.0015601845089326185, 0.10318663376620046, -35.274217023059315, -8.629701158163317e-07, -1.588052486781075e-06, 1.0]",2.575,2.529,0.00,ok,
eval_In718-PrecipitationStrengthened_SEM-DIC_EBSD_SlipPartitioning_0#0,eval_In718-PrecipitationStrengthened_SEM-DIC_EBSD_SlipPartitioning_0,SlipPartitioning,In718-PrecipitationStrengthened_SEM-DIC_EBSD_SlipPartitioning,gt,gt,affine,none,0,526,549,9058,9052,56,56,56,affine,"[0.09768069901969491, -0.0020149740461372564, -106.73614354891286, 0.0018119326520403924, 0.10438590214470227, -37.26510458416135, 0.0, 0.0, 1.0]",2.586,2.382,0.00,ok,
eval_In718-PrecipitationStrengthened_SEM-DIC_EBSD_SlipPartitioning_0#1,eval_In718-PrecipitationStrengthened_SEM-DIC_EBSD_SlipPartitioning_0,SlipPartitioning,In718-PrecipitationStrengthened_SEM-DIC_EBSD_SlipPartitioning,gt,gt,homography,none,0,526,549,9058,9052,56,56,56,homography,"[0.09672715364215032, -0.002462823706170775, -103.98293175269548, 0.0015601845089326185, 0.10318663376620046, -35.274217023059315, -8.629701158163317e-07, -1.588052486781075e-06, 1.0]",2.575,2.529,0.00,ok,
eval_In718-PrecipitationStrengthened_SEM-DIC_EBSD_SlipPartitioning_0#1,eval_In718-PrecipitationStrengthened_SEM-DIC_EBSD_SlipPartitioning_0,SlipPartitioning,In718-PrecipitationStrengthened_SEM-DIC_EBSD_SlipPartitioning,gt,gt,affine,none,0,526,549,9058,9052,56,56,56,affine,"[0.09768069901969491, -0.0020149740461372564, -106.73614354891286, 0.0018119326520403924, 0.10438590214470227, -37.26510458416135, 0.0, 0.0, 1.0]",2.586,2.382,0.00,ok,
eval_In718-PrecipitationStrengthened_SEM-DIC_EBSD_SlipPartitioning_0#2,eval_In718-PrecipitationStrengthened_SEM-DIC_EBSD_SlipPartitioning_0,SlipPartitioning,In718-PrecipitationStrengthened_SEM-DIC_EBSD_SlipPartitioning,gt,gt,homography,none,0,526,549,9058,9052,56,56,56,homography,"[0.09672715364215032, -0.002462823706170775, -103.98293175269548, 0.0015601845089326185, 0.10318663376620046, -35.274217023059315, -8.629701158163317e-07, -1.588052486781075e-06, 1.0]",2.575,2.529,0.00,ok,
eval_In718-PrecipitationStrengthened_SEM-DIC_EBSD_SlipPartitioning_0#2,eval_In718-PrecipitationStrengthened_SEM-DIC_EBSD_SlipPartitioning_0,SlipPartitioning,In718-PrecipitationStrengthened_SEM-DIC_EBSD_SlipPartitioning,gt,gt,affine,none,0,526,549,9058,9052,56,56,56,affine,"[0.09768069901969491, -0.0020149740461372564, -106.73614354891286, 0.0018119326520403924, 0.10438590214470227, -37.26510458416135, 0.0, 0.0, 1.0]",2.586,2.382,0.00,ok,
eval_In718-PrecipitationStrengthened_SEM-DIC_EBSD_SlipPartitioning_0#3,eval_In718-PrecipitationStrengthened_SEM-DIC_EBSD_SlipPartitioning_0,SlipPartitioning,In718-PrecipitationStrengthened_SEM-DIC_EBSD_SlipPartitioning,gt,gt,homography,none,0,526,549,9058,9052,56,56,56,homography,"[0.09672715364215032, -0.002462823706170775, -103.98293175269548, 0.0015601845089326185, 0.10318663376620046, -35.274217023059315, -8.629701158163317e-07, -1.588052486781075e-06, 1.0]",2.575,2.529,0.00,ok,
eval_In718-PrecipitationStrengthened_SEM-DIC_EBSD_SlipPartitioning_0#3,eval_In718-PrecipitationStrengthened_SEM-DIC_EBSD_SlipPartitioning_0,SlipPartitioning,In718-PrecipitationStrengthened_SEM-DIC_EBSD_SlipPartitioning,gt,gt,affine,none,0,526,549,9058,9052,56,56,56,affine,"[0.09768069901969491, -0.0020149740461372564, -106.73614354891286, 0.0018119326520403924, 0.10438590214470227, -37.26510458416135, 0.0, 0.0, 1.0]",2.586,2.382,0.00,ok,
eval_In718-SolutionStrengthened_SEM-SE_EBSD_SameSliceSerialSectioning_0#0,eval_In718-SolutionStrengthened_SEM-SE_EBSD_SameSliceSerialSectioning_0,SerialSectioning,In718-SolutionStrengthened_SEM-SE_EBSD_SameSliceSerialSectioning,gt,gt,homography,none,0,1024,1536,1536,1024,20,20,20,homography,"[-0.0010325287096265383, -0.9997894237615089, 1529.50932926233, 0.9929694771653738, -0.004035056202911128, 3.379634593559283, -1.7901777248195138e-06, -5.928763149874392e-06, 1.0]",1.883,1.867,0.00,ok,
eval_In718-SolutionStrengthened_SEM-SE_EBSD_SameSliceSerialSectioning_0#0,eval_In718-SolutionStrengthened_SEM-SE_EBSD_SameSliceSerialSectioning_0,SerialSectioning,In718-SolutionStrengthened_SEM-SE_EBSD_SameSliceSerialSectioning,gt,gt,affine,none,0,1024,1536,1536,1024,20,20,20,affine,"[-4.75728972740026e-05, -1.000462427297778, 1533.198327872208, 0.999513489306941, -0.0012288710539665366, 0.8267994926248308, 0.0, 0.0, 1.0]",1.975,1.920,0.00,ok,
eval_In718-SolutionStrengthened_SEM-SE_EBSD_SameSliceSerialSectioning_0#1,eval_In718-SolutionStrengthened_SEM-SE_EBSD_SameSliceSerialSectioning_0,SerialSectioning,In718-SolutionStrengthened_SEM-SE_EBSD_SameSliceSerialSectioning,gt,gt,homography,none,0,433,512,1536,1024,39,39,39,homography,"[0.004059890095548721, 0.5343705923014953, -137.52895097165344, -0.36962453594450034, 0.0271058784444264, 385.849710229455, 6.653578084105106e-05, 2.1999935955028552e-05, 1.0]",2.572,2.615,0.00,ok,
eval_In718-SolutionStrengthened_SEM-SE_EBSD_SameSliceSerialSectioning_0#1,eval_In718-SolutionStrengthened_SEM-SE_EBSD_SameSliceSerialSectioning_0,SerialSectioning,In718-SolutionStrengthened_SEM-SE_EBSD_SameSliceSerialSectioning,gt,gt,affine,none,0,433,512,1536,1024,39,39,39,affine,"[-0.010836311252717327, 0.5049809750625764, -121.044686308615, -0.3660068961807635, 0.020746976958361807, 380.0964958352258, 0.0, 0.0, 1.0]",3.696,4.042,0.00,ok,
eval_In718-SolutionStrengthened_SEM-SE_EBSD_SameSliceSerialSectioning_0#2,eval_In718-SolutionStrengthened_SEM-SE_EBSD_SameSliceSerialSectioning_0,SerialSectioning,In718-SolutionStrengthened_SEM-SE_EBSD_SameSliceSerialSectioning,gt,gt,homography,none,0,433,512,1536,1024,39,39,39,homography,"[0.004059890095548721, 0.5343705923014953, -137.52895097165344, -0.36962453594450034, 0.0271058784444264, 385.849710229455, 6.653578084105106e-05, 2.1999935955028552e-05, 1.0]",2.572,2.615,0.00,ok,
eval_In718-SolutionStrengthened_SEM-SE_EBSD_SameSliceSerialSectioning_0#2,eval_In718-SolutionStrengthened_SEM-SE_EBSD_SameSliceSerialSectioning_0,SerialSectioning,In718-SolutionStrengthened_SEM-SE_EBSD_SameSliceSerialSectioning,gt,gt,affine,none,0,433,512,1536,1024,39,39,39,affine,"[-0.010836311252717327, 0.5049809750625764, -121.044686308615, -0.3660068961807635, 0.020746976958361807, 380.0964958352258, 0.0, 0.0, 1.0]",3.696,4.042,0.00,ok,
eval_In718-SolutionStrengthened_SEM-SE_EBSD_SameSliceSerialSectioning_0#3,eval_In718-SolutionStrengthened_SEM-SE_EBSD_SameSliceSerialSectioning_0,SerialSectioning,In718-SolutionStrengthened_SEM-SE_EBSD_SameSliceSerialSectioning,gt,gt,homography,none,0,433,512,1536,1024,39,39,39,homography,"[0.004059890095548721, 0.5343705923014953, -137.52895097165344, -0.36962453594450034, 0.0271058784444264, 385.849710229455, 6.653578084105106e-05, 2.1999935955028552e-05, 1.0]",2.572,2.615,0.00,ok,
eval_In718-SolutionStrengthened_SEM-SE_EBSD_SameSliceSerialSectioning_0#3,eval_In718-SolutionStrengthened_SEM-SE_EBSD_SameSliceSerialSectioning_0,SerialSectioning,In718-SolutionStrengthened_SEM-SE_EBSD_SameSliceSerialSectioning,gt,gt,affine,none,0,433,512,1536,1024,39,39,39,affine,"[-0.010836311252717327, 0.5049809750625764, -121.044686308615, -0.3660068961807635, 0.020746976958361807, 380.0964958352258, 0.0, 0.0, 1.0]",3.696,4.042,0.00,ok,
eval_In718-SolutionStrengthened_SEM-SE_EBSD_SameSliceSerialSectioning_1#0,eval_In718-SolutionStrengthened_SEM-SE_EBSD_SameSliceSerialSectioning_1,SerialSectioning,In718-SolutionStrengthened_SEM-SE_EBSD_SameSliceSerialSectioning,gt,gt,homography,none,0,1024,1536,433,512,26,26,26,homography,"[1.969302675760673, 0.07852538637600222, 247.4236036553606, -0.16818912483617318, 2.8736842440579267, -30.544180363347877, -8.351067011946711e-05, 0.00018996825012770899, 1.0]",6.196,5.718,0.00,ok,
eval_In718-SolutionStrengthened_SEM-SE_EBSD_SameSliceSerialSectioning_1#0,eval_In718-SolutionStrengthened_SEM-SE_EBSD_SameSliceSerialSectioning_1,SerialSectioning,In718-SolutionStrengthened_SEM-SE_EBSD_SameSliceSerialSectioning,gt,gt,affine,none,0,1024,1536,433,512,26,26,26,affine,"[1.993492182339687, -0.055085464835910924, 257.4062638337169, -0.11914816081197824, 2.7196334486591414, -25.420080237816077, 0.0, 0.0, 1.0]",8.783,8.812,0.00,ok,
eval_In718-SolutionStrengthened_SEM-SE_EBSD_SameSliceSerialSectioning_1#1,eval_In718-SolutionStrengthened_SEM-SE_EBSD_SameSliceSerialSectioning_1,SerialSectioning,In718-SolutionStrengthened_SEM-SE_EBSD_SameSliceSerialSectioning,gt,gt,homography,none,0,1024,1536,433,512,26,26,26,homography,"[1.969302675760673, 0.07852538637600222, 247.4236036553606, -0.16818912483617318, 2.8736842440579267, -30.544180363347877, -8.351067011946711e-05, 0.00018996825012770899, 1.0]",6.196,5.718,0.00,ok,
eval_In718-SolutionStrengthened_SEM-SE_EBSD_SameSliceSerialSectioning_1#1,eval_In718-SolutionStrengthened_SEM-SE_EBSD_SameSliceSerialSectioning_1,SerialSectioning,In718-SolutionStrengthened_SEM-SE_EBSD_SameSliceSerialSectioning,gt,gt,affine,none,0,1024,1536,433,512,26,26,26,affine,"[1.993492182339687, -0.055085464835910924, 257.4062638337169, -0.11914816081197824, 2.7196334486591414, -25.420080237816077, 0.0, 0.0, 1.0]",8.783,8.812,0.00,ok,
eval_In718-SolutionStrengthened_SEM-SE_EBSD_SameSliceSerialSectioning_2#0,eval_In718-SolutionStrengthened_SEM-SE_EBSD_SameSliceSerialSectioning_2,SerialSectioning,In718-SolutionStrengthened_SEM-SE_EBSD_SameSliceSerialSectioning,gt,gt,homography,none,0,1024,1536,433,512,44,44,44,homography,"[2.0227206940245486, 0.08199592556930892, 246.4638417529852, -0.13371479005422232, 2.9060357735228544, -38.76635967827831, -3.0344133856882196e-05, 0.0001859806232557831, 1.0]",7.899,7.299,0.00,ok,
eval_In718-SolutionStrengthened_SEM-SE_EBSD_SameSliceSerialSectioning_2#0,eval_In718-SolutionStrengthened_SEM-SE_EBSD_SameSliceSerialSectioning_2,SerialSectioning,In718-SolutionStrengthened_SEM-SE_EBSD_SameSliceSerialSectioning,gt,gt,affine,none,0,1024,1536,433,512,44,44,44,affine,"[1.9920703018810635, -0.04963994016107698, 259.4114884076844, -0.11384021362932653, 2.7232217614401457, -26.832122575839826, 0.0, 0.0, 1.0]",9.940,9.244,0.00,ok,
eval_In718-SolutionStrengthened_SEM-SE_EBSD_SameSliceSerialSectioning_2#1,eval_In718-SolutionStrengthened_SEM-SE_EBSD_SameSliceSerialSectioning_2,SerialSectioning,In718-SolutionStrengthened_SEM-SE_EBSD_SameSliceSerialSectioning,gt,gt,homography,none,0,1024,1536,433,512,44,44,44,homography,"[2.0227206940245486, 0.08199592556930892, 246.4638417529852, -0.13371479005422232, 2.9060357735228544, -38.76635967827831, -3.0344133856882196e-05, 0.0001859806232557831, 1.0]",7.899,7.299,0.00,ok,
eval_In718-SolutionStrengthened_SEM-SE_EBSD_SameSliceSerialSectioning_2#1,eval_In718-SolutionStrengthened_SEM-SE_EBSD_SameSliceSerialSectioning_2,SerialSectioning,In718-SolutionStrengthened_SEM-SE_EBSD_SameSliceSerialSectioning,gt,gt,affine,none,0,1024,1536,433,512,44,44,44,affine,"[1.9920703018810635, -0.04963994016107698, 259.4114884076844, -0.11384021362932653, 2.7232217614401457, -26.832122575839826, 0.0, 0.0, 1.0]",9.940,9.244,0.00,ok,
eval_In718-SolutionStrengthened_SEM-SE_EBSD_SameSliceSerialSectioning_3#0,eval_In718-SolutionStrengthened_SEM-SE_EBSD_SameSliceSerialSectioning_3,SerialSectioning,In718-SolutionStrengthened_SEM-SE_EBSD_SameSliceSerialSectioning,gt,gt,homography,none,0,1024,1536,433,512,53,53,53,homography,"[2.0161140672044704, 0.11694043873189824, 248.4096502898942, -0.16740251202809187, 2.939610834459231, -32.167250861461845, -5.2843648925714476e-05, 0.0002267253747229762, 1.0]",7.372,6.824,0.00,ok,
eval_In718-SolutionStrengthened_SEM-SE_EBSD_SameSliceSerialSectioning_3#0,eval_In718-SolutionStrengthened_SEM-SE_EBSD_SameSliceSerialSectioning_3,SerialSectioning,In718-SolutionStrengthened_SEM-SE_EBSD_SameSliceSerialSectioning,gt,gt,affine,none,0,1024,1536,433,512,53,53,53,affine,"[1.9996868646617936, -0.04238174429562913, 262.01455717153044, -0.1374249078250034, 2.7232398519037075, -19.835373062169236, 0.0, 0.0, 1.0]",10.094,8.838,0.00,ok,
eval_In718-SolutionStrengthened_SEM-SE_EBSD_SameSliceSerialSectioning_3#1,eval_In718-SolutionStrengthened_SEM-SE_EBSD_SameSliceSerialSectioning_3,SerialSectioning,In718-SolutionStrengthened_SEM-SE_EBSD_SameSliceSerialSectioning,gt,gt,homography,none,0,1024,1536,433,512,53,53,53,homography,"[2.0161140672044704, 0.11694043873189824, 248.4096502898942, -0.16740251202809187, 2.939610834459231, -32.167250861461845, -5.2843648925714476e-05, 0.0002267253747229762, 1.0]",7.372,6.824,0.00,ok,
eval_In718-SolutionStrengthened_SEM-SE_EBSD_SameSliceSerialSectioning_3#1,eval_In718-SolutionStrengthened_SEM-SE_EBSD_SameSliceSerialSectioning_3,SerialSectioning,In718-SolutionStrengthened_SEM-SE_EBSD_SameSliceSerialSectioning,gt,gt,affine,none,0,1024,1536,433,512,53,53,53,affine,"[1.9996868646617936, -0.04238174429562913, 262.01455717153044, -0.1374249078250034, 2.7232398519037075, -19.835373062169236, 0.0, 0.0, 1.0]",10.094,8.838,0.00,ok,
eval_MoTaTiZrHf-HEA-DDRX-1100C_TEM_DislocationCharacterization_0#0,eval_MoTaTiZrHf-HEA-DDRX-1100C_TEM_DislocationCharacterization_0,DislocationCharacterization,MoTaTiZrHf-HEA-DDRX-1100C_TEM_DislocationCharacterization,gt,gt,homography,none,0,2192,2048,2192,2048,24,24,24,homography,"[0.9678730698340822, -0.06241344838279574, 79.03764790869228, -0.003824398761422366, 0.9928174872001225, -40.49065934193806, -3.1137010442041437e-06, 1.1126773246594843e-06, 1.0]",12.975,11.174,0.00,ok,
eval_MoTaTiZrHf-HEA-DDRX-1100C_TEM_DislocationCharacterization_0#0,eval_MoTaTiZrHf-HEA-DDRX-1100C_TEM_DislocationCharacterization_0,DislocationCharacterization,MoTaTiZrHf-HEA-DDRX-1100C_TEM_DislocationCharacterization,gt,gt,affine,none,0,2192,2048,2192,2048,24,24,24,affine,"[0.9733278858828193, -0.0638616714869304, 77.99868717883639, 3.103852722714598e-05, 0.9941786097365987, -44.41838396209379, 0.0, 0.0, 1.0]",13.000,10.261,0.00,ok,
eval_MoTaTiZrHf-HEA-DDRX-1100C_TEM_DislocationCharacterization_0#1,eval_MoTaTiZrHf-HEA-DDRX-1100C_TEM_DislocationCharacterization_0,DislocationCharacterization,MoTaTiZrHf-HEA-DDRX-1100C_TEM_DislocationCharacterization,gt,gt,homography,none,0,2192,2048,2192,2048,24,24,24,homography,"[0.9678730698340822, -0.06241344838279574, 79.03764790869228, -0.003824398761422366, 0.9928174872001225, -40.49065934193806, -3.1137010442041437e-06, 1.1126773246594843e-06, 1.0]",12.975,11.174,0.00,ok,
eval_MoTaTiZrHf-HEA-DDRX-1100C_TEM_DislocationCharacterization_0#1,eval_MoTaTiZrHf-HEA-DDRX-1100C_TEM_DislocationCharacterization_0,DislocationCharacterization,MoTaTiZrHf-HEA-DDRX-1100C_TEM_DislocationCharacterization,gt,gt,affine,none,0,2192,2048,2192,2048,24,24,24,affine,"[0.9733278858828193, -0.0638616714869304, 77.99868717883639, 3.103852722714598e-05, 0.9941786097365987, -44.41838396209379, 0.0, 0.0, 1.0]",13.000,10.261,0.00,ok,
eval_MoTaTiZrHf-HEA-DDRX-1100C_TEM_DislocationCharacterization_0#2,eval_MoTaTiZrHf-HEA-DDRX-1100C_TEM_DislocationCharacterization_0,DislocationCharacterization,MoTaTiZrHf-HEA-DDRX-1100C_TEM_DislocationCharacterization,gt,gt,homography,none,0,2192,2048,2192,2048,24,24,24,homography,"[0.9678730698340822, -0.06241344838279574, 79.03764790869228, -0.003824398761422366, 0.9928174872001225, -40.49065934193806, -3.1137010442041437e-06, 1.1126773246594843e-06, 1.0]",12.975,11.174,0.00,ok,
eval_MoTaTiZrHf-HEA-DDRX-1100C_TEM_DislocationCharacterization_0#2,eval_MoTaTiZrHf-HEA-DDRX-1100C_TEM_DislocationCharacterization_0,DislocationCharacterization,MoTaTiZrHf-HEA-DDRX-1100C_TEM_DislocationCharacterization,gt,gt,affine,none,0,2192,2048,2192,2048,24,24,24,affine,"[0.9733278858828193, -0.0638616714869304, 77.99868717883639, 3.103852722714598e-05, 0.9941786097365987, -44.41838396209379, 0.0, 0.0, 1.0]",13.000,10.261,0.00,ok,
eval_MoTaTiZrHf-HEA-DDRX-1100C_TEM_DislocationCharacterization_0#3,eval_MoTaTiZrHf-HEA-DDRX-1100C_TEM_DislocationCharacterization_0,DislocationCharacterization,MoTaTiZrHf-HEA-DDRX-1100C_TEM_DislocationCharacterization,gt,gt,homography,none,0,2192,2048,2192,2048,24,24,24,homography,"[0.9678730698340822, -0.06241344838279574, 79.03764790869228, -0.003824398761422366, 0.9928174872001225, -40.49065934193806, -3.1137010442041437e-06, 1.1126773246594843e-06, 1.0]",12.975,11.174,0.00,ok,
eval_MoTaTiZrHf-HEA-DDRX-1100C_TEM_DislocationCharacterization_0#3,eval_MoTaTiZrHf-HEA-DDRX-1100C_TEM_DislocationCharacterization_0,DislocationCharacterization,MoTaTiZrHf-HEA-DDRX-1100C_TEM_DislocationCharacterization,gt,gt,affine,none,0,2192,2048,2192,2048,24,24,24,affine,"[0.9733278858828193, -0.0638616714869304, 77.99868717883639, 3.103852722714598e-05, 0.9941786097365987, -44.41838396209379, 0.0, 0.0, 1.0]",13.000,10.261,0.00,ok,
eval_MoTaTiZrHf-HEA-DDRX-1100C_TEM_DislocationCharacterization_0#4,eval_MoTaTiZrHf-HEA-DDRX-1100C_TEM_DislocationCharacterization_0,DislocationCharacterization,MoTaTiZrHf-HEA-DDRX-1100C_TEM_DislocationCharacterization,gt,gt,homography,none,0,2192,2048,2192,2048,17,17,17,homography,"[0.9894879904788478, -0.04325329601695075, 30.10672063291989, 0.009576539159778838, 0.9770951777620197, -144.75204803450052, 3.845381564667703e-06, 2.017950932922933e-06, 1.0]",8.488,9.193,0.00,ok,
eval_MoTaTiZrHf-HEA-DDRX-1100C_TEM_DislocationCharacterization_0#4,eval_MoTaTiZrHf-HEA-DDRX-1100C_TEM_DislocationCharacterization_0,DislocationCharacterization,MoTaTiZrHf-HEA-DDRX-1100C_TEM_DislocationCharacterization,gt,gt,affine,none,0,2192,2048,2192,2048,17,17,17,affine,"[0.9786362810461315, -0.04495645902017956, 35.52151719113487, 0.004401865717656729, 0.969660103190326, -138.42290815733722, 0.0, 0.0, 1.0]",8.883,9.793,0.00,ok,
eval_MoTaTiZrHf-HEA-DDRX-1100C_TEM_DislocationCharacterization_0#5,eval_MoTaTiZrHf-HEA-DDRX-1100C_TEM_DislocationCharacterization_0,DislocationCharacterization,MoTaTiZrHf-HEA-DDRX-1100C_TEM_DislocationCharacterization,gt,gt,homography,none,0,2192,2048,2192,2048,17,17,17,homography,"[0.9894879904788478, -0.04325329601695075, 30.10672063291989, 0.009576539159778838, 0.9770951777620197, -144.75204803450052, 3.845381564667703e-06, 2.017950932922933e-06, 1.0]",8.488,9.193,0.00,ok,
eval_MoTaTiZrHf-HEA-DDRX-1100C_TEM_DislocationCharacterization_0#5,eval_MoTaTiZrHf-HEA-DDRX-1100C_TEM_DislocationCharacterization_0,DislocationCharacterization,MoTaTiZrHf-HEA-DDRX-1100C_TEM_DislocationCharacterization,gt,gt,affine,none,0,2192,2048,2192,2048,17,17,17,affine,"[0.9786362810461315, -0.04495645902017956, 35.52151719113487, 0.004401865717656729, 0.969660103190326, -138.42290815733722, 0.0, 0.0, 1.0]",8.883,9.793,0.00,ok,
eval_MoTaTiZrHf-HEA-DDRX-1100C_TEM_DislocationCharacterization_0#6,eval_MoTaTiZrHf-HEA-DDRX-1100C_TEM_DislocationCharacterization_0,DislocationCharacterization,MoTaTiZrHf-HEA-DDRX-1100C_TEM_DislocationCharacterization,gt,gt,homography,none,0,2192,2048,2192,2048,17,17,17,homography,"[0.9894879904788478, -0.04325329601695075, 30.10672063291989, 0.009576539159778838, 0.9770951777620197, -144.75204803450052, 3.845381564667703e-06, 2.017950932922933e-06, 1.0]",8.488,9.193,0.00,ok,
eval_MoTaTiZrHf-HEA-DDRX-1100C_TEM_DislocationCharacterization_0#6,eval_MoTaTiZrHf-HEA-DDRX-1100C_TEM_DislocationCharacterization_0,DislocationCharacterization,MoTaTiZrHf-HEA-DDRX-1100C_TEM_DislocationCharacterization,gt,gt,affine,none,0,2192,2048,2192,2048,17,17,17,affine,"[0.9786362810461315, -0.04495645902017956, 35.52151719113487, 0.004401865717656729, 0.969660103190326, -138.42290815733722, 0.0, 0.0, 1.0]",8.883,9.793,0.00,ok,
eval_MoTaTiZrHf-HEA-DDRX-1100C_TEM_DislocationCharacterization_0#7,eval_MoTaTiZrHf-HEA-DDRX-1100C_TEM_DislocationCharacterization_0,DislocationCharacterization,MoTaTiZrHf-HEA-DDRX-1100C_TEM_DislocationCharacterization,gt,gt,homography,none,0,2192,2048,2192,2048,17,17,17,homography,"[0.9894879904788478, -0.04325329601695075, 30.10672063291989, 0.009576539159778838, 0.9770951777620197, -144.75204803450052, 3.845381564667703e-06, 2.017950932922933e-06, 1.0]",8.488,9.193,0.00,ok,
eval_MoTaTiZrHf-HEA-DDRX-1100C_TEM_DislocationCharacterization_0#7,eval_MoTaTiZrHf-HEA-DDRX-1100C_TEM_DislocationCharacterization_0,DislocationCharacterization,MoTaTiZrHf-HEA-DDRX-1100C_TEM_DislocationCharacterization,gt,gt,affine,none,0,2192,2048,2192,2048,17,17,17,affine,"[0.9786362810461315, -0.04495645902017956, 35.52151719113487, 0.004401865717656729, 0.969660103190326, -138.42290815733722, 0.0, 0.0, 1.0]",8.883,9.793,0.00,ok,
eval_MoTaTiZrHf-HEA-DDRX-1100C_TEM_DislocationCharacterization_0#8,eval_MoTaTiZrHf-HEA-DDRX-1100C_TEM_DislocationCharacterization_0,DislocationCharacterization,MoTaTiZrHf-HEA-DDRX-1100C_TEM_DislocationCharacterization,gt,gt,homography,none,0,2192,2048,2192,2048,24,24,24,homography,"[0.9678730698340822, -0.06241344838279574, 79.03764790869228, -0.003824398761422366, 0.9928174872001225, -40.49065934193806, -3.1137010442041437e-06, 1.1126773246594843e-06, 1.0]",12.975,11.174,0.00,ok,
eval_MoTaTiZrHf-HEA-DDRX-1100C_TEM_DislocationCharacterization_0#8,eval_MoTaTiZrHf-HEA-DDRX-1100C_TEM_DislocationCharacterization_0,DislocationCharacterization,MoTaTiZrHf-HEA-DDRX-1100C_TEM_DislocationCharacterization,gt,gt,affine,none,0,2192,2048,2192,2048,24,24,24,affine,"[0.9733278858828193, -0.0638616714869304, 77.99868717883639, 3.103852722714598e-05, 0.9941786097365987, -44.41838396209379, 0.0, 0.0, 1.0]",13.000,10.261,0.00,ok,
eval_MoTaTiZrHf-HEA-DDRX-1100C_TEM_DislocationCharacterization_0#9,eval_MoTaTiZrHf-HEA-DDRX-1100C_TEM_DislocationCharacterization_0,DislocationCharacterization,MoTaTiZrHf-HEA-DDRX-1100C_TEM_DislocationCharacterization,gt,gt,homography,none,0,2192,2048,2192,2048,24,24,24,homography,"[0.9678730698340822, -0.06241344838279574, 79.03764790869228, -0.003824398761422366, 0.9928174872001225, -40.49065934193806, -3.1137010442041437e-06, 1.1126773246594843e-06, 1.0]",12.975,11.174,0.00,ok,
eval_MoTaTiZrHf-HEA-DDRX-1100C_TEM_DislocationCharacterization_0#9,eval_MoTaTiZrHf-HEA-DDRX-1100C_TEM_DislocationCharacterization_0,DislocationCharacterization,MoTaTiZrHf-HEA-DDRX-1100C_TEM_DislocationCharacterization,gt,gt,affine,none,0,2192,2048,2192,2048,24,24,24,affine,"[0.9733278858828193, -0.0638616714869304, 77.99868717883639, 3.103852722714598e-05, 0.9941786097365987, -44.41838396209379, 0.0, 0.0, 1.0]",13.000,10.261,0.00,ok,
eval_MoTaTiZrHf-HEA-DDRX-1100C_TEM_DislocationCharacterization_0#10,eval_MoTaTiZrHf-HEA-DDRX-1100C_TEM_DislocationCharacterization_0,DislocationCharacterization,MoTaTiZrHf-HEA-DDRX-1100C_TEM_DislocationCharacterization,gt,gt,homography,none,0,2192,2048,2192,2048,24,24,24,homography,"[0.9678730698340822, -0.06241344838279574, 79.03764790869228, -0.003824398761422366, 0.9928174872001225, -40.49065934193806, -3.1137010442041437e-06, 1.1126773246594843e-06, 1.0]",12.975,11.174,0.00,ok,
eval_MoTaTiZrHf-HEA-DDRX-1100C_TEM_DislocationCharacterization_0#10,eval_MoTaTiZrHf-HEA-DDRX-1100C_TEM_DislocationCharacterization_0,DislocationCharacterization,MoTaTiZrHf-HEA-DDRX-1100C_TEM_DislocationCharacterization,gt,gt,affine,none,0,2192,2048,2192,2048,24,24,24,affine,"[0.9733278858828193, -0.0638616714869304, 77.99868717883639, 3.103852722714598e-05, 0.9941786097365987, -44.41838396209379, 0.0, 0.0, 1.0]",13.000,10.261,0.00,ok,
eval_MoTaTiZrHf-HEA-DDRX-1100C_TEM_DislocationCharacterization_0#11,eval_MoTaTiZrHf-HEA-DDRX-1100C_TEM_DislocationCharacterization_0,DislocationCharacterization,MoTaTiZrHf-HEA-DDRX-1100C_TEM_DislocationCharacterization,gt,gt,homography,none,0,2192,2048,2192,2048,24,24,24,homography,"[0.9678730698340822, -0.06241344838279574, 79.03764790869228, -0.003824398761422366, 0.9928174872001225, -40.49065934193806, -3.1137010442041437e-06, 1.1126773246594843e-06, 1.0]",12.975,11.174,0.00,ok,
eval_MoTaTiZrHf-HEA-DDRX-1100C_TEM_DislocationCharacterization_0#11,eval_MoTaTiZrHf-HEA-DDRX-1100C_TEM_DislocationCharacterization_0,DislocationCharacterization,MoTaTiZrHf-HEA-DDRX-1100C_TEM_DislocationCharacterization,gt,gt,affine,none,0,2192,2048,2192,2048,24,24,24,affine,"[0.9733278858828193, -0.0638616714869304, 77.99868717883639, 3.103852722714598e-05, 0.9941786097365987, -44.41838396209379, 0.0, 0.0, 1.0]",13.000,10.261,0.00,ok,
eval_MoTaTiZrHf-HEA-DDRX-1100C_TEM_DislocationCharacterization_0#12,eval_MoTaTiZrHf-HEA-DDRX-1100C_TEM_DislocationCharacterization_0,DislocationCharacterization,MoTaTiZrHf-HEA-DDRX-1100C_TEM_DislocationCharacterization,gt,gt,homography,none,0,2192,2048,2192,2048,17,17,17,homography,"[0.9894879904788478, -0.04325329601695075, 30.10672063291989, 0.009576539159778838, 0.9770951777620197, -144.75204803450052, 3.845381564667703e-06, 2.017950932922933e-06, 1.0]",8.488,9.193,0.00,ok,
eval_MoTaTiZrHf-HEA-DDRX-1100C_TEM_DislocationCharacterization_0#12,eval_MoTaTiZrHf-HEA-DDRX-1100C_TEM_DislocationCharacterization_0,DislocationCharacterization,MoTaTiZrHf-HEA-DDRX-1100C_TEM_DislocationCharacterization,gt,gt,affine,none,0,2192,2048,2192,2048,17,17,17,affine,"[0.9786362810461315, -0.04495645902017956, 35.52151719113487, 0.004401865717656729, 0.969660103190326, -138.42290815733722, 0.0, 0.0, 1.0]",8.883,9.793,0.00,ok,
eval_MoTaTiZrHf-HEA-DDRX-1100C_TEM_DislocationCharacterization_0#13,eval_MoTaTiZrHf-HEA-DDRX-1100C_TEM_DislocationCharacterization_0,DislocationCharacterization,MoTaTiZrHf-HEA-DDRX-1100C_TEM_DislocationCharacterization,gt,gt,homography,none,0,2192,2048,2192,2048,17,17,17,homography,"[0.9894879904788478, -0.04325329601695075, 30.10672063291989, 0.009576539159778838, 0.9770951777620197, -144.75204803450052, 3.845381564667703e-06, 2.017950932922933e-06, 1.0]",8.488,9.193,0.00,ok,
eval_MoTaTiZrHf-HEA-DDRX-1100C_TEM_DislocationCharacterization_0#13,eval_MoTaTiZrHf-HEA-DDRX-1100C_TEM_DislocationCharacterization_0,DislocationCharacterization,MoTaTiZrHf-HEA-DDRX-1100C_TEM_DislocationCharacterization,gt,gt,affine,none,0,2192,2048,2192,2048,17,17,17,affine,"[0.9786362810461315, -0.04495645902017956, 35.52151719113487, 0.004401865717656729, 0.969660103190326, -138.42290815733722, 0.0, 0.0, 1.0]",8.883,9.793,0.00,ok,
eval_MoTaTiZrHf-HEA-DDRX-1100C_TEM_DislocationCharacterization_0#14,eval_MoTaTiZrHf-HEA-DDRX-1100C_TEM_DislocationCharacterization_0,DislocationCharacterization,MoTaTiZrHf-HEA-DDRX-1100C_TEM_DislocationCharacterization,gt,gt,homography,none,0,2192,2048,2192,2048,17,17,17,homography,"[0.9894879904788478, -0.04325329601695075, 30.10672063291989, 0.009576539159778838, 0.9770951777620197, -144.75204803450052, 3.845381564667703e-06, 2.017950932922933e-06, 1.0]",8.488,9.193,0.00,ok,
eval_MoTaTiZrHf-HEA-DDRX-1100C_TEM_DislocationCharacterization_0#14,eval_MoTaTiZrHf-HEA-DDRX-1100C_TEM_DislocationCharacterization_0,DislocationCharacterization,MoTaTiZrHf-HEA-DDRX-1100C_TEM_DislocationCharacterization,gt,gt,affine,none,0,2192,2048,2192,2048,17,17,17,affine,"[0.9786362810461315, -0.04495645902017956, 35.52151719113487, 0.004401865717656729, 0.969660103190326, -138.42290815733722, 0.0, 0.0, 1.0]",8.883,9.793,0.00,ok,
eval_MoTaTiZrHf-HEA-DDRX-1100C_TEM_DislocationCharacterization_0#15,eval_MoTaTiZrHf-HEA-DDRX-1100C_TEM_DislocationCharacterization_0,DislocationCharacterization,MoTaTiZrHf-HEA-DDRX-1100C_TEM_DislocationCharacterization,gt,gt,homography,none,0,2192,2048,2192,2048,17,17,17,homography,"[0.9894879904788478, -0.04325329601695075, 30.10672063291989, 0.009576539159778838, 0.9770951777620197, -144.75204803450052, 3.845381564667703e-06, 2.017950932922933e-06, 1.0]",8.488,9.193,0.00,ok,
eval_MoTaTiZrHf-HEA-DDRX-1100C_TEM_DislocationCharacterization_0#15,eval_MoTaTiZrHf-HEA-DDRX-1100C_TEM_DislocationCharacterization_0,DislocationCharacterization,MoTaTiZrHf-HEA-DDRX-1100C_TEM_DislocationCharacterization,gt,gt,affine,none,0,2192,2048,2192,2048,17,17,17,affine,"[0.9786362810461315, -0.04495645902017956, 35.52151719113487, 0.004401865717656729, 0.969660103190326, -138.42290815733722, 0.0, 0.0, 1.0]",8.883,9.793,0.00,ok,
eval_MoTaTiZrHf-HEA-DDRX-1100C_TEM_DislocationCharacterization_0#16,eval_MoTaTiZrHf-HEA-DDRX-1100C_TEM_DislocationCharacterization_0,DislocationCharacterization,MoTaTiZrHf-HEA-DDRX-1100C_TEM_DislocationCharacterization,gt,gt,homography,none,0,2192,2048,2192,2048,24,24,24,homography,"[0.9678730698340822, -0.06241344838279574, 79.03764790869228, -0.003824398761422366, 0.9928174872001225, -40.49065934193806, -3.1137010442041437e-06, 1.1126773246594843e-06, 1.0]",12.975,11.174,0.00,ok,
eval_MoTaTiZrHf-HEA-DDRX-1100C_TEM_DislocationCharacterization_0#16,eval_MoTaTiZrHf-HEA-DDRX-1100C_TEM_DislocationCharacterization_0,DislocationCharacterization,MoTaTiZrHf-HEA-DDRX-1100C_TEM_DislocationCharacterization,gt,gt,affine,none,0,2192,2048,2192,2048,24,24,24,affine,"[0.9733278858828193, -0.0638616714869304, 77.99868717883639, 3.103852722714598e-05, 0.9941786097365987, -44.41838396209379, 0.0, 0.0, 1.0]",13.000,10.261,0.00,ok,
eval_MoTaTiZrHf-HEA-DDRX-1100C_TEM_DislocationCharacterization_0#17,eval_MoTaTiZrHf-HEA-DDRX-1100C_TEM_DislocationCharacterization_0,DislocationCharacterization,MoTaTiZrHf-HEA-DDRX-1100C_TEM_DislocationCharacterization,gt,gt,homography,none,0,2192,2048,2192,2048,24,24,24,homography,"[0.9678730698340822, -0.06241344838279574, 79.03764790869228, -0.003824398761422366, 0.9928174872001225, -40.49065934193806, -3.1137010442041437e-06, 1.1126773246594843e-06, 1.0]",12.975,11.174,0.00,ok,
eval_MoTaTiZrHf-HEA-DDRX-1100C_TEM_DislocationCharacterization_0#17,eval_MoTaTiZrHf-HEA-DDRX-1100C_TEM_DislocationCharacterization_0,DislocationCharacterization,MoTaTiZrHf-HEA-DDRX-1100C_TEM_DislocationCharacterization,gt,gt,affine,none,0,2192,2048,2192,2048,24,24,24,affine,"[0.9733278858828193, -0.0638616714869304, 77.99868717883639, 3.103852722714598e-05, 0.9941786097365987, -44.41838396209379, 0.0, 0.0, 1.0]",13.000,10.261,0.00,ok,
eval_MoTaTiZrHf-HEA-DDRX-1100C_TEM_DislocationCharacterization_0#18,eval_MoTaTiZrHf-HEA-DDRX-1100C_TEM_DislocationCharacterization_0,DislocationCharacterization,MoTaTiZrHf-HEA-DDRX-1100C_TEM_DislocationCharacterization,gt,gt,homography,none,0,2192,2048,2192,2048,24,24,24,homography,"[0.9678730698340822, -0.06241344838279574, 79.03764790869228, -0.003824398761422366, 0.9928174872001225, -40.49065934193806, -3.1137010442041437e-06, 1.1126773246594843e-06, 1.0]",12.975,11.174,0.00,ok,
eval_MoTaTiZrHf-HEA-DDRX-1100C_TEM_DislocationCharacterization_0#18,eval_MoTaTiZrHf-HEA-DDRX-1100C_TEM_DislocationCharacterization_0,DislocationCharacterization,MoTaTiZrHf-HEA-DDRX-1100C_TEM_DislocationCharacterization,gt,gt,affine,none,0,2192,2048,2192,2048,24,24,24,affine,"[0.9733278858828193, -0.0638616714869304, 77.99868717883639, 3.103852722714598e-05, 0.9941786097365987, -44.41838396209379, 0.0, 0.0, 1.0]",13.000,10.261,0.00,ok,
eval_MoTaTiZrHf-HEA-DDRX-1100C_TEM_DislocationCharacterization_0#19,eval_MoTaTiZrHf-HEA-DDRX-1100C_TEM_DislocationCharacterization_0,DislocationCharacterization,MoTaTiZrHf-HEA-DDRX-1100C_TEM_DislocationCharacterization,gt,gt,homography,none,0,2192,2048,2192,2048,24,24,24,homography,"[0.9678730698340822, -0.06241344838279574, 79.03764790869228, -0.003824398761422366, 0.9928174872001225, -40.49065934193806, -3.1137010442041437e-06, 1.1126773246594843e-06, 1.0]",12.975,11.174,0.00,ok,
eval_MoTaTiZrHf-HEA-DDRX-1100C_TEM_DislocationCharacterization_0#19,eval_MoTaTiZrHf-HEA-DDRX-1100C_TEM_DislocationCharacterization_0,DislocationCharacterization,MoTaTiZrHf-HEA-DDRX-1100C_TEM_DislocationCharacterization,gt,gt,affine,none,0,2192,2048,2192,2048,24,24,24,affine,"[0.9733278858828193, -0.0638616714869304, 77.99868717883639, 3.103852722714598e-05, 0.9941786097365987, -44.41838396209379, 0.0, 0.0, 1.0]",13.000,10.261,0.00,ok,
eval_MoTaTiZrHf-HEA-DDRX-1100C_TEM_DislocationCharacterization_0#20,eval_MoTaTiZrHf-HEA-DDRX-1100C_TEM_DislocationCharacterization_0,DislocationCharacterization,MoTaTiZrHf-HEA-DDRX-1100C_TEM_DislocationCharacterization,gt,gt,homography,none,0,2192,2048,2192,2048,17,17,17,homography,"[0.9894879904788478, -0.04325329601695075, 30.10672063291989, 0.009576539159778838, 0.9770951777620197, -144.75204803450052, 3.845381564667703e-06, 2.017950932922933e-06, 1.0]",8.488,9.193,0.00,ok,
eval_MoTaTiZrHf-HEA-DDRX-1100C_TEM_DislocationCharacterization_0#20,eval_MoTaTiZrHf-HEA-DDRX-1100C_TEM_DislocationCharacterization_0,DislocationCharacterization,MoTaTiZrHf-HEA-DDRX-1100C_TEM_DislocationCharacterization,gt,gt,affine,none,0,2192,2048,2192,2048,17,17,17,affine,"[0.9786362810461315, -0.04495645902017956, 35.52151719113487, 0.004401865717656729, 0.969660103190326, -138.42290815733722, 0.0, 0.0, 1.0]",8.883,9.793,0.00,ok,
eval_MoTaTiZrHf-HEA-DDRX-1100C_TEM_DislocationCharacterization_0#21,eval_MoTaTiZrHf-HEA-DDRX-1100C_TEM_DislocationCharacterization_0,DislocationCharacterization,MoTaTiZrHf-HEA-DDRX-1100C_TEM_DislocationCharacterization,gt,gt,homography,none,0,2192,2048,2192,2048,17,17,17,homography,"[0.9894879904788478, -0.04325329601695075, 30.10672063291989, 0.009576539159778838, 0.9770951777620197, -144.75204803450052, 3.845381564667703e-06, 2.017950932922933e-06, 1.0]",8.488,9.193,0.00,ok,
eval_MoTaTiZrHf-HEA-DDRX-1100C_TEM_DislocationCharacterization_0#21,eval_MoTaTiZrHf-HEA-DDRX-1100C_TEM_DislocationCharacterization_0,DislocationCharacterization,MoTaTiZrHf-HEA-DDRX-1100C_TEM_DislocationCharacterization,gt,gt,affine,none,0,2192,2048,2192,2048,17,17,17,affine,"[0.9786362810461315, -0.04495645902017956, 35.52151719113487, 0.004401865717656729, 0.969660103190326, -138.42290815733722, 0.0, 0.0, 1.0]",8.883,9.793,0.00,ok,
eval_MoTaTiZrHf-HEA-DDRX-1100C_TEM_DislocationCharacterization_0#22,eval_MoTaTiZrHf-HEA-DDRX-1100C_TEM_DislocationCharacterization_0,DislocationCharacterization,MoTaTiZrHf-HEA-DDRX-1100C_TEM_DislocationCharacterization,gt,gt,homography,none,0,2192,2048,2192,2048,17,17,17,homography,"[0.9894879904788478, -0.04325329601695075, 30.10672063291989, 0.009576539159778838, 0.9770951777620197, -144.75204803450052, 3.845381564667703e-06, 2.017950932922933e-06, 1.0]",8.488,9.193,0.00,ok,
eval_MoTaTiZrHf-HEA-DDRX-1100C_TEM_DislocationCharacterization_0#22,eval_MoTaTiZrHf-HEA-DDRX-1100C_TEM_DislocationCharacterization_0,DislocationCharacterization,MoTaTiZrHf-HEA-DDRX-1100C_TEM_DislocationCharacterization,gt,gt,affine,none,0,2192,2048,2192,2048,17,17,17,affine,"[0.9786362810461315, -0.04495645902017956, 35.52151719113487, 0.004401865717656729, 0.969660103190326, -138.42290815733722, 0.0, 0.0, 1.0]",8.883,9.793,0.00,ok,
eval_MoTaTiZrHf-HEA-DDRX-1100C_TEM_DislocationCharacterization_0#23,eval_MoTaTiZrHf-HEA-DDRX-1100C_TEM_DislocationCharacterization_0,DislocationCharacterization,MoTaTiZrHf-HEA-DDRX-1100C_TEM_DislocationCharacterization,gt,gt,homography,none,0,2192,2048,2192,2048,17,17,17,homography,"[0.9894879904788478, -0.04325329601695075, 30.10672063291989, 0.009576539159778838, 0.9770951777620197, -144.75204803450052, 3.845381564667703e-06, 2.017950932922933e-06, 1.0]",8.488,9.193,0.00,ok,
eval_MoTaTiZrHf-HEA-DDRX-1100C_TEM_DislocationCharacterization_0#23,eval_MoTaTiZrHf-HEA-DDRX-1100C_TEM_DislocationCharacterization_0,DislocationCharacterization,MoTaTiZrHf-HEA-DDRX-1100C_TEM_DislocationCharacterization,gt,gt,affine,none,0,2192,2048,2192,2048,17,17,17,affine,"[0.9786362810461315, -0.04495645902017956, 35.52151719113487, 0.004401865717656729, 0.969660103190326, -138.42290815733722, 0.0, 0.0, 1.0]",8.883,9.793,0.00,ok,
eval_MoTaTiZrHf-HEA-DDRX-1100C_TEM_DislocationCharacterization_0#24,eval_MoTaTiZrHf-HEA-DDRX-1100C_TEM_DislocationCharacterization_0,DislocationCharacterization,MoTaTiZrHf-HEA-DDRX-1100C_TEM_DislocationCharacterization,gt,gt,homography,none,0,2192,2048,2192,2048,24,24,24,homography,"[0.9678730698340822, -0.06241344838279574, 79.03764790869228, -0.003824398761422366, 0.9928174872001225, -40.49065934193806, -3.1137010442041437e-06, 1.1126773246594843e-06, 1.0]",12.975,11.174,0.00,ok,
eval_MoTaTiZrHf-HEA-DDRX-1100C_TEM_DislocationCharacterization_0#24,eval_MoTaTiZrHf-HEA-DDRX-1100C_TEM_DislocationCharacterization_0,DislocationCharacterization,MoTaTiZrHf-HEA-DDRX-1100C_TEM_DislocationCharacterization,gt,gt,affine,none,0,2192,2048,2192,2048,24,24,24,affine,"[0.9733278858828193, -0.0638616714869304, 77.99868717883639, 3.103852722714598e-05, 0.9941786097365987, -44.41838396209379, 0.0, 0.0, 1.0]",13.000,10.261,0.00,ok,
eval_MoTaTiZrHf-HEA-DDRX-1100C_TEM_DislocationCharacterization_0#25,eval_MoTaTiZrHf-HEA-DDRX-1100C_TEM_DislocationCharacterization_0,DislocationCharacterization,MoTaTiZrHf-HEA-DDRX-1100C_TEM_DislocationCharacterization,gt,gt,homography,none,0,2192,2048,2192,2048,24,24,24,homography,"[0.9678730698340822, -0.06241344838279574, 79.03764790869228, -0.003824398761422366, 0.9928174872001225, -40.49065934193806, -3.1137010442041437e-06, 1.1126773246594843e-06, 1.0]",12.975,11.174,0.00,ok,
eval_MoTaTiZrHf-HEA-DDRX-1100C_TEM_DislocationCharacterization_0#25,eval_MoTaTiZrHf-HEA-DDRX-1100C_TEM_DislocationCharacterization_0,DislocationCharacterization,MoTaTiZrHf-HEA-DDRX-1100C_TEM_DislocationCharacterization,gt,gt,affine,none,0,2192,2048,2192,2048,24,24,24,affine,"[0.9733278858828193, -0.0638616714869304, 77.99868717883639, 3.103852722714598e-05, 0.9941786097365987, -44.41838396209379, 0.0, 0.0, 1.0]",13.000,10.261,0.00,ok,
eval_MoTaTiZrHf-HEA-DDRX-1100C_TEM_DislocationCharacterization_0#26,eval_MoTaTiZrHf-HEA-DDRX-1100C_TEM_DislocationCharacterization_0,DislocationCharacterization,MoTaTiZrHf-HEA-DDRX-1100C_TEM_DislocationCharacterization,gt,gt,homography,none,0,2192,2048,2192,2048,24,24,24,homography,"[0.9678730698340822, -0.06241344838279574, 79.03764790869228, -0.003824398761422366, 0.9928174872001225, -40.49065934193806, -3.1137010442041437e-06, 1.1126773246594843e-06, 1.0]",12.975,11.174,0.00,ok,
eval_MoTaTiZrHf-HEA-DDRX-1100C_TEM_DislocationCharacterization_0#26,eval_MoTaTiZrHf-HEA-DDRX-1100C_TEM_DislocationCharacterization_0,DislocationCharacterization,MoTaTiZrHf-HEA-DDRX-1100C_TEM_DislocationCharacterization,gt,gt,affine,none,0,2192,2048,2192,2048,24,24,24,affine,"[0.9733278858828193, -0.0638616714869304, 77.99868717883639, 3.103852722714598e-05, 0.9941786097365987, -44.41838396209379, 0.0, 0.0, 1.0]",13.000,10.261,0.00,ok,
eval_MoTaTiZrHf-HEA-DDRX-1100C_TEM_DislocationCharacterization_0#27,eval_MoTaTiZrHf-HEA-DDRX-1100C_TEM_DislocationCharacterization_0,DislocationCharacterization,MoTaTiZrHf-HEA-DDRX-1100C_TEM_DislocationCharacterization,gt,gt,homography,none,0,2192,2048,2192,2048,24,24,24,homography,"[0.9678730698340822, -0.06241344838279574, 79.03764790869228, -0.003824398761422366, 0.9928174872001225, -40.49065934193806, -3.1137010442041437e-06, 1.1126773246594843e-06, 1.0]",12.975,11.174,0.00,ok,
eval_MoTaTiZrHf-HEA-DDRX-1100C_TEM_DislocationCharacterization_0#27,eval_MoTaTiZrHf-HEA-DDRX-1100C_TEM_DislocationCharacterization_0,DislocationCharacterization,MoTaTiZrHf-HEA-DDRX-1100C_TEM_DislocationCharacterization,gt,gt,affine,none,0,2192,2048,2192,2048,24,24,24,affine,"[0.9733278858828193, -0.0638616714869304, 77.99868717883639, 3.103852722714598e-05, 0.9941786097365987, -44.41838396209379, 0.0, 0.0, 1.0]",13.000,10.261,0.00,ok,
eval_MoTaTiZrHf-HEA-DDRX-1100C_TEM_DislocationCharacterization_0#28,eval_MoTaTiZrHf-HEA-DDRX-1100C_TEM_DislocationCharacterization_0,DislocationCharacterization,MoTaTiZrHf-HEA-DDRX-1100C_TEM_DislocationCharacterization,gt,gt,homography,none,0,2192,2048,2192,2048,17,17,17,homography,"[0.9894879904788478, -0.04325329601695075, 30.10672063291989, 0.009576539159778838, 0.9770951777620197, -144.75204803450052, 3.845381564667703e-06, 2.017950932922933e-06, 1.0]",8.488,9.193,0.00,ok,
eval_MoTaTiZrHf-HEA-DDRX-1100C_TEM_DislocationCharacterization_0#28,eval_MoTaTiZrHf-HEA-DDRX-1100C_TEM_DislocationCharacterization_0,DislocationCharacterization,MoTaTiZrHf-HEA-DDRX-1100C_TEM_DislocationCharacterization,gt,gt,affine,none,0,2192,2048,2192,2048,17,17,17,affine,"[0.9786362810461315, -0.04495645902017956, 35.52151719113487, 0.004401865717656729, 0.969660103190326, -138.42290815733722, 0.0, 0.0, 1.0]",8.883,9.793,0.00,ok,
eval_MoTaTiZrHf-HEA-DDRX-1100C_TEM_DislocationCharacterization_0#29,eval_MoTaTiZrHf-HEA-DDRX-1100C_TEM_DislocationCharacterization_0,DislocationCharacterization,MoTaTiZrHf-HEA-DDRX-1100C_TEM_DislocationCharacterization,gt,gt,homography,none,0,2192,2048,2192,2048,17,17,17,homography,"[0.9894879904788478, -0.04325329601695075, 30.10672063291989, 0.009576539159778838, 0.9770951777620197, -144.75204803450052, 3.845381564667703e-06, 2.017950932922933e-06, 1.0]",8.488,9.193,0.00,ok,
eval_MoTaTiZrHf-HEA-DDRX-1100C_TEM_DislocationCharacterization_0#29,eval_MoTaTiZrHf-HEA-DDRX-1100C_TEM_DislocationCharacterization_0,DislocationCharacterization,MoTaTiZrHf-HEA-DDRX-1100C_TEM_DislocationCharacterization,gt,gt,affine,none,0,2192,2048,2192,2048,17,17,17,affine,"[0.9786362810461315, -0.04495645902017956, 35.52151719113487, 0.004401865717656729, 0.969660103190326, -138.42290815733722, 0.0, 0.0, 1.0]",8.883,9.793,0.00,ok,
eval_MoTaTiZrHf-HEA-DDRX-1100C_TEM_DislocationCharacterization_0#30,eval_MoTaTiZrHf-HEA-DDRX-1100C_TEM_DislocationCharacterization_0,DislocationCharacterization,MoTaTiZrHf-HEA-DDRX-1100C_TEM_DislocationCharacterization,gt,gt,homography,none,0,2192,2048,2192,2048,17,17,17,homography,"[0.9894879904788478, -0.04325329601695075, 30.10672063291989, 0.009576539159778838, 0.9770951777620197, -144.75204803450052, 3.845381564667703e-06, 2.017950932922933e-06, 1.0]",8.488,9.193,0.00,ok,
eval_MoTaTiZrHf-HEA-DDRX-1100C_TEM_DislocationCharacterization_0#30,eval_MoTaTiZrHf-HEA-DDRX-1100C_TEM_DislocationCharacterization_0,DislocationCharacterization,MoTaTiZrHf-HEA-DDRX-1100C_TEM_DislocationCharacterization,gt,gt,affine,none,0,2192,2048,2192,2048,17,17,17,affine,"[0.9786362810461315, -0.04495645902017956, 35.52151719113487, 0.004401865717656729, 0.969660103190326, -138.42290815733722, 0.0, 0.0, 1.0]",8.883,9.793,0.00,ok,
eval_MoTaTiZrHf-HEA-DDRX-1100C_TEM_DislocationCharacterization_0#31,eval_MoTaTiZrHf-HEA-DDRX-1100C_TEM_DislocationCharacterization_0,DislocationCharacterization,MoTaTiZrHf-HEA-DDRX-1100C_TEM_DislocationCharacterization,gt,gt,homography,none,0,2192,2048,2192,2048,17,17,17,homography,"[0.9894879904788478, -0.04325329601695075, 30.10672063291989, 0.009576539159778838, 0.9770951777620197, -144.75204803450052, 3.845381564667703e-06, 2.017950932922933e-06, 1.0]",8.488,9.193,0.00,ok,
eval_MoTaTiZrHf-HEA-DDRX-1100C_TEM_DislocationCharacterization_0#31,eval_MoTaTiZrHf-HEA-DDRX-1100C_TEM_DislocationCharacterization_0,DislocationCharacterization,MoTaTiZrHf-HEA-DDRX-1100C_TEM_DislocationCharacterization,gt,gt,affine,none,0,2192,2048,2192,2048,17,17,17,affine,"[0.9786362810461315, -0.04495645902017956, 35.52151719113487, 0.004401865717656729, 0.969660103190326, -138.42290815733722, 0.0, 0.0, 1.0]",8.883,9.793,0.00,ok,
eval_MoTaTiZrHf-HEA-DDRX-900C_TEM_DislocationCharacterization_0#0,eval_MoTaTiZrHf-HEA-DDRX-900C_TEM_DislocationCharacterization_0,DislocationCharacterization,MoTaTiZrHf-HEA-DDRX-900C_TEM_DislocationCharacterization,gt,gt,homography,none,0,2192,2048,2192,2048,13,13,13,homography,"[1.0755709266765705, 0.059189194808357784, -15.304926495208761, 0.05194372265933294, 1.081129490205297, -50.98138210170097, 3.353054158162368e-05, 2.6419884658936736e-05, 1.0]",29.443,31.252,0.00,ok,
eval_MoTaTiZrHf-HEA-DDRX-900C_TEM_DislocationCharacterization_0#0,eval_MoTaTiZrHf-HEA-DDRX-900C_TEM_DislocationCharacterization_0,DislocationCharacterization,MoTaTiZrHf-HEA-DDRX-900C_TEM_DislocationCharacterization,gt,gt,affine,none,0,2192,2048,2192,2048,13,13,13,affine,"[0.9697416667071154, 0.026698448809150066, 50.767929360054865, 0.012435640702267603, 1.0017784896494106, 0.4431103714434943, 0.0, 0.0, 1.0]",31.123,29.063,0.00,ok,
eval_MoTaTiZrHf-HEA-DDRX-900C_TEM_DislocationCharacterization_0#1,eval_MoTaTiZrHf-HEA-DDRX-900C_TEM_DislocationCharacterization_0,DislocationCharacterization,MoTaTiZrHf-HEA-DDRX-900C_TEM_DislocationCharacterization,gt,gt,homography,none,0,2192,2048,2192,2048,13,13,13,homography,"[1.0755709266765705, 0.059189194808357784, -15.304926495208761, 0.05194372265933294, 1.081129490205297, -50.98138210170097, 3.353054158162368e-05, 2.6419884658936736e-05, 1.0]",29.443,31.252,0.00,ok,
eval_MoTaTiZrHf-HEA-DDRX-900C_TEM_DislocationCharacterization_0#1,eval_MoTaTiZrHf-HEA-DDRX-900C_TEM_DislocationCharacterization_0,DislocationCharacterization,MoTaTiZrHf-HEA-DDRX-900C_TEM_DislocationCharacterization,gt,gt,affine,none,0,2192,2048,2192,2048,13,13,13,affine,"[0.9697416667071154, 0.026698448809150066, 50.767929360054865, 0.012435640702267603, 1.0017784896494106, 0.4431103714434943, 0.0, 0.0, 1.0]",31.123,29.063,0.00,ok,
eval_MoTaTiZrHf-HEA-DDRX-900C_TEM_DislocationCharacterization_0#2,eval_MoTaTiZrHf-HEA-DDRX-900C_TEM_DislocationCharacterization_0,DislocationCharacterization,MoTaTiZrHf-HEA-DDRX-900C_TEM_DislocationCharacterization,gt,gt,homography,none,0,2192,2048,2192,2048,13,13,13,homography,"[1.0755709266765705, 0.059189194808357784, -15.304926495208761, 0.05194372265933294, 1.081129490205297, -50.98138210170097, 3.353054158162368e-05, 2.6419884658936736e-05, 1.0]",29.443,31.252,0.00,ok,
eval_MoTaTiZrHf-HEA-DDRX-900C_TEM_DislocationCharacterization_0#2,eval_MoTaTiZrHf-HEA-DDRX-900C_TEM_DislocationCharacterization_0,DislocationCharacterization,MoTaTiZrHf-HEA-DDRX-900C_TEM_DislocationCharacterization,gt,gt,affine,none,0,2192,2048,2192,2048,13,13,13,affine,"[0.9697416667071154, 0.026698448809150066, 50.767929360054865, 0.012435640702267603, 1.0017784896494106, 0.4431103714434943, 0.0, 0.0, 1.0]",31.123,29.063,0.00,ok,
eval_MoTaTiZrHf-HEA-DDRX-900C_TEM_DislocationCharacterization_0#3,eval_MoTaTiZrHf-HEA-DDRX-900C_TEM_DislocationCharacterization_0,DislocationCharacterization,MoTaTiZrHf-HEA-DDRX-900C_TEM_DislocationCharacterization,gt,gt,homography,none,0,2192,2048,2192,2048,13,13,13,homography,"[1.0755709266765705, 0.059189194808357784, -15.304926495208761, 0.05194372265933294, 1.081129490205297, -50.98138210170097, 3.353054158162368e-05, 2.6419884658936736e-05, 1.0]",29.443,31.252,0.00,ok,
eval_MoTaTiZrHf-HEA-DDRX-900C_TEM_DislocationCharacterization_0#3,eval_MoTaTiZrHf-HEA-DDRX-900C_TEM_DislocationCharacterization_0,DislocationCharacterization,MoTaTiZrHf-HEA-DDRX-900C_TEM_DislocationCharacterization,gt,gt,affine,none,0,2192,2048,2192,2048,13,13,13,affine,"[0.9697416667071154, 0.026698448809150066, 50.767929360054865, 0.012435640702267603, 1.0017784896494106, 0.4431103714434943, 0.0, 0.0, 1.0]",31.123,29.063,0.00,ok,
eval_MoTaTiZrHf-HEA-DDRX-900C_TEM_DislocationCharacterization_0#4,eval_MoTaTiZrHf-HEA-DDRX-900C_TEM_DislocationCharacterization_0,DislocationCharacterization,MoTaTiZrHf-HEA-DDRX-900C_TEM_DislocationCharacterization,gt,gt,homography,none,0,2192,2048,2192,2048,13,13,13,homography,"[1.0755709266765705, 0.059189194808357784, -15.304926495208761, 0.05194372265933294, 1.081129490205297, -50.98138210170097, 3.353054158162368e-05, 2.6419884658936736e-05, 1.0]",29.443,31.252,0.00,ok,
eval_MoTaTiZrHf-HEA-DDRX-900C_TEM_DislocationCharacterization_0#4,eval_MoTaTiZrHf-HEA-DDRX-900C_TEM_DislocationCharacterization_0,DislocationCharacterization,MoTaTiZrHf-HEA-DDRX-900C_TEM_DislocationCharacterization,gt,gt,affine,none,0,2192,2048,2192,2048,13,13,13,affine,"[0.9697416667071154, 0.026698448809150066, 50.767929360054865, 0.012435640702267603, 1.0017784896494106, 0.4431103714434943, 0.0, 0.0, 1.0]",31.123,29.063,0.00,ok,
eval_MoTaTiZrHf-HEA-DDRX-900C_TEM_DislocationCharacterization_0#5,eval_MoTaTiZrHf-HEA-DDRX-900C_TEM_DislocationCharacterization_0,DislocationCharacterization,MoTaTiZrHf-HEA-DDRX-900C_TEM_DislocationCharacterization,gt,gt,homography,none,0,2192,2048,2192,2048,13,13,13,homography,"[1.0755709266765705, 0.059189194808357784, -15.304926495208761, 0.05194372265933294, 1.081129490205297, -50.98138210170097, 3.353054158162368e-05, 2.6419884658936736e-05, 1.0]",29.443,31.252,0.00,ok,
eval_MoTaTiZrHf-HEA-DDRX-900C_TEM_DislocationCharacterization_0#5,eval_MoTaTiZrHf-HEA-DDRX-900C_TEM_DislocationCharacterization_0,DislocationCharacterization,MoTaTiZrHf-HEA-DDRX-900C_TEM_DislocationCharacterization,gt,gt,affine,none,0,2192,2048,2192,2048,13,13,13,affine,"[0.9697416667071154, 0.026698448809150066, 50.767929360054865, 0.012435640702267603, 1.0017784896494106, 0.4431103714434943, 0.0, 0.0, 1.0]",31.123,29.063,0.00,ok,
eval_MoTaTiZrHf-HEA-DDRX-900C_TEM_DislocationCharacterization_0#6,eval_MoTaTiZrHf-HEA-DDRX-900C_TEM_DislocationCharacterization_0,DislocationCharacterization,MoTaTiZrHf-HEA-DDRX-900C_TEM_DislocationCharacterization,gt,gt,homography,none,0,2192,2048,2192,2048,13,13,13,homography,"[1.0755709266765705, 0.059189194808357784, -15.304926495208761, 0.05194372265933294, 1.081129490205297, -50.98138210170097, 3.353054158162368e-05, 2.6419884658936736e-05, 1.0]",29.443,31.252,0.00,ok,
eval_MoTaTiZrHf-HEA-DDRX-900C_TEM_DislocationCharacterization_0#6,eval_MoTaTiZrHf-HEA-DDRX-900C_TEM_DislocationCharacterization_0,DislocationCharacterization,MoTaTiZrHf-HEA-DDRX-900C_TEM_DislocationCharacterization,gt,gt,affine,none,0,2192,2048,2192,2048,13,13,13,affine,"[0.9697416667071154, 0.026698448809150066, 50.767929360054865, 0.012435640702267603, 1.0017784896494106, 0.4431103714434943, 0.0, 0.0, 1.0]",31.123,29.063,0.00,ok,
eval_MoTaTiZrHf-HEA-DDRX-900C_TEM_DislocationCharacterization_0#7,eval_MoTaTiZrHf-HEA-DDRX-900C_TEM_DislocationCharacterization_0,DislocationCharacterization,MoTaTiZrHf-HEA-DDRX-900C_TEM_DislocationCharacterization,gt,gt,homography,none,0,2192,2048,2192,2048,13,13,13,homography,"[1.0755709266765705, 0.059189194808357784, -15.304926495208761, 0.05194372265933294, 1.081129490205297, -50.98138210170097, 3.353054158162368e-05, 2.6419884658936736e-05, 1.0]",29.443,31.252,0.00,ok,
eval_MoTaTiZrHf-HEA-DDRX-900C_TEM_DislocationCharacterization_0#7,eval_MoTaTiZrHf-HEA-DDRX-900C_TEM_DislocationCharacterization_0,DislocationCharacterization,MoTaTiZrHf-HEA-DDRX-900C_TEM_DislocationCharacterization,gt,gt,affine,none,0,2192,2048,2192,2048,13,13,13,affine,"[0.9697416667071154, 0.026698448809150066, 50.767929360054865, 0.012435640702267603, 1.0017784896494106, 0.4431103714434943, 0.0, 0.0, 1.0]",31.123,29.063,0.00,ok,
eval_MoTaTiZrHf-HEA-DDRX-900C_TEM_DislocationCharacterization_0#8,eval_MoTaTiZrHf-HEA-DDRX-900C_TEM_DislocationCharacterization_0,DislocationCharacterization,MoTaTiZrHf-HEA-DDRX-900C_TEM_DislocationCharacterization,gt,gt,homography,none,0,2192,2048,2192,2048,13,13,13,homography,"[1.0755709266765705, 0.059189194808357784, -15.304926495208761, 0.05194372265933294, 1.081129490205297, -50.98138210170097, 3.353054158162368e-05, 2.6419884658936736e-05, 1.0]",29.443,31.252,0.00,ok,
eval_MoTaTiZrHf-HEA-DDRX-900C_TEM_DislocationCharacterization_0#8,eval_MoTaTiZrHf-HEA-DDRX-900C_TEM_DislocationCharacterization_0,DislocationCharacterization,MoTaTiZrHf-HEA-DDRX-900C_TEM_DislocationCharacterization,gt,gt,affine,none,0,2192,2048,2192,2048,13,13,13,affine,"[0.9697416667071154, 0.026698448809150066, 50.767929360054865, 0.012435640702267603, 1.0017784896494106, 0.4431103714434943, 0.0, 0.0, 1.0]",31.123,29.063,0.00,ok,
eval_MoTaTiZrHf-HEA-DDRX-900C_TEM_DislocationCharacterization_0#9,eval_MoTaTiZrHf-HEA-DDRX-900C_TEM_DislocationCharacterization_0,DislocationCharacterization,MoTaTiZrHf-HEA-DDRX-900C_TEM_DislocationCharacterization,gt,gt,homography,none,0,2192,2048,2192,2048,13,13,13,homography,"[1.0755709266765705, 0.059189194808357784, -15.304926495208761, 0.05194372265933294, 1.081129490205297, -50.98138210170097, 3.353054158162368e-05, 2.6419884658936736e-05, 1.0]",29.443,31.252,0.00,ok,
eval_MoTaTiZrHf-HEA-DDRX-900C_TEM_DislocationCharacterization_0#9,eval_MoTaTiZrHf-HEA-DDRX-900C_TEM_DislocationCharacterization_0,DislocationCharacterization,MoTaTiZrHf-HEA-DDRX-900C_TEM_DislocationCharacterization,gt,gt,affine,none,0,2192,2048,2192,2048,13,13,13,affine,"[0.9697416667071154, 0.026698448809150066, 50.767929360054865, 0.012435640702267603, 1.0017784896494106, 0.4431103714434943, 0.0, 0.0, 1.0]",31.123,29.063,0.00,ok,
eval_MoTaTiZrHf-HEA-DDRX-900C_TEM_DislocationCharacterization_0#10,eval_MoTaTiZrHf-HEA-DDRX-900C_TEM_DislocationCharacterization_0,DislocationCharacterization,MoTaTiZrHf-HEA-DDRX-900C_TEM_DislocationCharacterization,gt,gt,homography,none,0,2192,2048,2192,2048,13,13,13,homography,"[1.0755709266765705, 0.059189194808357784, -15.304926495208761, 0.05194372265933294, 1.081129490205297, -50.98138210170097, 3.353054158162368e-05, 2.6419884658936736e-05, 1.0]",29.443,31.252,0.00,ok,
eval_MoTaTiZrHf-HEA-DDRX-900C_TEM_DislocationCharacterization_0#10,eval_MoTaTiZrHf-HEA-DDRX-900C_TEM_DislocationCharacterization_0,DislocationCharacterization,MoTaTiZrHf-HEA-DDRX-900C_TEM_DislocationCharacterization,gt,gt,affine,none,0,2192,2048,2192,2048,13,13,13,affine,"[0.9697416667071154, 0.026698448809150066, 50.767929360054865, 0.012435640702267603, 1.0017784896494106, 0.4431103714434943, 0.0, 0.0, 1.0]",31.123,29.063,0.00,ok,
eval_MoTaTiZrHf-HEA-DDRX-900C_TEM_DislocationCharacterization_0#11,eval_MoTaTiZrHf-HEA-DDRX-900C_TEM_DislocationCharacterization_0,DislocationCharacterization,MoTaTiZrHf-HEA-DDRX-900C_TEM_DislocationCharacterization,gt,gt,homography,none,0,2192,2048,2192,2048,13,13,13,homography,"[1.0755709266765705, 0.059189194808357784, -15.304926495208761, 0.05194372265933294, 1.081129490205297, -50.98138210170097, 3.353054158162368e-05, 2.6419884658936736e-05, 1.0]",29.443,31.252,0.00,ok,
eval_MoTaTiZrHf-HEA-DDRX-900C_TEM_DislocationCharacterization_0#11,eval_MoTaTiZrHf-HEA-DDRX-900C_TEM_DislocationCharacterization_0,DislocationCharacterization,MoTaTiZrHf-HEA-DDRX-900C_TEM_DislocationCharacterization,gt,gt,affine,none,0,2192,2048,2192,2048,13,13,13,affine,"[0.9697416667071154, 0.026698448809150066, 50.767929360054865, 0.012435640702267603, 1.0017784896494106, 0.4431103714434943, 0.0, 0.0, 1.0]",31.123,29.063,0.00,ok,
eval_MoTaTiZrHf-HEA-DDRX-900C_TEM_DislocationCharacterization_0#12,eval_MoTaTiZrHf-HEA-DDRX-900C_TEM_DislocationCharacterization_0,DislocationCharacterization,MoTaTiZrHf-HEA-DDRX-900C_TEM_DislocationCharacterization,gt,gt,homography,none,0,2192,2048,2192,2048,13,13,13,homography,"[1.0755709266765705, 0.059189194808357784, -15.304926495208761, 0.05194372265933294, 1.081129490205297, -50.98138210170097, 3.353054158162368e-05, 2.6419884658936736e-05, 1.0]",29.443,31.252,0.00,ok,
eval_MoTaTiZrHf-HEA-DDRX-900C_TEM_DislocationCharacterization_0#12,eval_MoTaTiZrHf-HEA-DDRX-900C_TEM_DislocationCharacterization_0,DislocationCharacterization,MoTaTiZrHf-HEA-DDRX-900C_TEM_DislocationCharacterization,gt,gt,affine,none,0,2192,2048,2192,2048,13,13,13,affine,"[0.9697416667071154, 0.026698448809150066, 50.767929360054865, 0.012435640702267603, 1.0017784896494106, 0.4431103714434943, 0.0, 0.0, 1.0]",31.123,29.063,0.00,ok,
eval_MoTaTiZrHf-HEA-DDRX-900C_TEM_DislocationCharacterization_0#13,eval_MoTaTiZrHf-HEA-DDRX-900C_TEM_DislocationCharacterization_0,DislocationCharacterization,MoTaTiZrHf-HEA-DDRX-900C_TEM_DislocationCharacterization,gt,gt,homography,none,0,2192,2048,2192,2048,13,13,13,homography,"[1.0755709266765705, 0.059189194808357784, -15.304926495208761, 0.05194372265933294, 1.081129490205297, -50.98138210170097, 3.353054158162368e-05, 2.6419884658936736e-05, 1.0]",29.443,31.252,0.00,ok,
eval_MoTaTiZrHf-HEA-DDRX-900C_TEM_DislocationCharacterization_0#13,eval_MoTaTiZrHf-HEA-DDRX-900C_TEM_DislocationCharacterization_0,DislocationCharacterization,MoTaTiZrHf-HEA-DDRX-900C_TEM_DislocationCharacterization,gt,gt,affine,none,0,2192,2048,2192,2048,13,13,13,affine,"[0.9697416667071154, 0.026698448809150066, 50.767929360054865, 0.012435640702267603, 1.0017784896494106, 0.4431103714434943, 0.0, 0.0, 1.0]",31.123,29.063,0.00,ok,
eval_MoTaTiZrHf-HEA-DDRX-900C_TEM_DislocationCharacterization_0#14,eval_MoTaTiZrHf-HEA-DDRX-900C_TEM_DislocationCharacterization_0,DislocationCharacterization,MoTaTiZrHf-HEA-DDRX-900C_TEM_DislocationCharacterization,gt,gt,homography,none,0,2192,2048,2192,2048,13,13,13,homography,"[1.0755709266765705, 0.059189194808357784, -15.304926495208761, 0.05194372265933294, 1.081129490205297, -50.98138210170097, 3.353054158162368e-05, 2.6419884658936736e-05, 1.0]",29.443,31.252,0.00,ok,
eval_MoTaTiZrHf-HEA-DDRX-900C_TEM_DislocationCharacterization_0#14,eval_MoTaTiZrHf-HEA-DDRX-900C_TEM_DislocationCharacterization_0,DislocationCharacterization,MoTaTiZrHf-HEA-DDRX-900C_TEM_DislocationCharacterization,gt,gt,affine,none,0,2192,2048,2192,2048,13,13,13,affine,"[0.9697416667071154, 0.026698448809150066, 50.767929360054865, 0.012435640702267603, 1.0017784896494106, 0.4431103714434943, 0.0, 0.0, 1.0]",31.123,29.063,0.00,ok,
eval_MoTaTiZrHf-HEA-DDRX-900C_TEM_DislocationCharacterization_0#15,eval_MoTaTiZrHf-HEA-DDRX-900C_TEM_DislocationCharacterization_0,DislocationCharacterization,MoTaTiZrHf-HEA-DDRX-900C_TEM_DislocationCharacterization,gt,gt,homography,none,0,2192,2048,2192,2048,13,13,13,homography,"[1.0755709266765705, 0.059189194808357784, -15.304926495208761, 0.05194372265933294, 1.081129490205297, -50.98138210170097, 3.353054158162368e-05, 2.6419884658936736e-05, 1.0]",29.443,31.252,0.00,ok,
eval_MoTaTiZrHf-HEA-DDRX-900C_TEM_DislocationCharacterization_0#15,eval_MoTaTiZrHf-HEA-DDRX-900C_TEM_DislocationCharacterization_0,DislocationCharacterization,MoTaTiZrHf-HEA-DDRX-900C_TEM_DislocationCharacterization,gt,gt,affine,none,0,2192,2048,2192,2048,13,13,13,affine,"[0.9697416667071154, 0.026698448809150066, 50.767929360054865, 0.012435640702267603, 1.0017784896494106, 0.4431103714434943, 0.0, 0.0, 1.0]",31.123,29.063,0.00,ok,
eval_MoTaTiZrHf-HEA-DDRX-900C_TEM_largeFOV-DislocationCharacterization_0#0,eval_MoTaTiZrHf-HEA-DDRX-900C_TEM_largeFOV-DislocationCharacterization_0,DislocationCharacterization,MoTaTiZrHf-HEA-DDRX-900C_TEM_largeFOV-DislocationCharacterization,gt,gt,homography,none,0,4384,4096,4384,4096,18,18,18,homography,"[1.0142285327328138, -0.0024956977906565457, 103.22346974525655, 0.005133690762539461, 1.014629492878705, 479.01273018263703, 2.4114038887461547e-06, 1.0655216287598884e-06, 1.0]",17.536,18.774,0.00,ok,
eval_MoTaTiZrHf-HEA-DDRX-900C_TEM_largeFOV-DislocationCharacterization_0#0,eval_MoTaTiZrHf-HEA-DDRX-900C_TEM_largeFOV-DislocationCharacterization_0,DislocationCharacterization,MoTaTiZrHf-HEA-DDRX-900C_TEM_largeFOV-DislocationCharacterization,gt,gt,affine,none,0,4384,4096,4384,4096,18,18,18,affine,"[1.0030890823854732, -0.0045215958947492155, 112.00032913753154, 0.0012496934520564871, 1.0048163407442379, 487.08137296174897, 0.0, 0.0, 1.0]",17.711,20.483,0.00,ok,
eval_MoTaTiZrHf-HEA-DDRX-900C_TEM_largeFOV-DislocationCharacterization_0#1,eval_MoTaTiZrHf-HEA-DDRX-900C_TEM_largeFOV-DislocationCharacterization_0,DislocationCharacterization,MoTaTiZrHf-HEA-DDRX-900C_TEM_largeFOV-DislocationCharacterization,gt,gt,homography,none,0,4384,4096,4384,4096,18,18,18,homography,"[1.0142285327328138, -0.0024956977906565457, 103.22346974525655, 0.005133690762539461, 1.014629492878705, 479.01273018263703, 2.4114038887461547e-06, 1.0655216287598884e-06, 1.0]",17.536,18.774,0.00,ok,
eval_MoTaTiZrHf-HEA-DDRX-900C_TEM_largeFOV-DislocationCharacterization_0#1,eval_MoTaTiZrHf-HEA-DDRX-900C_TEM_largeFOV-DislocationCharacterization_0,DislocationCharacterization,MoTaTiZrHf-HEA-DDRX-900C_TEM_largeFOV-DislocationCharacterization,gt,gt,affine,none,0,4384,4096,4384,4096,18,18,18,affine,"[1.0030890823854732, -0.0045215958947492155, 112.00032913753154, 0.0012496934520564871, 1.0048163407442379, 487.08137296174897, 0.0, 0.0, 1.0]",17.711,20.483,0.00,ok,
eval_MoTaTiZrHf-HEA-DDRX-900C_TEM_largeFOV-DislocationCharacterization_0#2,eval_MoTaTiZrHf-HEA-DDRX-900C_TEM_largeFOV-DislocationCharacterization_0,DislocationCharacterization,MoTaTiZrHf-HEA-DDRX-900C_TEM_largeFOV-DislocationCharacterization,gt,gt,homography,none,0,4384,4096,4384,4096,18,18,18,homography,"[1.0142285327328138, -0.0024956977906565457, 103.22346974525655, 0.005133690762539461, 1.014629492878705, 479.01273018263703, 2.4114038887461547e-06, 1.0655216287598884e-06, 1.0]",17.536,18.774,0.00,ok,
eval_MoTaTiZrHf-HEA-DDRX-900C_TEM_largeFOV-DislocationCharacterization_0#2,eval_MoTaTiZrHf-HEA-DDRX-900C_TEM_largeFOV-DislocationCharacterization_0,DislocationCharacterization,MoTaTiZrHf-HEA-DDRX-900C_TEM_largeFOV-DislocationCharacterization,gt,gt,affine,none,0,4384,4096,4384,4096,18,18,18,affine,"[1.0030890823854732, -0.0045215958947492155, 112.00032913753154, 0.0012496934520564871, 1.0048163407442379, 487.08137296174897, 0.0, 0.0, 1.0]",17.711,20.483,0.00,ok,
eval_MoTaTiZrHf-HEA-DDRX-900C_TEM_largeFOV-DislocationCharacterization_0#3,eval_MoTaTiZrHf-HEA-DDRX-900C_TEM_largeFOV-DislocationCharacterization_0,DislocationCharacterization,MoTaTiZrHf-HEA-DDRX-900C_TEM_largeFOV-DislocationCharacterization,gt,gt,homography,none,0,4384,4096,4384,4096,27,27,27,homography,"[0.979581572366415, 0.027096607755638262, 184.65857982103623, -0.025263406282705472, 1.0143348318811192, 405.2841044676316, -8.306829396610793e-06, 7.831050646560762e-06, 1.0]",19.862,17.604,0.00,ok,
eval_MoTaTiZrHf-HEA-DDRX-900C_TEM_largeFOV-DislocationCharacterization_0#3,eval_MoTaTiZrHf-HEA-DDRX-900C_TEM_largeFOV-DislocationCharacterization_0,DislocationCharacterization,MoTaTiZrHf-HEA-DDRX-900C_TEM_largeFOV-DislocationCharacterization,gt,gt,affine,none,0,4384,4096,4384,4096,27,27,27,affine,"[1.002966543048608, 0.002213082787296705, 193.99414158711838, -0.010795168496852399, 1.001184831392782, 404.08235983581795, 0.0, 0.0, 1.0]",20.422,19.736,0.00,ok,
eval_MoTaTiZrHf-HEA-DDRX-900C_TEM_largeFOV-DislocationCharacterization_0#4,eval_MoTaTiZrHf-HEA-DDRX-900C_TEM_largeFOV-DislocationCharacterization_0,DislocationCharacterization,MoTaTiZrHf-HEA-DDRX-900C_TEM_largeFOV-DislocationCharacterization,gt,gt,homography,none,0,4384,4096,4384,4096,27,27,27,homography,"[0.979581572366415, 0.027096607755638262, 184.65857982103623, -0.025263406282705472, 1.0143348318811192, 405.2841044676316, -8.306829396610793e-06, 7.831050646560762e-06, 1.0]",19.862,17.604,0.00,ok,
eval_MoTaTiZrHf-HEA-DDRX-900C_TEM_largeFOV-DislocationCharacterization_0#4,eval_MoTaTiZrHf-HEA-DDRX-900C_TEM_largeFOV-DislocationCharacterization_0,DislocationCharacterization,MoTaTiZrHf-HEA-DDRX-900C_TEM_largeFOV-DislocationCharacterization,gt,gt,affine,none,0,4384,4096,4384,4096,27,27,27,affine,"[1.002966543048608, 0.002213082787296705, 193.99414158711838, -0.010795168496852399, 1.001184831392782, 404.08235983581795, 0.0, 0.0, 1.0]",20.422,19.736,0.00,ok,
eval_MoTaTiZrHf-HEA-DDRX-900C_TEM_largeFOV-DislocationCharacterization_0#5,eval_MoTaTiZrHf-HEA-DDRX-900C_TEM_largeFOV-DislocationCharacterization_0,DislocationCharacterization,MoTaTiZrHf-HEA-DDRX-900C_TEM_largeFOV-DislocationCharacterization,gt,gt,homography,none,0,4384,4096,4384,4096,27,27,27,homography,"[0.979581572366415, 0.027096607755638262, 184.65857982103623, -0.025263406282705472, 1.0143348318811192, 405.2841044676316, -8.306829396610793e-06, 7.831050646560762e-06, 1.0]",19.862,17.604,0.00,ok,
eval_MoTaTiZrHf-HEA-DDRX-900C_TEM_largeFOV-DislocationCharacterization_0#5,eval_MoTaTiZrHf-HEA-DDRX-900C_TEM_largeFOV-DislocationCharacterization_0,DislocationCharacterization,MoTaTiZrHf-HEA-DDRX-900C_TEM_largeFOV-DislocationCharacterization,gt,gt,affine,none,0,4384,4096,4384,4096,27,27,27,affine,"[1.002966543048608, 0.002213082787296705, 193.99414158711838, -0.010795168496852399, 1.001184831392782, 404.08235983581795, 0.0, 0.0, 1.0]",20.422,19.736,0.00,ok,
eval_MoTaTiZrHf-HEA-DDRX-900C_TEM_largeFOV-DislocationCharacterization_0#6,eval_MoTaTiZrHf-HEA-DDRX-900C_TEM_largeFOV-DislocationCharacterization_0,DislocationCharacterization,MoTaTiZrHf-HEA-DDRX-900C_TEM_largeFOV-DislocationCharacterization,gt,gt,homography,none,0,4384,4096,4384,4096,18,18,18,homography,"[1.0142285327328138, -0.0024956977906565457, 103.22346974525655, 0.005133690762539461, 1.014629492878705, 479.01273018263703, 2.4114038887461547e-06, 1.0655216287598884e-06, 1.0]",17.536,18.774,0.00,ok,
eval_MoTaTiZrHf-HEA-DDRX-900C_TEM_largeFOV-DislocationCharacterization_0#6,eval_MoTaTiZrHf-HEA-DDRX-900C_TEM_largeFOV-DislocationCharacterization_0,DislocationCharacterization,MoTaTiZrHf-HEA-DDRX-900C_TEM_largeFOV-DislocationCharacterization,gt,gt,affine,none,0,4384,4096,4384,4096,18,18,18,affine,"[1.0030890823854732, -0.0045215958947492155, 112.00032913753154, 0.0012496934520564871, 1.0048163407442379, 487.08137296174897, 0.0, 0.0, 1.0]",17.711,20.483,0.00,ok,
eval_MoTaTiZrHf-HEA-DDRX-900C_TEM_largeFOV-DislocationCharacterization_0#7,eval_MoTaTiZrHf-HEA-DDRX-900C_TEM_largeFOV-DislocationCharacterization_0,DislocationCharacterization,MoTaTiZrHf-HEA-DDRX-900C_TEM_largeFOV-DislocationCharacterization,gt,gt,homography,none,0,4384,4096,4384,4096,18,18,18,homography,"[1.0142285327328138, -0.0024956977906565457, 103.22346974525655, 0.005133690762539461, 1.014629492878705, 479.01273018263703, 2.4114038887461547e-06, 1.0655216287598884e-06, 1.0]",17.536,18.774,0.00,ok,
eval_MoTaTiZrHf-HEA-DDRX-900C_TEM_largeFOV-DislocationCharacterization_0#7,eval_MoTaTiZrHf-HEA-DDRX-900C_TEM_largeFOV-DislocationCharacterization_0,DislocationCharacterization,MoTaTiZrHf-HEA-DDRX-900C_TEM_largeFOV-DislocationCharacterization,gt,gt,affine,none,0,4384,4096,4384,4096,18,18,18,affine,"[1.0030890823854732, -0.0045215958947492155, 112.00032913753154, 0.0012496934520564871, 1.0048163407442379, 487.08137296174897, 0.0, 0.0, 1.0]",17.711,20.483,0.00,ok,
eval_MoTaTiZrHf-HEA-DDRX-900C_TEM_largeFOV-DislocationCharacterization_0#8,eval_MoTaTiZrHf-HEA-DDRX-900C_TEM_largeFOV-DislocationCharacterization_0,DislocationCharacterization,MoTaTiZrHf-HEA-DDRX-900C_TEM_largeFOV-DislocationCharacterization,gt,gt,homography,none,0,4384,4096,4384,4096,18,18,18,homography,"[1.0142285327328138, -0.0024956977906565457, 103.22346974525655, 0.005133690762539461, 1.014629492878705, 479.01273018263703, 2.4114038887461547e-06, 1.0655216287598884e-06, 1.0]",17.536,18.774,0.00,ok,
eval_MoTaTiZrHf-HEA-DDRX-900C_TEM_largeFOV-DislocationCharacterization_0#8,eval_MoTaTiZrHf-HEA-DDRX-900C_TEM_largeFOV-DislocationCharacterization_0,DislocationCharacterization,MoTaTiZrHf-HEA-DDRX-900C_TEM_largeFOV-DislocationCharacterization,gt,gt,affine,none,0,4384,4096,4384,4096,18,18,18,affine,"[1.0030890823854732, -0.0045215958947492155, 112.00032913753154, 0.0012496934520564871, 1.0048163407442379, 487.08137296174897, 0.0, 0.0, 1.0]",17.711,20.483,0.00,ok,
eval_MoTaTiZrHf-HEA-DDRX-900C_TEM_largeFOV-DislocationCharacterization_0#9,eval_MoTaTiZrHf-HEA-DDRX-900C_TEM_largeFOV-DislocationCharacterization_0,DislocationCharacterization,MoTaTiZrHf-HEA-DDRX-900C_TEM_largeFOV-DislocationCharacterization,gt,gt,homography,none,0,4384,4096,4384,4096,27,27,27,homography,"[0.979581572366415, 0.027096607755638262, 184.65857982103623, -0.025263406282705472, 1.0143348318811192, 405.2841044676316, -8.306829396610793e-06, 7.831050646560762e-06, 1.0]",19.862,17.604,0.00,ok,
eval_MoTaTiZrHf-HEA-DDRX-900C_TEM_largeFOV-DislocationCharacterization_0#9,eval_MoTaTiZrHf-HEA-DDRX-900C_TEM_largeFOV-DislocationCharacterization_0,DislocationCharacterization,MoTaTiZrHf-HEA-DDRX-900C_TEM_largeFOV-DislocationCharacterization,gt,gt,affine,none,0,4384,4096,4384,4096,27,27,27,affine,"[1.002966543048608, 0.002213082787296705, 193.99414158711838, -0.010795168496852399, 1.001184831392782, 404.08235983581795, 0.0, 0.0, 1.0]",20.422,19.736,0.00,ok,
eval_MoTaTiZrHf-HEA-DDRX-900C_TEM_largeFOV-DislocationCharacterization_0#10,eval_MoTaTiZrHf-HEA-DDRX-900C_TEM_largeFOV-DislocationCharacterization_0,DislocationCharacterization,MoTaTiZrHf-HEA-DDRX-900C_TEM_largeFOV-DislocationCharacterization,gt,gt,homography,none,0,4384,4096,4384,4096,27,27,27,homography,"[0.979581572366415, 0.027096607755638262, 184.65857982103623, -0.025263406282705472, 1.0143348318811192, 405.2841044676316, -8.306829396610793e-06, 7.831050646560762e-06, 1.0]",19.862,17.604,0.00,ok,
eval_MoTaTiZrHf-HEA-DDRX-900C_TEM_largeFOV-DislocationCharacterization_0#10,eval_MoTaTiZrHf-HEA-DDRX-900C_TEM_largeFOV-DislocationCharacterization_0,DislocationCharacterization,MoTaTiZrHf-HEA-DDRX-900C_TEM_largeFOV-DislocationCharacterization,gt,gt,affine,none,0,4384,4096,4384,4096,27,27,27,affine,"[1.002966543048608, 0.002213082787296705, 193.99414158711838, -0.010795168496852399, 1.001184831392782, 404.08235983581795, 0.0, 0.0, 1.0]",20.422,19.736,0.00,ok,
eval_MoTaTiZrHf-HEA-DDRX-900C_TEM_largeFOV-DislocationCharacterization_0#11,eval_MoTaTiZrHf-HEA-DDRX-900C_TEM_largeFOV-DislocationCharacterization_0,DislocationCharacterization,MoTaTiZrHf-HEA-DDRX-900C_TEM_largeFOV-DislocationCharacterization,gt,gt,homography,none,0,4384,4096,4384,4096,27,27,27,homography,"[0.979581572366415, 0.027096607755638262, 184.65857982103623, -0.025263406282705472, 1.0143348318811192, 405.2841044676316, -8.306829396610793e-06, 7.831050646560762e-06, 1.0]",19.862,17.604,0.00,ok,
eval_MoTaTiZrHf-HEA-DDRX-900C_TEM_largeFOV-DislocationCharacterization_0#11,eval_MoTaTiZrHf-HEA-DDRX-900C_TEM_largeFOV-DislocationCharacterization_0,DislocationCharacterization,MoTaTiZrHf-HEA-DDRX-900C_TEM_largeFOV-DislocationCharacterization,gt,gt,affine,none,0,4384,4096,4384,4096,27,27,27,affine,"[1.002966543048608, 0.002213082787296705, 193.99414158711838, -0.010795168496852399, 1.001184831392782, 404.08235983581795, 0.0, 0.0, 1.0]",20.422,19.736,0.00,ok,
eval_MoTaTiZrHf-HEA-DDRX-900C_TEM_largeFOV-DislocationCharacterization_0#12,eval_MoTaTiZrHf-HEA-DDRX-900C_TEM_largeFOV-DislocationCharacterization_0,DislocationCharacterization,MoTaTiZrHf-HEA-DDRX-900C_TEM_largeFOV-DislocationCharacterization,gt,gt,homography,none,0,4384,4096,4384,4096,18,18,18,homography,"[1.0142285327328138, -0.0024956977906565457, 103.22346974525655, 0.005133690762539461, 1.014629492878705, 479.01273018263703, 2.4114038887461547e-06, 1.0655216287598884e-06, 1.0]",17.536,18.774,0.00,ok,
eval_MoTaTiZrHf-HEA-DDRX-900C_TEM_largeFOV-DislocationCharacterization_0#12,eval_MoTaTiZrHf-HEA-DDRX-900C_TEM_largeFOV-DislocationCharacterization_0,DislocationCharacterization,MoTaTiZrHf-HEA-DDRX-900C_TEM_largeFOV-DislocationCharacterization,gt,gt,affine,none,0,4384,4096,4384,4096,18,18,18,affine,"[1.0030890823854732, -0.0045215958947492155, 112.00032913753154, 0.0012496934520564871, 1.0048163407442379, 487.08137296174897, 0.0, 0.0, 1.0]",17.711,20.483,0.00,ok,
eval_MoTaTiZrHf-HEA-DDRX-900C_TEM_largeFOV-DislocationCharacterization_0#13,eval_MoTaTiZrHf-HEA-DDRX-900C_TEM_largeFOV-DislocationCharacterization_0,DislocationCharacterization,MoTaTiZrHf-HEA-DDRX-900C_TEM_largeFOV-DislocationCharacterization,gt,gt,homography,none,0,4384,4096,4384,4096,18,18,18,homography,"[1.0142285327328138, -0.0024956977906565457, 103.22346974525655, 0.005133690762539461, 1.014629492878705, 479.01273018263703, 2.4114038887461547e-06, 1.0655216287598884e-06, 1.0]",17.536,18.774,0.00,ok,
eval_MoTaTiZrHf-HEA-DDRX-900C_TEM_largeFOV-DislocationCharacterization_0#13,eval_MoTaTiZrHf-HEA-DDRX-900C_TEM_largeFOV-DislocationCharacterization_0,DislocationCharacterization,MoTaTiZrHf-HEA-DDRX-900C_TEM_largeFOV-DislocationCharacterization,gt,gt,affine,none,0,4384,4096,4384,4096,18,18,18,affine,"[1.0030890823854732, -0.0045215958947492155, 112.00032913753154, 0.0012496934520564871, 1.0048163407442379, 487.08137296174897, 0.0, 0.0, 1.0]",17.711,20.483,0.00,ok,
eval_MoTaTiZrHf-HEA-DDRX-900C_TEM_largeFOV-DislocationCharacterization_0#14,eval_MoTaTiZrHf-HEA-DDRX-900C_TEM_largeFOV-DislocationCharacterization_0,DislocationCharacterization,MoTaTiZrHf-HEA-DDRX-900C_TEM_largeFOV-DislocationCharacterization,gt,gt,homography,none,0,4384,4096,4384,4096,18,18,18,homography,"[1.0142285327328138, -0.0024956977906565457, 103.22346974525655, 0.005133690762539461, 1.014629492878705, 479.01273018263703, 2.4114038887461547e-06, 1.0655216287598884e-06, 1.0]",17.536,18.774,0.00,ok,
eval_MoTaTiZrHf-HEA-DDRX-900C_TEM_largeFOV-DislocationCharacterization_0#14,eval_MoTaTiZrHf-HEA-DDRX-900C_TEM_largeFOV-DislocationCharacterization_0,DislocationCharacterization,MoTaTiZrHf-HEA-DDRX-900C_TEM_largeFOV-DislocationCharacterization,gt,gt,affine,none,0,4384,4096,4384,4096,18,18,18,affine,"[1.0030890823854732, -0.0045215958947492155, 112.00032913753154, 0.0012496934520564871, 1.0048163407442379, 487.08137296174897, 0.0, 0.0, 1.0]",17.711,20.483,0.00,ok,
eval_MoTaTiZrHf-HEA-DDRX-900C_TEM_largeFOV-DislocationCharacterization_0#15,eval_MoTaTiZrHf-HEA-DDRX-900C_TEM_largeFOV-DislocationCharacterization_0,DislocationCharacterization,MoTaTiZrHf-HEA-DDRX-900C_TEM_largeFOV-DislocationCharacterization,gt,gt,homography,none,0,4384,4096,4384,4096,27,27,27,homography,"[0.979581572366415, 0.027096607755638262, 184.65857982103623, -0.025263406282705472, 1.0143348318811192, 405.2841044676316, -8.306829396610793e-06, 7.831050646560762e-06, 1.0]",19.862,17.604,0.00,ok,
eval_MoTaTiZrHf-HEA-DDRX-900C_TEM_largeFOV-DislocationCharacterization_0#15,eval_MoTaTiZrHf-HEA-DDRX-900C_TEM_largeFOV-DislocationCharacterization_0,DislocationCharacterization,MoTaTiZrHf-HEA-DDRX-900C_TEM_largeFOV-DislocationCharacterization,gt,gt,affine,none,0,4384,4096,4384,4096,27,27,27,affine,"[1.002966543048608, 0.002213082787296705, 193.99414158711838, -0.010795168496852399, 1.001184831392782, 404.08235983581795, 0.0, 0.0, 1.0]",20.422,19.736,0.00,ok,
eval_MoTaTiZrHf-HEA-DDRX-900C_TEM_largeFOV-DislocationCharacterization_0#16,eval_MoTaTiZrHf-HEA-DDRX-900C_TEM_largeFOV-DislocationCharacterization_0,DislocationCharacterization,MoTaTiZrHf-HEA-DDRX-900C_TEM_largeFOV-DislocationCharacterization,gt,gt,homography,none,0,4384,4096,4384,4096,27,27,27,homography,"[0.979581572366415, 0.027096607755638262, 184.65857982103623, -0.025263406282705472, 1.0143348318811192, 405.2841044676316, -8.306829396610793e-06, 7.831050646560762e-06, 1.0]",19.862,17.604,0.00,ok,
eval_MoTaTiZrHf-HEA-DDRX-900C_TEM_largeFOV-DislocationCharacterization_0#16,eval_MoTaTiZrHf-HEA-DDRX-900C_TEM_largeFOV-DislocationCharacterization_0,DislocationCharacterization,MoTaTiZrHf-HEA-DDRX-900C_TEM_largeFOV-DislocationCharacterization,gt,gt,affine,none,0,4384,4096,4384,4096,27,27,27,affine,"[1.002966543048608, 0.002213082787296705, 193.99414158711838, -0.010795168496852399, 1.001184831392782, 404.08235983581795, 0.0, 0.0, 1.0]",20.422,19.736,0.00,ok,
eval_MoTaTiZrHf-HEA-DDRX-900C_TEM_largeFOV-DislocationCharacterization_0#17,eval_MoTaTiZrHf-HEA-DDRX-900C_TEM_largeFOV-DislocationCharacterization_0,DislocationCharacterization,MoTaTiZrHf-HEA-DDRX-900C_TEM_largeFOV-DislocationCharacterization,gt,gt,homography,none,0,4384,4096,4384,4096,27,27,27,homography,"[0.979581572366415, 0.027096607755638262, 184.65857982103623, -0.025263406282705472, 1.0143348318811192, 405.2841044676316, -8.306829396610793e-06, 7.831050646560762e-06, 1.0]",19.862,17.604,0.00,ok,
eval_MoTaTiZrHf-HEA-DDRX-900C_TEM_largeFOV-DislocationCharacterization_0#17,eval_MoTaTiZrHf-HEA-DDRX-900C_TEM_largeFOV-DislocationCharacterization_0,DislocationCharacterization,MoTaTiZrHf-HEA-DDRX-900C_TEM_largeFOV-DislocationCharacterization,gt,gt,affine,none,0,4384,4096,4384,4096,27,27,27,affine,"[1.002966543048608, 0.002213082787296705, 193.99414158711838, -0.010795168496852399, 1.001184831392782, 404.08235983581795, 0.0, 0.0, 1.0]",20.422,19.736,0.00,ok,
eval_TRIP1-Bainitic_LOM_SEM_EBSD_Multiscale_0#0,eval_TRIP1-Bainitic_LOM_SEM_EBSD_Multiscale_0,Multiscale,TRIP1-Bainitic_LOM_SEM_EBSD_Multiscale,gt,gt,homography,none,0,1468,1469,3479,3255,51,51,51,homography,"[0.4129654508177055, 0.04785656603160458, 7.95768589796996, -0.05203575366914824, 0.4207714581032621, 28.3398873773922, 9.053751574990536e-07, 1.721314162287136e-07, 1.0]",1.176,0.943,0.00,ok,
eval_TRIP1-Bainitic_LOM_SEM_EBSD_Multiscale_0#0,eval_TRIP1-Bainitic_LOM_SEM_EBSD_Multiscale_0,Multiscale,TRIP1-Bainitic_LOM_SEM_EBSD_Multiscale,gt,gt,affine,none,0,1468,1469,3479,3255,51,51,51,affine,"[0.41155018249640557, 0.04764639263291146, 8.982720214944138, -0.05260588778074412, 0.4199342244518154, 29.477410501020376, 0.0, 0.0, 1.0]",1.202,1.024,0.00,ok,
eval_TRIP1-Bainitic_LOM_SEM_EBSD_Multiscale_0#1,eval_TRIP1-Bainitic_LOM_SEM_EBSD_Multiscale_0,Multiscale,TRIP1-Bainitic_LOM_SEM_EBSD_Multiscale,gt,gt,homography,none,0,1468,1469,1506,1530,46,46,46,homography,"[0.9657942952470177, 0.013318492375930663, -11.951917629450419, -0.00188333330090137, 0.9791585420722887, 10.267257657970674, 6.927928520319507e-08, 8.796182802501911e-06, 1.0]",1.819,1.372,0.00,ok,
eval_TRIP1-Bainitic_LOM_SEM_EBSD_Multiscale_0#1,eval_TRIP1-Bainitic_LOM_SEM_EBSD_Multiscale_0,Multiscale,TRIP1-Bainitic_LOM_SEM_EBSD_Multiscale,gt,gt,affine,none,0,1468,1469,1506,1530,46,46,46,affine,"[0.9592840649359141, 0.0060488964716177065, -6.420482306841567, -0.002071837864937068, 0.96622058755971, 14.058615007681935, 0.0, 0.0, 1.0]",2.416,2.172,0.00,ok,
eval_TRIP1-Bainitic_LOM_SEM_EBSD_Multiscale_0#2,eval_TRIP1-Bainitic_LOM_SEM_EBSD_Multiscale_0,Multiscale,TRIP1-Bainitic_LOM_SEM_EBSD_Multiscale,gt,gt,homography,none,0,1468,1469,1443,1469,53,53,53,homography,"[1.0238664372474175, 0.03592614987377236, -8.085542127328214, -0.00857229953772748, 1.0488807125849884, 3.569497071166738, -4.13076701133571e-06, 5.0131120768539095e-05, 1.0]",4.413,3.682,0.00,ok,
eval_TRIP1-Bainitic_LOM_SEM_EBSD_Multiscale_0#2,eval_TRIP1-Bainitic_LOM_SEM_EBSD_Multiscale_0,Multiscale,TRIP1-Bainitic_LOM_SEM_EBSD_Multiscale,gt,gt,affine,none,0,1468,1469,1443,1469,53,53,53,affine,"[0.9913056672046154, 0.0014886117430995827, 16.436874821349495, -0.003922947151841269, 0.9807991059656016, 19.11394991312948, 0.0, 0.0, 1.0]",9.001,8.333,0.00,ok,
eval_TRIP1-Bainitic_LOM_SEM_EBSD_Multiscale_0#3,eval_TRIP1-Bainitic_LOM_SEM_EBSD_Multiscale_0,Multiscale,TRIP1-Bainitic_LOM_SEM_EBSD_Multiscale,gt,gt,homography,none,0,3479,3255,2452,2230,54,54,54,homography,"[0.7175801379945127, -0.13483720189569837, -188.81163845402247, 0.15032366474774603, 0.672517219922117, 868.766199594518, -5.085236308069759e-06, -2.4243072389251205e-06, 0.9999999999999999]",7.613,5.157,0.00,ok,
eval_TRIP1-Bainitic_LOM_SEM_EBSD_Multiscale_0#3,eval_TRIP1-Bainitic_LOM_SEM_EBSD_Multiscale_0,Multiscale,TRIP1-Bainitic_LOM_SEM_EBSD_Multiscale,gt,gt,affine,none,0,3479,3255,2452,2230,54,54,54,affine,"[0.7282966591836718, -0.13473118616141228, -196.7618814271676, 0.16126181074698318, 0.6838708360218231, 860.0666327545347, 0.0, 0.0, 1.0]",7.656,5.711,0.00,ok,
eval_TRIP1-Bainitic_LOM_SEM_EBSD_Multiscale_0#4,eval_TRIP1-Bainitic_LOM_SEM_EBSD_Multiscale_0,Multiscale,TRIP1-Bainitic_LOM_SEM_EBSD_Multiscale,gt,gt,homography,none,0,3479,3255,2452,2231,54,54,54,homography,"[0.7175801379945127, -0.13483720189569837, -188.81163845402247, 0.15032366474774603, 0.672517219922117, 868.766199594518, -5.085236308069759e-06, -2.4243072389251205e-06, 0.9999999999999999]",7.613,5.157,0.00,ok,
eval_TRIP1-Bainitic_LOM_SEM_EBSD_Multiscale_0#4,eval_TRIP1-Bainitic_LOM_SEM_EBSD_Multiscale_0,Multiscale,TRIP1-Bainitic_LOM_SEM_EBSD_Multiscale,gt,gt,affine,none,0,3479,3255,2452,2231,54,54,54,affine,"[0.7282966591836718, -0.13473118616141228, -196.7618814271676, 0.16126181074698318, 0.6838708360218231, 860.0666327545347, 0.0, 0.0, 1.0]",7.656,5.711,0.00,ok,
eval_TRIP1-Bainitic_LOM_SEM_EBSD_Multiscale_0#5,eval_TRIP1-Bainitic_LOM_SEM_EBSD_Multiscale_0,Multiscale,TRIP1-Bainitic_LOM_SEM_EBSD_Multiscale,gt,gt,homography,none,0,3479,3255,2452,2226,54,54,54,homography,"[0.7175801379945127, -0.13483720189569837, -188.81163845402247, 0.15032366474774603, 0.672517219922117, 868.766199594518, -5.085236308069759e-06, -2.4243072389251205e-06, 0.9999999999999999]",7.613,5.157,0.00,ok,
eval_TRIP1-Bainitic_LOM_SEM_EBSD_Multiscale_0#5,eval_TRIP1-Bainitic_LOM_SEM_EBSD_Multiscale_0,Multiscale,TRIP1-Bainitic_LOM_SEM_EBSD_Multiscale,gt,gt,affine,none,0,3479,3255,2452,2226,54,54,54,affine,"[0.7282966591836718, -0.13473118616141228, -196.7618814271676, 0.16126181074698318, 0.6838708360218231, 860.0666327545347, 0.0, 0.0, 1.0]",7.656,5.711,0.00,ok,
eval_TRIP1-Bainitic_LOM_SEM_EBSD_Multiscale_0#6,eval_TRIP1-Bainitic_LOM_SEM_EBSD_Multiscale_0,Multiscale,TRIP1-Bainitic_LOM_SEM_EBSD_Multiscale,gt,gt,homography,none,0,3479,3255,2452,2226,54,54,54,homography,"[0.7175801379945127, -0.13483720189569837, -188.81163845402247, 0.15032366474774603, 0.672517219922117, 868.766199594518, -5.085236308069759e-06, -2.4243072389251205e-06, 0.9999999999999999]",7.613,5.157,0.00,ok,
eval_TRIP1-Bainitic_LOM_SEM_EBSD_Multiscale_0#6,eval_TRIP1-Bainitic_LOM_SEM_EBSD_Multiscale_0,Multiscale,TRIP1-Bainitic_LOM_SEM_EBSD_Multiscale,gt,gt,affine,none,0,3479,3255,2452,2226,54,54,54,affine,"[0.7282966591836718, -0.13473118616141228, -196.7618814271676, 0.16126181074698318, 0.6838708360218231, 860.0666327545347, 0.0, 0.0, 1.0]",7.656,5.711,0.00,ok,
eval_Ta-AM-Spalled_SEM-BSE_EBSD_SameSliceSerialSectioning_0#0,eval_Ta-AM-Spalled_SEM-BSE_EBSD_SameSliceSerialSectioning_0,SerialSectioning,Ta-AM-Spalled_SEM-BSE_EBSD_SameSliceSerialSectioning,gt,gt,homography,none,0,4096,6144,689,709,14,14,14,homography,"[4.6274214649863445, 0.1882568870225729, 1437.5921050167892, -0.6999734739027891, 6.561245289501278, -69.19949772073349, -9.55061223132523e-05, 4.781870451240758e-05, 1.0]",49.657,49.347,0.00,ok,
eval_Ta-AM-Spalled_SEM-BSE_EBSD_SameSliceSerialSectioning_0#0,eval_Ta-AM-Spalled_SEM-BSE_EBSD_SameSliceSerialSectioning_0,SerialSectioning,Ta-AM-Spalled_SEM-BSE_EBSD_SameSliceSerialSectioning,gt,gt,affine,none,0,4096,6144,689,709,14,14,14,affine,"[4.941589518760445, 0.0952546976092501, 1424.837128434307, -0.42330690794970754, 6.479304001741727, -98.65964910518827, 0.0, 0.0, 1.0]",54.740,56.058,0.00,ok,
eval_Ta-AM-Spalled_SEM-BSE_EBSD_SameSliceSerialSectioning_0#1,eval_Ta-AM-Spalled_SEM-BSE_EBSD_SameSliceSerialSectioning_0,SerialSectioning,Ta-AM-Spalled_SEM-BSE_EBSD_SameSliceSerialSectioning,gt,gt,homography,none,0,4096,6144,689,709,14,14,14,homography,"[4.6274214649863445, 0.1882568870225729, 1437.5921050167892, -0.6999734739027891, 6.561245289501278, -69.19949772073349, -9.55061223132523e-05, 4.781870451240758e-05, 1.0]",49.657,49.347,0.00,ok,
eval_Ta-AM-Spalled_SEM-BSE_EBSD_SameSliceSerialSectioning_0#1,eval_Ta-AM-Spalled_SEM-BSE_EBSD_SameSliceSerialSectioning_0,SerialSectioning,Ta-AM-Spalled_SEM-BSE_EBSD_SameSliceSerialSectioning,gt,gt,affine,none,0,4096,6144,689,709,14,14,14,affine,"[4.941589518760445, 0.0952546976092501, 1424.837128434307, -0.42330690794970754, 6.479304001741727, -98.65964910518827, 0.0, 0.0, 1.0]",54.740,56.058,0.00,ok,
eval_Ta-AM-Spalled_SEM-BSE_EBSD_SameSliceSerialSectioning_0#2,eval_Ta-AM-Spalled_SEM-BSE_EBSD_SameSliceSerialSectioning_0,SerialSectioning,Ta-AM-Spalled_SEM-BSE_EBSD_SameSliceSerialSectioning,gt,gt,homography,none,0,4096,6144,689,709,14,14,14,homography,"[4.6274214649863445, 0.1882568870225729, 1437.5921050167892, -0.6999734739027891, 6.561245289501278, -69.19949772073349, -9.55061223132523e-05, 4.781870451240758e-05, 1.0]",49.657,49.347,0.00,ok,
eval_Ta-AM-Spalled_SEM-BSE_EBSD_SameSliceSerialSectioning_0#2,eval_Ta-AM-Spalled_SEM-BSE_EBSD_SameSliceSerialSectioning_0,SerialSectioning,Ta-AM-Spalled_SEM-BSE_EBSD_SameSliceSerialSectioning,gt,gt,affine,none,0,4096,6144,689,709,14,14,14,affine,"[4.941589518760445, 0.0952546976092501, 1424.837128434307, -0.42330690794970754, 6.479304001741727, -98.65964910518827, 0.0, 0.0, 1.0]",54.740,56.058,0.00,ok,
eval_Ta-AM-Spalled_SEM-BSE_EBSD_SameSliceSerialSectioning_1#0,eval_Ta-AM-Spalled_SEM-BSE_EBSD_SameSliceSerialSectioning_1,SerialSectioning,Ta-AM-Spalled_SEM-BSE_EBSD_SameSliceSerialSectioning,gt,gt,homography,none,0,4096,6144,667,709,15,15,15,homography,"[4.778547586369824, 0.23259919869148662, 1145.7402249350664, -0.5497030573767517, 6.661667265149694, -125.88055138903181, -5.870856097537552e-05, 7.04541803356065e-05, 0.9999999999999999]",51.656,50.228,0.00,ok,
eval_Ta-AM-Spalled_SEM-BSE_EBSD_SameSliceSerialSectioning_1#0,eval_Ta-AM-Spalled_SEM-BSE_EBSD_SameSliceSerialSectioning_1,SerialSectioning,Ta-AM-Spalled_SEM-BSE_EBSD_SameSliceSerialSectioning,gt,gt,affine,none,0,4096,6144,667,709,15,15,15,affine,"[4.911664595388771, 0.0445947896625869, 1169.0926876812275, -0.40080479128532315, 6.4804633757839865, -140.65493643544434, 0.0, 0.0, 1.0]",55.799,43.168,0.00,ok,
eval_Ta-AM-Spalled_SEM-BSE_EBSD_SameSliceSerialSectioning_1#1,eval_Ta-AM-Spalled_SEM-BSE_EBSD_SameSliceSerialSectioning_1,SerialSectioning,Ta-AM-Spalled_SEM-BSE_EBSD_SameSliceSerialSectioning,gt,gt,homography,none,0,4096,6144,667,709,15,15,15,homography,"[4.778547586369824, 0.23259919869148662, 1145.7402249350664, -0.5497030573767517, 6.661667265149694, -125.88055138903181, -5.870856097537552e-05, 7.04541803356065e-05, 0.9999999999999999]",51.656,50.228,0.00,ok,
eval_Ta-AM-Spalled_SEM-BSE_EBSD_SameSliceSerialSectioning_1#1,eval_Ta-AM-Spalled_SEM-BSE_EBSD_SameSliceSerialSectioning_1,SerialSectioning,Ta-AM-Spalled_SEM-BSE_EBSD_SameSliceSerialSectioning,gt,gt,affine,none,0,4096,6144,667,709,15,15,15,affine,"[4.911664595388771, 0.0445947896625869, 1169.0926876812275, -0.40080479128532315, 6.4804633757839865, -140.65493643544434, 0.0, 0.0, 1.0]",55.799,43.168,0.00,ok,
eval_Ta-AM-Spalled_SEM-BSE_EBSD_SameSliceSerialSectioning_1#2,eval_Ta-AM-Spalled_SEM-BSE_EBSD_SameSliceSerialSectioning_1,SerialSectioning,Ta-AM-Spalled_SEM-BSE_EBSD_SameSliceSerialSectioning,gt,gt,homography,none,0,4096,6144,667,709,15,15,15,homography,"[4.778547586369824, 0.23259919869148662, 1145.7402249350664, -0.5497030573767517, 6.661667265149694, -125.88055138903181, -5.870856097537552e-05, 7.04541803356065e-05, 0.9999999999999999]",51.656,50.228,0.00,ok,
eval_Ta-AM-Spalled_SEM-BSE_EBSD_SameSliceSerialSectioning_1#2,eval_Ta-AM-Spalled_SEM-BSE_EBSD_SameSliceSerialSectioning_1,SerialSectioning,Ta-AM-Spalled_SEM-BSE_EBSD_SameSliceSerialSectioning,gt,gt,affine,none,0,4096,6144,667,709,15,15,15,affine,"[4.911664595388771, 0.0445947896625869, 1169.0926876812275, -0.40080479128532315, 6.4804633757839865, -140.65493643544434, 0.0, 0.0, 1.0]",55.799,43.168,0.00,ok,
eval_Ta-AM-Spalled_SEM-BSE_EBSD_SameSliceSerialSectioning_2#0,eval_Ta-AM-Spalled_SEM-BSE_EBSD_SameSliceSerialSectioning_2,SerialSectioning,Ta-AM-Spalled_SEM-BSE_EBSD_SameSliceSerialSectioning,gt,gt,homography,none,0,4096,6144,667,709,19,19,19,homography,"[4.452392854797967, 0.033226931311658735, 1196.3120608488157, -0.5771298999169422, 6.087615936191747, -2.6866433219444303, -9.042649075338927e-05, -8.420308368180895e-06, 1.0]",55.796,42.485,0.00,ok,
eval_Ta-AM-Spalled_SEM-BSE_EBSD_SameSliceSerialSectioning_2#0,eval_Ta-AM-Spalled_SEM-BSE_EBSD_SameSliceSerialSectioning_2,SerialSectioning,Ta-AM-Spalled_SEM-BSE_EBSD_SameSliceSerialSectioning,gt,gt,affine,none,0,4096,6144,667,709,19,19,19,affine,"[4.914486380877311, 0.0860741712149875, 1140.957111135475, -0.3945100776134209, 6.293789601502767, -67.18265375201256, 0.0, 0.0, 1.0]",58.036,48.653,0.00,ok,
eval_Ta-AM-Spalled_SEM-BSE_EBSD_SameSliceSerialSectioning_2#1,eval_Ta-AM-Spalled_SEM-BSE_EBSD_SameSliceSerialSectioning_2,SerialSectioning,Ta-AM-Spalled_SEM-BSE_EBSD_SameSliceSerialSectioning,gt,gt,homography,none,0,4096,6144,667,709,19,19,19,homography,"[4.452392854797967, 0.033226931311658735, 1196.3120608488157, -0.5771298999169422, 6.087615936191747, -2.6866433219444303, -9.042649075338927e-05, -8.420308368180895e-06, 1.0]",55.796,42.485,0.00,ok,
eval_Ta-AM-Spalled_SEM-BSE_EBSD_SameSliceSerialSectioning_2#1,eval_Ta-AM-Spalled_SEM-BSE_EBSD_SameSliceSerialSectioning_2,SerialSectioning,Ta-AM-Spalled_SEM-BSE_EBSD_SameSliceSerialSectioning,gt,gt,affine,none,0,4096,6144,667,709,19,19,19,affine,"[4.914486380877311, 0.0860741712149875, 1140.957111135475, -0.3945100776134209, 6.293789601502767, -67.18265375201256, 0.0, 0.0, 1.0]",58.036,48.653,0.00,ok,
eval_Ta-AM-Spalled_SEM-BSE_EBSD_SameSliceSerialSectioning_2#2,eval_Ta-AM-Spalled_SEM-BSE_EBSD_SameSliceSerialSectioning_2,SerialSectioning,Ta-AM-Spalled_SEM-BSE_EBSD_SameSliceSerialSectioning,gt,gt,homography,none,0,4096,6144,667,709,19,19,19,homography,"[4.452392854797967, 0.033226931311658735, 1196.3120608488157, -0.5771298999169422, 6.087615936191747, -2.6866433219444303, -9.042649075338927e-05, -8.420308368180895e-06, 1.0]",55.796,42.485,0.00,ok,
eval_Ta-AM-Spalled_SEM-BSE_EBSD_SameSliceSerialSectioning_2#2,eval_Ta-AM-Spalled_SEM-BSE_EBSD_SameSliceSerialSectioning_2,SerialSectioning,Ta-AM-Spalled_SEM-BSE_EBSD_SameSliceSerialSectioning,gt,gt,affine,none,0,4096,6144,667,709,19,19,19,affine,"[4.914486380877311, 0.0860741712149875, 1140.957111135475, -0.3945100776134209, 6.293789601502767, -67.18265375201256, 0.0, 0.0, 1.0]",58.036,48.653,0.00,ok,
eval_Ti3AlC2-MAX-Phase_TEM_DislocationCharacterization_0#0,eval_Ti3AlC2-MAX-Phase_TEM_DislocationCharacterization_0,DislocationCharacterization,Ti3AlC2-MAX-Phase_TEM_DislocationCharacterization,gt,gt,homography,none,0,294,293,294,292,46,46,46,homography,"[0.9819180105409522, 0.004488898013270213, 36.93724109561865, -0.008315213062213084, 1.011729240403472, -64.78644867926506, -6.27666852223434e-05, 6.0767898965106934e-05, 1.0]",1.836,1.393,0.00,ok,
eval_Ti3AlC2-MAX-Phase_TEM_DislocationCharacterization_0#0,eval_Ti3AlC2-MAX-Phase_TEM_DislocationCharacterization_0,DislocationCharacterization,Ti3AlC2-MAX-Phase_TEM_DislocationCharacterization,gt,gt,affine,none,0,294,293,294,292,46,46,46,affine,"[0.9896517687281259, -0.0052741456630868155, 37.52826637525941, -0.0012190522860473303, 1.0017216846288992, -64.51251346841724, 0.0, 0.0, 1.0]",1.880,1.598,0.00,ok,
eval_Ti3AlC2-MAX-Phase_TEM_DislocationCharacterization_0#1,eval_Ti3AlC2-MAX-Phase_TEM_DislocationCharacterization_0,DislocationCharacterization,Ti3AlC2-MAX-Phase_TEM_DislocationCharacterization,gt,gt,homography,none,0,294,294,294,293,47,47,47,homography,"[0.9914947676608588, -0.008471271703341896, 1.8176494987189984, -0.007984909231071764, 0.9801143440717778, 2.614495190079549, -1.500559429189696e-05, -4.83707770080701e-05, 0.9999999999999999]",1.750,1.435,0.00,ok,
eval_Ti3AlC2-MAX-Phase_TEM_DislocationCharacterization_0#1,eval_Ti3AlC2-MAX-Phase_TEM_DislocationCharacterization_0,DislocationCharacterization,Ti3AlC2-MAX-Phase_TEM_DislocationCharacterization,gt,gt,affine,none,0,294,294,294,293,47,47,47,affine,"[1.0038764498335881, -0.0008025626936358778, 0.27387267681222094, -0.005494393791016826, 0.99712228140976, 1.486801227129765, 0.0, 0.0, 1.0]",1.749,1.238,0.00,ok,
eval_Ti3AlC2-MAX-Phase_TEM_DislocationCharacterization_0#2,eval_Ti3AlC2-MAX-Phase_TEM_DislocationCharacterization_0,DislocationCharacterization,Ti3AlC2-MAX-Phase_TEM_DislocationCharacterization,gt,gt,homography,none,0,293,294,294,293,38,38,38,homography,"[0.6259638057325804, -0.010984732868242125, 14.666038729758034, 0.021365709248575428, 0.599672318781586, 86.09980661109273, 8.333230591600902e-05, -5.5269457602455354e-05, 1.0]",1.215,1.127,0.00,ok,
eval_Ti3AlC2-MAX-Phase_TEM_DislocationCharacterization_0#2,eval_Ti3AlC2-MAX-Phase_TEM_DislocationCharacterization_0,DislocationCharacterization,Ti3AlC2-MAX-Phase_TEM_DislocationCharacterization,gt,gt,affine,none,0,293,294,294,293,38,38,38,affine,"[0.61400068651927, -0.004886943068918362, 14.844274626570428, 0.007322972380484549, 0.6067155388186769, 86.68490727104786, 0.0, 0.0, 1.0]",1.234,1.152,0.00,ok,
eval_X2CrNi12-Ferritic_SEM-SE-Stitch_EBSD_Fatigue-SameSlice_0#0,eval_X2CrNi12-Ferritic_SEM-SE-Stitch_EBSD_Fatigue-SameSlice_0,SameSlice,X2CrNi12-Ferritic_SEM-SE-Stitch_EBSD_Fatigue-SameSlice,gt,gt,homography,none,0,4550,7000,4598,7000,59,59,59,homography,"[0.9924548193443997, 0.0004340848242196413, -481.5784873786276, -0.0017230729748694642, 0.9844170497940192, 0.31187749396325554, 3.38497402043233e-07, -3.075299454720428e-07, 1.0]",8.892,7.798,0.00,ok,
eval_X2CrNi12-Ferritic_SEM-SE-Stitch_EBSD_Fatigue-SameSlice_0#0,eval_X2CrNi12-Ferritic_SEM-SE-Stitch_EBSD_Fatigue-SameSlice_0,SameSlice,X2CrNi12-Ferritic_SEM-SE-Stitch_EBSD_Fatigue-SameSlice,gt,gt,affine,none,0,4550,7000,4598,7000,59,59,59,affine,"[0.9907359000646074, 0.001637499624761729, -480.95531227855037, -0.002518521960609723, 0.9844645507666173, 2.352950657726641, 0.0, 0.0, 1.0]",8.957,8.016,0.00,ok,
eval_X2CrNi12-Ferritic_SEM-SE-Stitch_EBSD_Fatigue-SameSlice_0#1,eval_X2CrNi12-Ferritic_SEM-SE-Stitch_EBSD_Fatigue-SameSlice_0,SameSlice,X2CrNi12-Ferritic_SEM-SE-Stitch_EBSD_Fatigue-SameSlice,gt,gt,homography,none,0,4598,7000,1316,2048,100,100,100,homography,"[3.185688760940302, 0.09257298596663316, 535.3293553027052, 0.12155278778438217, 3.1567578563509113, 467.0715204068489, 5.049431627462105e-06, 2.6081086144047827e-05, 1.0]",14.539,13.084,0.00,ok,
eval_X2CrNi12-Ferritic_SEM-SE-Stitch_EBSD_Fatigue-SameSlice_0#1,eval_X2CrNi12-Ferritic_SEM-SE-Stitch_EBSD_Fatigue-SameSlice_0,SameSlice,X2CrNi12-Ferritic_SEM-SE-Stitch_EBSD_Fatigue-SameSlice,gt,gt,affine,none,0,4598,7000,1316,2048,100,100,100,affine,"[3.1005842027545985, -0.007588864031709108, 598.6485465459766, 0.10567507270002878, 3.022898061564428, 504.61199433153496, 0.0, 0.0, 1.0]",21.366,18.002,0.00,ok,
eval_X2CrNi12-Ferritic_SEM-SE-Stitch_EBSD_Fatigue-SameSlice_0#2,eval_X2CrNi12-Ferritic_SEM-SE-Stitch_EBSD_Fatigue-SameSlice_0,SameSlice,X2CrNi12-Ferritic_SEM-SE-Stitch_EBSD_Fatigue-SameSlice,gt,gt,homography,none,0,4598,7000,1316,2048,100,100,100,homography,"[3.185688760940302, 0.09257298596663316, 535.3293553027052, 0.12155278778438217, 3.1567578563509113, 467.0715204068489, 5.049431627462105e-06, 2.6081086144047827e-05, 1.0]",14.539,13.084,0.00,ok,
eval_X2CrNi12-Ferritic_SEM-SE-Stitch_EBSD_Fatigue-SameSlice_0#2,eval_X2CrNi12-Ferritic_SEM-SE-Stitch_EBSD_Fatigue-SameSlice_0,SameSlice,X2CrNi12-Ferritic_SEM-SE-Stitch_EBSD_Fatigue-SameSlice,gt,gt,affine,none,0,4598,7000,1316,2048,100,100,100,affine,"[3.1005842027545985, -0.007588864031709108, 598.6485465459766, 0.10567507270002878, 3.022898061564428, 504.61199433153496, 0.0, 0.0, 1.0]",21.366,18.002,0.00,ok,
eval_X2CrNi12-Ferritic_SEM-SE-Stitch_EBSD_Fatigue-SameSlice_0#3,eval_X2CrNi12-Ferritic_SEM-SE-Stitch_EBSD_Fatigue-SameSlice_0,SameSlice,X2CrNi12-Ferritic_SEM-SE-Stitch_EBSD_Fatigue-SameSlice,gt,gt,homography,none,0,4550,7000,1316,2048,129,129,129,homography,"[3.1756862723888557, 0.06863740897611263, 49.729750851104285, 0.12148456022954562, 3.11909235561901, 447.0772325463816, 8.524165306942763e-06, 2.419779846874978e-05, 1.0]",18.226,14.784,0.00,ok,
eval_X2CrNi12-Ferritic_SEM-SE-Stitch_EBSD_Fatigue-SameSlice_0#3,eval_X2CrNi12-Ferritic_SEM-SE-Stitch_EBSD_Fatigue-SameSlice_0,SameSlice,X2CrNi12-Ferritic_SEM-SE-Stitch_EBSD_Fatigue-SameSlice,gt,gt,affine,none,0,4550,7000,1316,2048,129,129,129,affine,"[3.075073247593762, -0.005026032048478346, 110.70603969343546, 0.0981864607837388, 2.9868591759935117, 486.836370687826, 0.0, 0.0, 1.0]",23.456,18.942,0.00,ok,
eval_X2CrNi12-Ferritic_SEM-SE-Stitch_EBSD_Fatigue-SameSlice_0#4,eval_X2CrNi12-Ferritic_SEM-SE-Stitch_EBSD_Fatigue-SameSlice_0,SameSlice,X2CrNi12-Ferritic_SEM-SE-Stitch_EBSD_Fatigue-SameSlice,gt,gt,homography,none,0,4550,7000,1316,2048,129,129,129,homography,"[3.1756862723888557, 0.06863740897611263, 49.729750851104285, 0.12148456022954562, 3.11909235561901, 447.0772325463816, 8.524165306942763e-06, 2.419779846874978e-05, 1.0]",18.226,14.784,0.00,ok,
eval_X2CrNi12-Ferritic_SEM-SE-Stitch_EBSD_Fatigue-SameSlice_0#4,eval_X2CrNi12-Ferritic_SEM-SE-Stitch_EBSD_Fatigue-SameSlice_0,SameSlice,X2CrNi12-Ferritic_SEM-SE-Stitch_EBSD_Fatigue-SameSlice,gt,gt,affine,none,0,4550,7000,1316,2048,129,129,129,affine,"[3.075073247593762, -0.005026032048478346, 110.70603969343546, 0.0981864607837388, 2.9868591759935117, 486.836370687826, 0.0, 0.0, 1.0]",23.456,18.942,0.00,ok,
eval_5842WCu-Spalled_SEM-SE_SEM-BSE_Multiscale_0#0,eval_5842WCu-Spalled_SEM-SE_SEM-BSE_Multiscale_0,Multiscale,5842WCu-Spalled_SEM-SE_SEM-BSE_Multiscale,core,sift,direct,none,0,512,768,2048,3072,19,12,4,homography,"[-0.12177488646127803, -0.09597867630086163, 639.2953412885796, 0.007093148843095362, -0.01990031636428984, 251.72594172112503, -0.0001725375257826859, -7.468451218617427e-05, 1.0]",220.267,215.970,2.34,ok,
eval_AF9628-Martensitic_SEM-SE-Stitch_EBSD_SameSlice_0#0,eval_AF9628-Martensitic_SEM-SE-Stitch_EBSD_SameSlice_0,SameSlice,AF9628-Martensitic_SEM-SE-Stitch_EBSD_SameSlice,core,sift,direct,none,0,2028,4096,5628,11165,37,8,4,homography,"[-0.12939847802225785, -0.17429169262761052, 1031.5186737911422, -0.16792469632220997, 0.3050031255500645, -1554.495850365693, -0.0005416493610643908, -0.00010257103050124723, 1.0]",2876.805,2626.576,18.42,ok,
eval_AF9628-Martensitic_SEM-SE-Stitch_EBSD_SameSlice_0#1,eval_AF9628-Martensitic_SEM-SE-Stitch_EBSD_SameSlice_0,SameSlice,AF9628-Martensitic_SEM-SE-Stitch_EBSD_SameSlice,core,sift,direct,none,0,,,,,37,,,,,,,,failed,only 3 correspondences
eval_AF9628-Martensitic_SEM-SE-Stitch_EBSD_SameSlice_0#2,eval_AF9628-Martensitic_SEM-SE-Stitch_EBSD_SameSlice_0,SameSlice,AF9628-Martensitic_SEM-SE-Stitch_EBSD_SameSlice,core,sift,direct,none,0,2028,4096,5628,11165,37,42,5,affine,"[3.220894278065827, 2.2187268397714814, -17361.40332819545, 1.0549371580158224, 0.8608866249750391, -5808.284842173621, 0.0, 0.0, 1.0]",9944.564,8257.182,22.26,ok,
eval_AF9628-Martensitic_SEM-SE-Stitch_EBSD_SameSlice_1#0,eval_AF9628-Martensitic_SEM-SE-Stitch_EBSD_SameSlice_1,SameSlice,AF9628-Martensitic_SEM-SE-Stitch_EBSD_SameSlice,core,sift,direct,none,0,1993,4096,4590,10458,39,13,5,homography,"[-0.03456694674712345, -0.25166575197087254, 1397.937478018926, -0.3099346408624357, 0.6420312680839955, 754.1431390630316, -0.0004500749140311303, 0.0009325304616717968, 1.0]",2505.663,2051.133,18.14,ok,
eval_AF9628-Martensitic_SEM-SE-Stitch_EBSD_SameSlice_1#1,eval_AF9628-Martensitic_SEM-SE-Stitch_EBSD_SameSlice_1,SameSlice,AF9628-Martensitic_SEM-SE-Stitch_EBSD_SameSlice,core,sift,direct,none,0,1993,4096,4590,10458,39,6,3,affine,"[0.19658482687459336, -1.2258720351856585, 4700.488001503822, -0.05826796442948926, -0.4257830199571289, 1889.8331184164902, 0.0, 0.0, 1.0]",2151.284,2049.311,18.28,ok,
eval_AF9628-Martensitic_SEM-SE-Stitch_EBSD_SameSlice_1#2,eval_AF9628-Martensitic_SEM-SE-Stitch_EBSD_SameSlice_1,SameSlice,AF9628-Martensitic_SEM-SE-Stitch_EBSD_SameSlice,core,sift,direct,none,0,1993,4096,4590,10458,39,65,7,homography,"[-0.4224555001446813, -3.8160884535399395, 3739.858466799764, -0.022156353720352878, -0.5928660827578188, 517.0566016335122, -8.000956422007234e-05, -0.0010847516760673296, 1.0]",2602.196,2275.410,19.75,ok,
eval_AF9628-Martensitic_SEM-SE-Stitch_EBSD_SameSlice_2#0,eval_AF9628-Martensitic_SEM-SE-Stitch_EBSD_SameSlice_2,SameSlice,AF9628-Martensitic_SEM-SE-Stitch_EBSD_SameSlice,core,sift,direct,none,0,1995,4096,5142,8831,37,22,4,affine,"[0.2747354282729666, 2.6528118270653214, -790.6017336031998, -0.1811872088469788, 0.6855048888550505, 1352.0551130674894, 0.0, 0.0, 1.0]",5919.615,6033.045,19.45,ok,
eval_AF9628-Martensitic_SEM-SE-Stitch_EBSD_SameSlice_2#1,eval_AF9628-Martensitic_SEM-SE-Stitch_EBSD_SameSlice_2,SameSlice,AF9628-Martensitic_SEM-SE-Stitch_EBSD_SameSlice,core,sift,direct,none,0,1995,4096,5142,8831,37,9,3,affine,"[2.177120788270863, 6.518949865210027, -15749.218801211573, -1.8144596595401834, -5.8407949751250685, 15447.80640528267, 0.0, 0.0, 1.0]",17065.601,14335.938,16.70,ok,
eval_AF9628-Martensitic_SEM-SE-Stitch_EBSD_SameSlice_2#2,eval_AF9628-Martensitic_SEM-SE-Stitch_EBSD_SameSlice_2,SameSlice,AF9628-Martensitic_SEM-SE-Stitch_EBSD_SameSlice,core,sift,direct,none,0,1995,4096,5142,8831,37,48,5,homography,"[1.7442631484125048, -0.9426463358456193, 682.8833737086771, 0.8686027712474008, 0.3460091685836314, -105.68202904150931, 0.00032042804198848223, 0.0005794868139014348, 1.0]",1337.004,1395.025,18.45,ok,
eval_AF9628-Martensitic_SEM-SE-Stitch_EBSD_SameSlice_3#0,eval_AF9628-Martensitic_SEM-SE-Stitch_EBSD_SameSlice_3,SameSlice,AF9628-Martensitic_SEM-SE-Stitch_EBSD_SameSlice,core,sift,direct,none,0,4710,10147,1992,4096,42,27,4,homography,"[10.425566278351965, -9.513965505085128, -213.0552925394812, 3.2750646510189285, 1.1646446955445322, -821.0793709197027, 0.0025015792052252316, -0.0017261171461975843, 1.0]",9845.532,4061.511,16.61,ok,
eval_AF9628-Martensitic_SEM-SE-Stitch_EBSD_SameSlice_3#1,eval_AF9628-Martensitic_SEM-SE-Stitch_EBSD_SameSlice_3,SameSlice,AF9628-Martensitic_SEM-SE-Stitch_EBSD_SameSlice,core,sift,direct,none,0,4710,10147,1992,4096,42,25,4,homography,"[-4.218329849070839, 9.249771168087065, 12420.719293407134, -1.3859649991709038, 0.7094603311351965, 5364.583695066318, -0.00029199934915879387, 0.0012173549201635282, 1.0]",5876.137,5072.907,19.91,ok,
eval_AF9628-Martensitic_SEM-SE-Stitch_EBSD_SameSlice_3#2,eval_AF9628-Martensitic_SEM-SE-Stitch_EBSD_SameSlice_3,SameSlice,AF9628-Martensitic_SEM-SE-Stitch_EBSD_SameSlice,core,sift,direct,none,0,4710,10147,1992,4096,42,60,4,homography,"[-1.9054699148608192, -2.821317961778545, 11231.393168261824, 1.738529653823005, 0.5924320112076326, -1671.635121518839, 6.042797744830366e-06, -9.415965648123158e-05, 1.0]",5804.371,6005.750,18.17,ok,
eval_AF9628-Martensitic_SEM-SE-Stitch_EBSD_SameSlice_4#0,eval_AF9628-Martensitic_SEM-SE-Stitch_EBSD_SameSlice_4,SameSlice,AF9628-Martensitic_SEM-SE-Stitch_EBSD_SameSlice,core,sift,direct,none,0,1996,4096,4872,10693,53,9,4,homography,"[-0.9041727264149209, 0.215067950600754, 4305.9126794867925, 0.0358717813557389, -0.5309206130413631, 877.4229706352933, -0.00016970800454964245, -7.681861416996331e-05, 1.0]",7740.282,3842.657,25.09,ok,
eval_AF9628-Martensitic_SEM-SE-Stitch_EBSD_SameSlice_4#1,eval_AF9628-Martensitic_SEM-SE-Stitch_EBSD_SameSlice_4,SameSlice,AF9628-Martensitic_SEM-SE-Stitch_EBSD_SameSlice,core,sift,direct,none,0,1996,4096,4872,10693,53,5,3,affine,"[11.05856896599081, -4.6643079666883205, -66647.76514190315, -4.149486969244205, 1.4905519771832094, 27269.531065055624, 0.0, 0.0, 1.0]",36412.823,30822.353,23.92,ok,
eval_AF9628-Martensitic_SEM-SE-Stitch_EBSD_SameSlice_4#2,eval_AF9628-Martensitic_SEM-SE-Stitch_EBSD_SameSlice_4,SameSlice,AF9628-Martensitic_SEM-SE-Stitch_EBSD_SameSlice,core,sift,direct,none,0,1996,4096,4872,10693,53,59,7,homography,"[-0.3875049594126941, 0.5350122506948515, -1449.6273742198482, -0.8979827033208424, 0.9923728788559045, -1187.173691599984, -0.0006310846105565902, -0.0009494033596335502, 1.0]",2751.314,2282.066,25.68,ok,
eval_C103_SEM-SE_LOM-DC-Height_FractureSurfaces_0#0,eval_C103_SEM-SE_LOM-DC-Height_FractureSurfaces_0,FractureSurfaces,C103_SEM-SE_LOM-DC-Height_FractureSurfaces,core,sift,direct,none,0,3184,3000,1094,1536,41,45,5,homography,"[-3.2638756222378382, 11.724163259209435, -103.0067053579741, -2.922984407460201, 12.351381360229746, -1702.624225159154, -0.0018212106833950144, 0.005240719804076526, 1.0]",465.991,306.516,4.76,ok,
eval_C103_SEM-SE_LOM-DC-Height_FractureSurfaces_0#1,eval_C103_SEM-SE_LOM-DC-Height_FractureSurfaces_0,FractureSurfaces,C103_SEM-SE_LOM-DC-Height_FractureSurfaces,core,sift,direct,none,0,3184,3000,1094,1536,41,64,5,affine,"[43.722071947090065, -2.1627161969053432, -59883.42287226763, 125.39883771143104, -6.7578313665691425, -176076.4893901799, 0.0, 0.0, 1.0]",73358.029,73815.140,4.89,ok,
eval_C103_SEM-SE_LOM-DC-Height_FractureSurfaces_1#0,eval_C103_SEM-SE_LOM-DC-Height_FractureSurfaces_1,FractureSurfaces,C103_SEM-SE_LOM-DC-Height_FractureSurfaces,core,sift,direct,none,0,1094,1536,3746,3769,34,49,4,affine,"[-12.96215687319425, -11.51888812429003, 64098.55593364106, -7.083424583506868, -6.112556751989433, 34776.85317327109, 0.0, 0.0, 1.0]",29811.986,29653.256,5.23,ok,
eval_C103_SEM-SE_LOM-DC-Height_FractureSurfaces_1#1,eval_C103_SEM-SE_LOM-DC-Height_FractureSurfaces_1,FractureSurfaces,C103_SEM-SE_LOM-DC-Height_FractureSurfaces,core,sift,direct,none,0,1094,1536,3746,3769,34,73,6,homography,"[0.03289549949009784, -0.11364291157557309, 415.49628154519945, 1.3751421065831966, -0.3561762413990605, 1077.5672837335321, 0.0013972903696867999, -0.0003361802588571751, 1.0]",987.362,960.130,4.93,ok,
eval_C103_SEM-SE_LOM-DC-Height_FractureSurfaces_2#0,eval_C103_SEM-SE_LOM-DC-Height_FractureSurfaces_2,FractureSurfaces,C103_SEM-SE_LOM-DC-Height_FractureSurfaces,core,sift,direct,none,0,2188,3072,3388,3000,58,184,10,homography,"[-0.7287129493038347, 0.04672923468362423, 1895.7644753364013, -1.0619990450920869, 0.21924936206794263, 2265.9047697705323, -0.0005146108008231044, 0.0001360857422090013, 0.9999999999999999]",903.080,834.547,6.42,ok,
eval_C103_SEM-SE_LOM-DC-Height_FractureSurfaces_2#1,eval_C103_SEM-SE_LOM-DC-Height_FractureSurfaces_2,FractureSurfaces,C103_SEM-SE_LOM-DC-Height_FractureSurfaces,core,sift,direct,none,0,2188,3072,3388,3000,58,114,6,affine,"[2.6673050863042254, -3.229869959557377, 2639.6753565277318, -2.1080524985340867, 2.089255798459171, 1537.2281459261262, 0.0, 0.0, 1.0]",3236.653,3624.323,6.28,ok,
eval_CoNi-AM67_OM-SEM_Multiscale_0#0,eval_CoNi-AM67_OM-SEM_Multiscale_0,Multiscale,CoNi-AM67_OM-SEM_Multiscale,core,sift,direct,none,0,2048,3072,1379,1729,14,44,5,homography,"[12.256414425710872, -8.47046322312242, 6901.712766837568, 10.011461195874839, 0.7121796589228846, -1513.2406730886457, 0.004272655229059202, -0.00020313071101379533, 1.0]",1531.480,1628.979,2.86,ok,
eval_CoNi-AM67_OM-SEM_Multiscale_0#1,eval_CoNi-AM67_OM-SEM_Multiscale_0,Multiscale,CoNi-AM67_OM-SEM_Multiscale,core,sift,direct,none,0,2048,3072,1379,1729,14,5,4,affine,"[-11.19316949390409, -0.9812295250711536, 6034.614068833118, -20.450123967461412, -2.561534684514157, 6953.2379587041005, 0.0, 0.0, 1.0]",13921.408,10240.107,2.28,ok,
eval_CoNi-AM67_OM-SEM_Multiscale_0#2,eval_CoNi-AM67_OM-SEM_Multiscale_0,Multiscale,CoNi-AM67_OM-SEM_Multiscale,core,sift,direct,none,0,1373,1723,1379,1729,11,144,5,homography,"[-0.07305779306730854, 0.853857274093374, -56.084844101625485, 1.1911198810763843, 2.902769543738159, -3867.6752557525874, -0.0009167403503568882, 0.0007145607471372429, 1.0]",70349.804,1620.913,0.81,ok,
eval_CoNi-AM67_SEM-EBSD_SameSliceSerialSectioning_0#0,eval_CoNi-AM67_SEM-EBSD_SameSliceSerialSectioning_0,SerialSectioning,CoNi-AM67_SEM-EBSD_SameSliceSerialSectioning,core,sift,direct,none,0,2048,3072,611,721,17,89,7,homography,"[-0.3818974666843608, -1.454659685110993, 785.1384003997616, -0.056019625161374244, 0.18609176070924263, 53.474147381040126, -0.0010013771099982587, -0.0017407947166777915, 1.0]",1806.590,805.388,2.19,ok,
eval_CoNi-AM67_SEM-EBSD_SameSliceSerialSectioning_0#1,eval_CoNi-AM67_SEM-EBSD_SameSliceSerialSectioning_0,SerialSectioning,CoNi-AM67_SEM-EBSD_SameSliceSerialSectioning,core,sift,direct,none,0,2048,3072,611,721,17,122,8,homography,"[535.2394778238757, -154.23780561624648, 55961.100558499376, 371.7586257309121, -81.08179067835204, 17989.522503345357, 0.15654471035442158, 0.02628080922380862, 1.0]",2372.101,2210.497,2.18,ok,
eval_CoNi-AM67_SEM-EBSD_SameSliceSerialSectioning_0#2,eval_CoNi-AM67_SEM-EBSD_SameSliceSerialSectioning_0,SerialSectioning,CoNi-AM67_SEM-EBSD_SameSliceSerialSectioning,core,sift,direct,none,0,2048,3072,611,721,17,106,5,homography,"[-0.654203579765135, 0.5038133384816119, 666.5536859836498, -0.7173178946159432, 4.842929506713876, 141.0647385546545, -0.0020708248164701707, 0.0008535328857563787, 1.0]",15389.942,1846.099,2.63,ok,
eval_CoNi-AM67_SEM-EBSD_SameSliceSerialSectioning_0#3,eval_CoNi-AM67_SEM-EBSD_SameSliceSerialSectioning_0,SerialSectioning,CoNi-AM67_SEM-EBSD_SameSliceSerialSectioning,core,sift,direct,none,0,2048,3072,611,721,17,53,5,homography,"[-2.8807629652240343, -3.96017558232151, 3525.6953390184203, 1.1441244540901834, -6.2513568773525, 1650.5436300230836, -0.0005159218692878015, -0.00027627296793460577, 1.0]",2418.196,2112.153,2.63,ok,
eval_CoNi-AM67_SEM-EBSD_SameSliceSerialSectioning_0#4,eval_CoNi-AM67_SEM-EBSD_SameSliceSerialSectioning_0,SerialSectioning,CoNi-AM67_SEM-EBSD_SameSliceSerialSectioning,core,sift,direct,none,0,2048,3072,611,721,17,46,5,homography,"[-0.9252782932701904, -1.7913926084832457, 725.4207185931156, -1.7280687082285648, -3.48132218110814, 1404.7401575662775, -0.001265201493045037, -0.0024701144094819946, 1.0]",1195.115,1299.523,2.46,ok,
eval_CoNi-AM67_SEM-EBSD_SameSliceSerialSectioning_0#5,eval_CoNi-AM67_SEM-EBSD_SameSliceSerialSectioning_0,SerialSectioning,CoNi-AM67_SEM-EBSD_SameSliceSerialSectioning,core,sift,direct,none,0,2048,3072,611,721,17,81,5,homography,"[26.083809717379022, -11.390671235695564, 1752.7541735567404, 37.67584762840018, -13.541508524059525, 1831.2694647271205, 0.019053233514064353, -0.006955474945143208, 1.0]",1266.091,1251.902,2.44,ok,
eval_CoNi-AM67_SEM-EBSD_SameSliceSerialSectioning_1#0,eval_CoNi-AM67_SEM-EBSD_SameSliceSerialSectioning_1,SerialSectioning,CoNi-AM67_SEM-EBSD_SameSliceSerialSectioning,core,sift,direct,none,0,2048,3072,534,587,14,81,6,homography,"[25.389358177791607, -13.311919169623756, 2556.7362605596218, 16.68063336554949, -0.4591655054952608, -246.96116682399307, 0.009549820191470769, -0.00480499268567124, 1.0]",1597.655,1376.991,2.15,ok,
eval_CoNi-AM67_SEM-EBSD_SameSliceSerialSectioning_1#1,eval_CoNi-AM67_SEM-EBSD_SameSliceSerialSectioning_1,SerialSectioning,CoNi-AM67_SEM-EBSD_SameSliceSerialSectioning,core,sift,direct,none,0,2048,3072,534,587,14,161,5,homography,"[-20.746527877472936, -2.3499643989812853, 2085.603128475794, 28.384237003573585, -5.146558084379605, 1966.9568328329153, 0.013059185799869687, -0.0020238252066561873, 1.0]",2636.314,2885.714,3.11,ok,
eval_CoNi-AM67_SEM-EBSD_SameSliceSerialSectioning_1#2,eval_CoNi-AM67_SEM-EBSD_SameSliceSerialSectioning_1,SerialSectioning,CoNi-AM67_SEM-EBSD_SameSliceSerialSectioning,core,sift,direct,none,0,2048,3072,534,587,14,170,5,affine,"[-162.89820977261795, 213.94269969605264, -68114.84984724461, -266.4695218185793, 363.178790197574, -118239.62077255902, 0.0, 0.0, 1.0]",126762.777,108855.099,2.34,ok,
eval_CoNi-AM67_SEM-EBSD_SameSliceSerialSectioning_1#3,eval_CoNi-AM67_SEM-EBSD_SameSliceSerialSectioning_1,SerialSectioning,CoNi-AM67_SEM-EBSD_SameSliceSerialSectioning,core,sift,direct,none,0,2048,3072,534,587,14,39,5,homography,"[188.29065906421988, -517.7099345389857, 2250.716220946177, 480.3561826014584, -1317.793852256257, 13690.021688090781, 0.2565079246824635, -0.6747036104025813, 1.0]",1318.654,1212.424,2.22,ok,
eval_CoNi-AM67_SEM-EBSD_SameSliceSerialSectioning_1#4,eval_CoNi-AM67_SEM-EBSD_SameSliceSerialSectioning_1,SerialSectioning,CoNi-AM67_SEM-EBSD_SameSliceSerialSectioning,core,sift,direct,none,0,2048,3072,534,587,14,75,4,affine,"[285.1250425825072, -556.2869702920034, 4210.190694699442, -55.93417314571038, 108.64649966436323, 1440.1120743584052, 0.0, 0.0, 1.0]",101403.880,86512.714,2.80,ok,
eval_CoNi-AM67_SEM-EBSD_SameSliceSerialSectioning_1#5,eval_CoNi-AM67_SEM-EBSD_SameSliceSerialSectioning_1,SerialSectioning,CoNi-AM67_SEM-EBSD_SameSliceSerialSectioning,core,sift,direct,none,0,2048,3072,534,587,14,51,6,homography,"[5.150016184432734, -4.53245583053114, 1759.2324734613048, 2.4819216330766887, 3.114536033778897, -1050.7243920981841, 0.001377032707913502, -0.0017468938205461126, 1.0]",811.453,656.296,2.18,ok,
eval_CoNi-AM67_SEM-EBSD_SameSliceSerialSectioning_2#0,eval_CoNi-AM67_SEM-EBSD_SameSliceSerialSectioning_2,SerialSectioning,CoNi-AM67_SEM-EBSD_SameSliceSerialSectioning,core,sift,direct,none,0,2048,3072,534,587,18,81,6,homography,"[-37.82615185564059, -5.061943320664764, 4745.932955320428, 107.54012272032764, -0.41730330885082145, 325.73094060965866, 0.020534190726228245, 0.0001838098852721617, 1.0]",4036.079,4488.020,2.58,ok,
eval_CoNi-AM67_SEM-EBSD_SameSliceSerialSectioning_2#1,eval_CoNi-AM67_SEM-EBSD_SameSliceSerialSectioning_2,SerialSectioning,CoNi-AM67_SEM-EBSD_SameSliceSerialSectioning,core,sift,direct,none,0,2048,3072,534,587,18,127,9,affine,"[-7.242293544846812, -8.712201389050394, 5744.676922799792, -2.7257232397285636, -2.3850326746974315, 2267.2255024343813, 0.0, 0.0, 1.0]",1956.223,1708.003,2.45,ok,
eval_CoNi-AM67_SEM-EBSD_SameSliceSerialSectioning_2#2,eval_CoNi-AM67_SEM-EBSD_SameSliceSerialSectioning_2,SerialSectioning,CoNi-AM67_SEM-EBSD_SameSliceSerialSectioning,core,sift,direct,none,0,2048,3072,534,587,18,179,6,homography,"[-4.2098367242151475, -9.252355532045286, 1832.5524861491024, -4.531775127718331, -10.400879738622477, 1988.889234583201, -0.002291637817285346, -0.00523336433388762, 1.0]",1115.559,1185.267,2.24,ok,
eval_CoNi-AM67_SEM-EBSD_SameSliceSerialSectioning_2#3,eval_CoNi-AM67_SEM-EBSD_SameSliceSerialSectioning_2,SerialSectioning,CoNi-AM67_SEM-EBSD_SameSliceSerialSectioning,core,sift,direct,none,0,2048,3072,534,587,18,46,4,affine,"[0.5068084927626079, -0.3153817770995215, 642.6401835102662, -0.5956746179675517, -0.7973931997997015, 1542.1816135413849, 0.0, 0.0, 1.0]",1026.873,1101.444,2.63,ok,
eval_CoNi-AM67_SEM-EBSD_SameSliceSerialSectioning_2#4,eval_CoNi-AM67_SEM-EBSD_SameSliceSerialSectioning_2,SerialSectioning,CoNi-AM67_SEM-EBSD_SameSliceSerialSectioning,core,sift,direct,none,0,2048,3072,534,587,18,42,6,homography,"[-66.04475036449205, -53.736263334261984, 20028.097113027656, -20.236564507031126, -21.540519171440422, 8343.476308509938, -0.009880697805205252, -0.008398097752777327, 1.0]",4436.307,2224.803,2.75,ok,
eval_CoNi-AM67_SEM-EBSD_SameSliceSerialSectioning_2#5,eval_CoNi-AM67_SEM-EBSD_SameSliceSerialSectioning_2,SerialSectioning,CoNi-AM67_SEM-EBSD_SameSliceSerialSectioning,core,sift,direct,none,0,2048,3072,534,587,18,142,5,affine,"[-3.2194686823915446, 0.3925624088573159, 1951.8608496013208, -4.861103398178879, 2.0969783853523873, 2005.9268492738554, 0.0, 0.0, 1.0]",1325.119,1379.061,2.20,ok,
eval_CoNi-AM90_OM-SEM_Multiscale_0#0,eval_CoNi-AM90_OM-SEM_Multiscale_0,Multiscale,CoNi-AM90_OM-SEM_Multiscale,core,sift,direct,none,0,2048,3072,186,238,11,44,4,homography,"[-31.217670413751026, 1.378192352490923, 277.4819883969301, -18.334469024418098, -42.263566957809914, 2008.3911500589847, -0.0076550570417199225, -0.026905036958878296, 1.0]",1215.031,844.675,3.00,ok,
eval_CoNi-AM90_OM-SEM_Multiscale_0#1,eval_CoNi-AM90_OM-SEM_Multiscale_0,Multiscale,CoNi-AM90_OM-SEM_Multiscale,core,sift,direct,none,0,2048,3072,1320,1507,8,20,4,homography,"[13.939792390987824, -3.8298549680955425, -5359.732508455188, -6.5131936181951, 4.373705439953206, 5144.132379951574, 0.0006718037691348876, 0.0006387221796205345, 1.0]",2665.474,2305.039,2.95,ok,
eval_CoNi-AM90_SEM-DIC_EBSD_SlipPartitioning_0#0,eval_CoNi-AM90_SEM-DIC_EBSD_SlipPartitioning_0,SlipPartitioning,CoNi-AM90_SEM-DIC_EBSD_SlipPartitioning,core,sift,direct,none,0,1309,1493,13333,13333,20,7,4,homography,"[-0.11635213718489427, 0.14348024060552753, 344.97073475193304, -0.4469917398814505, 0.3992866300884668, 1248.9658258674685, -0.00018097610522369026, 0.00016511300163396384, 1.0]",12107.679,1061.367,72.47,ok,
eval_CoNi-AM90_SEM-DIC_EBSD_SlipPartitioning_0#1,eval_CoNi-AM90_SEM-DIC_EBSD_SlipPartitioning_0,SlipPartitioning,CoNi-AM90_SEM-DIC_EBSD_SlipPartitioning,core,sift,direct,none,0,,,,,20,,,,,,,,failed,only 3 correspondences
eval_CoNi-AM90_SEM-DIC_EBSD_SlipPartitioning_0#2,eval_CoNi-AM90_SEM-DIC_EBSD_SlipPartitioning_0,SlipPartitioning,CoNi-AM90_SEM-DIC_EBSD_SlipPartitioning,core,sift,direct,none,0,,,,,20,,,,,,,,failed,only 0 correspondences
eval_CoNi-AM90_SEM-DIC_EBSD_SlipPartitioning_0#3,eval_CoNi-AM90_SEM-DIC_EBSD_SlipPartitioning_0,SlipPartitioning,CoNi-AM90_SEM-DIC_EBSD_SlipPartitioning,core,sift,direct,none,0,1309,1493,13333,13333,20,8,4,homography,"[0.016113178930512773, 0.00407805456416859, -71.24447730612071, -0.027854433708502387, -0.028696969364639665, 627.0482091667839, -4.649326979537123e-05, -5.733900874477391e-05, 1.0]",1358.485,827.995,73.72,ok,
eval_CoNi-AM90_SEM-DIC_EBSD_SlipPartitioning_0#4,eval_CoNi-AM90_SEM-DIC_EBSD_SlipPartitioning_0,SlipPartitioning,CoNi-AM90_SEM-DIC_EBSD_SlipPartitioning,core,sift,direct,none,0,1309,1493,13333,13333,20,7,5,affine,"[0.0553494628578013, -0.20663696642071122, 1124.1388944203022, 0.04304069155090028, -0.03533666058192407, 365.60135446479046, 0.0, 0.0, 1.0]",926.875,737.784,74.63,ok,
eval_CoNi-AM90_SEM-DIC_EBSD_SlipPartitioning_0#5,eval_CoNi-AM90_SEM-DIC_EBSD_SlipPartitioning_0,SlipPartitioning,CoNi-AM90_SEM-DIC_EBSD_SlipPartitioning,core,sift,direct,none,0,,,,,20,,,,,,,,failed,only 0 correspondences
eval_CoNi-AM90_SEM-DIC_EBSD_SlipPartitioning_0#6,eval_CoNi-AM90_SEM-DIC_EBSD_SlipPartitioning_0,SlipPartitioning,CoNi-AM90_SEM-DIC_EBSD_SlipPartitioning,core,sift,direct,none,0,1309,1493,13333,13333,20,8,4,homography,"[4.434150850764814, -0.17974737828372417, 1442.8034165412316, 5.157435022128005, 6.329606388911128, -11325.669609307393, 0.005004407192767362, 0.003977902088034049, 1.0]",670.041,727.680,44.41,ok,
eval_CoNi-AM90_SEM-DIC_EBSD_SlipPartitioning_0#7,eval_CoNi-AM90_SEM-DIC_EBSD_SlipPartitioning_0,SlipPartitioning,CoNi-AM90_SEM-DIC_EBSD_SlipPartitioning,core,sift,direct,none,0,1309,1493,13333,13333,20,5,3,affine,"[0.07568053324422283, 0.019921098000707533, 705.2819098648374, 0.08282901424305698, -0.27334135919031405, 306.720396469602, 0.0, 0.0, 1.0]",1512.321,1329.172,44.64,ok,
eval_CoNi-AM90_SEM-DIC_EBSD_SlipPartitioning_0#8,eval_CoNi-AM90_SEM-DIC_EBSD_SlipPartitioning_0,SlipPartitioning,CoNi-AM90_SEM-DIC_EBSD_SlipPartitioning,core,sift,direct,none,0,,,,,20,,,,,,,,failed,only 0 correspondences
eval_CoNi-AM90_SEM-DIC_EBSD_SlipPartitioning_0#9,eval_CoNi-AM90_SEM-DIC_EBSD_SlipPartitioning_0,SlipPartitioning,CoNi-AM90_SEM-DIC_EBSD_SlipPartitioning,core,sift,direct,none,0,1309,1493,13333,13333,20,7,3,affine,"[0.0008379064733297733, 0.09172958310434372, 261.7422329565404, 0.0419338094976022, 0.026393565130097683, 145.56890931535787, 0.0, 0.0, 1.0]",383.596,341.980,50.54,ok,
eval_CoNi-AM90_SEM-DIC_EBSD_SlipPartitioning_0#10,eval_CoNi-AM90_SEM-DIC_EBSD_SlipPartitioning_0,SlipPartitioning,CoNi-AM90_SEM-DIC_EBSD_SlipPartitioning,core,sift,direct,none,0,1309,1493,13333,13333,20,6,4,affine,"[0.18711554585396567, -0.5611948958366267, 695.4985455195591, -0.003896161422140364, 0.48342654578015665, 216.29375469162267, 0.0, 0.0, 1.0]",3754.215,3582.589,51.92,ok,
eval_CoNi-AM90_SEM-DIC_EBSD_SlipPartitioning_0#11,eval_CoNi-AM90_SEM-DIC_EBSD_SlipPartitioning_0,SlipPartitioning,CoNi-AM90_SEM-DIC_EBSD_SlipPartitioning,core,sift,direct,none,0,,,,,20,,,,,,,,failed,only 0 correspondences
eval_CoNi-AM90_SEM-DIC_EBSD_SlipPartitioning_0#12,eval_CoNi-AM90_SEM-DIC_EBSD_SlipPartitioning_0,SlipPartitioning,CoNi-AM90_SEM-DIC_EBSD_SlipPartitioning,core,sift,direct,none,0,1309,1493,13333,13333,20,6,4,affine,"[-0.10939115629918378, 0.020492960857719338, 1361.4544637944364, -0.04698616391695033, -0.02944043321594587, 1781.6542085865956, 0.0, 0.0, 1.0]",1024.676,1018.711,54.17,ok,
eval_CoNi-AM90_SEM-DIC_EBSD_SlipPartitioning_0#13,eval_CoNi-AM90_SEM-DIC_EBSD_SlipPartitioning_0,SlipPartitioning,CoNi-AM90_SEM-DIC_EBSD_SlipPartitioning,core,sift,direct,none,0,1309,1493,13333,13333,20,10,4,homography,"[-3.3894926661288487, 18.76786651397118, 233.0548929075691, -1.7957035670788513, 9.716416270463164, 766.9582910982127, -0.0023228236805702667, 0.013433531162551113, 1.0]",564.870,515.799,50.94,ok,
eval_CoNi-AM90_SEM-DIC_EBSD_SlipPartitioning_0#14,eval_CoNi-AM90_SEM-DIC_EBSD_SlipPartitioning_0,SlipPartitioning,CoNi-AM90_SEM-DIC_EBSD_SlipPartitioning,core,sift,direct,none,0,,,,,20,,,,,,,,failed,only 1 correspondences
eval_CoNi-AM90_SEM-DIC_EBSD_SlipPartitioning_0#15,eval_CoNi-AM90_SEM-DIC_EBSD_SlipPartitioning_0,SlipPartitioning,CoNi-AM90_SEM-DIC_EBSD_SlipPartitioning,core,sift,direct,none,0,1309,1493,13333,13333,20,12,4,homography,"[-0.18910009812862053, -0.2668973679486065, 2794.6379927427765, -0.08758382097913901, -0.18563979483441936, 1388.7253873315751, -7.319114513611948e-05, -0.00014784785390251114, 1.0]",1501.982,733.731,57.61,ok,
eval_CoNi-AM90_SEM-DIC_EBSD_SlipPartitioning_0#16,eval_CoNi-AM90_SEM-DIC_EBSD_SlipPartitioning_0,SlipPartitioning,CoNi-AM90_SEM-DIC_EBSD_SlipPartitioning,core,sift,direct,none,0,1309,1493,13333,13333,20,19,5,homography,"[0.1927213641885972, 1.0965544207090703, -12266.362697580904, 0.012972643574461588, -1.3846314332699208, 10606.116428733296, 0.00025248214579400946, -0.0005996010745406783, 1.0]",12237.613,4076.113,47.33,ok,
eval_CoNi-AM90_SEM-DIC_EBSD_SlipPartitioning_0#17,eval_CoNi-AM90_SEM-DIC_EBSD_SlipPartitioning_0,SlipPartitioning,CoNi-AM90_SEM-DIC_EBSD_SlipPartitioning,core,sift,direct,none,0,,,,,20,,,,,,,,failed,only 0 correspondences
eval_CoNi-AM90_SEM-DIC_EBSD_SlipPartitioning_0#18,eval_CoNi-AM90_SEM-DIC_EBSD_SlipPartitioning_0,SlipPartitioning,CoNi-AM90_SEM-DIC_EBSD_SlipPartitioning,core,sift,direct,none,0,1309,1493,13333,13333,20,16,5,homography,"[-0.07201944864701142, -0.052964508208185115, 800.3415920922417, 0.0196171446997257, -0.008212322527408998, 72.19777974341604, -0.0001305956935348448, -2.7939903298290115e-05, 1.0]",1881.247,1162.718,50.93,ok,
eval_CoNi-AM90_SEM-DIC_EBSD_SlipPartitioning_0#19,eval_CoNi-AM90_SEM-DIC_EBSD_SlipPartitioning_0,SlipPartitioning,CoNi-AM90_SEM-DIC_EBSD_SlipPartitioning,core,sift,direct,none,0,1309,1493,13333,13333,20,14,4,homography,"[-0.6047608454370049, 0.5274214125436913, 1438.5603527214053, 1.0335736523170898, -0.9137539593311428, 762.6871067016319, 0.0006274110669853926, -0.0003855962158488784, 1.0]",2515.846,1513.113,48.02,ok,
eval_CoNi-AM90_SEM-DIC_EBSD_SlipPartitioning_0#20,eval_CoNi-AM90_SEM-DIC_EBSD_SlipPartitioning_0,SlipPartitioning,CoNi-AM90_SEM-DIC_EBSD_SlipPartitioning,core,sift,direct,none,0,,,,,20,,,,,,,,failed,only 0 correspondences
eval_CoNi-AM90_SEM-DIC_EBSD_SlipPartitioning_0#21,eval_CoNi-AM90_SEM-DIC_EBSD_SlipPartitioning_0,SlipPartitioning,CoNi-AM90_SEM-DIC_EBSD_SlipPartitioning,core,sift,direct,none,0,1309,1493,13333,13333,20,9,4,homography,"[-0.2109195551378244, 0.12199917663749427, 376.55295200613256, -0.5561130087760809, 0.22481642936631593, 1362.7704582358997, -0.00020383255340902364, 5.805002659270298e-05, 1.0]",4819.002,3289.306,45.62,ok,
eval_CoNi-AM90_SEM-DIC_EBSD_SlipPartitioning_0#22,eval_CoNi-AM90_SEM-DIC_EBSD_SlipPartitioning_0,SlipPartitioning,CoNi-AM90_SEM-DIC_EBSD_SlipPartitioning,core,sift,direct,none,0,1309,1493,13333,13333,20,24,4,affine,"[0.03893051917488415, 0.05624615259693991, 370.91794145686373, 0.02179202833624285, -0.05936203853027938, 1238.666853383572, 0.0, 0.0, 1.0]",661.156,568.401,47.74,ok,
eval_CoNi-AM90_SEM-DIC_EBSD_SlipPartitioning_0#23,eval_CoNi-AM90_SEM-DIC_EBSD_SlipPartitioning_0,SlipPartitioning,CoNi-AM90_SEM-DIC_EBSD_SlipPartitioning,core,sift,direct,none,0,,,,,20,,,,,,,,failed,only 0 correspondences
eval_CoNi-AM90_SEM-DIC_EBSD_SlipPartitioning_0#24,eval_CoNi-AM90_SEM-DIC_EBSD_SlipPartitioning_0,SlipPartitioning,CoNi-AM90_SEM-DIC_EBSD_SlipPartitioning,core,sift,direct,none,0,1309,1493,13333,13333,20,17,4,homography,"[0.03351550530291643, -0.017330716914859684, -369.87000343406817, -0.1854485898998694, -0.1172637898649853, 1756.4567711466607, -0.00010811218247380278, -0.00010717218610329121, 1.0]",4265.870,1276.424,51.21,ok,
eval_CoNi-AM90_SEM-DIC_EBSD_SlipPartitioning_0#25,eval_CoNi-AM90_SEM-DIC_EBSD_SlipPartitioning_0,SlipPartitioning,CoNi-AM90_SEM-DIC_EBSD_SlipPartitioning,core,sift,direct,none,0,1309,1493,13333,13333,20,23,6,homography,"[-6.242702740495449, -1.0358822534743455, 3321.560744922499, 0.21217771668244384, -2.605991559083427, 4622.499530118182, -0.013299336830998362, 0.0010078186271623196, 1.0]",1256.082,573.209,49.78,ok,
eval_CoNi-AM90_SEM-DIC_EBSD_SlipPartitioning_0#26,eval_CoNi-AM90_SEM-DIC_EBSD_SlipPartitioning_0,SlipPartitioning,CoNi-AM90_SEM-DIC_EBSD_SlipPartitioning,core,sift,direct,none,0,,,,,20,,,,,,,,failed,only 0 correspondences
eval_CoNi-AM90_SEM-EBSD_SameSlice_0#0,eval_CoNi-AM90_SEM-EBSD_SameSlice_0,SameSlice,CoNi-AM90_SEM-EBSD_SameSlice,core,sift,direct,none,0,1309,1493,12148,13089,47,30,4,homography,"[8.504430396631722, -1.3703078039122516, 685.283398718886, 3.379621360798457, -2.712478515610013, 4780.573236393924, 0.012822779371689354, -0.0051154444530075345, 1.0]",6104.229,676.691,45.40,ok,
eval_CoNi-AM90_SEM-EBSD_SameSlice_0#1,eval_CoNi-AM90_SEM-EBSD_SameSlice_0,SameSlice,CoNi-AM90_SEM-EBSD_SameSlice,core,sift,direct,none,0,1309,1493,12148,13089,47,15,4,homography,"[-0.8362519358904063, 0.6650063162437615, 1116.5194161788168, -0.5280745153160336, 0.6060588960996888, 829.1722919993857, -0.0009475642853564719, 0.0011283940261193513, 1.0]",998.899,571.051,41.11,ok,
eval_CoNi-AM90_SEM-EBSD_SameSlice_0#2,eval_CoNi-AM90_SEM-EBSD_SameSlice_0,SameSlice,CoNi-AM90_SEM-EBSD_SameSlice,core,sift,direct,none,0,,,,,47,,,,,,,,failed,only 0 correspondences
eval_CoNi-AM90_SEM-EBSD_SameSlice_0#3,eval_CoNi-AM90_SEM-EBSD_SameSlice_0,SameSlice,CoNi-AM90_SEM-EBSD_SameSlice,core,sift,direct,none,0,1309,1493,12148,13089,47,23,4,homography,"[0.022798612888540473, -0.10228401146063665, 637.7145256797932, -0.003771767385676565, -0.0020862501061156527, 17.17620871491626, 3.321893831294404e-05, -0.0001550358597039989, 1.0]",781.765,704.903,38.25,ok,
eval_CoNi-AM90_SEM-EBSD_SameSlice_0#4,eval_CoNi-AM90_SEM-EBSD_SameSlice_0,SameSlice,CoNi-AM90_SEM-EBSD_SameSlice,core,sift,direct,none,0,1309,1493,12148,13089,47,27,5,homography,"[-0.054052570377745995, 0.010967222693251934, 549.7057597882601, -0.11985274153277788, -0.04679987805962603, 1470.9285105432416, -8.543341289792816e-05, -6.865544779104671e-06, 1.0]",111486.667,1040.180,44.67,ok,
eval_CoNi-AM90_SEM-EBSD_SameSlice_0#5,eval_CoNi-AM90_SEM-EBSD_SameSlice_0,SameSlice,CoNi-AM90_SEM-EBSD_SameSlice,core,sift,direct,none,0,,,,,47,,,,,,,,failed,only 0 correspondences
eval_CoNi_SEM-SE_SEM-BSE_Cracks-SameSliceSerialSectioning_0#0,eval_CoNi_SEM-SE_SEM-BSE_Cracks-SameSliceSerialSectioning_0,SerialSectioning,CoNi_SEM-SE_SEM-BSE_Cracks-SameSliceSerialSectioning,core,sift,direct,none,0,2048,3072,1024,1536,61,245,8,homography,"[8.062301737251484, -0.07107472389461884, -8264.731737494005, -1.285748653112859, 5.070839200837366, 700.5436704682047, -0.0012003617461053859, 0.0027051402239209234, 1.0]",2987.218,2589.440,2.37,ok,
eval_In718-PrecipitationStrengthened_SEM-BSE_EBSD_SameSliceSerialSectioning_0#0,eval_In718-PrecipitationStrengthened_SEM-BSE_EBSD_SameSliceSerialSectioning_0,SerialSectioning,In718-PrecipitationStrengthened_SEM-BSE_EBSD_SameSliceSerialSectioning,core,sift,direct,none,0,4096,6144,451,671,22,45,6,homography,"[0.40492383917862834, -11.241400013048548, 5239.703231275139, 1.4198969218013338, -2.637444314773929, 839.2717411704402, 0.00011950631277776601, -0.002139595523693524, 1.0]",1866.386,2072.565,6.89,ok,
eval_In718-PrecipitationStrengthened_SEM-BSE_EBSD_SameSliceSerialSectioning_1#0,eval_In718-PrecipitationStrengthened_SEM-BSE_EBSD_SameSliceSerialSectioning_1,SerialSectioning,In718-PrecipitationStrengthened_SEM-BSE_EBSD_SameSliceSerialSectioning,core,sift,direct,none,0,4096,6144,451,671,33,63,6,affine,"[4.117323426324574, -3.495136603781034, 2221.4121661077784, -7.007821457744734, 8.730514237813848, 2553.655008945453, 0.0, 0.0, 1.0]",1535.999,1586.715,7.32,ok,
eval_In718-PrecipitationStrengthened_SEM-BSE_EBSD_SameSliceSerialSectioning_2#0,eval_In718-PrecipitationStrengthened_SEM-BSE_EBSD_SameSliceSerialSectioning_2,SerialSectioning,In718-PrecipitationStrengthened_SEM-BSE_EBSD_SameSliceSerialSectioning,core,sift,direct,none,0,4096,6144,451,671,46,42,6,homography,"[137.10062008456813, 639.8061422233712, -221762.5975990867, -58.6916698016554, 398.8230154344376, -61973.88661074952, -0.042076975803788615, 0.054701478011747566, 1.0]",93832.559,9133.476,8.10,ok,
eval_In718-PrecipitationStrengthened_SEM-BSE_EBSD_SameSliceSerialSectioning_3#0,eval_In718-PrecipitationStrengthened_SEM-BSE_EBSD_SameSliceSerialSectioning_3,SerialSectioning,In718-PrecipitationStrengthened_SEM-BSE_EBSD_SameSliceSerialSectioning,core,sift,direct,none,0,4096,6144,451,671,44,40,5,homography,"[-4.945738762991147, -3.8689813904786656, 3241.0405108963905, -0.8314944957715131, -0.01697919659523356, 476.5244713747714, -0.0015406271504804104, -0.001136770625123571, 1.0]",2312.443,1303.575,7.89,ok,
eval_In718-PrecipitationStrengthened_SEM-DIC_EBSD_SlipPartitioning_0#0,eval_In718-PrecipitationStrengthened_SEM-DIC_EBSD_SlipPartitioning_0,SlipPartitioning,In718-PrecipitationStrengthened_SEM-DIC_EBSD_SlipPartitioning,core,sift,direct,none,0,,,,,56,,,,,,,,failed,only 0 correspondences
eval_In718-PrecipitationStrengthened_SEM-DIC_EBSD_SlipPartitioning_0#1,eval_In718-PrecipitationStrengthened_SEM-DIC_EBSD_SlipPartitioning_0,SlipPartitioning,In718-PrecipitationStrengthened_SEM-DIC_EBSD_SlipPartitioning,core,sift,direct,none,0,,,,,56,,,,,,,,failed,only 0 correspondences
eval_In718-PrecipitationStrengthened_SEM-DIC_EBSD_SlipPartitioning_0#2,eval_In718-PrecipitationStrengthened_SEM-DIC_EBSD_SlipPartitioning_0,SlipPartitioning,In718-PrecipitationStrengthened_SEM-DIC_EBSD_SlipPartitioning,core,sift,direct,none,0,,,,,56,,,,,,,,failed,only 0 correspondences
eval_In718-PrecipitationStrengthened_SEM-DIC_EBSD_SlipPartitioning_0#3,eval_In718-PrecipitationStrengthened_SEM-DIC_EBSD_SlipPartitioning_0,SlipPartitioning,In718-PrecipitationStrengthened_SEM-DIC_EBSD_SlipPartitioning,core,sift,direct,none,0,,,,,56,,,,,,,,failed,only 0 correspondences
eval_In718-SolutionStrengthened_SEM-SE_EBSD_SameSliceSerialSectioning_0#0,eval_In718-SolutionStrengthened_SEM-SE_EBSD_SameSliceSerialSectioning_0,SerialSectioning,In718-SolutionStrengthened_SEM-SE_EBSD_SameSliceSerialSectioning,core,sift,direct,none,0,1024,1536,1536,1024,20,60,5,affine,"[4.6337805589418215, 0.6365845889615986, -4190.768063267417, 1.2478875929203506, 0.05167231742244624, -1239.5427539070533, 0.0, 0.0, 1.0]",2958.095,3184.779,0.43,ok,
eval_In718-SolutionStrengthened_SEM-SE_EBSD_SameSliceSerialSectioning_0#1,eval_In718-SolutionStrengthened_SEM-SE_EBSD_SameSliceSerialSectioning_0,SerialSectioning,In718-SolutionStrengthened_SEM-SE_EBSD_SameSliceSerialSectioning,core,sift,direct,none,0,433,512,1536,1024,39,11,4,homography,"[1.410325363932213, 0.009387122901922586, -25.36628249563328, 0.8321363574832251, 0.3075523586487131, -61.006024920541705, 0.005731045584241675, -0.002964423180324279, 1.0]",457.875,213.592,0.25,ok,
eval_In718-SolutionStrengthened_SEM-SE_EBSD_SameSliceSerialSectioning_0#2,eval_In718-SolutionStrengthened_SEM-SE_EBSD_SameSliceSerialSectioning_0,SerialSectioning,In718-SolutionStrengthened_SEM-SE_EBSD_SameSliceSerialSectioning,core,sift,direct,none,0,433,512,1536,1024,39,14,4,homography,"[53.17942725028738, -54.9656533855363, 34042.20989676661, 91.89108963919266, -60.032656192136024, 26610.782508041466, 0.21279193334453686, 0.19839711876176008, 1.0]",316.469,272.262,0.25,ok,
eval_In718-SolutionStrengthened_SEM-SE_EBSD_SameSliceSerialSectioning_0#3,eval_In718-SolutionStrengthened_SEM-SE_EBSD_SameSliceSerialSectioning_0,SerialSectioning,In718-SolutionStrengthened_SEM-SE_EBSD_SameSliceSerialSectioning,core,sift,direct,none,0,433,512,1536,1024,39,22,5,homography,"[0.8141041312764391, -0.015683754038200114, -772.0923581592313, -0.20846092730753898, -0.011781514949303674, 232.29113364236804, -0.0008472773125952552, -8.69169717344294e-05, 1.0]",907.973,928.385,0.25,ok,
eval_In718-SolutionStrengthened_SEM-SE_EBSD_SameSliceSerialSectioning_1#0,eval_In718-SolutionStrengthened_SEM-SE_EBSD_SameSliceSerialSectioning_1,SerialSectioning,In718-SolutionStrengthened_SEM-SE_EBSD_SameSliceSerialSectioning,core,sift,direct,none,0,1024,1536,433,512,26,6,3,affine,"[-0.023108661578839777, 0.30767300318491053, 701.1125239732646, -1.4126079307108348, -9.050061628779977, 1816.9156008504142, 0.0, 0.0, 1.0]",1264.659,964.310,0.24,ok,
eval_In718-SolutionStrengthened_SEM-SE_EBSD_SameSliceSerialSectioning_1#1,eval_In718-SolutionStrengthened_SEM-SE_EBSD_SameSliceSerialSectioning_1,SerialSectioning,In718-SolutionStrengthened_SEM-SE_EBSD_SameSliceSerialSectioning,core,sift,direct,none,0,1024,1536,433,512,26,56,7,homography,"[2.4300671568488377, -1.9210039549012867, -3.473973225711012, 0.06094418285899838, -0.03292398935767244, -4.027362901079689, 0.0009224556061535676, -0.003250427920137753, 1.0]",1367.273,630.146,0.24,ok,
eval_In718-SolutionStrengthened_SEM-SE_EBSD_SameSliceSerialSectioning_2#0,eval_In718-SolutionStrengthened_SEM-SE_EBSD_SameSliceSerialSectioning_2,SerialSectioning,In718-SolutionStrengthened_SEM-SE_EBSD_SameSliceSerialSectioning,core,sift,direct,none,0,1024,1536,433,512,44,34,6,homography,"[5.488681309218466, -11.018702605225451, 571.6656958724432, 0.07932519702791026, -0.1650934184365457, 8.719802722634485, 0.009370130480550035, -0.018899637133707948, 1.0]",592.360,626.605,0.24,ok,
eval_In718-SolutionStrengthened_SEM-SE_EBSD_SameSliceSerialSectioning_2#1,eval_In718-SolutionStrengthened_SEM-SE_EBSD_SameSliceSerialSectioning_2,SerialSectioning,In718-SolutionStrengthened_SEM-SE_EBSD_SameSliceSerialSectioning,core,sift,direct,none,0,1024,1536,433,512,44,52,5,affine,"[-15.22716336428697, 3.7141111615237077, 2536.116764427277, 73.88464476236935, -16.75219670993674, -9828.253423844735, 0.0, 0.0, 1.0]",9944.721,8075.319,0.24,ok,
eval_In718-SolutionStrengthened_SEM-SE_EBSD_SameSliceSerialSectioning_3#0,eval_In718-SolutionStrengthened_SEM-SE_EBSD_SameSliceSerialSectioning_3,SerialSectioning,In718-SolutionStrengthened_SEM-SE_EBSD_SameSliceSerialSectioning,core,sift,direct,none,0,1024,1536,433,512,53,31,5,homography,"[3.0651821108889434, -6.383519113262782, 1017.9646067814465, 0.023884755161770296, -0.19717780624152803, 61.654353756711124, 0.0029050877690957417, -0.00615271678304372, 1.0]",654.157,641.308,0.24,ok,
eval_In718-SolutionStrengthened_SEM-SE_EBSD_SameSliceSerialSectioning_3#1,eval_In718-SolutionStrengthened_SEM-SE_EBSD_SameSliceSerialSectioning_3,SerialSectioning,In718-SolutionStrengthened_SEM-SE_EBSD_SameSliceSerialSectioning,core,sift,direct,none,0,1024,1536,433,512,53,41,5,affine,"[-0.028168114529464158, 3.2752864968510873, 674.4596439254589, -0.1927092196993151, 5.032448434745049, -106.2814227355392, 0.0, 0.0, 1.0]",731.171,674.173,0.59,ok,
eval_MoTaTiZrHf-HEA-DDRX-1100C_TEM_DislocationCharacterization_0#0,eval_MoTaTiZrHf-HEA-DDRX-1100C_TEM_DislocationCharacterization_0,DislocationCharacterization,MoTaTiZrHf-HEA-DDRX-1100C_TEM_DislocationCharacterization,core,sift,direct,none,0,2192,2048,2192,2048,24,742,686,affine,"[0.9999994577809348, -3.264442164122906e-06, 0.007822777869137099, 6.683777110874587e-07, 0.9999812429331325, 0.04011037675491025, 0.0, 0.0, 1.0]",73.703,69.969,2.59,ok,
eval_MoTaTiZrHf-HEA-DDRX-1100C_TEM_DislocationCharacterization_0#1,eval_MoTaTiZrHf-HEA-DDRX-1100C_TEM_DislocationCharacterization_0,DislocationCharacterization,MoTaTiZrHf-HEA-DDRX-1100C_TEM_DislocationCharacterization,core,sift,direct,none,0,2192,2048,2192,2048,24,779,636,homography,"[1.0, 0.0, 0.0, 0.0, 1.0, 0.0, 0.0, 0.0, 1.0]",73.689,69.962,2.84,ok,
eval_MoTaTiZrHf-HEA-DDRX-1100C_TEM_DislocationCharacterization_0#2,eval_MoTaTiZrHf-HEA-DDRX-1100C_TEM_DislocationCharacterization_0,DislocationCharacterization,MoTaTiZrHf-HEA-DDRX-1100C_TEM_DislocationCharacterization,core,sift,direct,none,0,2192,2048,2192,2048,24,714,358,affine,"[1.0, 3.261897772123822e-06, -0.006837307242228529, 0.0, 0.9999934762044558, 0.013674614484443737, 0.0, 0.0, 1.0]",73.693,69.963,2.23,ok,
eval_MoTaTiZrHf-HEA-DDRX-1100C_TEM_DislocationCharacterization_0#3,eval_MoTaTiZrHf-HEA-DDRX-1100C_TEM_DislocationCharacterization_0,DislocationCharacterization,MoTaTiZrHf-HEA-DDRX-1100C_TEM_DislocationCharacterization,core,sift,direct,none,0,2192,2048,2192,2048,24,672,347,affine,"[1.0, 0.0, 0.0, -0.0, 1.0000017410865076, -0.0036131149627181003, 0.0, 0.0, 1.0]",73.688,69.961,2.12,ok,
eval_MoTaTiZrHf-HEA-DDRX-1100C_TEM_DislocationCharacterization_0#4,eval_MoTaTiZrHf-HEA-DDRX-1100C_TEM_DislocationCharacterization_0,DislocationCharacterization,MoTaTiZrHf-HEA-DDRX-1100C_TEM_DislocationCharacterization,core,sift,direct,none,0,2192,2048,2192,2048,17,769,716,affine,"[0.9999971091248103, -3.594367252729799e-05, 0.08007316624264149, 2.1442721366458394e-06, 0.9999015491317118, 0.21098622685030932, 0.0, 0.0, 1.0]",187.564,194.160,2.92,ok,
eval_MoTaTiZrHf-HEA-DDRX-1100C_TEM_DislocationCharacterization_0#5,eval_MoTaTiZrHf-HEA-DDRX-1100C_TEM_DislocationCharacterization_0,DislocationCharacterization,MoTaTiZrHf-HEA-DDRX-1100C_TEM_DislocationCharacterization,core,sift,direct,none,0,2192,2048,2192,2048,17,718,628,affine,"[1.0, 0.0, 0.0, -0.0, 1.0000057101417827, -0.011932286439787276, 0.0, 0.0, 1.0]",187.488,194.118,2.13,ok,
eval_MoTaTiZrHf-HEA-DDRX-1100C_TEM_DislocationCharacterization_0#6,eval_MoTaTiZrHf-HEA-DDRX-1100C_TEM_DislocationCharacterization_0,DislocationCharacterization,MoTaTiZrHf-HEA-DDRX-1100C_TEM_DislocationCharacterization,core,sift,direct,none,0,2192,2048,2192,2048,17,829,367,affine,"[1.0000059658751939, 3.72867199618184e-07, -0.0012522601978885639, 0.0, 1.0, 0.0, 0.0, 0.0, 1.0]",187.494,194.123,3.09,ok,
eval_MoTaTiZrHf-HEA-DDRX-1100C_TEM_DislocationCharacterization_0#7,eval_MoTaTiZrHf-HEA-DDRX-1100C_TEM_DislocationCharacterization_0,DislocationCharacterization,MoTaTiZrHf-HEA-DDRX-1100C_TEM_DislocationCharacterization,core,sift,direct,none,0,2192,2048,2192,2048,17,645,350,affine,"[1.0, 0.0, 0.0, -0.0, 0.9999998580187798, 0.00030495794817397837, 0.0, 0.0, 1.0]",187.492,194.120,2.21,ok,
eval_MoTaTiZrHf-HEA-DDRX-1100C_TEM_DislocationCharacterization_0#8,eval_MoTaTiZrHf-HEA-DDRX-1100C_TEM_DislocationCharacterization_0,DislocationCharacterization,MoTaTiZrHf-HEA-DDRX-1100C_TEM_DislocationCharacterization,core,sift,direct,none,0,2192,2048,2192,2048,24,678,634,homography,"[1.0, 0.0, 0.0, 0.0, 1.0, 0.0, 0.0, 0.0, 1.0]",73.689,69.962,3.02,ok,
eval_MoTaTiZrHf-HEA-DDRX-1100C_TEM_DislocationCharacterization_0#9,eval_MoTaTiZrHf-HEA-DDRX-1100C_TEM_DislocationCharacterization_0,DislocationCharacterization,MoTaTiZrHf-HEA-DDRX-1100C_TEM_DislocationCharacterization,core,sift,direct,none,0,2192,2048,2192,2048,24,708,677,affine,"[1.0000006472073315, 7.383990441108561e-05, -0.15988979562143868, 8.904154554923862e-06, 1.000098387384053, -0.21966551136938506, 0.0, 0.0, 1.0]",73.615,69.905,2.09,ok,
eval_MoTaTiZrHf-HEA-DDRX-1100C_TEM_DislocationCharacterization_0#10,eval_MoTaTiZrHf-HEA-DDRX-1100C_TEM_DislocationCharacterization_0,DislocationCharacterization,MoTaTiZrHf-HEA-DDRX-1100C_TEM_DislocationCharacterization,core,sift,direct,none,0,2192,2048,2192,2048,24,635,368,homography,"[1.0, 0.0, 0.0, 0.0, 1.0, 0.0, 0.0, 0.0, 1.0]",73.689,69.962,2.33,ok,
eval_MoTaTiZrHf-HEA-DDRX-1100C_TEM_DislocationCharacterization_0#11,eval_MoTaTiZrHf-HEA-DDRX-1100C_TEM_DislocationCharacterization_0,DislocationCharacterization,MoTaTiZrHf-HEA-DDRX-1100C_TEM_DislocationCharacterization,core,sift,direct,none,0,2192,2048,2192,2048,24,632,357,affine,"[1.0, -0.0, 0.0, 0.0, 1.000005248599936, -0.010879730034048407, 0.0, 0.0, 1.0]",73.686,69.960,2.10,ok,
eval_MoTaTiZrHf-HEA-DDRX-1100C_TEM_DislocationCharacterization_0#12,eval_MoTaTiZrHf-HEA-DDRX-1100C_TEM_DislocationCharacterization_0,DislocationCharacterization,MoTaTiZrHf-HEA-DDRX-1100C_TEM_DislocationCharacterization,core,sift,direct,none,0,2192,2048,2192,2048,17,676,630,affine,"[1.0000006088721938, 3.849097288972072e-06, -0.008458242853407683, -8.877501368161971e-07, 1.000004349704267, -0.008747618001507362, 0.0, 0.0, 1.0]",187.488,194.117,2.23,ok,
eval_MoTaTiZrHf-HEA-DDRX-1100C_TEM_DislocationCharacterization_0#13,eval_MoTaTiZrHf-HEA-DDRX-1100C_TEM_DislocationCharacterization_0,DislocationCharacterization,MoTaTiZrHf-HEA-DDRX-1100C_TEM_DislocationCharacterization,core,sift,direct,none,0,2192,2048,2192,2048,17,738,689,homography,"[1.0, 0.0, 0.0, 0.0, 1.0, 0.0, 0.0, 0.0, 1.0]",187.492,194.119,2.09,ok,
eval_MoTaTiZrHf-HEA-DDRX-1100C_TEM_DislocationCharacterization_0#14,eval_MoTaTiZrHf-HEA-DDRX-1100C_TEM_DislocationCharacterization_0,DislocationCharacterization,MoTaTiZrHf-HEA-DDRX-1100C_TEM_DislocationCharacterization,core,sift,direct,none,0,2192,2048,2192,2048,17,625,367,affine,"[1.0, 0.0, -3.814697265625e-06, -0.0, 1.0, 0.0, 0.0, 0.0, 1.0]",187.492,194.119,2.15,ok,
eval_MoTaTiZrHf-HEA-DDRX-1100C_TEM_DislocationCharacterization_0#15,eval_MoTaTiZrHf-HEA-DDRX-1100C_TEM_DislocationCharacterization_0,DislocationCharacterization,MoTaTiZrHf-HEA-DDRX-1100C_TEM_DislocationCharacterization,core,sift,direct,none,0,2192,2048,2192,2048,17,634,359,affine,"[0.9999999999999999, 2.589868434683518e-06, -0.005563605195976058, -0.0, 0.9999999999999999, 4.547473508864641e-13, 0.0, 0.0, 1.0]",187.492,194.119,2.06,ok,
eval_MoTaTiZrHf-HEA-DDRX-1100C_TEM_DislocationCharacterization_0#16,eval_MoTaTiZrHf-HEA-DDRX-1100C_TEM_DislocationCharacterization_0,DislocationCharacterization,MoTaTiZrHf-HEA-DDRX-1100C_TEM_DislocationCharacterization,core,sift,direct,none,0,2192,2048,2192,2048,24,640,363,affine,"[1.0, 0.0, 0.0, -0.0, 0.9999984920046084, 0.0031608779936505016, 0.0, 0.0, 1.0]",73.690,69.962,2.25,ok,
eval_MoTaTiZrHf-HEA-DDRX-1100C_TEM_DislocationCharacterization_0#17,eval_MoTaTiZrHf-HEA-DDRX-1100C_TEM_DislocationCharacterization_0,DislocationCharacterization,MoTaTiZrHf-HEA-DDRX-1100C_TEM_DislocationCharacterization,core,sift,direct,none,0,2192,2048,2192,2048,24,648,372,affine,"[0.9999977514901999, -3.372764700194946e-06, 0.008483179667824404, 0.0, 1.0000022485098001, -0.004643651972855878, 0.0, 0.0, 1.0]",73.687,69.962,2.16,ok,
eval_MoTaTiZrHf-HEA-DDRX-1100C_TEM_DislocationCharacterization_0#18,eval_MoTaTiZrHf-HEA-DDRX-1100C_TEM_DislocationCharacterization_0,DislocationCharacterization,MoTaTiZrHf-HEA-DDRX-1100C_TEM_DislocationCharacterization,core,sift,direct,none,0,2192,2048,2192,2048,24,701,622,affine,"[1.000005102265767, -2.8141671344353373e-05, 0.06086425806279294, -9.012767753018583e-06, 0.9998142576257575, 0.407232704375474, 0.0, 0.0, 1.0]",73.820,70.038,2.20,ok,
eval_MoTaTiZrHf-HEA-DDRX-1100C_TEM_DislocationCharacterization_0#19,eval_MoTaTiZrHf-HEA-DDRX-1100C_TEM_DislocationCharacterization_0,DislocationCharacterization,MoTaTiZrHf-HEA-DDRX-1100C_TEM_DislocationCharacterization,core,sift,direct,none,0,2192,2048,2192,2048,24,595,335,affine,"[1.0, 0.0, 0.0, -0.0, 1.0, 0.0, 0.0, 0.0, 1.0]",73.689,69.962,2.84,ok,
eval_MoTaTiZrHf-HEA-DDRX-1100C_TEM_DislocationCharacterization_0#20,eval_MoTaTiZrHf-HEA-DDRX-1100C_TEM_DislocationCharacterization_0,DislocationCharacterization,MoTaTiZrHf-HEA-DDRX-1100C_TEM_DislocationCharacterization,core,sift,direct,none,0,2192,2048,2192,2048,17,635,370,homography,"[1.0000002590517714, 1.1337267225612449e-07, -0.0002415739114002679, -2.7313202926109722e-08, 1.0000005271671897, -0.0005526022294141181, -1.2906747570509254e-11, 1.2568421597259357e-10, 1.0]",187.492,194.119,2.24,ok,
eval_MoTaTiZrHf-HEA-DDRX-1100C_TEM_DislocationCharacterization_0#21,eval_MoTaTiZrHf-HEA-DDRX-1100C_TEM_DislocationCharacterization_0,DislocationCharacterization,MoTaTiZrHf-HEA-DDRX-1100C_TEM_DislocationCharacterization,core,sift,direct,none,0,2192,2048,2192,2048,17,655,367,homography,"[1.0000063057917883, 1.0317821613122362e-06, -0.002399432119202109, 1.345333746006051e-06, 1.0000114112881462, -0.012460530036797136, 6.504064205809544e-10, 2.6043045292202167e-09, 1.0]",187.490,194.120,2.77,ok,
eval_MoTaTiZrHf-HEA-DDRX-1100C_TEM_DislocationCharacterization_0#22,eval_MoTaTiZrHf-HEA-DDRX-1100C_TEM_DislocationCharacterization_0,DislocationCharacterization,MoTaTiZrHf-HEA-DDRX-1100C_TEM_DislocationCharacterization,core,sift,direct,none,0,2192,2048,2192,2048,17,714,638,affine,"[1.000002155021663, -3.0050772782130173e-05, 0.06662277184591403, -4.4065127075979575e-06, 0.9999031137488417, 0.21251220423209816, 0.0, 0.0, 1.0]",187.562,194.156,2.21,ok,
eval_MoTaTiZrHf-HEA-DDRX-1100C_TEM_DislocationCharacterization_0#23,eval_MoTaTiZrHf-HEA-DDRX-1100C_TEM_DislocationCharacterization_0,DislocationCharacterization,MoTaTiZrHf-HEA-DDRX-1100C_TEM_DislocationCharacterization,core,sift,direct,none,0,2192,2048,2192,2048,17,593,338,affine,"[0.9999999999999999, -0.0, 1.4210854715202004e-14, 0.0, 0.9999999999999999, 4.547473508864641e-13, 0.0, 0.0, 1.0]",187.492,194.119,2.10,ok,
eval_MoTaTiZrHf-HEA-DDRX-1100C_TEM_DislocationCharacterization_0#24,eval_MoTaTiZrHf-HEA-DDRX-1100C_TEM_DislocationCharacterization_0,DislocationCharacterization,MoTaTiZrHf-HEA-DDRX-1100C_TEM_DislocationCharacterization,core,sift,direct,none,0,2192,2048,2192,2048,24,631,341,affine,"[1.0000000158735374, -5.2792639777855736e-08, 0.00010842179773362659, 1.1828754093278132e-08, 1.0000001971124053, -0.0004308268744352972, 0.0, 0.0, 1.0]",73.689,69.962,2.84,ok,
eval_MoTaTiZrHf-HEA-DDRX-1100C_TEM_DislocationCharacterization_0#25,eval_MoTaTiZrHf-HEA-DDRX-1100C_TEM_DislocationCharacterization_0,DislocationCharacterization,MoTaTiZrHf-HEA-DDRX-1100C_TEM_DislocationCharacterization,core,sift,direct,none,0,2192,2048,2192,2048,24,630,358,affine,"[1.0, -0.0, 0.0, 0.0, 1.0, 0.0, 0.0, 0.0, 1.0]",73.689,69.962,2.61,ok,
eval_MoTaTiZrHf-HEA-DDRX-1100C_TEM_DislocationCharacterization_0#26,eval_MoTaTiZrHf-HEA-DDRX-1100C_TEM_DislocationCharacterization_0,DislocationCharacterization,MoTaTiZrHf-HEA-DDRX-1100C_TEM_DislocationCharacterization,core,sift,direct,none,0,2192,2048,2192,2048,24,594,336,affine,"[1.0, -0.0, 0.0, 0.0, 0.9999963959288413, 0.00776286922973668, 0.0, 0.0, 1.0]",73.691,69.963,2.52,ok,
eval_MoTaTiZrHf-HEA-DDRX-1100C_TEM_DislocationCharacterization_0#27,eval_MoTaTiZrHf-HEA-DDRX-1100C_TEM_DislocationCharacterization_0,DislocationCharacterization,MoTaTiZrHf-HEA-DDRX-1100C_TEM_DislocationCharacterization,core,sift,direct,none,0,2192,2048,2192,2048,24,800,768,affine,"[0.9999829611196511, 0.0001695951705220829, -0.34643392081238744, -2.453033112975092e-06, 0.9999567868354101, 0.09616993479448865, 0.0, 0.0, 1.0]",73.698,70.052,2.80,ok,
eval_MoTaTiZrHf-HEA-DDRX-1100C_TEM_DislocationCharacterization_0#28,eval_MoTaTiZrHf-HEA-DDRX-1100C_TEM_DislocationCharacterization_0,DislocationCharacterization,MoTaTiZrHf-HEA-DDRX-1100C_TEM_DislocationCharacterization,core,sift,direct,none,0,2192,2048,2192,2048,17,635,348,homography,"[0.9999854531283948, -3.7871522366957388e-06, 0.007895461194108682, 2.182872868009463e-06, 0.9999617414659385, 0.04792216546712844, 6.889986610906832e-10, -7.304993342389326e-09, 1.0]",187.503,194.122,2.17,ok,
eval_MoTaTiZrHf-HEA-DDRX-1100C_TEM_DislocationCharacterization_0#29,eval_MoTaTiZrHf-HEA-DDRX-1100C_TEM_DislocationCharacterization_0,DislocationCharacterization,MoTaTiZrHf-HEA-DDRX-1100C_TEM_DislocationCharacterization,core,sift,direct,none,0,2192,2048,2192,2048,17,634,353,affine,"[1.0, 0.0, 0.0, -0.0, 0.9999967607461168, 0.006949846938368864, 0.0, 0.0, 1.0]",187.494,194.121,2.81,ok,
eval_MoTaTiZrHf-HEA-DDRX-1100C_TEM_DislocationCharacterization_0#30,eval_MoTaTiZrHf-HEA-DDRX-1100C_TEM_DislocationCharacterization_0,DislocationCharacterization,MoTaTiZrHf-HEA-DDRX-1100C_TEM_DislocationCharacterization,core,sift,direct,none,0,2192,2048,2192,2048,17,594,339,affine,"[1.0, -0.0, 0.0, 0.0, 1.0000032869673716, -0.006827959703059605, 0.0, 0.0, 1.0]",187.490,194.119,2.30,ok,
eval_MoTaTiZrHf-HEA-DDRX-1100C_TEM_DislocationCharacterization_0#31,eval_MoTaTiZrHf-HEA-DDRX-1100C_TEM_DislocationCharacterization_0,DislocationCharacterization,MoTaTiZrHf-HEA-DDRX-1100C_TEM_DislocationCharacterization,core,sift,direct,none,0,2192,2048,2192,2048,17,814,767,homography,"[1.0004030892772937, 0.00022405822925546733, -0.48221339655360035, 1.871883715616756e-05, 1.0007713332206072, -0.8220304941636184, 9.310018945743994e-09, 1.812395946201212e-07, 1.0]",187.352,194.113,2.95,ok,
eval_MoTaTiZrHf-HEA-DDRX-900C_TEM_DislocationCharacterization_0#0,eval_MoTaTiZrHf-HEA-DDRX-900C_TEM_DislocationCharacterization_0,DislocationCharacterization,MoTaTiZrHf-HEA-DDRX-900C_TEM_DislocationCharacterization,core,sift,direct,none,0,2192,2048,2192,2048,13,844,734,affine,"[1.0, 0.0, 0.0, -0.0, 1.0, 0.0, 0.0, 0.0, 1.0]",59.227,59.467,2.33,ok,
eval_MoTaTiZrHf-HEA-DDRX-900C_TEM_DislocationCharacterization_0#1,eval_MoTaTiZrHf-HEA-DDRX-900C_TEM_DislocationCharacterization_0,DislocationCharacterization,MoTaTiZrHf-HEA-DDRX-900C_TEM_DislocationCharacterization,core,sift,direct,none,0,2192,2048,2192,2048,13,680,344,affine,"[0.9999999999999999, 0.0, 5.684341886080802e-14, -0.0, 0.9999999999999999, 4.547473508864641e-13, 0.0, 0.0, 1.0]",59.227,59.467,3.06,ok,
eval_MoTaTiZrHf-HEA-DDRX-900C_TEM_DislocationCharacterization_0#2,eval_MoTaTiZrHf-HEA-DDRX-900C_TEM_DislocationCharacterization_0,DislocationCharacterization,MoTaTiZrHf-HEA-DDRX-900C_TEM_DislocationCharacterization,core,sift,direct,none,0,2192,2048,2192,2048,13,682,349,affine,"[1.0, -0.0, 0.0, 0.0, 0.9999987186091271, 0.0027674798707266746, 0.0, 0.0, 1.0]",59.226,59.467,2.37,ok,
eval_MoTaTiZrHf-HEA-DDRX-900C_TEM_DislocationCharacterization_0#3,eval_MoTaTiZrHf-HEA-DDRX-900C_TEM_DislocationCharacterization_0,DislocationCharacterization,MoTaTiZrHf-HEA-DDRX-900C_TEM_DislocationCharacterization,core,sift,direct,none,0,2192,2048,2192,2048,13,679,342,affine,"[1.0, 0.0, 0.0, -0.0, 1.0, 0.0, 0.0, 0.0, 1.0]",59.227,59.467,2.84,ok,
eval_MoTaTiZrHf-HEA-DDRX-900C_TEM_DislocationCharacterization_0#4,eval_MoTaTiZrHf-HEA-DDRX-900C_TEM_DislocationCharacterization_0,DislocationCharacterization,MoTaTiZrHf-HEA-DDRX-900C_TEM_DislocationCharacterization,core,sift,direct,none,0,2192,2048,2192,2048,13,698,346,affine,"[1.0, -0.0, 0.0, 0.0, 1.000001148692336, -0.002407403372671979, 0.0, 0.0, 1.0]",59.227,59.468,2.15,ok,
eval_MoTaTiZrHf-HEA-DDRX-900C_TEM_DislocationCharacterization_0#5,eval_MoTaTiZrHf-HEA-DDRX-900C_TEM_DislocationCharacterization_0,DislocationCharacterization,MoTaTiZrHf-HEA-DDRX-900C_TEM_DislocationCharacterization,core,sift,direct,none,0,2192,2048,2192,2048,13,800,672,affine,"[1.000000126016019, -1.4503180965855426e-06, 0.003065471694299049, 8.865327170227102e-07, 0.9999884750724203, 0.02413284264093818, 0.0, 0.0, 1.0]",59.222,59.460,2.83,ok,
eval_MoTaTiZrHf-HEA-DDRX-900C_TEM_DislocationCharacterization_0#6,eval_MoTaTiZrHf-HEA-DDRX-900C_TEM_DislocationCharacterization_0,DislocationCharacterization,MoTaTiZrHf-HEA-DDRX-900C_TEM_DislocationCharacterization,core,sift,direct,none,0,2192,2048,2192,2048,13,737,601,homography,"[1.0, 0.0, 0.0, 0.0, 1.0, 0.0, 0.0, 0.0, 1.0]",59.227,59.467,2.23,ok,
eval_MoTaTiZrHf-HEA-DDRX-900C_TEM_DislocationCharacterization_0#7,eval_MoTaTiZrHf-HEA-DDRX-900C_TEM_DislocationCharacterization_0,DislocationCharacterization,MoTaTiZrHf-HEA-DDRX-900C_TEM_DislocationCharacterization,core,sift,direct,none,0,2192,2048,2192,2048,13,705,365,affine,"[1.0, -0.0, 0.0, 0.0, 0.9999996638203456, 0.0007272234838637814, 0.0, 0.0, 1.0]",59.226,59.467,3.00,ok,
eval_MoTaTiZrHf-HEA-DDRX-900C_TEM_DislocationCharacterization_0#8,eval_MoTaTiZrHf-HEA-DDRX-900C_TEM_DislocationCharacterization_0,DislocationCharacterization,MoTaTiZrHf-HEA-DDRX-900C_TEM_DislocationCharacterization,core,sift,direct,none,0,2192,2048,2192,2048,13,698,359,affine,"[0.9999999999999999, 0.0, 5.684341886080802e-14, -0.0, 0.9999999999999999, 4.547473508864641e-13, 0.0, 0.0, 1.0]",59.227,59.467,2.32,ok,
eval_MoTaTiZrHf-HEA-DDRX-900C_TEM_DislocationCharacterization_0#9,eval_MoTaTiZrHf-HEA-DDRX-900C_TEM_DislocationCharacterization_0,DislocationCharacterization,MoTaTiZrHf-HEA-DDRX-900C_TEM_DislocationCharacterization,core,sift,direct,none,0,2192,2048,2192,2048,13,743,599,affine,"[1.0, 0.0, 0.0, -0.0, 1.000000919453146, -0.001994189267861657, 0.0, 0.0, 1.0]",59.227,59.468,2.11,ok,
eval_MoTaTiZrHf-HEA-DDRX-900C_TEM_DislocationCharacterization_0#10,eval_MoTaTiZrHf-HEA-DDRX-900C_TEM_DislocationCharacterization_0,DislocationCharacterization,MoTaTiZrHf-HEA-DDRX-900C_TEM_DislocationCharacterization,core,sift,direct,none,0,2192,2048,2192,2048,13,766,647,affine,"[1.0, 0.0, 0.0, -0.0, 0.9999821422041792, 0.03873236890603948, 0.0, 0.0, 1.0]",59.220,59.459,2.19,ok,
eval_MoTaTiZrHf-HEA-DDRX-900C_TEM_DislocationCharacterization_0#11,eval_MoTaTiZrHf-HEA-DDRX-900C_TEM_DislocationCharacterization_0,DislocationCharacterization,MoTaTiZrHf-HEA-DDRX-900C_TEM_DislocationCharacterization,core,sift,direct,none,0,2192,2048,2192,2048,13,725,365,affine,"[1.0, -0.0, 0.0, 0.0, 1.0000021987864165, -0.004660873748889571, 0.0, 0.0, 1.0]",59.227,59.468,2.13,ok,
eval_MoTaTiZrHf-HEA-DDRX-900C_TEM_DislocationCharacterization_0#12,eval_MoTaTiZrHf-HEA-DDRX-900C_TEM_DislocationCharacterization_0,DislocationCharacterization,MoTaTiZrHf-HEA-DDRX-900C_TEM_DislocationCharacterization,core,sift,direct,none,0,2192,2048,2192,2048,13,673,340,affine,"[1.0, -0.0, 0.0, 0.0, 1.0, 0.0, 0.0, 0.0, 1.0]",59.227,59.467,2.25,ok,
eval_MoTaTiZrHf-HEA-DDRX-900C_TEM_DislocationCharacterization_0#13,eval_MoTaTiZrHf-HEA-DDRX-900C_TEM_DislocationCharacterization_0,DislocationCharacterization,MoTaTiZrHf-HEA-DDRX-900C_TEM_DislocationCharacterization,core,sift,direct,none,0,2192,2048,2192,2048,13,722,361,affine,"[1.0, -0.0, 0.0, 0.0, 0.999995030385642, 0.010402545765373361, 0.0, 0.0, 1.0]",59.225,59.465,2.25,ok,
eval_MoTaTiZrHf-HEA-DDRX-900C_TEM_DislocationCharacterization_0#14,eval_MoTaTiZrHf-HEA-DDRX-900C_TEM_DislocationCharacterization_0,DislocationCharacterization,MoTaTiZrHf-HEA-DDRX-900C_TEM_DislocationCharacterization,core,sift,direct,none,0,2192,2048,2192,2048,13,717,360,affine,"[1.0, -0.0, 0.0, 0.0, 1.0, 0.0, 0.0, 0.0, 1.0]",59.227,59.467,2.25,ok,
eval_MoTaTiZrHf-HEA-DDRX-900C_TEM_DislocationCharacterization_0#15,eval_MoTaTiZrHf-HEA-DDRX-900C_TEM_DislocationCharacterization_0,DislocationCharacterization,MoTaTiZrHf-HEA-DDRX-900C_TEM_DislocationCharacterization,core,sift,direct,none,0,2192,2048,2192,2048,13,755,620,affine,"[1.0, -0.0, 0.0, 0.0, 0.9999976657384086, 0.004861519771566236, 0.0, 0.0, 1.0]",59.226,59.466,2.21,ok,
eval_MoTaTiZrHf-HEA-DDRX-900C_TEM_largeFOV-DislocationCharacterization_0#0,eval_MoTaTiZrHf-HEA-DDRX-900C_TEM_largeFOV-DislocationCharacterization_0,DislocationCharacterization,MoTaTiZrHf-HEA-DDRX-900C_TEM_largeFOV-DislocationCharacterization,core,sift,direct,none,0,4384,4096,4384,4096,18,955,947,homography,"[1.0, 0.0, 0.0, 0.0, 1.0, 0.0, 0.0, 0.0, 1.0]",510.141,509.979,9.40,ok,
eval_MoTaTiZrHf-HEA-DDRX-900C_TEM_largeFOV-DislocationCharacterization_0#1,eval_MoTaTiZrHf-HEA-DDRX-900C_TEM_largeFOV-DislocationCharacterization_0,DislocationCharacterization,MoTaTiZrHf-HEA-DDRX-900C_TEM_largeFOV-DislocationCharacterization,core,sift,direct,none,0,4384,4096,4384,4096,18,878,836,affine,"[1.000000001839565, 2.298755964042044e-16, -3.136036411888199e-06, 2.382991139231382e-09, 1.0000001724321423, -0.0007567939755972475, 0.0, 0.0, 1.0]",510.141,509.979,12.32,ok,
eval_MoTaTiZrHf-HEA-DDRX-900C_TEM_largeFOV-DislocationCharacterization_0#2,eval_MoTaTiZrHf-HEA-DDRX-900C_TEM_largeFOV-DislocationCharacterization_0,DislocationCharacterization,MoTaTiZrHf-HEA-DDRX-900C_TEM_largeFOV-DislocationCharacterization,core,sift,direct,none,0,4384,4096,4384,4096,18,851,810,affine,"[1.0, -0.0, 0.0, 0.0, 1.0, 0.0, 0.0, 0.0, 1.0]",510.141,509.979,10.89,ok,
eval_MoTaTiZrHf-HEA-DDRX-900C_TEM_largeFOV-DislocationCharacterization_0#3,eval_MoTaTiZrHf-HEA-DDRX-900C_TEM_largeFOV-DislocationCharacterization_0,DislocationCharacterization,MoTaTiZrHf-HEA-DDRX-900C_TEM_largeFOV-DislocationCharacterization,core,sift,direct,none,0,4384,4096,4384,4096,27,947,944,affine,"[0.9999999127530498, -3.5327663656640386e-07, 0.0017078674759432033, -7.105849680902752e-08, 0.9999993700837335, 0.0028778345558748697, 0.0, 0.0, 1.0]",434.075,434.201,10.93,ok,
eval_MoTaTiZrHf-HEA-DDRX-900C_TEM_largeFOV-DislocationCharacterization_0#4,eval_MoTaTiZrHf-HEA-DDRX-900C_TEM_largeFOV-DislocationCharacterization_0,DislocationCharacterization,MoTaTiZrHf-HEA-DDRX-900C_TEM_largeFOV-DislocationCharacterization,core,sift,direct,none,0,4384,4096,4384,4096,27,870,828,affine,"[1.0, -0.0, 0.0, 0.0, 1.0, 0.0, 0.0, 0.0, 1.0]",434.076,434.203,11.04,ok,
eval_MoTaTiZrHf-HEA-DDRX-900C_TEM_largeFOV-DislocationCharacterization_0#5,eval_MoTaTiZrHf-HEA-DDRX-900C_TEM_largeFOV-DislocationCharacterization_0,DislocationCharacterization,MoTaTiZrHf-HEA-DDRX-900C_TEM_largeFOV-DislocationCharacterization,core,sift,direct,none,0,4384,4096,4384,4096,27,858,820,homography,"[1.0, 0.0, 0.0, 0.0, 1.0, 0.0, 0.0, 0.0, 1.0]",434.076,434.203,11.72,ok,
eval_MoTaTiZrHf-HEA-DDRX-900C_TEM_largeFOV-DislocationCharacterization_0#6,eval_MoTaTiZrHf-HEA-DDRX-900C_TEM_largeFOV-DislocationCharacterization_0,DislocationCharacterization,MoTaTiZrHf-HEA-DDRX-900C_TEM_largeFOV-DislocationCharacterization,core,sift,direct,none,0,4384,4096,4384,4096,18,855,829,affine,"[0.9999998134480383, 2.3760870843383992e-07, -0.0007872306937315443, -9.152418682902945e-07, 0.9999924124268184, 0.03450420443459734, 0.0, 0.0, 1.0]",510.121,509.953,10.04,ok,
eval_MoTaTiZrHf-HEA-DDRX-900C_TEM_largeFOV-DislocationCharacterization_0#7,eval_MoTaTiZrHf-HEA-DDRX-900C_TEM_largeFOV-DislocationCharacterization_0,DislocationCharacterization,MoTaTiZrHf-HEA-DDRX-900C_TEM_largeFOV-DislocationCharacterization,core,sift,direct,none,0,4384,4096,4384,4096,18,906,887,affine,"[1.0000006770426846, 3.206728619107621e-06, -0.01517617037711716, 4.228914565920899e-07, 0.9999975729249154, 0.009942966889866511, 0.0, 0.0, 1.0]",510.136,509.972,10.35,ok,
eval_MoTaTiZrHf-HEA-DDRX-900C_TEM_largeFOV-DislocationCharacterization_0#8,eval_MoTaTiZrHf-HEA-DDRX-900C_TEM_largeFOV-DislocationCharacterization_0,DislocationCharacterization,MoTaTiZrHf-HEA-DDRX-900C_TEM_largeFOV-DislocationCharacterization,core,sift,direct,none,0,4384,4096,4384,4096,18,844,814,affine,"[1.0, -0.0, 0.0, 0.0, 0.9999951251852429, 0.020332395338300557, 0.0, 0.0, 1.0]",510.128,509.962,11.34,ok,
eval_MoTaTiZrHf-HEA-DDRX-900C_TEM_largeFOV-DislocationCharacterization_0#9,eval_MoTaTiZrHf-HEA-DDRX-900C_TEM_largeFOV-DislocationCharacterization_0,DislocationCharacterization,MoTaTiZrHf-HEA-DDRX-900C_TEM_largeFOV-DislocationCharacterization,core,sift,direct,none,0,4384,4096,4384,4096,27,851,831,affine,"[1.0000000352118863, 2.3805771627100166e-06, -0.010462092809575552, -5.223796752500389e-07, 0.9999958049216423, 0.01896289461728884, 0.0, 0.0, 1.0]",434.071,434.196,10.46,ok,
eval_MoTaTiZrHf-HEA-DDRX-900C_TEM_largeFOV-DislocationCharacterization_0#10,eval_MoTaTiZrHf-HEA-DDRX-900C_TEM_largeFOV-DislocationCharacterization_0,DislocationCharacterization,MoTaTiZrHf-HEA-DDRX-900C_TEM_largeFOV-DislocationCharacterization,core,sift,direct,none,0,4384,4096,4384,4096,27,894,882,affine,"[1.0, 0.0, 0.0, -0.0, 1.0, 0.0, 0.0, 0.0, 1.0]",434.076,434.203,11.96,ok,
eval_MoTaTiZrHf-HEA-DDRX-900C_TEM_largeFOV-DislocationCharacterization_0#11,eval_MoTaTiZrHf-HEA-DDRX-900C_TEM_largeFOV-DislocationCharacterization_0,DislocationCharacterization,MoTaTiZrHf-HEA-DDRX-900C_TEM_largeFOV-DislocationCharacterization,core,sift,direct,none,0,4384,4096,4384,4096,27,861,822,affine,"[1.0000000029417138, 0.0, -5.310542292136233e-06, 7.0510296810255224e-09, 1.0000002616062436, -0.0011477606176413246, 0.0, 0.0, 1.0]",434.077,434.203,11.68,ok,
eval_MoTaTiZrHf-HEA-DDRX-900C_TEM_largeFOV-DislocationCharacterization_0#12,eval_MoTaTiZrHf-HEA-DDRX-900C_TEM_largeFOV-DislocationCharacterization_0,DislocationCharacterization,MoTaTiZrHf-HEA-DDRX-900C_TEM_largeFOV-DislocationCharacterization,core,sift,direct,none,0,4384,4096,4384,4096,18,843,818,affine,"[0.9999999999999999, 0.0, 4.547473508864641e-13, -0.0, 1.0000001334597641, -0.0005739309435739415, 0.0, 0.0, 1.0]",510.141,509.979,10.79,ok,
eval_MoTaTiZrHf-HEA-DDRX-900C_TEM_largeFOV-DislocationCharacterization_0#13,eval_MoTaTiZrHf-HEA-DDRX-900C_TEM_largeFOV-DislocationCharacterization_0,DislocationCharacterization,MoTaTiZrHf-HEA-DDRX-900C_TEM_largeFOV-DislocationCharacterization,core,sift,direct,none,0,4384,4096,4384,4096,18,873,835,affine,"[1.0, 0.0, 0.0, -0.0, 1.0, 0.0, 0.0, 0.0, 1.0]",510.141,509.979,9.98,ok,
eval_MoTaTiZrHf-HEA-DDRX-900C_TEM_largeFOV-DislocationCharacterization_0#14,eval_MoTaTiZrHf-HEA-DDRX-900C_TEM_largeFOV-DislocationCharacterization_0,DislocationCharacterization,MoTaTiZrHf-HEA-DDRX-900C_TEM_largeFOV-DislocationCharacterization,core,sift,direct,none,0,4384,4096,4384,4096,18,873,869,affine,"[0.9999994675502395, 4.285623594046059e-06, -0.01716530339763267, 1.5465306177320981e-06, 0.9999749251115397, 0.1042776061267432, 0.0, 0.0, 1.0]",510.076,509.891,11.16,ok,
eval_MoTaTiZrHf-HEA-DDRX-900C_TEM_largeFOV-DislocationCharacterization_0#15,eval_MoTaTiZrHf-HEA-DDRX-900C_TEM_largeFOV-DislocationCharacterization_0,DislocationCharacterization,MoTaTiZrHf-HEA-DDRX-900C_TEM_largeFOV-DislocationCharacterization,core,sift,direct,none,0,4384,4096,4384,4096,27,847,820,affine,"[0.9999999198077877, 1.803330877574621e-07, -0.0005859069731286581, 4.2914246072632124e-08, 1.0000036747048184, -0.0157426670739369, 0.0, 0.0, 1.0]",434.084,434.212,10.71,ok,
eval_MoTaTiZrHf-HEA-DDRX-900C_TEM_largeFOV-DislocationCharacterization_0#16,eval_MoTaTiZrHf-HEA-DDRX-900C_TEM_largeFOV-DislocationCharacterization_0,DislocationCharacterization,MoTaTiZrHf-HEA-DDRX-900C_TEM_largeFOV-DislocationCharacterization,core,sift,direct,none,0,4384,4096,4384,4096,27,867,833,homography,"[1.000000822593002, 5.160618387953362e-07, -0.0022843314689763665, 2.546129470530338e-08, 1.0000024974940782, -0.0070573572528768586, -5.302285877887622e-12, 1.8510987449379186e-10, 1.0]",434.079,434.206,12.34,ok,
eval_MoTaTiZrHf-HEA-DDRX-900C_TEM_largeFOV-DislocationCharacterization_0#17,eval_MoTaTiZrHf-HEA-DDRX-900C_TEM_largeFOV-DislocationCharacterization_0,DislocationCharacterization,MoTaTiZrHf-HEA-DDRX-900C_TEM_largeFOV-DislocationCharacterization,core,sift,direct,none,0,4384,4096,4384,4096,27,873,864,affine,"[0.9999997322276231, -3.8158278742072334e-06, 0.01697289371941224, 7.889329400250861e-07, 0.9999983351532058, 0.005080443989754713, 0.0, 0.0, 1.0]",434.069,434.193,10.78,ok,
eval_TRIP1-Bainitic_LOM_SEM_EBSD_Multiscale_0#0,eval_TRIP1-Bainitic_LOM_SEM_EBSD_Multiscale_0,Multiscale,TRIP1-Bainitic_LOM_SEM_EBSD_Multiscale,core,sift,direct,none,0,1468,1469,3479,3255,51,21,5,homography,"[0.7163155210822436, -0.4555103232549412, 930.0424136156463, 1.2137289549919315, -0.3080237806680602, 555.6077762387389, 0.0007933968941874811, -0.00043030201706374606, 1.0]",946.078,696.452,3.99,ok,
eval_TRIP1-Bainitic_LOM_SEM_EBSD_Multiscale_0#1,eval_TRIP1-Bainitic_LOM_SEM_EBSD_Multiscale_0,Multiscale,TRIP1-Bainitic_LOM_SEM_EBSD_Multiscale,core,sift,direct,none,0,1468,1469,1506,1530,46,426,216,affine,"[0.9545699242321671, 0.0032596730419666383, 1.0656958980415423, -0.0014805545266233537, 0.9563951765416857, 24.660633818203905, 0.0, 0.0, 1.0]",4.582,1.820,1.11,ok,
eval_TRIP1-Bainitic_LOM_SEM_EBSD_Multiscale_0#2,eval_TRIP1-Bainitic_LOM_SEM_EBSD_Multiscale_0,Multiscale,TRIP1-Bainitic_LOM_SEM_EBSD_Multiscale,core,sift,direct,none,0,1468,1469,1443,1469,53,70,17,homography,"[0.9683624881452868, -0.00331631704907926, 35.4259600740809, -0.0062534894893581695, 0.9550286641133315, 44.24014437512223, -1.6133891696041523e-06, -2.260470941946626e-06, 1.0]",11.158,2.405,0.99,ok,
eval_TRIP1-Bainitic_LOM_SEM_EBSD_Multiscale_0#3,eval_TRIP1-Bainitic_LOM_SEM_EBSD_Multiscale_0,Multiscale,TRIP1-Bainitic_LOM_SEM_EBSD_Multiscale,core,sift,direct,none,0,3479,3255,2452,2230,54,28,5,homography,"[0.7825759547433809, -1.66968781712128, 2872.3579974029926, 0.7489896147253218, 0.19894124459654666, -267.1207435553544, 0.0004256225313256405, -0.0005087974225609539, 1.0]",1378.875,1422.852,3.88,ok,
eval_TRIP1-Bainitic_LOM_SEM_EBSD_Multiscale_0#4,eval_TRIP1-Bainitic_LOM_SEM_EBSD_Multiscale_0,Multiscale,TRIP1-Bainitic_LOM_SEM_EBSD_Multiscale,core,sift,direct,none,0,3479,3255,2452,2231,54,30,5,homography,"[2.891876712965342, 3.592482194781033, -526.0853688231083, -0.9128260445516321, 4.7016950398757595, 1187.8564612132323, 0.0006577860870304546, 0.0009944765126338583, 1.0]",1857.747,1800.207,3.85,ok,
eval_TRIP1-Bainitic_LOM_SEM_EBSD_Multiscale_0#5,eval_TRIP1-Bainitic_LOM_SEM_EBSD_Multiscale_0,Multiscale,TRIP1-Bainitic_LOM_SEM_EBSD_Multiscale,core,sift,direct,none,0,3479,3255,2452,2226,54,16,5,homography,"[-35.32850776929705, -17.794231237549766, 9789.458462191235, -49.62040607824828, -25.915664914754046, 29579.76831690964, -0.007622306670863822, -0.012387192054419136, 1.0]",2275.506,2072.624,4.37,ok,
eval_TRIP1-Bainitic_LOM_SEM_EBSD_Multiscale_0#6,eval_TRIP1-Bainitic_LOM_SEM_EBSD_Multiscale_0,Multiscale,TRIP1-Bainitic_LOM_SEM_EBSD_Multiscale,core,sift,direct,none,0,3479,3255,2452,2226,54,13,4,homography,"[100.21318458873644, -17.832218703259883, 11023.930686329673, -29.6438192891202, 61.92008888788699, -18703.22559259171, 0.016326114345852787, 0.009899654128824225, 1.0]",3559.445,3443.601,4.10,ok,
eval_Ta-AM-Spalled_SEM-BSE_EBSD_SameSliceSerialSectioning_0#0,eval_Ta-AM-Spalled_SEM-BSE_EBSD_SameSliceSerialSectioning_0,SerialSectioning,Ta-AM-Spalled_SEM-BSE_EBSD_SameSliceSerialSectioning,core,sift,direct,none,0,4096,6144,689,709,14,38,4,affine,"[-0.10473283796725039, -0.5545704653858499, 1750.214845027021, 0.5376561831597467, 3.2499595867299886, 729.7946699558099, 0.0, 0.0, 1.0]",1621.652,1345.834,6.50,ok,
eval_Ta-AM-Spalled_SEM-BSE_EBSD_SameSliceSerialSectioning_0#1,eval_Ta-AM-Spalled_SEM-BSE_EBSD_SameSliceSerialSectioning_0,SerialSectioning,Ta-AM-Spalled_SEM-BSE_EBSD_SameSliceSerialSectioning,core,sift,direct,none,0,4096,6144,689,709,14,36,5,affine,"[0.19016312573382216, -1.181855016544842, 1663.637465995685, -0.534522740155124, -6.714247089746792, 3961.2903021432576, 0.0, 0.0, 1.0]",3237.170,2713.000,7.00,ok,
eval_Ta-AM-Spalled_SEM-BSE_EBSD_SameSliceSerialSectioning_0#2,eval_Ta-AM-Spalled_SEM-BSE_EBSD_SameSliceSerialSectioning_0,SerialSectioning,Ta-AM-Spalled_SEM-BSE_EBSD_SameSliceSerialSectioning,core,sift,direct,none,0,4096,6144,689,709,14,99,6,homography,"[-136.446346852284, -202.60007145845066, 27505.832018386347, -45.522749557856244, -274.5491620038452, 34399.840582447105, -0.023542294180619802, -0.049839295915556865, 1.0]",2255.227,1110.498,7.35,ok,
eval_Ta-AM-Spalled_SEM-BSE_EBSD_SameSliceSerialSectioning_1#0,eval_Ta-AM-Spalled_SEM-BSE_EBSD_SameSliceSerialSectioning_1,SerialSectioning,Ta-AM-Spalled_SEM-BSE_EBSD_SameSliceSerialSectioning,core,sift,direct,none,0,4096,6144,667,709,15,29,4,homography,"[-0.21554869278104785, -4.809915559158377, 2887.651910934328, 1.91903628281561, 3.994945492679037, -776.3921341796226, -0.00038141906609584535, 0.00023500833638684054, 1.0]",2259.163,1837.950,8.60,ok,
eval_Ta-AM-Spalled_SEM-BSE_EBSD_SameSliceSerialSectioning_1#1,eval_Ta-AM-Spalled_SEM-BSE_EBSD_SameSliceSerialSectioning_1,SerialSectioning,Ta-AM-Spalled_SEM-BSE_EBSD_SameSliceSerialSectioning,core,sift,direct,none,0,4096,6144,667,709,15,73,6,homography,"[37.10399206873337, 32.494862730586235, -1018.4978037941684, 6.525271619689285, 8.277860897911017, 151.4943101094092, 0.010190267485729218, 0.0031062028775137077, 1.0]",1974.359,1537.022,8.82,ok,
eval_Ta-AM-Spalled_SEM-BSE_EBSD_SameSliceSerialSectioning_1#2,eval_Ta-AM-Spalled_SEM-BSE_EBSD_SameSliceSerialSectioning_1,SerialSectioning,Ta-AM-Spalled_SEM-BSE_EBSD_SameSliceSerialSectioning,core,sift,direct,none,0,4096,6144,667,709,15,90,4,homography,"[5.229695750805947, -1.7000177874942952, 1024.6993747402175, 0.7832621364421464, 1.1784586494664095, 76.24888675705216, 0.0008158153364876267, -0.0015448702991656949, 1.0]",1449.022,950.707,9.06,ok,
eval_Ta-AM-Spalled_SEM-BSE_EBSD_SameSliceSerialSectioning_2#0,eval_Ta-AM-Spalled_SEM-BSE_EBSD_SameSliceSerialSectioning_2,SerialSectioning,Ta-AM-Spalled_SEM-BSE_EBSD_SameSliceSerialSectioning,core,sift,direct,none,0,4096,6144,667,709,19,51,5,homography,"[17.735738801982343, -10.469254042066218, 4740.479139387545, 11.542008562722646, -1.887709014832575, 495.48636954581343, 0.003765493776669604, -0.0022080151611527194, 1.0]",2743.835,2509.883,9.29,ok,
eval_Ta-AM-Spalled_SEM-BSE_EBSD_SameSliceSerialSectioning_2#1,eval_Ta-AM-Spalled_SEM-BSE_EBSD_SameSliceSerialSectioning_2,SerialSectioning,Ta-AM-Spalled_SEM-BSE_EBSD_SameSliceSerialSectioning,core,sift,direct,none,0,4096,6144,667,709,19,55,4,affine,"[19.28959351285135, -3.3699894281999234, -3431.7982364929103, 3.072206063342984, -0.261060781635258, 1484.0033337255293, 0.0, 0.0, 1.0]",3589.327,3465.775,9.16,ok,
eval_Ta-AM-Spalled_SEM-BSE_EBSD_SameSliceSerialSectioning_2#2,eval_Ta-AM-Spalled_SEM-BSE_EBSD_SameSliceSerialSectioning_2,SerialSectioning,Ta-AM-Spalled_SEM-BSE_EBSD_SameSliceSerialSectioning,core,sift,direct,none,0,4096,6144,667,709,19,108,4,affine,"[-0.9757338446837794, 0.3545204376478349, 1953.5068865783483, 0.6381708335337145, -3.224187119404556, 1053.7578145926755, 0.0, 0.0, 1.0]",2557.324,2636.919,9.13,ok,
eval_Ti3AlC2-MAX-Phase_TEM_DislocationCharacterization_0#0,eval_Ti3AlC2-MAX-Phase_TEM_DislocationCharacterization_0,DislocationCharacterization,Ti3AlC2-MAX-Phase_TEM_DislocationCharacterization,core,sift,direct,none,0,294,293,294,292,46,9,4,homography,"[0.6953940932398696, -0.5382677585181139, 145.41670763398113, 0.07664319294159436, 0.099872997069891, 65.69170803384662, 0.003544242528667219, -0.003182322465767502, 1.0]",68.362,70.166,0.04,ok,
eval_Ti3AlC2-MAX-Phase_TEM_DislocationCharacterization_0#1,eval_Ti3AlC2-MAX-Phase_TEM_DislocationCharacterization_0,DislocationCharacterization,Ti3AlC2-MAX-Phase_TEM_DislocationCharacterization,core,sift,direct,none,0,,,,,47,,,,,,,,failed,only 0 correspondences
eval_Ti3AlC2-MAX-Phase_TEM_DislocationCharacterization_0#2,eval_Ti3AlC2-MAX-Phase_TEM_DislocationCharacterization_0,DislocationCharacterization,Ti3AlC2-MAX-Phase_TEM_DislocationCharacterization,core,sift,direct,none,0,293,294,294,293,38,11,7,affine,"[0.6174896862398737, -0.00810573390913477, 14.850569825319937, 0.0166512243333305, 0.591286973075942, 88.62763815082289, 0.0, 0.0, 1.0]",2.148,1.806,0.04,ok,
eval_X2CrNi12-Ferritic_SEM-SE-Stitch_EBSD_Fatigue-SameSlice_0#0,eval_X2CrNi12-Ferritic_SEM-SE-Stitch_EBSD_Fatigue-SameSlice_0,SameSlice,X2CrNi12-Ferritic_SEM-SE-Stitch_EBSD_Fatigue-SameSlice,core,sift,direct,none,0,4550,7000,4598,7000,59,1170,559,affine,"[0.9908108959116987, 0.005261153056544162, -494.0926579348975, -0.0025997414472781707, 0.983503021257917, 5.430321663482573, 0.0, 0.0, 1.0]",8.935,5.531,18.67,ok,
eval_X2CrNi12-Ferritic_SEM-SE-Stitch_EBSD_Fatigue-SameSlice_0#1,eval_X2CrNi12-Ferritic_SEM-SE-Stitch_EBSD_Fatigue-SameSlice_0,SameSlice,X2CrNi12-Ferritic_SEM-SE-Stitch_EBSD_Fatigue-SameSlice,core,sift,direct,none,0,4598,7000,1316,2048,100,177,6,affine,"[1.4504836791627955, 1.9178237061213115, -221.69103343903907, 0.6549365816419591, 5.425794781641459, -170.08285996445056, 0.0, 0.0, 1.0]",2268.686,2361.525,9.82,ok,
eval_X2CrNi12-Ferritic_SEM-SE-Stitch_EBSD_Fatigue-SameSlice_0#2,eval_X2CrNi12-Ferritic_SEM-SE-Stitch_EBSD_Fatigue-SameSlice_0,SameSlice,X2CrNi12-Ferritic_SEM-SE-Stitch_EBSD_Fatigue-SameSlice,core,sift,direct,none,0,4598,7000,1316,2048,100,130,5,homography,"[-160.22123730630935, 421.1335056844292, -96588.61730920334, -156.04312259601255, 29.815697938633313, -27808.29427390615, -0.038660005627616824, -0.046536169621940134, 1.0]",4850.695,4840.505,11.19,ok,
eval_X2CrNi12-Ferritic_SEM-SE-Stitch_EBSD_Fatigue-SameSlice_0#3,eval_X2CrNi12-Ferritic_SEM-SE-Stitch_EBSD_Fatigue-SameSlice_0,SameSlice,X2CrNi12-Ferritic_SEM-SE-Stitch_EBSD_Fatigue-SameSlice,core,sift,direct,none,0,4550,7000,1316,2048,129,208,6,affine,"[-2.205056663225462, 16.078488535702192, -4406.617005872553, -0.5147082521199385, -10.593157160832192, 9682.849531221482, 0.0, 0.0, 1.0]",6472.481,6190.313,8.72,ok,
eval_X2CrNi12-Ferritic_SEM-SE-Stitch_EBSD_Fatigue-SameSlice_0#4,eval_X2CrNi12-Ferritic_SEM-SE-Stitch_EBSD_Fatigue-SameSlice_0,SameSlice,X2CrNi12-Ferritic_SEM-SE-Stitch_EBSD_Fatigue-SameSlice,core,sift,direct,none,0,4550,7000,1316,2048,129,120,6,affine,"[-4.818839495575893, 5.7870192420190785, 7241.5877158483145, 2.0492170127368645, -5.676590952693876, 3997.7148154569563, 0.0, 0.0, 1.0]",5694.492,4925.916,10.76,ok,
eval_5842WCu-Spalled_SEM-SE_SEM-BSE_Multiscale_0#0,eval_5842WCu-Spalled_SEM-SE_SEM-BSE_Multiscale_0,Multiscale,5842WCu-Spalled_SEM-SE_SEM-BSE_Multiscale,core,loftr,direct,none,0,512,768,2048,3072,19,124,8,homography,"[0.040951762065145246, -0.023240720639934938, 262.92995253915797, -0.02203335353248411, -0.009106158778310131, 284.7405613554473, -6.492729056937199e-05, -0.0001402234042510562, 1.0]",31.467,18.671,0.47,ok,
eval_AF9628-Martensitic_SEM-SE-Stitch_EBSD_SameSlice_0#0,eval_AF9628-Martensitic_SEM-SE-Stitch_EBSD_SameSlice_0,SameSlice,AF9628-Martensitic_SEM-SE-Stitch_EBSD_SameSlice,core,loftr,direct,none,0,2028,4096,5628,11165,37,220,4,affine,"[-0.12301758615340115, -0.04967778716987358, 2186.2594268507496, -0.6072575262803943, -2.1130136890596285, 6539.938844716888, 0.0, 0.0, 1.0]",5134.227,4124.324,0.79,ok,
eval_AF9628-Martensitic_SEM-SE-Stitch_EBSD_SameSlice_0#1,eval_AF9628-Martensitic_SEM-SE-Stitch_EBSD_SameSlice_0,SameSlice,AF9628-Martensitic_SEM-SE-Stitch_EBSD_SameSlice,core,loftr,direct,none,0,2028,4096,5628,11165,37,245,4,affine,"[0.2754119605403705, 1.0568908770790988, -2066.8554018316677, -0.028563576771817287, 0.10128119429743795, 1056.6674133902115, 0.0, 0.0, 1.0]",1636.741,1802.933,0.36,ok,
eval_AF9628-Martensitic_SEM-SE-Stitch_EBSD_SameSlice_0#2,eval_AF9628-Martensitic_SEM-SE-Stitch_EBSD_SameSlice_0,SameSlice,AF9628-Martensitic_SEM-SE-Stitch_EBSD_SameSlice,core,loftr,direct,none,0,2028,4096,5628,11165,37,328,50,affine,"[0.3386391009963791, 0.0046366862100448505, 201.4863651143928, -0.0005471181878348799, 0.33216191268743983, 75.6999492967525, 0.0, 0.0, 1.0]",9.903,8.647,0.36,ok,
eval_AF9628-Martensitic_SEM-SE-Stitch_EBSD_SameSlice_1#0,eval_AF9628-Martensitic_SEM-SE-Stitch_EBSD_SameSlice_1,SameSlice,AF9628-Martensitic_SEM-SE-Stitch_EBSD_SameSlice,core,loftr,direct,none,0,1993,4096,4590,10458,39,190,9,homography,"[0.20679507707068334, 0.06072291323452761, 666.8743576562879, -0.0361692106652926, 0.3253323256224235, 356.26490909412246, -2.8702546486165335e-05, 1.9174626710613394e-05, 1.0]",252.659,160.471,0.33,ok,
eval_AF9628-Martensitic_SEM-SE-Stitch_EBSD_SameSlice_1#1,eval_AF9628-Martensitic_SEM-SE-Stitch_EBSD_SameSlice_1,SameSlice,AF9628-Martensitic_SEM-SE-Stitch_EBSD_SameSlice,core,loftr,direct,none,0,1993,4096,4590,10458,39,172,4,affine,"[0.42031736876215986, 0.02603093299909649, -192.43059958363392, -0.16271875494554222, 0.41491489336947646, 853.7647502545325, 0.0, 0.0, 1.0]",488.166,456.430,0.31,ok,
eval_AF9628-Martensitic_SEM-SE-Stitch_EBSD_SameSlice_1#2,eval_AF9628-Martensitic_SEM-SE-Stitch_EBSD_SameSlice_1,SameSlice,AF9628-Martensitic_SEM-SE-Stitch_EBSD_SameSlice,core,loftr,direct,none,0,1993,4096,4590,10458,39,416,50,homography,"[0.4112122588126371, 0.009801421003587473, -31.38883693438826, 0.012710272155358493, 0.40271425186733084, 87.01188159394651, 7.617395099442573e-06, 9.13019694806414e-06, 1.0]",32.988,22.815,0.29,ok,
eval_AF9628-Martensitic_SEM-SE-Stitch_EBSD_SameSlice_2#0,eval_AF9628-Martensitic_SEM-SE-Stitch_EBSD_SameSlice_2,SameSlice,AF9628-Martensitic_SEM-SE-Stitch_EBSD_SameSlice,core,loftr,direct,none,0,1995,4096,5142,8831,37,270,20,affine,"[0.37714692077535616, -0.0024238876424594507, 599.2841893549823, -0.00028253744316826133, 0.3769755032261692, 16.783016619461932, 0.0, 0.0, 1.0]",12.325,11.671,0.34,ok,
eval_AF9628-Martensitic_SEM-SE-Stitch_EBSD_SameSlice_2#1,eval_AF9628-Martensitic_SEM-SE-Stitch_EBSD_SameSlice_2,SameSlice,AF9628-Martensitic_SEM-SE-Stitch_EBSD_SameSlice,core,loftr,direct,none,0,1995,4096,5142,8831,37,169,4,affine,"[0.3597768732115491, -0.12546683332990577, 748.1997886425045, 0.017042038707889194, 0.5250184951403077, -151.82740839949594, 0.0, 0.0, 1.0]",436.794,429.565,0.44,ok,
eval_AF9628-Martensitic_SEM-SE-Stitch_EBSD_SameSlice_2#2,eval_AF9628-Martensitic_SEM-SE-Stitch_EBSD_SameSlice_2,SameSlice,AF9628-Martensitic_SEM-SE-Stitch_EBSD_SameSlice,core,loftr,direct,none,0,1995,4096,5142,8831,37,485,51,affine,"[0.3771600138595962, -0.0025063439433765725, 599.6578579562203, 0.0012293131189260384, 0.3675653531649031, 23.930945238956156, 0.0, 0.0, 1.0]",10.620,10.448,0.33,ok,
eval_AF9628-Martensitic_SEM-SE-Stitch_EBSD_SameSlice_3#0,eval_AF9628-Martensitic_SEM-SE-Stitch_EBSD_SameSlice_3,SameSlice,AF9628-Martensitic_SEM-SE-Stitch_EBSD_SameSlice,core,loftr,direct,none,0,4710,10147,1992,4096,42,170,5,homography,"[2.582593611641798, 0.21547468228267397, -766.3277194334214, -0.010407505187365886, 2.7360016124787343, -338.6848973043246, -8.751997403524943e-06, 1.4434105238180459e-05, 1.0]",77.847,71.505,0.35,ok,
eval_AF9628-Martensitic_SEM-SE-Stitch_EBSD_SameSlice_3#1,eval_AF9628-Martensitic_SEM-SE-Stitch_EBSD_SameSlice_3,SameSlice,AF9628-Martensitic_SEM-SE-Stitch_EBSD_SameSlice,core,loftr,direct,none,0,4710,10147,1992,4096,42,188,4,affine,"[1.1489658352251957, 2.9594098368577417, 1230.7854206117308, 0.08899425130639083, 3.618778983457407, -1070.052931954504, 0.0, 0.0, 1.0]",2330.390,1922.006,0.82,ok,
eval_AF9628-Martensitic_SEM-SE-Stitch_EBSD_SameSlice_3#2,eval_AF9628-Martensitic_SEM-SE-Stitch_EBSD_SameSlice_3,SameSlice,AF9628-Martensitic_SEM-SE-Stitch_EBSD_SameSlice,core,loftr,direct,none,0,4710,10147,1992,4096,42,348,9,affine,"[2.6118097654658663, -0.004635076856193648, -523.3281722308056, -0.03566436222156346, 2.642132275445514, -151.8552125256242, 0.0, 0.0, 1.0]",64.144,55.988,0.43,ok,
eval_AF9628-Martensitic_SEM-SE-Stitch_EBSD_SameSlice_4#0,eval_AF9628-Martensitic_SEM-SE-Stitch_EBSD_SameSlice_4,SameSlice,AF9628-Martensitic_SEM-SE-Stitch_EBSD_SameSlice,core,loftr,direct,none,0,1996,4096,4872,10693,53,227,15,homography,"[0.36647177840852907, 0.014791930944338767, 7.526880609402318, 0.002206384253888262, 0.38538711373442286, 3.4883708037993193, -3.38424310039973e-06, 5.144160785134698e-06, 1.0]",26.639,24.260,0.36,ok,
eval_AF9628-Martensitic_SEM-SE-Stitch_EBSD_SameSlice_4#1,eval_AF9628-Martensitic_SEM-SE-Stitch_EBSD_SameSlice_4,SameSlice,AF9628-Martensitic_SEM-SE-Stitch_EBSD_SameSlice,core,loftr,direct,none,0,1996,4096,4872,10693,53,181,5,homography,"[0.3051548713364421, -0.5089644352027071, 190.19286791594735, 0.00534622066166237, -0.01017971810471102, 110.25300588706519, -1.1157335171536872e-05, -0.00021574768984358307, 1.0]",9555.913,1138.246,0.32,ok,
eval_AF9628-Martensitic_SEM-SE-Stitch_EBSD_SameSlice_4#2,eval_AF9628-Martensitic_SEM-SE-Stitch_EBSD_SameSlice_4,SameSlice,AF9628-Martensitic_SEM-SE-Stitch_EBSD_SameSlice,core,loftr,direct,none,0,1996,4096,4872,10693,53,722,123,affine,"[0.3775161292602852, -0.0032378278428628173, 21.526862751938097, 0.0024114125726127883, 0.3712714542577875, 41.87866216012367, 0.0, 0.0, 1.0]",6.361,4.542,0.31,ok,
eval_C103_SEM-SE_LOM-DC-Height_FractureSurfaces_0#0,eval_C103_SEM-SE_LOM-DC-Height_FractureSurfaces_0,FractureSurfaces,C103_SEM-SE_LOM-DC-Height_FractureSurfaces,core,loftr,direct,none,0,3184,3000,1094,1536,41,120,5,homography,"[6.791806515645963, 123.16809109082499, 1433.1495617579287, 2.081101103217576, 633.9128264219505, -7062.197464096595, -0.0012010858442064458, 0.29913421199562107, 1.0]",1298.293,1327.050,0.26,ok,
eval_C103_SEM-SE_LOM-DC-Height_FractureSurfaces_0#1,eval_C103_SEM-SE_LOM-DC-Height_FractureSurfaces_0,FractureSurfaces,C103_SEM-SE_LOM-DC-Height_FractureSurfaces,core,loftr,direct,none,0,3184,3000,1094,1536,41,29,4,affine,"[1.7900727632863742, 0.55184924591482, -754.873149128493, 0.1720794713237516, 2.1174119949908916, 1209.9559033147912, 0.0, 0.0, 1.0]",1379.497,1370.584,0.33,ok,
eval_C103_SEM-SE_LOM-DC-Height_FractureSurfaces_1#0,eval_C103_SEM-SE_LOM-DC-Height_FractureSurfaces_1,FractureSurfaces,C103_SEM-SE_LOM-DC-Height_FractureSurfaces,core,loftr,direct,none,0,1094,1536,3746,3769,34,241,8,affine,"[0.3633364995892881, -0.003776645342623706, -90.2715459588204, -0.052022222117451306, 0.24601933307939236, 172.3715009324004, 0.0, 0.0, 1.0]",767.338,800.945,0.33,ok,
eval_C103_SEM-SE_LOM-DC-Height_FractureSurfaces_1#1,eval_C103_SEM-SE_LOM-DC-Height_FractureSurfaces_1,FractureSurfaces,C103_SEM-SE_LOM-DC-Height_FractureSurfaces,core,loftr,direct,none,0,1094,1536,3746,3769,34,98,5,homography,"[-0.42482351638512295, 1.8987979009298699, -229.1482632233447, -0.5298373641151046, 1.171688501761256, -166.24793726105153, -0.0012066595786135107, 0.0020764696943332893, 1.0]",298.285,257.423,0.33,ok,
eval_C103_SEM-SE_LOM-DC-Height_FractureSurfaces_2#0,eval_C103_SEM-SE_LOM-DC-Height_FractureSurfaces_2,FractureSurfaces,C103_SEM-SE_LOM-DC-Height_FractureSurfaces,core,loftr,direct,none,0,2188,3072,3388,3000,58,177,5,affine,"[1.350905540503347, -0.38853608442381254, 924.7189830275884, -0.2897404525000208, 1.1317794288843384, -1189.8629777610777, 0.0, 0.0, 1.0]",1445.220,1491.809,0.26,ok,
eval_C103_SEM-SE_LOM-DC-Height_FractureSurfaces_2#1,eval_C103_SEM-SE_LOM-DC-Height_FractureSurfaces_2,FractureSurfaces,C103_SEM-SE_LOM-DC-Height_FractureSurfaces,core,loftr,direct,none,0,2188,3072,3388,3000,58,51,4,affine,"[-4.558069112848421, 0.04054019137496614, 11812.235530838989, -0.9154890907368395, 0.9624887429489448, 1322.276175280377, 0.0, 0.0, 1.0]",7213.437,7445.665,0.25,ok,
eval_CoNi-AM67_OM-SEM_Multiscale_0#0,eval_CoNi-AM67_OM-SEM_Multiscale_0,Multiscale,CoNi-AM67_OM-SEM_Multiscale,core,loftr,direct,none,0,2048,3072,1379,1729,14,186,12,affine,"[1.0673969584242906, -0.007642904749354617, 460.4052960609695, 0.01598191769786527, 1.0626746554894357, 190.59228109974708, 0.0, 0.0, 1.0]",13.270,14.020,0.12,ok,
eval_CoNi-AM67_OM-SEM_Multiscale_0#1,eval_CoNi-AM67_OM-SEM_Multiscale_0,Multiscale,CoNi-AM67_OM-SEM_Multiscale,core,loftr,direct,none,0,2048,3072,1379,1729,14,136,5,homography,"[-0.22677063538448192, -0.9850523257077224, 1445.54014739069, -0.032841711360652705, 0.07972989774706882, 34.44659185941444, -0.000324718683289934, -0.00048263895452034744, 1.0]",981.332,807.391,0.12,ok,
eval_CoNi-AM67_OM-SEM_Multiscale_0#2,eval_CoNi-AM67_OM-SEM_Multiscale_0,Multiscale,CoNi-AM67_OM-SEM_Multiscale,core,loftr,direct,none,0,1373,1723,1379,1729,11,77,5,homography,"[0.23069499729323503, -0.9923104310621149, 1135.5266672816585, 0.18097866108977684, -0.44302796095764896, 488.4293993163362, 0.00018115842137939305, -0.000863425365761532, 1.0]",300.988,268.527,0.16,ok,
eval_CoNi-AM67_SEM-EBSD_SameSliceSerialSectioning_0#0,eval_CoNi-AM67_SEM-EBSD_SameSliceSerialSectioning_0,SerialSectioning,CoNi-AM67_SEM-EBSD_SameSliceSerialSectioning,core,loftr,direct,none,0,2048,3072,611,721,17,64,7,affine,"[2.7930372748167405, 0.04753375545965566, 499.37698468354256, 0.12736045695287207, 3.6150669994395748, 4.909329182389797, 0.0, 0.0, 1.0]",81.772,78.785,0.07,ok,
eval_CoNi-AM67_SEM-EBSD_SameSliceSerialSectioning_0#1,eval_CoNi-AM67_SEM-EBSD_SameSliceSerialSectioning_0,SerialSectioning,CoNi-AM67_SEM-EBSD_SameSliceSerialSectioning,core,loftr,direct,none,0,2048,3072,611,721,17,58,5,homography,"[6.428529985981532, -1.2573886745627332, 818.0842236552869, 1.2697647142375341, 4.308075299997815, -457.90169690305703, 0.00026026180556187287, -0.0003356329618152695, 1.0]",1370.260,1447.779,0.08,ok,
eval_CoNi-AM67_SEM-EBSD_SameSliceSerialSectioning_0#2,eval_CoNi-AM67_SEM-EBSD_SameSliceSerialSectioning_0,SerialSectioning,CoNi-AM67_SEM-EBSD_SameSliceSerialSectioning,core,loftr,direct,none,0,2048,3072,611,721,17,77,8,affine,"[2.827218439032652, -0.11341236633391877, 536.2690501973951, -0.0045360759507618335, 3.667778064958087, -20.32423861691177, 0.0, 0.0, 1.0]",59.560,65.862,0.08,ok,
eval_CoNi-AM67_SEM-EBSD_SameSliceSerialSectioning_0#3,eval_CoNi-AM67_SEM-EBSD_SameSliceSerialSectioning_0,SerialSectioning,CoNi-AM67_SEM-EBSD_SameSliceSerialSectioning,core,loftr,direct,none,0,2048,3072,611,721,17,280,5,affine,"[3.892417818882247, -0.20310506907666215, 359.0232528882102, 0.3628191956495138, 3.0236299052258424, 71.23808700929237, 0.0, 0.0, 1.0]",327.111,339.230,0.09,ok,
eval_CoNi-AM67_SEM-EBSD_SameSliceSerialSectioning_0#4,eval_CoNi-AM67_SEM-EBSD_SameSliceSerialSectioning_0,SerialSectioning,CoNi-AM67_SEM-EBSD_SameSliceSerialSectioning,core,loftr,direct,none,0,2048,3072,611,721,17,220,5,affine,"[0.651135402229491, 0.19964750744251905, 592.265007641215, -0.8007753119028987, 2.8402853087100386, 287.0162896554526, 0.0, 0.0, 1.0]",795.823,848.768,0.08,ok,
eval_CoNi-AM67_SEM-EBSD_SameSliceSerialSectioning_0#5,eval_CoNi-AM67_SEM-EBSD_SameSliceSerialSectioning_0,SerialSectioning,CoNi-AM67_SEM-EBSD_SameSliceSerialSectioning,core,loftr,direct,none,0,2048,3072,611,721,17,210,10,homography,"[3.6569458852234105, -0.7201785283228134, 45.328663059632795, -0.013773166092735411, 3.552298439336276, -1.0820935814262806, 0.00011418328112587895, -0.00011578749923093087, 1.0]",378.940,277.533,0.08,ok,
eval_CoNi-AM67_SEM-EBSD_SameSliceSerialSectioning_1#0,eval_CoNi-AM67_SEM-EBSD_SameSliceSerialSectioning_1,SerialSectioning,CoNi-AM67_SEM-EBSD_SameSliceSerialSectioning,core,loftr,direct,none,0,2048,3072,534,587,14,62,5,homography,"[2.412288138080156, -0.42354710213650854, 708.3832079810488, -0.5214791996087543, 2.795429256020608, 205.76458720851954, -6.675443536761287e-05, -0.00038802508946551086, 1.0]",114.995,106.445,0.07,ok,
eval_CoNi-AM67_SEM-EBSD_SameSliceSerialSectioning_1#1,eval_CoNi-AM67_SEM-EBSD_SameSliceSerialSectioning_1,SerialSectioning,CoNi-AM67_SEM-EBSD_SameSliceSerialSectioning,core,loftr,direct,none,0,2048,3072,534,587,14,46,5,homography,"[-1.8704938347905218, -8.01425069570681, 2660.6109790122177, -1.1780798400342332, -4.3053155869144195, 1463.6670815106172, -0.0007463171439403844, -0.0029943063346033394, 1.0]",1405.994,1467.307,0.07,ok,
eval_CoNi-AM67_SEM-EBSD_SameSliceSerialSectioning_1#2,eval_CoNi-AM67_SEM-EBSD_SameSliceSerialSectioning_1,SerialSectioning,CoNi-AM67_SEM-EBSD_SameSliceSerialSectioning,core,loftr,direct,none,0,2048,3072,534,587,14,79,10,affine,"[3.9934406331528196, 0.020881770077007245, 646.708050911879, 0.2526044118673188, 3.6681220474381613, 112.66081785054962, 0.0, 0.0, 1.0]",389.406,425.963,0.07,ok,
eval_CoNi-AM67_SEM-EBSD_SameSliceSerialSectioning_1#3,eval_CoNi-AM67_SEM-EBSD_SameSliceSerialSectioning_1,SerialSectioning,CoNi-AM67_SEM-EBSD_SameSliceSerialSectioning,core,loftr,direct,none,0,2048,3072,534,587,14,116,5,homography,"[4.101396684597232, -1.3420962260048424, 376.97097728556815, 0.7365600583450137, 1.494961454919114, 268.2339507676976, 0.000155179124711715, -0.0007388161317306117, 1.0]",390.643,431.789,0.07,ok,
eval_CoNi-AM67_SEM-EBSD_SameSliceSerialSectioning_1#4,eval_CoNi-AM67_SEM-EBSD_SameSliceSerialSectioning_1,SerialSectioning,CoNi-AM67_SEM-EBSD_SameSliceSerialSectioning,core,loftr,direct,none,0,2048,3072,534,587,14,127,6,homography,"[-1.9339576494704263, 5.083656299005959, 1457.3967457406777, -1.9129457381646044, 3.934706358878938, 1024.7126624016864, -0.0014848032791577369, 0.002483375062576598, 1.0]",603.615,536.220,0.07,ok,
eval_CoNi-AM67_SEM-EBSD_SameSliceSerialSectioning_1#5,eval_CoNi-AM67_SEM-EBSD_SameSliceSerialSectioning_1,SerialSectioning,CoNi-AM67_SEM-EBSD_SameSliceSerialSectioning,core,loftr,direct,none,0,2048,3072,534,587,14,108,6,affine,"[3.44936466633099, -1.2622313850806104, 592.3332744274937, -0.2063369675598649, 2.815415864961459, 164.34272904356425, 0.0, 0.0, 1.0]",316.551,305.478,0.07,ok,
eval_CoNi-AM67_SEM-EBSD_SameSliceSerialSectioning_2#0,eval_CoNi-AM67_SEM-EBSD_SameSliceSerialSectioning_2,SerialSectioning,CoNi-AM67_SEM-EBSD_SameSliceSerialSectioning,core,loftr,direct,none,0,2048,3072,534,587,18,66,4,affine,"[-3.9402225169775784, -0.8236459377066452, 3002.088983347793, -2.4377467849148573, 4.3191603767256606, 227.77049648307735, 0.0, 0.0, 1.0]",1225.402,1235.849,0.06,ok,
eval_CoNi-AM67_SEM-EBSD_SameSliceSerialSectioning_2#1,eval_CoNi-AM67_SEM-EBSD_SameSliceSerialSectioning_2,SerialSectioning,CoNi-AM67_SEM-EBSD_SameSliceSerialSectioning,core,loftr,direct,none,0,2048,3072,534,587,18,43,4,affine,"[-3.4639720929609985, -12.90971924739051, 5044.594707589969, -0.1755152188023037, 3.0968992369316712, 186.33123086467145, 0.0, 0.0, 1.0]",1802.331,1525.022,0.07,ok,
eval_CoNi-AM67_SEM-EBSD_SameSliceSerialSectioning_2#2,eval_CoNi-AM67_SEM-EBSD_SameSliceSerialSectioning_2,SerialSectioning,CoNi-AM67_SEM-EBSD_SameSliceSerialSectioning,core,loftr,direct,none,0,2048,3072,534,587,18,54,4,affine,"[4.455031273483373, 1.0732751468864288, 249.47175694619864, -1.9249289363669386, 4.2969475661598535, 387.115620119358, 0.0, 0.0, 1.0]",586.711,603.269,0.07,ok,
eval_CoNi-AM67_SEM-EBSD_SameSliceSerialSectioning_2#3,eval_CoNi-AM67_SEM-EBSD_SameSliceSerialSectioning_2,SerialSectioning,CoNi-AM67_SEM-EBSD_SameSliceSerialSectioning,core,loftr,direct,none,0,2048,3072,534,587,18,123,5,homography,"[2.279485997506238, -0.36987592184248064, 796.8552447571436, 0.5060020492430491, 2.079204701310439, -91.19715250477468, -5.167568200860989e-05, -0.00029410298740713573, 0.9999999999999999]",310.465,326.769,0.07,ok,
eval_CoNi-AM67_SEM-EBSD_SameSliceSerialSectioning_2#4,eval_CoNi-AM67_SEM-EBSD_SameSliceSerialSectioning_2,SerialSectioning,CoNi-AM67_SEM-EBSD_SameSliceSerialSectioning,core,loftr,direct,none,0,2048,3072,534,587,18,149,5,homography,"[4.391184479084298, -7.038684054656841, 906.7523771595964, 1.824836112216711, -2.788508197677999, 425.0681993327173, 0.002688112130144277, -0.005822170828428959, 0.9999999999999999]",3703.679,730.415,0.07,ok,
eval_CoNi-AM67_SEM-EBSD_SameSliceSerialSectioning_2#5,eval_CoNi-AM67_SEM-EBSD_SameSliceSerialSectioning_2,SerialSectioning,CoNi-AM67_SEM-EBSD_SameSliceSerialSectioning,core,loftr,direct,none,0,2048,3072,534,587,18,103,6,homography,"[2.526040909260657, -2.1317895202560497, 896.0721216174202, 0.3709052146552695, -0.2206526632675545, 845.3546174288233, 0.0002797131806141914, -0.0017338784386253143, 1.0]",871.125,550.276,0.07,ok,
eval_CoNi-AM90_OM-SEM_Multiscale_0#0,eval_CoNi-AM90_OM-SEM_Multiscale_0,Multiscale,CoNi-AM90_OM-SEM_Multiscale,core,loftr,direct,none,0,2048,3072,186,238,11,49,4,affine,"[5.196717778604894, -12.243656799793333, 1952.4687758803743, 0.7049506283909981, -4.203586219595955, 1384.9367101935036, 0.0, 0.0, 1.0]",629.902,546.179,0.07,ok,
eval_CoNi-AM90_OM-SEM_Multiscale_0#1,eval_CoNi-AM90_OM-SEM_Multiscale_0,Multiscale,CoNi-AM90_OM-SEM_Multiscale,core,loftr,direct,none,0,2048,3072,1320,1507,8,192,5,affine,"[1.8220606045743002, -0.41726318261735695, 1042.0985405758588, 0.18591348294258353, 1.5949618179485825, 23.79225406767773, 0.0, 0.0, 1.0]",956.514,1028.586,0.12,ok,
eval_CoNi-AM90_SEM-DIC_EBSD_SlipPartitioning_0#0,eval_CoNi-AM90_SEM-DIC_EBSD_SlipPartitioning_0,SlipPartitioning,CoNi-AM90_SEM-DIC_EBSD_SlipPartitioning,core,loftr,direct,none,0,1309,1493,13333,13333,20,125,5,homography,"[-0.16460365893841253, -0.025964873719738234, 1037.1465060546839, -0.08791319927700589, -0.060709246590461466, 783.6745493904789, -0.00014217360492349974, -4.5500603750235294e-05, 0.9999999999999999]",666.833,502.150,0.29,ok,
eval_CoNi-AM90_SEM-DIC_EBSD_SlipPartitioning_0#1,eval_CoNi-AM90_SEM-DIC_EBSD_SlipPartitioning_0,SlipPartitioning,CoNi-AM90_SEM-DIC_EBSD_SlipPartitioning,core,loftr,direct,none,0,1309,1493,13333,13333,20,122,5,homography,"[1.252059718364491, -0.3443740891303785, -3828.0202912015, 0.09468330862859455, 0.6512172457199134, -2854.5088762682326, 0.0003557721163001032, 4.1651596165652385e-05, 1.0]",1215.672,885.928,0.30,ok,
eval_CoNi-AM90_SEM-DIC_EBSD_SlipPartitioning_0#2,eval_CoNi-AM90_SEM-DIC_EBSD_SlipPartitioning_0,SlipPartitioning,CoNi-AM90_SEM-DIC_EBSD_SlipPartitioning,core,loftr,direct,none,0,1309,1493,13333,13333,20,219,8,affine,"[0.16301019432829697, -0.008385469345762559, -264.8983472227266, -0.0008662688109629289, 0.15288036020964083, -271.6730463585356, 0.0, 0.0, 1.0]",587.802,583.762,0.32,ok,
eval_CoNi-AM90_SEM-DIC_EBSD_SlipPartitioning_0#3,eval_CoNi-AM90_SEM-DIC_EBSD_SlipPartitioning_0,SlipPartitioning,CoNi-AM90_SEM-DIC_EBSD_SlipPartitioning,core,loftr,direct,none,0,1309,1493,13333,13333,20,128,5,affine,"[0.11051492879398198, -0.014906649364338751, 323.68908982108417, 0.06315432731664072, 0.18871763102785719, -854.7483328767105, 0.0, 0.0, 1.0]",646.313,567.414,0.29,ok,
eval_CoNi-AM90_SEM-DIC_EBSD_SlipPartitioning_0#4,eval_CoNi-AM90_SEM-DIC_EBSD_SlipPartitioning_0,SlipPartitioning,CoNi-AM90_SEM-DIC_EBSD_SlipPartitioning,core,loftr,direct,none,0,1309,1493,13333,13333,20,133,5,affine,"[0.25671197658056627, 0.02006620334111978, -739.5632808904297, -0.021201850866414566, 0.12819977864476872, -91.85634763367955, 0.0, 0.0, 1.0]",772.020,661.586,0.31,ok,
eval_CoNi-AM90_SEM-DIC_EBSD_SlipPartitioning_0#5,eval_CoNi-AM90_SEM-DIC_EBSD_SlipPartitioning_0,SlipPartitioning,CoNi-AM90_SEM-DIC_EBSD_SlipPartitioning,core,loftr,direct,none,0,1309,1493,13333,13333,20,207,8,affine,"[0.15136575277169567, -0.048530172369477174, 15.324920493332456, -0.0077042306381919674, 0.09651316484534095, 35.93006414088029, 0.0, 0.0, 1.0]",429.969,348.475,0.35,ok,
eval_CoNi-AM90_SEM-DIC_EBSD_SlipPartitioning_0#6,eval_CoNi-AM90_SEM-DIC_EBSD_SlipPartitioning_0,SlipPartitioning,CoNi-AM90_SEM-DIC_EBSD_SlipPartitioning,core,loftr,direct,none,0,1309,1493,13333,13333,20,140,5,affine,"[0.09998554975253826, -0.008464946801586416, -248.3770748010022, 0.01572435035634089, 0.14492175133413057, -221.32000070396026, 0.0, 0.0, 1.0]",741.656,757.141,0.30,ok,
eval_CoNi-AM90_SEM-DIC_EBSD_SlipPartitioning_0#7,eval_CoNi-AM90_SEM-DIC_EBSD_SlipPartitioning_0,SlipPartitioning,CoNi-AM90_SEM-DIC_EBSD_SlipPartitioning,core,loftr,direct,none,0,1309,1493,13333,13333,20,139,5,homography,"[-0.067846217413771, -0.01868261688747885, 942.2873751441449, -0.10874644048210198, 0.1599517662249284, 210.2889407799491, -0.00016423204771123215, 0.0001398200035144239, 1.0]",2201.248,626.269,0.33,ok,
eval_CoNi-AM90_SEM-DIC_EBSD_SlipPartitioning_0#8,eval_CoNi-AM90_SEM-DIC_EBSD_SlipPartitioning_0,SlipPartitioning,CoNi-AM90_SEM-DIC_EBSD_SlipPartitioning,core,loftr,direct,none,0,1309,1493,13333,13333,20,196,9,homography,"[0.0796854776211266, -0.03984833008557632, 176.52892361476498, -0.011259744672798876, 0.08179703610178105, -16.35032072045116, -2.490604545192947e-05, -3.595947213024972e-05, 1.0]",752.473,437.085,0.37,ok,
eval_CoNi-AM90_SEM-DIC_EBSD_SlipPartitioning_0#9,eval_CoNi-AM90_SEM-DIC_EBSD_SlipPartitioning_0,SlipPartitioning,CoNi-AM90_SEM-DIC_EBSD_SlipPartitioning,core,loftr,direct,none,0,1309,1493,13333,13333,20,153,5,homography,"[0.13836910301773087, -0.025282400922543833, -493.15446390997454, 0.05787804537643435, 0.048353218793826404, -430.224628077399, -1.052066777313491e-05, -0.0001126567775539261, 1.0]",2276.509,1317.333,0.34,ok,
eval_CoNi-AM90_SEM-DIC_EBSD_SlipPartitioning_0#10,eval_CoNi-AM90_SEM-DIC_EBSD_SlipPartitioning_0,SlipPartitioning,CoNi-AM90_SEM-DIC_EBSD_SlipPartitioning,core,loftr,direct,none,0,1309,1493,13333,13333,20,148,4,affine,"[0.120252210668264, -0.018418226806059892, 37.21608593977248, -0.001062293327169847, 0.21107414800933308, -221.3404882120144, 0.0, 0.0, 1.0]",816.184,625.087,0.31,ok,
eval_CoNi-AM90_SEM-DIC_EBSD_SlipPartitioning_0#11,eval_CoNi-AM90_SEM-DIC_EBSD_SlipPartitioning_0,SlipPartitioning,CoNi-AM90_SEM-DIC_EBSD_SlipPartitioning,core,loftr,direct,none,0,1309,1493,13333,13333,20,192,7,affine,"[0.1894969111252299, 0.012971604564354755, -602.1591919679053, 0.004149299047549585, 0.16576176852052038, -376.44237703648287, 0.0, 0.0, 1.0]",690.516,716.337,0.40,ok,
eval_CoNi-AM90_SEM-DIC_EBSD_SlipPartitioning_0#12,eval_CoNi-AM90_SEM-DIC_EBSD_SlipPartitioning_0,SlipPartitioning,CoNi-AM90_SEM-DIC_EBSD_SlipPartitioning,core,loftr,direct,none,0,1309,1493,13333,13333,20,152,4,affine,"[-0.1712628492873377, 0.10511049007912006, 1184.3208732993298, 0.0910673365148147, 0.041839767098019, 178.37047062860393, 0.0, 0.0, 1.0]",975.937,983.166,0.31,ok,
eval_CoNi-AM90_SEM-DIC_EBSD_SlipPartitioning_0#13,eval_CoNi-AM90_SEM-DIC_EBSD_SlipPartitioning_0,SlipPartitioning,CoNi-AM90_SEM-DIC_EBSD_SlipPartitioning,core,loftr,direct,none,0,1309,1493,13333,13333,20,145,5,homography,"[0.1766209509037483, -0.174951325664173, 439.5183374266702, -0.03209094275387091, 0.06318465470423333, 251.39585921359284, 1.84895128297058e-05, -7.137328610934918e-05, 1.0]",1171.383,607.526,0.39,ok,
eval_CoNi-AM90_SEM-DIC_EBSD_SlipPartitioning_0#14,eval_CoNi-AM90_SEM-DIC_EBSD_SlipPartitioning_0,SlipPartitioning,CoNi-AM90_SEM-DIC_EBSD_SlipPartitioning,core,loftr,direct,none,0,1309,1493,13333,13333,20,171,5,homography,"[1.6526514419249168, 0.6529675976083712, -6396.760151629387, -0.057536014894082645, 1.1066799333142632, -793.9343692221852, 0.0005595063022545006, 0.000295879832188425, 1.0]",853.746,764.744,0.34,ok,
eval_CoNi-AM90_SEM-DIC_EBSD_SlipPartitioning_0#15,eval_CoNi-AM90_SEM-DIC_EBSD_SlipPartitioning_0,SlipPartitioning,CoNi-AM90_SEM-DIC_EBSD_SlipPartitioning,core,loftr,direct,none,0,1309,1493,13333,13333,20,32,5,homography,"[-0.09094222949983641, -0.0401862672113961, 887.1988219153767, -0.02477334813732837, -0.07663372675602495, 633.1177911440443, -8.493153611419288e-05, -6.897098164906496e-05, 1.0]",791.247,578.089,0.29,ok,
eval_CoNi-AM90_SEM-DIC_EBSD_SlipPartitioning_0#16,eval_CoNi-AM90_SEM-DIC_EBSD_SlipPartitioning_0,SlipPartitioning,CoNi-AM90_SEM-DIC_EBSD_SlipPartitioning,core,loftr,direct,none,0,1309,1493,13333,13333,20,32,5,homography,"[-0.09207555514441913, 0.07365258098432882, 1061.520118339516, 0.061898826082351095, 0.07837005041608673, -745.6066163021285, -8.847277556298057e-05, 6.250374411404198e-05, 1.0]",579.685,599.664,0.27,ok,
eval_CoNi-AM90_SEM-DIC_EBSD_SlipPartitioning_0#17,eval_CoNi-AM90_SEM-DIC_EBSD_SlipPartitioning_0,SlipPartitioning,CoNi-AM90_SEM-DIC_EBSD_SlipPartitioning,core,loftr,direct,none,0,1309,1493,13333,13333,20,151,8,homography,"[0.07646666016925176, -0.006073191765354234, 97.68591121900882, 0.061603883089634, 0.11489129940323761, -525.8660322060832, -1.625474211704282e-05, -4.928934745415024e-06, 1.0]",581.352,492.382,0.33,ok,
eval_CoNi-AM90_SEM-DIC_EBSD_SlipPartitioning_0#18,eval_CoNi-AM90_SEM-DIC_EBSD_SlipPartitioning_0,SlipPartitioning,CoNi-AM90_SEM-DIC_EBSD_SlipPartitioning,core,loftr,direct,none,0,1309,1493,13333,13333,20,82,4,affine,"[-0.03594650737360864, -0.00023555550916985415, 751.4654469906724, -0.04182018340254385, 0.15380871068806073, -273.7193004981159, 0.0, 0.0, 1.0]",626.936,649.169,0.66,ok,
eval_CoNi-AM90_SEM-DIC_EBSD_SlipPartitioning_0#19,eval_CoNi-AM90_SEM-DIC_EBSD_SlipPartitioning_0,SlipPartitioning,CoNi-AM90_SEM-DIC_EBSD_SlipPartitioning,core,loftr,direct,none,0,1309,1493,13333,13333,20,78,5,homography,"[0.04519200548912244, -0.030754520319766037, 296.242345599658, 0.0022387110447357576, -0.06593193295252887, 807.8602486770178, 1.8288958554482054e-05, -8.81020283335899e-05, 0.9999999999999999]",659.604,552.475,0.32,ok,
eval_CoNi-AM90_SEM-DIC_EBSD_SlipPartitioning_0#20,eval_CoNi-AM90_SEM-DIC_EBSD_SlipPartitioning_0,SlipPartitioning,CoNi-AM90_SEM-DIC_EBSD_SlipPartitioning,core,loftr,direct,none,0,1309,1493,13333,13333,20,112,4,affine,"[-0.07206266132270779, 0.12360438106476505, 503.6820055517925, 0.14269954462102122, 0.19719309252620668, -1857.8834939191934, 0.0, 0.0, 1.0]",962.687,1060.620,0.82,ok,
eval_CoNi-AM90_SEM-DIC_EBSD_SlipPartitioning_0#21,eval_CoNi-AM90_SEM-DIC_EBSD_SlipPartitioning_0,SlipPartitioning,CoNi-AM90_SEM-DIC_EBSD_SlipPartitioning,core,loftr,direct,none,0,1309,1493,13333,13333,20,107,4,affine,"[0.030278463902367304, -0.06642472888175861, 666.203536804105, 0.010609423235872486, 0.09524768859601769, -24.668883233865586, 0.0, 0.0, 1.0]",508.093,461.980,0.31,ok,
eval_CoNi-AM90_SEM-DIC_EBSD_SlipPartitioning_0#22,eval_CoNi-AM90_SEM-DIC_EBSD_SlipPartitioning_0,SlipPartitioning,CoNi-AM90_SEM-DIC_EBSD_SlipPartitioning,core,loftr,direct,none,0,1309,1493,13333,13333,20,105,4,affine,"[0.165332457550789, 0.04619090219050048, -1144.8675498806701, -0.055839956713787046, 0.10416512591060798, 453.4639222883359, 0.0, 0.0, 1.0]",831.083,751.948,0.81,ok,
eval_CoNi-AM90_SEM-DIC_EBSD_SlipPartitioning_0#23,eval_CoNi-AM90_SEM-DIC_EBSD_SlipPartitioning_0,SlipPartitioning,CoNi-AM90_SEM-DIC_EBSD_SlipPartitioning,core,loftr,direct,none,0,1309,1493,13333,13333,20,136,4,affine,"[0.04160702488902512, -0.09639461308597048, 1089.8050978166061, -0.008773725640284799, 0.11217138886103853, -469.702989010995, 0.0, 0.0, 1.0]",552.730,555.772,0.35,ok,
eval_CoNi-AM90_SEM-DIC_EBSD_SlipPartitioning_0#24,eval_CoNi-AM90_SEM-DIC_EBSD_SlipPartitioning_0,SlipPartitioning,CoNi-AM90_SEM-DIC_EBSD_SlipPartitioning,core,loftr,direct,none,0,1309,1493,13333,13333,20,120,5,homography,"[-0.0460532054042659, -0.007089323906478001, 636.1395407662424, -0.017383030932103975, 0.0021870083417099852, 219.07189579944833, -7.866829953541664e-05, -4.815707940623971e-06, 1.0]",357.060,332.263,0.30,ok,
eval_CoNi-AM90_SEM-DIC_EBSD_SlipPartitioning_0#25,eval_CoNi-AM90_SEM-DIC_EBSD_SlipPartitioning_0,SlipPartitioning,CoNi-AM90_SEM-DIC_EBSD_SlipPartitioning,core,loftr,direct,none,0,1309,1493,13333,13333,20,109,4,affine,"[0.2227378195408125, -0.009003944363096997, -1323.4510909032265, -0.05742935517433136, 0.1075706416074051, 631.4914308891838, 0.0, 0.0, 1.0]",991.752,825.419,0.33,ok,
eval_CoNi-AM90_SEM-DIC_EBSD_SlipPartitioning_0#26,eval_CoNi-AM90_SEM-DIC_EBSD_SlipPartitioning_0,SlipPartitioning,CoNi-AM90_SEM-DIC_EBSD_SlipPartitioning,core,loftr,direct,none,0,1309,1493,13333,13333,20,128,4,affine,"[0.04872647290986579, -0.00467977930462786, 272.31171135188134, 0.03865963695575289, 0.09773614365427294, -426.59266571226044, 0.0, 0.0, 1.0]",438.190,412.361,0.34,ok,
eval_CoNi-AM90_SEM-EBSD_SameSlice_0#0,eval_CoNi-AM90_SEM-EBSD_SameSlice_0,SameSlice,CoNi-AM90_SEM-EBSD_SameSlice,core,loftr,direct,none,0,1309,1493,12148,13089,47,374,79,affine,"[0.11434461525002383, -0.0001555007059493696, -1.6755450340425568, 0.0007553186475111255, 0.10763669500962325, -50.336782796356374, 0.0, 0.0, 1.0]",6.221,5.790,0.27,ok,
eval_CoNi-AM90_SEM-EBSD_SameSlice_0#1,eval_CoNi-AM90_SEM-EBSD_SameSlice_0,SameSlice,CoNi-AM90_SEM-EBSD_SameSlice,core,loftr,direct,none,0,1309,1493,12148,13089,47,390,84,affine,"[0.11523281099041267, -0.0007459133921347492, -6.729265160599198, -0.0001394992252446416, 0.10829547228680379, -46.53505199035476, 0.0, 0.0, 1.0]",2.352,2.216,0.28,ok,
eval_CoNi-AM90_SEM-EBSD_SameSlice_0#2,eval_CoNi-AM90_SEM-EBSD_SameSlice_0,SameSlice,CoNi-AM90_SEM-EBSD_SameSlice,core,loftr,direct,none,0,1309,1493,12148,13089,47,197,12,homography,"[0.12817773963330675, -0.008358722666228651, -20.624045388164845, 0.0036751309814168328, 0.11105120742661818, -73.01201115798305, 1.0470991196119051e-05, -7.449333485496381e-06, 0.9999999999999999]",30.161,18.214,0.30,ok,
eval_CoNi-AM90_SEM-EBSD_SameSlice_0#3,eval_CoNi-AM90_SEM-EBSD_SameSlice_0,SameSlice,CoNi-AM90_SEM-EBSD_SameSlice,core,loftr,direct,none,0,1309,1493,12148,13089,47,127,5,homography,"[-0.010518256882834923, -0.02324681214390732, 338.8816539815268, -0.04214201602495248, -0.028330386526233074, 691.2567331588878, -5.2336091351124434e-05, -5.6465069606796864e-05, 1.0]",804.650,503.330,0.28,ok,
eval_CoNi-AM90_SEM-EBSD_SameSlice_0#4,eval_CoNi-AM90_SEM-EBSD_SameSlice_0,SameSlice,CoNi-AM90_SEM-EBSD_SameSlice,core,loftr,direct,none,0,1309,1493,12148,13089,47,112,7,homography,"[0.1764381176360355, 0.15563511242880454, -1122.606934334251, 0.0602645499598997, 0.3405741609787581, -359.45127077069543, -9.675696509980738e-06, 0.00016666419394890678, 1.0]",478.358,499.702,0.28,ok,
eval_CoNi-AM90_SEM-EBSD_SameSlice_0#5,eval_CoNi-AM90_SEM-EBSD_SameSlice_0,SameSlice,CoNi-AM90_SEM-EBSD_SameSlice,core,loftr,direct,none,0,1309,1493,12148,13089,47,168,5,affine,"[-0.010756248896121675, -0.006517811724723449, 806.5017545841711, 0.028268456563644063, 0.13963924107433362, -120.46340979877607, 0.0, 0.0, 1.0]",551.394,515.461,0.32,ok,
eval_CoNi_SEM-SE_SEM-BSE_Cracks-SameSliceSerialSectioning_0#0,eval_CoNi_SEM-SE_SEM-BSE_Cracks-SameSliceSerialSectioning_0,SerialSectioning,CoNi_SEM-SE_SEM-BSE_Cracks-SameSliceSerialSectioning,core,loftr,direct,none,0,2048,3072,1024,1536,61,386,52,homography,"[1.842792038781712, -0.028778446899757205, 137.95787363734382, -1.4377552812759112e-05, 2.0537659141494657, 51.71066402524253, 4.3275651136606915e-06, -1.2086871334691076e-05, 1.0]",10.026,7.029,0.08,ok,
eval_In718-PrecipitationStrengthened_SEM-BSE_EBSD_SameSliceSerialSectioning_0#0,eval_In718-PrecipitationStrengthened_SEM-BSE_EBSD_SameSliceSerialSectioning_0,SerialSectioning,In718-PrecipitationStrengthened_SEM-BSE_EBSD_SameSliceSerialSectioning,core,loftr,direct,none,0,4096,6144,451,671,22,259,9,homography,"[4.640994584634325, 2.142881849990331, 1850.2631058158183, -0.5148931329304833, 6.130768247431059, 337.14264199167667, -0.00019761076094434725, 0.0005297722243602284, 1.0]",71.965,50.428,0.11,ok,
eval_In718-PrecipitationStrengthened_SEM-BSE_EBSD_SameSliceSerialSectioning_1#0,eval_In718-PrecipitationStrengthened_SEM-BSE_EBSD_SameSliceSerialSectioning_1,SerialSectioning,In718-PrecipitationStrengthened_SEM-BSE_EBSD_SameSliceSerialSectioning,core,loftr,direct,none,0,4096,6144,451,671,33,274,9,homography,"[5.531786711096709, 0.11033248184266357, 1842.2868556725805, -0.40994151193918515, 5.673405438174914, 311.07863652764684, 1.7906775591806722e-05, -1.1161364466088735e-05, 1.0]",42.698,39.084,0.11,ok,
eval_In718-PrecipitationStrengthened_SEM-BSE_EBSD_SameSliceSerialSectioning_2#0,eval_In718-PrecipitationStrengthened_SEM-BSE_EBSD_SameSliceSerialSectioning_2,SerialSectioning,In718-PrecipitationStrengthened_SEM-BSE_EBSD_SameSliceSerialSectioning,core,loftr,direct,none,0,4096,6144,451,671,46,238,6,homography,"[-2.6475991203791645, 5.7338099527677, 1928.8796857034645, -3.0498351389804057, 7.6384660103584, 344.60644325348864, -0.001840572655825877, 0.0014507499539237907, 1.0]",647.929,397.097,0.11,ok,
eval_In718-PrecipitationStrengthened_SEM-BSE_EBSD_SameSliceSerialSectioning_3#0,eval_In718-PrecipitationStrengthened_SEM-BSE_EBSD_SameSliceSerialSectioning_3,SerialSectioning,In718-PrecipitationStrengthened_SEM-BSE_EBSD_SameSliceSerialSectioning,core,loftr,direct,none,0,4096,6144,451,671,44,251,8,affine,"[5.35115729906868, 0.5295497437330724, 1844.6133847110054, 0.0, 0.0, 474.8985595703125, 0.0, 0.0, 1.0]",1222.448,1374.185,0.11,ok,
eval_In718-PrecipitationStrengthened_SEM-DIC_EBSD_SlipPartitioning_0#0,eval_In718-PrecipitationStrengthened_SEM-DIC_EBSD_SlipPartitioning_0,SlipPartitioning,In718-PrecipitationStrengthened_SEM-DIC_EBSD_SlipPartitioning,core,loftr,direct,none,0,,,,,56,,,,,,,,failed,only 0 correspondences
eval_In718-PrecipitationStrengthened_SEM-DIC_EBSD_SlipPartitioning_0#1,eval_In718-PrecipitationStrengthened_SEM-DIC_EBSD_SlipPartitioning_0,SlipPartitioning,In718-PrecipitationStrengthened_SEM-DIC_EBSD_SlipPartitioning,core,loftr,direct,none,0,,,,,56,,,,,,,,failed,only 0 correspondences
eval_In718-PrecipitationStrengthened_SEM-DIC_EBSD_SlipPartitioning_0#2,eval_In718-PrecipitationStrengthened_SEM-DIC_EBSD_SlipPartitioning_0,SlipPartitioning,In718-PrecipitationStrengthened_SEM-DIC_EBSD_SlipPartitioning,core,loftr,direct,none,0,,,,,56,,,,,,,,failed,only 0 correspondences
eval_In718-PrecipitationStrengthened_SEM-DIC_EBSD_SlipPartitioning_0#3,eval_In718-PrecipitationStrengthened_SEM-DIC_EBSD_SlipPartitioning_0,SlipPartitioning,In718-PrecipitationStrengthened_SEM-DIC_EBSD_SlipPartitioning,core,loftr,direct,none,0,,,,,56,,,,,,,,failed,only 0 correspondences
eval_In718-SolutionStrengthened_SEM-SE_EBSD_SameSliceSerialSectioning_0#0,eval_In718-SolutionStrengthened_SEM-SE_EBSD_SameSliceSerialSectioning_0,SerialSectioning,In718-SolutionStrengthened_SEM-SE_EBSD_SameSliceSerialSectioning,core,loftr,direct,none,0,1024,1536,1536,1024,20,123,13,affine,"[0.9105605219478277, -0.048715047187256395, 367.028635503554, 0.12398974182245177, 0.8820608454661988, -160.6446030847967, 0.0, 0.0, 1.0]",498.286,505.238,0.07,ok,
eval_In718-SolutionStrengthened_SEM-SE_EBSD_SameSliceSerialSectioning_0#1,eval_In718-SolutionStrengthened_SEM-SE_EBSD_SameSliceSerialSectioning_0,SerialSectioning,In718-SolutionStrengthened_SEM-SE_EBSD_SameSliceSerialSectioning,core,loftr,direct,none,0,433,512,1536,1024,39,125,8,affine,"[0.6531872413707427, -0.1145340169225923, 40.3835098657686, 0.02906411339927257, 0.44809772847615886, -175.89657836193751, 0.0, 0.0, 1.0]",281.258,297.218,0.07,ok,
eval_In718-SolutionStrengthened_SEM-SE_EBSD_SameSliceSerialSectioning_0#2,eval_In718-SolutionStrengthened_SEM-SE_EBSD_SameSliceSerialSectioning_0,SerialSectioning,In718-SolutionStrengthened_SEM-SE_EBSD_SameSliceSerialSectioning,core,loftr,direct,none,0,433,512,1536,1024,39,147,9,affine,"[0.6476733318938125, -0.03803532008002555, -206.51872709798957, 0.016008741290867625, 0.5970876308752097, -349.75940639169585, 0.0, 0.0, 1.0]",319.733,313.548,0.06,ok,
eval_In718-SolutionStrengthened_SEM-SE_EBSD_SameSliceSerialSectioning_0#3,eval_In718-SolutionStrengthened_SEM-SE_EBSD_SameSliceSerialSectioning_0,SerialSectioning,In718-SolutionStrengthened_SEM-SE_EBSD_SameSliceSerialSectioning,core,loftr,direct,none,0,433,512,1536,1024,39,116,6,homography,"[1.5086635303617038, 4.150605615243183, -451.6040500583098, -8.54069007249925, 11.120231901695371, -5046.63061333531, -0.0218354436562906, 0.023867423249731134, 1.0]",863.758,436.178,0.06,ok,
eval_In718-SolutionStrengthened_SEM-SE_EBSD_SameSliceSerialSectioning_1#0,eval_In718-SolutionStrengthened_SEM-SE_EBSD_SameSliceSerialSectioning_1,SerialSectioning,In718-SolutionStrengthened_SEM-SE_EBSD_SameSliceSerialSectioning,core,loftr,direct,none,0,1024,1536,433,512,26,184,8,affine,"[2.0546136305266516, -0.2022989937038392, 286.3557705578297, -0.04213088854472298, 2.869221346242149, -92.18198992063327, 0.0, 0.0, 1.0]",30.897,28.866,0.06,ok,
eval_In718-SolutionStrengthened_SEM-SE_EBSD_SameSliceSerialSectioning_1#1,eval_In718-SolutionStrengthened_SEM-SE_EBSD_SameSliceSerialSectioning_1,SerialSectioning,In718-SolutionStrengthened_SEM-SE_EBSD_SameSliceSerialSectioning,core,loftr,direct,none,0,1024,1536,433,512,26,177,4,affine,"[-0.3215765577680567, -1.5846859006008407, 1384.9732139784683, -0.1336470045315774, 3.1408797919122766, -41.230847468011916, 0.0, 0.0, 1.0]",345.327,309.343,0.06,ok,
eval_In718-SolutionStrengthened_SEM-SE_EBSD_SameSliceSerialSectioning_2#0,eval_In718-SolutionStrengthened_SEM-SE_EBSD_SameSliceSerialSectioning_2,SerialSectioning,In718-SolutionStrengthened_SEM-SE_EBSD_SameSliceSerialSectioning,core,loftr,direct,none,0,1024,1536,433,512,44,128,11,affine,"[1.988685606260039, -0.015110548949873594, 249.48047221365175, -0.3129691666090086, 2.7768219049010434, -2.054723687632986, 0.0, 0.0, 1.0]",26.458,16.979,0.06,ok,
eval_In718-SolutionStrengthened_SEM-SE_EBSD_SameSliceSerialSectioning_2#1,eval_In718-SolutionStrengthened_SEM-SE_EBSD_SameSliceSerialSectioning_2,SerialSectioning,In718-SolutionStrengthened_SEM-SE_EBSD_SameSliceSerialSectioning,core,loftr,direct,none,0,1024,1536,433,512,44,178,6,homography,"[1.312684573185756, -0.36604549130420133, 278.7350223366223, 0.006440947443079795, 0.943127109462698, 224.83610630858956, 0.00016003911926465181, -0.0012237373631583902, 1.0]",119.373,88.123,0.06,ok,
eval_In718-SolutionStrengthened_SEM-SE_EBSD_SameSliceSerialSectioning_3#0,eval_In718-SolutionStrengthened_SEM-SE_EBSD_SameSliceSerialSectioning_3,SerialSectioning,In718-SolutionStrengthened_SEM-SE_EBSD_SameSliceSerialSectioning,core,loftr,direct,none,0,1024,1536,433,512,53,202,20,affine,"[1.8907998275437106, 0.01580466729280445, 263.1540250753194, -0.19703409352454898, 2.710727922464314, -8.72478966562619, 0.0, 0.0, 1.0]",20.018,12.939,0.06,ok,
eval_In718-SolutionStrengthened_SEM-SE_EBSD_SameSliceSerialSectioning_3#1,eval_In718-SolutionStrengthened_SEM-SE_EBSD_SameSliceSerialSectioning_3,SerialSectioning,In718-SolutionStrengthened_SEM-SE_EBSD_SameSliceSerialSectioning,core,loftr,direct,none,0,1024,1536,433,512,53,128,7,affine,"[1.668443327740317, -0.3522204465107269, 447.3816363276595, 0.2851320246244655, 3.0135652013723306, -222.09685566048873, 0.0, 0.0, 1.0]",87.532,72.763,0.06,ok,
eval_MoTaTiZrHf-HEA-DDRX-1100C_TEM_DislocationCharacterization_0#0,eval_MoTaTiZrHf-HEA-DDRX-1100C_TEM_DislocationCharacterization_0,DislocationCharacterization,MoTaTiZrHf-HEA-DDRX-1100C_TEM_DislocationCharacterization,core,loftr,direct,none,0,2192,2048,2192,2048,24,1366,364,affine,"[0.9996319879951512, 0.0016200448770530668, -3.102271266204525, 0.0006857451173528481, 1.0276068289277815, -58.76539097977343, 0.0, 0.0, 1.0]",59.347,57.454,0.23,ok,
eval_MoTaTiZrHf-HEA-DDRX-1100C_TEM_DislocationCharacterization_0#1,eval_MoTaTiZrHf-HEA-DDRX-1100C_TEM_DislocationCharacterization_0,DislocationCharacterization,MoTaTiZrHf-HEA-DDRX-1100C_TEM_DislocationCharacterization,core,loftr,direct,none,0,2192,2048,2192,2048,24,810,356,affine,"[1.0000725926555398, 0.0022651935338117964, -4.54792266248694, 0.00015350739903507296, 1.0054539956295772, -11.831356969462604, 0.0, 0.0, 1.0]",70.072,66.480,0.22,ok,
eval_MoTaTiZrHf-HEA-DDRX-1100C_TEM_DislocationCharacterization_0#2,eval_MoTaTiZrHf-HEA-DDRX-1100C_TEM_DislocationCharacterization_0,DislocationCharacterization,MoTaTiZrHf-HEA-DDRX-1100C_TEM_DislocationCharacterization,core,loftr,direct,none,0,2192,2048,2192,2048,24,723,214,affine,"[0.9999242614223343, 4.0059939537510555e-06, 0.08181624245230523, 8.155252995321275e-05, 1.0125799923284822, -26.759240566511153, 0.0, 0.0, 1.0]",65.918,62.797,0.23,ok,
eval_MoTaTiZrHf-HEA-DDRX-1100C_TEM_DislocationCharacterization_0#3,eval_MoTaTiZrHf-HEA-DDRX-1100C_TEM_DislocationCharacterization_0,DislocationCharacterization,MoTaTiZrHf-HEA-DDRX-1100C_TEM_DislocationCharacterization,core,loftr,direct,none,0,2192,2048,2192,2048,24,565,205,homography,"[1.0100219388909475, 0.002489713891364309, -5.218207476154205, -0.0003320554933295613, 1.0247789994237544, -29.938130425296087, -1.9480492389612794e-07, 5.052159836487646e-06, 1.0]",68.201,66.368,0.22,ok,
eval_MoTaTiZrHf-HEA-DDRX-1100C_TEM_DislocationCharacterization_0#4,eval_MoTaTiZrHf-HEA-DDRX-1100C_TEM_DislocationCharacterization_0,DislocationCharacterization,MoTaTiZrHf-HEA-DDRX-1100C_TEM_DislocationCharacterization,core,loftr,direct,none,0,2192,2048,2192,2048,17,907,338,affine,"[1.0002659305407695, 0.0006543972972360049, -1.7449870684665711, -5.565608248347547e-05, 0.9932026833315047, 14.571304570161828, 0.0, 0.0, 1.0]",192.008,196.267,0.23,ok,
eval_MoTaTiZrHf-HEA-DDRX-1100C_TEM_DislocationCharacterization_0#5,eval_MoTaTiZrHf-HEA-DDRX-1100C_TEM_DislocationCharacterization_0,DislocationCharacterization,MoTaTiZrHf-HEA-DDRX-1100C_TEM_DislocationCharacterization,core,loftr,direct,none,0,2192,2048,2192,2048,17,635,324,homography,"[1.1196957607815519, 0.008032022302433215, -16.901041316789243, -0.0007152710878467579, 1.2450404786193323, -262.14829396308676, -4.6252215769146823e-07, 5.730315960942678e-05, 1.0]",171.500,198.486,0.23,ok,
eval_MoTaTiZrHf-HEA-DDRX-1100C_TEM_DislocationCharacterization_0#6,eval_MoTaTiZrHf-HEA-DDRX-1100C_TEM_DislocationCharacterization_0,DislocationCharacterization,MoTaTiZrHf-HEA-DDRX-1100C_TEM_DislocationCharacterization,core,loftr,direct,none,0,2192,2048,2192,2048,17,565,196,affine,"[0.999990501256151, -0.01620416793322602, 33.678284837455635, -0.00016193661065930503, 0.999741471053248, 0.6252887592158913, 0.0, 0.0, 1.0]",189.492,195.997,0.23,ok,
eval_MoTaTiZrHf-HEA-DDRX-1100C_TEM_DislocationCharacterization_0#7,eval_MoTaTiZrHf-HEA-DDRX-1100C_TEM_DislocationCharacterization_0,DislocationCharacterization,MoTaTiZrHf-HEA-DDRX-1100C_TEM_DislocationCharacterization,core,loftr,direct,none,0,2192,2048,2192,2048,17,571,201,homography,"[1.0272525942612958, 0.01994611323071305, -42.2788537485979, 0.0011507300889440056, 1.0609870069098857, -72.3164250410997, 4.4654214500744825e-07, 1.2678102321224786e-05, 1.0]",173.636,191.134,0.22,ok,
eval_MoTaTiZrHf-HEA-DDRX-1100C_TEM_DislocationCharacterization_0#8,eval_MoTaTiZrHf-HEA-DDRX-1100C_TEM_DislocationCharacterization_0,DislocationCharacterization,MoTaTiZrHf-HEA-DDRX-1100C_TEM_DislocationCharacterization,core,loftr,direct,none,0,2192,2048,2192,2048,24,755,349,homography,"[1.091430365336515, 0.05210084827109877, -108.93649398743486, 9.217744759508008e-07, 1.2018276421030323, -231.27844517357042, 2.6454313436533428e-08, 4.369316384887362e-05, 1.0]",84.328,81.045,0.23,ok,
eval_MoTaTiZrHf-HEA-DDRX-1100C_TEM_DislocationCharacterization_0#9,eval_MoTaTiZrHf-HEA-DDRX-1100C_TEM_DislocationCharacterization_0,DislocationCharacterization,MoTaTiZrHf-HEA-DDRX-1100C_TEM_DislocationCharacterization,core,loftr,direct,none,0,2192,2048,2192,2048,24,749,354,homography,"[1.0245894760472156, -0.004783498483482412, 10.238060110200344, -0.0007426868220137771, 1.0653353579710854, -84.55253204996832, -3.739297572726388e-07, 1.1991955393910724e-05, 1.0]",68.323,67.978,0.23,ok,
eval_MoTaTiZrHf-HEA-DDRX-1100C_TEM_DislocationCharacterization_0#10,eval_MoTaTiZrHf-HEA-DDRX-1100C_TEM_DislocationCharacterization_0,DislocationCharacterization,MoTaTiZrHf-HEA-DDRX-1100C_TEM_DislocationCharacterization,core,loftr,direct,none,0,2192,2048,2192,2048,24,726,210,affine,"[0.9999142745446988, -0.0018105338983319293, 4.025479610240609, 2.221606112470841e-05, 1.002996387147831, -6.3968005540796185, 0.0, 0.0, 1.0]",71.945,67.609,0.23,ok,
eval_MoTaTiZrHf-HEA-DDRX-1100C_TEM_DislocationCharacterization_0#11,eval_MoTaTiZrHf-HEA-DDRX-1100C_TEM_DislocationCharacterization_0,DislocationCharacterization,MoTaTiZrHf-HEA-DDRX-1100C_TEM_DislocationCharacterization,core,loftr,direct,none,0,2192,2048,2192,2048,24,1497,569,affine,"[0.9732395112432907, -0.06656999245158626, 61.74913117889696, 0.001440655573119412, 0.9891710609672777, -44.752530710495876, 0.0, 0.0, 1.0]",22.999,25.630,0.23,ok,
eval_MoTaTiZrHf-HEA-DDRX-1100C_TEM_DislocationCharacterization_0#12,eval_MoTaTiZrHf-HEA-DDRX-1100C_TEM_DislocationCharacterization_0,DislocationCharacterization,MoTaTiZrHf-HEA-DDRX-1100C_TEM_DislocationCharacterization,core,loftr,direct,none,0,2192,2048,2192,2048,17,791,350,affine,"[1.000016287652982, 0.0001856792439922992, -0.435144387451192, -7.818073431254703e-05, 0.9973125372580062, 5.714821869033585, 0.0, 0.0, 1.0]",189.175,194.824,0.23,ok,
eval_MoTaTiZrHf-HEA-DDRX-1100C_TEM_DislocationCharacterization_0#13,eval_MoTaTiZrHf-HEA-DDRX-1100C_TEM_DislocationCharacterization_0,DislocationCharacterization,MoTaTiZrHf-HEA-DDRX-1100C_TEM_DislocationCharacterization,core,loftr,direct,none,0,2192,2048,2192,2048,17,668,341,affine,"[1.0000427675849473, 0.0034557056167790682, -7.416125309119934, -0.00016012991014396742, 0.996038264863594, 8.511994591264283, 0.0, 0.0, 1.0]",189.750,194.741,0.42,ok,
eval_MoTaTiZrHf-HEA-DDRX-1100C_TEM_DislocationCharacterization_0#14,eval_MoTaTiZrHf-HEA-DDRX-1100C_TEM_DislocationCharacterization_0,DislocationCharacterization,MoTaTiZrHf-HEA-DDRX-1100C_TEM_DislocationCharacterization,core,loftr,direct,none,0,2192,2048,2192,2048,17,600,196,homography,"[1.0034092570929363, 0.012197786367000045, -25.903162758281127, -0.00023116244040068427, 1.0019628681453423, 3.591411925041495, -1.591890263050421e-08, 1.6528554799910642e-06, 1.0]",188.963,194.309,0.23,ok,
eval_MoTaTiZrHf-HEA-DDRX-1100C_TEM_DislocationCharacterization_0#15,eval_MoTaTiZrHf-HEA-DDRX-1100C_TEM_DislocationCharacterization_0,DislocationCharacterization,MoTaTiZrHf-HEA-DDRX-1100C_TEM_DislocationCharacterization,core,loftr,direct,none,0,2192,2048,2192,2048,17,576,223,homography,"[1.0004968508192418, -2.2230386735558276e-07, 0.02239324968399449, -9.339668517531228e-05, 1.0161858208242698, -32.199180505638886, -1.309076134760601e-07, 4.905754118340492e-07, 1.0]",177.802,189.699,0.23,ok,
eval_MoTaTiZrHf-HEA-DDRX-1100C_TEM_DislocationCharacterization_0#16,eval_MoTaTiZrHf-HEA-DDRX-1100C_TEM_DislocationCharacterization_0,DislocationCharacterization,MoTaTiZrHf-HEA-DDRX-1100C_TEM_DislocationCharacterization,core,loftr,direct,none,0,2192,2048,2192,2048,24,754,210,homography,"[1.083725055170184, 0.047408889229873664, -98.94372976041107, -0.00025847201848043386, 1.17205844504076, -183.66806557207772, -1.2044089421047726e-07, 4.03329233675759e-05, 1.0]",78.097,77.283,0.23,ok,
eval_MoTaTiZrHf-HEA-DDRX-1100C_TEM_DislocationCharacterization_0#17,eval_MoTaTiZrHf-HEA-DDRX-1100C_TEM_DislocationCharacterization_0,DislocationCharacterization,MoTaTiZrHf-HEA-DDRX-1100C_TEM_DislocationCharacterization,core,loftr,direct,none,0,2192,2048,2192,2048,24,931,220,homography,"[1.0478625298074422, 0.03964348936461164, -82.90058755916843, -0.0001972259712812926, 1.1139865635510013, -138.23278967701316, -1.0007194179117959e-07, 2.297745416031618e-05, 1.0]",67.751,62.914,0.23,ok,
eval_MoTaTiZrHf-HEA-DDRX-1100C_TEM_DislocationCharacterization_0#18,eval_MoTaTiZrHf-HEA-DDRX-1100C_TEM_DislocationCharacterization_0,DislocationCharacterization,MoTaTiZrHf-HEA-DDRX-1100C_TEM_DislocationCharacterization,core,loftr,direct,none,0,2192,2048,2192,2048,24,969,318,affine,"[0.999949793326471, 0.0038977300020047977, -8.005440312719202, 1.6290542744667377e-05, 1.0034589266390879, -7.533033888027376, 0.0, 0.0, 1.0]",71.103,68.450,0.23,ok,
eval_MoTaTiZrHf-HEA-DDRX-1100C_TEM_DislocationCharacterization_0#19,eval_MoTaTiZrHf-HEA-DDRX-1100C_TEM_DislocationCharacterization_0,DislocationCharacterization,MoTaTiZrHf-HEA-DDRX-1100C_TEM_DislocationCharacterization,core,loftr,direct,none,0,2192,2048,2192,2048,24,1229,538,affine,"[0.9735341724904941, -0.06398662687529381, 56.161284327074554, 0.0005551115700966193, 0.9879938829834898, -42.748884827479515, 0.0, 0.0, 1.0]",24.501,27.820,0.24,ok,
eval_MoTaTiZrHf-HEA-DDRX-1100C_TEM_DislocationCharacterization_0#20,eval_MoTaTiZrHf-HEA-DDRX-1100C_TEM_DislocationCharacterization_0,DislocationCharacterization,MoTaTiZrHf-HEA-DDRX-1100C_TEM_DislocationCharacterization,core,loftr,direct,none,0,2192,2048,2192,2048,17,633,191,affine,"[0.9995659332402611, 0.006228304239256944, -13.166573483655498, -0.00019834291637682488, 1.008531143401896, -17.30835379692644, 0.0, 0.0, 1.0]",181.807,191.241,0.23,ok,
eval_MoTaTiZrHf-HEA-DDRX-1100C_TEM_DislocationCharacterization_0#21,eval_MoTaTiZrHf-HEA-DDRX-1100C_TEM_DislocationCharacterization_0,DislocationCharacterization,MoTaTiZrHf-HEA-DDRX-1100C_TEM_DislocationCharacterization,core,loftr,direct,none,0,2192,2048,2192,2048,17,702,196,affine,"[0.9995169254806012, 0.028238518038670266, -59.15736657572893, -4.830269054901308e-05, 1.0265580718822251, -55.511943645404244, 0.0, 0.0, 1.0]",170.769,184.451,0.23,ok,
eval_MoTaTiZrHf-HEA-DDRX-1100C_TEM_DislocationCharacterization_0#22,eval_MoTaTiZrHf-HEA-DDRX-1100C_TEM_DislocationCharacterization_0,DislocationCharacterization,MoTaTiZrHf-HEA-DDRX-1100C_TEM_DislocationCharacterization,core,loftr,direct,none,0,2192,2048,2192,2048,17,700,296,affine,"[1.0001217651901275, 0.011689371962138753, -24.786703663864728, -0.0003099689792997896, 0.999338479642233, 1.8083491302359107, 0.0, 0.0, 1.0]",187.309,193.123,0.23,ok,
eval_MoTaTiZrHf-HEA-DDRX-1100C_TEM_DislocationCharacterization_0#23,eval_MoTaTiZrHf-HEA-DDRX-1100C_TEM_DislocationCharacterization_0,DislocationCharacterization,MoTaTiZrHf-HEA-DDRX-1100C_TEM_DislocationCharacterization,core,loftr,direct,none,0,2192,2048,2192,2048,17,551,190,affine,"[1.000175973856991, -0.008212279707425968, 16.741750037095926, 7.620034716688146e-05, 1.0148424207175717, -31.242807247419933, 0.0, 0.0, 1.0]",178.853,190.807,0.29,ok,
eval_MoTaTiZrHf-HEA-DDRX-1100C_TEM_DislocationCharacterization_0#24,eval_MoTaTiZrHf-HEA-DDRX-1100C_TEM_DislocationCharacterization_0,DislocationCharacterization,MoTaTiZrHf-HEA-DDRX-1100C_TEM_DislocationCharacterization,core,loftr,direct,none,0,2192,2048,2192,2048,24,1207,317,affine,"[0.9986138696105231, -0.010241316715176202, 22.805133600415388, 0.0007441782047508786, 1.0251316455274933, -53.76957408995622, 0.0, 0.0, 1.0]",61.589,63.222,0.23,ok,
eval_MoTaTiZrHf-HEA-DDRX-1100C_TEM_DislocationCharacterization_0#25,eval_MoTaTiZrHf-HEA-DDRX-1100C_TEM_DislocationCharacterization_0,DislocationCharacterization,MoTaTiZrHf-HEA-DDRX-1100C_TEM_DislocationCharacterization,core,loftr,direct,none,0,2192,2048,2192,2048,24,783,214,affine,"[0.9998570521624593, 0.010589643175425685, -21.69371957532917, 0.000254517558521242, 1.0312560468415246, -66.07841064790728, 0.0, 0.0, 1.0]",58.648,62.980,0.23,ok,
eval_MoTaTiZrHf-HEA-DDRX-1100C_TEM_DislocationCharacterization_0#26,eval_MoTaTiZrHf-HEA-DDRX-1100C_TEM_DislocationCharacterization_0,DislocationCharacterization,MoTaTiZrHf-HEA-DDRX-1100C_TEM_DislocationCharacterization,core,loftr,direct,none,0,2192,2048,2192,2048,24,618,213,affine,"[1.00017546888398, -0.01168220956863818, 24.730972958894313, 0.00018004172319029149, 1.0257781221391291, -54.525189339948156, 0.0, 0.0, 1.0]",62.243,64.519,0.23,ok,
eval_MoTaTiZrHf-HEA-DDRX-1100C_TEM_DislocationCharacterization_0#27,eval_MoTaTiZrHf-HEA-DDRX-1100C_TEM_DislocationCharacterization_0,DislocationCharacterization,MoTaTiZrHf-HEA-DDRX-1100C_TEM_DislocationCharacterization,core,loftr,direct,none,0,2192,2048,2192,2048,24,703,375,homography,"[1.0198505156974815, 0.004859185021656373, -10.28166178455387, -0.001214469090234255, 1.0459361522320818, -53.23071578447248, -5.707011543393378e-07, 9.807774723153947e-06, 1.0]",66.208,66.023,0.22,ok,
eval_MoTaTiZrHf-HEA-DDRX-1100C_TEM_DislocationCharacterization_0#28,eval_MoTaTiZrHf-HEA-DDRX-1100C_TEM_DislocationCharacterization_0,DislocationCharacterization,MoTaTiZrHf-HEA-DDRX-1100C_TEM_DislocationCharacterization,core,loftr,direct,none,0,2192,2048,2192,2048,17,601,210,affine,"[1.0002583503431197, 0.0032496607683157965, -6.918987500989601, -0.00010949335140807368, 0.9962115021204189, 7.910295690959629, 0.0, 0.0, 1.0]",189.571,194.749,0.23,ok,
eval_MoTaTiZrHf-HEA-DDRX-1100C_TEM_DislocationCharacterization_0#29,eval_MoTaTiZrHf-HEA-DDRX-1100C_TEM_DislocationCharacterization_0,DislocationCharacterization,MoTaTiZrHf-HEA-DDRX-1100C_TEM_DislocationCharacterization,core,loftr,direct,none,0,2192,2048,2192,2048,17,555,204,affine,"[1.0000118285700268, -0.015006386543137063, 31.658311748532128, -3.221448777216428e-06, 1.0060275696918846, -13.019109566375391, 0.0, 0.0, 1.0]",185.245,194.071,0.23,ok,
eval_MoTaTiZrHf-HEA-DDRX-1100C_TEM_DislocationCharacterization_0#30,eval_MoTaTiZrHf-HEA-DDRX-1100C_TEM_DislocationCharacterization_0,DislocationCharacterization,MoTaTiZrHf-HEA-DDRX-1100C_TEM_DislocationCharacterization,core,loftr,direct,none,0,2192,2048,2192,2048,17,489,195,affine,"[1.0001329158454466, -0.0009428890316325615, 1.958018784769365, -7.756501877923573e-05, 1.0037668687693546, -8.064040762675177, 0.0, 0.0, 1.0]",184.983,192.949,0.23,ok,
eval_MoTaTiZrHf-HEA-DDRX-1100C_TEM_DislocationCharacterization_0#31,eval_MoTaTiZrHf-HEA-DDRX-1100C_TEM_DislocationCharacterization_0,DislocationCharacterization,MoTaTiZrHf-HEA-DDRX-1100C_TEM_DislocationCharacterization,core,loftr,direct,none,0,2192,2048,2192,2048,17,664,373,affine,"[1.0001891385749104, 0.002228844077161681, -5.074371829798679, -4.4204344126965915e-05, 1.0046291496130975, -9.753200899132025, 0.0, 0.0, 1.0]",184.241,192.340,0.24,ok,
eval_MoTaTiZrHf-HEA-DDRX-900C_TEM_DislocationCharacterization_0#0,eval_MoTaTiZrHf-HEA-DDRX-900C_TEM_DislocationCharacterization_0,DislocationCharacterization,MoTaTiZrHf-HEA-DDRX-900C_TEM_DislocationCharacterization,core,loftr,direct,none,0,2192,2048,2192,2048,13,885,360,homography,"[0.9941010933881803, -0.0053686298374066984, 11.52377218245156, -0.00015198433542096295, 0.9921202330686061, 3.5662335261559583, -1.2779249428014453e-07, -2.8236894861519106e-06, 1.0]",57.395,55.973,0.23,ok,
eval_MoTaTiZrHf-HEA-DDRX-900C_TEM_DislocationCharacterization_0#1,eval_MoTaTiZrHf-HEA-DDRX-900C_TEM_DislocationCharacterization_0,DislocationCharacterization,MoTaTiZrHf-HEA-DDRX-900C_TEM_DislocationCharacterization,core,loftr,direct,none,0,2192,2048,2192,2048,13,618,197,affine,"[1.0003440496556661, 8.892978378896798e-05, -0.0630985656636085, -5.941477235636335e-05, 1.0091930321073799, -19.367885976992056, 0.0, 0.0, 1.0]",62.979,64.366,0.23,ok,
eval_MoTaTiZrHf-HEA-DDRX-900C_TEM_DislocationCharacterization_0#2,eval_MoTaTiZrHf-HEA-DDRX-900C_TEM_DislocationCharacterization_0,DislocationCharacterization,MoTaTiZrHf-HEA-DDRX-900C_TEM_DislocationCharacterization,core,loftr,direct,none,0,2192,2048,2192,2048,13,610,196,affine,"[1.000055500550489, 0.00041039820338090524, -0.6323123365660877, -9.010164175006212e-05, 1.0046039599088312, -9.70688298653613, 0.0, 0.0, 1.0]",61.096,62.062,0.23,ok,
eval_MoTaTiZrHf-HEA-DDRX-900C_TEM_DislocationCharacterization_0#3,eval_MoTaTiZrHf-HEA-DDRX-900C_TEM_DislocationCharacterization_0,DislocationCharacterization,MoTaTiZrHf-HEA-DDRX-900C_TEM_DislocationCharacterization,core,loftr,direct,none,0,2192,2048,2192,2048,13,619,212,affine,"[0.9998503493913482, 0.02200869637650614, -45.67133428774707, -0.0001778909579460897, 1.0110261034623707, -22.981783263705665, 0.0, 0.0, 1.0]",79.967,85.303,0.23,ok,
eval_MoTaTiZrHf-HEA-DDRX-900C_TEM_DislocationCharacterization_0#4,eval_MoTaTiZrHf-HEA-DDRX-900C_TEM_DislocationCharacterization_0,DislocationCharacterization,MoTaTiZrHf-HEA-DDRX-900C_TEM_DislocationCharacterization,core,loftr,direct,none,0,2192,2048,2192,2048,13,620,193,homography,"[0.9450774085325354, -0.01126614330541805, 23.96171803710907, 0.00044260279958222313, 0.8913930801341657, 112.48555960922197, 6.995113580138563e-08, -2.606673128887754e-05, 1.0]",75.512,76.852,0.23,ok,
eval_MoTaTiZrHf-HEA-DDRX-900C_TEM_DislocationCharacterization_0#5,eval_MoTaTiZrHf-HEA-DDRX-900C_TEM_DislocationCharacterization_0,DislocationCharacterization,MoTaTiZrHf-HEA-DDRX-900C_TEM_DislocationCharacterization,core,loftr,direct,none,0,2192,2048,2192,2048,13,735,308,affine,"[1.000264512670513, -0.002847586667991617, 6.112876516372353, -2.5317261435841785e-05, 0.9999828550270238, -0.043661878539296595, 0.0, 0.0, 1.0]",57.316,55.940,0.23,ok,
eval_MoTaTiZrHf-HEA-DDRX-900C_TEM_DislocationCharacterization_0#6,eval_MoTaTiZrHf-HEA-DDRX-900C_TEM_DislocationCharacterization_0,DislocationCharacterization,MoTaTiZrHf-HEA-DDRX-900C_TEM_DislocationCharacterization,core,loftr,direct,none,0,2192,2048,2192,2048,13,788,313,affine,"[1.0005018923425835, 0.00023133701976626268, -0.6688746257925686, 0.00017649508444917366, 1.0006268420162951, -1.5811575803145388, 0.0, 0.0, 1.0]",59.483,59.884,0.23,ok,
eval_MoTaTiZrHf-HEA-DDRX-900C_TEM_DislocationCharacterization_0#7,eval_MoTaTiZrHf-HEA-DDRX-900C_TEM_DislocationCharacterization_0,DislocationCharacterization,MoTaTiZrHf-HEA-DDRX-900C_TEM_DislocationCharacterization,core,loftr,direct,none,0,2192,2048,2192,2048,13,773,200,affine,"[0.9998516759044564, 0.0014887695755720221, -2.8612329643639214, 0.00021997747461330135, 1.0078666292503844, -16.588275231368698, 0.0, 0.0, 1.0]",63.217,65.133,0.24,ok,
eval_MoTaTiZrHf-HEA-DDRX-900C_TEM_DislocationCharacterization_0#8,eval_MoTaTiZrHf-HEA-DDRX-900C_TEM_DislocationCharacterization_0,DislocationCharacterization,MoTaTiZrHf-HEA-DDRX-900C_TEM_DislocationCharacterization,core,loftr,direct,none,0,2192,2048,2192,2048,13,618,195,affine,"[0.9990370719292349, -0.0028598515954783277, 6.526811642243388, 0.0003213084091159475, 1.0095354778769874, -20.853135910385845, 0.0, 0.0, 1.0]",61.876,62.290,0.67,ok,
eval_MoTaTiZrHf-HEA-DDRX-900C_TEM_DislocationCharacterization_0#9,eval_MoTaTiZrHf-HEA-DDRX-900C_TEM_DislocationCharacterization_0,DislocationCharacterization,MoTaTiZrHf-HEA-DDRX-900C_TEM_DislocationCharacterization,core,loftr,direct,none,0,2192,2048,2192,2048,13,723,318,homography,"[0.9811464929874227, -0.00011697531569878853, -0.02045378712365602, 0.0003077186941798524, 0.9611668508968814, 40.42223716383051, 1.0656589460324494e-07, -9.254215845523092e-06, 1.0]",64.043,64.329,0.22,ok,
eval_MoTaTiZrHf-HEA-DDRX-900C_TEM_DislocationCharacterization_0#10,eval_MoTaTiZrHf-HEA-DDRX-900C_TEM_DislocationCharacterization_0,DislocationCharacterization,MoTaTiZrHf-HEA-DDRX-900C_TEM_DislocationCharacterization,core,loftr,direct,none,0,2192,2048,2192,2048,13,839,320,affine,"[1.0005078966008898, -0.017247843089569274, 36.17660655562099, 0.0002448677955605362, 0.9999434481354431, -0.46782575355723566, 0.0, 0.0, 1.0]",49.199,47.146,0.23,ok,
eval_MoTaTiZrHf-HEA-DDRX-900C_TEM_DislocationCharacterization_0#11,eval_MoTaTiZrHf-HEA-DDRX-900C_TEM_DislocationCharacterization_0,DislocationCharacterization,MoTaTiZrHf-HEA-DDRX-900C_TEM_DislocationCharacterization,core,loftr,direct,none,0,2192,2048,2192,2048,13,817,194,homography,"[0.9537631338896905, -0.007347470887962415, 15.232344566512792, 0.0007730591841848717, 0.9140861706449113, 81.15105168918902, 3.5703144072981047e-07, -2.2439243645862034e-05, 1.0]",71.330,67.487,0.23,ok,
eval_MoTaTiZrHf-HEA-DDRX-900C_TEM_DislocationCharacterization_0#12,eval_MoTaTiZrHf-HEA-DDRX-900C_TEM_DislocationCharacterization_0,DislocationCharacterization,MoTaTiZrHf-HEA-DDRX-900C_TEM_DislocationCharacterization,core,loftr,direct,none,0,2192,2048,2192,2048,13,554,180,affine,"[0.999659986726782, 0.010222930866776307, -21.00187232311896, 0.00018790540928173018, 1.0052747032114264, -11.810085938468546, 0.0, 0.0, 1.0]",68.366,73.659,0.23,ok,
eval_MoTaTiZrHf-HEA-DDRX-900C_TEM_DislocationCharacterization_0#13,eval_MoTaTiZrHf-HEA-DDRX-900C_TEM_DislocationCharacterization_0,DislocationCharacterization,MoTaTiZrHf-HEA-DDRX-900C_TEM_DislocationCharacterization,core,loftr,direct,none,0,2192,2048,2192,2048,13,674,202,affine,"[0.9995818393101011, -0.0005420154135130249, 1.6121444594862169, 0.0001018488760580601, 0.9952103933463013, 9.458743202262212, 0.0, 0.0, 1.0]",57.662,56.897,0.23,ok,
eval_MoTaTiZrHf-HEA-DDRX-900C_TEM_DislocationCharacterization_0#14,eval_MoTaTiZrHf-HEA-DDRX-900C_TEM_DislocationCharacterization_0,DislocationCharacterization,MoTaTiZrHf-HEA-DDRX-900C_TEM_DislocationCharacterization,core,loftr,direct,none,0,2192,2048,2192,2048,13,802,199,affine,"[0.9993053758042856, -0.0008228399894193489, 2.443006430320793, 0.0002215382412529711, 0.9978592956173659, 3.8997094269286663, 0.0, 0.0, 1.0]",58.032,57.556,0.23,ok,
eval_MoTaTiZrHf-HEA-DDRX-900C_TEM_DislocationCharacterization_0#15,eval_MoTaTiZrHf-HEA-DDRX-900C_TEM_DislocationCharacterization_0,DislocationCharacterization,MoTaTiZrHf-HEA-DDRX-900C_TEM_DislocationCharacterization,core,loftr,direct,none,0,2192,2048,2192,2048,13,743,300,affine,"[1.0007730113343152, 0.0019404604805344325, -4.195611931862118, -5.2718686564313416e-05, 1.0026812343758071, -5.99524945854364, 0.0, 0.0, 1.0]",61.269,62.690,0.23,ok,
eval_MoTaTiZrHf-HEA-DDRX-900C_TEM_largeFOV-DislocationCharacterization_0#0,eval_MoTaTiZrHf-HEA-DDRX-900C_TEM_largeFOV-DislocationCharacterization_0,DislocationCharacterization,MoTaTiZrHf-HEA-DDRX-900C_TEM_largeFOV-DislocationCharacterization,core,loftr,direct,none,0,4384,4096,4384,4096,18,1236,379,affine,"[0.9999703998934736, -0.0038182149867889152, 16.91976397006556, -9.192101508287584e-05, 1.0101990193857702, -43.150932411246686, 0.0, 0.0, 1.0]",535.087,537.843,1.28,ok,
eval_MoTaTiZrHf-HEA-DDRX-900C_TEM_largeFOV-DislocationCharacterization_0#1,eval_MoTaTiZrHf-HEA-DDRX-900C_TEM_largeFOV-DislocationCharacterization_0,DislocationCharacterization,MoTaTiZrHf-HEA-DDRX-900C_TEM_largeFOV-DislocationCharacterization,core,loftr,direct,none,0,4384,4096,4384,4096,18,676,328,affine,"[0.9998654572603133, 0.002370371297763588, -8.938113036220557, 0.00017716308959494237, 1.0153137719955065, -65.88019502864245, 0.0, 0.0, 1.0]",552.450,552.543,0.67,ok,
eval_MoTaTiZrHf-HEA-DDRX-900C_TEM_largeFOV-DislocationCharacterization_0#2,eval_MoTaTiZrHf-HEA-DDRX-900C_TEM_largeFOV-DislocationCharacterization_0,DislocationCharacterization,MoTaTiZrHf-HEA-DDRX-900C_TEM_largeFOV-DislocationCharacterization,core,loftr,direct,none,0,4384,4096,4384,4096,18,623,306,affine,"[0.9998542958146571, 0.005189528091810388, -20.69824642858589, -0.00010485925667735134, 1.0130731579283214, -56.21054440014814, 0.0, 0.0, 1.0]",548.682,549.398,0.67,ok,
eval_MoTaTiZrHf-HEA-DDRX-900C_TEM_largeFOV-DislocationCharacterization_0#3,eval_MoTaTiZrHf-HEA-DDRX-900C_TEM_largeFOV-DislocationCharacterization_0,DislocationCharacterization,MoTaTiZrHf-HEA-DDRX-900C_TEM_largeFOV-DislocationCharacterization,core,loftr,direct,none,0,4384,4096,4384,4096,27,1217,359,affine,"[1.0003602854309894, -0.0040583711004891195, 16.454312708433918, 0.00012809926522468294, 1.0086092327157303, -36.61098185112769, 0.0, 0.0, 1.0]",447.700,447.080,0.72,ok,
eval_MoTaTiZrHf-HEA-DDRX-900C_TEM_largeFOV-DislocationCharacterization_0#4,eval_MoTaTiZrHf-HEA-DDRX-900C_TEM_largeFOV-DislocationCharacterization_0,DislocationCharacterization,MoTaTiZrHf-HEA-DDRX-900C_TEM_largeFOV-DislocationCharacterization,core,loftr,direct,none,0,4384,4096,4384,4096,27,683,357,affine,"[1.000039839045479, -0.004227359031100003, 18.041192734809556, -0.00012975243134928457, 1.0148153885044193, -63.0187656701446, 0.0, 0.0, 1.0]",461.336,460.363,0.66,ok,
eval_MoTaTiZrHf-HEA-DDRX-900C_TEM_largeFOV-DislocationCharacterization_0#5,eval_MoTaTiZrHf-HEA-DDRX-900C_TEM_largeFOV-DislocationCharacterization_0,DislocationCharacterization,MoTaTiZrHf-HEA-DDRX-900C_TEM_largeFOV-DislocationCharacterization,core,loftr,direct,none,0,4384,4096,4384,4096,27,646,339,affine,"[1.0000006693445296, -0.0019528628117216223, 8.785569064310721, -3.2931516406005875e-05, 1.0143350553345192, -61.5344659419834, 0.0, 0.0, 1.0]",462.743,461.289,0.66,ok,
eval_MoTaTiZrHf-HEA-DDRX-900C_TEM_largeFOV-DislocationCharacterization_0#6,eval_MoTaTiZrHf-HEA-DDRX-900C_TEM_largeFOV-DislocationCharacterization_0,DislocationCharacterization,MoTaTiZrHf-HEA-DDRX-900C_TEM_largeFOV-DislocationCharacterization,core,loftr,direct,none,0,4384,4096,4384,4096,18,670,360,affine,"[0.9996205097078458, 0.00011570171777745894, 0.6457693983841182, -0.00024220379291618976, 1.0034009985638208, -13.756545876054588, 0.0, 0.0, 1.0]",519.074,521.210,0.67,ok,
eval_MoTaTiZrHf-HEA-DDRX-900C_TEM_largeFOV-DislocationCharacterization_0#7,eval_MoTaTiZrHf-HEA-DDRX-900C_TEM_largeFOV-DislocationCharacterization_0,DislocationCharacterization,MoTaTiZrHf-HEA-DDRX-900C_TEM_largeFOV-DislocationCharacterization,core,loftr,direct,none,0,4384,4096,4384,4096,18,1076,352,affine,"[0.9998154813844394, 0.004868088034258149, -19.50805384814521, -7.663054220087617e-05, 1.0071572889821283, -30.612113801229498, 0.0, 0.0, 1.0]",532.366,534.747,1.46,ok,
eval_MoTaTiZrHf-HEA-DDRX-900C_TEM_largeFOV-DislocationCharacterization_0#8,eval_MoTaTiZrHf-HEA-DDRX-900C_TEM_largeFOV-DislocationCharacterization_0,DislocationCharacterization,MoTaTiZrHf-HEA-DDRX-900C_TEM_largeFOV-DislocationCharacterization,core,loftr,direct,none,0,4384,4096,4384,4096,18,1075,335,affine,"[0.9998619058094956, 0.005720532356175801, -23.038649849598414, -0.00020719401895047848, 1.0110555177643616, -47.10202950078747, 0.0, 0.0, 1.0]",543.410,545.948,0.67,ok,
eval_MoTaTiZrHf-HEA-DDRX-900C_TEM_largeFOV-DislocationCharacterization_0#9,eval_MoTaTiZrHf-HEA-DDRX-900C_TEM_largeFOV-DislocationCharacterization_0,DislocationCharacterization,MoTaTiZrHf-HEA-DDRX-900C_TEM_largeFOV-DislocationCharacterization,core,loftr,direct,none,0,4384,4096,4384,4096,27,664,339,affine,"[0.9999835013178638, -0.0006121708438063929, 2.4910731594941353, -9.037074047916807e-05, 0.9979585920122197, 9.076663474762427, 0.0, 0.0, 1.0]",429.025,429.747,0.66,ok,
eval_MoTaTiZrHf-HEA-DDRX-900C_TEM_largeFOV-DislocationCharacterization_0#10,eval_MoTaTiZrHf-HEA-DDRX-900C_TEM_largeFOV-DislocationCharacterization_0,DislocationCharacterization,MoTaTiZrHf-HEA-DDRX-900C_TEM_largeFOV-DislocationCharacterization,core,loftr,direct,none,0,4384,4096,4384,4096,27,1446,360,affine,"[1.0001548085409673, -0.0004937023337970967, 1.8806693378021464, -0.00027578718906411294, 1.0102450788464108, -43.015664283839214, 0.0, 0.0, 1.0]",455.146,455.793,1.05,ok,
eval_MoTaTiZrHf-HEA-DDRX-900C_TEM_largeFOV-DislocationCharacterization_0#11,eval_MoTaTiZrHf-HEA-DDRX-900C_TEM_largeFOV-DislocationCharacterization_0,DislocationCharacterization,MoTaTiZrHf-HEA-DDRX-900C_TEM_largeFOV-DislocationCharacterization,core,loftr,direct,none,0,4384,4096,4384,4096,27,1247,368,affine,"[1.000080677222419, 0.002375250165852862, -9.908242850934585, -0.00027776105080478444, 1.010002429051194, -42.27163340107927, 0.0, 0.0, 1.0]",457.842,458.039,0.68,ok,
eval_MoTaTiZrHf-HEA-DDRX-900C_TEM_largeFOV-DislocationCharacterization_0#12,eval_MoTaTiZrHf-HEA-DDRX-900C_TEM_largeFOV-DislocationCharacterization_0,DislocationCharacterization,MoTaTiZrHf-HEA-DDRX-900C_TEM_largeFOV-DislocationCharacterization,core,loftr,direct,none,0,4384,4096,4384,4096,18,681,349,affine,"[0.9998644349995678, 0.001905076268172869, -7.548790026382676, -5.945939179115063e-05, 0.9953995074634147, 19.951364948631635, 0.0, 0.0, 1.0]",498.843,495.812,0.67,ok,
eval_MoTaTiZrHf-HEA-DDRX-900C_TEM_largeFOV-DislocationCharacterization_0#13,eval_MoTaTiZrHf-HEA-DDRX-900C_TEM_largeFOV-DislocationCharacterization_0,DislocationCharacterization,MoTaTiZrHf-HEA-DDRX-900C_TEM_largeFOV-DislocationCharacterization,core,loftr,direct,none,0,4384,4096,4384,4096,18,928,371,affine,"[1.0001469163793795, 0.0020209666532541833, -8.370339219721018, 0.00010972920990903143, 1.0089806023379062, -38.053840078741814, 0.0, 0.0, 1.0]",534.727,537.301,0.68,ok,
eval_MoTaTiZrHf-HEA-DDRX-900C_TEM_largeFOV-DislocationCharacterization_0#14,eval_MoTaTiZrHf-HEA-DDRX-900C_TEM_largeFOV-DislocationCharacterization_0,DislocationCharacterization,MoTaTiZrHf-HEA-DDRX-900C_TEM_largeFOV-DislocationCharacterization,core,loftr,direct,none,0,4384,4096,4384,4096,18,1168,380,affine,"[0.9998908357550809, 0.001748007448075917, -6.451994353762075, -0.00012468920807361092, 1.009089643295325, -38.53082596352397, 0.0, 0.0, 1.0]",535.375,538.098,0.69,ok,
eval_MoTaTiZrHf-HEA-DDRX-900C_TEM_largeFOV-DislocationCharacterization_0#15,eval_MoTaTiZrHf-HEA-DDRX-900C_TEM_largeFOV-DislocationCharacterization_0,DislocationCharacterization,MoTaTiZrHf-HEA-DDRX-900C_TEM_largeFOV-DislocationCharacterization,core,loftr,direct,none,0,4384,4096,4384,4096,27,623,308,affine,"[0.9999575757655561, 0.0005502723234042217, -2.2364492914518905, -3.026181630321662e-05, 0.9980545033829711, 8.489418314582508, 0.0, 0.0, 1.0]",430.500,430.341,0.68,ok,
eval_MoTaTiZrHf-HEA-DDRX-900C_TEM_largeFOV-DislocationCharacterization_0#16,eval_MoTaTiZrHf-HEA-DDRX-900C_TEM_largeFOV-DislocationCharacterization_0,DislocationCharacterization,MoTaTiZrHf-HEA-DDRX-900C_TEM_largeFOV-DislocationCharacterization,core,loftr,direct,none,0,4384,4096,4384,4096,27,1270,368,homography,"[1.0117780276210062, 0.004117353090099768, -17.197641673114266, -0.0005138760611373618, 1.0258305409135025, -57.574401154323, -1.1205630026606649e-07, 2.8785874939095276e-06, 1.0]",451.135,447.349,0.68,ok,
eval_MoTaTiZrHf-HEA-DDRX-900C_TEM_largeFOV-DislocationCharacterization_0#17,eval_MoTaTiZrHf-HEA-DDRX-900C_TEM_largeFOV-DislocationCharacterization_0,DislocationCharacterization,MoTaTiZrHf-HEA-DDRX-900C_TEM_largeFOV-DislocationCharacterization,core,loftr,direct,none,0,4384,4096,4384,4096,27,1460,382,affine,"[1.0003056355528142, 0.002983421378652469, -13.187533550844819, -0.0001609955083952837, 1.0041877969622957, -17.565631889735414, 0.0, 0.0, 1.0]",446.178,444.286,0.68,ok,
eval_TRIP1-Bainitic_LOM_SEM_EBSD_Multiscale_0#0,eval_TRIP1-Bainitic_LOM_SEM_EBSD_Multiscale_0,Multiscale,TRIP1-Bainitic_LOM_SEM_EBSD_Multiscale,core,loftr,direct,none,0,1468,1469,3479,3255,51,707,177,affine,"[0.41119065245664893, 0.04828518174147365, 9.196050818028084, -0.05271538304676948, 0.4195891340356704, 29.398013905262815, 0.0, 0.0, 1.0]",1.814,1.621,0.70,ok,
eval_TRIP1-Bainitic_LOM_SEM_EBSD_Multiscale_0#1,eval_TRIP1-Bainitic_LOM_SEM_EBSD_Multiscale_0,Multiscale,TRIP1-Bainitic_LOM_SEM_EBSD_Multiscale,core,loftr,direct,none,0,1468,1469,1506,1530,46,9172,8837,homography,"[0.9649477424676836, 0.012046041617285376, -11.098843237081805, -0.001622404767562288, 0.9763425504380338, 11.427326595230488, 1.1301365374038617e-07, 7.258366183332275e-06, 1.0]",1.884,1.459,0.21,ok,
eval_TRIP1-Bainitic_LOM_SEM_EBSD_Multiscale_0#2,eval_TRIP1-Bainitic_LOM_SEM_EBSD_Multiscale_0,Multiscale,TRIP1-Bainitic_LOM_SEM_EBSD_Multiscale,core,loftr,direct,none,0,1468,1469,1443,1469,53,7520,3981,affine,"[0.973326712932887, -0.0029385653472003078, 34.69431415406575, -0.004524600115685853, 0.9670977858012169, 33.91256615528755, 0.0, 0.0, 1.0]",9.681,3.202,0.20,ok,
eval_TRIP1-Bainitic_LOM_SEM_EBSD_Multiscale_0#3,eval_TRIP1-Bainitic_LOM_SEM_EBSD_Multiscale_0,Multiscale,TRIP1-Bainitic_LOM_SEM_EBSD_Multiscale,core,loftr,direct,none,0,3479,3255,2452,2230,54,336,5,affine,"[0.023174932888597448, -0.036042243072698585, 1435.0140274622963, 0.7656580031918232, 1.1395443039705477, -381.0332036982395, 0.0, 0.0, 1.0]",897.851,882.121,0.30,ok,
eval_TRIP1-Bainitic_LOM_SEM_EBSD_Multiscale_0#4,eval_TRIP1-Bainitic_LOM_SEM_EBSD_Multiscale_0,Multiscale,TRIP1-Bainitic_LOM_SEM_EBSD_Multiscale,core,loftr,direct,none,0,3479,3255,2452,2231,54,269,5,affine,"[-0.9048906333836432, 0.12550784596086634, 1554.518179733745, -0.3699038000498232, 1.8427525430907141, 86.12257617488217, 0.0, 0.0, 1.0]",1073.666,1117.492,0.37,ok,
eval_TRIP1-Bainitic_LOM_SEM_EBSD_Multiscale_0#5,eval_TRIP1-Bainitic_LOM_SEM_EBSD_Multiscale_0,Multiscale,TRIP1-Bainitic_LOM_SEM_EBSD_Multiscale,core,loftr,direct,none,0,3479,3255,2452,2226,54,242,5,homography,"[-4.270072884497556, -0.7456397500564083, 3793.202672913915, -2.278229037322821, -1.493005304919142, 2085.9586142485273, -0.001663189960454789, 0.0001929803302567454, 1.0]",19268.600,2189.631,0.38,ok,
eval_TRIP1-Bainitic_LOM_SEM_EBSD_Multiscale_0#6,eval_TRIP1-Bainitic_LOM_SEM_EBSD_Multiscale_0,Multiscale,TRIP1-Bainitic_LOM_SEM_EBSD_Multiscale,core,loftr,direct,none,0,3479,3255,2452,2226,54,16,4,homography,"[-4.359217698446799, 9.024840168865936, -5797.804870792676, -21.808795982959023, -24.20895384344896, 45041.33210301616, -0.004033734456681649, 0.002122677513856633, 1.0]",19095.730,10052.698,0.74,ok,
eval_Ta-AM-Spalled_SEM-BSE_EBSD_SameSliceSerialSectioning_0#0,eval_Ta-AM-Spalled_SEM-BSE_EBSD_SameSliceSerialSectioning_0,SerialSectioning,Ta-AM-Spalled_SEM-BSE_EBSD_SameSliceSerialSectioning,core,loftr,direct,none,0,4096,6144,689,709,14,116,5,homography,"[1.1858757887794995, -0.4135509362458803, 1043.7673554475075, -1.0026038420620758, 1.3623099089869333, 919.4797630357344, -0.0005443467677955556, -0.0006949852764298895, 1.0]",1005.924,762.925,0.10,ok,
eval_Ta-AM-Spalled_SEM-BSE_EBSD_SameSliceSerialSectioning_0#1,eval_Ta-AM-Spalled_SEM-BSE_EBSD_SameSliceSerialSectioning_0,SerialSectioning,Ta-AM-Spalled_SEM-BSE_EBSD_SameSliceSerialSectioning,core,loftr,direct,none,0,4096,6144,689,709,14,105,4,affine,"[2.585701383985361, -2.0951844399649406, 1573.789413656485, 4.307587143442337, 1.9883368701092063, -140.94394437238407, 0.0, 0.0, 1.0]",1697.842,1872.859,0.10,ok,
eval_Ta-AM-Spalled_SEM-BSE_EBSD_SameSliceSerialSectioning_0#2,eval_Ta-AM-Spalled_SEM-BSE_EBSD_SameSliceSerialSectioning_0,SerialSectioning,Ta-AM-Spalled_SEM-BSE_EBSD_SameSliceSerialSectioning,core,loftr,direct,none,0,4096,6144,689,709,14,284,15,affine,"[4.942029728227666, 0.07281322197394824, 1436.1002516209091, -0.047365297635666714, 6.649475005111439, -320.98060310469236, 0.0, 0.0, 1.0]",92.872,74.508,0.11,ok,
eval_Ta-AM-Spalled_SEM-BSE_EBSD_SameSliceSerialSectioning_1#0,eval_Ta-AM-Spalled_SEM-BSE_EBSD_SameSliceSerialSectioning_1,SerialSectioning,Ta-AM-Spalled_SEM-BSE_EBSD_SameSliceSerialSectioning,core,loftr,direct,none,0,4096,6144,667,709,15,156,7,affine,"[4.99882367827246, 0.17288265456633115, 1088.5652486944132, -0.38805164608260795, 6.796755510881851, -248.2403373195575, 0.0, 0.0, 1.0]",69.907,50.461,0.11,ok,
eval_Ta-AM-Spalled_SEM-BSE_EBSD_SameSliceSerialSectioning_1#1,eval_Ta-AM-Spalled_SEM-BSE_EBSD_SameSliceSerialSectioning_1,SerialSectioning,Ta-AM-Spalled_SEM-BSE_EBSD_SameSliceSerialSectioning,core,loftr,direct,none,0,4096,6144,667,709,15,139,6,homography,"[5.153020024261827, 4.583458058213208, -608.8332070245499, -2.8255634530660996, 9.928023464072238, 389.1861057416655, -0.0006345567270899948, 0.0012139154556007198, 1.0]",513.196,429.342,0.11,ok,
eval_Ta-AM-Spalled_SEM-BSE_EBSD_SameSliceSerialSectioning_1#2,eval_Ta-AM-Spalled_SEM-BSE_EBSD_SameSliceSerialSectioning_1,SerialSectioning,Ta-AM-Spalled_SEM-BSE_EBSD_SameSliceSerialSectioning,core,loftr,direct,none,0,4096,6144,667,709,15,403,38,affine,"[4.997732702011835, 0.17947582965475908, 1089.4531191826002, -0.40527672005462334, 6.785339479814256, -236.24058538933582, 0.0, 0.0, 1.0]",68.851,51.875,0.11,ok,
eval_Ta-AM-Spalled_SEM-BSE_EBSD_SameSliceSerialSectioning_2#0,eval_Ta-AM-Spalled_SEM-BSE_EBSD_SameSliceSerialSectioning_2,SerialSectioning,Ta-AM-Spalled_SEM-BSE_EBSD_SameSliceSerialSectioning,core,loftr,direct,none,0,4096,6144,667,709,19,133,8,homography,"[10.417870985556334, 0.7035149427975457, 1103.509306009108, 6.3661078294707, 9.765770270419846, -988.7091121005463, 0.0017559146341153326, 0.0005495230727614228, 1.0]",632.123,531.881,0.11,ok,
eval_Ta-AM-Spalled_SEM-BSE_EBSD_SameSliceSerialSectioning_2#1,eval_Ta-AM-Spalled_SEM-BSE_EBSD_SameSliceSerialSectioning_2,SerialSectioning,Ta-AM-Spalled_SEM-BSE_EBSD_SameSliceSerialSectioning,core,loftr,direct,none,0,4096,6144,667,709,19,66,4,affine,"[8.715831159082743, 43.85017741076704, -6926.363942719176, -0.028414287024981097, 5.927576670370367, -277.8816320909949, 0.0, 0.0, 1.0]",9245.317,7544.331,0.10,ok,
eval_Ta-AM-Spalled_SEM-BSE_EBSD_SameSliceSerialSectioning_2#2,eval_Ta-AM-Spalled_SEM-BSE_EBSD_SameSliceSerialSectioning_2,SerialSectioning,Ta-AM-Spalled_SEM-BSE_EBSD_SameSliceSerialSectioning,core,loftr,direct,none,0,4096,6144,667,709,19,245,8,affine,"[4.884184578580698, 0.11508524582512412, 1134.3054514680532, -0.2511519251755922, 6.344980675661618, -68.25644830572901, 0.0, 0.0, 1.0]",86.282,85.802,0.12,ok,
eval_Ti3AlC2-MAX-Phase_TEM_DislocationCharacterization_0#0,eval_Ti3AlC2-MAX-Phase_TEM_DislocationCharacterization_0,DislocationCharacterization,Ti3AlC2-MAX-Phase_TEM_DislocationCharacterization,core,loftr,direct,none,0,294,293,294,292,46,147,95,affine,"[0.9994156656106566, -0.022865468526232207, 40.4055076200048, 0.011233666095611954, 0.993956750337481, -64.32077143677894, 0.0, 0.0, 1.0]",2.555,2.197,0.04,ok,
eval_Ti3AlC2-MAX-Phase_TEM_DislocationCharacterization_0#1,eval_Ti3AlC2-MAX-Phase_TEM_DislocationCharacterization_0,DislocationCharacterization,Ti3AlC2-MAX-Phase_TEM_DislocationCharacterization,core,loftr,direct,none,0,294,294,294,293,47,187,124,affine,"[0.9959208423593306, -8.936631893246438e-05, 1.0436477434078313, 0.002163442385008473, 0.9995972750420419, -0.10783630262255883, 0.0, 0.0, 1.0]",1.896,1.446,0.02,ok,
eval_Ti3AlC2-MAX-Phase_TEM_DislocationCharacterization_0#2,eval_Ti3AlC2-MAX-Phase_TEM_DislocationCharacterization_0,DislocationCharacterization,Ti3AlC2-MAX-Phase_TEM_DislocationCharacterization,core,loftr,direct,none,0,293,294,294,293,38,287,258,affine,"[0.6150354031736418, -0.0034538752635593973, 14.529092657779074, 0.0060500160629211, 0.6053687757089058, 87.15674854762479, 0.0, 0.0, 1.0]",1.261,1.229,0.02,ok,
eval_X2CrNi12-Ferritic_SEM-SE-Stitch_EBSD_Fatigue-SameSlice_0#0,eval_X2CrNi12-Ferritic_SEM-SE-Stitch_EBSD_Fatigue-SameSlice_0,SameSlice,X2CrNi12-Ferritic_SEM-SE-Stitch_EBSD_Fatigue-SameSlice,core,loftr,direct,none,0,4550,7000,4598,7000,59,4275,1325,homography,"[0.9930216958573119, 0.0013924243728244527, -484.84272781621837, -0.0017636598276499966, 0.9861632380685083, -4.216218826387618, 3.000915730914979e-07, -1.2288344741841128e-07, 1.0]",9.176,8.667,0.56,ok,
eval_X2CrNi12-Ferritic_SEM-SE-Stitch_EBSD_Fatigue-SameSlice_0#1,eval_X2CrNi12-Ferritic_SEM-SE-Stitch_EBSD_Fatigue-SameSlice_0,SameSlice,X2CrNi12-Ferritic_SEM-SE-Stitch_EBSD_Fatigue-SameSlice,core,loftr,direct,none,0,4598,7000,1316,2048,100,289,17,affine,"[3.0857133392206895, -0.06696359167087296, 651.7482866908973, 0.10274104960577089, 3.0493881188734515, 505.22938978835236, 0.0, 0.0, 1.0]",29.455,23.719,0.15,ok,
eval_X2CrNi12-Ferritic_SEM-SE-Stitch_EBSD_Fatigue-SameSlice_0#2,eval_X2CrNi12-Ferritic_SEM-SE-Stitch_EBSD_Fatigue-SameSlice_0,SameSlice,X2CrNi12-Ferritic_SEM-SE-Stitch_EBSD_Fatigue-SameSlice,core,loftr,direct,none,0,4598,7000,1316,2048,100,383,32,affine,"[3.0919065680974827, -0.037804423386743016, 625.6495393426699, 0.1064003798935832, 3.0482822626933856, 502.737625990168, 0.0, 0.0, 1.0]",25.074,17.511,0.15,ok,
eval_X2CrNi12-Ferritic_SEM-SE-Stitch_EBSD_Fatigue-SameSlice_0#3,eval_X2CrNi12-Ferritic_SEM-SE-Stitch_EBSD_Fatigue-SameSlice_0,SameSlice,X2CrNi12-Ferritic_SEM-SE-Stitch_EBSD_Fatigue-SameSlice,core,loftr,direct,none,0,4550,7000,1316,2048,129,175,8,affine,"[3.076981073613995, 0.0408040875953904, 68.40691431750838, 0.17651512845751496, 2.7740039950942523, 540.263457331293, 0.0, 0.0, 1.0]",71.006,54.450,0.15,ok,
eval_X2CrNi12-Ferritic_SEM-SE-Stitch_EBSD_Fatigue-SameSlice_0#4,eval_X2CrNi12-Ferritic_SEM-SE-Stitch_EBSD_Fatigue-SameSlice_0,SameSlice,X2CrNi12-Ferritic_SEM-SE-Stitch_EBSD_Fatigue-SameSlice,core,loftr,direct,none,0,4550,7000,1316,2048,129,204,8,homography,"[3.123225122458035, 0.27164692292156073, -48.76253699127605, 0.06465314924142206, 3.2264160845752095, 459.86100604592775, -1.56453635978344e-05, 6.676698969996558e-05, 1.0]",41.710,32.585,0.16,ok,
eval_5842WCu-Spalled_SEM-SE_SEM-BSE_Multiscale_0#0,eval_5842WCu-Spalled_SEM-SE_SEM-BSE_Multiscale_0,Multiscale,5842WCu-Spalled_SEM-SE_SEM-BSE_Multiscale,core,matchanything,direct,none,0,512,768,2048,3072,19,83,5,affine,"[0.08918101415186734, -0.019218657692012364, 243.2656733256573, 0.049975740383515446, -0.014210317653087287, 146.5709404399896, 0.0, 0.0, 1.0]",122.518,93.273,1.29,ok,
eval_AF9628-Martensitic_SEM-SE-Stitch_EBSD_SameSlice_0#0,eval_AF9628-Martensitic_SEM-SE-Stitch_EBSD_SameSlice_0,SameSlice,AF9628-Martensitic_SEM-SE-Stitch_EBSD_SameSlice,core,matchanything,direct,none,0,2028,4096,5628,11165,37,214,5,homography,"[0.7895972892023889, -0.8672695623836253, 1015.4373366441836, 1.210312596530767, -1.2759266686180697, 1501.5161394546453, 0.0008040747283762561, -0.0008530456032913792, 1.0]",1720.685,1665.788,2.40,ok,
eval_AF9628-Martensitic_SEM-SE-Stitch_EBSD_SameSlice_0#1,eval_AF9628-Martensitic_SEM-SE-Stitch_EBSD_SameSlice_0,SameSlice,AF9628-Martensitic_SEM-SE-Stitch_EBSD_SameSlice,core,matchanything,direct,none,0,2028,4096,5628,11165,37,50,4,affine,"[0.36409558362893496, -1.6192347878400033, 2195.2482251071597, 0.1853772747938412, 0.9731890277074051, -788.6619809056508, 0.0, 0.0, 1.0]",3589.916,2814.426,2.30,ok,
eval_AF9628-Martensitic_SEM-SE-Stitch_EBSD_SameSlice_0#2,eval_AF9628-Martensitic_SEM-SE-Stitch_EBSD_SameSlice_0,SameSlice,AF9628-Martensitic_SEM-SE-Stitch_EBSD_SameSlice,core,matchanything,direct,none,0,2028,4096,5628,11165,37,624,20,affine,"[0.36686065222173764, -1.819530602024133e-09, -39.384311886938576, -0.0007986078729720808, 0.37166324141455764, 56.98710635624221, 0.0, 0.0, 1.0]",155.138,152.364,2.39,ok,
eval_AF9628-Martensitic_SEM-SE-Stitch_EBSD_SameSlice_1#0,eval_AF9628-Martensitic_SEM-SE-Stitch_EBSD_SameSlice_1,SameSlice,AF9628-Martensitic_SEM-SE-Stitch_EBSD_SameSlice,core,matchanything,direct,none,0,1993,4096,4590,10458,39,738,5,affine,"[0.3813562857107523, -0.3341021771891291, 564.983715863094, -0.005472540594464835, 0.3606490305009845, 253.27085253662563, 0.0, 0.0, 1.0]",451.122,426.293,2.19,ok,
eval_AF9628-Martensitic_SEM-SE-Stitch_EBSD_SameSlice_1#1,eval_AF9628-Martensitic_SEM-SE-Stitch_EBSD_SameSlice_1,SameSlice,AF9628-Martensitic_SEM-SE-Stitch_EBSD_SameSlice,core,matchanything,direct,none,0,1993,4096,4590,10458,39,342,4,affine,"[0.393822340139307, 1.3179716126189915, -2025.5066674250554, 0.004442680925282518, 0.3134640467360716, 365.09574131130296, 0.0, 0.0, 1.0]",1810.258,1554.955,2.14,ok,
eval_AF9628-Martensitic_SEM-SE-Stitch_EBSD_SameSlice_1#2,eval_AF9628-Martensitic_SEM-SE-Stitch_EBSD_SameSlice_1,SameSlice,AF9628-Martensitic_SEM-SE-Stitch_EBSD_SameSlice,core,matchanything,direct,none,0,1993,4096,4590,10458,39,1791,18,affine,"[0.39202949243249363, 0.1782861611610342, -594.5306607892549, -0.001607592443276801, 0.3942886099885413, 75.50592940640763, 0.0, 0.0, 1.0]",253.959,233.367,2.36,ok,
eval_AF9628-Martensitic_SEM-SE-Stitch_EBSD_SameSlice_2#0,eval_AF9628-Martensitic_SEM-SE-Stitch_EBSD_SameSlice_2,SameSlice,AF9628-Martensitic_SEM-SE-Stitch_EBSD_SameSlice,core,matchanything,direct,none,0,1995,4096,5142,8831,37,1631,6,homography,"[0.32210234186581976, -0.6745896707202603, 2344.110753722599, -0.00816360615287602, 0.14787317253143112, 211.7521135042345, -2.2604993757993652e-05, -0.00011870238774550491, 1.0]",1664.408,1534.206,2.28,ok,
eval_AF9628-Martensitic_SEM-SE-Stitch_EBSD_SameSlice_2#1,eval_AF9628-Martensitic_SEM-SE-Stitch_EBSD_SameSlice_2,SameSlice,AF9628-Martensitic_SEM-SE-Stitch_EBSD_SameSlice,core,matchanything,direct,none,0,1995,4096,5142,8831,37,514,5,homography,"[0.2944532118267624, -0.3303671252053355, 1025.5160371324462, -0.010722269749094673, 0.22065208025262567, 89.65002484021237, -2.3067825134144145e-05, -6.874695733067855e-05, 1.0]",487.844,420.745,2.20,ok,
eval_AF9628-Martensitic_SEM-SE-Stitch_EBSD_SameSlice_2#2,eval_AF9628-Martensitic_SEM-SE-Stitch_EBSD_SameSlice_2,SameSlice,AF9628-Martensitic_SEM-SE-Stitch_EBSD_SameSlice,core,matchanything,direct,none,0,1995,4096,5142,8831,37,3085,12,homography,"[0.5688257568111355, 0.13263548285134877, 184.14205234908414, 0.012117510666318415, 0.52646493421782, -218.19176770382086, 1.668345032499805e-05, 5.6124677270407976e-05, 1.0]",244.800,248.947,2.14,ok,
eval_AF9628-Martensitic_SEM-SE-Stitch_EBSD_SameSlice_3#0,eval_AF9628-Martensitic_SEM-SE-Stitch_EBSD_SameSlice_3,SameSlice,AF9628-Martensitic_SEM-SE-Stitch_EBSD_SameSlice,core,matchanything,direct,none,0,4710,10147,1992,4096,42,518,3,affine,"[-1.0128062692043456, 2.116610945438897, 4528.076025911888, 5.131659995319236, 6.266658009769208, -12523.357587259958, 0.0, 0.0, 1.0]",7531.125,7626.590,2.12,ok,
eval_AF9628-Martensitic_SEM-SE-Stitch_EBSD_SameSlice_3#1,eval_AF9628-Martensitic_SEM-SE-Stitch_EBSD_SameSlice_3,SameSlice,AF9628-Martensitic_SEM-SE-Stitch_EBSD_SameSlice,core,matchanything,direct,none,0,4710,10147,1992,4096,42,315,5,affine,"[2.486642505922604, 3.59024204700947, -2126.8196932942537, 0.0038698881706487787, 2.170738260080957, -20.05136518710924, 0.0, 0.0, 1.0]",2177.280,1870.928,2.01,ok,
eval_AF9628-Martensitic_SEM-SE-Stitch_EBSD_SameSlice_3#2,eval_AF9628-Martensitic_SEM-SE-Stitch_EBSD_SameSlice_3,SameSlice,AF9628-Martensitic_SEM-SE-Stitch_EBSD_SameSlice,core,matchanything,direct,none,0,4710,10147,1992,4096,42,693,10,affine,"[2.4772945374291124, -2.543174946107691, 700.486142635622, -1.9549012946554807e-14, 2.8625117574125625, -361.3691988510634, 0.0, 0.0, 1.0]",1733.404,1602.881,2.14,ok,
eval_AF9628-Martensitic_SEM-SE-Stitch_EBSD_SameSlice_4#0,eval_AF9628-Martensitic_SEM-SE-Stitch_EBSD_SameSlice_4,SameSlice,AF9628-Martensitic_SEM-SE-Stitch_EBSD_SameSlice,core,matchanything,direct,none,0,1996,4096,4872,10693,53,1560,8,affine,"[0.3830542690259301, -7.036717819239508e-07, 0.0016746133501328586, -0.0027066262999840256, 0.33948980752841257, 173.53599251459218, 0.0, 0.0, 1.0]",55.165,46.971,2.76,ok,
eval_AF9628-Martensitic_SEM-SE-Stitch_EBSD_SameSlice_4#1,eval_AF9628-Martensitic_SEM-SE-Stitch_EBSD_SameSlice_4,SameSlice,AF9628-Martensitic_SEM-SE-Stitch_EBSD_SameSlice,core,matchanything,direct,none,0,1996,4096,4872,10693,53,371,3,affine,"[-0.3264560354866381, 0.5509457791854286, 1401.5515989619303, 0.0016434293091579406, 0.4278285186601489, -232.88109289754084, 0.0, 0.0, 1.0]",2259.409,2018.158,2.10,ok,
eval_AF9628-Martensitic_SEM-SE-Stitch_EBSD_SameSlice_4#2,eval_AF9628-Martensitic_SEM-SE-Stitch_EBSD_SameSlice_4,SameSlice,AF9628-Martensitic_SEM-SE-Stitch_EBSD_SameSlice,core,matchanything,direct,none,0,1996,4096,4872,10693,53,2785,24,affine,"[0.3849736924395358, 0.09631783608718951, -44.748951164754544, -0.0002390848998703563, 0.3713301278456361, 49.967375996782266, 0.0, 0.0, 1.0]",226.478,220.976,3.01,ok,
eval_C103_SEM-SE_LOM-DC-Height_FractureSurfaces_0#0,eval_C103_SEM-SE_LOM-DC-Height_FractureSurfaces_0,FractureSurfaces,C103_SEM-SE_LOM-DC-Height_FractureSurfaces,core,matchanything,direct,none,0,3184,3000,1094,1536,41,82,4,affine,"[1.4626136510571588, 2.2310648849139807, -906.5298041559954, 0.05467066497629155, 1.9000876987994109, 1174.1656693646332, 0.0, 0.0, 1.0]",1044.422,992.153,1.41,ok,
eval_C103_SEM-SE_LOM-DC-Height_FractureSurfaces_0#1,eval_C103_SEM-SE_LOM-DC-Height_FractureSurfaces_0,FractureSurfaces,C103_SEM-SE_LOM-DC-Height_FractureSurfaces,core,matchanything,direct,none,0,3184,3000,1094,1536,41,4,3,affine,"[-0.7179632359129, 2.079813413853689, 538.3365215637991, 1.529067977778775, 1.0206343455745615, 1330.786318810791, 0.0, 0.0, 1.0]",1875.733,1885.688,1.35,ok,
eval_C103_SEM-SE_LOM-DC-Height_FractureSurfaces_1#0,eval_C103_SEM-SE_LOM-DC-Height_FractureSurfaces_1,FractureSurfaces,C103_SEM-SE_LOM-DC-Height_FractureSurfaces,core,matchanything,direct,none,0,1094,1536,3746,3769,34,249,6,homography,"[-0.36857769173325816, 0.14238000529331094, 327.18251660964313, -0.4484251693589799, 0.18009305478833434, 381.4803801422047, -0.0008619409660230643, 0.0001870115349387172, 1.0]",628.195,579.066,1.46,ok,
eval_C103_SEM-SE_LOM-DC-Height_FractureSurfaces_1#1,eval_C103_SEM-SE_LOM-DC-Height_FractureSurfaces_1,FractureSurfaces,C103_SEM-SE_LOM-DC-Height_FractureSurfaces,core,matchanything,direct,none,0,1094,1536,3746,3769,34,15,5,affine,"[0.41689572304906086, 0.0018298040855868935, -67.8941483588876, 0.014607939132296032, 0.28900868881009056, -14.456721457849994, 0.0, 0.0, 1.0]",700.973,746.616,1.44,ok,
eval_C103_SEM-SE_LOM-DC-Height_FractureSurfaces_2#0,eval_C103_SEM-SE_LOM-DC-Height_FractureSurfaces_2,FractureSurfaces,C103_SEM-SE_LOM-DC-Height_FractureSurfaces,core,matchanything,direct,none,0,2188,3072,3388,3000,58,573,5,homography,"[0.11374284106277815, -2.2632683488706733, -335.10571678649063, -2.9453431391600065, -0.8257774443914803, 1337.0811125866708, -0.0013040016411773668, -0.0013527878067382635, 1.0]",839.919,757.683,1.38,ok,
eval_C103_SEM-SE_LOM-DC-Height_FractureSurfaces_2#1,eval_C103_SEM-SE_LOM-DC-Height_FractureSurfaces_2,FractureSurfaces,C103_SEM-SE_LOM-DC-Height_FractureSurfaces,core,matchanything,direct,none,0,2188,3072,3388,3000,58,129,5,homography,"[-0.39259584430518835, -0.37191671727414444, 517.2196565191549, 0.12216128085928711, 0.020356432194668074, -556.8909110888687, -0.0006596866993936044, -0.0003357580028539102, 1.0]",11409.637,4067.955,1.50,ok,
eval_CoNi-AM67_OM-SEM_Multiscale_0#0,eval_CoNi-AM67_OM-SEM_Multiscale_0,Multiscale,CoNi-AM67_OM-SEM_Multiscale,core,matchanything,direct,none,0,2048,3072,1379,1729,14,83,4,affine,"[1.7541772980190895, 1.1596315248994236, -958.6945033152988, -0.03442261234253759, 1.1508865884734483, 97.39297862093986, 0.0, 0.0, 1.0]",420.716,376.059,1.25,ok,
eval_CoNi-AM67_OM-SEM_Multiscale_0#1,eval_CoNi-AM67_OM-SEM_Multiscale_0,Multiscale,CoNi-AM67_OM-SEM_Multiscale,core,matchanything,direct,none,0,2048,3072,1379,1729,14,98,5,homography,"[-2.9012419730832604, -6.519294524811856, 6385.9686033159005, -0.18280734639219698, -1.4751161437258073, 703.4555695524939, -0.0003107045993097538, -0.002106172651410001, 1.0]",3112.039,2180.803,1.41,ok,
eval_CoNi-AM67_OM-SEM_Multiscale_0#2,eval_CoNi-AM67_OM-SEM_Multiscale_0,Multiscale,CoNi-AM67_OM-SEM_Multiscale,core,matchanything,direct,none,0,1373,1723,1379,1729,11,10,4,homography,"[0.45532354515758605, -0.8471028507367341, 816.9470449142362, 0.03689006826093944, -0.018111369368040066, 15.007452604255388, 0.0004240773725805718, -0.0010092299020488403, 1.0]",970.529,686.280,1.39,ok,
eval_CoNi-AM67_SEM-EBSD_SameSliceSerialSectioning_0#0,eval_CoNi-AM67_SEM-EBSD_SameSliceSerialSectioning_0,SerialSectioning,CoNi-AM67_SEM-EBSD_SameSliceSerialSectioning,core,matchanything,direct,none,0,2048,3072,611,721,17,18,4,affine,"[4.219788506092413, 85.16301067197496, -1772.8898885301226, -4.386350432850286e-14, -5.367403818971079, 155.31924711746927, 0.0, 0.0, 1.0]",20760.531,18884.683,1.26,ok,
eval_CoNi-AM67_SEM-EBSD_SameSliceSerialSectioning_0#1,eval_CoNi-AM67_SEM-EBSD_SameSliceSerialSectioning_0,SerialSectioning,CoNi-AM67_SEM-EBSD_SameSliceSerialSectioning,core,matchanything,direct,none,0,2048,3072,611,721,17,6,4,homography,"[2.603055022733114, -3.205071907941224, 1750.6909352988675, 1.6633278656200998, 0.529206730126915, 4.360597742963561, 0.0010402160941381752, -0.0015911259932332564, 1.0]",492.508,451.349,1.23,ok,
eval_CoNi-AM67_SEM-EBSD_SameSliceSerialSectioning_0#2,eval_CoNi-AM67_SEM-EBSD_SameSliceSerialSectioning_0,SerialSectioning,CoNi-AM67_SEM-EBSD_SameSliceSerialSectioning,core,matchanything,direct,none,0,2048,3072,611,721,17,520,6,affine,"[4.213162959199156, 9.566748560237434, -1733.0674161330003, -0.19571013062082332, 3.0619451729546765, 192.49315458066008, 0.0, 0.0, 1.0]",1558.956,1447.706,1.35,ok,
eval_CoNi-AM67_SEM-EBSD_SameSliceSerialSectioning_0#3,eval_CoNi-AM67_SEM-EBSD_SameSliceSerialSectioning_0,SerialSectioning,CoNi-AM67_SEM-EBSD_SameSliceSerialSectioning,core,matchanything,direct,none,0,2048,3072,611,721,17,396,5,homography,"[-16.095083664305285, -28.167204028712558, 8234.880405982549, -2.0140775805283426, -17.97400420376452, 2181.6179323747306, -0.0029069129240835642, -0.010746572516314378, 0.9999999999999999]",1509.677,481.425,1.26,ok,
eval_CoNi-AM67_SEM-EBSD_SameSliceSerialSectioning_0#4,eval_CoNi-AM67_SEM-EBSD_SameSliceSerialSectioning_0,SerialSectioning,CoNi-AM67_SEM-EBSD_SameSliceSerialSectioning,core,matchanything,direct,none,0,2048,3072,611,721,17,190,5,homography,"[8.03592193358899, -6.326389700893014, -80.87636213318649, 2.651555473429919, 1.4879147881828936, -307.5172853588252, -0.0013100396356923094, 0.0018154891673858827, 0.9999999999999999]",3271.671,1939.516,1.70,ok,
eval_CoNi-AM67_SEM-EBSD_SameSliceSerialSectioning_0#5,eval_CoNi-AM67_SEM-EBSD_SameSliceSerialSectioning_0,SerialSectioning,CoNi-AM67_SEM-EBSD_SameSliceSerialSectioning,core,matchanything,direct,none,0,2048,3072,611,721,17,411,8,affine,"[4.121492569920508, 1.131066503339861, -324.06159694918324, 0.025528895065626486, 3.731341611958756, -39.91750387109664, 0.0, 0.0, 1.0]",343.697,286.246,2.08,ok,
eval_CoNi-AM67_SEM-EBSD_SameSliceSerialSectioning_1#0,eval_CoNi-AM67_SEM-EBSD_SameSliceSerialSectioning_1,SerialSectioning,CoNi-AM67_SEM-EBSD_SameSliceSerialSectioning,core,matchanything,direct,none,0,2048,3072,534,587,14,14,4,affine,"[0.48430602007352774, -6.468464678069144, 3063.7050945779506, 0.49397772933687417, 2.649515787426263, 122.78772500679474, 0.0, 0.0, 1.0]",1038.903,988.643,1.13,ok,
eval_CoNi-AM67_SEM-EBSD_SameSliceSerialSectioning_1#1,eval_CoNi-AM67_SEM-EBSD_SameSliceSerialSectioning_1,SerialSectioning,CoNi-AM67_SEM-EBSD_SameSliceSerialSectioning,core,matchanything,direct,none,0,2048,3072,534,587,14,5,3,affine,"[-4.771929824561403, 17.8281576336675, -2693.016135563926, -0.1814986685463659, 2.1506255874060147, 495.09906663631745, 0.0, 0.0, 1.0]",2597.671,1791.355,1.37,ok,
eval_CoNi-AM67_SEM-EBSD_SameSliceSerialSectioning_1#2,eval_CoNi-AM67_SEM-EBSD_SameSliceSerialSectioning_1,SerialSectioning,CoNi-AM67_SEM-EBSD_SameSliceSerialSectioning,core,matchanything,direct,none,0,2048,3072,534,587,14,410,7,homography,"[1.2311084971222628, -0.5777573551974481, 758.1982099036743, -0.5666365788250545, 1.5253594096279566, 471.61889886058583, -0.0003355044451813988, -0.0006978629236633801, 1.0]",164.713,114.800,1.40,ok,
eval_CoNi-AM67_SEM-EBSD_SameSliceSerialSectioning_1#3,eval_CoNi-AM67_SEM-EBSD_SameSliceSerialSectioning_1,SerialSectioning,CoNi-AM67_SEM-EBSD_SameSliceSerialSectioning,core,matchanything,direct,none,0,2048,3072,534,587,14,133,5,homography,"[-0.6866033268613264, -1.5789318424771137, 1105.0924672877331, -0.5668191485192605, -1.0675913581146346, 798.0050125127436, -0.0006255418479217196, -0.0016774299414766794, 1.0]",2231.568,823.306,1.16,ok,
eval_CoNi-AM67_SEM-EBSD_SameSliceSerialSectioning_1#4,eval_CoNi-AM67_SEM-EBSD_SameSliceSerialSectioning_1,SerialSectioning,CoNi-AM67_SEM-EBSD_SameSliceSerialSectioning,core,matchanything,direct,none,0,2048,3072,534,587,14,45,4,affine,"[2.9154400763463757, -0.44069177788706027, 631.6790216080853, 0.29325264977856363, 1.6257248206071504, 477.9291698821529, 0.0, 0.0, 1.0]",292.047,311.371,1.26,ok,
eval_CoNi-AM67_SEM-EBSD_SameSliceSerialSectioning_1#5,eval_CoNi-AM67_SEM-EBSD_SameSliceSerialSectioning_1,SerialSectioning,CoNi-AM67_SEM-EBSD_SameSliceSerialSectioning,core,matchanything,direct,none,0,2048,3072,534,587,14,255,5,homography,"[155.92710377977158, -39.16597977012805, 30308.968154160226, 102.12392035358228, 139.44211903168932, -22009.9189399318, 0.07359793424812851, 0.05070417075124708, 1.0]",868.816,665.519,1.39,ok,
eval_CoNi-AM67_SEM-EBSD_SameSliceSerialSectioning_2#0,eval_CoNi-AM67_SEM-EBSD_SameSliceSerialSectioning_2,SerialSectioning,CoNi-AM67_SEM-EBSD_SameSliceSerialSectioning,core,matchanything,direct,none,0,2048,3072,534,587,18,11,4,homography,"[125.80663213939657, -29.009239591085294, 2709.763585389679, 45.75801289927709, -2.001266176816365, -1540.4157635466374, 0.03973947469691603, -0.005345793301030558, 1.0]",1885.836,1238.569,1.24,ok,
eval_CoNi-AM67_SEM-EBSD_SameSliceSerialSectioning_2#1,eval_CoNi-AM67_SEM-EBSD_SameSliceSerialSectioning_2,SerialSectioning,CoNi-AM67_SEM-EBSD_SameSliceSerialSectioning,core,matchanything,direct,none,0,2048,3072,534,587,18,4,3,affine,"[4.90888224618341, -5.2179259634888435, 3284.6242633818356, 2.298280087897228, 2.652043354773851, -108.8777765229454, 0.0, 0.0, 1.0]",2074.294,2011.088,1.28,ok,
eval_CoNi-AM67_SEM-EBSD_SameSliceSerialSectioning_2#2,eval_CoNi-AM67_SEM-EBSD_SameSliceSerialSectioning_2,SerialSectioning,CoNi-AM67_SEM-EBSD_SameSliceSerialSectioning,core,matchanything,direct,none,0,2048,3072,534,587,18,66,6,homography,"[3.2990093139230843, 0.08046419216982176, 660.4934677772865, 2.247193874691046, 3.7605598225337316, 36.77919161527685, 0.0014245453767054053, 6.052822845078828e-05, 1.0]",446.210,476.072,1.38,ok,
eval_CoNi-AM67_SEM-EBSD_SameSliceSerialSectioning_2#3,eval_CoNi-AM67_SEM-EBSD_SameSliceSerialSectioning_2,SerialSectioning,CoNi-AM67_SEM-EBSD_SameSliceSerialSectioning,core,matchanything,direct,none,0,2048,3072,534,587,18,53,5,homography,"[-19.617268066000822, -7.179225068835805, 4433.502779252234, -7.401004336599625, -11.257722139329216, 3525.25088031749, -0.0068657103580733875, -0.004136295241486521, 0.9999999999999999]",1822.048,336.682,1.90,ok,
eval_CoNi-AM67_SEM-EBSD_SameSliceSerialSectioning_2#4,eval_CoNi-AM67_SEM-EBSD_SameSliceSerialSectioning_2,SerialSectioning,CoNi-AM67_SEM-EBSD_SameSliceSerialSectioning,core,matchanything,direct,none,0,2048,3072,534,587,18,20,4,homography,"[26.082569850016384, -1.143246420491868, -2327.2944742841623, -0.4919496142223252, -2.9061755007951433, 2650.6919586731406, 0.010971961529280755, -0.0037625550984431645, 1.0]",1178.612,689.668,2.13,ok,
eval_CoNi-AM67_SEM-EBSD_SameSliceSerialSectioning_2#5,eval_CoNi-AM67_SEM-EBSD_SameSliceSerialSectioning_2,SerialSectioning,CoNi-AM67_SEM-EBSD_SameSliceSerialSectioning,core,matchanything,direct,none,0,2048,3072,534,587,18,152,5,homography,"[1.1961893530577863, 2.087346211527956, 206.76458428541133, -0.4102816272687931, 1.8330713975438833, 391.070430183014, -0.000381727664676106, -0.0005245217759254439, 1.0]",478.794,343.919,1.48,ok,
eval_CoNi-AM90_OM-SEM_Multiscale_0#0,eval_CoNi-AM90_OM-SEM_Multiscale_0,Multiscale,CoNi-AM90_OM-SEM_Multiscale,core,matchanything,direct,none,0,2048,3072,186,238,11,81,4,affine,"[-1.5113867287013507, 4.565117162250264, 854.944029164823, -4.356546093197155, 5.528871882883727, 1179.6451157310003, 0.0, 0.0, 1.0]",653.352,563.080,1.46,ok,
eval_CoNi-AM90_OM-SEM_Multiscale_0#1,eval_CoNi-AM90_OM-SEM_Multiscale_0,Multiscale,CoNi-AM90_OM-SEM_Multiscale,core,matchanything,direct,none,0,2048,3072,1320,1507,8,65,4,affine,"[-1.0976276953242985, 0.6775849853121194, 2086.6458500413823, 1.8171794085725927, -0.2946783147618824, 392.6423044306664, 0.0, 0.0, 1.0]",1284.777,1165.424,1.54,ok,
eval_CoNi-AM90_SEM-DIC_EBSD_SlipPartitioning_0#0,eval_CoNi-AM90_SEM-DIC_EBSD_SlipPartitioning_0,SlipPartitioning,CoNi-AM90_SEM-DIC_EBSD_SlipPartitioning,core,matchanything,direct,none,0,1309,1493,13333,13333,20,57,4,affine,"[-0.46363438387692607, -0.20937895665746592, 3887.864635001518, -0.27806731775757587, -0.21097522115603878, 3381.492627363309, 0.0, 0.0, 1.0]",2478.216,2287.943,5.69,ok,
eval_CoNi-AM90_SEM-DIC_EBSD_SlipPartitioning_0#1,eval_CoNi-AM90_SEM-DIC_EBSD_SlipPartitioning_0,SlipPartitioning,CoNi-AM90_SEM-DIC_EBSD_SlipPartitioning,core,matchanything,direct,none,0,1309,1493,13333,13333,20,43,4,affine,"[0.03247275524017397, -0.0861001831305265, 1060.3916329672184, 0.0175451880177186, 0.018149489013061397, 854.1777268163903, 0.0, 0.0, 1.0]",729.286,719.887,5.44,ok,
eval_CoNi-AM90_SEM-DIC_EBSD_SlipPartitioning_0#2,eval_CoNi-AM90_SEM-DIC_EBSD_SlipPartitioning_0,SlipPartitioning,CoNi-AM90_SEM-DIC_EBSD_SlipPartitioning,core,matchanything,direct,none,0,1309,1493,13333,13333,20,108,5,homography,"[-0.05664540218234858, -0.0380971419220056, 1079.0977104629953, -0.0400747588938512, -0.0065196333991719745, 528.3086248642891, -5.7104286396984464e-05, -3.493580157604634e-05, 1.0]",1423.511,325.865,5.09,ok,
eval_CoNi-AM90_SEM-DIC_EBSD_SlipPartitioning_0#3,eval_CoNi-AM90_SEM-DIC_EBSD_SlipPartitioning_0,SlipPartitioning,CoNi-AM90_SEM-DIC_EBSD_SlipPartitioning,core,matchanything,direct,none,0,1309,1493,13333,13333,20,79,4,affine,"[-0.2833174020438972, -0.14975352225475388, 3437.256457426846, 0.4760391745133664, 0.31184704766969107, -5284.710345781004, 0.0, 0.0, 1.0]",2247.757,1913.684,4.52,ok,
eval_CoNi-AM90_SEM-DIC_EBSD_SlipPartitioning_0#4,eval_CoNi-AM90_SEM-DIC_EBSD_SlipPartitioning_0,SlipPartitioning,CoNi-AM90_SEM-DIC_EBSD_SlipPartitioning,core,matchanything,direct,none,0,1309,1493,13333,13333,20,85,5,homography,"[-0.05129256377389864, -0.020827039534803485, 486.61608948280247, -0.04256569203906627, -0.01333958925977713, 367.8623409944709, -0.00012024590315155064, -3.110347066357737e-05, 0.9999999999999999]",844.479,661.579,5.30,ok,
eval_CoNi-AM90_SEM-DIC_EBSD_SlipPartitioning_0#5,eval_CoNi-AM90_SEM-DIC_EBSD_SlipPartitioning_0,SlipPartitioning,CoNi-AM90_SEM-DIC_EBSD_SlipPartitioning,core,matchanything,direct,none,0,1309,1493,13333,13333,20,142,5,homography,"[-0.010408795546959292, -0.02282271200288121, 351.54531324394856, -0.011841125780585198, -0.020885493116906968, 346.68928130075943, -2.8061773573205477e-05, -6.65695429144674e-05, 1.0]",588.196,579.238,5.24,ok,
eval_CoNi-AM90_SEM-DIC_EBSD_SlipPartitioning_0#6,eval_CoNi-AM90_SEM-DIC_EBSD_SlipPartitioning_0,SlipPartitioning,CoNi-AM90_SEM-DIC_EBSD_SlipPartitioning,core,matchanything,direct,none,0,1309,1493,13333,13333,20,148,5,homography,"[-0.46177687431865666, -0.008428686459617975, 2913.1422962714105, -0.10919721458365306, -0.16999138123329366, 1161.0867532789389, -0.00047290664155339026, 7.050412438750256e-05, 1.0]",1879.475,786.430,5.86,ok,
eval_CoNi-AM90_SEM-DIC_EBSD_SlipPartitioning_0#7,eval_CoNi-AM90_SEM-DIC_EBSD_SlipPartitioning_0,SlipPartitioning,CoNi-AM90_SEM-DIC_EBSD_SlipPartitioning,core,matchanything,direct,none,0,1309,1493,13333,13333,20,136,5,homography,"[0.13629859069036598, -0.20967041227983343, 228.47230357983176, 0.11967751417156833, -0.21278535385050773, 367.97856342558566, 0.000373056725411541, -0.0006364786822106816, 1.0]",714.833,658.246,5.59,ok,
eval_CoNi-AM90_SEM-DIC_EBSD_SlipPartitioning_0#8,eval_CoNi-AM90_SEM-DIC_EBSD_SlipPartitioning_0,SlipPartitioning,CoNi-AM90_SEM-DIC_EBSD_SlipPartitioning,core,matchanything,direct,none,0,1309,1493,13333,13333,20,116,5,affine,"[0.10789770622865977, -0.12426741563186078, 1415.7982026165928, 0.010461805719559071, 0.07253005333694208, -132.69366482984867, 0.0, 0.0, 1.0]",602.200,522.377,4.72,ok,
eval_CoNi-AM90_SEM-DIC_EBSD_SlipPartitioning_0#9,eval_CoNi-AM90_SEM-DIC_EBSD_SlipPartitioning_0,SlipPartitioning,CoNi-AM90_SEM-DIC_EBSD_SlipPartitioning,core,matchanything,direct,none,0,1309,1493,13333,13333,20,114,4,affine,"[-0.033201037437636104, -0.025938874269668934, 757.4995740325917, 0.025899228404520067, 0.11691424307795839, -594.1453431447118, 0.0, 0.0, 1.0]",674.251,677.035,4.69,ok,
eval_CoNi-AM90_SEM-DIC_EBSD_SlipPartitioning_0#10,eval_CoNi-AM90_SEM-DIC_EBSD_SlipPartitioning_0,SlipPartitioning,CoNi-AM90_SEM-DIC_EBSD_SlipPartitioning,core,matchanything,direct,none,0,1309,1493,13333,13333,20,92,4,affine,"[-0.004768644074444897, -0.021155792950699078, 466.4015541458939, -0.08760473699207968, 0.19337184365173374, 4.392482604403426, 0.0, 0.0, 1.0]",857.377,921.594,4.48,ok,
eval_CoNi-AM90_SEM-DIC_EBSD_SlipPartitioning_0#11,eval_CoNi-AM90_SEM-DIC_EBSD_SlipPartitioning_0,SlipPartitioning,CoNi-AM90_SEM-DIC_EBSD_SlipPartitioning,core,matchanything,direct,none,0,1309,1493,13333,13333,20,102,5,affine,"[0.10311804590134085, 0.11619182118246829, -1250.4228781640136, -0.00845906378202968, 0.10747368915970784, -142.03927623912307, 0.0, 0.0, 1.0]",880.792,786.145,5.77,ok,
eval_CoNi-AM90_SEM-DIC_EBSD_SlipPartitioning_0#12,eval_CoNi-AM90_SEM-DIC_EBSD_SlipPartitioning_0,SlipPartitioning,CoNi-AM90_SEM-DIC_EBSD_SlipPartitioning,core,matchanything,direct,none,0,1309,1493,13333,13333,20,77,5,homography,"[0.052312809587897593, -0.009868999060234272, -197.16006376815182, -0.024626310890657685, 0.030448530242879565, 152.5927035667084, -4.583812138102625e-05, -3.3551306906864625e-05, 1.0]",1559.745,807.245,4.40,ok,
eval_CoNi-AM90_SEM-DIC_EBSD_SlipPartitioning_0#13,eval_CoNi-AM90_SEM-DIC_EBSD_SlipPartitioning_0,SlipPartitioning,CoNi-AM90_SEM-DIC_EBSD_SlipPartitioning,core,matchanything,direct,none,0,1309,1493,13333,13333,20,77,5,homography,"[0.42306040135999784, -0.13053927818854208, -1877.7751797637961, 0.08337083154663805, 0.08410322420406699, -750.2241317180286, 0.0002300319272257085, -0.00023714841757781603, 1.0]",1533.166,790.263,4.99,ok,
eval_CoNi-AM90_SEM-DIC_EBSD_SlipPartitioning_0#14,eval_CoNi-AM90_SEM-DIC_EBSD_SlipPartitioning_0,SlipPartitioning,CoNi-AM90_SEM-DIC_EBSD_SlipPartitioning,core,matchanything,direct,none,0,1309,1493,13333,13333,20,68,4,affine,"[-0.010638971018230364, 0.007435995976600306, 236.19877950740351, 0.0030981880576721344, 0.11398413924462758, -180.3458006245021, 0.0, 0.0, 1.0]",764.663,792.339,4.95,ok,
eval_CoNi-AM90_SEM-DIC_EBSD_SlipPartitioning_0#15,eval_CoNi-AM90_SEM-DIC_EBSD_SlipPartitioning_0,SlipPartitioning,CoNi-AM90_SEM-DIC_EBSD_SlipPartitioning,core,matchanything,direct,none,0,,,,,20,,,,,,,,failed,only 0 correspondences
eval_CoNi-AM90_SEM-DIC_EBSD_SlipPartitioning_0#16,eval_CoNi-AM90_SEM-DIC_EBSD_SlipPartitioning_0,SlipPartitioning,CoNi-AM90_SEM-DIC_EBSD_SlipPartitioning,core,matchanything,direct,none,0,,,,,20,,,,,,,,failed,only 0 correspondences
eval_CoNi-AM90_SEM-DIC_EBSD_SlipPartitioning_0#17,eval_CoNi-AM90_SEM-DIC_EBSD_SlipPartitioning_0,SlipPartitioning,CoNi-AM90_SEM-DIC_EBSD_SlipPartitioning,core,matchanything,direct,none,0,1309,1493,13333,13333,20,4,3,affine,"[0.0049493045667161634, -0.06021643462649249, 1338.4044735346515, -0.018081558576716682, 0.20365174372629494, 37.295342435237444, 0.0, 0.0, 1.0]",863.556,703.051,5.26,ok,
eval_CoNi-AM90_SEM-DIC_EBSD_SlipPartitioning_0#18,eval_CoNi-AM90_SEM-DIC_EBSD_SlipPartitioning_0,SlipPartitioning,CoNi-AM90_SEM-DIC_EBSD_SlipPartitioning,core,matchanything,direct,none,0,1309,1493,13333,13333,20,4,4,homography,"[-0.0009572314041399075, 0.0065441510414798645, 32.06099205438339, -0.0783577991353346, 0.05562311841598882, 687.4321947990106, -0.00010792882508748264, 4.8106835946668214e-05, 1.0]",973.409,879.422,4.34,ok,
eval_CoNi-AM90_SEM-DIC_EBSD_SlipPartitioning_0#19,eval_CoNi-AM90_SEM-DIC_EBSD_SlipPartitioning_0,SlipPartitioning,CoNi-AM90_SEM-DIC_EBSD_SlipPartitioning,core,matchanything,direct,none,0,,,,,20,,,,,,,,failed,only 2 correspondences
eval_CoNi-AM90_SEM-DIC_EBSD_SlipPartitioning_0#20,eval_CoNi-AM90_SEM-DIC_EBSD_SlipPartitioning_0,SlipPartitioning,CoNi-AM90_SEM-DIC_EBSD_SlipPartitioning,core,matchanything,direct,none,0,1309,1493,13333,13333,20,40,4,affine,"[-3.359321622795299, -2.4602466992420777e-14, 41179.374835855255, -1.3585998481114387, 0.09804303068212157, 16110.299013513568, 0.0, 0.0, 1.0]",19765.642,19006.825,4.89,ok,
eval_CoNi-AM90_SEM-DIC_EBSD_SlipPartitioning_0#21,eval_CoNi-AM90_SEM-DIC_EBSD_SlipPartitioning_0,SlipPartitioning,CoNi-AM90_SEM-DIC_EBSD_SlipPartitioning,core,matchanything,direct,none,0,1309,1493,13333,13333,20,5,4,homography,"[-0.07713746557533445, -0.04036952502422983, 889.9992756481765, -0.06917189780116732, -0.03640669225639332, 798.3432135851984, -8.678011945230945e-05, -4.545420300143531e-05, 1.0]",386.115,357.436,5.26,ok,
eval_CoNi-AM90_SEM-DIC_EBSD_SlipPartitioning_0#22,eval_CoNi-AM90_SEM-DIC_EBSD_SlipPartitioning_0,SlipPartitioning,CoNi-AM90_SEM-DIC_EBSD_SlipPartitioning,core,matchanything,direct,none,0,1309,1493,13333,13333,20,6,4,homography,"[0.0102773459944694, -0.029102941522630193, 332.0989650240506, 0.003044802692904171, -0.025387040971425148, 366.10430418109814, -3.213376311590477e-07, -7.465467651800516e-05, 1.0]",485.341,501.807,4.64,ok,
eval_CoNi-AM90_SEM-DIC_EBSD_SlipPartitioning_0#23,eval_CoNi-AM90_SEM-DIC_EBSD_SlipPartitioning_0,SlipPartitioning,CoNi-AM90_SEM-DIC_EBSD_SlipPartitioning,core,matchanything,direct,none,0,,,,,20,,,,,,,,failed,only 3 correspondences
eval_CoNi-AM90_SEM-DIC_EBSD_SlipPartitioning_0#24,eval_CoNi-AM90_SEM-DIC_EBSD_SlipPartitioning_0,SlipPartitioning,CoNi-AM90_SEM-DIC_EBSD_SlipPartitioning,core,matchanything,direct,none,0,1309,1493,13333,13333,20,31,5,homography,"[-0.03612140750741613, -0.051625864311601495, 590.5706876653784, -0.016851371078572513, -0.024646010110296674, 274.0643025365595, -6.432577958364054e-05, -8.257836491509567e-05, 1.0]",433.861,369.373,4.12,ok,
eval_CoNi-AM90_SEM-DIC_EBSD_SlipPartitioning_0#25,eval_CoNi-AM90_SEM-DIC_EBSD_SlipPartitioning_0,SlipPartitioning,CoNi-AM90_SEM-DIC_EBSD_SlipPartitioning,core,matchanything,direct,none,0,1309,1493,13333,13333,20,37,5,homography,"[-0.21761808567970142, 0.25230700312592924, 399.90527186688314, -0.0009381678772256161, 0.050516280899524466, -440.2804299029101, -0.0005246720184460431, 0.0006071659452172196, 1.0]",801.446,724.246,4.31,ok,
eval_CoNi-AM90_SEM-DIC_EBSD_SlipPartitioning_0#26,eval_CoNi-AM90_SEM-DIC_EBSD_SlipPartitioning_0,SlipPartitioning,CoNi-AM90_SEM-DIC_EBSD_SlipPartitioning,core,matchanything,direct,none,0,1309,1493,13333,13333,20,37,4,affine,"[-0.16340500262458335, 0.21186922409452685, 329.66401519837586, -0.0004370424079306348, -0.03426477486858596, 482.95136308760345, 0.0, 0.0, 1.0]",996.105,850.837,4.46,ok,
eval_CoNi-AM90_SEM-EBSD_SameSlice_0#0,eval_CoNi-AM90_SEM-EBSD_SameSlice_0,SameSlice,CoNi-AM90_SEM-EBSD_SameSlice,core,matchanything,direct,none,0,1309,1493,12148,13089,47,400,5,affine,"[0.024982294775266686, 0.024080605047001657, 449.1965951683648, 0.013322056038686038, 0.1208467814264732, -161.20749950999112, 0.0, 0.0, 1.0]",336.049,336.475,3.89,ok,
eval_CoNi-AM90_SEM-EBSD_SameSlice_0#1,eval_CoNi-AM90_SEM-EBSD_SameSlice_0,SameSlice,CoNi-AM90_SEM-EBSD_SameSlice,core,matchanything,direct,none,0,1309,1493,12148,13089,47,366,5,homography,"[-1.2150789813497491, -0.7067298900329433, 1804.5821024090465, -0.4291825761539375, -1.6226282850405311, 7032.9722113769485, -0.0007242361369416952, -0.0008657575514021249, 1.0]",543.314,519.201,4.55,ok,
eval_CoNi-AM90_SEM-EBSD_SameSlice_0#2,eval_CoNi-AM90_SEM-EBSD_SameSlice_0,SameSlice,CoNi-AM90_SEM-EBSD_SameSlice,core,matchanything,direct,none,0,1309,1493,12148,13089,47,67,4,affine,"[0.10447545241353694, -0.23040394494792457, 1539.0394792496604, 0.01628826699026922, -0.016580047431160545, 324.94019908075086, 0.0, 0.0, 1.0]",897.817,906.861,4.60,ok,
eval_CoNi-AM90_SEM-EBSD_SameSlice_0#3,eval_CoNi-AM90_SEM-EBSD_SameSlice_0,SameSlice,CoNi-AM90_SEM-EBSD_SameSlice,core,matchanything,direct,none,0,1309,1493,12148,13089,47,70,4,affine,"[0.1709945740776784, 1.3068384679461744, -3228.6986927492976, 0.0761231859536887, 0.5286023287480067, -715.7816666244144, 0.0, 0.0, 1.0]",6015.424,5449.309,4.51,ok,
eval_CoNi-AM90_SEM-EBSD_SameSlice_0#4,eval_CoNi-AM90_SEM-EBSD_SameSlice_0,SameSlice,CoNi-AM90_SEM-EBSD_SameSlice,core,matchanything,direct,none,0,1309,1493,12148,13089,47,100,4,affine,"[-0.039484300242974876, -0.09902670039285379, 902.1111290870978, 0.06373401000427695, 0.25783821034669274, -461.3905753567328, 0.0, 0.0, 1.0]",1220.267,1148.037,4.47,ok,
eval_CoNi-AM90_SEM-EBSD_SameSlice_0#5,eval_CoNi-AM90_SEM-EBSD_SameSlice_0,SameSlice,CoNi-AM90_SEM-EBSD_SameSlice,core,matchanything,direct,none,0,1309,1493,12148,13089,47,141,5,homography,"[-0.7808042663131346, -1.4784755249369774, 474.3589434890166, -0.9132162597523076, -4.902428523138116, 2764.603763495563, -0.0007568638907809053, -0.0038859301860725746, 1.0]",717.578,795.084,4.61,ok,
eval_CoNi_SEM-SE_SEM-BSE_Cracks-SameSliceSerialSectioning_0#0,eval_CoNi_SEM-SE_SEM-BSE_Cracks-SameSliceSerialSectioning_0,SerialSectioning,CoNi_SEM-SE_SEM-BSE_Cracks-SameSliceSerialSectioning,core,matchanything,direct,none,0,2048,3072,1024,1536,61,1653,10,homography,"[0.3803438395193305, 2.0173160089439515, -523.3237201028314, -0.42840351204361177, 1.1769147537301248, 552.3272373997141, -0.0002875375637410016, -0.00011569214390258546, 0.9999999999999999]",674.728,695.522,1.18,ok,
eval_In718-PrecipitationStrengthened_SEM-BSE_EBSD_SameSliceSerialSectioning_0#0,eval_In718-PrecipitationStrengthened_SEM-BSE_EBSD_SameSliceSerialSectioning_0,SerialSectioning,In718-PrecipitationStrengthened_SEM-BSE_EBSD_SameSliceSerialSectioning,core,matchanything,direct,none,0,4096,6144,451,671,22,370,5,homography,"[-78.43665854386337, -16.501317664853858, 6705.973157893703, -24.4748964481136, -33.13276319442653, 7720.571601746875, -0.021515642184116654, -0.003195518778191044, 1.0]",661.999,501.449,1.52,ok,
eval_In718-PrecipitationStrengthened_SEM-BSE_EBSD_SameSliceSerialSectioning_1#0,eval_In718-PrecipitationStrengthened_SEM-BSE_EBSD_SameSliceSerialSectioning_1,SerialSectioning,In718-PrecipitationStrengthened_SEM-BSE_EBSD_SameSliceSerialSectioning,core,matchanything,direct,none,0,4096,6144,451,671,33,219,4,affine,"[4.495962814154864, 4.1791231192104155, 889.0138354005412, -0.050412108451630265, 7.108374833883523, -360.38780711642994, 0.0, 0.0, 1.0]",533.807,489.609,1.58,ok,
eval_In718-PrecipitationStrengthened_SEM-BSE_EBSD_SameSliceSerialSectioning_2#0,eval_In718-PrecipitationStrengthened_SEM-BSE_EBSD_SameSliceSerialSectioning_2,SerialSectioning,In718-PrecipitationStrengthened_SEM-BSE_EBSD_SameSliceSerialSectioning,core,matchanything,direct,none,0,4096,6144,451,671,46,363,4,affine,"[-3.3845066664692527, 0.5382959351808366, 4219.366432843305, -0.36794477985882545, 4.276274334683598, 388.6131631615749, 0.0, 0.0, 1.0]",1348.274,1291.652,2.14,ok,
eval_In718-PrecipitationStrengthened_SEM-BSE_EBSD_SameSliceSerialSectioning_3#0,eval_In718-PrecipitationStrengthened_SEM-BSE_EBSD_SameSliceSerialSectioning_3,SerialSectioning,In718-PrecipitationStrengthened_SEM-BSE_EBSD_SameSliceSerialSectioning,core,matchanything,direct,none,0,4096,6144,451,671,44,156,4,affine,"[-2.499655531088458, 4.3427004926365464, 4156.913085033102, 1.9669456444659374, 5.9061438942885145, -732.0583829609513, 0.0, 0.0, 1.0]",1330.262,1256.731,1.90,ok,
eval_In718-PrecipitationStrengthened_SEM-DIC_EBSD_SlipPartitioning_0#0,eval_In718-PrecipitationStrengthened_SEM-DIC_EBSD_SlipPartitioning_0,SlipPartitioning,In718-PrecipitationStrengthened_SEM-DIC_EBSD_SlipPartitioning,core,matchanything,direct,none,0,,,,,56,,,,,,,,failed,only 0 correspondences
eval_In718-PrecipitationStrengthened_SEM-DIC_EBSD_SlipPartitioning_0#1,eval_In718-PrecipitationStrengthened_SEM-DIC_EBSD_SlipPartitioning_0,SlipPartitioning,In718-PrecipitationStrengthened_SEM-DIC_EBSD_SlipPartitioning,core,matchanything,direct,none,0,,,,,56,,,,,,,,failed,only 0 correspondences
eval_In718-PrecipitationStrengthened_SEM-DIC_EBSD_SlipPartitioning_0#2,eval_In718-PrecipitationStrengthened_SEM-DIC_EBSD_SlipPartitioning_0,SlipPartitioning,In718-PrecipitationStrengthened_SEM-DIC_EBSD_SlipPartitioning,core,matchanything,direct,none,0,,,,,56,,,,,,,,failed,only 0 correspondences
eval_In718-PrecipitationStrengthened_SEM-DIC_EBSD_SlipPartitioning_0#3,eval_In718-PrecipitationStrengthened_SEM-DIC_EBSD_SlipPartitioning_0,SlipPartitioning,In718-PrecipitationStrengthened_SEM-DIC_EBSD_SlipPartitioning,core,matchanything,direct,none,0,,,,,56,,,,,,,,failed,only 0 correspondences
eval_In718-SolutionStrengthened_SEM-SE_EBSD_SameSliceSerialSectioning_0#0,eval_In718-SolutionStrengthened_SEM-SE_EBSD_SameSliceSerialSectioning_0,SerialSectioning,In718-SolutionStrengthened_SEM-SE_EBSD_SameSliceSerialSectioning,core,matchanything,direct,none,0,1024,1536,1536,1024,20,22,5,affine,"[0.8539525481555842, 0.08674122154598662, 314.45202510463133, 0.3748749446898228, 0.6323456774596307, -278.100752123062, 0.0, 0.0, 1.0]",425.264,440.249,1.18,ok,
eval_In718-SolutionStrengthened_SEM-SE_EBSD_SameSliceSerialSectioning_0#1,eval_In718-SolutionStrengthened_SEM-SE_EBSD_SameSliceSerialSectioning_0,SerialSectioning,In718-SolutionStrengthened_SEM-SE_EBSD_SameSliceSerialSectioning,core,matchanything,direct,none,0,433,512,1536,1024,39,84,7,affine,"[-0.04653344363675816, 0.2835969879027883, -26.851343247178846, -0.08306797222523597, 0.20408601293804923, 108.51361672044874, 0.0, 0.0, 1.0]",126.769,131.955,1.87,ok,
eval_In718-SolutionStrengthened_SEM-SE_EBSD_SameSliceSerialSectioning_0#2,eval_In718-SolutionStrengthened_SEM-SE_EBSD_SameSliceSerialSectioning_0,SerialSectioning,In718-SolutionStrengthened_SEM-SE_EBSD_SameSliceSerialSectioning,core,matchanything,direct,none,0,433,512,1536,1024,39,21,5,homography,"[0.23119984801786664, 0.4026378399538243, -134.4926129122254, -0.15926754457326026, 0.7923858632829182, -200.70535237112537, -0.0010918560580206287, 0.0012140274389179436, 1.0]",218.837,233.820,1.78,ok,
eval_In718-SolutionStrengthened_SEM-SE_EBSD_SameSliceSerialSectioning_0#3,eval_In718-SolutionStrengthened_SEM-SE_EBSD_SameSliceSerialSectioning_0,SerialSectioning,In718-SolutionStrengthened_SEM-SE_EBSD_SameSliceSerialSectioning,core,matchanything,direct,none,0,433,512,1536,1024,39,30,5,homography,"[0.09312173417795651, -0.6173898093031212, 475.3559376397847, 0.05979245692325755, -0.41183058374243425, 307.67269123852867, 0.00016783068671659897, -0.0013187665832011903, 1.0]",400.078,375.392,1.30,ok,
eval_In718-SolutionStrengthened_SEM-SE_EBSD_SameSliceSerialSectioning_1#0,eval_In718-SolutionStrengthened_SEM-SE_EBSD_SameSliceSerialSectioning_1,SerialSectioning,In718-SolutionStrengthened_SEM-SE_EBSD_SameSliceSerialSectioning,core,matchanything,direct,none,0,1024,1536,433,512,26,135,11,homography,"[2.6975583100474294, -0.17253987537155177, 262.35081062375167, 0.48883231492369617, 2.4099662741055643, 42.46178938266063, 0.0007089963906670753, -4.220201299033563e-05, 1.0]",73.543,57.890,1.11,ok,
eval_In718-SolutionStrengthened_SEM-SE_EBSD_SameSliceSerialSectioning_1#1,eval_In718-SolutionStrengthened_SEM-SE_EBSD_SameSliceSerialSectioning_1,SerialSectioning,In718-SolutionStrengthened_SEM-SE_EBSD_SameSliceSerialSectioning,core,matchanything,direct,none,0,1024,1536,433,512,26,43,9,affine,"[2.90293147805399, -0.028282826893772574, -222.33013634972667, 0.016608462623595423, 2.533016939238349, -24.495203096650243, 0.0, 0.0, 1.0]",254.733,242.014,1.16,ok,
eval_In718-SolutionStrengthened_SEM-SE_EBSD_SameSliceSerialSectioning_2#0,eval_In718-SolutionStrengthened_SEM-SE_EBSD_SameSliceSerialSectioning_2,SerialSectioning,In718-SolutionStrengthened_SEM-SE_EBSD_SameSliceSerialSectioning,core,matchanything,direct,none,0,1024,1536,433,512,44,214,8,affine,"[3.0192759137430403, -0.13313923778896722, 27.406143112721224, -0.032841006870598, 2.471974424707307, 31.793603505363535, 0.0, 0.0, 1.0]",139.133,154.199,1.14,ok,
eval_In718-SolutionStrengthened_SEM-SE_EBSD_SameSliceSerialSectioning_2#1,eval_In718-SolutionStrengthened_SEM-SE_EBSD_SameSliceSerialSectioning_2,SerialSectioning,In718-SolutionStrengthened_SEM-SE_EBSD_SameSliceSerialSectioning,core,matchanything,direct,none,0,1024,1536,433,512,44,34,11,homography,"[1.865999317844236, 0.07601605188218177, 253.53441495876837, -0.1364028442514034, 2.760645880364015, -31.105120540261606, -6.385019608798733e-05, 9.849752127655476e-05, 1.0]",19.189,17.459,1.22,ok,
eval_In718-SolutionStrengthened_SEM-SE_EBSD_SameSliceSerialSectioning_3#0,eval_In718-SolutionStrengthened_SEM-SE_EBSD_SameSliceSerialSectioning_3,SerialSectioning,In718-SolutionStrengthened_SEM-SE_EBSD_SameSliceSerialSectioning,core,matchanything,direct,none,0,1024,1536,433,512,53,164,7,affine,"[1.0552547662159706, -1.1983642458647352, 763.4471858002769, -0.0961490019260616, 2.871701269942253, -54.78655316302661, 0.0, 0.0, 1.0]",155.592,146.440,1.20,ok,
eval_In718-SolutionStrengthened_SEM-SE_EBSD_SameSliceSerialSectioning_3#1,eval_In718-SolutionStrengthened_SEM-SE_EBSD_SameSliceSerialSectioning_3,SerialSectioning,In718-SolutionStrengthened_SEM-SE_EBSD_SameSliceSerialSectioning,core,matchanything,direct,none,0,1024,1536,433,512,53,25,5,homography,"[1.5412795873410456, -3.9046052068001362, 1139.7839840051486, 0.9622673253123036, -2.2364545487273455, 717.1672856773964, 0.001012026406152863, -0.0030069355672410645, 1.0]",644.534,596.217,1.26,ok,
eval_MoTaTiZrHf-HEA-DDRX-1100C_TEM_DislocationCharacterization_0#0,eval_MoTaTiZrHf-HEA-DDRX-1100C_TEM_DislocationCharacterization_0,DislocationCharacterization,MoTaTiZrHf-HEA-DDRX-1100C_TEM_DislocationCharacterization,core,matchanything,direct,none,0,2192,2048,2192,2048,24,3777,365,affine,"[1.0, 0.0, 0.0, -0.0, 1.0, 0.0, 0.0, 0.0, 1.0]",73.689,69.962,1.77,ok,
eval_MoTaTiZrHf-HEA-DDRX-1100C_TEM_DislocationCharacterization_0#1,eval_MoTaTiZrHf-HEA-DDRX-1100C_TEM_DislocationCharacterization_0,DislocationCharacterization,MoTaTiZrHf-HEA-DDRX-1100C_TEM_DislocationCharacterization,core,matchanything,direct,none,0,2192,2048,2192,2048,24,1894,459,affine,"[1.0, -0.0, 0.0, 0.0, 1.0, 0.0, 0.0, 0.0, 1.0]",73.689,69.962,1.75,ok,
eval_MoTaTiZrHf-HEA-DDRX-1100C_TEM_DislocationCharacterization_0#2,eval_MoTaTiZrHf-HEA-DDRX-1100C_TEM_DislocationCharacterization_0,DislocationCharacterization,MoTaTiZrHf-HEA-DDRX-1100C_TEM_DislocationCharacterization,core,matchanything,direct,none,0,2192,2048,2192,2048,24,1800,269,affine,"[1.0, -0.0, 0.0, 0.0, 0.9999979874375855, 0.004178234347364196, 0.0, 0.0, 1.0]",73.690,69.962,1.74,ok,
eval_MoTaTiZrHf-HEA-DDRX-1100C_TEM_DislocationCharacterization_0#3,eval_MoTaTiZrHf-HEA-DDRX-1100C_TEM_DislocationCharacterization_0,DislocationCharacterization,MoTaTiZrHf-HEA-DDRX-1100C_TEM_DislocationCharacterization,core,matchanything,direct,none,0,2192,2048,2192,2048,24,1488,267,affine,"[1.0, -0.0, 0.0, 0.0, 1.0, 0.0, 0.0, 0.0, 1.0]",73.689,69.962,1.71,ok,
eval_MoTaTiZrHf-HEA-DDRX-1100C_TEM_DislocationCharacterization_0#4,eval_MoTaTiZrHf-HEA-DDRX-1100C_TEM_DislocationCharacterization_0,DislocationCharacterization,MoTaTiZrHf-HEA-DDRX-1100C_TEM_DislocationCharacterization,core,matchanything,direct,none,0,2192,2048,2192,2048,17,2838,275,affine,"[1.0, 0.0, 0.0, -0.0, 1.000007705703762, -0.016160045992364758, 0.0, 0.0, 1.0]",187.487,194.117,1.75,ok,
eval_MoTaTiZrHf-HEA-DDRX-1100C_TEM_DislocationCharacterization_0#5,eval_MoTaTiZrHf-HEA-DDRX-1100C_TEM_DislocationCharacterization_0,DislocationCharacterization,MoTaTiZrHf-HEA-DDRX-1100C_TEM_DislocationCharacterization,core,matchanything,direct,none,0,2192,2048,2192,2048,17,1414,372,affine,"[1.0, 0.0, 0.0, -0.0, 1.0, 0.0, 0.0, 0.0, 1.0]",187.492,194.119,1.79,ok,
eval_MoTaTiZrHf-HEA-DDRX-1100C_TEM_DislocationCharacterization_0#6,eval_MoTaTiZrHf-HEA-DDRX-1100C_TEM_DislocationCharacterization_0,DislocationCharacterization,MoTaTiZrHf-HEA-DDRX-1100C_TEM_DislocationCharacterization,core,matchanything,direct,none,0,2192,2048,2192,2048,17,1299,213,affine,"[1.0, -0.0, 0.0, 0.0, 0.9999995521358641, 0.0009392399783791916, 0.0, 0.0, 1.0]",187.492,194.120,1.71,ok,
eval_MoTaTiZrHf-HEA-DDRX-1100C_TEM_DislocationCharacterization_0#7,eval_MoTaTiZrHf-HEA-DDRX-1100C_TEM_DislocationCharacterization_0,DislocationCharacterization,MoTaTiZrHf-HEA-DDRX-1100C_TEM_DislocationCharacterization,core,matchanything,direct,none,0,2192,2048,2192,2048,17,767,294,affine,"[1.0, 0.0, 0.0, -0.0, 0.9999984019355757, 0.0032840223921084544, 0.0, 0.0, 1.0]",187.493,194.120,1.81,ok,
eval_MoTaTiZrHf-HEA-DDRX-1100C_TEM_DislocationCharacterization_0#8,eval_MoTaTiZrHf-HEA-DDRX-1100C_TEM_DislocationCharacterization_0,DislocationCharacterization,MoTaTiZrHf-HEA-DDRX-1100C_TEM_DislocationCharacterization,core,matchanything,direct,none,0,2192,2048,2192,2048,24,1957,453,affine,"[1.0, -0.0, 0.0, 0.0, 1.0, 0.0, 0.0, 0.0, 1.0]",73.689,69.962,1.78,ok,
eval_MoTaTiZrHf-HEA-DDRX-1100C_TEM_DislocationCharacterization_0#9,eval_MoTaTiZrHf-HEA-DDRX-1100C_TEM_DislocationCharacterization_0,DislocationCharacterization,MoTaTiZrHf-HEA-DDRX-1100C_TEM_DislocationCharacterization,core,matchanything,direct,none,0,2192,2048,2192,2048,24,1299,455,affine,"[1.0, -0.0, 0.0, 0.0, 1.0, 0.0, 0.0, 0.0, 1.0]",73.689,69.962,1.75,ok,
eval_MoTaTiZrHf-HEA-DDRX-1100C_TEM_DislocationCharacterization_0#10,eval_MoTaTiZrHf-HEA-DDRX-1100C_TEM_DislocationCharacterization_0,DislocationCharacterization,MoTaTiZrHf-HEA-DDRX-1100C_TEM_DislocationCharacterization,core,matchanything,direct,none,0,2192,2048,2192,2048,24,1435,271,affine,"[1.0, 0.0, 0.0, -0.0, 0.9999995993475775, 0.000840229753521271, 0.0, 0.0, 1.0]",73.689,69.962,1.81,ok,
eval_MoTaTiZrHf-HEA-DDRX-1100C_TEM_DislocationCharacterization_0#11,eval_MoTaTiZrHf-HEA-DDRX-1100C_TEM_DislocationCharacterization_0,DislocationCharacterization,MoTaTiZrHf-HEA-DDRX-1100C_TEM_DislocationCharacterization,core,matchanything,direct,none,0,2192,2048,2192,2048,24,1622,297,affine,"[1.0, -0.0, 0.0, 0.0, 1.0000093752343808, -0.019266106652594317, 0.0, 0.0, 1.0]",73.683,69.959,1.82,ok,
eval_MoTaTiZrHf-HEA-DDRX-1100C_TEM_DislocationCharacterization_0#12,eval_MoTaTiZrHf-HEA-DDRX-1100C_TEM_DislocationCharacterization_0,DislocationCharacterization,MoTaTiZrHf-HEA-DDRX-1100C_TEM_DislocationCharacterization,core,matchanything,direct,none,0,2192,2048,2192,2048,17,1234,374,affine,"[1.0, -0.0, 0.0, 0.0, 1.0, 0.0, 0.0, 0.0, 1.0]",187.492,194.119,1.79,ok,
eval_MoTaTiZrHf-HEA-DDRX-1100C_TEM_DislocationCharacterization_0#13,eval_MoTaTiZrHf-HEA-DDRX-1100C_TEM_DislocationCharacterization_0,DislocationCharacterization,MoTaTiZrHf-HEA-DDRX-1100C_TEM_DislocationCharacterization,core,matchanything,direct,none,0,2192,2048,2192,2048,17,1153,465,affine,"[1.0, 0.0, 0.0, -0.0, 1.0, 0.0, 0.0, 0.0, 1.0]",187.492,194.119,1.84,ok,
eval_MoTaTiZrHf-HEA-DDRX-1100C_TEM_DislocationCharacterization_0#14,eval_MoTaTiZrHf-HEA-DDRX-1100C_TEM_DislocationCharacterization_0,DislocationCharacterization,MoTaTiZrHf-HEA-DDRX-1100C_TEM_DislocationCharacterization,core,matchanything,direct,none,0,2192,2048,2192,2048,17,929,268,affine,"[1.0, -0.0, 0.0, 0.0, 0.9999995232937731, 0.000999726279587776, 0.0, 0.0, 1.0]",187.492,194.120,1.67,ok,
eval_MoTaTiZrHf-HEA-DDRX-1100C_TEM_DislocationCharacterization_0#15,eval_MoTaTiZrHf-HEA-DDRX-1100C_TEM_DislocationCharacterization_0,DislocationCharacterization,MoTaTiZrHf-HEA-DDRX-1100C_TEM_DislocationCharacterization,core,matchanything,direct,none,0,2192,2048,2192,2048,17,607,301,affine,"[1.0, -0.0, 0.0, 0.0, 1.0, 0.0, 0.0, 0.0, 1.0]",187.492,194.119,1.88,ok,
eval_MoTaTiZrHf-HEA-DDRX-1100C_TEM_DislocationCharacterization_0#16,eval_MoTaTiZrHf-HEA-DDRX-1100C_TEM_DislocationCharacterization_0,DislocationCharacterization,MoTaTiZrHf-HEA-DDRX-1100C_TEM_DislocationCharacterization,core,matchanything,direct,none,0,2192,2048,2192,2048,24,1865,259,affine,"[1.0, -0.0, 0.0, 0.0, 1.0000001652512347, -0.00035004024084628327, 0.0, 0.0, 1.0]",73.689,69.962,1.86,ok,
eval_MoTaTiZrHf-HEA-DDRX-1100C_TEM_DislocationCharacterization_0#17,eval_MoTaTiZrHf-HEA-DDRX-1100C_TEM_DislocationCharacterization_0,DislocationCharacterization,MoTaTiZrHf-HEA-DDRX-1100C_TEM_DislocationCharacterization,core,matchanything,direct,none,0,2192,2048,2192,2048,24,1297,254,affine,"[1.0, -0.0, 0.0, 0.0, 1.0, 0.0, 0.0, 0.0, 1.0]",73.689,69.962,1.85,ok,
eval_MoTaTiZrHf-HEA-DDRX-1100C_TEM_DislocationCharacterization_0#18,eval_MoTaTiZrHf-HEA-DDRX-1100C_TEM_DislocationCharacterization_0,DislocationCharacterization,MoTaTiZrHf-HEA-DDRX-1100C_TEM_DislocationCharacterization,core,matchanything,direct,none,0,2192,2048,2192,2048,24,1892,391,affine,"[1.0, 0.0, 0.0, -0.0, 1.0, 0.0, 0.0, 0.0, 1.0]",73.689,69.962,1.87,ok,
eval_MoTaTiZrHf-HEA-DDRX-1100C_TEM_DislocationCharacterization_0#19,eval_MoTaTiZrHf-HEA-DDRX-1100C_TEM_DislocationCharacterization_0,DislocationCharacterization,MoTaTiZrHf-HEA-DDRX-1100C_TEM_DislocationCharacterization,core,matchanything,direct,none,0,2192,2048,2192,2048,24,2209,244,affine,"[1.0, 0.0, 0.0, -0.0, 0.9999959172415795, 0.008390068554035679, 0.0, 0.0, 1.0]",73.691,69.963,1.88,ok,
eval_MoTaTiZrHf-HEA-DDRX-1100C_TEM_DislocationCharacterization_0#20,eval_MoTaTiZrHf-HEA-DDRX-1100C_TEM_DislocationCharacterization_0,DislocationCharacterization,MoTaTiZrHf-HEA-DDRX-1100C_TEM_DislocationCharacterization,core,matchanything,direct,none,0,2192,2048,2192,2048,17,1121,249,affine,"[1.0, 0.0, 0.0, -0.0, 1.0000010302448996, -0.0021388676418609975, 0.0, 0.0, 1.0]",187.491,194.119,1.88,ok,
eval_MoTaTiZrHf-HEA-DDRX-1100C_TEM_DislocationCharacterization_0#21,eval_MoTaTiZrHf-HEA-DDRX-1100C_TEM_DislocationCharacterization_0,DislocationCharacterization,MoTaTiZrHf-HEA-DDRX-1100C_TEM_DislocationCharacterization,core,matchanything,direct,none,0,2192,2048,2192,2048,17,1145,266,affine,"[1.0, -0.0, 0.0, 0.0, 1.0000003657431773, -0.0007516022292293201, 0.0, 0.0, 1.0]",187.492,194.119,1.67,ok,
eval_MoTaTiZrHf-HEA-DDRX-1100C_TEM_DislocationCharacterization_0#22,eval_MoTaTiZrHf-HEA-DDRX-1100C_TEM_DislocationCharacterization_0,DislocationCharacterization,MoTaTiZrHf-HEA-DDRX-1100C_TEM_DislocationCharacterization,core,matchanything,direct,none,0,2192,2048,2192,2048,17,1184,402,affine,"[1.0, 0.0, 0.0, -0.0, 0.9999962247197799, 0.007837772072434745, 0.0, 0.0, 1.0]",187.494,194.121,1.80,ok,
eval_MoTaTiZrHf-HEA-DDRX-1100C_TEM_DislocationCharacterization_0#23,eval_MoTaTiZrHf-HEA-DDRX-1100C_TEM_DislocationCharacterization_0,DislocationCharacterization,MoTaTiZrHf-HEA-DDRX-1100C_TEM_DislocationCharacterization,core,matchanything,direct,none,0,2192,2048,2192,2048,17,615,249,affine,"[1.0, 0.0, 0.0, -0.0, 0.9999978489026177, 0.00437516664692339, 0.0, 0.0, 1.0]",187.493,194.120,1.54,ok,
eval_MoTaTiZrHf-HEA-DDRX-1100C_TEM_DislocationCharacterization_0#24,eval_MoTaTiZrHf-HEA-DDRX-1100C_TEM_DislocationCharacterization_0,DislocationCharacterization,MoTaTiZrHf-HEA-DDRX-1100C_TEM_DislocationCharacterization,core,matchanything,direct,none,0,2192,2048,2192,2048,24,1817,274,homography,"[1.0222936034567838, 0.009702581586286252, -19.883631944201987, -0.0010629823233448757, 1.0465195129303952, -48.42380261466183, -5.045646135755863e-07, 1.1170063469427439e-05, 1.0]",67.387,66.267,1.68,ok,
eval_MoTaTiZrHf-HEA-DDRX-1100C_TEM_DislocationCharacterization_0#25,eval_MoTaTiZrHf-HEA-DDRX-1100C_TEM_DislocationCharacterization_0,DislocationCharacterization,MoTaTiZrHf-HEA-DDRX-1100C_TEM_DislocationCharacterization,core,matchanything,direct,none,0,2192,2048,2192,2048,24,655,229,affine,"[1.0, -0.0, 0.0, 0.0, 1.0, 0.0, 0.0, 0.0, 1.0]",73.689,69.962,1.65,ok,
eval_MoTaTiZrHf-HEA-DDRX-1100C_TEM_DislocationCharacterization_0#26,eval_MoTaTiZrHf-HEA-DDRX-1100C_TEM_DislocationCharacterization_0,DislocationCharacterization,MoTaTiZrHf-HEA-DDRX-1100C_TEM_DislocationCharacterization,core,matchanything,direct,none,0,2192,2048,2192,2048,24,607,239,affine,"[1.0, 0.0, 0.0, -0.0, 0.9999979783848914, 0.004239637824412057, 0.0, 0.0, 1.0]",73.690,69.962,1.79,ok,
eval_MoTaTiZrHf-HEA-DDRX-1100C_TEM_DislocationCharacterization_0#27,eval_MoTaTiZrHf-HEA-DDRX-1100C_TEM_DislocationCharacterization_0,DislocationCharacterization,MoTaTiZrHf-HEA-DDRX-1100C_TEM_DislocationCharacterization,core,matchanything,direct,none,0,2192,2048,2192,2048,24,1340,479,affine,"[1.0, 0.0, 0.0, -0.0, 1.0000053829425317, -0.011061946902827913, 0.0, 0.0, 1.0]",73.686,69.960,1.88,ok,
eval_MoTaTiZrHf-HEA-DDRX-1100C_TEM_DislocationCharacterization_0#28,eval_MoTaTiZrHf-HEA-DDRX-1100C_TEM_DislocationCharacterization_0,DislocationCharacterization,MoTaTiZrHf-HEA-DDRX-1100C_TEM_DislocationCharacterization,core,matchanything,direct,none,0,2192,2048,2192,2048,17,572,260,affine,"[1.0, 0.0, 0.0, -0.0, 0.9999994538697424, 0.001156829884621402, 0.0, 0.0, 1.0]",187.492,194.120,1.76,ok,
eval_MoTaTiZrHf-HEA-DDRX-1100C_TEM_DislocationCharacterization_0#29,eval_MoTaTiZrHf-HEA-DDRX-1100C_TEM_DislocationCharacterization_0,DislocationCharacterization,MoTaTiZrHf-HEA-DDRX-1100C_TEM_DislocationCharacterization,core,matchanything,direct,none,0,2192,2048,2192,2048,17,621,239,affine,"[1.0, 0.0, 0.0, -0.0, 1.000003520102956, -0.0071596187015074975, 0.0, 0.0, 1.0]",187.490,194.119,1.68,ok,
eval_MoTaTiZrHf-HEA-DDRX-1100C_TEM_DislocationCharacterization_0#30,eval_MoTaTiZrHf-HEA-DDRX-1100C_TEM_DislocationCharacterization_0,DislocationCharacterization,MoTaTiZrHf-HEA-DDRX-1100C_TEM_DislocationCharacterization,core,matchanything,direct,none,0,2192,2048,2192,2048,17,461,184,affine,"[1.0, -0.0, 0.0, 0.0, 1.0, 0.0, 0.0, 0.0, 1.0]",187.492,194.119,1.85,ok,
eval_MoTaTiZrHf-HEA-DDRX-1100C_TEM_DislocationCharacterization_0#31,eval_MoTaTiZrHf-HEA-DDRX-1100C_TEM_DislocationCharacterization_0,DislocationCharacterization,MoTaTiZrHf-HEA-DDRX-1100C_TEM_DislocationCharacterization,core,matchanything,direct,none,0,2192,2048,2192,2048,17,1330,496,affine,"[1.0, 0.0, 0.0, -0.0, 1.0, 0.0, 0.0, 0.0, 1.0]",187.492,194.119,1.78,ok,
eval_MoTaTiZrHf-HEA-DDRX-900C_TEM_DislocationCharacterization_0#0,eval_MoTaTiZrHf-HEA-DDRX-900C_TEM_DislocationCharacterization_0,DislocationCharacterization,MoTaTiZrHf-HEA-DDRX-900C_TEM_DislocationCharacterization,core,matchanything,direct,none,0,2192,2048,2192,2048,13,2033,475,affine,"[1.0, -0.0, 0.0, 0.0, 1.0, 0.0, 0.0, 0.0, 1.0]",59.227,59.467,1.77,ok,
eval_MoTaTiZrHf-HEA-DDRX-900C_TEM_DislocationCharacterization_0#1,eval_MoTaTiZrHf-HEA-DDRX-900C_TEM_DislocationCharacterization_0,DislocationCharacterization,MoTaTiZrHf-HEA-DDRX-900C_TEM_DislocationCharacterization,core,matchanything,direct,none,0,2192,2048,2192,2048,13,717,219,affine,"[1.0, 0.0, 0.0, -0.0, 1.0, 0.0, 0.0, 0.0, 1.0]",59.227,59.467,1.75,ok,
eval_MoTaTiZrHf-HEA-DDRX-900C_TEM_DislocationCharacterization_0#2,eval_MoTaTiZrHf-HEA-DDRX-900C_TEM_DislocationCharacterization_0,DislocationCharacterization,MoTaTiZrHf-HEA-DDRX-900C_TEM_DislocationCharacterization,core,matchanything,direct,none,0,2192,2048,2192,2048,13,935,252,affine,"[1.0, 0.0, 0.0, -0.0, 1.0, 0.0, 0.0, 0.0, 1.0]",59.227,59.467,1.77,ok,
eval_MoTaTiZrHf-HEA-DDRX-900C_TEM_DislocationCharacterization_0#3,eval_MoTaTiZrHf-HEA-DDRX-900C_TEM_DislocationCharacterization_0,DislocationCharacterization,MoTaTiZrHf-HEA-DDRX-900C_TEM_DislocationCharacterization,core,matchanything,direct,none,0,2192,2048,2192,2048,13,663,222,affine,"[1.0, -0.0, 0.0, 0.0, 1.0, 0.0, 0.0, 0.0, 1.0]",59.227,59.467,2.80,ok,
eval_MoTaTiZrHf-HEA-DDRX-900C_TEM_DislocationCharacterization_0#4,eval_MoTaTiZrHf-HEA-DDRX-900C_TEM_DislocationCharacterization_0,DislocationCharacterization,MoTaTiZrHf-HEA-DDRX-900C_TEM_DislocationCharacterization,core,matchanything,direct,none,0,2192,2048,2192,2048,13,962,225,affine,"[1.0, -0.0, 0.0, 0.0, 1.000006453375438, -0.01312566934871029, 0.0, 0.0, 1.0]",59.228,59.470,1.75,ok,
eval_MoTaTiZrHf-HEA-DDRX-900C_TEM_DislocationCharacterization_0#5,eval_MoTaTiZrHf-HEA-DDRX-900C_TEM_DislocationCharacterization_0,DislocationCharacterization,MoTaTiZrHf-HEA-DDRX-900C_TEM_DislocationCharacterization,core,matchanything,direct,none,0,2192,2048,2192,2048,13,1176,402,affine,"[1.0, 0.0, 0.0, -0.0, 1.000001824867469, -0.0037501026486097544, 0.0, 0.0, 1.0]",59.227,59.468,1.88,ok,
eval_MoTaTiZrHf-HEA-DDRX-900C_TEM_DislocationCharacterization_0#6,eval_MoTaTiZrHf-HEA-DDRX-900C_TEM_DislocationCharacterization_0,DislocationCharacterization,MoTaTiZrHf-HEA-DDRX-900C_TEM_DislocationCharacterization,core,matchanything,direct,none,0,2192,2048,2192,2048,13,1238,396,affine,"[1.0, 0.0, 0.0, -0.0, 1.0, 0.0, 0.0, 0.0, 1.0]",59.227,59.467,1.75,ok,
eval_MoTaTiZrHf-HEA-DDRX-900C_TEM_DislocationCharacterization_0#7,eval_MoTaTiZrHf-HEA-DDRX-900C_TEM_DislocationCharacterization_0,DislocationCharacterization,MoTaTiZrHf-HEA-DDRX-900C_TEM_DislocationCharacterization,core,matchanything,direct,none,0,2192,2048,2192,2048,13,1117,236,affine,"[1.0, -0.0, 0.0, 0.0, 1.0, 0.0, 0.0, 0.0, 1.0]",59.227,59.467,1.80,ok,
eval_MoTaTiZrHf-HEA-DDRX-900C_TEM_DislocationCharacterization_0#8,eval_MoTaTiZrHf-HEA-DDRX-900C_TEM_DislocationCharacterization_0,DislocationCharacterization,MoTaTiZrHf-HEA-DDRX-900C_TEM_DislocationCharacterization,core,matchanything,direct,none,0,2192,2048,2192,2048,13,747,254,affine,"[1.0, -0.0, 0.0, 0.0, 0.9999996531958695, 0.0007273016030922008, 0.0, 0.0, 1.0]",59.226,59.467,1.76,ok,
eval_MoTaTiZrHf-HEA-DDRX-900C_TEM_DislocationCharacterization_0#9,eval_MoTaTiZrHf-HEA-DDRX-900C_TEM_DislocationCharacterization_0,DislocationCharacterization,MoTaTiZrHf-HEA-DDRX-900C_TEM_DislocationCharacterization,core,matchanything,direct,none,0,2192,2048,2192,2048,13,1132,403,affine,"[1.0, 0.0, 0.0, -0.0, 0.9999982296905676, 0.003749923811028566, 0.0, 0.0, 1.0]",59.226,59.466,1.68,ok,
eval_MoTaTiZrHf-HEA-DDRX-900C_TEM_DislocationCharacterization_0#10,eval_MoTaTiZrHf-HEA-DDRX-900C_TEM_DislocationCharacterization_0,DislocationCharacterization,MoTaTiZrHf-HEA-DDRX-900C_TEM_DislocationCharacterization,core,matchanything,direct,none,0,2192,2048,2192,2048,13,1542,399,affine,"[1.0, 0.0, 0.0, -0.0, 1.0, 0.0, 0.0, 0.0, 1.0]",59.227,59.467,1.78,ok,
eval_MoTaTiZrHf-HEA-DDRX-900C_TEM_DislocationCharacterization_0#11,eval_MoTaTiZrHf-HEA-DDRX-900C_TEM_DislocationCharacterization_0,DislocationCharacterization,MoTaTiZrHf-HEA-DDRX-900C_TEM_DislocationCharacterization,core,matchanything,direct,none,0,2192,2048,2192,2048,13,1418,229,affine,"[1.0, -0.0, 0.0, 0.0, 0.9999967624862811, 0.006857800992747798, 0.0, 0.0, 1.0]",59.225,59.466,1.67,ok,
eval_MoTaTiZrHf-HEA-DDRX-900C_TEM_DislocationCharacterization_0#12,eval_MoTaTiZrHf-HEA-DDRX-900C_TEM_DislocationCharacterization_0,DislocationCharacterization,MoTaTiZrHf-HEA-DDRX-900C_TEM_DislocationCharacterization,core,matchanything,direct,none,0,2192,2048,2192,2048,13,616,209,affine,"[1.0, 0.0, 0.0, -0.0, 1.0000011073130275, -0.002345544463423721, 0.0, 0.0, 1.0]",59.227,59.468,2.44,ok,
eval_MoTaTiZrHf-HEA-DDRX-900C_TEM_DislocationCharacterization_0#13,eval_MoTaTiZrHf-HEA-DDRX-900C_TEM_DislocationCharacterization_0,DislocationCharacterization,MoTaTiZrHf-HEA-DDRX-900C_TEM_DislocationCharacterization,core,matchanything,direct,none,0,2192,2048,2192,2048,13,805,228,affine,"[1.0, 0.0, 0.0, -0.0, 1.0, 0.0, 0.0, 0.0, 1.0]",59.227,59.467,2.18,ok,
eval_MoTaTiZrHf-HEA-DDRX-900C_TEM_DislocationCharacterization_0#14,eval_MoTaTiZrHf-HEA-DDRX-900C_TEM_DislocationCharacterization_0,DislocationCharacterization,MoTaTiZrHf-HEA-DDRX-900C_TEM_DislocationCharacterization,core,matchanything,direct,none,0,2192,2048,2192,2048,13,1194,237,affine,"[1.0, 0.0, 0.0, -0.0, 1.00000230775799, -0.004839723458189837, 0.0, 0.0, 1.0]",59.227,59.468,1.78,ok,
eval_MoTaTiZrHf-HEA-DDRX-900C_TEM_DislocationCharacterization_0#15,eval_MoTaTiZrHf-HEA-DDRX-900C_TEM_DislocationCharacterization_0,DislocationCharacterization,MoTaTiZrHf-HEA-DDRX-900C_TEM_DislocationCharacterization,core,matchanything,direct,none,0,2192,2048,2192,2048,13,976,395,affine,"[1.0, 0.0, 0.0, -0.0, 1.000000623629963, -0.0013209921412453696, 0.0, 0.0, 1.0]",59.227,59.468,1.62,ok,
eval_MoTaTiZrHf-HEA-DDRX-900C_TEM_largeFOV-DislocationCharacterization_0#0,eval_MoTaTiZrHf-HEA-DDRX-900C_TEM_largeFOV-DislocationCharacterization_0,DislocationCharacterization,MoTaTiZrHf-HEA-DDRX-900C_TEM_largeFOV-DislocationCharacterization,core,matchanything,direct,none,0,4384,4096,4384,4096,18,2506,483,affine,"[1.0, 0.0, 0.0, -0.0, 1.0, 0.0, 0.0, 0.0, 1.0]",510.141,509.979,2.08,ok,
eval_MoTaTiZrHf-HEA-DDRX-900C_TEM_largeFOV-DislocationCharacterization_0#1,eval_MoTaTiZrHf-HEA-DDRX-900C_TEM_largeFOV-DislocationCharacterization_0,DislocationCharacterization,MoTaTiZrHf-HEA-DDRX-900C_TEM_largeFOV-DislocationCharacterization,core,matchanything,direct,none,0,4384,4096,4384,4096,18,1116,476,affine,"[1.0, -0.0, 0.0, 0.0, 1.0, 0.0, 0.0, 0.0, 1.0]",510.141,509.979,2.12,ok,
eval_MoTaTiZrHf-HEA-DDRX-900C_TEM_largeFOV-DislocationCharacterization_0#2,eval_MoTaTiZrHf-HEA-DDRX-900C_TEM_largeFOV-DislocationCharacterization_0,DislocationCharacterization,MoTaTiZrHf-HEA-DDRX-900C_TEM_largeFOV-DislocationCharacterization,core,matchanything,direct,none,0,4384,4096,4384,4096,18,1140,455,affine,"[1.0, 0.0, 0.0, -0.0, 1.0, 0.0, 0.0, 0.0, 1.0]",510.141,509.979,2.05,ok,
eval_MoTaTiZrHf-HEA-DDRX-900C_TEM_largeFOV-DislocationCharacterization_0#3,eval_MoTaTiZrHf-HEA-DDRX-900C_TEM_largeFOV-DislocationCharacterization_0,DislocationCharacterization,MoTaTiZrHf-HEA-DDRX-900C_TEM_largeFOV-DislocationCharacterization,core,matchanything,direct,none,0,4384,4096,4384,4096,27,2735,476,affine,"[1.0, -0.0, 0.0, 0.0, 1.0, 0.0, 0.0, 0.0, 1.0]",434.076,434.203,2.04,ok,
eval_MoTaTiZrHf-HEA-DDRX-900C_TEM_largeFOV-DislocationCharacterization_0#4,eval_MoTaTiZrHf-HEA-DDRX-900C_TEM_largeFOV-DislocationCharacterization_0,DislocationCharacterization,MoTaTiZrHf-HEA-DDRX-900C_TEM_largeFOV-DislocationCharacterization,core,matchanything,direct,none,0,4384,4096,4384,4096,27,1169,452,affine,"[1.0, 0.0, 0.0, -0.0, 1.0, 0.0, 0.0, 0.0, 1.0]",434.076,434.203,2.07,ok,
eval_MoTaTiZrHf-HEA-DDRX-900C_TEM_largeFOV-DislocationCharacterization_0#5,eval_MoTaTiZrHf-HEA-DDRX-900C_TEM_largeFOV-DislocationCharacterization_0,DislocationCharacterization,MoTaTiZrHf-HEA-DDRX-900C_TEM_largeFOV-DislocationCharacterization,core,matchanything,direct,none,0,4384,4096,4384,4096,27,1215,459,affine,"[1.0, 0.0, 0.0, -0.0, 1.0, 0.0, 0.0, 0.0, 1.0]",434.076,434.203,2.06,ok,
eval_MoTaTiZrHf-HEA-DDRX-900C_TEM_largeFOV-DislocationCharacterization_0#6,eval_MoTaTiZrHf-HEA-DDRX-900C_TEM_largeFOV-DislocationCharacterization_0,DislocationCharacterization,MoTaTiZrHf-HEA-DDRX-900C_TEM_largeFOV-DislocationCharacterization,core,matchanything,direct,none,0,4384,4096,4384,4096,18,1140,474,affine,"[1.0, 0.0, 0.0, -0.0, 1.0, 0.0, 0.0, 0.0, 1.0]",510.141,509.979,2.07,ok,
eval_MoTaTiZrHf-HEA-DDRX-900C_TEM_largeFOV-DislocationCharacterization_0#7,eval_MoTaTiZrHf-HEA-DDRX-900C_TEM_largeFOV-DislocationCharacterization_0,DislocationCharacterization,MoTaTiZrHf-HEA-DDRX-900C_TEM_largeFOV-DislocationCharacterization,core,matchanything,direct,none,0,4384,4096,4384,4096,18,1557,458,affine,"[0.9999999999999999, -0.0, 1.1368683772161603e-13, 0.0, 0.9999999999999999, 9.094947017729282e-13, 0.0, 0.0, 1.0]",510.141,509.979,1.98,ok,
eval_MoTaTiZrHf-HEA-DDRX-900C_TEM_largeFOV-DislocationCharacterization_0#8,eval_MoTaTiZrHf-HEA-DDRX-900C_TEM_largeFOV-DislocationCharacterization_0,DislocationCharacterization,MoTaTiZrHf-HEA-DDRX-900C_TEM_largeFOV-DislocationCharacterization,core,matchanything,direct,none,0,4384,4096,4384,4096,18,2151,475,affine,"[0.9999999999999999, -0.0, 2.2737367544323206e-13, 0.0, 1.0000002671020787, -0.001086530173324718, 0.0, 0.0, 1.0]",510.141,509.979,1.92,ok,
eval_MoTaTiZrHf-HEA-DDRX-900C_TEM_largeFOV-DislocationCharacterization_0#9,eval_MoTaTiZrHf-HEA-DDRX-900C_TEM_largeFOV-DislocationCharacterization_0,DislocationCharacterization,MoTaTiZrHf-HEA-DDRX-900C_TEM_largeFOV-DislocationCharacterization,core,matchanything,direct,none,0,4384,4096,4384,4096,27,1177,446,affine,"[0.9999999999999999, 0.0, 4.547473508864641e-13, -0.0, 0.9999999999999999, 9.094947017729282e-13, 0.0, 0.0, 1.0]",434.076,434.203,2.48,ok,
eval_MoTaTiZrHf-HEA-DDRX-900C_TEM_largeFOV-DislocationCharacterization_0#10,eval_MoTaTiZrHf-HEA-DDRX-900C_TEM_largeFOV-DislocationCharacterization_0,DislocationCharacterization,MoTaTiZrHf-HEA-DDRX-900C_TEM_largeFOV-DislocationCharacterization,core,matchanything,direct,none,0,4384,4096,4384,4096,27,2570,447,affine,"[1.0, -0.0, 0.0, 0.0, 1.0, 0.0, 0.0, 0.0, 1.0]",434.076,434.203,2.06,ok,
eval_MoTaTiZrHf-HEA-DDRX-900C_TEM_largeFOV-DislocationCharacterization_0#11,eval_MoTaTiZrHf-HEA-DDRX-900C_TEM_largeFOV-DislocationCharacterization_0,DislocationCharacterization,MoTaTiZrHf-HEA-DDRX-900C_TEM_largeFOV-DislocationCharacterization,core,matchanything,direct,none,0,4384,4096,4384,4096,27,2400,489,affine,"[1.0, 0.0, 0.0, -0.0, 1.0, 0.0, 0.0, 0.0, 1.0]",434.076,434.203,2.05,ok,
eval_MoTaTiZrHf-HEA-DDRX-900C_TEM_largeFOV-DislocationCharacterization_0#12,eval_MoTaTiZrHf-HEA-DDRX-900C_TEM_largeFOV-DislocationCharacterization_0,DislocationCharacterization,MoTaTiZrHf-HEA-DDRX-900C_TEM_largeFOV-DislocationCharacterization,core,matchanything,direct,none,0,4384,4096,4384,4096,18,1333,473,affine,"[1.0000000113819456, 2.4707028132659817e-06, -0.010191562773343321, -7.050452980482583e-09, 0.999999975196388, 0.0003096580921919667, 0.0, 0.0, 1.0]",510.142,509.980,3.05,ok,
eval_MoTaTiZrHf-HEA-DDRX-900C_TEM_largeFOV-DislocationCharacterization_0#13,eval_MoTaTiZrHf-HEA-DDRX-900C_TEM_largeFOV-DislocationCharacterization_0,DislocationCharacterization,MoTaTiZrHf-HEA-DDRX-900C_TEM_largeFOV-DislocationCharacterization,core,matchanything,direct,none,0,4384,4096,4384,4096,18,1634,481,affine,"[1.0, -0.0, 0.0, 0.0, 1.0, 0.0, 0.0, 0.0, 1.0]",510.141,509.979,2.06,ok,
eval_MoTaTiZrHf-HEA-DDRX-900C_TEM_largeFOV-DislocationCharacterization_0#14,eval_MoTaTiZrHf-HEA-DDRX-900C_TEM_largeFOV-DislocationCharacterization_0,DislocationCharacterization,MoTaTiZrHf-HEA-DDRX-900C_TEM_largeFOV-DislocationCharacterization,core,matchanything,direct,none,0,4384,4096,4384,4096,18,2295,481,affine,"[1.0, -0.0, 0.0, 0.0, 1.0, 0.0, 0.0, 0.0, 1.0]",510.141,509.979,2.04,ok,
eval_MoTaTiZrHf-HEA-DDRX-900C_TEM_largeFOV-DislocationCharacterization_0#15,eval_MoTaTiZrHf-HEA-DDRX-900C_TEM_largeFOV-DislocationCharacterization_0,DislocationCharacterization,MoTaTiZrHf-HEA-DDRX-900C_TEM_largeFOV-DislocationCharacterization,core,matchanything,direct,none,0,4384,4096,4384,4096,27,1295,470,affine,"[1.0, -0.0, 0.0, 0.0, 1.0, 0.0, 0.0, 0.0, 1.0]",434.076,434.203,2.27,ok,
eval_MoTaTiZrHf-HEA-DDRX-900C_TEM_largeFOV-DislocationCharacterization_0#16,eval_MoTaTiZrHf-HEA-DDRX-900C_TEM_largeFOV-DislocationCharacterization_0,DislocationCharacterization,MoTaTiZrHf-HEA-DDRX-900C_TEM_largeFOV-DislocationCharacterization,core,matchanything,direct,none,0,4384,4096,4384,4096,27,2247,482,affine,"[1.0, -0.0, 0.0, 0.0, 0.9999989098500499, 0.004526470267592231, 0.0, 0.0, 1.0]",434.074,434.200,1.92,ok,
eval_MoTaTiZrHf-HEA-DDRX-900C_TEM_largeFOV-DislocationCharacterization_0#17,eval_MoTaTiZrHf-HEA-DDRX-900C_TEM_largeFOV-DislocationCharacterization_0,DislocationCharacterization,MoTaTiZrHf-HEA-DDRX-900C_TEM_largeFOV-DislocationCharacterization,core,matchanything,direct,none,0,4384,4096,4384,4096,27,2504,492,affine,"[1.0, -0.0, 0.0, 0.0, 1.0000073290678158, -0.030122468722765916, 0.0, 0.0, 1.0]",434.091,434.219,1.96,ok,
eval_TRIP1-Bainitic_LOM_SEM_EBSD_Multiscale_0#0,eval_TRIP1-Bainitic_LOM_SEM_EBSD_Multiscale_0,Multiscale,TRIP1-Bainitic_LOM_SEM_EBSD_Multiscale,core,matchanything,direct,none,0,1468,1469,3479,3255,51,5879,72,homography,"[0.39490943330384354, 0.16360579641259196, -131.13653998298267, -0.09898036707503359, 0.42577188981304265, 111.60048157570439, 7.059340508560465e-06, 1.0704387121525992e-05, 0.9999999999999999]",99.523,92.272,1.84,ok,
eval_TRIP1-Bainitic_LOM_SEM_EBSD_Multiscale_0#1,eval_TRIP1-Bainitic_LOM_SEM_EBSD_Multiscale_0,Multiscale,TRIP1-Bainitic_LOM_SEM_EBSD_Multiscale,core,matchanything,direct,none,0,1468,1469,1506,1530,46,8353,2805,affine,"[0.9601653339848859, -0.00021635908461092477, 0.25100484633060205, 5.807839091970619e-05, 0.9624344495388961, 15.377233524129679, 0.0, 0.0, 1.0]",4.189,3.942,1.10,ok,
eval_TRIP1-Bainitic_LOM_SEM_EBSD_Multiscale_0#2,eval_TRIP1-Bainitic_LOM_SEM_EBSD_Multiscale_0,Multiscale,TRIP1-Bainitic_LOM_SEM_EBSD_Multiscale,core,matchanything,direct,none,0,1468,1469,1443,1469,53,8125,724,affine,"[1.0, -0.0, 0.0, 0.001483616640619789, 0.9690397609597409, 25.79801378424827, 0.0, 0.0, 1.0]",13.892,13.642,1.24,ok,
eval_TRIP1-Bainitic_LOM_SEM_EBSD_Multiscale_0#3,eval_TRIP1-Bainitic_LOM_SEM_EBSD_Multiscale_0,Multiscale,TRIP1-Bainitic_LOM_SEM_EBSD_Multiscale,core,matchanything,direct,none,0,3479,3255,2452,2230,54,125,4,affine,"[-1.4952917212773853, -3.587280519232542, 3834.7167553144673, -1.21721893374648, -0.2718003723365313, 3718.610593308777, 0.0, 0.0, 1.0]",3882.373,3582.343,1.45,ok,
eval_TRIP1-Bainitic_LOM_SEM_EBSD_Multiscale_0#4,eval_TRIP1-Bainitic_LOM_SEM_EBSD_Multiscale_0,Multiscale,TRIP1-Bainitic_LOM_SEM_EBSD_Multiscale,core,matchanything,direct,none,0,3479,3255,2452,2231,54,163,4,affine,"[0.9071779550164714, 0.3802477379865546, -624.2642143553444, -2.9147497559229927, 0.7233108112354983, 5277.600195627661, 0.0, 0.0, 1.0]",1343.111,1310.087,1.43,ok,
eval_TRIP1-Bainitic_LOM_SEM_EBSD_Multiscale_0#5,eval_TRIP1-Bainitic_LOM_SEM_EBSD_Multiscale_0,Multiscale,TRIP1-Bainitic_LOM_SEM_EBSD_Multiscale,core,matchanything,direct,none,0,3479,3255,2452,2226,54,118,4,affine,"[0.19716493491010934, 0.6465457025306662, 1029.302616985892, 0.5720592998631067, 1.7970308444309662, 697.8966045743141, 0.0, 0.0, 1.0]",2339.856,2263.325,1.63,ok,
eval_TRIP1-Bainitic_LOM_SEM_EBSD_Multiscale_0#6,eval_TRIP1-Bainitic_LOM_SEM_EBSD_Multiscale_0,Multiscale,TRIP1-Bainitic_LOM_SEM_EBSD_Multiscale,core,matchanything,direct,none,0,,,,,54,,,,,,,,failed,only 0 correspondences
eval_Ta-AM-Spalled_SEM-BSE_EBSD_SameSliceSerialSectioning_0#0,eval_Ta-AM-Spalled_SEM-BSE_EBSD_SameSliceSerialSectioning_0,SerialSectioning,Ta-AM-Spalled_SEM-BSE_EBSD_SameSliceSerialSectioning,core,matchanything,direct,none,0,4096,6144,689,709,14,13,5,homography,"[-1.3969124529756884, -6.139327170016685, 3786.798360345331, -1.1121033617773919, -5.751200473693382, 3465.9752596372346, -0.0003425099245862357, -0.0016446971154552691, 1.0]",2500.395,2289.697,1.58,ok,
eval_Ta-AM-Spalled_SEM-BSE_EBSD_SameSliceSerialSectioning_0#1,eval_Ta-AM-Spalled_SEM-BSE_EBSD_SameSliceSerialSectioning_0,SerialSectioning,Ta-AM-Spalled_SEM-BSE_EBSD_SameSliceSerialSectioning,core,matchanything,direct,none,0,4096,6144,689,709,14,113,7,affine,"[0.0, 0.0, 3928.615478515625, -0.07025909492778344, 6.710316773057982, -376.8691368969389, 0.0, 0.0, 1.0]",1218.886,1151.276,1.61,ok,
eval_Ta-AM-Spalled_SEM-BSE_EBSD_SameSliceSerialSectioning_0#2,eval_Ta-AM-Spalled_SEM-BSE_EBSD_SameSliceSerialSectioning_0,SerialSectioning,Ta-AM-Spalled_SEM-BSE_EBSD_SameSliceSerialSectioning,core,matchanything,direct,none,0,4096,6144,689,709,14,14,4,affine,"[0.0, -0.0, 2865.230712890625, 4.5684523809523805, 6.325892857142857, -1469.3007928757438, 0.0, 0.0, 1.0]",1302.516,1443.519,1.75,ok,
eval_Ta-AM-Spalled_SEM-BSE_EBSD_SameSliceSerialSectioning_1#0,eval_Ta-AM-Spalled_SEM-BSE_EBSD_SameSliceSerialSectioning_1,SerialSectioning,Ta-AM-Spalled_SEM-BSE_EBSD_SameSliceSerialSectioning,core,matchanything,direct,none,0,4096,6144,667,709,15,111,7,homography,"[34.899163030441954, 14.497099381935591, 697.4328679888126, 21.620230134543675, 80.4392245588453, -19299.843099871057, 0.010499923108877426, 0.01093098099200985, 1.0]",1230.447,1302.167,1.67,ok,
eval_Ta-AM-Spalled_SEM-BSE_EBSD_SameSliceSerialSectioning_1#1,eval_Ta-AM-Spalled_SEM-BSE_EBSD_SameSliceSerialSectioning_1,SerialSectioning,Ta-AM-Spalled_SEM-BSE_EBSD_SameSliceSerialSectioning,core,matchanything,direct,none,0,4096,6144,667,709,15,185,4,affine,"[8.439545156903963, 33.980331879222625, -10072.604088497392, 4.89638737953491e-16, 8.157039839709029, -1011.0842613594994, 0.0, 0.0, 1.0]",5392.609,4511.986,2.16,ok,
eval_Ta-AM-Spalled_SEM-BSE_EBSD_SameSliceSerialSectioning_1#2,eval_Ta-AM-Spalled_SEM-BSE_EBSD_SameSliceSerialSectioning_1,SerialSectioning,Ta-AM-Spalled_SEM-BSE_EBSD_SameSliceSerialSectioning,core,matchanything,direct,none,0,4096,6144,667,709,15,404,3,affine,"[-2.6109837733289796, -11.442620287106578, 7373.640530412448, -0.2281098502926327, 7.489926622039135, -573.5505684586724, 0.0, 0.0, 1.0]",1990.786,1263.283,1.70,ok,
eval_Ta-AM-Spalled_SEM-BSE_EBSD_SameSliceSerialSectioning_2#0,eval_Ta-AM-Spalled_SEM-BSE_EBSD_SameSliceSerialSectioning_2,SerialSectioning,Ta-AM-Spalled_SEM-BSE_EBSD_SameSliceSerialSectioning,core,matchanything,direct,none,0,4096,6144,667,709,19,96,5,homography,"[1.3289345174106595, -0.5145539096198735, 1360.908487819108, -2.6982299449432974, 4.897223825916635, 243.7294488859549, -0.001638934996884266, 8.763215204379829e-05, 1.0]",9276.780,426.201,1.61,ok,
eval_Ta-AM-Spalled_SEM-BSE_EBSD_SameSliceSerialSectioning_2#1,eval_Ta-AM-Spalled_SEM-BSE_EBSD_SameSliceSerialSectioning_2,SerialSectioning,Ta-AM-Spalled_SEM-BSE_EBSD_SameSliceSerialSectioning,core,matchanything,direct,none,0,4096,6144,667,709,19,174,6,homography,"[4.370090129842332, 0.11878736396798452, 1203.0379151948064, -0.047882568287293197, 6.677003706671583, -101.33456568520505, -0.00012668033690185654, 0.00010776106159952882, 1.0]",221.170,213.336,1.55,ok,
eval_Ta-AM-Spalled_SEM-BSE_EBSD_SameSliceSerialSectioning_2#2,eval_Ta-AM-Spalled_SEM-BSE_EBSD_SameSliceSerialSectioning_2,SerialSectioning,Ta-AM-Spalled_SEM-BSE_EBSD_SameSliceSerialSectioning,core,matchanything,direct,none,0,4096,6144,667,709,19,638,5,affine,"[-8.785135966322139, -8.977963812373275, 8098.28456738344, 0.3886986301369863, 8.467079397655901, -1044.540126318535, 0.0, 0.0, 1.0]",2895.323,2260.325,2.07,ok,
eval_Ti3AlC2-MAX-Phase_TEM_DislocationCharacterization_0#0,eval_Ti3AlC2-MAX-Phase_TEM_DislocationCharacterization_0,DislocationCharacterization,Ti3AlC2-MAX-Phase_TEM_DislocationCharacterization,core,matchanything,direct,none,0,294,293,294,292,46,1948,253,homography,"[0.8676897020703713, 0.22275594248709069, -20.676714992076878, 0.03433045628353114, 1.0195594360794304, -70.32467023442555, 0.00013288869455394908, -1.0982169614699504e-05, 1.0]",34.904,37.387,1.75,ok,
eval_Ti3AlC2-MAX-Phase_TEM_DislocationCharacterization_0#1,eval_Ti3AlC2-MAX-Phase_TEM_DislocationCharacterization_0,DislocationCharacterization,Ti3AlC2-MAX-Phase_TEM_DislocationCharacterization,core,matchanything,direct,none,0,294,294,294,293,47,3121,994,affine,"[0.9920584378016523, 0.009133385351421112, 0.6616246023167207, -0.0031350601407447646, 0.9992211551572033, 0.624849510137949, 0.0, 0.0, 1.0]",2.174,1.816,1.48,ok,
eval_Ti3AlC2-MAX-Phase_TEM_DislocationCharacterization_0#2,eval_Ti3AlC2-MAX-Phase_TEM_DislocationCharacterization_0,DislocationCharacterization,Ti3AlC2-MAX-Phase_TEM_DislocationCharacterization,core,matchanything,direct,none,0,293,294,294,293,38,1399,163,affine,"[0.4543516581620526, -0.1111645540949636, 52.328404032344814, 0.010557563322473887, 0.6004799356501339, 86.53214265795275, 0.0, 0.0, 1.0]",12.330,10.746,1.30,ok,
eval_X2CrNi12-Ferritic_SEM-SE-Stitch_EBSD_Fatigue-SameSlice_0#0,eval_X2CrNi12-Ferritic_SEM-SE-Stitch_EBSD_Fatigue-SameSlice_0,SameSlice,X2CrNi12-Ferritic_SEM-SE-Stitch_EBSD_Fatigue-SameSlice,core,matchanything,direct,none,0,4550,7000,4598,7000,59,5000,121,affine,"[0.999999976379129, -1.601450138165297, 834.616362804285, 1.4311532694627853e-18, 1.0005355226516675, -8.41042216711162, 0.0, 0.0, 1.0]",2598.184,2665.480,2.14,ok,
eval_X2CrNi12-Ferritic_SEM-SE-Stitch_EBSD_Fatigue-SameSlice_0#1,eval_X2CrNi12-Ferritic_SEM-SE-Stitch_EBSD_Fatigue-SameSlice_0,SameSlice,X2CrNi12-Ferritic_SEM-SE-Stitch_EBSD_Fatigue-SameSlice,core,matchanything,direct,none,0,4598,7000,1316,2048,100,86,4,affine,"[-1.6862364275591257, -2.294806401523024, 4910.342974053849, 0.34222450448664427, 2.348821610726411, 827.9218229884632, 0.0, 0.0, 1.0]",3162.517,2890.792,1.50,ok,
eval_X2CrNi12-Ferritic_SEM-SE-Stitch_EBSD_Fatigue-SameSlice_0#2,eval_X2CrNi12-Ferritic_SEM-SE-Stitch_EBSD_Fatigue-SameSlice_0,SameSlice,X2CrNi12-Ferritic_SEM-SE-Stitch_EBSD_Fatigue-SameSlice,core,matchanything,direct,none,0,4598,7000,1316,2048,100,420,6,affine,"[3.417950772792027, -0.2879909126838454, 531.3592480426187, -9.300392505534284e-13, 3.111516063727948, 526.2501435911745, 0.0, 0.0, 1.0]",210.938,200.006,1.75,ok,
eval_X2CrNi12-Ferritic_SEM-SE-Stitch_EBSD_Fatigue-SameSlice_0#3,eval_X2CrNi12-Ferritic_SEM-SE-Stitch_EBSD_Fatigue-SameSlice_0,SameSlice,X2CrNi12-Ferritic_SEM-SE-Stitch_EBSD_Fatigue-SameSlice,core,matchanything,direct,none,0,4550,7000,1316,2048,129,56,5,homography,"[-0.27264306051396386, -1.3091524273824924, 1421.5314937830624, -0.5657308827129053, -1.3407135888648347, 2024.0298688123498, -0.00023956098989078714, -0.0008046971722802558, 1.0]",10330.175,2528.654,1.63,ok,
eval_X2CrNi12-Ferritic_SEM-SE-Stitch_EBSD_Fatigue-SameSlice_0#4,eval_X2CrNi12-Ferritic_SEM-SE-Stitch_EBSD_Fatigue-SameSlice_0,SameSlice,X2CrNi12-Ferritic_SEM-SE-Stitch_EBSD_Fatigue-SameSlice,core,matchanything,direct,none,0,4550,7000,1316,2048,129,115,5,affine,"[3.4179749687296073, -1.0945333751099973, 724.2375194473257, -2.9004677414909996e-13, 2.5399042172762494, 1074.3622058732208, 0.0, 0.0, 1.0]",466.743,418.071,1.66,ok,
