pair_id,group,subclass,backbone,mode,fov_ratio,scale_ratio,n_gt,n_matches,n_inliers,family,runtime_s,mu_ed,med_ed,p1,p3,p5,p10,mu_ed_tps,med_ed_tps,status,error,rung,area_ratio,n_gt_inside
eval_AF9628-Martensitic_SEM-SE-Stitch_EBSD_SameSlice_0#2,SameSlice,AF9628-Martensitic_SEM-SE-Stitch_EBSD_SameSlice,roma,direct,0.7008,0.32023,37,10000,513,affine,3.09,45.314,38.581,0.000,0.000,0.027,0.081,76.664,66.838,ok,,0.5,0.5000,22
eval_AF9628-Martensitic_SEM-SE-Stitch_EBSD_SameSlice_0#2,SameSlice,AF9628-Martensitic_SEM-SE-Stitch_EBSD_SameSlice,roma,pyramid_v2,0.7008,0.32023,37,10000,507,affine@direct,1.40,39.924,34.344,0.000,0.000,0.027,0.081,49.208,41.230,ok,,0.5,0.5000,22
eval_AF9628-Martensitic_SEM-SE-Stitch_EBSD_SameSlice_0#2,SameSlice,AF9628-Martensitic_SEM-SE-Stitch_EBSD_SameSlice,roma,direct,0.4955,0.32023,37,10000,1846,homography,1.02,36.786,29.846,0.000,0.000,0.081,0.216,28.474,23.989,ok,,0.25,0.2500,10
eval_AF9628-Martensitic_SEM-SE-Stitch_EBSD_SameSlice_0#2,SameSlice,AF9628-Martensitic_SEM-SE-Stitch_EBSD_SameSlice,roma,pyramid_v2,0.4955,0.32023,37,10000,2024,affine@direct,2.14,7.953,6.314,0.000,0.243,0.432,0.676,30.312,26.696,ok,,0.25,0.2500,10
eval_AF9628-Martensitic_SEM-SE-Stitch_EBSD_SameSlice_0#2,SameSlice,AF9628-Martensitic_SEM-SE-Stitch_EBSD_SameSlice,roma,direct,0.3134,0.32023,37,10000,104,affine,0.82,767.994,674.021,0.000,0.000,0.000,0.000,718.798,627.653,ok,,0.1,0.1000,7
eval_AF9628-Martensitic_SEM-SE-Stitch_EBSD_SameSlice_0#2,SameSlice,AF9628-Martensitic_SEM-SE-Stitch_EBSD_SameSlice,roma,pyramid_v2,0.3134,0.32023,37,10000,3748,homography@direct+zoom,2.63,10.194,10.284,0.000,0.135,0.270,0.486,22.575,21.254,ok,,0.1,0.1000,7
eval_AF9628-Martensitic_SEM-SE-Stitch_EBSD_SameSlice_0#2,SameSlice,AF9628-Martensitic_SEM-SE-Stitch_EBSD_SameSlice,roma,direct,0.2216,0.32023,37,10000,1089,affine,0.77,25.816,24.420,0.000,0.027,0.108,0.162,76.168,79.214,ok,,0.05,0.0500,3
eval_AF9628-Martensitic_SEM-SE-Stitch_EBSD_SameSlice_0#2,SameSlice,AF9628-Martensitic_SEM-SE-Stitch_EBSD_SameSlice,roma,pyramid_v2,0.2216,0.32023,37,10000,7402,affine@direct+zoom,3.16,8.237,7.779,0.054,0.135,0.243,0.703,25.889,25.497,ok,,0.05,0.0500,3
eval_AF9628-Martensitic_SEM-SE-Stitch_EBSD_SameSlice_0#2,SameSlice,AF9628-Martensitic_SEM-SE-Stitch_EBSD_SameSlice,roma,direct,0.1402,0.32023,37,10000,692,homography,0.76,2445.761,2178.728,0.000,0.000,0.000,0.000,2019.801,1983.547,ok,,0.02,0.0200,1
eval_AF9628-Martensitic_SEM-SE-Stitch_EBSD_SameSlice_0#2,SameSlice,AF9628-Martensitic_SEM-SE-Stitch_EBSD_SameSlice,roma,pyramid_v2,0.1402,0.32023,37,10000,437,homography@direct+zoom,2.22,1768.285,1264.771,0.000,0.000,0.000,0.000,7035.291,6521.701,ok,,0.02,0.0200,1
eval_AF9628-Martensitic_SEM-SE-Stitch_EBSD_SameSlice_1#0,SameSlice,AF9628-Martensitic_SEM-SE-Stitch_EBSD_SameSlice,roma,direct,0.7445,0.35657,39,10000,7281,homography,1.16,5.661,5.537,0.051,0.154,0.436,0.897,6.380,5.975,ok,,0.5,0.5000,18
eval_AF9628-Martensitic_SEM-SE-Stitch_EBSD_SameSlice_1#0,SameSlice,AF9628-Martensitic_SEM-SE-Stitch_EBSD_SameSlice,roma,pyramid_v2,0.7445,0.35657,39,10000,7350,homography@direct,1.27,5.500,5.045,0.000,0.205,0.487,0.923,6.309,5.643,ok,,0.5,0.5000,18
eval_AF9628-Martensitic_SEM-SE-Stitch_EBSD_SameSlice_1#0,SameSlice,AF9628-Martensitic_SEM-SE-Stitch_EBSD_SameSlice,roma,direct,0.5264,0.35657,39,10000,5162,affine,0.98,5.939,4.381,0.051,0.256,0.538,0.795,15.114,13.241,ok,,0.25,0.2500,10
eval_AF9628-Martensitic_SEM-SE-Stitch_EBSD_SameSlice_1#0,SameSlice,AF9628-Martensitic_SEM-SE-Stitch_EBSD_SameSlice,roma,pyramid_v2,0.5264,0.35657,39,10000,6569,affine@direct+zoom,2.93,6.547,6.336,0.000,0.231,0.385,0.795,13.480,12.766,ok,,0.25,0.2500,10
eval_AF9628-Martensitic_SEM-SE-Stitch_EBSD_SameSlice_1#0,SameSlice,AF9628-Martensitic_SEM-SE-Stitch_EBSD_SameSlice,roma,direct,0.3330,0.35657,39,10000,439,homography,0.83,1550.084,1530.081,0.000,0.000,0.000,0.000,1508.230,1456.079,ok,,0.1,0.1000,3
eval_AF9628-Martensitic_SEM-SE-Stitch_EBSD_SameSlice_1#0,SameSlice,AF9628-Martensitic_SEM-SE-Stitch_EBSD_SameSlice,roma,pyramid_v2,0.3330,0.35657,39,10000,425,homography@direct,1.58,22042.672,2016.732,0.000,0.000,0.000,0.000,2028.467,2111.125,ok,,0.1,0.1000,3
eval_AF9628-Martensitic_SEM-SE-Stitch_EBSD_SameSlice_1#0,SameSlice,AF9628-Martensitic_SEM-SE-Stitch_EBSD_SameSlice,roma,direct,0.2355,0.35657,39,10000,286,affine,0.79,2180.320,2196.913,0.000,0.000,0.000,0.000,2176.238,2249.663,ok,,0.05,0.0500,1
eval_AF9628-Martensitic_SEM-SE-Stitch_EBSD_SameSlice_1#0,SameSlice,AF9628-Martensitic_SEM-SE-Stitch_EBSD_SameSlice,roma,pyramid_v2,0.2355,0.35657,39,10000,1554,homography@direct+zoom,1.45,1710.469,1656.159,0.000,0.000,0.000,0.000,1683.324,1677.340,ok,,0.05,0.0500,1
eval_AF9628-Martensitic_SEM-SE-Stitch_EBSD_SameSlice_1#0,SameSlice,AF9628-Martensitic_SEM-SE-Stitch_EBSD_SameSlice,roma,direct,0.1489,0.35657,39,10000,229,affine,0.76,1588.542,1560.449,0.000,0.000,0.000,0.000,1475.918,1373.626,ok,,0.02,0.0200,0
eval_AF9628-Martensitic_SEM-SE-Stitch_EBSD_SameSlice_1#0,SameSlice,AF9628-Martensitic_SEM-SE-Stitch_EBSD_SameSlice,roma,pyramid_v2,0.1489,0.35657,39,10000,581,homography@direct+zoom,2.85,3912.754,2173.994,0.000,0.000,0.000,0.000,1799.215,1811.773,ok,,0.02,0.0200,0
eval_AF9628-Martensitic_SEM-SE-Stitch_EBSD_SameSlice_1#1,SameSlice,AF9628-Martensitic_SEM-SE-Stitch_EBSD_SameSlice,roma,direct,0.7445,0.35657,39,10000,723,affine,1.18,23.926,22.079,0.000,0.000,0.051,0.077,32.411,28.632,ok,,0.5,0.5000,18
eval_AF9628-Martensitic_SEM-SE-Stitch_EBSD_SameSlice_1#1,SameSlice,AF9628-Martensitic_SEM-SE-Stitch_EBSD_SameSlice,roma,pyramid_v2,0.7445,0.35657,39,10000,832,affine@direct,1.29,20.419,19.960,0.000,0.000,0.000,0.205,45.615,46.503,ok,,0.5,0.5000,18
eval_AF9628-Martensitic_SEM-SE-Stitch_EBSD_SameSlice_1#1,SameSlice,AF9628-Martensitic_SEM-SE-Stitch_EBSD_SameSlice,roma,direct,0.5264,0.35657,39,10000,430,affine,0.99,87.223,85.030,0.000,0.000,0.000,0.026,106.499,87.267,ok,,0.25,0.2500,10
eval_AF9628-Martensitic_SEM-SE-Stitch_EBSD_SameSlice_1#1,SameSlice,AF9628-Martensitic_SEM-SE-Stitch_EBSD_SameSlice,roma,pyramid_v2,0.5264,0.35657,39,10000,509,homography@direct,2.04,144.003,124.709,0.000,0.000,0.000,0.026,170.675,135.831,ok,,0.25,0.2500,10
eval_AF9628-Martensitic_SEM-SE-Stitch_EBSD_SameSlice_1#1,SameSlice,AF9628-Martensitic_SEM-SE-Stitch_EBSD_SameSlice,roma,direct,0.3330,0.35657,39,10000,61,affine,0.82,1886.431,1583.674,0.000,0.000,0.000,0.000,1869.678,1603.243,ok,,0.1,0.1000,3
eval_AF9628-Martensitic_SEM-SE-Stitch_EBSD_SameSlice_1#1,SameSlice,AF9628-Martensitic_SEM-SE-Stitch_EBSD_SameSlice,roma,pyramid_v2,0.3330,0.35657,39,10000,101,affine@direct,1.75,1489.655,1422.031,0.000,0.000,0.000,0.000,1489.406,1393.079,ok,,0.1,0.1000,3
eval_AF9628-Martensitic_SEM-SE-Stitch_EBSD_SameSlice_1#1,SameSlice,AF9628-Martensitic_SEM-SE-Stitch_EBSD_SameSlice,roma,direct,0.2355,0.35657,39,10000,213,homography,0.78,2817.536,1850.928,0.000,0.000,0.000,0.000,1780.943,1706.768,ok,,0.05,0.0500,1
eval_AF9628-Martensitic_SEM-SE-Stitch_EBSD_SameSlice_1#1,SameSlice,AF9628-Martensitic_SEM-SE-Stitch_EBSD_SameSlice,roma,pyramid_v2,0.2355,0.35657,39,10000,5091,affine@direct+zoom,2.91,1629.878,1556.432,0.000,0.000,0.000,0.026,1611.804,1562.228,ok,,0.05,0.0500,1
eval_AF9628-Martensitic_SEM-SE-Stitch_EBSD_SameSlice_1#1,SameSlice,AF9628-Martensitic_SEM-SE-Stitch_EBSD_SameSlice,roma,direct,0.1489,0.35657,39,10000,289,homography,0.76,2471.445,1431.854,0.000,0.000,0.000,0.000,1416.045,1262.227,ok,,0.02,0.0200,0
eval_AF9628-Martensitic_SEM-SE-Stitch_EBSD_SameSlice_1#1,SameSlice,AF9628-Martensitic_SEM-SE-Stitch_EBSD_SameSlice,roma,pyramid_v2,0.1489,0.35657,39,10000,1652,homography@direct+zoom,1.40,2139.079,2194.934,0.000,0.000,0.000,0.000,2173.307,2167.973,ok,,0.02,0.0200,0
eval_AF9628-Martensitic_SEM-SE-Stitch_EBSD_SameSlice_1#2,SameSlice,AF9628-Martensitic_SEM-SE-Stitch_EBSD_SameSlice,roma,direct,0.7445,0.35657,39,10000,2411,affine,1.11,4.958,4.330,0.026,0.231,0.564,0.949,10.342,7.721,ok,,0.5,0.5000,18
eval_AF9628-Martensitic_SEM-SE-Stitch_EBSD_SameSlice_1#2,SameSlice,AF9628-Martensitic_SEM-SE-Stitch_EBSD_SameSlice,roma,pyramid_v2,0.7445,0.35657,39,10000,2407,affine@direct,1.26,4.968,4.362,0.026,0.256,0.564,0.949,12.422,9.862,ok,,0.5,0.5000,18
eval_AF9628-Martensitic_SEM-SE-Stitch_EBSD_SameSlice_1#2,SameSlice,AF9628-Martensitic_SEM-SE-Stitch_EBSD_SameSlice,roma,direct,0.5264,0.35657,39,10000,6860,homography,0.92,5.281,4.224,0.051,0.282,0.513,0.949,12.759,10.362,ok,,0.25,0.2500,10
eval_AF9628-Martensitic_SEM-SE-Stitch_EBSD_SameSlice_1#2,SameSlice,AF9628-Martensitic_SEM-SE-Stitch_EBSD_SameSlice,roma,pyramid_v2,0.5264,0.35657,39,10000,6895,homography@direct,1.91,5.137,4.526,0.051,0.282,0.513,0.949,9.488,7.818,ok,,0.25,0.2500,10
eval_AF9628-Martensitic_SEM-SE-Stitch_EBSD_SameSlice_1#2,SameSlice,AF9628-Martensitic_SEM-SE-Stitch_EBSD_SameSlice,roma,direct,0.3330,0.35657,39,10000,222,homography,0.81,1969.584,1187.921,0.000,0.000,0.000,0.000,865.808,847.454,ok,,0.1,0.1000,3
eval_AF9628-Martensitic_SEM-SE-Stitch_EBSD_SameSlice_1#2,SameSlice,AF9628-Martensitic_SEM-SE-Stitch_EBSD_SameSlice,roma,pyramid_v2,0.3330,0.35657,39,10000,268,affine@direct,1.52,996.147,962.627,0.000,0.000,0.000,0.000,960.138,955.901,ok,,0.1,0.1000,3
eval_AF9628-Martensitic_SEM-SE-Stitch_EBSD_SameSlice_1#2,SameSlice,AF9628-Martensitic_SEM-SE-Stitch_EBSD_SameSlice,roma,direct,0.2355,0.35657,39,10000,262,affine,0.72,1500.861,1474.554,0.000,0.000,0.000,0.000,1423.975,1472.076,ok,,0.05,0.0500,1
eval_AF9628-Martensitic_SEM-SE-Stitch_EBSD_SameSlice_1#2,SameSlice,AF9628-Martensitic_SEM-SE-Stitch_EBSD_SameSlice,roma,pyramid_v2,0.2355,0.35657,39,10000,286,affine@direct,1.48,1383.331,1444.644,0.000,0.000,0.000,0.000,1340.149,1296.713,ok,,0.05,0.0500,1
eval_AF9628-Martensitic_SEM-SE-Stitch_EBSD_SameSlice_1#2,SameSlice,AF9628-Martensitic_SEM-SE-Stitch_EBSD_SameSlice,roma,direct,0.1489,0.35657,39,10000,185,affine,0.70,1715.941,1687.991,0.000,0.000,0.000,0.000,1788.250,1707.801,ok,,0.02,0.0200,0
eval_AF9628-Martensitic_SEM-SE-Stitch_EBSD_SameSlice_1#2,SameSlice,AF9628-Martensitic_SEM-SE-Stitch_EBSD_SameSlice,roma,pyramid_v2,0.1489,0.35657,39,10000,1619,homography@direct+zoom,1.37,1674.434,1712.444,0.000,0.000,0.000,0.000,1576.556,1668.235,ok,,0.02,0.0200,0
eval_AF9628-Martensitic_SEM-SE-Stitch_EBSD_SameSlice_2#0,SameSlice,AF9628-Martensitic_SEM-SE-Stitch_EBSD_SameSlice,roma,direct,0.6467,0.35658,37,10000,8779,homography,1.20,5.106,5.025,0.027,0.135,0.486,0.946,5.842,5.224,ok,,0.5,0.5001,20
eval_AF9628-Martensitic_SEM-SE-Stitch_EBSD_SameSlice_2#0,SameSlice,AF9628-Martensitic_SEM-SE-Stitch_EBSD_SameSlice,roma,pyramid_v2,0.6467,0.35658,37,10000,8874,homography@direct,1.30,4.907,4.770,0.000,0.216,0.541,0.973,5.813,5.596,ok,,0.5,0.5001,20
eval_AF9628-Martensitic_SEM-SE-Stitch_EBSD_SameSlice_2#0,SameSlice,AF9628-Martensitic_SEM-SE-Stitch_EBSD_SameSlice,roma,direct,0.4573,0.35658,37,10000,3482,homography,1.00,13.141,9.157,0.000,0.054,0.135,0.541,12.295,8.883,ok,,0.25,0.2500,11
eval_AF9628-Martensitic_SEM-SE-Stitch_EBSD_SameSlice_2#0,SameSlice,AF9628-Martensitic_SEM-SE-Stitch_EBSD_SameSlice,roma,pyramid_v2,0.4573,0.35658,37,10000,8619,affine@direct+zoom,4.19,5.291,5.572,0.027,0.108,0.459,0.973,11.087,8.400,ok,,0.25,0.2500,11
eval_AF9628-Martensitic_SEM-SE-Stitch_EBSD_SameSlice_2#0,SameSlice,AF9628-Martensitic_SEM-SE-Stitch_EBSD_SameSlice,roma,direct,0.2892,0.35658,37,10000,76,affine,0.85,2303.435,2197.783,0.000,0.000,0.000,0.000,2273.812,2188.782,ok,,0.1,0.1000,6
eval_AF9628-Martensitic_SEM-SE-Stitch_EBSD_SameSlice_2#0,SameSlice,AF9628-Martensitic_SEM-SE-Stitch_EBSD_SameSlice,roma,pyramid_v2,0.2892,0.35658,37,10000,534,homography@direct+zoom,3.32,2341.788,2370.224,0.000,0.000,0.000,0.000,2354.177,2373.021,ok,,0.1,0.1000,6
eval_AF9628-Martensitic_SEM-SE-Stitch_EBSD_SameSlice_2#0,SameSlice,AF9628-Martensitic_SEM-SE-Stitch_EBSD_SameSlice,roma,direct,0.2045,0.35658,37,10000,133,affine,0.81,1933.981,1932.892,0.000,0.000,0.000,0.000,1966.987,1966.882,ok,,0.05,0.0500,3
eval_AF9628-Martensitic_SEM-SE-Stitch_EBSD_SameSlice_2#0,SameSlice,AF9628-Martensitic_SEM-SE-Stitch_EBSD_SameSlice,roma,pyramid_v2,0.2045,0.35658,37,10000,114,homography@direct,1.71,2477.833,2054.141,0.000,0.000,0.000,0.000,5126.701,4604.404,ok,,0.05,0.0500,3
eval_AF9628-Martensitic_SEM-SE-Stitch_EBSD_SameSlice_2#0,SameSlice,AF9628-Martensitic_SEM-SE-Stitch_EBSD_SameSlice,roma,direct,0.1294,0.35658,37,10000,51,affine,0.79,2720.029,2694.660,0.000,0.000,0.000,0.000,2641.296,2687.356,ok,,0.02,0.0200,1
eval_AF9628-Martensitic_SEM-SE-Stitch_EBSD_SameSlice_2#0,SameSlice,AF9628-Martensitic_SEM-SE-Stitch_EBSD_SameSlice,roma,pyramid_v2,0.1294,0.35658,37,10000,354,affine@direct+zoom,2.30,2369.606,2285.929,0.000,0.000,0.000,0.000,2271.323,2318.436,ok,,0.02,0.0200,1
eval_AF9628-Martensitic_SEM-SE-Stitch_EBSD_SameSlice_2#2,SameSlice,AF9628-Martensitic_SEM-SE-Stitch_EBSD_SameSlice,roma,direct,0.6467,0.35658,37,10000,9500,homography,1.16,3.738,3.295,0.054,0.378,0.703,1.000,5.223,4.236,ok,,0.5,0.5001,20
eval_AF9628-Martensitic_SEM-SE-Stitch_EBSD_SameSlice_2#2,SameSlice,AF9628-Martensitic_SEM-SE-Stitch_EBSD_SameSlice,roma,pyramid_v2,0.6467,0.35658,37,10000,9475,homography@direct,1.28,3.749,3.363,0.054,0.378,0.703,1.000,5.157,4.443,ok,,0.5,0.5001,20
eval_AF9628-Martensitic_SEM-SE-Stitch_EBSD_SameSlice_2#2,SameSlice,AF9628-Martensitic_SEM-SE-Stitch_EBSD_SameSlice,roma,direct,0.4573,0.35658,37,10000,8368,homography,0.98,4.594,4.137,0.000,0.216,0.622,1.000,7.444,6.013,ok,,0.25,0.2500,11
eval_AF9628-Martensitic_SEM-SE-Stitch_EBSD_SameSlice_2#2,SameSlice,AF9628-Martensitic_SEM-SE-Stitch_EBSD_SameSlice,roma,pyramid_v2,0.4573,0.35658,37,10000,9446,homography@direct+zoom,3.19,4.332,3.852,0.000,0.189,0.676,1.000,7.656,5.753,ok,,0.25,0.2500,11
eval_AF9628-Martensitic_SEM-SE-Stitch_EBSD_SameSlice_2#2,SameSlice,AF9628-Martensitic_SEM-SE-Stitch_EBSD_SameSlice,roma,direct,0.2892,0.35658,37,10000,431,affine,0.83,42.946,43.273,0.000,0.000,0.000,0.054,91.688,75.135,ok,,0.1,0.1000,6
eval_AF9628-Martensitic_SEM-SE-Stitch_EBSD_SameSlice_2#2,SameSlice,AF9628-Martensitic_SEM-SE-Stitch_EBSD_SameSlice,roma,pyramid_v2,0.2892,0.35658,37,10000,202,homography@direct,1.60,1385.573,1232.419,0.000,0.000,0.000,0.000,1026.886,1037.377,ok,,0.1,0.1000,6
eval_AF9628-Martensitic_SEM-SE-Stitch_EBSD_SameSlice_2#2,SameSlice,AF9628-Martensitic_SEM-SE-Stitch_EBSD_SameSlice,roma,direct,0.2045,0.35658,37,10000,3504,homography,0.80,61.635,54.186,0.000,0.000,0.054,0.135,107.629,92.172,ok,,0.05,0.0500,3
eval_AF9628-Martensitic_SEM-SE-Stitch_EBSD_SameSlice_2#2,SameSlice,AF9628-Martensitic_SEM-SE-Stitch_EBSD_SameSlice,roma,pyramid_v2,0.2045,0.35658,37,10000,8460,homography@direct+zoom,3.27,7.282,6.601,0.000,0.054,0.351,0.757,42.980,40.773,ok,,0.05,0.0500,3
eval_AF9628-Martensitic_SEM-SE-Stitch_EBSD_SameSlice_2#2,SameSlice,AF9628-Martensitic_SEM-SE-Stitch_EBSD_SameSlice,roma,direct,0.1294,0.35658,37,10000,237,homography,0.74,3265.393,2406.043,0.000,0.000,0.000,0.000,12883.492,12832.017,ok,,0.02,0.0200,1
eval_AF9628-Martensitic_SEM-SE-Stitch_EBSD_SameSlice_2#2,SameSlice,AF9628-Martensitic_SEM-SE-Stitch_EBSD_SameSlice,roma,pyramid_v2,0.1294,0.35658,37,10000,234,affine@direct,1.50,2454.747,2400.376,0.000,0.000,0.000,0.000,2351.641,2336.082,ok,,0.02,0.0200,1
eval_AF9628-Martensitic_SEM-SE-Stitch_EBSD_SameSlice_3#0,SameSlice,AF9628-Martensitic_SEM-SE-Stitch_EBSD_SameSlice,roma,direct,,,,,,,,,,,,,,,,skipped,rung_not_below_base,0.5,,
eval_AF9628-Martensitic_SEM-SE-Stitch_EBSD_SameSlice_3#0,SameSlice,AF9628-Martensitic_SEM-SE-Stitch_EBSD_SameSlice,roma,pyramid_v2,,,,,,,,,,,,,,,,skipped,rung_not_below_base,0.5,,
eval_AF9628-Martensitic_SEM-SE-Stitch_EBSD_SameSlice_3#0,SameSlice,AF9628-Martensitic_SEM-SE-Stitch_EBSD_SameSlice,roma,direct,,,,,,,,,,,,,,,,skipped,rung_not_below_base,0.25,,
eval_AF9628-Martensitic_SEM-SE-Stitch_EBSD_SameSlice_3#0,SameSlice,AF9628-Martensitic_SEM-SE-Stitch_EBSD_SameSlice,roma,pyramid_v2,,,,,,,,,,,,,,,,skipped,rung_not_below_base,0.25,,
eval_AF9628-Martensitic_SEM-SE-Stitch_EBSD_SameSlice_3#0,SameSlice,AF9628-Martensitic_SEM-SE-Stitch_EBSD_SameSlice,roma,direct,,,,,,,,,,,,,,,,skipped,rung_not_below_base,0.1,,
eval_AF9628-Martensitic_SEM-SE-Stitch_EBSD_SameSlice_3#0,SameSlice,AF9628-Martensitic_SEM-SE-Stitch_EBSD_SameSlice,roma,pyramid_v2,,,,,,,,,,,,,,,,skipped,rung_not_below_base,0.1,,
eval_AF9628-Martensitic_SEM-SE-Stitch_EBSD_SameSlice_3#0,SameSlice,AF9628-Martensitic_SEM-SE-Stitch_EBSD_SameSlice,roma,direct,,,,,,,,,,,,,,,,skipped,rung_not_below_base,0.05,,
eval_AF9628-Martensitic_SEM-SE-Stitch_EBSD_SameSlice_3#0,SameSlice,AF9628-Martensitic_SEM-SE-Stitch_EBSD_SameSlice,roma,pyramid_v2,,,,,,,,,,,,,,,,skipped,rung_not_below_base,0.05,,
eval_AF9628-Martensitic_SEM-SE-Stitch_EBSD_SameSlice_3#0,SameSlice,AF9628-Martensitic_SEM-SE-Stitch_EBSD_SameSlice,roma,direct,,,,,,,,,,,,,,,,skipped,rung_not_below_base,0.02,,
eval_AF9628-Martensitic_SEM-SE-Stitch_EBSD_SameSlice_3#0,SameSlice,AF9628-Martensitic_SEM-SE-Stitch_EBSD_SameSlice,roma,pyramid_v2,,,,,,,,,,,,,,,,skipped,rung_not_below_base,0.02,,
eval_AF9628-Martensitic_SEM-SE-Stitch_EBSD_SameSlice_3#2,SameSlice,AF9628-Martensitic_SEM-SE-Stitch_EBSD_SameSlice,roma,direct,,,,,,,,,,,,,,,,skipped,rung_not_below_base,0.5,,
eval_AF9628-Martensitic_SEM-SE-Stitch_EBSD_SameSlice_3#2,SameSlice,AF9628-Martensitic_SEM-SE-Stitch_EBSD_SameSlice,roma,pyramid_v2,,,,,,,,,,,,,,,,skipped,rung_not_below_base,0.5,,
eval_AF9628-Martensitic_SEM-SE-Stitch_EBSD_SameSlice_3#2,SameSlice,AF9628-Martensitic_SEM-SE-Stitch_EBSD_SameSlice,roma,direct,,,,,,,,,,,,,,,,skipped,rung_not_below_base,0.25,,
eval_AF9628-Martensitic_SEM-SE-Stitch_EBSD_SameSlice_3#2,SameSlice,AF9628-Martensitic_SEM-SE-Stitch_EBSD_SameSlice,roma,pyramid_v2,,,,,,,,,,,,,,,,skipped,rung_not_below_base,0.25,,
eval_AF9628-Martensitic_SEM-SE-Stitch_EBSD_SameSlice_3#2,SameSlice,AF9628-Martensitic_SEM-SE-Stitch_EBSD_SameSlice,roma,direct,,,,,,,,,,,,,,,,skipped,rung_not_below_base,0.1,,
eval_AF9628-Martensitic_SEM-SE-Stitch_EBSD_SameSlice_3#2,SameSlice,AF9628-Martensitic_SEM-SE-Stitch_EBSD_SameSlice,roma,pyramid_v2,,,,,,,,,,,,,,,,skipped,rung_not_below_base,0.1,,
eval_AF9628-Martensitic_SEM-SE-Stitch_EBSD_SameSlice_3#2,SameSlice,AF9628-Martensitic_SEM-SE-Stitch_EBSD_SameSlice,roma,direct,,,,,,,,,,,,,,,,skipped,rung_not_below_base,0.05,,
eval_AF9628-Martensitic_SEM-SE-Stitch_EBSD_SameSlice_3#2,SameSlice,AF9628-Martensitic_SEM-SE-Stitch_EBSD_SameSlice,roma,pyramid_v2,,,,,,,,,,,,,,,,skipped,rung_not_below_base,0.05,,
eval_AF9628-Martensitic_SEM-SE-Stitch_EBSD_SameSlice_3#2,SameSlice,AF9628-Martensitic_SEM-SE-Stitch_EBSD_SameSlice,roma,direct,,,,,,,,,,,,,,,,skipped,rung_not_below_base,0.02,,
eval_AF9628-Martensitic_SEM-SE-Stitch_EBSD_SameSlice_3#2,SameSlice,AF9628-Martensitic_SEM-SE-Stitch_EBSD_SameSlice,roma,pyramid_v2,,,,,,,,,,,,,,,,skipped,rung_not_below_base,0.02,,
eval_AF9628-Martensitic_SEM-SE-Stitch_EBSD_SameSlice_4#0,SameSlice,AF9628-Martensitic_SEM-SE-Stitch_EBSD_SameSlice,roma,direct,0.7313,0.35637,53,10000,8253,affine,1.17,6.742,4.667,0.075,0.264,0.528,0.792,7.109,6.215,ok,,0.5,0.5001,28
eval_AF9628-Martensitic_SEM-SE-Stitch_EBSD_SameSlice_4#0,SameSlice,AF9628-Martensitic_SEM-SE-Stitch_EBSD_SameSlice,roma,pyramid_v2,0.7313,0.35637,53,10000,8295,affine@direct,1.29,6.682,4.703,0.075,0.264,0.528,0.792,7.923,6.663,ok,,0.5,0.5001,28
eval_AF9628-Martensitic_SEM-SE-Stitch_EBSD_SameSlice_4#0,SameSlice,AF9628-Martensitic_SEM-SE-Stitch_EBSD_SameSlice,roma,direct,0.5171,0.35637,53,10000,6681,affine,1.00,7.893,6.869,0.057,0.283,0.453,0.717,13.212,10.861,ok,,0.25,0.2500,14
eval_AF9628-Martensitic_SEM-SE-Stitch_EBSD_SameSlice_4#0,SameSlice,AF9628-Martensitic_SEM-SE-Stitch_EBSD_SameSlice,roma,pyramid_v2,0.5171,0.35637,53,10000,6767,homography@direct,2.04,8.041,5.615,0.075,0.283,0.453,0.736,16.574,10.807,ok,,0.25,0.2500,14
eval_AF9628-Martensitic_SEM-SE-Stitch_EBSD_SameSlice_4#0,SameSlice,AF9628-Martensitic_SEM-SE-Stitch_EBSD_SameSlice,roma,direct,0.3271,0.35637,53,10000,1225,affine,0.86,27.673,24.019,0.000,0.000,0.000,0.075,128.416,122.244,ok,,0.1,0.1000,7
eval_AF9628-Martensitic_SEM-SE-Stitch_EBSD_SameSlice_4#0,SameSlice,AF9628-Martensitic_SEM-SE-Stitch_EBSD_SameSlice,roma,pyramid_v2,0.3271,0.35637,53,10000,8779,homography@direct+zoom,2.54,9.267,5.603,0.000,0.132,0.415,0.679,24.365,20.030,ok,,0.1,0.1000,7
eval_AF9628-Martensitic_SEM-SE-Stitch_EBSD_SameSlice_4#0,SameSlice,AF9628-Martensitic_SEM-SE-Stitch_EBSD_SameSlice,roma,direct,0.2313,0.35637,53,10000,126,homography,0.81,13023.151,1230.483,0.000,0.000,0.000,0.000,1097.934,888.370,ok,,0.05,0.0500,4
eval_AF9628-Martensitic_SEM-SE-Stitch_EBSD_SameSlice_4#0,SameSlice,AF9628-Martensitic_SEM-SE-Stitch_EBSD_SameSlice,roma,pyramid_v2,0.2313,0.35637,53,10000,2746,homography@direct+zoom,2.16,1724.762,1544.827,0.000,0.000,0.000,0.000,1621.892,1510.297,ok,,0.05,0.0500,4
eval_AF9628-Martensitic_SEM-SE-Stitch_EBSD_SameSlice_4#0,SameSlice,AF9628-Martensitic_SEM-SE-Stitch_EBSD_SameSlice,roma,direct,0.1463,0.35637,53,10000,285,affine,0.74,1336.261,1191.982,0.000,0.000,0.000,0.000,1190.614,1091.393,ok,,0.02,0.0200,4
eval_AF9628-Martensitic_SEM-SE-Stitch_EBSD_SameSlice_4#0,SameSlice,AF9628-Martensitic_SEM-SE-Stitch_EBSD_SameSlice,roma,pyramid_v2,0.1463,0.35637,53,10000,1089,affine@direct+zoom,2.19,1527.776,1321.448,0.000,0.000,0.000,0.000,1474.771,1281.839,ok,,0.02,0.0200,4
eval_AF9628-Martensitic_SEM-SE-Stitch_EBSD_SameSlice_4#1,SameSlice,AF9628-Martensitic_SEM-SE-Stitch_EBSD_SameSlice,roma,direct,0.7313,0.35637,53,10000,1494,affine,1.19,20.413,17.766,0.000,0.000,0.075,0.226,17.387,16.584,ok,,0.5,0.5001,28
eval_AF9628-Martensitic_SEM-SE-Stitch_EBSD_SameSlice_4#1,SameSlice,AF9628-Martensitic_SEM-SE-Stitch_EBSD_SameSlice,roma,pyramid_v2,0.7313,0.35637,53,10000,1493,affine@direct,1.33,20.757,18.070,0.000,0.019,0.057,0.208,31.525,21.052,ok,,0.5,0.5001,28
eval_AF9628-Martensitic_SEM-SE-Stitch_EBSD_SameSlice_4#1,SameSlice,AF9628-Martensitic_SEM-SE-Stitch_EBSD_SameSlice,roma,direct,0.5171,0.35637,53,10000,990,affine,0.98,64.417,63.326,0.000,0.000,0.000,0.113,69.321,61.298,ok,,0.25,0.2500,14
eval_AF9628-Martensitic_SEM-SE-Stitch_EBSD_SameSlice_4#1,SameSlice,AF9628-Martensitic_SEM-SE-Stitch_EBSD_SameSlice,roma,pyramid_v2,0.5171,0.35637,53,10000,926,homography@direct,2.10,154.517,98.750,0.019,0.019,0.038,0.038,54.879,53.424,ok,,0.25,0.2500,14
eval_AF9628-Martensitic_SEM-SE-Stitch_EBSD_SameSlice_4#1,SameSlice,AF9628-Martensitic_SEM-SE-Stitch_EBSD_SameSlice,roma,direct,0.3271,0.35637,53,10000,238,affine,0.82,944.165,938.444,0.000,0.000,0.000,0.000,914.374,902.157,ok,,0.1,0.1000,7
eval_AF9628-Martensitic_SEM-SE-Stitch_EBSD_SameSlice_4#1,SameSlice,AF9628-Martensitic_SEM-SE-Stitch_EBSD_SameSlice,roma,pyramid_v2,0.3271,0.35637,53,10000,3348,affine@direct+zoom,2.22,1793.516,1716.323,0.000,0.000,0.000,0.000,1785.165,1693.728,ok,,0.1,0.1000,7
eval_AF9628-Martensitic_SEM-SE-Stitch_EBSD_SameSlice_4#1,SameSlice,AF9628-Martensitic_SEM-SE-Stitch_EBSD_SameSlice,roma,direct,0.2313,0.35637,53,10000,83,affine,0.76,2032.553,2018.520,0.000,0.000,0.000,0.000,1811.778,1801.596,ok,,0.05,0.0500,4
eval_AF9628-Martensitic_SEM-SE-Stitch_EBSD_SameSlice_4#1,SameSlice,AF9628-Martensitic_SEM-SE-Stitch_EBSD_SameSlice,roma,pyramid_v2,0.2313,0.35637,53,10000,154,affine@direct+zoom,2.48,1676.840,1461.124,0.000,0.000,0.000,0.000,1642.652,1443.939,ok,,0.05,0.0500,4
eval_AF9628-Martensitic_SEM-SE-Stitch_EBSD_SameSlice_4#1,SameSlice,AF9628-Martensitic_SEM-SE-Stitch_EBSD_SameSlice,roma,direct,0.1463,0.35637,53,10000,200,affine,0.73,2617.078,2409.854,0.000,0.000,0.000,0.000,2196.152,2085.577,ok,,0.02,0.0200,4
eval_AF9628-Martensitic_SEM-SE-Stitch_EBSD_SameSlice_4#1,SameSlice,AF9628-Martensitic_SEM-SE-Stitch_EBSD_SameSlice,roma,pyramid_v2,0.1463,0.35637,53,10000,2159,affine@direct+zoom,2.08,2261.455,2113.326,0.000,0.000,0.000,0.000,2298.838,2219.770,ok,,0.02,0.0200,4
eval_AF9628-Martensitic_SEM-SE-Stitch_EBSD_SameSlice_4#2,SameSlice,AF9628-Martensitic_SEM-SE-Stitch_EBSD_SameSlice,roma,direct,0.7313,0.35637,53,10000,9009,homography,1.16,6.223,4.468,0.038,0.245,0.604,0.792,6.093,4.970,ok,,0.5,0.5001,28
eval_AF9628-Martensitic_SEM-SE-Stitch_EBSD_SameSlice_4#2,SameSlice,AF9628-Martensitic_SEM-SE-Stitch_EBSD_SameSlice,roma,pyramid_v2,0.7313,0.35637,53,10000,8910,homography@direct,1.28,6.373,4.305,0.038,0.264,0.585,0.811,6.883,5.164,ok,,0.5,0.5001,28
eval_AF9628-Martensitic_SEM-SE-Stitch_EBSD_SameSlice_4#2,SameSlice,AF9628-Martensitic_SEM-SE-Stitch_EBSD_SameSlice,roma,direct,0.5171,0.35637,53,10000,7566,homography,0.94,7.097,4.480,0.000,0.340,0.623,0.792,14.722,8.658,ok,,0.25,0.2500,14
eval_AF9628-Martensitic_SEM-SE-Stitch_EBSD_SameSlice_4#2,SameSlice,AF9628-Martensitic_SEM-SE-Stitch_EBSD_SameSlice,roma,pyramid_v2,0.5171,0.35637,53,10000,7498,homography@direct,1.99,7.234,4.629,0.038,0.340,0.585,0.792,17.315,16.555,ok,,0.25,0.2500,14
eval_AF9628-Martensitic_SEM-SE-Stitch_EBSD_SameSlice_4#2,SameSlice,AF9628-Martensitic_SEM-SE-Stitch_EBSD_SameSlice,roma,direct,0.3271,0.35637,53,10000,244,affine,0.81,1542.437,1404.141,0.000,0.000,0.000,0.000,1446.146,1403.811,ok,,0.1,0.1000,7
eval_AF9628-Martensitic_SEM-SE-Stitch_EBSD_SameSlice_4#2,SameSlice,AF9628-Martensitic_SEM-SE-Stitch_EBSD_SameSlice,roma,pyramid_v2,0.3271,0.35637,53,10000,2833,homography@direct+zoom,1.53,2064.909,1880.524,0.000,0.000,0.000,0.000,2074.037,1883.563,ok,,0.1,0.1000,7
eval_AF9628-Martensitic_SEM-SE-Stitch_EBSD_SameSlice_4#2,SameSlice,AF9628-Martensitic_SEM-SE-Stitch_EBSD_SameSlice,roma,direct,0.2313,0.35637,53,10000,102,homography,0.74,1614.575,1146.486,0.000,0.000,0.000,0.000,1195.866,1147.899,ok,,0.05,0.0500,4
eval_AF9628-Martensitic_SEM-SE-Stitch_EBSD_SameSlice_4#2,SameSlice,AF9628-Martensitic_SEM-SE-Stitch_EBSD_SameSlice,roma,pyramid_v2,0.2313,0.35637,53,10000,123,homography@direct,1.44,1397.475,1175.488,0.000,0.000,0.000,0.000,1360.346,1308.470,ok,,0.05,0.0500,4
eval_AF9628-Martensitic_SEM-SE-Stitch_EBSD_SameSlice_4#2,SameSlice,AF9628-Martensitic_SEM-SE-Stitch_EBSD_SameSlice,roma,direct,0.1463,0.35637,53,10000,268,homography,0.73,2022.184,1911.130,0.000,0.000,0.000,0.000,1962.157,1749.186,ok,,0.02,0.0200,4
eval_AF9628-Martensitic_SEM-SE-Stitch_EBSD_SameSlice_4#2,SameSlice,AF9628-Martensitic_SEM-SE-Stitch_EBSD_SameSlice,roma,pyramid_v2,0.1463,0.35637,53,10000,1540,affine@direct+zoom,2.86,1449.786,1189.247,0.000,0.000,0.000,0.000,1465.530,1188.473,ok,,0.02,0.0200,4
eval_C103_SEM-SE_LOM-DC-Height_FractureSurfaces_0#0,FractureSurfaces,C103_SEM-SE_LOM-DC-Height_FractureSurfaces,roma,direct,0.8632,1.95136,41,10000,427,affine,0.90,800.312,763.211,0.000,0.000,0.000,0.000,782.707,739.667,ok,,0.5,0.4999,41
eval_C103_SEM-SE_LOM-DC-Height_FractureSurfaces_0#0,FractureSurfaces,C103_SEM-SE_LOM-DC-Height_FractureSurfaces,roma,pyramid_v2,0.8632,1.95136,41,10000,442,homography@direct,0.97,579.130,618.227,0.000,0.000,0.000,0.000,519.204,566.339,ok,,0.5,0.4999,41
eval_C103_SEM-SE_LOM-DC-Height_FractureSurfaces_0#0,FractureSurfaces,C103_SEM-SE_LOM-DC-Height_FractureSurfaces,roma,direct,0.6101,1.95136,41,10000,252,affine,0.91,341.136,304.350,0.000,0.000,0.000,0.000,392.644,353.378,ok,,0.25,0.2498,40
eval_C103_SEM-SE_LOM-DC-Height_FractureSurfaces_0#0,FractureSurfaces,C103_SEM-SE_LOM-DC-Height_FractureSurfaces,roma,pyramid_v2,0.6101,1.95136,41,10000,1480,affine@direct+zoom,1.77,875.019,818.578,0.000,0.000,0.000,0.000,851.565,808.938,ok,,0.25,0.2498,40
eval_C103_SEM-SE_LOM-DC-Height_FractureSurfaces_0#0,FractureSurfaces,C103_SEM-SE_LOM-DC-Height_FractureSurfaces,roma,direct,0.3857,1.95136,41,10000,621,affine,0.84,1187.635,1224.539,0.000,0.000,0.000,0.000,1250.742,1245.520,ok,,0.1,0.1000,28
eval_C103_SEM-SE_LOM-DC-Height_FractureSurfaces_0#0,FractureSurfaces,C103_SEM-SE_LOM-DC-Height_FractureSurfaces,roma,pyramid_v2,0.3857,1.95136,41,10000,632,affine@direct,0.91,1235.983,1235.331,0.000,0.000,0.000,0.000,1232.818,1236.904,ok,,0.1,0.1000,28
eval_C103_SEM-SE_LOM-DC-Height_FractureSurfaces_0#0,FractureSurfaces,C103_SEM-SE_LOM-DC-Height_FractureSurfaces,roma,direct,0.2732,1.95136,41,10000,721,homography,0.81,1313.458,1325.325,0.000,0.000,0.000,0.000,1291.562,1343.560,ok,,0.05,0.0501,16
eval_C103_SEM-SE_LOM-DC-Height_FractureSurfaces_0#0,FractureSurfaces,C103_SEM-SE_LOM-DC-Height_FractureSurfaces,roma,pyramid_v2,0.2732,1.95136,41,10000,807,affine@direct+zoom,1.94,1338.588,1342.883,0.000,0.000,0.000,0.000,1352.959,1342.897,ok,,0.05,0.0501,16
eval_C103_SEM-SE_LOM-DC-Height_FractureSurfaces_0#0,FractureSurfaces,C103_SEM-SE_LOM-DC-Height_FractureSurfaces,roma,direct,0.1724,1.95136,41,10000,530,affine,0.77,1148.363,1179.791,0.000,0.000,0.000,0.000,1095.908,1134.331,ok,,0.02,0.0200,10
eval_C103_SEM-SE_LOM-DC-Height_FractureSurfaces_0#0,FractureSurfaces,C103_SEM-SE_LOM-DC-Height_FractureSurfaces,roma,pyramid_v2,0.1724,1.95136,41,10000,425,affine@direct+zoom,1.92,845.250,890.522,0.000,0.000,0.000,0.000,849.743,898.349,ok,,0.02,0.0200,10
eval_C103_SEM-SE_LOM-DC-Height_FractureSurfaces_0#1,FractureSurfaces,C103_SEM-SE_LOM-DC-Height_FractureSurfaces,roma,direct,0.8632,1.95136,41,10000,1055,homography,0.80,31443.721,2878.588,0.000,0.000,0.000,0.000,657.377,658.458,ok,,0.5,0.4999,41
eval_C103_SEM-SE_LOM-DC-Height_FractureSurfaces_0#1,FractureSurfaces,C103_SEM-SE_LOM-DC-Height_FractureSurfaces,roma,pyramid_v2,0.8632,1.95136,41,10000,1001,homography@direct,1.66,597.053,556.077,0.000,0.000,0.000,0.000,599.178,540.889,ok,,0.5,0.4999,41
eval_C103_SEM-SE_LOM-DC-Height_FractureSurfaces_0#1,FractureSurfaces,C103_SEM-SE_LOM-DC-Height_FractureSurfaces,roma,direct,0.6101,1.95136,41,10000,140,affine,0.84,1188.202,1232.230,0.000,0.000,0.000,0.000,1120.585,1148.226,ok,,0.25,0.2498,40
eval_C103_SEM-SE_LOM-DC-Height_FractureSurfaces_0#1,FractureSurfaces,C103_SEM-SE_LOM-DC-Height_FractureSurfaces,roma,pyramid_v2,0.6101,1.95136,41,10000,831,affine@direct+zoom,1.52,1333.968,1362.915,0.000,0.000,0.000,0.000,1328.779,1361.405,ok,,0.25,0.2498,40
eval_C103_SEM-SE_LOM-DC-Height_FractureSurfaces_0#1,FractureSurfaces,C103_SEM-SE_LOM-DC-Height_FractureSurfaces,roma,direct,0.3857,1.95136,41,10000,508,affine,0.75,1233.402,1288.658,0.000,0.000,0.000,0.000,1207.441,1257.498,ok,,0.1,0.1000,28
eval_C103_SEM-SE_LOM-DC-Height_FractureSurfaces_0#1,FractureSurfaces,C103_SEM-SE_LOM-DC-Height_FractureSurfaces,roma,pyramid_v2,0.3857,1.95136,41,10000,342,affine@direct+zoom,1.94,1169.845,1167.123,0.000,0.000,0.000,0.000,1162.861,1171.192,ok,,0.1,0.1000,28
eval_C103_SEM-SE_LOM-DC-Height_FractureSurfaces_0#1,FractureSurfaces,C103_SEM-SE_LOM-DC-Height_FractureSurfaces,roma,direct,0.2732,1.95136,41,10000,1002,affine,0.71,1244.913,1268.996,0.000,0.000,0.000,0.000,1233.977,1281.991,ok,,0.05,0.0501,16
eval_C103_SEM-SE_LOM-DC-Height_FractureSurfaces_0#1,FractureSurfaces,C103_SEM-SE_LOM-DC-Height_FractureSurfaces,roma,pyramid_v2,0.2732,1.95136,41,10000,849,homography@direct+zoom,1.82,1098.533,1090.985,0.000,0.000,0.000,0.000,1111.877,1115.722,ok,,0.05,0.0501,16
eval_C103_SEM-SE_LOM-DC-Height_FractureSurfaces_0#1,FractureSurfaces,C103_SEM-SE_LOM-DC-Height_FractureSurfaces,roma,direct,0.1724,1.95136,41,10000,104,affine,0.67,1057.013,1028.486,0.000,0.000,0.000,0.000,1058.435,1048.929,ok,,0.02,0.0200,10
eval_C103_SEM-SE_LOM-DC-Height_FractureSurfaces_0#1,FractureSurfaces,C103_SEM-SE_LOM-DC-Height_FractureSurfaces,roma,pyramid_v2,0.1724,1.95136,41,10000,988,affine@direct+zoom,1.27,749.925,745.733,0.000,0.000,0.000,0.000,713.791,701.624,ok,,0.02,0.0200,10
eval_C103_SEM-SE_LOM-DC-Height_FractureSurfaces_1#0,FractureSurfaces,C103_SEM-SE_LOM-DC-Height_FractureSurfaces,roma,direct,0.5985,0.29986,34,10000,719,affine,0.90,750.603,751.188,0.000,0.000,0.000,0.000,722.441,722.519,ok,,0.5,0.5000,34
eval_C103_SEM-SE_LOM-DC-Height_FractureSurfaces_1#0,FractureSurfaces,C103_SEM-SE_LOM-DC-Height_FractureSurfaces,roma,pyramid_v2,0.5985,0.29986,34,10000,562,affine@direct,1.75,757.074,757.364,0.000,0.000,0.000,0.000,650.224,660.143,ok,,0.5,0.5000,34
eval_C103_SEM-SE_LOM-DC-Height_FractureSurfaces_1#0,FractureSurfaces,C103_SEM-SE_LOM-DC-Height_FractureSurfaces,roma,direct,0.4232,0.29986,34,10000,438,affine,0.85,913.211,924.194,0.000,0.000,0.000,0.000,934.639,951.963,ok,,0.25,0.2500,32
eval_C103_SEM-SE_LOM-DC-Height_FractureSurfaces_1#0,FractureSurfaces,C103_SEM-SE_LOM-DC-Height_FractureSurfaces,roma,pyramid_v2,0.4232,0.29986,34,10000,380,homography@direct,1.67,788.540,801.920,0.000,0.000,0.000,0.000,820.659,831.099,ok,,0.25,0.2500,32
eval_C103_SEM-SE_LOM-DC-Height_FractureSurfaces_1#0,FractureSurfaces,C103_SEM-SE_LOM-DC-Height_FractureSurfaces,roma,direct,0.2676,0.29986,34,10000,1814,affine,0.81,559.765,577.435,0.000,0.000,0.000,0.000,564.313,574.574,ok,,0.1,0.1000,23
eval_C103_SEM-SE_LOM-DC-Height_FractureSurfaces_1#0,FractureSurfaces,C103_SEM-SE_LOM-DC-Height_FractureSurfaces,roma,pyramid_v2,0.2676,0.29986,34,10000,2821,homography@direct+zoom,2.18,573.549,580.421,0.000,0.000,0.000,0.000,566.906,575.565,ok,,0.1,0.1000,23
eval_C103_SEM-SE_LOM-DC-Height_FractureSurfaces_1#0,FractureSurfaces,C103_SEM-SE_LOM-DC-Height_FractureSurfaces,roma,direct,0.1894,0.29986,34,10000,1147,affine,0.79,642.213,648.592,0.000,0.000,0.000,0.000,641.390,652.310,ok,,0.05,0.0500,16
eval_C103_SEM-SE_LOM-DC-Height_FractureSurfaces_1#0,FractureSurfaces,C103_SEM-SE_LOM-DC-Height_FractureSurfaces,roma,pyramid_v2,0.1894,0.29986,34,10000,1346,homography@direct,1.49,602.062,609.610,0.000,0.000,0.000,0.000,623.599,640.418,ok,,0.05,0.0500,16
eval_C103_SEM-SE_LOM-DC-Height_FractureSurfaces_1#0,FractureSurfaces,C103_SEM-SE_LOM-DC-Height_FractureSurfaces,roma,direct,0.1197,0.29986,34,10000,1337,affine,0.68,450.023,432.015,0.000,0.000,0.000,0.000,383.092,363.070,ok,,0.02,0.0200,8
eval_C103_SEM-SE_LOM-DC-Height_FractureSurfaces_1#0,FractureSurfaces,C103_SEM-SE_LOM-DC-Height_FractureSurfaces,roma,pyramid_v2,0.1197,0.29986,34,10000,3483,homography@direct+zoom,1.27,269.342,243.204,0.000,0.000,0.000,0.000,283.762,268.980,ok,,0.02,0.0200,8
eval_C103_SEM-SE_LOM-DC-Height_FractureSurfaces_1#1,FractureSurfaces,C103_SEM-SE_LOM-DC-Height_FractureSurfaces,roma,direct,0.5985,0.29986,34,10000,258,homography,0.80,711.597,737.702,0.000,0.000,0.000,0.000,698.995,699.792,ok,,0.5,0.5000,34
eval_C103_SEM-SE_LOM-DC-Height_FractureSurfaces_1#1,FractureSurfaces,C103_SEM-SE_LOM-DC-Height_FractureSurfaces,roma,pyramid_v2,0.5985,0.29986,34,10000,824,affine@direct+zoom,2.37,966.752,975.288,0.000,0.000,0.000,0.000,939.025,950.228,ok,,0.5,0.5000,34
eval_C103_SEM-SE_LOM-DC-Height_FractureSurfaces_1#1,FractureSurfaces,C103_SEM-SE_LOM-DC-Height_FractureSurfaces,roma,direct,0.4232,0.29986,34,10000,355,homography,0.80,859.727,860.914,0.000,0.000,0.000,0.000,791.384,805.557,ok,,0.25,0.2500,32
eval_C103_SEM-SE_LOM-DC-Height_FractureSurfaces_1#1,FractureSurfaces,C103_SEM-SE_LOM-DC-Height_FractureSurfaces,roma,pyramid_v2,0.4232,0.29986,34,10000,376,affine@direct,1.55,815.621,722.801,0.000,0.000,0.000,0.000,827.424,744.064,ok,,0.25,0.2500,32
eval_C103_SEM-SE_LOM-DC-Height_FractureSurfaces_1#1,FractureSurfaces,C103_SEM-SE_LOM-DC-Height_FractureSurfaces,roma,direct,0.2676,0.29986,34,10000,519,affine,0.72,943.778,908.060,0.000,0.000,0.000,0.000,922.687,843.577,ok,,0.1,0.1000,23
eval_C103_SEM-SE_LOM-DC-Height_FractureSurfaces_1#1,FractureSurfaces,C103_SEM-SE_LOM-DC-Height_FractureSurfaces,roma,pyramid_v2,0.2676,0.29986,34,10000,511,affine@direct,1.53,1165.337,1129.816,0.000,0.000,0.000,0.000,1134.684,1125.974,ok,,0.1,0.1000,23
eval_C103_SEM-SE_LOM-DC-Height_FractureSurfaces_1#1,FractureSurfaces,C103_SEM-SE_LOM-DC-Height_FractureSurfaces,roma,direct,0.1894,0.29986,34,10000,1232,homography,0.67,805.305,820.005,0.000,0.000,0.000,0.000,798.963,814.966,ok,,0.05,0.0500,16
eval_C103_SEM-SE_LOM-DC-Height_FractureSurfaces_1#1,FractureSurfaces,C103_SEM-SE_LOM-DC-Height_FractureSurfaces,roma,pyramid_v2,0.1894,0.29986,34,10000,2063,homography@direct+zoom,1.80,767.989,779.280,0.000,0.000,0.000,0.000,785.725,792.352,ok,,0.05,0.0500,16
eval_C103_SEM-SE_LOM-DC-Height_FractureSurfaces_1#1,FractureSurfaces,C103_SEM-SE_LOM-DC-Height_FractureSurfaces,roma,direct,0.1197,0.29986,34,10000,147,affine,0.64,955.114,979.089,0.000,0.000,0.000,0.000,913.319,889.416,ok,,0.02,0.0200,8
eval_C103_SEM-SE_LOM-DC-Height_FractureSurfaces_1#1,FractureSurfaces,C103_SEM-SE_LOM-DC-Height_FractureSurfaces,roma,pyramid_v2,0.1197,0.29986,34,10000,3430,homography@direct+zoom,1.61,1057.625,1043.036,0.000,0.000,0.000,0.000,1095.708,1113.160,ok,,0.02,0.0200,8
eval_C103_SEM-SE_LOM-DC-Height_FractureSurfaces_2#0,FractureSurfaces,C103_SEM-SE_LOM-DC-Height_FractureSurfaces,roma,direct,0.5615,0.83614,58,10000,102,affine,0.89,1433.251,1467.165,0.000,0.000,0.000,0.000,1453.163,1492.795,ok,,0.5,0.5000,58
eval_C103_SEM-SE_LOM-DC-Height_FractureSurfaces_2#0,FractureSurfaces,C103_SEM-SE_LOM-DC-Height_FractureSurfaces,roma,pyramid_v2,0.5615,0.83614,58,10000,100,affine@direct,1.82,1387.660,1414.929,0.000,0.000,0.000,0.000,1406.464,1427.521,ok,,0.5,0.5000,58
eval_C103_SEM-SE_LOM-DC-Height_FractureSurfaces_2#0,FractureSurfaces,C103_SEM-SE_LOM-DC-Height_FractureSurfaces,roma,direct,0.3971,0.83614,58,10000,253,homography,0.85,1906.725,1127.677,0.000,0.000,0.000,0.000,1027.263,1052.562,ok,,0.25,0.2501,58
eval_C103_SEM-SE_LOM-DC-Height_FractureSurfaces_2#0,FractureSurfaces,C103_SEM-SE_LOM-DC-Height_FractureSurfaces,roma,pyramid_v2,0.3971,0.83614,58,10000,280,affine@direct,1.54,1421.350,1479.699,0.000,0.000,0.000,0.000,1417.199,1444.009,ok,,0.25,0.2501,58
eval_C103_SEM-SE_LOM-DC-Height_FractureSurfaces_2#0,FractureSurfaces,C103_SEM-SE_LOM-DC-Height_FractureSurfaces,roma,direct,0.2512,0.83614,58,10000,637,homography,0.85,1471.446,1515.080,0.000,0.000,0.000,0.000,1429.365,1470.919,ok,,0.1,0.1000,36
eval_C103_SEM-SE_LOM-DC-Height_FractureSurfaces_2#0,FractureSurfaces,C103_SEM-SE_LOM-DC-Height_FractureSurfaces,roma,pyramid_v2,0.2512,0.83614,58,10000,651,homography@direct+zoom,1.52,3203.288,1627.573,0.000,0.000,0.000,0.000,1374.118,1364.151,ok,,0.1,0.1000,36
eval_C103_SEM-SE_LOM-DC-Height_FractureSurfaces_2#0,FractureSurfaces,C103_SEM-SE_LOM-DC-Height_FractureSurfaces,roma,direct,0.1775,0.83614,58,10000,509,affine,0.77,1464.112,1521.687,0.000,0.000,0.000,0.000,1442.150,1487.827,ok,,0.05,0.0500,13
eval_C103_SEM-SE_LOM-DC-Height_FractureSurfaces_2#0,FractureSurfaces,C103_SEM-SE_LOM-DC-Height_FractureSurfaces,roma,pyramid_v2,0.1775,0.83614,58,10000,393,affine@direct,1.44,1517.384,1554.659,0.000,0.000,0.000,0.000,1503.392,1553.231,ok,,0.05,0.0500,13
eval_C103_SEM-SE_LOM-DC-Height_FractureSurfaces_2#0,FractureSurfaces,C103_SEM-SE_LOM-DC-Height_FractureSurfaces,roma,direct,0.1124,0.83614,58,10000,387,affine,0.71,1644.897,1633.989,0.000,0.000,0.000,0.000,1637.010,1604.262,ok,,0.02,0.0200,4
eval_C103_SEM-SE_LOM-DC-Height_FractureSurfaces_2#0,FractureSurfaces,C103_SEM-SE_LOM-DC-Height_FractureSurfaces,roma,pyramid_v2,0.1124,0.83614,58,10000,290,affine@direct,1.44,1741.435,1715.149,0.000,0.000,0.000,0.000,1708.738,1642.521,ok,,0.02,0.0200,4
eval_C103_SEM-SE_LOM-DC-Height_FractureSurfaces_2#1,FractureSurfaces,C103_SEM-SE_LOM-DC-Height_FractureSurfaces,roma,direct,0.5615,0.83614,58,10000,726,affine,0.84,55.733,54.788,0.000,0.000,0.000,0.017,64.047,66.463,ok,,0.5,0.5000,58
eval_C103_SEM-SE_LOM-DC-Height_FractureSurfaces_2#1,FractureSurfaces,C103_SEM-SE_LOM-DC-Height_FractureSurfaces,roma,pyramid_v2,0.5615,0.83614,58,10000,718,affine@direct,0.90,49.791,47.711,0.000,0.000,0.000,0.017,63.890,64.986,ok,,0.5,0.5000,58
eval_C103_SEM-SE_LOM-DC-Height_FractureSurfaces_2#1,FractureSurfaces,C103_SEM-SE_LOM-DC-Height_FractureSurfaces,roma,direct,0.3971,0.83614,58,10000,482,homography,0.82,1797.693,613.914,0.000,0.000,0.000,0.000,480.499,481.481,ok,,0.25,0.2501,58
eval_C103_SEM-SE_LOM-DC-Height_FractureSurfaces_2#1,FractureSurfaces,C103_SEM-SE_LOM-DC-Height_FractureSurfaces,roma,pyramid_v2,0.3971,0.83614,58,10000,4468,affine@direct+zoom,2.19,646.690,651.852,0.000,0.000,0.000,0.000,643.394,648.594,ok,,0.25,0.2501,58
eval_C103_SEM-SE_LOM-DC-Height_FractureSurfaces_2#1,FractureSurfaces,C103_SEM-SE_LOM-DC-Height_FractureSurfaces,roma,direct,0.2512,0.83614,58,10000,291,affine,0.80,1287.618,1273.882,0.000,0.000,0.000,0.000,1173.296,1165.575,ok,,0.1,0.1000,36
eval_C103_SEM-SE_LOM-DC-Height_FractureSurfaces_2#1,FractureSurfaces,C103_SEM-SE_LOM-DC-Height_FractureSurfaces,roma,pyramid_v2,0.2512,0.83614,58,10000,2446,affine@direct+zoom,2.18,1419.610,1474.278,0.000,0.000,0.000,0.000,1421.715,1477.222,ok,,0.1,0.1000,36
eval_C103_SEM-SE_LOM-DC-Height_FractureSurfaces_2#1,FractureSurfaces,C103_SEM-SE_LOM-DC-Height_FractureSurfaces,roma,direct,0.1775,0.83614,58,10000,386,homography,0.77,2254.291,1952.227,0.000,0.000,0.000,0.000,1599.917,1546.771,ok,,0.05,0.0500,13
eval_C103_SEM-SE_LOM-DC-Height_FractureSurfaces_2#1,FractureSurfaces,C103_SEM-SE_LOM-DC-Height_FractureSurfaces,roma,pyramid_v2,0.1775,0.83614,58,10000,1741,affine@direct+zoom,2.59,1831.687,1951.006,0.000,0.000,0.000,0.000,1838.457,1950.921,ok,,0.05,0.0500,13
eval_C103_SEM-SE_LOM-DC-Height_FractureSurfaces_2#1,FractureSurfaces,C103_SEM-SE_LOM-DC-Height_FractureSurfaces,roma,direct,0.1124,0.83614,58,10000,453,homography,0.71,18884.588,1804.894,0.000,0.000,0.000,0.000,1330.881,1268.405,ok,,0.02,0.0200,4
eval_C103_SEM-SE_LOM-DC-Height_FractureSurfaces_2#1,FractureSurfaces,C103_SEM-SE_LOM-DC-Height_FractureSurfaces,roma,pyramid_v2,0.1124,0.83614,58,10000,1872,homography@direct+zoom,1.96,1472.630,1515.625,0.000,0.000,0.000,0.000,1478.891,1525.440,ok,,0.02,0.0200,4
eval_CoNi-AM67_OM-SEM_Multiscale_0#0,Multiscale,CoNi-AM67_OM-SEM_Multiscale,roma,direct,,,,,,,,,,,,,,,,skipped,rung_not_below_base,0.5,,
eval_CoNi-AM67_OM-SEM_Multiscale_0#0,Multiscale,CoNi-AM67_OM-SEM_Multiscale,roma,pyramid_v2,,,,,,,,,,,,,,,,skipped,rung_not_below_base,0.5,,
eval_CoNi-AM67_OM-SEM_Multiscale_0#0,Multiscale,CoNi-AM67_OM-SEM_Multiscale,roma,direct,0.4571,1.09526,14,10000,6881,affine,1.08,13.633,12.391,0.000,0.143,0.214,0.286,16.360,16.545,ok,,0.25,0.2501,11
eval_CoNi-AM67_OM-SEM_Multiscale_0#0,Multiscale,CoNi-AM67_OM-SEM_Multiscale,roma,pyramid_v2,0.4571,1.09526,14,10000,6762,affine@direct,2.17,13.558,12.246,0.071,0.143,0.214,0.286,17.085,14.369,ok,,0.25,0.2501,11
eval_CoNi-AM67_OM-SEM_Multiscale_0#0,Multiscale,CoNi-AM67_OM-SEM_Multiscale,roma,direct,0.2891,1.09526,14,10000,589,homography,1.10,1252.555,1317.177,0.000,0.000,0.000,0.000,1332.073,1346.505,ok,,0.1,0.1000,3
eval_CoNi-AM67_OM-SEM_Multiscale_0#0,Multiscale,CoNi-AM67_OM-SEM_Multiscale,roma,pyramid_v2,0.2891,1.09526,14,10000,526,homography@direct,1.14,949.618,244.782,0.000,0.000,0.000,0.000,463.804,441.248,ok,,0.1,0.1000,3
eval_CoNi-AM67_OM-SEM_Multiscale_0#0,Multiscale,CoNi-AM67_OM-SEM_Multiscale,roma,direct,0.2043,1.09526,14,10000,654,affine,0.91,634.847,578.251,0.000,0.000,0.000,0.000,683.613,631.748,ok,,0.05,0.0499,2
eval_CoNi-AM67_OM-SEM_Multiscale_0#0,Multiscale,CoNi-AM67_OM-SEM_Multiscale,roma,pyramid_v2,0.2043,1.09526,14,10000,711,affine@direct+zoom,3.29,648.871,635.575,0.000,0.000,0.000,0.000,659.361,608.907,ok,,0.05,0.0499,2
eval_CoNi-AM67_OM-SEM_Multiscale_0#0,Multiscale,CoNi-AM67_OM-SEM_Multiscale,roma,direct,0.1294,1.09526,14,10000,558,affine,0.75,388.654,426.214,0.000,0.000,0.000,0.000,380.313,378.306,ok,,0.02,0.0200,1
eval_CoNi-AM67_OM-SEM_Multiscale_0#0,Multiscale,CoNi-AM67_OM-SEM_Multiscale,roma,pyramid_v2,0.1294,1.09526,14,10000,2483,homography@direct+zoom,2.00,704.773,642.395,0.000,0.000,0.000,0.000,694.316,613.871,ok,,0.02,0.0200,1
eval_CoNi-AM67_SEM-EBSD_SameSliceSerialSectioning_1#2,SerialSectioning,CoNi-AM67_SEM-EBSD_SameSliceSerialSectioning,roma,direct,,,,,,,,,,,,,,,,skipped,rung_not_below_base,0.5,,
eval_CoNi-AM67_SEM-EBSD_SameSliceSerialSectioning_1#2,SerialSectioning,CoNi-AM67_SEM-EBSD_SameSliceSerialSectioning,roma,pyramid_v2,,,,,,,,,,,,,,,,skipped,rung_not_below_base,0.5,,
eval_CoNi-AM67_SEM-EBSD_SameSliceSerialSectioning_1#2,SerialSectioning,CoNi-AM67_SEM-EBSD_SameSliceSerialSectioning,roma,direct,0.4284,2.88000,14,10000,358,homography,0.72,408.449,298.122,0.000,0.000,0.000,0.000,424.498,362.890,ok,,0.25,0.2500,8
eval_CoNi-AM67_SEM-EBSD_SameSliceSerialSectioning_1#2,SerialSectioning,CoNi-AM67_SEM-EBSD_SameSliceSerialSectioning,roma,pyramid_v2,0.4284,2.88000,14,10000,874,affine@direct+zoom,2.23,142.023,120.276,0.000,0.000,0.000,0.000,150.588,121.850,ok,,0.25,0.2500,8
eval_CoNi-AM67_SEM-EBSD_SameSliceSerialSectioning_1#2,SerialSectioning,CoNi-AM67_SEM-EBSD_SameSliceSerialSectioning,roma,direct,0.2709,2.88000,14,10000,669,affine,0.71,343.344,330.849,0.000,0.000,0.000,0.000,379.259,365.679,ok,,0.1,0.1002,2
eval_CoNi-AM67_SEM-EBSD_SameSliceSerialSectioning_1#2,SerialSectioning,CoNi-AM67_SEM-EBSD_SameSliceSerialSectioning,roma,pyramid_v2,0.2709,2.88000,14,10000,605,homography@direct+zoom,2.06,929.098,799.571,0.000,0.000,0.000,0.000,770.917,824.623,ok,,0.1,0.1002,2
eval_CoNi-AM67_SEM-EBSD_SameSliceSerialSectioning_1#2,SerialSectioning,CoNi-AM67_SEM-EBSD_SameSliceSerialSectioning,roma,direct,0.1913,2.88000,14,10000,612,affine,0.70,420.289,438.948,0.000,0.000,0.000,0.000,348.247,317.289,ok,,0.05,0.0500,2
eval_CoNi-AM67_SEM-EBSD_SameSliceSerialSectioning_1#2,SerialSectioning,CoNi-AM67_SEM-EBSD_SameSliceSerialSectioning,roma,pyramid_v2,0.1913,2.88000,14,10000,571,affine@direct,1.30,433.454,438.830,0.000,0.000,0.000,0.000,383.854,358.898,ok,,0.05,0.0500,2
eval_CoNi-AM67_SEM-EBSD_SameSliceSerialSectioning_1#2,SerialSectioning,CoNi-AM67_SEM-EBSD_SameSliceSerialSectioning,roma,direct,0.1209,2.88000,14,10000,1016,homography,0.64,3550.145,837.255,0.000,0.000,0.000,0.000,832.579,734.110,ok,,0.02,0.0199,1
eval_CoNi-AM67_SEM-EBSD_SameSliceSerialSectioning_1#2,SerialSectioning,CoNi-AM67_SEM-EBSD_SameSliceSerialSectioning,roma,pyramid_v2,0.1209,2.88000,14,10000,1102,affine@direct,1.14,710.495,716.205,0.000,0.000,0.000,0.000,892.958,793.610,ok,,0.02,0.0199,1
eval_CoNi-AM67_SEM-EBSD_SameSliceSerialSectioning_2#3,SerialSectioning,CoNi-AM67_SEM-EBSD_SameSliceSerialSectioning,roma,direct,,,,,,,,,,,,,,,,skipped,rung_not_below_base,0.5,,
eval_CoNi-AM67_SEM-EBSD_SameSliceSerialSectioning_2#3,SerialSectioning,CoNi-AM67_SEM-EBSD_SameSliceSerialSectioning,roma,pyramid_v2,,,,,,,,,,,,,,,,skipped,rung_not_below_base,0.5,,
eval_CoNi-AM67_SEM-EBSD_SameSliceSerialSectioning_2#3,SerialSectioning,CoNi-AM67_SEM-EBSD_SameSliceSerialSectioning,roma,direct,0.4284,2.88000,18,10000,308,affine,0.73,575.303,462.169,0.000,0.000,0.000,0.000,606.683,525.264,ok,,0.25,0.2500,11
eval_CoNi-AM67_SEM-EBSD_SameSliceSerialSectioning_2#3,SerialSectioning,CoNi-AM67_SEM-EBSD_SameSliceSerialSectioning,roma,pyramid_v2,0.4284,2.88000,18,10000,367,homography@direct,1.43,539.597,398.382,0.000,0.000,0.000,0.000,517.451,427.178,ok,,0.25,0.2500,11
eval_CoNi-AM67_SEM-EBSD_SameSliceSerialSectioning_2#3,SerialSectioning,CoNi-AM67_SEM-EBSD_SameSliceSerialSectioning,roma,direct,0.2709,2.88000,18,10000,976,affine,0.69,509.222,442.606,0.000,0.000,0.000,0.000,494.634,430.522,ok,,0.1,0.1002,6
eval_CoNi-AM67_SEM-EBSD_SameSliceSerialSectioning_2#3,SerialSectioning,CoNi-AM67_SEM-EBSD_SameSliceSerialSectioning,roma,pyramid_v2,0.2709,2.88000,18,10000,1544,homography@direct+zoom,1.87,817.233,792.831,0.000,0.000,0.000,0.000,794.403,780.540,ok,,0.1,0.1002,6
eval_CoNi-AM67_SEM-EBSD_SameSliceSerialSectioning_2#3,SerialSectioning,CoNi-AM67_SEM-EBSD_SameSliceSerialSectioning,roma,direct,0.1913,2.88000,18,10000,203,homography,0.63,1513.783,1591.392,0.000,0.000,0.000,0.000,1501.743,1537.757,ok,,0.05,0.0500,2
eval_CoNi-AM67_SEM-EBSD_SameSliceSerialSectioning_2#3,SerialSectioning,CoNi-AM67_SEM-EBSD_SameSliceSerialSectioning,roma,pyramid_v2,0.1913,2.88000,18,10000,650,affine@direct+zoom,2.23,1522.991,1591.999,0.000,0.000,0.000,0.000,1510.969,1586.367,ok,,0.05,0.0500,2
eval_CoNi-AM67_SEM-EBSD_SameSliceSerialSectioning_2#3,SerialSectioning,CoNi-AM67_SEM-EBSD_SameSliceSerialSectioning,roma,direct,0.1209,2.88000,18,10000,547,homography,0.66,6065.985,1677.919,0.000,0.000,0.000,0.000,1415.689,1458.499,ok,,0.02,0.0199,0
eval_CoNi-AM67_SEM-EBSD_SameSliceSerialSectioning_2#3,SerialSectioning,CoNi-AM67_SEM-EBSD_SameSliceSerialSectioning,roma,pyramid_v2,0.1209,2.88000,18,10000,620,affine@direct,1.17,1544.671,1630.095,0.000,0.000,0.000,0.000,1439.292,1529.825,ok,,0.02,0.0199,0
eval_CoNi-AM67_SEM-EBSD_SameSliceSerialSectioning_2#5,SerialSectioning,CoNi-AM67_SEM-EBSD_SameSliceSerialSectioning,roma,direct,,,,,,,,,,,,,,,,skipped,rung_not_below_base,0.5,,
eval_CoNi-AM67_SEM-EBSD_SameSliceSerialSectioning_2#5,SerialSectioning,CoNi-AM67_SEM-EBSD_SameSliceSerialSectioning,roma,pyramid_v2,,,,,,,,,,,,,,,,skipped,rung_not_below_base,0.5,,
eval_CoNi-AM67_SEM-EBSD_SameSliceSerialSectioning_2#5,SerialSectioning,CoNi-AM67_SEM-EBSD_SameSliceSerialSectioning,roma,direct,0.4284,2.88000,18,10000,1041,homography,0.74,376.794,352.709,0.000,0.000,0.000,0.000,389.831,396.957,ok,,0.25,0.2500,11
eval_CoNi-AM67_SEM-EBSD_SameSliceSerialSectioning_2#5,SerialSectioning,CoNi-AM67_SEM-EBSD_SameSliceSerialSectioning,roma,pyramid_v2,0.4284,2.88000,18,10000,1092,affine@direct,1.47,381.454,390.632,0.000,0.000,0.000,0.000,388.304,386.814,ok,,0.25,0.2500,11
eval_CoNi-AM67_SEM-EBSD_SameSliceSerialSectioning_2#5,SerialSectioning,CoNi-AM67_SEM-EBSD_SameSliceSerialSectioning,roma,direct,0.2709,2.88000,18,10000,748,affine,0.70,326.840,350.109,0.000,0.000,0.000,0.000,326.345,346.559,ok,,0.1,0.1002,6
eval_CoNi-AM67_SEM-EBSD_SameSliceSerialSectioning_2#5,SerialSectioning,CoNi-AM67_SEM-EBSD_SameSliceSerialSectioning,roma,pyramid_v2,0.2709,2.88000,18,10000,815,homography@direct+zoom,2.22,1169.398,473.353,0.000,0.000,0.000,0.000,447.233,460.266,ok,,0.1,0.1002,6
eval_CoNi-AM67_SEM-EBSD_SameSliceSerialSectioning_2#5,SerialSectioning,CoNi-AM67_SEM-EBSD_SameSliceSerialSectioning,roma,direct,0.1913,2.88000,18,10000,514,affine,0.73,271.619,289.774,0.000,0.000,0.000,0.000,258.270,242.628,ok,,0.05,0.0500,2
eval_CoNi-AM67_SEM-EBSD_SameSliceSerialSectioning_2#5,SerialSectioning,CoNi-AM67_SEM-EBSD_SameSliceSerialSectioning,roma,pyramid_v2,0.1913,2.88000,18,10000,1300,homography@direct+zoom,1.82,697.355,724.152,0.000,0.000,0.000,0.000,592.793,653.759,ok,,0.05,0.0500,2
eval_CoNi-AM67_SEM-EBSD_SameSliceSerialSectioning_2#5,SerialSectioning,CoNi-AM67_SEM-EBSD_SameSliceSerialSectioning,roma,direct,0.1209,2.88000,18,10000,623,affine,0.67,425.849,414.339,0.000,0.000,0.000,0.000,366.337,352.412,ok,,0.02,0.0199,0
eval_CoNi-AM67_SEM-EBSD_SameSliceSerialSectioning_2#5,SerialSectioning,CoNi-AM67_SEM-EBSD_SameSliceSerialSectioning,roma,pyramid_v2,0.1209,2.88000,18,10000,497,homography@direct,1.38,939.018,758.050,0.000,0.000,0.000,0.000,378.786,390.834,ok,,0.02,0.0199,0
eval_CoNi-AM90_SEM-EBSD_SameSlice_0#0,SameSlice,CoNi-AM90_SEM-EBSD_SameSlice,roma,direct,0.6872,0.10851,47,10000,2144,homography,2.09,9.842,6.139,0.043,0.213,0.404,0.596,14.806,10.365,ok,,0.5,0.5000,22
eval_CoNi-AM90_SEM-EBSD_SameSlice_0#0,SameSlice,CoNi-AM90_SEM-EBSD_SameSlice,roma,pyramid_v2,0.6872,0.10851,47,10000,2115,homography@direct,2.21,6.563,6.094,0.000,0.191,0.362,0.830,17.457,15.961,ok,,0.5,0.5000,22
eval_CoNi-AM90_SEM-EBSD_SameSlice_0#0,SameSlice,CoNi-AM90_SEM-EBSD_SameSlice,roma,direct,0.4860,0.10851,47,10000,722,affine,1.51,600.375,588.750,0.000,0.000,0.000,0.000,582.991,571.615,ok,,0.25,0.2500,9
eval_CoNi-AM90_SEM-EBSD_SameSlice_0#0,SameSlice,CoNi-AM90_SEM-EBSD_SameSlice,roma,pyramid_v2,0.4860,0.10851,47,10000,679,affine@direct+zoom,4.31,818.561,788.645,0.000,0.000,0.000,0.000,798.422,743.026,ok,,0.25,0.2500,9
eval_CoNi-AM90_SEM-EBSD_SameSlice_0#0,SameSlice,CoNi-AM90_SEM-EBSD_SameSlice,roma,direct,0.3074,0.10851,47,10000,1067,homography,1.10,789.823,759.963,0.000,0.000,0.000,0.000,781.798,762.619,ok,,0.1,0.1000,5
eval_CoNi-AM90_SEM-EBSD_SameSlice_0#0,SameSlice,CoNi-AM90_SEM-EBSD_SameSlice,roma,pyramid_v2,0.3074,0.10851,47,10000,1259,homography@direct,1.15,803.937,765.603,0.000,0.000,0.000,0.000,744.160,722.822,ok,,0.1,0.1000,5
eval_CoNi-AM90_SEM-EBSD_SameSlice_0#0,SameSlice,CoNi-AM90_SEM-EBSD_SameSlice,roma,direct,0.2173,0.10851,47,10000,555,affine,1.00,533.402,523.230,0.000,0.000,0.000,0.000,518.710,535.685,ok,,0.05,0.0500,2
eval_CoNi-AM90_SEM-EBSD_SameSlice_0#0,SameSlice,CoNi-AM90_SEM-EBSD_SameSlice,roma,pyramid_v2,0.2173,0.10851,47,10000,450,homography@direct,1.87,1044.491,821.434,0.000,0.000,0.000,0.000,662.922,579.839,ok,,0.05,0.0500,2
eval_CoNi-AM90_SEM-EBSD_SameSlice_0#0,SameSlice,CoNi-AM90_SEM-EBSD_SameSlice,roma,direct,0.1374,0.10851,47,10000,734,affine,0.96,842.864,835.756,0.000,0.000,0.000,0.000,813.215,771.605,ok,,0.02,0.0200,1
eval_CoNi-AM90_SEM-EBSD_SameSlice_0#0,SameSlice,CoNi-AM90_SEM-EBSD_SameSlice,roma,pyramid_v2,0.1374,0.10851,47,10000,1367,affine@direct+zoom,1.75,824.881,855.460,0.000,0.000,0.000,0.000,798.410,778.796,ok,,0.02,0.0200,1
eval_CoNi-AM90_SEM-EBSD_SameSlice_0#1,SameSlice,CoNi-AM90_SEM-EBSD_SameSlice,roma,direct,0.6872,0.10851,47,10000,1698,homography,2.09,14.168,9.175,0.021,0.128,0.319,0.511,17.276,14.916,ok,,0.5,0.5000,22
eval_CoNi-AM90_SEM-EBSD_SameSlice_0#1,SameSlice,CoNi-AM90_SEM-EBSD_SameSlice,roma,pyramid_v2,0.6872,0.10851,47,10000,1638,affine@direct,2.18,21.215,19.342,0.021,0.085,0.149,0.277,17.882,16.352,ok,,0.5,0.5000,22
eval_CoNi-AM90_SEM-EBSD_SameSlice_0#1,SameSlice,CoNi-AM90_SEM-EBSD_SameSlice,roma,direct,0.4860,0.10851,47,10000,570,homography,1.49,739.569,774.138,0.000,0.000,0.000,0.000,1484.534,1043.119,ok,,0.25,0.2500,9
eval_CoNi-AM90_SEM-EBSD_SameSlice_0#1,SameSlice,CoNi-AM90_SEM-EBSD_SameSlice,roma,pyramid_v2,0.4860,0.10851,47,10000,2405,homography@direct+zoom,5.66,806.913,762.851,0.000,0.000,0.000,0.000,844.826,854.614,ok,,0.25,0.2500,9
eval_CoNi-AM90_SEM-EBSD_SameSlice_0#1,SameSlice,CoNi-AM90_SEM-EBSD_SameSlice,roma,direct,0.3074,0.10851,47,10000,344,homography,1.11,837.253,751.106,0.000,0.000,0.000,0.000,687.612,716.375,ok,,0.1,0.1000,5
eval_CoNi-AM90_SEM-EBSD_SameSlice_0#1,SameSlice,CoNi-AM90_SEM-EBSD_SameSlice,roma,pyramid_v2,0.3074,0.10851,47,10000,386,affine@direct,2.03,742.847,655.629,0.000,0.000,0.000,0.000,727.732,697.290,ok,,0.1,0.1000,5
eval_CoNi-AM90_SEM-EBSD_SameSlice_0#1,SameSlice,CoNi-AM90_SEM-EBSD_SameSlice,roma,direct,0.2173,0.10851,47,10000,315,affine,1.01,374.328,345.556,0.000,0.000,0.000,0.000,400.314,336.996,ok,,0.05,0.0500,2
eval_CoNi-AM90_SEM-EBSD_SameSlice_0#1,SameSlice,CoNi-AM90_SEM-EBSD_SameSlice,roma,pyramid_v2,0.2173,0.10851,47,10000,341,homography@direct,2.02,2763.766,305.357,0.000,0.000,0.000,0.000,1308.230,1108.042,ok,,0.05,0.0500,2
eval_CoNi-AM90_SEM-EBSD_SameSlice_0#1,SameSlice,CoNi-AM90_SEM-EBSD_SameSlice,roma,direct,0.1374,0.10851,47,10000,785,affine,0.98,813.471,792.418,0.000,0.000,0.000,0.000,807.515,825.362,ok,,0.02,0.0200,1
eval_CoNi-AM90_SEM-EBSD_SameSlice_0#1,SameSlice,CoNi-AM90_SEM-EBSD_SameSlice,roma,pyramid_v2,0.1374,0.10851,47,10000,785,homography@direct,1.75,951.744,1014.909,0.000,0.000,0.000,0.000,842.145,834.928,ok,,0.02,0.0200,1
eval_CoNi-AM90_SEM-EBSD_SameSlice_0#2,SameSlice,CoNi-AM90_SEM-EBSD_SameSlice,roma,direct,0.6872,0.10851,47,10000,174,affine,2.29,188.565,170.172,0.000,0.000,0.000,0.000,198.478,197.990,ok,,0.5,0.5000,22
eval_CoNi-AM90_SEM-EBSD_SameSlice_0#2,SameSlice,CoNi-AM90_SEM-EBSD_SameSlice,roma,pyramid_v2,0.6872,0.10851,47,10000,134,affine@direct,2.40,188.090,173.303,0.000,0.000,0.000,0.000,196.644,218.768,ok,,0.5,0.5000,22
eval_CoNi-AM90_SEM-EBSD_SameSlice_0#2,SameSlice,CoNi-AM90_SEM-EBSD_SameSlice,roma,direct,0.4860,0.10851,47,10000,133,affine,1.70,222.745,248.407,0.000,0.000,0.000,0.000,198.383,203.190,ok,,0.25,0.2500,9
eval_CoNi-AM90_SEM-EBSD_SameSlice_0#2,SameSlice,CoNi-AM90_SEM-EBSD_SameSlice,roma,pyramid_v2,0.4860,0.10851,47,10000,1344,affine@direct+zoom,4.75,795.655,813.576,0.000,0.000,0.000,0.000,808.170,821.061,ok,,0.25,0.2500,9
eval_CoNi-AM90_SEM-EBSD_SameSlice_0#2,SameSlice,CoNi-AM90_SEM-EBSD_SameSlice,roma,direct,0.3074,0.10851,47,10000,269,affine,1.32,497.511,444.563,0.000,0.000,0.000,0.000,512.610,466.348,ok,,0.1,0.1000,5
eval_CoNi-AM90_SEM-EBSD_SameSlice_0#2,SameSlice,CoNi-AM90_SEM-EBSD_SameSlice,roma,pyramid_v2,0.3074,0.10851,47,10000,224,homography@direct,1.35,6809.991,730.856,0.000,0.000,0.000,0.000,574.336,606.644,ok,,0.1,0.1000,5
eval_CoNi-AM90_SEM-EBSD_SameSlice_0#2,SameSlice,CoNi-AM90_SEM-EBSD_SameSlice,roma,direct,0.2173,0.10851,47,10000,636,affine,1.20,718.634,679.785,0.000,0.000,0.000,0.000,688.887,646.539,ok,,0.05,0.0500,2
eval_CoNi-AM90_SEM-EBSD_SameSlice_0#2,SameSlice,CoNi-AM90_SEM-EBSD_SameSlice,roma,pyramid_v2,0.2173,0.10851,47,10000,650,affine@direct+zoom,2.91,657.849,627.470,0.000,0.000,0.000,0.000,676.520,664.147,ok,,0.05,0.0500,2
eval_CoNi-AM90_SEM-EBSD_SameSlice_0#2,SameSlice,CoNi-AM90_SEM-EBSD_SameSlice,roma,direct,0.1374,0.10851,47,10000,963,homography,1.18,792.717,730.236,0.000,0.000,0.000,0.000,785.317,659.457,ok,,0.02,0.0200,1
eval_CoNi-AM90_SEM-EBSD_SameSlice_0#2,SameSlice,CoNi-AM90_SEM-EBSD_SameSlice,roma,pyramid_v2,0.1374,0.10851,47,10000,3818,affine@direct+zoom,1.93,819.478,760.033,0.000,0.000,0.000,0.000,787.936,761.576,ok,,0.02,0.0200,1
eval_CoNi_SEM-SE_SEM-BSE_Cracks-SameSliceSerialSectioning_0#0,SerialSectioning,CoNi_SEM-SE_SEM-BSE_Cracks-SameSliceSerialSectioning,roma,direct,0.7073,1.85714,61,10000,5870,affine,0.75,6.703,4.836,0.033,0.262,0.541,0.754,4.577,3.644,ok,,0.5,0.5003,58
eval_CoNi_SEM-SE_SEM-BSE_Cracks-SameSliceSerialSectioning_0#0,SerialSectioning,CoNi_SEM-SE_SEM-BSE_Cracks-SameSliceSerialSectioning,roma,pyramid_v2,0.7073,1.85714,61,10000,6232,homography@direct,0.79,5.307,3.787,0.000,0.311,0.557,0.885,4.906,3.425,ok,,0.5,0.5003,58
eval_CoNi_SEM-SE_SEM-BSE_Cracks-SameSliceSerialSectioning_0#0,SerialSectioning,CoNi_SEM-SE_SEM-BSE_Cracks-SameSliceSerialSectioning,roma,direct,0.5000,1.85714,61,10000,4975,affine,0.79,9.292,7.117,0.033,0.180,0.393,0.672,9.875,8.739,ok,,0.25,0.2498,27
eval_CoNi_SEM-SE_SEM-BSE_Cracks-SameSliceSerialSectioning_0#0,SerialSectioning,CoNi_SEM-SE_SEM-BSE_Cracks-SameSliceSerialSectioning,roma,pyramid_v2,0.5000,1.85714,61,10000,4881,affine@direct,1.61,8.149,6.338,0.033,0.262,0.475,0.738,9.928,7.723,ok,,0.25,0.2498,27
eval_CoNi_SEM-SE_SEM-BSE_Cracks-SameSliceSerialSectioning_0#0,SerialSectioning,CoNi_SEM-SE_SEM-BSE_Cracks-SameSliceSerialSectioning,roma,direct,0.3162,1.85714,61,10000,493,homography,0.67,2566.766,520.456,0.000,0.000,0.000,0.033,153.468,124.197,ok,,0.1,0.1001,13
eval_CoNi_SEM-SE_SEM-BSE_Cracks-SameSliceSerialSectioning_0#0,SerialSectioning,CoNi_SEM-SE_SEM-BSE_Cracks-SameSliceSerialSectioning,roma,pyramid_v2,0.3162,1.85714,61,10000,923,affine@direct+zoom,1.75,449.548,398.858,0.000,0.000,0.000,0.000,459.085,399.351,ok,,0.1,0.1001,13
eval_CoNi_SEM-SE_SEM-BSE_Cracks-SameSliceSerialSectioning_0#0,SerialSectioning,CoNi_SEM-SE_SEM-BSE_Cracks-SameSliceSerialSectioning,roma,direct,0.2237,1.85714,61,10000,788,homography,0.75,133.885,120.448,0.000,0.033,0.033,0.033,101.941,86.442,ok,,0.05,0.0501,5
eval_CoNi_SEM-SE_SEM-BSE_Cracks-SameSliceSerialSectioning_0#0,SerialSectioning,CoNi_SEM-SE_SEM-BSE_Cracks-SameSliceSerialSectioning,roma,pyramid_v2,0.2237,1.85714,61,10000,272,homography@direct+zoom,1.87,721.096,754.732,0.000,0.000,0.000,0.000,702.246,624.299,ok,,0.05,0.0501,5
eval_CoNi_SEM-SE_SEM-BSE_Cracks-SameSliceSerialSectioning_0#0,SerialSectioning,CoNi_SEM-SE_SEM-BSE_Cracks-SameSliceSerialSectioning,roma,direct,0.1415,1.85714,61,10000,700,affine,0.69,419.261,393.078,0.000,0.000,0.000,0.000,431.758,406.352,ok,,0.02,0.0200,0
eval_CoNi_SEM-SE_SEM-BSE_Cracks-SameSliceSerialSectioning_0#0,SerialSectioning,CoNi_SEM-SE_SEM-BSE_Cracks-SameSliceSerialSectioning,roma,pyramid_v2,0.1415,1.85714,61,10000,682,affine@direct,1.30,447.956,433.430,0.000,0.000,0.000,0.000,383.412,330.109,ok,,0.02,0.0200,0
eval_In718-PrecipitationStrengthened_SEM-BSE_EBSD_SameSliceSerialSectioning_2#0,SerialSectioning,In718-PrecipitationStrengthened_SEM-BSE_EBSD_SameSliceSerialSectioning,roma,direct,,,,,,,,,,,,,,,,skipped,rung_not_below_base,0.5,,
eval_In718-PrecipitationStrengthened_SEM-BSE_EBSD_SameSliceSerialSectioning_2#0,SerialSectioning,In718-PrecipitationStrengthened_SEM-BSE_EBSD_SameSliceSerialSectioning,roma,pyramid_v2,,,,,,,,,,,,,,,,skipped,rung_not_below_base,0.5,,
eval_In718-PrecipitationStrengthened_SEM-BSE_EBSD_SameSliceSerialSectioning_2#0,SerialSectioning,In718-PrecipitationStrengthened_SEM-BSE_EBSD_SameSliceSerialSectioning,roma,direct,0.5192,5.12007,46,10000,749,homography,0.92,185.373,142.725,0.000,0.000,0.000,0.000,161.262,162.438,ok,,0.25,0.2500,46
eval_In718-PrecipitationStrengthened_SEM-BSE_EBSD_SameSliceSerialSectioning_2#0,SerialSectioning,In718-PrecipitationStrengthened_SEM-BSE_EBSD_SameSliceSerialSectioning,roma,pyramid_v2,0.5192,5.12007,46,10000,506,affine@direct,1.86,113.637,112.742,0.000,0.000,0.000,0.000,95.037,97.535,ok,,0.25,0.2500,46
eval_In718-PrecipitationStrengthened_SEM-BSE_EBSD_SameSliceSerialSectioning_2#0,SerialSectioning,In718-PrecipitationStrengthened_SEM-BSE_EBSD_SameSliceSerialSectioning,roma,direct,0.3283,5.12007,46,10000,218,homography,0.87,864.581,810.354,0.000,0.000,0.000,0.000,620.981,635.660,ok,,0.1,0.1000,17
eval_In718-PrecipitationStrengthened_SEM-BSE_EBSD_SameSliceSerialSectioning_2#0,SerialSectioning,In718-PrecipitationStrengthened_SEM-BSE_EBSD_SameSliceSerialSectioning,roma,pyramid_v2,0.3283,5.12007,46,10000,144,homography@direct,1.64,1900.996,903.126,0.000,0.000,0.000,0.000,815.957,812.735,ok,,0.1,0.1000,17
eval_In718-PrecipitationStrengthened_SEM-BSE_EBSD_SameSliceSerialSectioning_2#0,SerialSectioning,In718-PrecipitationStrengthened_SEM-BSE_EBSD_SameSliceSerialSectioning,roma,direct,0.2325,5.12007,46,10000,383,affine,0.85,709.149,713.922,0.000,0.000,0.000,0.000,713.795,711.918,ok,,0.05,0.0500,7
eval_In718-PrecipitationStrengthened_SEM-BSE_EBSD_SameSliceSerialSectioning_2#0,SerialSectioning,In718-PrecipitationStrengthened_SEM-BSE_EBSD_SameSliceSerialSectioning,roma,pyramid_v2,0.2325,5.12007,46,10000,376,affine@direct,1.59,763.659,733.318,0.000,0.000,0.000,0.000,741.805,745.381,ok,,0.05,0.0500,7
eval_In718-PrecipitationStrengthened_SEM-BSE_EBSD_SameSliceSerialSectioning_2#0,SerialSectioning,In718-PrecipitationStrengthened_SEM-BSE_EBSD_SameSliceSerialSectioning,roma,direct,0.1467,5.12007,46,10000,338,affine,0.88,866.603,840.175,0.000,0.000,0.000,0.000,827.886,832.192,ok,,0.02,0.0199,3
eval_In718-PrecipitationStrengthened_SEM-BSE_EBSD_SameSliceSerialSectioning_2#0,SerialSectioning,In718-PrecipitationStrengthened_SEM-BSE_EBSD_SameSliceSerialSectioning,roma,pyramid_v2,0.1467,5.12007,46,10000,386,homography@direct,1.54,717.422,695.819,0.000,0.000,0.000,0.000,666.845,684.438,ok,,0.02,0.0199,3
eval_In718-PrecipitationStrengthened_SEM-BSE_EBSD_SameSliceSerialSectioning_3#0,SerialSectioning,In718-PrecipitationStrengthened_SEM-BSE_EBSD_SameSliceSerialSectioning,roma,direct,,,,,,,,,,,,,,,,skipped,rung_not_below_base,0.5,,
eval_In718-PrecipitationStrengthened_SEM-BSE_EBSD_SameSliceSerialSectioning_3#0,SerialSectioning,In718-PrecipitationStrengthened_SEM-BSE_EBSD_SameSliceSerialSectioning,roma,pyramid_v2,,,,,,,,,,,,,,,,skipped,rung_not_below_base,0.5,,
eval_In718-PrecipitationStrengthened_SEM-BSE_EBSD_SameSliceSerialSectioning_3#0,SerialSectioning,In718-PrecipitationStrengthened_SEM-BSE_EBSD_SameSliceSerialSectioning,roma,direct,0.5192,5.12007,44,10000,222,homography,0.93,662.546,705.206,0.000,0.000,0.000,0.000,658.495,692.974,ok,,0.25,0.2500,44
eval_In718-PrecipitationStrengthened_SEM-BSE_EBSD_SameSliceSerialSectioning_3#0,SerialSectioning,In718-PrecipitationStrengthened_SEM-BSE_EBSD_SameSliceSerialSectioning,roma,pyramid_v2,0.5192,5.12007,44,10000,2210,affine@direct+zoom,2.73,37.951,40.077,0.000,0.000,0.000,0.114,44.506,44.701,ok,,0.25,0.2500,44
eval_In718-PrecipitationStrengthened_SEM-BSE_EBSD_SameSliceSerialSectioning_3#0,SerialSectioning,In718-PrecipitationStrengthened_SEM-BSE_EBSD_SameSliceSerialSectioning,roma,direct,0.3283,5.12007,44,10000,89,affine,0.87,1073.251,984.720,0.000,0.000,0.000,0.000,1055.419,991.558,ok,,0.1,0.1000,14
eval_In718-PrecipitationStrengthened_SEM-BSE_EBSD_SameSliceSerialSectioning_3#0,SerialSectioning,In718-PrecipitationStrengthened_SEM-BSE_EBSD_SameSliceSerialSectioning,roma,pyramid_v2,0.3283,5.12007,44,10000,101,homography@direct,1.61,1173.398,1212.092,0.000,0.000,0.000,0.000,1066.347,1133.237,ok,,0.1,0.1000,14
eval_In718-PrecipitationStrengthened_SEM-BSE_EBSD_SameSliceSerialSectioning_3#0,SerialSectioning,In718-PrecipitationStrengthened_SEM-BSE_EBSD_SameSliceSerialSectioning,roma,direct,0.2325,5.12007,44,10000,338,affine,0.87,526.381,473.674,0.000,0.000,0.000,0.000,589.733,525.207,ok,,0.05,0.0500,9
eval_In718-PrecipitationStrengthened_SEM-BSE_EBSD_SameSliceSerialSectioning_3#0,SerialSectioning,In718-PrecipitationStrengthened_SEM-BSE_EBSD_SameSliceSerialSectioning,roma,pyramid_v2,0.2325,5.12007,44,10000,1562,homography@direct+zoom,1.45,1380.318,1224.452,0.000,0.000,0.000,0.000,1144.610,1159.624,ok,,0.05,0.0500,9
eval_In718-PrecipitationStrengthened_SEM-BSE_EBSD_SameSliceSerialSectioning_3#0,SerialSectioning,In718-PrecipitationStrengthened_SEM-BSE_EBSD_SameSliceSerialSectioning,roma,direct,0.1467,5.12007,44,10000,496,homography,0.85,1035.797,1060.794,0.000,0.000,0.000,0.000,1043.915,962.893,ok,,0.02,0.0199,6
eval_In718-PrecipitationStrengthened_SEM-BSE_EBSD_SameSliceSerialSectioning_3#0,SerialSectioning,In718-PrecipitationStrengthened_SEM-BSE_EBSD_SameSliceSerialSectioning,roma,pyramid_v2,0.1467,5.12007,44,10000,575,affine@direct,1.37,964.718,996.914,0.000,0.000,0.000,0.000,872.090,882.206,ok,,0.02,0.0199,6
eval_In718-SolutionStrengthened_SEM-SE_EBSD_SameSliceSerialSectioning_0#0,SerialSectioning,In718-SolutionStrengthened_SEM-SE_EBSD_SameSliceSerialSectioning,roma,direct,0.4714,1.00000,20,10000,522,affine,0.69,470.392,414.542,0.000,0.000,0.000,0.000,427.780,375.526,ok,,0.5,0.4999,18
eval_In718-SolutionStrengthened_SEM-SE_EBSD_SameSliceSerialSectioning_0#0,SerialSectioning,In718-SolutionStrengthened_SEM-SE_EBSD_SameSliceSerialSectioning,roma,pyramid_v2,0.4714,1.00000,20,10000,1470,affine@direct+zoom,1.37,383.600,363.536,0.000,0.000,0.000,0.000,399.227,383.841,ok,,0.5,0.4999,18
eval_In718-SolutionStrengthened_SEM-SE_EBSD_SameSliceSerialSectioning_0#0,SerialSectioning,In718-SolutionStrengthened_SEM-SE_EBSD_SameSliceSerialSectioning,roma,direct,0.3333,1.00000,20,10000,625,homography,0.66,368.208,285.729,0.000,0.000,0.000,0.000,272.042,254.522,ok,,0.25,0.2500,11
eval_In718-SolutionStrengthened_SEM-SE_EBSD_SameSliceSerialSectioning_0#0,SerialSectioning,In718-SolutionStrengthened_SEM-SE_EBSD_SameSliceSerialSectioning,roma,pyramid_v2,0.3333,1.00000,20,10000,699,affine@direct+zoom,2.08,438.459,420.377,0.000,0.000,0.000,0.000,336.183,316.575,ok,,0.25,0.2500,11
eval_In718-SolutionStrengthened_SEM-SE_EBSD_SameSliceSerialSectioning_0#0,SerialSectioning,In718-SolutionStrengthened_SEM-SE_EBSD_SameSliceSerialSectioning,roma,direct,0.2109,1.00000,20,10000,814,affine,0.63,464.781,499.727,0.000,0.000,0.000,0.000,458.152,464.232,ok,,0.1,0.1001,4
eval_In718-SolutionStrengthened_SEM-SE_EBSD_SameSliceSerialSectioning_0#0,SerialSectioning,In718-SolutionStrengthened_SEM-SE_EBSD_SameSliceSerialSectioning,roma,pyramid_v2,0.2109,1.00000,20,10000,1573,affine@direct+zoom,2.16,446.289,412.226,0.000,0.000,0.000,0.000,452.273,415.756,ok,,0.1,0.1001,4
eval_In718-SolutionStrengthened_SEM-SE_EBSD_SameSliceSerialSectioning_0#0,SerialSectioning,In718-SolutionStrengthened_SEM-SE_EBSD_SameSliceSerialSectioning,roma,direct,0.1491,1.00000,20,10000,805,affine,0.60,412.769,407.115,0.000,0.000,0.000,0.000,413.927,398.210,ok,,0.05,0.0499,2
eval_In718-SolutionStrengthened_SEM-SE_EBSD_SameSliceSerialSectioning_0#0,SerialSectioning,In718-SolutionStrengthened_SEM-SE_EBSD_SameSliceSerialSectioning,roma,pyramid_v2,0.1491,1.00000,20,10000,2088,affine@direct+zoom,1.53,328.416,308.338,0.000,0.000,0.000,0.000,343.256,310.349,ok,,0.05,0.0499,2
eval_In718-SolutionStrengthened_SEM-SE_EBSD_SameSliceSerialSectioning_0#0,SerialSectioning,In718-SolutionStrengthened_SEM-SE_EBSD_SameSliceSerialSectioning,roma,direct,0.0944,1.00000,20,10000,2082,affine,0.54,454.285,452.593,0.000,0.000,0.000,0.000,523.955,500.841,ok,,0.02,0.0200,0
eval_In718-SolutionStrengthened_SEM-SE_EBSD_SameSliceSerialSectioning_0#0,SerialSectioning,In718-SolutionStrengthened_SEM-SE_EBSD_SameSliceSerialSectioning,roma,pyramid_v2,0.0944,1.00000,20,10000,2194,affine@direct+zoom,1.50,407.847,384.982,0.000,0.000,0.000,0.000,407.337,406.945,ok,,0.02,0.0200,0
eval_In718-SolutionStrengthened_SEM-SE_EBSD_SameSliceSerialSectioning_1#0,SerialSectioning,In718-SolutionStrengthened_SEM-SE_EBSD_SameSliceSerialSectioning,roma,direct,0.2357,1.00000,26,10000,1114,homography,0.63,225.251,214.847,0.000,0.000,0.000,0.000,150.716,147.241,ok,,0.5,0.4997,21
eval_In718-SolutionStrengthened_SEM-SE_EBSD_SameSliceSerialSectioning_1#0,SerialSectioning,In718-SolutionStrengthened_SEM-SE_EBSD_SameSliceSerialSectioning,roma,pyramid_v2,0.2357,1.00000,26,10000,1588,affine@direct+zoom,2.58,153.691,137.426,0.000,0.000,0.038,0.038,173.189,169.659,ok,,0.5,0.4997,21
eval_In718-SolutionStrengthened_SEM-SE_EBSD_SameSliceSerialSectioning_1#0,SerialSectioning,In718-SolutionStrengthened_SEM-SE_EBSD_SameSliceSerialSectioning,roma,direct,0.1667,1.00000,26,10000,501,homography,0.62,134.892,116.528,0.000,0.000,0.000,0.000,152.128,110.157,ok,,0.25,0.2494,10
eval_In718-SolutionStrengthened_SEM-SE_EBSD_SameSliceSerialSectioning_1#0,SerialSectioning,In718-SolutionStrengthened_SEM-SE_EBSD_SameSliceSerialSectioning,roma,pyramid_v2,0.1667,1.00000,26,10000,481,affine@direct,1.28,126.544,102.144,0.000,0.000,0.038,0.038,121.849,94.612,ok,,0.25,0.2494,10
eval_In718-SolutionStrengthened_SEM-SE_EBSD_SameSliceSerialSectioning_1#0,SerialSectioning,In718-SolutionStrengthened_SEM-SE_EBSD_SameSliceSerialSectioning,roma,direct,0.1055,1.00000,26,10000,744,affine,0.58,475.665,407.007,0.000,0.000,0.000,0.000,478.866,410.265,ok,,0.1,0.1001,3
eval_In718-SolutionStrengthened_SEM-SE_EBSD_SameSliceSerialSectioning_1#0,SerialSectioning,In718-SolutionStrengthened_SEM-SE_EBSD_SameSliceSerialSectioning,roma,pyramid_v2,0.1055,1.00000,26,10000,353,affine@direct+zoom,1.08,3354.058,3188.277,0.000,0.000,0.000,0.000,3543.789,3230.860,ok,,0.1,0.1001,3
eval_In718-SolutionStrengthened_SEM-SE_EBSD_SameSliceSerialSectioning_1#0,SerialSectioning,In718-SolutionStrengthened_SEM-SE_EBSD_SameSliceSerialSectioning,roma,direct,0.0742,1.00000,26,10000,820,affine,0.60,559.887,542.000,0.000,0.000,0.000,0.000,597.805,616.687,ok,,0.05,0.0499,3
eval_In718-SolutionStrengthened_SEM-SE_EBSD_SameSliceSerialSectioning_1#0,SerialSectioning,In718-SolutionStrengthened_SEM-SE_EBSD_SameSliceSerialSectioning,roma,pyramid_v2,0.0742,1.00000,26,10000,976,affine@direct+zoom,1.07,646.761,685.354,0.000,0.000,0.000,0.000,606.592,590.849,ok,,0.05,0.0499,3
eval_In718-SolutionStrengthened_SEM-SE_EBSD_SameSliceSerialSectioning_1#0,SerialSectioning,In718-SolutionStrengthened_SEM-SE_EBSD_SameSliceSerialSectioning,roma,direct,0.0469,1.00000,26,10000,474,homography,0.57,480.102,509.643,0.000,0.000,0.000,0.000,509.842,467.551,ok,,0.02,0.0198,1
eval_In718-SolutionStrengthened_SEM-SE_EBSD_SameSliceSerialSectioning_1#0,SerialSectioning,In718-SolutionStrengthened_SEM-SE_EBSD_SameSliceSerialSectioning,roma,pyramid_v2,0.0469,1.00000,26,10000,3548,affine@direct+zoom,1.01,511.278,438.586,0.000,0.000,0.000,0.000,479.976,459.968,ok,,0.02,0.0198,1
eval_In718-SolutionStrengthened_SEM-SE_EBSD_SameSliceSerialSectioning_1#1,SerialSectioning,In718-SolutionStrengthened_SEM-SE_EBSD_SameSliceSerialSectioning,roma,direct,0.2357,1.00000,26,10000,633,homography,0.63,383.629,380.345,0.000,0.000,0.000,0.000,392.379,394.378,ok,,0.5,0.4997,21
eval_In718-SolutionStrengthened_SEM-SE_EBSD_SameSliceSerialSectioning_1#1,SerialSectioning,In718-SolutionStrengthened_SEM-SE_EBSD_SameSliceSerialSectioning,roma,pyramid_v2,0.2357,1.00000,26,10000,541,affine@direct,1.28,353.587,350.605,0.000,0.000,0.000,0.000,361.639,356.589,ok,,0.5,0.4997,21
eval_In718-SolutionStrengthened_SEM-SE_EBSD_SameSliceSerialSectioning_1#1,SerialSectioning,In718-SolutionStrengthened_SEM-SE_EBSD_SameSliceSerialSectioning,roma,direct,0.1667,1.00000,26,10000,405,affine,0.62,201.691,204.781,0.000,0.000,0.000,0.000,192.423,202.005,ok,,0.25,0.2494,10
eval_In718-SolutionStrengthened_SEM-SE_EBSD_SameSliceSerialSectioning_1#1,SerialSectioning,In718-SolutionStrengthened_SEM-SE_EBSD_SameSliceSerialSectioning,roma,pyramid_v2,0.1667,1.00000,26,10000,267,affine@direct+zoom,1.62,311.072,324.225,0.000,0.000,0.000,0.000,279.775,315.748,ok,,0.25,0.2494,10
eval_In718-SolutionStrengthened_SEM-SE_EBSD_SameSliceSerialSectioning_1#1,SerialSectioning,In718-SolutionStrengthened_SEM-SE_EBSD_SameSliceSerialSectioning,roma,direct,0.1055,1.00000,26,10000,1626,homography,0.58,709.664,398.509,0.000,0.000,0.000,0.000,350.175,348.814,ok,,0.1,0.1001,3
eval_In718-SolutionStrengthened_SEM-SE_EBSD_SameSliceSerialSectioning_1#1,SerialSectioning,In718-SolutionStrengthened_SEM-SE_EBSD_SameSliceSerialSectioning,roma,pyramid_v2,0.1055,1.00000,26,10000,1445,homography@direct+zoom,2.05,455.148,461.106,0.000,0.000,0.000,0.000,422.958,420.171,ok,,0.1,0.1001,3
eval_In718-SolutionStrengthened_SEM-SE_EBSD_SameSliceSerialSectioning_1#1,SerialSectioning,In718-SolutionStrengthened_SEM-SE_EBSD_SameSliceSerialSectioning,roma,direct,0.0742,1.00000,26,10000,463,affine,0.59,271.200,282.311,0.000,0.000,0.000,0.000,284.958,324.126,ok,,0.05,0.0499,3
eval_In718-SolutionStrengthened_SEM-SE_EBSD_SameSliceSerialSectioning_1#1,SerialSectioning,In718-SolutionStrengthened_SEM-SE_EBSD_SameSliceSerialSectioning,roma,pyramid_v2,0.0742,1.00000,26,10000,935,homography@direct+zoom,2.01,473.687,489.691,0.000,0.000,0.000,0.000,522.608,548.109,ok,,0.05,0.0499,3
eval_In718-SolutionStrengthened_SEM-SE_EBSD_SameSliceSerialSectioning_1#1,SerialSectioning,In718-SolutionStrengthened_SEM-SE_EBSD_SameSliceSerialSectioning,roma,direct,0.0469,1.00000,26,10000,563,homography,0.57,1320.974,619.527,0.000,0.000,0.000,0.000,746.094,798.957,ok,,0.02,0.0198,1
eval_In718-SolutionStrengthened_SEM-SE_EBSD_SameSliceSerialSectioning_1#1,SerialSectioning,In718-SolutionStrengthened_SEM-SE_EBSD_SameSliceSerialSectioning,roma,pyramid_v2,0.0469,1.00000,26,10000,362,homography@direct+zoom,1.51,647.861,652.231,0.000,0.000,0.000,0.000,600.877,549.797,ok,,0.02,0.0198,1
eval_In718-SolutionStrengthened_SEM-SE_EBSD_SameSliceSerialSectioning_2#0,SerialSectioning,In718-SolutionStrengthened_SEM-SE_EBSD_SameSliceSerialSectioning,roma,direct,0.2357,1.00000,44,10000,3539,affine,0.61,16.709,14.490,0.000,0.068,0.182,0.341,22.945,24.533,ok,,0.5,0.4997,31
eval_In718-SolutionStrengthened_SEM-SE_EBSD_SameSliceSerialSectioning_2#0,SerialSectioning,In718-SolutionStrengthened_SEM-SE_EBSD_SameSliceSerialSectioning,roma,pyramid_v2,0.2357,1.00000,44,10000,3603,affine@direct,1.30,14.226,13.086,0.000,0.045,0.091,0.273,21.415,22.408,ok,,0.5,0.4997,31
eval_In718-SolutionStrengthened_SEM-SE_EBSD_SameSliceSerialSectioning_2#0,SerialSectioning,In718-SolutionStrengthened_SEM-SE_EBSD_SameSliceSerialSectioning,roma,direct,0.1667,1.00000,44,10000,670,homography,0.62,111.997,111.488,0.000,0.000,0.000,0.000,77.697,71.715,ok,,0.25,0.2494,11
eval_In718-SolutionStrengthened_SEM-SE_EBSD_SameSliceSerialSectioning_2#0,SerialSectioning,In718-SolutionStrengthened_SEM-SE_EBSD_SameSliceSerialSectioning,roma,pyramid_v2,0.1667,1.00000,44,10000,483,affine@direct,1.10,313.213,310.230,0.000,0.000,0.000,0.000,319.937,334.820,ok,,0.25,0.2494,11
eval_In718-SolutionStrengthened_SEM-SE_EBSD_SameSliceSerialSectioning_2#0,SerialSectioning,In718-SolutionStrengthened_SEM-SE_EBSD_SameSliceSerialSectioning,roma,direct,0.1055,1.00000,44,10000,487,homography,0.62,649.284,441.135,0.000,0.000,0.000,0.000,269.240,272.342,ok,,0.1,0.1001,6
eval_In718-SolutionStrengthened_SEM-SE_EBSD_SameSliceSerialSectioning_2#0,SerialSectioning,In718-SolutionStrengthened_SEM-SE_EBSD_SameSliceSerialSectioning,roma,pyramid_v2,0.1055,1.00000,44,10000,1716,affine@direct+zoom,2.09,514.883,496.291,0.000,0.000,0.000,0.000,511.325,495.719,ok,,0.1,0.1001,6
eval_In718-SolutionStrengthened_SEM-SE_EBSD_SameSliceSerialSectioning_2#0,SerialSectioning,In718-SolutionStrengthened_SEM-SE_EBSD_SameSliceSerialSectioning,roma,direct,0.0742,1.00000,44,10000,610,homography,0.59,718.059,656.764,0.000,0.000,0.000,0.000,581.358,560.236,ok,,0.05,0.0499,4
eval_In718-SolutionStrengthened_SEM-SE_EBSD_SameSliceSerialSectioning_2#0,SerialSectioning,In718-SolutionStrengthened_SEM-SE_EBSD_SameSliceSerialSectioning,roma,pyramid_v2,0.0742,1.00000,44,10000,339,affine@direct+zoom,1.06,4294.482,4389.093,0.000,0.000,0.000,0.000,4600.231,4743.721,ok,,0.05,0.0499,4
eval_In718-SolutionStrengthened_SEM-SE_EBSD_SameSliceSerialSectioning_2#0,SerialSectioning,In718-SolutionStrengthened_SEM-SE_EBSD_SameSliceSerialSectioning,roma,direct,0.0469,1.00000,44,10000,572,affine,0.56,821.683,792.873,0.000,0.000,0.000,0.000,706.357,672.898,ok,,0.02,0.0198,3
eval_In718-SolutionStrengthened_SEM-SE_EBSD_SameSliceSerialSectioning_2#0,SerialSectioning,In718-SolutionStrengthened_SEM-SE_EBSD_SameSliceSerialSectioning,roma,pyramid_v2,0.0469,1.00000,44,10000,467,affine@direct+zoom,1.03,724.961,767.834,0.000,0.000,0.000,0.000,698.315,715.700,ok,,0.02,0.0198,3
eval_In718-SolutionStrengthened_SEM-SE_EBSD_SameSliceSerialSectioning_2#1,SerialSectioning,In718-SolutionStrengthened_SEM-SE_EBSD_SameSliceSerialSectioning,roma,direct,0.2357,1.00000,44,10000,805,affine,0.65,341.703,324.165,0.000,0.000,0.000,0.000,330.460,319.749,ok,,0.5,0.4997,31
eval_In718-SolutionStrengthened_SEM-SE_EBSD_SameSliceSerialSectioning_2#1,SerialSectioning,In718-SolutionStrengthened_SEM-SE_EBSD_SameSliceSerialSectioning,roma,pyramid_v2,0.2357,1.00000,44,10000,1102,affine@direct+zoom,1.18,402.271,400.256,0.000,0.000,0.000,0.000,402.813,398.917,ok,,0.5,0.4997,31
eval_In718-SolutionStrengthened_SEM-SE_EBSD_SameSliceSerialSectioning_2#1,SerialSectioning,In718-SolutionStrengthened_SEM-SE_EBSD_SameSliceSerialSectioning,roma,direct,0.1667,1.00000,44,10000,742,affine,0.64,73.074,58.601,0.000,0.000,0.000,0.023,112.113,108.547,ok,,0.25,0.2494,11
eval_In718-SolutionStrengthened_SEM-SE_EBSD_SameSliceSerialSectioning_2#1,SerialSectioning,In718-SolutionStrengthened_SEM-SE_EBSD_SameSliceSerialSectioning,roma,pyramid_v2,0.1667,1.00000,44,10000,989,affine@direct+zoom,2.32,1088.001,894.451,0.000,0.000,0.000,0.000,933.375,764.046,ok,,0.25,0.2494,11
eval_In718-SolutionStrengthened_SEM-SE_EBSD_SameSliceSerialSectioning_2#1,SerialSectioning,In718-SolutionStrengthened_SEM-SE_EBSD_SameSliceSerialSectioning,roma,direct,0.1055,1.00000,44,10000,729,affine,0.62,423.608,449.060,0.000,0.000,0.000,0.000,394.758,415.048,ok,,0.1,0.1001,6
eval_In718-SolutionStrengthened_SEM-SE_EBSD_SameSliceSerialSectioning_2#1,SerialSectioning,In718-SolutionStrengthened_SEM-SE_EBSD_SameSliceSerialSectioning,roma,pyramid_v2,0.1055,1.00000,44,10000,1386,affine@direct+zoom,1.09,434.811,447.930,0.000,0.000,0.000,0.000,472.314,481.258,ok,,0.1,0.1001,6
eval_In718-SolutionStrengthened_SEM-SE_EBSD_SameSliceSerialSectioning_2#1,SerialSectioning,In718-SolutionStrengthened_SEM-SE_EBSD_SameSliceSerialSectioning,roma,direct,0.0742,1.00000,44,10000,695,affine,0.62,209.723,179.304,0.000,0.000,0.000,0.000,220.339,234.310,ok,,0.05,0.0499,4
eval_In718-SolutionStrengthened_SEM-SE_EBSD_SameSliceSerialSectioning_2#1,SerialSectioning,In718-SolutionStrengthened_SEM-SE_EBSD_SameSliceSerialSectioning,roma,pyramid_v2,0.0742,1.00000,44,10000,744,affine@direct+zoom,1.12,2385.822,2700.566,0.000,0.000,0.000,0.000,2281.680,2488.672,ok,,0.05,0.0499,4
eval_In718-SolutionStrengthened_SEM-SE_EBSD_SameSliceSerialSectioning_2#1,SerialSectioning,In718-SolutionStrengthened_SEM-SE_EBSD_SameSliceSerialSectioning,roma,direct,0.0469,1.00000,44,10000,688,affine,0.57,405.795,372.522,0.000,0.000,0.000,0.000,478.011,416.233,ok,,0.02,0.0198,3
eval_In718-SolutionStrengthened_SEM-SE_EBSD_SameSliceSerialSectioning_2#1,SerialSectioning,In718-SolutionStrengthened_SEM-SE_EBSD_SameSliceSerialSectioning,roma,pyramid_v2,0.0469,1.00000,44,10000,1647,affine@direct+zoom,1.10,486.021,495.553,0.000,0.000,0.000,0.000,510.860,515.494,ok,,0.02,0.0198,3
eval_In718-SolutionStrengthened_SEM-SE_EBSD_SameSliceSerialSectioning_3#0,SerialSectioning,In718-SolutionStrengthened_SEM-SE_EBSD_SameSliceSerialSectioning,roma,direct,0.2357,1.00000,53,10000,337,homography,0.63,1206.950,359.647,0.000,0.000,0.000,0.019,384.795,378.210,ok,,0.5,0.4997,36
eval_In718-SolutionStrengthened_SEM-SE_EBSD_SameSliceSerialSectioning_3#0,SerialSectioning,In718-SolutionStrengthened_SEM-SE_EBSD_SameSliceSerialSectioning,roma,pyramid_v2,0.2357,1.00000,53,10000,450,affine@direct+zoom,1.17,1703.839,1240.782,0.000,0.000,0.000,0.000,1616.435,1221.394,ok,,0.5,0.4997,36
eval_In718-SolutionStrengthened_SEM-SE_EBSD_SameSliceSerialSectioning_3#0,SerialSectioning,In718-SolutionStrengthened_SEM-SE_EBSD_SameSliceSerialSectioning,roma,direct,0.1667,1.00000,53,10000,916,homography,0.59,212.913,205.970,0.000,0.000,0.000,0.000,190.484,133.732,ok,,0.25,0.2494,14
eval_In718-SolutionStrengthened_SEM-SE_EBSD_SameSliceSerialSectioning_3#0,SerialSectioning,In718-SolutionStrengthened_SEM-SE_EBSD_SameSliceSerialSectioning,roma,pyramid_v2,0.1667,1.00000,53,10000,833,homography@direct+zoom,1.11,3005.010,593.289,0.000,0.000,0.000,0.000,1591.617,1493.126,ok,,0.25,0.2494,14
eval_In718-SolutionStrengthened_SEM-SE_EBSD_SameSliceSerialSectioning_3#0,SerialSectioning,In718-SolutionStrengthened_SEM-SE_EBSD_SameSliceSerialSectioning,roma,direct,0.1055,1.00000,53,10000,501,homography,0.57,1108.902,519.642,0.000,0.000,0.000,0.000,363.011,373.432,ok,,0.1,0.1001,4
eval_In718-SolutionStrengthened_SEM-SE_EBSD_SameSliceSerialSectioning_3#0,SerialSectioning,In718-SolutionStrengthened_SEM-SE_EBSD_SameSliceSerialSectioning,roma,pyramid_v2,0.1055,1.00000,53,10000,1734,affine@direct+zoom,1.57,926.913,845.592,0.000,0.000,0.000,0.000,749.365,711.717,ok,,0.1,0.1001,4
eval_In718-SolutionStrengthened_SEM-SE_EBSD_SameSliceSerialSectioning_3#0,SerialSectioning,In718-SolutionStrengthened_SEM-SE_EBSD_SameSliceSerialSectioning,roma,direct,0.0742,1.00000,53,10000,456,homography,0.59,749.895,557.954,0.000,0.000,0.000,0.000,238.642,235.175,ok,,0.05,0.0499,4
eval_In718-SolutionStrengthened_SEM-SE_EBSD_SameSliceSerialSectioning_3#0,SerialSectioning,In718-SolutionStrengthened_SEM-SE_EBSD_SameSliceSerialSectioning,roma,pyramid_v2,0.0742,1.00000,53,10000,756,affine@direct,1.08,313.883,260.518,0.000,0.000,0.000,0.019,280.319,281.926,ok,,0.05,0.0499,4
eval_In718-SolutionStrengthened_SEM-SE_EBSD_SameSliceSerialSectioning_3#0,SerialSectioning,In718-SolutionStrengthened_SEM-SE_EBSD_SameSliceSerialSectioning,roma,direct,0.0469,1.00000,53,10000,1100,homography,0.56,953.684,635.264,0.000,0.000,0.000,0.000,577.120,579.857,ok,,0.02,0.0198,0
eval_In718-SolutionStrengthened_SEM-SE_EBSD_SameSliceSerialSectioning_3#0,SerialSectioning,In718-SolutionStrengthened_SEM-SE_EBSD_SameSliceSerialSectioning,roma,pyramid_v2,0.0469,1.00000,53,10000,1043,homography@direct,1.08,831.220,629.288,0.000,0.000,0.000,0.000,561.013,554.120,ok,,0.02,0.0198,0
eval_In718-SolutionStrengthened_SEM-SE_EBSD_SameSliceSerialSectioning_3#1,SerialSectioning,In718-SolutionStrengthened_SEM-SE_EBSD_SameSliceSerialSectioning,roma,direct,0.2357,1.00000,53,10000,1083,affine,0.65,361.237,282.012,0.000,0.000,0.000,0.000,347.561,306.046,ok,,0.5,0.4997,36
eval_In718-SolutionStrengthened_SEM-SE_EBSD_SameSliceSerialSectioning_3#1,SerialSectioning,In718-SolutionStrengthened_SEM-SE_EBSD_SameSliceSerialSectioning,roma,pyramid_v2,0.2357,1.00000,53,10000,1914,affine@direct+zoom,1.78,554.578,628.481,0.000,0.000,0.000,0.000,552.803,629.669,ok,,0.5,0.4997,36
eval_In718-SolutionStrengthened_SEM-SE_EBSD_SameSliceSerialSectioning_3#1,SerialSectioning,In718-SolutionStrengthened_SEM-SE_EBSD_SameSliceSerialSectioning,roma,direct,0.1667,1.00000,53,10000,764,homography,0.63,884.245,359.629,0.000,0.000,0.000,0.000,266.806,265.404,ok,,0.25,0.2494,14
eval_In718-SolutionStrengthened_SEM-SE_EBSD_SameSliceSerialSectioning_3#1,SerialSectioning,In718-SolutionStrengthened_SEM-SE_EBSD_SameSliceSerialSectioning,roma,pyramid_v2,0.1667,1.00000,53,10000,1233,affine@direct+zoom,1.12,657.086,700.024,0.000,0.000,0.000,0.000,828.159,876.999,ok,,0.25,0.2494,14
eval_In718-SolutionStrengthened_SEM-SE_EBSD_SameSliceSerialSectioning_3#1,SerialSectioning,In718-SolutionStrengthened_SEM-SE_EBSD_SameSliceSerialSectioning,roma,direct,0.1055,1.00000,53,10000,735,homography,0.63,419.941,414.611,0.000,0.000,0.000,0.000,314.140,298.977,ok,,0.1,0.1001,4
eval_In718-SolutionStrengthened_SEM-SE_EBSD_SameSliceSerialSectioning_3#1,SerialSectioning,In718-SolutionStrengthened_SEM-SE_EBSD_SameSliceSerialSectioning,roma,pyramid_v2,0.1055,1.00000,53,10000,1001,affine@direct+zoom,1.16,407.501,457.921,0.000,0.000,0.000,0.000,393.647,396.974,ok,,0.1,0.1001,4
eval_In718-SolutionStrengthened_SEM-SE_EBSD_SameSliceSerialSectioning_3#1,SerialSectioning,In718-SolutionStrengthened_SEM-SE_EBSD_SameSliceSerialSectioning,roma,direct,0.0742,1.00000,53,10000,298,homography,0.58,640.395,388.945,0.000,0.000,0.000,0.000,440.650,371.049,ok,,0.05,0.0499,4
eval_In718-SolutionStrengthened_SEM-SE_EBSD_SameSliceSerialSectioning_3#1,SerialSectioning,In718-SolutionStrengthened_SEM-SE_EBSD_SameSliceSerialSectioning,roma,pyramid_v2,0.0742,1.00000,53,10000,1657,homography@direct+zoom,1.51,436.132,495.448,0.000,0.000,0.000,0.000,371.070,422.376,ok,,0.05,0.0499,4
eval_In718-SolutionStrengthened_SEM-SE_EBSD_SameSliceSerialSectioning_3#1,SerialSectioning,In718-SolutionStrengthened_SEM-SE_EBSD_SameSliceSerialSectioning,roma,direct,0.0469,1.00000,53,10000,814,homography,0.65,2874.220,582.435,0.000,0.000,0.000,0.000,735.796,797.027,ok,,0.02,0.0198,0
eval_In718-SolutionStrengthened_SEM-SE_EBSD_SameSliceSerialSectioning_3#1,SerialSectioning,In718-SolutionStrengthened_SEM-SE_EBSD_SameSliceSerialSectioning,roma,pyramid_v2,0.0469,1.00000,53,10000,839,homography@direct,1.14,690.552,574.370,0.000,0.000,0.000,0.000,438.370,399.178,ok,,0.02,0.0198,0
eval_MoTaTiZrHf-HEA-DDRX-1100C_TEM_DislocationCharacterization_0#1,DislocationCharacterization,MoTaTiZrHf-HEA-DDRX-1100C_TEM_DislocationCharacterization,roma,direct,0.7070,1.00000,24,10000,4455,homography,0.93,21.651,19.356,0.000,0.042,0.042,0.167,24.685,23.259,ok,,0.5,0.5000,14
eval_MoTaTiZrHf-HEA-DDRX-1100C_TEM_DislocationCharacterization_0#1,DislocationCharacterization,MoTaTiZrHf-HEA-DDRX-1100C_TEM_DislocationCharacterization,roma,pyramid_v2,0.7070,1.00000,24,10000,4335,affine@direct,0.99,20.544,18.020,0.000,0.000,0.125,0.250,23.467,21.407,ok,,0.5,0.5000,14
eval_MoTaTiZrHf-HEA-DDRX-1100C_TEM_DislocationCharacterization_0#1,DislocationCharacterization,MoTaTiZrHf-HEA-DDRX-1100C_TEM_DislocationCharacterization,roma,direct,0.5000,1.00000,24,10000,706,affine,0.94,61.066,52.018,0.000,0.000,0.000,0.000,99.376,94.343,ok,,0.25,0.2500,7
eval_MoTaTiZrHf-HEA-DDRX-1100C_TEM_DislocationCharacterization_0#1,DislocationCharacterization,MoTaTiZrHf-HEA-DDRX-1100C_TEM_DislocationCharacterization,roma,pyramid_v2,0.5000,1.00000,24,10000,641,affine@direct,1.90,122.678,106.779,0.000,0.000,0.000,0.000,153.468,114.392,ok,,0.25,0.2500,7
eval_MoTaTiZrHf-HEA-DDRX-1100C_TEM_DislocationCharacterization_0#1,DislocationCharacterization,MoTaTiZrHf-HEA-DDRX-1100C_TEM_DislocationCharacterization,roma,direct,0.3164,1.00000,24,10000,1210,affine,0.86,1003.516,1063.932,0.000,0.000,0.000,0.000,976.160,1050.750,ok,,0.1,0.1000,0
eval_MoTaTiZrHf-HEA-DDRX-1100C_TEM_DislocationCharacterization_0#1,DislocationCharacterization,MoTaTiZrHf-HEA-DDRX-1100C_TEM_DislocationCharacterization,roma,pyramid_v2,0.3164,1.00000,24,10000,5616,affine@direct+zoom,1.49,1135.613,1278.351,0.000,0.000,0.000,0.000,1132.255,1273.336,ok,,0.1,0.1000,0
eval_MoTaTiZrHf-HEA-DDRX-1100C_TEM_DislocationCharacterization_0#1,DislocationCharacterization,MoTaTiZrHf-HEA-DDRX-1100C_TEM_DislocationCharacterization,roma,direct,0.2236,1.00000,24,10000,565,affine,0.79,443.222,490.999,0.000,0.000,0.000,0.000,378.678,376.648,ok,,0.05,0.0500,0
eval_MoTaTiZrHf-HEA-DDRX-1100C_TEM_DislocationCharacterization_0#1,DislocationCharacterization,MoTaTiZrHf-HEA-DDRX-1100C_TEM_DislocationCharacterization,roma,pyramid_v2,0.2236,1.00000,24,10000,582,affine@direct,1.55,382.827,365.125,0.000,0.000,0.000,0.000,337.508,338.655,ok,,0.05,0.0500,0
eval_MoTaTiZrHf-HEA-DDRX-1100C_TEM_DislocationCharacterization_0#1,DislocationCharacterization,MoTaTiZrHf-HEA-DDRX-1100C_TEM_DislocationCharacterization,roma,direct,0.1416,1.00000,24,10000,422,affine,0.72,639.880,476.187,0.000,0.000,0.000,0.000,644.608,522.576,ok,,0.02,0.0200,0
eval_MoTaTiZrHf-HEA-DDRX-1100C_TEM_DislocationCharacterization_0#1,DislocationCharacterization,MoTaTiZrHf-HEA-DDRX-1100C_TEM_DislocationCharacterization,roma,pyramid_v2,0.1416,1.00000,24,10000,1304,affine@direct+zoom,1.85,835.653,796.620,0.000,0.000,0.000,0.000,795.137,724.364,ok,,0.02,0.0200,0
eval_MoTaTiZrHf-HEA-DDRX-1100C_TEM_DislocationCharacterization_0#2,DislocationCharacterization,MoTaTiZrHf-HEA-DDRX-1100C_TEM_DislocationCharacterization,roma,direct,0.7070,1.00000,24,10000,1047,affine,0.91,112.346,112.652,0.000,0.000,0.000,0.000,125.132,113.738,ok,,0.5,0.5000,14
eval_MoTaTiZrHf-HEA-DDRX-1100C_TEM_DislocationCharacterization_0#2,DislocationCharacterization,MoTaTiZrHf-HEA-DDRX-1100C_TEM_DislocationCharacterization,roma,pyramid_v2,0.7070,1.00000,24,10000,937,homography@direct,0.94,138.222,129.532,0.000,0.000,0.000,0.042,156.099,143.944,ok,,0.5,0.5000,14
eval_MoTaTiZrHf-HEA-DDRX-1100C_TEM_DislocationCharacterization_0#2,DislocationCharacterization,MoTaTiZrHf-HEA-DDRX-1100C_TEM_DislocationCharacterization,roma,direct,0.5000,1.00000,24,10000,247,affine,0.90,1342.264,1350.777,0.000,0.000,0.000,0.000,1295.826,1269.514,ok,,0.25,0.2500,7
eval_MoTaTiZrHf-HEA-DDRX-1100C_TEM_DislocationCharacterization_0#2,DislocationCharacterization,MoTaTiZrHf-HEA-DDRX-1100C_TEM_DislocationCharacterization,roma,pyramid_v2,0.5000,1.00000,24,10000,1261,homography@direct+zoom,3.20,1397.925,1540.175,0.000,0.000,0.000,0.000,1354.342,1494.470,ok,,0.25,0.2500,7
eval_MoTaTiZrHf-HEA-DDRX-1100C_TEM_DislocationCharacterization_0#2,DislocationCharacterization,MoTaTiZrHf-HEA-DDRX-1100C_TEM_DislocationCharacterization,roma,direct,0.3164,1.00000,24,10000,885,affine,0.84,894.937,692.979,0.000,0.000,0.000,0.000,863.862,663.286,ok,,0.1,0.1000,0
eval_MoTaTiZrHf-HEA-DDRX-1100C_TEM_DislocationCharacterization_0#2,DislocationCharacterization,MoTaTiZrHf-HEA-DDRX-1100C_TEM_DislocationCharacterization,roma,pyramid_v2,0.3164,1.00000,24,10000,581,homography@direct,1.63,851.462,870.755,0.000,0.000,0.000,0.000,787.559,809.016,ok,,0.1,0.1000,0
eval_MoTaTiZrHf-HEA-DDRX-1100C_TEM_DislocationCharacterization_0#2,DislocationCharacterization,MoTaTiZrHf-HEA-DDRX-1100C_TEM_DislocationCharacterization,roma,direct,0.2236,1.00000,24,10000,1087,affine,0.74,913.010,799.293,0.000,0.000,0.000,0.000,869.599,745.558,ok,,0.05,0.0500,0
eval_MoTaTiZrHf-HEA-DDRX-1100C_TEM_DislocationCharacterization_0#2,DislocationCharacterization,MoTaTiZrHf-HEA-DDRX-1100C_TEM_DislocationCharacterization,roma,pyramid_v2,0.2236,1.00000,24,10000,1094,affine@direct,0.77,921.505,797.405,0.000,0.000,0.000,0.000,880.154,733.711,ok,,0.05,0.0500,0
eval_MoTaTiZrHf-HEA-DDRX-1100C_TEM_DislocationCharacterization_0#2,DislocationCharacterization,MoTaTiZrHf-HEA-DDRX-1100C_TEM_DislocationCharacterization,roma,direct,0.1416,1.00000,24,10000,1361,homography,0.71,877.054,885.003,0.000,0.000,0.000,0.000,815.546,808.184,ok,,0.02,0.0200,0
eval_MoTaTiZrHf-HEA-DDRX-1100C_TEM_DislocationCharacterization_0#2,DislocationCharacterization,MoTaTiZrHf-HEA-DDRX-1100C_TEM_DislocationCharacterization,roma,pyramid_v2,0.1416,1.00000,24,10000,4785,homography@direct+zoom,1.67,831.823,847.109,0.000,0.000,0.000,0.000,840.589,845.999,ok,,0.02,0.0200,0
eval_MoTaTiZrHf-HEA-DDRX-1100C_TEM_DislocationCharacterization_0#3,DislocationCharacterization,MoTaTiZrHf-HEA-DDRX-1100C_TEM_DislocationCharacterization,roma,direct,0.7070,1.00000,24,10000,4299,affine,0.91,25.427,22.245,0.000,0.000,0.000,0.083,29.932,29.991,ok,,0.5,0.5000,14
eval_MoTaTiZrHf-HEA-DDRX-1100C_TEM_DislocationCharacterization_0#3,DislocationCharacterization,MoTaTiZrHf-HEA-DDRX-1100C_TEM_DislocationCharacterization,roma,pyramid_v2,0.7070,1.00000,24,10000,4405,affine@direct,0.96,26.224,20.838,0.000,0.000,0.000,0.125,29.923,28.115,ok,,0.5,0.5000,14
eval_MoTaTiZrHf-HEA-DDRX-1100C_TEM_DislocationCharacterization_0#3,DislocationCharacterization,MoTaTiZrHf-HEA-DDRX-1100C_TEM_DislocationCharacterization,roma,direct,0.5000,1.00000,24,10000,527,affine,0.93,112.135,100.647,0.000,0.000,0.000,0.042,118.329,95.992,ok,,0.25,0.2500,7
eval_MoTaTiZrHf-HEA-DDRX-1100C_TEM_DislocationCharacterization_0#3,DislocationCharacterization,MoTaTiZrHf-HEA-DDRX-1100C_TEM_DislocationCharacterization,roma,pyramid_v2,0.5000,1.00000,24,10000,491,homography@direct,0.97,1079.923,521.093,0.000,0.000,0.000,0.000,75.333,73.482,ok,,0.25,0.2500,7
eval_MoTaTiZrHf-HEA-DDRX-1100C_TEM_DislocationCharacterization_0#3,DislocationCharacterization,MoTaTiZrHf-HEA-DDRX-1100C_TEM_DislocationCharacterization,roma,direct,0.3164,1.00000,24,10000,659,affine,0.87,798.593,800.566,0.000,0.000,0.000,0.000,818.300,784.697,ok,,0.1,0.1000,0
eval_MoTaTiZrHf-HEA-DDRX-1100C_TEM_DislocationCharacterization_0#3,DislocationCharacterization,MoTaTiZrHf-HEA-DDRX-1100C_TEM_DislocationCharacterization,roma,pyramid_v2,0.3164,1.00000,24,10000,1384,affine@direct+zoom,2.37,610.033,555.086,0.000,0.000,0.000,0.000,594.292,513.370,ok,,0.1,0.1000,0
eval_MoTaTiZrHf-HEA-DDRX-1100C_TEM_DislocationCharacterization_0#3,DislocationCharacterization,MoTaTiZrHf-HEA-DDRX-1100C_TEM_DislocationCharacterization,roma,direct,0.2236,1.00000,24,10000,901,homography,0.79,898.256,899.989,0.000,0.000,0.000,0.000,907.195,858.103,ok,,0.05,0.0500,0
eval_MoTaTiZrHf-HEA-DDRX-1100C_TEM_DislocationCharacterization_0#3,DislocationCharacterization,MoTaTiZrHf-HEA-DDRX-1100C_TEM_DislocationCharacterization,roma,pyramid_v2,0.2236,1.00000,24,10000,2102,affine@direct+zoom,1.41,1044.007,923.591,0.000,0.000,0.000,0.000,1012.368,916.105,ok,,0.05,0.0500,0
eval_MoTaTiZrHf-HEA-DDRX-1100C_TEM_DislocationCharacterization_0#3,DislocationCharacterization,MoTaTiZrHf-HEA-DDRX-1100C_TEM_DislocationCharacterization,roma,direct,0.1416,1.00000,24,10000,967,homography,0.74,873.747,803.435,0.000,0.000,0.000,0.000,704.167,645.545,ok,,0.02,0.0200,0
eval_MoTaTiZrHf-HEA-DDRX-1100C_TEM_DislocationCharacterization_0#3,DislocationCharacterization,MoTaTiZrHf-HEA-DDRX-1100C_TEM_DislocationCharacterization,roma,pyramid_v2,0.1416,1.00000,24,10000,1262,homography@direct+zoom,2.49,791.677,768.385,0.000,0.000,0.000,0.000,635.834,622.010,ok,,0.02,0.0200,0
eval_MoTaTiZrHf-HEA-DDRX-1100C_TEM_DislocationCharacterization_0#4,DislocationCharacterization,MoTaTiZrHf-HEA-DDRX-1100C_TEM_DislocationCharacterization,roma,direct,0.7070,1.00000,17,10000,5518,homography,0.90,14.928,15.406,0.000,0.000,0.059,0.235,13.833,12.580,ok,,0.5,0.5000,8
eval_MoTaTiZrHf-HEA-DDRX-1100C_TEM_DislocationCharacterization_0#4,DislocationCharacterization,MoTaTiZrHf-HEA-DDRX-1100C_TEM_DislocationCharacterization,roma,pyramid_v2,0.7070,1.00000,17,10000,5930,affine@direct,0.93,13.524,15.752,0.000,0.059,0.176,0.353,12.155,11.142,ok,,0.5,0.5000,8
eval_MoTaTiZrHf-HEA-DDRX-1100C_TEM_DislocationCharacterization_0#4,DislocationCharacterization,MoTaTiZrHf-HEA-DDRX-1100C_TEM_DislocationCharacterization,roma,direct,0.5000,1.00000,17,10000,4929,homography,0.92,21.386,21.521,0.000,0.000,0.000,0.176,17.039,16.528,ok,,0.25,0.2500,5
eval_MoTaTiZrHf-HEA-DDRX-1100C_TEM_DislocationCharacterization_0#4,DislocationCharacterization,MoTaTiZrHf-HEA-DDRX-1100C_TEM_DislocationCharacterization,roma,pyramid_v2,0.5000,1.00000,17,10000,5066,affine@direct,1.89,18.553,17.171,0.000,0.000,0.000,0.235,16.558,11.606,ok,,0.25,0.2500,5
eval_MoTaTiZrHf-HEA-DDRX-1100C_TEM_DislocationCharacterization_0#4,DislocationCharacterization,MoTaTiZrHf-HEA-DDRX-1100C_TEM_DislocationCharacterization,roma,direct,0.3164,1.00000,17,10000,823,affine,0.86,311.168,268.113,0.000,0.000,0.000,0.000,314.669,279.950,ok,,0.1,0.1000,1
eval_MoTaTiZrHf-HEA-DDRX-1100C_TEM_DislocationCharacterization_0#4,DislocationCharacterization,MoTaTiZrHf-HEA-DDRX-1100C_TEM_DislocationCharacterization,roma,pyramid_v2,0.3164,1.00000,17,10000,5099,homography@direct+zoom,3.32,47.301,36.749,0.000,0.000,0.000,0.000,51.325,51.871,ok,,0.1,0.1000,1
eval_MoTaTiZrHf-HEA-DDRX-1100C_TEM_DislocationCharacterization_0#4,DislocationCharacterization,MoTaTiZrHf-HEA-DDRX-1100C_TEM_DislocationCharacterization,roma,direct,0.2236,1.00000,17,10000,913,homography,0.78,676.123,634.411,0.000,0.000,0.000,0.000,616.218,543.495,ok,,0.05,0.0500,1
eval_MoTaTiZrHf-HEA-DDRX-1100C_TEM_DislocationCharacterization_0#4,DislocationCharacterization,MoTaTiZrHf-HEA-DDRX-1100C_TEM_DislocationCharacterization,roma,pyramid_v2,0.2236,1.00000,17,10000,996,affine@direct,1.45,656.200,675.690,0.000,0.000,0.000,0.000,627.807,414.219,ok,,0.05,0.0500,1
eval_MoTaTiZrHf-HEA-DDRX-1100C_TEM_DislocationCharacterization_0#4,DislocationCharacterization,MoTaTiZrHf-HEA-DDRX-1100C_TEM_DislocationCharacterization,roma,direct,0.1416,1.00000,17,10000,903,affine,0.69,955.203,934.406,0.000,0.000,0.000,0.000,913.951,901.276,ok,,0.02,0.0200,1
eval_MoTaTiZrHf-HEA-DDRX-1100C_TEM_DislocationCharacterization_0#4,DislocationCharacterization,MoTaTiZrHf-HEA-DDRX-1100C_TEM_DislocationCharacterization,roma,pyramid_v2,0.1416,1.00000,17,10000,1788,affine@direct+zoom,2.36,1378.208,1229.823,0.000,0.000,0.000,0.000,1510.126,1412.029,ok,,0.02,0.0200,1
eval_MoTaTiZrHf-HEA-DDRX-1100C_TEM_DislocationCharacterization_0#5,DislocationCharacterization,MoTaTiZrHf-HEA-DDRX-1100C_TEM_DislocationCharacterization,roma,direct,0.7070,1.00000,17,10000,2726,homography,0.90,25.185,18.411,0.000,0.000,0.059,0.059,20.428,21.977,ok,,0.5,0.5000,8
eval_MoTaTiZrHf-HEA-DDRX-1100C_TEM_DislocationCharacterization_0#5,DislocationCharacterization,MoTaTiZrHf-HEA-DDRX-1100C_TEM_DislocationCharacterization,roma,pyramid_v2,0.7070,1.00000,17,10000,3212,affine@direct,0.97,17.832,13.360,0.000,0.059,0.118,0.353,21.915,23.196,ok,,0.5,0.5000,8
eval_MoTaTiZrHf-HEA-DDRX-1100C_TEM_DislocationCharacterization_0#5,DislocationCharacterization,MoTaTiZrHf-HEA-DDRX-1100C_TEM_DislocationCharacterization,roma,direct,0.5000,1.00000,17,10000,368,affine,0.91,598.172,720.592,0.000,0.000,0.000,0.000,589.656,705.842,ok,,0.25,0.2500,5
eval_MoTaTiZrHf-HEA-DDRX-1100C_TEM_DislocationCharacterization_0#5,DislocationCharacterization,MoTaTiZrHf-HEA-DDRX-1100C_TEM_DislocationCharacterization,roma,pyramid_v2,0.5000,1.00000,17,10000,255,affine@direct+zoom,3.49,949.749,931.069,0.000,0.000,0.000,0.000,958.113,966.654,ok,,0.25,0.2500,5
eval_MoTaTiZrHf-HEA-DDRX-1100C_TEM_DislocationCharacterization_0#5,DislocationCharacterization,MoTaTiZrHf-HEA-DDRX-1100C_TEM_DislocationCharacterization,roma,direct,0.3164,1.00000,17,10000,533,homography,0.87,976.040,907.811,0.000,0.000,0.000,0.000,936.481,900.773,ok,,0.1,0.1000,1
eval_MoTaTiZrHf-HEA-DDRX-1100C_TEM_DislocationCharacterization_0#5,DislocationCharacterization,MoTaTiZrHf-HEA-DDRX-1100C_TEM_DislocationCharacterization,roma,pyramid_v2,0.3164,1.00000,17,10000,459,homography@direct,1.58,2477.309,1010.707,0.000,0.000,0.000,0.000,923.494,894.469,ok,,0.1,0.1000,1
eval_MoTaTiZrHf-HEA-DDRX-1100C_TEM_DislocationCharacterization_0#5,DislocationCharacterization,MoTaTiZrHf-HEA-DDRX-1100C_TEM_DislocationCharacterization,roma,direct,0.2236,1.00000,17,10000,909,homography,0.78,17805.123,926.408,0.000,0.000,0.000,0.000,956.898,900.663,ok,,0.05,0.0500,1
eval_MoTaTiZrHf-HEA-DDRX-1100C_TEM_DislocationCharacterization_0#5,DislocationCharacterization,MoTaTiZrHf-HEA-DDRX-1100C_TEM_DislocationCharacterization,roma,pyramid_v2,0.2236,1.00000,17,10000,1267,affine@direct,1.36,968.235,888.732,0.000,0.000,0.000,0.000,981.793,928.437,ok,,0.05,0.0500,1
eval_MoTaTiZrHf-HEA-DDRX-1100C_TEM_DislocationCharacterization_0#5,DislocationCharacterization,MoTaTiZrHf-HEA-DDRX-1100C_TEM_DislocationCharacterization,roma,direct,0.1416,1.00000,17,10000,681,affine,0.71,1198.020,1002.551,0.000,0.000,0.000,0.000,1092.474,955.298,ok,,0.02,0.0200,1
eval_MoTaTiZrHf-HEA-DDRX-1100C_TEM_DislocationCharacterization_0#5,DislocationCharacterization,MoTaTiZrHf-HEA-DDRX-1100C_TEM_DislocationCharacterization,roma,pyramid_v2,0.1416,1.00000,17,10000,1144,affine@direct+zoom,1.98,1677.896,1672.250,0.000,0.000,0.000,0.000,1659.026,1626.246,ok,,0.02,0.0200,1
eval_MoTaTiZrHf-HEA-DDRX-1100C_TEM_DislocationCharacterization_0#6,DislocationCharacterization,MoTaTiZrHf-HEA-DDRX-1100C_TEM_DislocationCharacterization,roma,direct,0.7070,1.00000,17,10000,153,affine,0.90,116.509,118.891,0.000,0.000,0.000,0.000,98.536,106.174,ok,,0.5,0.5000,8
eval_MoTaTiZrHf-HEA-DDRX-1100C_TEM_DislocationCharacterization_0#6,DislocationCharacterization,MoTaTiZrHf-HEA-DDRX-1100C_TEM_DislocationCharacterization,roma,pyramid_v2,0.7070,1.00000,17,10000,106,homography@direct,1.71,762.027,718.745,0.000,0.000,0.000,0.000,691.053,720.717,ok,,0.5,0.5000,8
eval_MoTaTiZrHf-HEA-DDRX-1100C_TEM_DislocationCharacterization_0#6,DislocationCharacterization,MoTaTiZrHf-HEA-DDRX-1100C_TEM_DislocationCharacterization,roma,direct,0.5000,1.00000,17,10000,235,affine,0.90,625.337,531.021,0.000,0.000,0.000,0.000,614.164,576.841,ok,,0.25,0.2500,5
eval_MoTaTiZrHf-HEA-DDRX-1100C_TEM_DislocationCharacterization_0#6,DislocationCharacterization,MoTaTiZrHf-HEA-DDRX-1100C_TEM_DislocationCharacterization,roma,pyramid_v2,0.5000,1.00000,17,10000,198,homography@direct,1.84,494.110,404.175,0.000,0.000,0.000,0.000,312.692,282.341,ok,,0.25,0.2500,5
eval_MoTaTiZrHf-HEA-DDRX-1100C_TEM_DislocationCharacterization_0#6,DislocationCharacterization,MoTaTiZrHf-HEA-DDRX-1100C_TEM_DislocationCharacterization,roma,direct,0.3164,1.00000,17,10000,1188,homography,0.86,1240.260,1015.725,0.000,0.000,0.000,0.000,959.161,892.476,ok,,0.1,0.1000,1
eval_MoTaTiZrHf-HEA-DDRX-1100C_TEM_DislocationCharacterization_0#6,DislocationCharacterization,MoTaTiZrHf-HEA-DDRX-1100C_TEM_DislocationCharacterization,roma,pyramid_v2,0.3164,1.00000,17,10000,1302,homography@direct,1.53,1592.511,1569.744,0.000,0.000,0.000,0.000,958.496,924.780,ok,,0.1,0.1000,1
eval_MoTaTiZrHf-HEA-DDRX-1100C_TEM_DislocationCharacterization_0#6,DislocationCharacterization,MoTaTiZrHf-HEA-DDRX-1100C_TEM_DislocationCharacterization,roma,direct,0.2236,1.00000,17,10000,811,affine,0.77,912.966,796.698,0.000,0.000,0.000,0.000,929.222,892.105,ok,,0.05,0.0500,1
eval_MoTaTiZrHf-HEA-DDRX-1100C_TEM_DislocationCharacterization_0#6,DislocationCharacterization,MoTaTiZrHf-HEA-DDRX-1100C_TEM_DislocationCharacterization,roma,pyramid_v2,0.2236,1.00000,17,10000,3819,affine@direct+zoom,1.83,1137.250,1099.823,0.000,0.000,0.000,0.000,1144.676,1121.015,ok,,0.05,0.0500,1
eval_MoTaTiZrHf-HEA-DDRX-1100C_TEM_DislocationCharacterization_0#6,DislocationCharacterization,MoTaTiZrHf-HEA-DDRX-1100C_TEM_DislocationCharacterization,roma,direct,0.1416,1.00000,17,10000,429,homography,0.71,1202.956,924.948,0.000,0.000,0.000,0.000,846.709,814.157,ok,,0.02,0.0200,1
eval_MoTaTiZrHf-HEA-DDRX-1100C_TEM_DislocationCharacterization_0#6,DislocationCharacterization,MoTaTiZrHf-HEA-DDRX-1100C_TEM_DislocationCharacterization,roma,pyramid_v2,0.1416,1.00000,17,10000,1289,homography@direct+zoom,1.83,995.546,1007.351,0.000,0.000,0.000,0.000,818.070,817.923,ok,,0.02,0.0200,1
eval_MoTaTiZrHf-HEA-DDRX-1100C_TEM_DislocationCharacterization_0#9,DislocationCharacterization,MoTaTiZrHf-HEA-DDRX-1100C_TEM_DislocationCharacterization,roma,direct,0.7070,1.00000,24,10000,150,homography,0.93,493.802,474.186,0.000,0.000,0.000,0.000,571.811,510.998,ok,,0.5,0.5000,14
eval_MoTaTiZrHf-HEA-DDRX-1100C_TEM_DislocationCharacterization_0#9,DislocationCharacterization,MoTaTiZrHf-HEA-DDRX-1100C_TEM_DislocationCharacterization,roma,pyramid_v2,0.7070,1.00000,24,10000,188,homography@direct+zoom,2.50,664.674,691.777,0.000,0.000,0.000,0.000,736.213,764.461,ok,,0.5,0.5000,14
eval_MoTaTiZrHf-HEA-DDRX-1100C_TEM_DislocationCharacterization_0#9,DislocationCharacterization,MoTaTiZrHf-HEA-DDRX-1100C_TEM_DislocationCharacterization,roma,direct,0.5000,1.00000,24,10000,522,homography,0.89,1944.969,1141.362,0.000,0.000,0.000,0.000,679.194,530.720,ok,,0.25,0.2500,7
eval_MoTaTiZrHf-HEA-DDRX-1100C_TEM_DislocationCharacterization_0#9,DislocationCharacterization,MoTaTiZrHf-HEA-DDRX-1100C_TEM_DislocationCharacterization,roma,pyramid_v2,0.5000,1.00000,24,10000,396,homography@direct,1.72,1420.995,950.504,0.000,0.000,0.000,0.000,717.576,592.980,ok,,0.25,0.2500,7
eval_MoTaTiZrHf-HEA-DDRX-1100C_TEM_DislocationCharacterization_0#9,DislocationCharacterization,MoTaTiZrHf-HEA-DDRX-1100C_TEM_DislocationCharacterization,roma,direct,0.3164,1.00000,24,10000,486,affine,0.86,651.102,530.945,0.000,0.000,0.000,0.000,584.057,544.231,ok,,0.1,0.1000,0
eval_MoTaTiZrHf-HEA-DDRX-1100C_TEM_DislocationCharacterization_0#9,DislocationCharacterization,MoTaTiZrHf-HEA-DDRX-1100C_TEM_DislocationCharacterization,roma,pyramid_v2,0.3164,1.00000,24,10000,493,affine@direct,1.65,646.335,546.704,0.000,0.000,0.000,0.000,604.176,563.805,ok,,0.1,0.1000,0
eval_MoTaTiZrHf-HEA-DDRX-1100C_TEM_DislocationCharacterization_0#9,DislocationCharacterization,MoTaTiZrHf-HEA-DDRX-1100C_TEM_DislocationCharacterization,roma,direct,0.2236,1.00000,24,10000,870,homography,0.79,534.551,475.694,0.000,0.000,0.000,0.000,521.733,519.381,ok,,0.05,0.0500,0
eval_MoTaTiZrHf-HEA-DDRX-1100C_TEM_DislocationCharacterization_0#9,DislocationCharacterization,MoTaTiZrHf-HEA-DDRX-1100C_TEM_DislocationCharacterization,roma,pyramid_v2,0.2236,1.00000,24,10000,594,affine@direct,1.56,611.056,606.044,0.000,0.000,0.000,0.000,615.844,618.436,ok,,0.05,0.0500,0
eval_MoTaTiZrHf-HEA-DDRX-1100C_TEM_DislocationCharacterization_0#9,DislocationCharacterization,MoTaTiZrHf-HEA-DDRX-1100C_TEM_DislocationCharacterization,roma,direct,0.1416,1.00000,24,10000,1054,affine,0.71,811.961,693.769,0.000,0.000,0.000,0.000,727.296,573.889,ok,,0.02,0.0200,0
eval_MoTaTiZrHf-HEA-DDRX-1100C_TEM_DislocationCharacterization_0#9,DislocationCharacterization,MoTaTiZrHf-HEA-DDRX-1100C_TEM_DislocationCharacterization,roma,pyramid_v2,0.1416,1.00000,24,10000,1063,homography@direct,0.75,951.153,908.100,0.000,0.000,0.000,0.000,801.027,811.808,ok,,0.02,0.0200,0
eval_MoTaTiZrHf-HEA-DDRX-1100C_TEM_DislocationCharacterization_0#10,DislocationCharacterization,MoTaTiZrHf-HEA-DDRX-1100C_TEM_DislocationCharacterization,roma,direct,0.7070,1.00000,24,10000,146,homography,0.90,7483.851,6674.524,0.000,0.000,0.000,0.000,9759.782,7935.712,ok,,0.5,0.5000,14
eval_MoTaTiZrHf-HEA-DDRX-1100C_TEM_DislocationCharacterization_0#10,DislocationCharacterization,MoTaTiZrHf-HEA-DDRX-1100C_TEM_DislocationCharacterization,roma,pyramid_v2,0.7070,1.00000,24,10000,1195,homography@direct+zoom,1.87,173.010,145.701,0.000,0.000,0.000,0.000,120.882,116.078,ok,,0.5,0.5000,14
eval_MoTaTiZrHf-HEA-DDRX-1100C_TEM_DislocationCharacterization_0#10,DislocationCharacterization,MoTaTiZrHf-HEA-DDRX-1100C_TEM_DislocationCharacterization,roma,direct,0.5000,1.00000,24,10000,528,homography,0.89,1193.025,1299.440,0.000,0.000,0.000,0.000,1176.013,1298.518,ok,,0.25,0.2500,7
eval_MoTaTiZrHf-HEA-DDRX-1100C_TEM_DislocationCharacterization_0#10,DislocationCharacterization,MoTaTiZrHf-HEA-DDRX-1100C_TEM_DislocationCharacterization,roma,pyramid_v2,0.5000,1.00000,24,10000,404,homography@direct,1.82,2848.911,1447.639,0.000,0.000,0.000,0.000,1301.775,1424.333,ok,,0.25,0.2500,7
eval_MoTaTiZrHf-HEA-DDRX-1100C_TEM_DislocationCharacterization_0#10,DislocationCharacterization,MoTaTiZrHf-HEA-DDRX-1100C_TEM_DislocationCharacterization,roma,direct,0.3164,1.00000,24,10000,189,homography,0.83,44369.545,1395.189,0.000,0.000,0.000,0.000,1072.652,1318.881,ok,,0.1,0.1000,0
eval_MoTaTiZrHf-HEA-DDRX-1100C_TEM_DislocationCharacterization_0#10,DislocationCharacterization,MoTaTiZrHf-HEA-DDRX-1100C_TEM_DislocationCharacterization,roma,pyramid_v2,0.3164,1.00000,24,10000,192,affine@direct,1.67,804.534,898.739,0.000,0.000,0.000,0.000,773.841,839.527,ok,,0.1,0.1000,0
eval_MoTaTiZrHf-HEA-DDRX-1100C_TEM_DislocationCharacterization_0#10,DislocationCharacterization,MoTaTiZrHf-HEA-DDRX-1100C_TEM_DislocationCharacterization,roma,direct,0.2236,1.00000,24,10000,524,affine,0.80,634.117,695.939,0.000,0.000,0.000,0.000,519.808,529.446,ok,,0.05,0.0500,0
eval_MoTaTiZrHf-HEA-DDRX-1100C_TEM_DislocationCharacterization_0#10,DislocationCharacterization,MoTaTiZrHf-HEA-DDRX-1100C_TEM_DislocationCharacterization,roma,pyramid_v2,0.2236,1.00000,24,10000,2986,homography@direct+zoom,2.13,582.619,562.761,0.000,0.000,0.000,0.000,605.520,568.418,ok,,0.05,0.0500,0
eval_MoTaTiZrHf-HEA-DDRX-1100C_TEM_DislocationCharacterization_0#10,DislocationCharacterization,MoTaTiZrHf-HEA-DDRX-1100C_TEM_DislocationCharacterization,roma,direct,0.1416,1.00000,24,10000,508,affine,0.70,1104.723,1217.177,0.000,0.000,0.000,0.000,1115.418,1172.660,ok,,0.02,0.0200,0
eval_MoTaTiZrHf-HEA-DDRX-1100C_TEM_DislocationCharacterization_0#10,DislocationCharacterization,MoTaTiZrHf-HEA-DDRX-1100C_TEM_DislocationCharacterization,roma,pyramid_v2,0.1416,1.00000,24,10000,516,homography@direct,0.72,1181.753,1370.729,0.000,0.000,0.000,0.000,1132.003,1372.463,ok,,0.02,0.0200,0
eval_MoTaTiZrHf-HEA-DDRX-1100C_TEM_DislocationCharacterization_0#12,DislocationCharacterization,MoTaTiZrHf-HEA-DDRX-1100C_TEM_DislocationCharacterization,roma,direct,0.7070,1.00000,17,10000,423,homography,0.88,194.695,194.628,0.000,0.000,0.000,0.000,183.589,194.840,ok,,0.5,0.5000,8
eval_MoTaTiZrHf-HEA-DDRX-1100C_TEM_DislocationCharacterization_0#12,DislocationCharacterization,MoTaTiZrHf-HEA-DDRX-1100C_TEM_DislocationCharacterization,roma,pyramid_v2,0.7070,1.00000,17,10000,448,affine@direct,0.94,183.520,192.220,0.000,0.000,0.000,0.000,176.788,185.317,ok,,0.5,0.5000,8
eval_MoTaTiZrHf-HEA-DDRX-1100C_TEM_DislocationCharacterization_0#12,DislocationCharacterization,MoTaTiZrHf-HEA-DDRX-1100C_TEM_DislocationCharacterization,roma,direct,0.5000,1.00000,17,10000,160,affine,0.92,638.933,611.308,0.000,0.000,0.000,0.000,609.682,589.156,ok,,0.25,0.2500,5
eval_MoTaTiZrHf-HEA-DDRX-1100C_TEM_DislocationCharacterization_0#12,DislocationCharacterization,MoTaTiZrHf-HEA-DDRX-1100C_TEM_DislocationCharacterization,roma,pyramid_v2,0.5000,1.00000,17,10000,417,affine@direct+zoom,2.65,401.154,407.852,0.000,0.000,0.000,0.000,403.953,431.752,ok,,0.25,0.2500,5
eval_MoTaTiZrHf-HEA-DDRX-1100C_TEM_DislocationCharacterization_0#12,DislocationCharacterization,MoTaTiZrHf-HEA-DDRX-1100C_TEM_DislocationCharacterization,roma,direct,0.3164,1.00000,17,10000,1389,affine,0.90,760.428,786.987,0.000,0.000,0.000,0.000,750.062,780.440,ok,,0.1,0.1000,1
eval_MoTaTiZrHf-HEA-DDRX-1100C_TEM_DislocationCharacterization_0#12,DislocationCharacterization,MoTaTiZrHf-HEA-DDRX-1100C_TEM_DislocationCharacterization,roma,pyramid_v2,0.3164,1.00000,17,10000,1660,affine@direct,1.62,755.463,784.394,0.000,0.000,0.000,0.000,724.030,720.183,ok,,0.1,0.1000,1
eval_MoTaTiZrHf-HEA-DDRX-1100C_TEM_DislocationCharacterization_0#12,DislocationCharacterization,MoTaTiZrHf-HEA-DDRX-1100C_TEM_DislocationCharacterization,roma,direct,0.2236,1.00000,17,10000,1156,affine,0.80,657.177,677.262,0.000,0.000,0.000,0.000,629.439,641.370,ok,,0.05,0.0500,1
eval_MoTaTiZrHf-HEA-DDRX-1100C_TEM_DislocationCharacterization_0#12,DislocationCharacterization,MoTaTiZrHf-HEA-DDRX-1100C_TEM_DislocationCharacterization,roma,pyramid_v2,0.2236,1.00000,17,10000,1597,homography@direct+zoom,2.81,1272.195,593.108,0.000,0.000,0.000,0.000,530.552,423.378,ok,,0.05,0.0500,1
eval_MoTaTiZrHf-HEA-DDRX-1100C_TEM_DislocationCharacterization_0#12,DislocationCharacterization,MoTaTiZrHf-HEA-DDRX-1100C_TEM_DislocationCharacterization,roma,direct,0.1416,1.00000,17,10000,729,affine,0.75,988.696,1160.050,0.000,0.000,0.000,0.000,961.804,1083.111,ok,,0.02,0.0200,1
eval_MoTaTiZrHf-HEA-DDRX-1100C_TEM_DislocationCharacterization_0#12,DislocationCharacterization,MoTaTiZrHf-HEA-DDRX-1100C_TEM_DislocationCharacterization,roma,pyramid_v2,0.1416,1.00000,17,10000,1673,homography@direct+zoom,1.81,1141.342,920.104,0.000,0.000,0.000,0.000,775.957,757.223,ok,,0.02,0.0200,1
eval_MoTaTiZrHf-HEA-DDRX-1100C_TEM_DislocationCharacterization_0#13,DislocationCharacterization,MoTaTiZrHf-HEA-DDRX-1100C_TEM_DislocationCharacterization,roma,direct,0.7070,1.00000,17,10000,318,affine,0.89,52.983,55.445,0.000,0.059,0.059,0.059,42.168,49.809,ok,,0.5,0.5000,8
eval_MoTaTiZrHf-HEA-DDRX-1100C_TEM_DislocationCharacterization_0#13,DislocationCharacterization,MoTaTiZrHf-HEA-DDRX-1100C_TEM_DislocationCharacterization,roma,pyramid_v2,0.7070,1.00000,17,10000,391,affine@direct,0.92,186.990,193.751,0.000,0.000,0.000,0.000,201.036,197.359,ok,,0.5,0.5000,8
eval_MoTaTiZrHf-HEA-DDRX-1100C_TEM_DislocationCharacterization_0#13,DislocationCharacterization,MoTaTiZrHf-HEA-DDRX-1100C_TEM_DislocationCharacterization,roma,direct,0.5000,1.00000,17,10000,492,homography,0.92,2399.415,748.284,0.000,0.000,0.000,0.000,698.181,688.510,ok,,0.25,0.2500,5
eval_MoTaTiZrHf-HEA-DDRX-1100C_TEM_DislocationCharacterization_0#13,DislocationCharacterization,MoTaTiZrHf-HEA-DDRX-1100C_TEM_DislocationCharacterization,roma,pyramid_v2,0.5000,1.00000,17,10000,375,affine@direct,1.75,739.374,703.994,0.000,0.000,0.000,0.000,727.697,704.669,ok,,0.25,0.2500,5
eval_MoTaTiZrHf-HEA-DDRX-1100C_TEM_DislocationCharacterization_0#13,DislocationCharacterization,MoTaTiZrHf-HEA-DDRX-1100C_TEM_DislocationCharacterization,roma,direct,0.3164,1.00000,17,10000,912,homography,0.83,530.033,510.149,0.000,0.000,0.000,0.000,497.820,498.207,ok,,0.1,0.1000,1
eval_MoTaTiZrHf-HEA-DDRX-1100C_TEM_DislocationCharacterization_0#13,DislocationCharacterization,MoTaTiZrHf-HEA-DDRX-1100C_TEM_DislocationCharacterization,roma,pyramid_v2,0.3164,1.00000,17,10000,837,affine@direct+zoom,2.28,536.379,515.807,0.000,0.000,0.000,0.000,483.687,407.348,ok,,0.1,0.1000,1
eval_MoTaTiZrHf-HEA-DDRX-1100C_TEM_DislocationCharacterization_0#13,DislocationCharacterization,MoTaTiZrHf-HEA-DDRX-1100C_TEM_DislocationCharacterization,roma,direct,0.2236,1.00000,17,10000,451,homography,0.77,759.500,778.543,0.000,0.000,0.000,0.000,810.025,815.705,ok,,0.05,0.0500,1
eval_MoTaTiZrHf-HEA-DDRX-1100C_TEM_DislocationCharacterization_0#13,DislocationCharacterization,MoTaTiZrHf-HEA-DDRX-1100C_TEM_DislocationCharacterization,roma,pyramid_v2,0.2236,1.00000,17,10000,536,affine@direct+zoom,2.06,561.035,520.152,0.000,0.000,0.000,0.000,435.309,381.164,ok,,0.05,0.0500,1
eval_MoTaTiZrHf-HEA-DDRX-1100C_TEM_DislocationCharacterization_0#13,DislocationCharacterization,MoTaTiZrHf-HEA-DDRX-1100C_TEM_DislocationCharacterization,roma,direct,0.1416,1.00000,17,10000,492,homography,0.72,1410.657,1110.816,0.000,0.000,0.000,0.000,926.662,829.107,ok,,0.02,0.0200,1
eval_MoTaTiZrHf-HEA-DDRX-1100C_TEM_DislocationCharacterization_0#13,DislocationCharacterization,MoTaTiZrHf-HEA-DDRX-1100C_TEM_DislocationCharacterization,roma,pyramid_v2,0.1416,1.00000,17,10000,549,affine@direct+zoom,1.88,905.965,847.998,0.000,0.000,0.000,0.000,851.985,762.607,ok,,0.02,0.0200,1
eval_MoTaTiZrHf-HEA-DDRX-1100C_TEM_DislocationCharacterization_0#14,DislocationCharacterization,MoTaTiZrHf-HEA-DDRX-1100C_TEM_DislocationCharacterization,roma,direct,0.7070,1.00000,17,10000,128,homography,0.88,163.152,142.800,0.000,0.000,0.000,0.000,139.412,159.647,ok,,0.5,0.5000,8
eval_MoTaTiZrHf-HEA-DDRX-1100C_TEM_DislocationCharacterization_0#14,DislocationCharacterization,MoTaTiZrHf-HEA-DDRX-1100C_TEM_DislocationCharacterization,roma,pyramid_v2,0.7070,1.00000,17,10000,164,homography@direct,0.93,252.795,253.946,0.000,0.000,0.000,0.000,238.487,218.042,ok,,0.5,0.5000,8
eval_MoTaTiZrHf-HEA-DDRX-1100C_TEM_DislocationCharacterization_0#14,DislocationCharacterization,MoTaTiZrHf-HEA-DDRX-1100C_TEM_DislocationCharacterization,roma,direct,0.5000,1.00000,17,10000,321,affine,0.93,1174.301,1067.278,0.000,0.000,0.000,0.000,1185.384,1057.724,ok,,0.25,0.2500,5
eval_MoTaTiZrHf-HEA-DDRX-1100C_TEM_DislocationCharacterization_0#14,DislocationCharacterization,MoTaTiZrHf-HEA-DDRX-1100C_TEM_DislocationCharacterization,roma,pyramid_v2,0.5000,1.00000,17,10000,164,affine@direct+zoom,2.62,2283.109,1974.421,0.000,0.000,0.000,0.000,2101.986,1809.253,ok,,0.25,0.2500,5
eval_MoTaTiZrHf-HEA-DDRX-1100C_TEM_DislocationCharacterization_0#14,DislocationCharacterization,MoTaTiZrHf-HEA-DDRX-1100C_TEM_DislocationCharacterization,roma,direct,0.3164,1.00000,17,10000,1115,homography,0.86,872.562,728.629,0.000,0.000,0.000,0.000,747.395,695.348,ok,,0.1,0.1000,1
eval_MoTaTiZrHf-HEA-DDRX-1100C_TEM_DislocationCharacterization_0#14,DislocationCharacterization,MoTaTiZrHf-HEA-DDRX-1100C_TEM_DislocationCharacterization,roma,pyramid_v2,0.3164,1.00000,17,10000,1413,homography@direct,1.61,916.249,847.880,0.000,0.000,0.000,0.000,743.232,677.978,ok,,0.1,0.1000,1
eval_MoTaTiZrHf-HEA-DDRX-1100C_TEM_DislocationCharacterization_0#14,DislocationCharacterization,MoTaTiZrHf-HEA-DDRX-1100C_TEM_DislocationCharacterization,roma,direct,0.2236,1.00000,17,10000,596,affine,0.82,962.351,969.308,0.000,0.000,0.000,0.000,889.395,876.949,ok,,0.05,0.0500,1
eval_MoTaTiZrHf-HEA-DDRX-1100C_TEM_DislocationCharacterization_0#14,DislocationCharacterization,MoTaTiZrHf-HEA-DDRX-1100C_TEM_DislocationCharacterization,roma,pyramid_v2,0.2236,1.00000,17,10000,1930,homography@direct+zoom,1.34,1094.751,1033.875,0.000,0.000,0.000,0.000,1067.385,998.673,ok,,0.05,0.0500,1
eval_MoTaTiZrHf-HEA-DDRX-1100C_TEM_DislocationCharacterization_0#14,DislocationCharacterization,MoTaTiZrHf-HEA-DDRX-1100C_TEM_DislocationCharacterization,roma,direct,0.1416,1.00000,17,10000,228,affine,0.71,1438.231,1250.774,0.000,0.000,0.000,0.000,1381.781,1173.340,ok,,0.02,0.0200,1
eval_MoTaTiZrHf-HEA-DDRX-1100C_TEM_DislocationCharacterization_0#14,DislocationCharacterization,MoTaTiZrHf-HEA-DDRX-1100C_TEM_DislocationCharacterization,roma,pyramid_v2,0.1416,1.00000,17,10000,939,homography@direct+zoom,1.92,1175.690,1358.695,0.000,0.000,0.000,0.000,1046.539,1314.648,ok,,0.02,0.0200,1
eval_MoTaTiZrHf-HEA-DDRX-1100C_TEM_DislocationCharacterization_0#15,DislocationCharacterization,MoTaTiZrHf-HEA-DDRX-1100C_TEM_DislocationCharacterization,roma,direct,0.7070,1.00000,17,10000,795,affine,0.92,1006.484,1211.820,0.000,0.000,0.000,0.000,984.695,1112.298,ok,,0.5,0.5000,8
eval_MoTaTiZrHf-HEA-DDRX-1100C_TEM_DislocationCharacterization_0#15,DislocationCharacterization,MoTaTiZrHf-HEA-DDRX-1100C_TEM_DislocationCharacterization,roma,pyramid_v2,0.7070,1.00000,17,10000,1213,homography@direct+zoom,1.66,1189.319,1159.088,0.000,0.000,0.000,0.000,1203.609,1270.344,ok,,0.5,0.5000,8
eval_MoTaTiZrHf-HEA-DDRX-1100C_TEM_DislocationCharacterization_0#15,DislocationCharacterization,MoTaTiZrHf-HEA-DDRX-1100C_TEM_DislocationCharacterization,roma,direct,0.5000,1.00000,17,10000,865,homography,0.90,1138.021,935.323,0.000,0.000,0.000,0.000,738.083,742.273,ok,,0.25,0.2500,5
eval_MoTaTiZrHf-HEA-DDRX-1100C_TEM_DislocationCharacterization_0#15,DislocationCharacterization,MoTaTiZrHf-HEA-DDRX-1100C_TEM_DislocationCharacterization,roma,pyramid_v2,0.5000,1.00000,17,10000,712,homography@direct,1.74,1073.423,1000.876,0.000,0.000,0.000,0.000,822.994,778.661,ok,,0.25,0.2500,5
eval_MoTaTiZrHf-HEA-DDRX-1100C_TEM_DislocationCharacterization_0#15,DislocationCharacterization,MoTaTiZrHf-HEA-DDRX-1100C_TEM_DislocationCharacterization,roma,direct,0.3164,1.00000,17,10000,1069,affine,0.87,820.298,803.879,0.000,0.000,0.000,0.000,829.453,769.370,ok,,0.1,0.1000,1
eval_MoTaTiZrHf-HEA-DDRX-1100C_TEM_DislocationCharacterization_0#15,DislocationCharacterization,MoTaTiZrHf-HEA-DDRX-1100C_TEM_DislocationCharacterization,roma,pyramid_v2,0.3164,1.00000,17,10000,944,homography@direct+zoom,1.59,1127.512,1008.414,0.000,0.000,0.000,0.000,995.273,943.504,ok,,0.1,0.1000,1
eval_MoTaTiZrHf-HEA-DDRX-1100C_TEM_DislocationCharacterization_0#15,DislocationCharacterization,MoTaTiZrHf-HEA-DDRX-1100C_TEM_DislocationCharacterization,roma,direct,0.2236,1.00000,17,10000,568,homography,0.75,3431.004,803.855,0.000,0.000,0.000,0.000,688.616,786.391,ok,,0.05,0.0500,1
eval_MoTaTiZrHf-HEA-DDRX-1100C_TEM_DislocationCharacterization_0#15,DislocationCharacterization,MoTaTiZrHf-HEA-DDRX-1100C_TEM_DislocationCharacterization,roma,pyramid_v2,0.2236,1.00000,17,10000,672,affine@direct,1.42,901.086,921.873,0.000,0.000,0.000,0.000,815.992,884.852,ok,,0.05,0.0500,1
eval_MoTaTiZrHf-HEA-DDRX-1100C_TEM_DislocationCharacterization_0#15,DislocationCharacterization,MoTaTiZrHf-HEA-DDRX-1100C_TEM_DislocationCharacterization,roma,direct,0.1416,1.00000,17,10000,839,affine,0.70,925.276,877.271,0.000,0.000,0.000,0.000,902.583,854.510,ok,,0.02,0.0200,1
eval_MoTaTiZrHf-HEA-DDRX-1100C_TEM_DislocationCharacterization_0#15,DislocationCharacterization,MoTaTiZrHf-HEA-DDRX-1100C_TEM_DislocationCharacterization,roma,pyramid_v2,0.1416,1.00000,17,10000,1083,homography@direct+zoom,1.69,1008.123,821.325,0.000,0.000,0.000,0.000,1860.542,1951.151,ok,,0.02,0.0200,1
eval_MoTaTiZrHf-HEA-DDRX-1100C_TEM_DislocationCharacterization_0#16,DislocationCharacterization,MoTaTiZrHf-HEA-DDRX-1100C_TEM_DislocationCharacterization,roma,direct,0.7070,1.00000,24,10000,2537,homography,0.93,50.484,36.175,0.000,0.000,0.000,0.000,40.323,36.610,ok,,0.5,0.5000,14
eval_MoTaTiZrHf-HEA-DDRX-1100C_TEM_DislocationCharacterization_0#16,DislocationCharacterization,MoTaTiZrHf-HEA-DDRX-1100C_TEM_DislocationCharacterization,roma,pyramid_v2,0.7070,1.00000,24,10000,2512,homography@direct,0.98,41.830,35.351,0.000,0.000,0.042,0.125,49.672,42.480,ok,,0.5,0.5000,14
eval_MoTaTiZrHf-HEA-DDRX-1100C_TEM_DislocationCharacterization_0#16,DislocationCharacterization,MoTaTiZrHf-HEA-DDRX-1100C_TEM_DislocationCharacterization,roma,direct,0.5000,1.00000,24,10000,278,homography,0.92,692.442,675.947,0.000,0.000,0.000,0.000,678.671,537.583,ok,,0.25,0.2500,7
eval_MoTaTiZrHf-HEA-DDRX-1100C_TEM_DislocationCharacterization_0#16,DislocationCharacterization,MoTaTiZrHf-HEA-DDRX-1100C_TEM_DislocationCharacterization,roma,pyramid_v2,0.5000,1.00000,24,10000,670,affine@direct,1.66,897.453,736.410,0.000,0.000,0.000,0.000,851.522,677.915,ok,,0.25,0.2500,7
eval_MoTaTiZrHf-HEA-DDRX-1100C_TEM_DislocationCharacterization_0#16,DislocationCharacterization,MoTaTiZrHf-HEA-DDRX-1100C_TEM_DislocationCharacterization,roma,direct,0.3164,1.00000,24,10000,645,affine,0.86,433.184,396.292,0.000,0.000,0.000,0.000,371.267,314.414,ok,,0.1,0.1000,0
eval_MoTaTiZrHf-HEA-DDRX-1100C_TEM_DislocationCharacterization_0#16,DislocationCharacterization,MoTaTiZrHf-HEA-DDRX-1100C_TEM_DislocationCharacterization,roma,pyramid_v2,0.3164,1.00000,24,10000,987,affine@direct+zoom,3.14,633.704,723.641,0.000,0.000,0.000,0.000,629.800,695.423,ok,,0.1,0.1000,0
eval_MoTaTiZrHf-HEA-DDRX-1100C_TEM_DislocationCharacterization_0#16,DislocationCharacterization,MoTaTiZrHf-HEA-DDRX-1100C_TEM_DislocationCharacterization,roma,direct,0.2236,1.00000,24,10000,470,affine,0.77,700.770,796.148,0.000,0.000,0.000,0.000,585.092,542.422,ok,,0.05,0.0500,0
eval_MoTaTiZrHf-HEA-DDRX-1100C_TEM_DislocationCharacterization_0#16,DislocationCharacterization,MoTaTiZrHf-HEA-DDRX-1100C_TEM_DislocationCharacterization,roma,pyramid_v2,0.2236,1.00000,24,10000,414,affine@direct+zoom,2.20,236.343,223.314,0.000,0.000,0.000,0.000,257.023,231.429,ok,,0.05,0.0500,0
eval_MoTaTiZrHf-HEA-DDRX-1100C_TEM_DislocationCharacterization_0#16,DislocationCharacterization,MoTaTiZrHf-HEA-DDRX-1100C_TEM_DislocationCharacterization,roma,direct,0.1416,1.00000,24,10000,474,affine,0.71,1636.248,1714.694,0.000,0.000,0.000,0.000,1592.326,1631.313,ok,,0.02,0.0200,0
eval_MoTaTiZrHf-HEA-DDRX-1100C_TEM_DislocationCharacterization_0#16,DislocationCharacterization,MoTaTiZrHf-HEA-DDRX-1100C_TEM_DislocationCharacterization,roma,pyramid_v2,0.1416,1.00000,24,10000,3534,homography@direct+zoom,2.33,961.554,1078.023,0.000,0.000,0.000,0.000,921.611,1063.717,ok,,0.02,0.0200,0
eval_MoTaTiZrHf-HEA-DDRX-1100C_TEM_DislocationCharacterization_0#17,DislocationCharacterization,MoTaTiZrHf-HEA-DDRX-1100C_TEM_DislocationCharacterization,roma,direct,0.7070,1.00000,24,10000,361,affine,0.92,298.459,303.391,0.000,0.000,0.000,0.000,268.382,267.072,ok,,0.5,0.5000,14
eval_MoTaTiZrHf-HEA-DDRX-1100C_TEM_DislocationCharacterization_0#17,DislocationCharacterization,MoTaTiZrHf-HEA-DDRX-1100C_TEM_DislocationCharacterization,roma,pyramid_v2,0.7070,1.00000,24,10000,346,homography@direct,1.81,256.039,213.327,0.000,0.000,0.000,0.000,276.609,248.550,ok,,0.5,0.5000,14
eval_MoTaTiZrHf-HEA-DDRX-1100C_TEM_DislocationCharacterization_0#17,DislocationCharacterization,MoTaTiZrHf-HEA-DDRX-1100C_TEM_DislocationCharacterization,roma,direct,0.5000,1.00000,24,10000,316,homography,0.91,695.049,419.977,0.000,0.000,0.000,0.000,195.033,178.721,ok,,0.25,0.2500,7
eval_MoTaTiZrHf-HEA-DDRX-1100C_TEM_DislocationCharacterization_0#17,DislocationCharacterization,MoTaTiZrHf-HEA-DDRX-1100C_TEM_DislocationCharacterization,roma,pyramid_v2,0.5000,1.00000,24,10000,2651,homography@direct+zoom,2.72,87.153,41.689,0.000,0.000,0.000,0.042,37.666,25.353,ok,,0.25,0.2500,7
eval_MoTaTiZrHf-HEA-DDRX-1100C_TEM_DislocationCharacterization_0#17,DislocationCharacterization,MoTaTiZrHf-HEA-DDRX-1100C_TEM_DislocationCharacterization,roma,direct,0.3164,1.00000,24,10000,166,homography,0.81,1056.790,1144.361,0.000,0.000,0.000,0.000,1048.329,1026.196,ok,,0.1,0.1000,0
eval_MoTaTiZrHf-HEA-DDRX-1100C_TEM_DislocationCharacterization_0#17,DislocationCharacterization,MoTaTiZrHf-HEA-DDRX-1100C_TEM_DislocationCharacterization,roma,pyramid_v2,0.3164,1.00000,24,10000,2017,affine@direct+zoom,2.23,1013.316,1043.546,0.000,0.000,0.000,0.000,999.324,1027.383,ok,,0.1,0.1000,0
eval_MoTaTiZrHf-HEA-DDRX-1100C_TEM_DislocationCharacterization_0#17,DislocationCharacterization,MoTaTiZrHf-HEA-DDRX-1100C_TEM_DislocationCharacterization,roma,direct,0.2236,1.00000,24,10000,710,affine,0.75,620.214,620.909,0.000,0.000,0.000,0.000,583.440,585.468,ok,,0.05,0.0500,0
eval_MoTaTiZrHf-HEA-DDRX-1100C_TEM_DislocationCharacterization_0#17,DislocationCharacterization,MoTaTiZrHf-HEA-DDRX-1100C_TEM_DislocationCharacterization,roma,pyramid_v2,0.2236,1.00000,24,10000,683,homography@direct,1.37,2055.159,917.726,0.000,0.000,0.000,0.000,613.637,639.929,ok,,0.05,0.0500,0
eval_MoTaTiZrHf-HEA-DDRX-1100C_TEM_DislocationCharacterization_0#17,DislocationCharacterization,MoTaTiZrHf-HEA-DDRX-1100C_TEM_DislocationCharacterization,roma,direct,0.1416,1.00000,24,10000,806,homography,0.73,862.693,863.462,0.000,0.000,0.000,0.000,910.571,923.381,ok,,0.02,0.0200,0
eval_MoTaTiZrHf-HEA-DDRX-1100C_TEM_DislocationCharacterization_0#17,DislocationCharacterization,MoTaTiZrHf-HEA-DDRX-1100C_TEM_DislocationCharacterization,roma,pyramid_v2,0.1416,1.00000,24,10000,3761,affine@direct+zoom,1.24,844.886,871.962,0.000,0.000,0.000,0.000,807.012,864.270,ok,,0.02,0.0200,0
eval_MoTaTiZrHf-HEA-DDRX-1100C_TEM_DislocationCharacterization_0#18,DislocationCharacterization,MoTaTiZrHf-HEA-DDRX-1100C_TEM_DislocationCharacterization,roma,direct,0.7070,1.00000,24,10000,124,homography,0.90,868.259,919.945,0.000,0.000,0.000,0.000,704.811,718.391,ok,,0.5,0.5000,14
eval_MoTaTiZrHf-HEA-DDRX-1100C_TEM_DislocationCharacterization_0#18,DislocationCharacterization,MoTaTiZrHf-HEA-DDRX-1100C_TEM_DislocationCharacterization,roma,pyramid_v2,0.7070,1.00000,24,10000,93,homography@direct,1.76,1958.867,1560.696,0.000,0.000,0.000,0.000,5150.861,4988.825,ok,,0.5,0.5000,14
eval_MoTaTiZrHf-HEA-DDRX-1100C_TEM_DislocationCharacterization_0#18,DislocationCharacterization,MoTaTiZrHf-HEA-DDRX-1100C_TEM_DislocationCharacterization,roma,direct,0.5000,1.00000,24,10000,190,affine,0.91,1216.052,1353.338,0.000,0.000,0.000,0.000,1199.679,1301.512,ok,,0.25,0.2500,7
eval_MoTaTiZrHf-HEA-DDRX-1100C_TEM_DislocationCharacterization_0#18,DislocationCharacterization,MoTaTiZrHf-HEA-DDRX-1100C_TEM_DislocationCharacterization,roma,pyramid_v2,0.5000,1.00000,24,10000,204,affine@direct,1.68,1219.771,1389.150,0.000,0.000,0.000,0.000,1212.921,1401.491,ok,,0.25,0.2500,7
eval_MoTaTiZrHf-HEA-DDRX-1100C_TEM_DislocationCharacterization_0#18,DislocationCharacterization,MoTaTiZrHf-HEA-DDRX-1100C_TEM_DislocationCharacterization,roma,direct,0.3164,1.00000,24,10000,308,homography,0.85,4159.895,1325.817,0.000,0.000,0.000,0.000,1276.334,1240.904,ok,,0.1,0.1000,0
eval_MoTaTiZrHf-HEA-DDRX-1100C_TEM_DislocationCharacterization_0#18,DislocationCharacterization,MoTaTiZrHf-HEA-DDRX-1100C_TEM_DislocationCharacterization,roma,pyramid_v2,0.3164,1.00000,24,10000,371,affine@direct,1.67,1082.387,1117.961,0.000,0.000,0.000,0.000,1098.304,1124.939,ok,,0.1,0.1000,0
eval_MoTaTiZrHf-HEA-DDRX-1100C_TEM_DislocationCharacterization_0#18,DislocationCharacterization,MoTaTiZrHf-HEA-DDRX-1100C_TEM_DislocationCharacterization,roma,direct,0.2236,1.00000,24,10000,317,homography,0.76,1361.118,1163.774,0.000,0.000,0.000,0.000,1015.282,950.607,ok,,0.05,0.0500,0
eval_MoTaTiZrHf-HEA-DDRX-1100C_TEM_DislocationCharacterization_0#18,DislocationCharacterization,MoTaTiZrHf-HEA-DDRX-1100C_TEM_DislocationCharacterization,roma,pyramid_v2,0.2236,1.00000,24,10000,627,homography@direct+zoom,2.16,1224.687,1460.918,0.000,0.000,0.000,0.000,1264.678,1473.670,ok,,0.05,0.0500,0
eval_MoTaTiZrHf-HEA-DDRX-1100C_TEM_DislocationCharacterization_0#18,DislocationCharacterization,MoTaTiZrHf-HEA-DDRX-1100C_TEM_DislocationCharacterization,roma,direct,0.1416,1.00000,24,10000,254,homography,0.73,984.616,1180.811,0.000,0.000,0.000,0.000,2935.820,2715.889,ok,,0.02,0.0200,0
eval_MoTaTiZrHf-HEA-DDRX-1100C_TEM_DislocationCharacterization_0#18,DislocationCharacterization,MoTaTiZrHf-HEA-DDRX-1100C_TEM_DislocationCharacterization,roma,pyramid_v2,0.1416,1.00000,24,10000,619,homography@direct+zoom,2.07,2132.382,1117.143,0.000,0.000,0.000,0.000,687.782,506.091,ok,,0.02,0.0200,0
eval_MoTaTiZrHf-HEA-DDRX-1100C_TEM_DislocationCharacterization_0#21,DislocationCharacterization,MoTaTiZrHf-HEA-DDRX-1100C_TEM_DislocationCharacterization,roma,direct,0.7070,1.00000,17,10000,790,affine,0.87,25.358,29.076,0.000,0.000,0.059,0.118,33.297,32.246,ok,,0.5,0.5000,8
eval_MoTaTiZrHf-HEA-DDRX-1100C_TEM_DislocationCharacterization_0#21,DislocationCharacterization,MoTaTiZrHf-HEA-DDRX-1100C_TEM_DislocationCharacterization,roma,pyramid_v2,0.7070,1.00000,17,10000,728,homography@direct,0.93,42.782,39.681,0.000,0.059,0.059,0.059,36.572,34.197,ok,,0.5,0.5000,8
eval_MoTaTiZrHf-HEA-DDRX-1100C_TEM_DislocationCharacterization_0#21,DislocationCharacterization,MoTaTiZrHf-HEA-DDRX-1100C_TEM_DislocationCharacterization,roma,direct,0.5000,1.00000,17,10000,237,affine,0.89,579.682,575.765,0.000,0.000,0.000,0.000,593.888,601.740,ok,,0.25,0.2500,5
eval_MoTaTiZrHf-HEA-DDRX-1100C_TEM_DislocationCharacterization_0#21,DislocationCharacterization,MoTaTiZrHf-HEA-DDRX-1100C_TEM_DislocationCharacterization,roma,pyramid_v2,0.5000,1.00000,17,10000,470,homography@direct+zoom,1.70,1258.439,1410.198,0.000,0.000,0.000,0.000,1426.746,1539.690,ok,,0.25,0.2500,5
eval_MoTaTiZrHf-HEA-DDRX-1100C_TEM_DislocationCharacterization_0#21,DislocationCharacterization,MoTaTiZrHf-HEA-DDRX-1100C_TEM_DislocationCharacterization,roma,direct,0.3164,1.00000,17,10000,507,homography,0.84,857.662,988.974,0.000,0.000,0.000,0.000,613.942,587.293,ok,,0.1,0.1000,1
eval_MoTaTiZrHf-HEA-DDRX-1100C_TEM_DislocationCharacterization_0#21,DislocationCharacterization,MoTaTiZrHf-HEA-DDRX-1100C_TEM_DislocationCharacterization,roma,pyramid_v2,0.3164,1.00000,17,10000,1194,affine@direct+zoom,2.97,552.853,552.738,0.000,0.000,0.000,0.000,483.216,471.449,ok,,0.1,0.1000,1
eval_MoTaTiZrHf-HEA-DDRX-1100C_TEM_DislocationCharacterization_0#21,DislocationCharacterization,MoTaTiZrHf-HEA-DDRX-1100C_TEM_DislocationCharacterization,roma,direct,0.2236,1.00000,17,10000,367,affine,0.75,853.034,769.297,0.000,0.000,0.000,0.000,853.533,768.100,ok,,0.05,0.0500,1
eval_MoTaTiZrHf-HEA-DDRX-1100C_TEM_DislocationCharacterization_0#21,DislocationCharacterization,MoTaTiZrHf-HEA-DDRX-1100C_TEM_DislocationCharacterization,roma,pyramid_v2,0.2236,1.00000,17,10000,2224,affine@direct+zoom,1.90,1091.544,1229.568,0.000,0.000,0.000,0.000,1085.370,1229.055,ok,,0.05,0.0500,1
eval_MoTaTiZrHf-HEA-DDRX-1100C_TEM_DislocationCharacterization_0#21,DislocationCharacterization,MoTaTiZrHf-HEA-DDRX-1100C_TEM_DislocationCharacterization,roma,direct,0.1416,1.00000,17,10000,205,affine,0.72,819.166,777.407,0.000,0.000,0.000,0.000,847.788,813.546,ok,,0.02,0.0200,1
eval_MoTaTiZrHf-HEA-DDRX-1100C_TEM_DislocationCharacterization_0#21,DislocationCharacterization,MoTaTiZrHf-HEA-DDRX-1100C_TEM_DislocationCharacterization,roma,pyramid_v2,0.1416,1.00000,17,10000,681,homography@direct+zoom,2.56,1502.091,1660.565,0.000,0.000,0.000,0.000,1447.649,1713.836,ok,,0.02,0.0200,1
eval_MoTaTiZrHf-HEA-DDRX-1100C_TEM_DislocationCharacterization_0#22,DislocationCharacterization,MoTaTiZrHf-HEA-DDRX-1100C_TEM_DislocationCharacterization,roma,direct,0.7070,1.00000,17,10000,411,homography,0.92,210.069,207.610,0.000,0.000,0.000,0.000,185.585,190.501,ok,,0.5,0.5000,8
eval_MoTaTiZrHf-HEA-DDRX-1100C_TEM_DislocationCharacterization_0#22,DislocationCharacterization,MoTaTiZrHf-HEA-DDRX-1100C_TEM_DislocationCharacterization,roma,pyramid_v2,0.7070,1.00000,17,10000,713,affine@direct,0.96,20.518,18.224,0.000,0.000,0.059,0.294,35.150,28.801,ok,,0.5,0.5000,8
eval_MoTaTiZrHf-HEA-DDRX-1100C_TEM_DislocationCharacterization_0#22,DislocationCharacterization,MoTaTiZrHf-HEA-DDRX-1100C_TEM_DislocationCharacterization,roma,direct,0.5000,1.00000,17,10000,139,homography,0.91,1570.238,1376.789,0.000,0.000,0.000,0.000,933.300,827.249,ok,,0.25,0.2500,5
eval_MoTaTiZrHf-HEA-DDRX-1100C_TEM_DislocationCharacterization_0#22,DislocationCharacterization,MoTaTiZrHf-HEA-DDRX-1100C_TEM_DislocationCharacterization,roma,pyramid_v2,0.5000,1.00000,17,10000,88,homography@direct,1.84,1242.079,1349.591,0.000,0.000,0.000,0.000,1920.630,1717.298,ok,,0.25,0.2500,5
eval_MoTaTiZrHf-HEA-DDRX-1100C_TEM_DislocationCharacterization_0#22,DislocationCharacterization,MoTaTiZrHf-HEA-DDRX-1100C_TEM_DislocationCharacterization,roma,direct,0.3164,1.00000,17,10000,908,affine,0.86,583.266,579.838,0.000,0.000,0.000,0.000,662.999,638.419,ok,,0.1,0.1000,1
eval_MoTaTiZrHf-HEA-DDRX-1100C_TEM_DislocationCharacterization_0#22,DislocationCharacterization,MoTaTiZrHf-HEA-DDRX-1100C_TEM_DislocationCharacterization,roma,pyramid_v2,0.3164,1.00000,17,10000,1295,affine@direct+zoom,1.69,551.148,620.819,0.000,0.000,0.000,0.000,534.839,555.997,ok,,0.1,0.1000,1
eval_MoTaTiZrHf-HEA-DDRX-1100C_TEM_DislocationCharacterization_0#22,DislocationCharacterization,MoTaTiZrHf-HEA-DDRX-1100C_TEM_DislocationCharacterization,roma,direct,0.2236,1.00000,17,10000,474,affine,0.77,980.608,1024.214,0.000,0.000,0.000,0.000,1059.001,1004.469,ok,,0.05,0.0500,1
eval_MoTaTiZrHf-HEA-DDRX-1100C_TEM_DislocationCharacterization_0#22,DislocationCharacterization,MoTaTiZrHf-HEA-DDRX-1100C_TEM_DislocationCharacterization,roma,pyramid_v2,0.2236,1.00000,17,10000,953,homography@direct+zoom,1.98,1584.121,1174.839,0.000,0.000,0.000,0.000,857.917,916.127,ok,,0.05,0.0500,1
eval_MoTaTiZrHf-HEA-DDRX-1100C_TEM_DislocationCharacterization_0#22,DislocationCharacterization,MoTaTiZrHf-HEA-DDRX-1100C_TEM_DislocationCharacterization,roma,direct,0.1416,1.00000,17,10000,239,homography,0.74,2824.986,968.034,0.000,0.000,0.000,0.000,939.789,874.794,ok,,0.02,0.0200,1
eval_MoTaTiZrHf-HEA-DDRX-1100C_TEM_DislocationCharacterization_0#22,DislocationCharacterization,MoTaTiZrHf-HEA-DDRX-1100C_TEM_DislocationCharacterization,roma,pyramid_v2,0.1416,1.00000,17,10000,931,affine@direct+zoom,2.54,860.542,850.116,0.000,0.000,0.000,0.000,898.110,865.388,ok,,0.02,0.0200,1
eval_MoTaTiZrHf-HEA-DDRX-1100C_TEM_DislocationCharacterization_0#25,DislocationCharacterization,MoTaTiZrHf-HEA-DDRX-1100C_TEM_DislocationCharacterization,roma,direct,0.7070,1.00000,24,10000,861,affine,0.90,698.885,690.992,0.000,0.000,0.000,0.000,710.848,713.480,ok,,0.5,0.5000,14
eval_MoTaTiZrHf-HEA-DDRX-1100C_TEM_DislocationCharacterization_0#25,DislocationCharacterization,MoTaTiZrHf-HEA-DDRX-1100C_TEM_DislocationCharacterization,roma,pyramid_v2,0.7070,1.00000,24,10000,790,affine@direct,1.79,702.760,694.372,0.000,0.000,0.000,0.000,720.779,716.277,ok,,0.5,0.5000,14
eval_MoTaTiZrHf-HEA-DDRX-1100C_TEM_DislocationCharacterization_0#25,DislocationCharacterization,MoTaTiZrHf-HEA-DDRX-1100C_TEM_DislocationCharacterization,roma,direct,0.5000,1.00000,24,10000,78,homography,0.89,1002.305,1018.644,0.000,0.000,0.000,0.000,985.899,903.226,ok,,0.25,0.2500,7
eval_MoTaTiZrHf-HEA-DDRX-1100C_TEM_DislocationCharacterization_0#25,DislocationCharacterization,MoTaTiZrHf-HEA-DDRX-1100C_TEM_DislocationCharacterization,roma,pyramid_v2,0.5000,1.00000,24,10000,79,affine@direct,1.66,1652.363,1387.074,0.000,0.000,0.000,0.000,1747.969,1446.866,ok,,0.25,0.2500,7
eval_MoTaTiZrHf-HEA-DDRX-1100C_TEM_DislocationCharacterization_0#25,DislocationCharacterization,MoTaTiZrHf-HEA-DDRX-1100C_TEM_DislocationCharacterization,roma,direct,0.3164,1.00000,24,10000,346,affine,0.84,789.128,718.032,0.000,0.000,0.000,0.000,841.865,759.102,ok,,0.1,0.1000,0
eval_MoTaTiZrHf-HEA-DDRX-1100C_TEM_DislocationCharacterization_0#25,DislocationCharacterization,MoTaTiZrHf-HEA-DDRX-1100C_TEM_DislocationCharacterization,roma,pyramid_v2,0.3164,1.00000,24,10000,466,affine@direct+zoom,2.37,406.754,397.391,0.000,0.000,0.000,0.000,406.989,387.190,ok,,0.1,0.1000,0
eval_MoTaTiZrHf-HEA-DDRX-1100C_TEM_DislocationCharacterization_0#25,DislocationCharacterization,MoTaTiZrHf-HEA-DDRX-1100C_TEM_DislocationCharacterization,roma,direct,0.2236,1.00000,24,10000,696,affine,0.79,916.865,894.246,0.000,0.000,0.000,0.000,906.456,911.988,ok,,0.05,0.0500,0
eval_MoTaTiZrHf-HEA-DDRX-1100C_TEM_DislocationCharacterization_0#25,DislocationCharacterization,MoTaTiZrHf-HEA-DDRX-1100C_TEM_DislocationCharacterization,roma,pyramid_v2,0.2236,1.00000,24,10000,1058,affine@direct+zoom,2.01,1214.746,1238.953,0.000,0.000,0.000,0.000,1193.995,1274.440,ok,,0.05,0.0500,0
eval_MoTaTiZrHf-HEA-DDRX-1100C_TEM_DislocationCharacterization_0#25,DislocationCharacterization,MoTaTiZrHf-HEA-DDRX-1100C_TEM_DislocationCharacterization,roma,direct,0.1416,1.00000,24,10000,630,affine,0.74,906.929,1002.793,0.000,0.000,0.000,0.000,961.134,1124.040,ok,,0.02,0.0200,0
eval_MoTaTiZrHf-HEA-DDRX-1100C_TEM_DislocationCharacterization_0#25,DislocationCharacterization,MoTaTiZrHf-HEA-DDRX-1100C_TEM_DislocationCharacterization,roma,pyramid_v2,0.1416,1.00000,24,10000,1479,affine@direct+zoom,1.78,1045.324,1259.650,0.000,0.000,0.000,0.000,1087.909,1272.921,ok,,0.02,0.0200,0
eval_MoTaTiZrHf-HEA-DDRX-1100C_TEM_DislocationCharacterization_0#31,DislocationCharacterization,MoTaTiZrHf-HEA-DDRX-1100C_TEM_DislocationCharacterization,roma,direct,0.7070,1.00000,17,10000,3188,affine,0.89,29.844,30.747,0.000,0.000,0.000,0.118,25.441,25.397,ok,,0.5,0.5000,8
eval_MoTaTiZrHf-HEA-DDRX-1100C_TEM_DislocationCharacterization_0#31,DislocationCharacterization,MoTaTiZrHf-HEA-DDRX-1100C_TEM_DislocationCharacterization,roma,pyramid_v2,0.7070,1.00000,17,10000,3747,affine@direct,0.93,20.720,20.747,0.000,0.000,0.000,0.176,16.971,15.906,ok,,0.5,0.5000,8
eval_MoTaTiZrHf-HEA-DDRX-1100C_TEM_DislocationCharacterization_0#31,DislocationCharacterization,MoTaTiZrHf-HEA-DDRX-1100C_TEM_DislocationCharacterization,roma,direct,0.5000,1.00000,17,10000,205,homography,0.89,3921.911,1524.714,0.000,0.000,0.000,0.000,1621.569,1677.261,ok,,0.25,0.2500,5
eval_MoTaTiZrHf-HEA-DDRX-1100C_TEM_DislocationCharacterization_0#31,DislocationCharacterization,MoTaTiZrHf-HEA-DDRX-1100C_TEM_DislocationCharacterization,roma,pyramid_v2,0.5000,1.00000,17,10000,174,homography@direct,0.92,2092.616,1486.424,0.000,0.000,0.000,0.000,1164.939,1349.771,ok,,0.25,0.2500,5
eval_MoTaTiZrHf-HEA-DDRX-1100C_TEM_DislocationCharacterization_0#31,DislocationCharacterization,MoTaTiZrHf-HEA-DDRX-1100C_TEM_DislocationCharacterization,roma,direct,0.3164,1.00000,17,10000,1031,homography,0.83,817.098,779.877,0.000,0.000,0.000,0.000,813.243,768.872,ok,,0.1,0.1000,1
eval_MoTaTiZrHf-HEA-DDRX-1100C_TEM_DislocationCharacterization_0#31,DislocationCharacterization,MoTaTiZrHf-HEA-DDRX-1100C_TEM_DislocationCharacterization,roma,pyramid_v2,0.3164,1.00000,17,10000,669,affine@direct+zoom,2.32,638.091,557.015,0.000,0.000,0.000,0.000,613.910,508.900,ok,,0.1,0.1000,1
eval_MoTaTiZrHf-HEA-DDRX-1100C_TEM_DislocationCharacterization_0#31,DislocationCharacterization,MoTaTiZrHf-HEA-DDRX-1100C_TEM_DislocationCharacterization,roma,direct,0.2236,1.00000,17,10000,1985,homography,0.76,831.239,648.390,0.000,0.000,0.000,0.000,790.276,692.924,ok,,0.05,0.0500,1
eval_MoTaTiZrHf-HEA-DDRX-1100C_TEM_DislocationCharacterization_0#31,DislocationCharacterization,MoTaTiZrHf-HEA-DDRX-1100C_TEM_DislocationCharacterization,roma,pyramid_v2,0.2236,1.00000,17,10000,1976,affine@direct,1.36,790.877,756.278,0.000,0.000,0.000,0.000,769.822,668.993,ok,,0.05,0.0500,1
eval_MoTaTiZrHf-HEA-DDRX-1100C_TEM_DislocationCharacterization_0#31,DislocationCharacterization,MoTaTiZrHf-HEA-DDRX-1100C_TEM_DislocationCharacterization,roma,direct,0.1416,1.00000,17,10000,289,homography,0.70,1451.890,1442.130,0.000,0.000,0.000,0.000,1330.146,1470.023,ok,,0.02,0.0200,1
eval_MoTaTiZrHf-HEA-DDRX-1100C_TEM_DislocationCharacterization_0#31,DislocationCharacterization,MoTaTiZrHf-HEA-DDRX-1100C_TEM_DislocationCharacterization,roma,pyramid_v2,0.1416,1.00000,17,10000,268,affine@direct+zoom,2.46,825.645,569.330,0.000,0.000,0.000,0.000,777.442,644.037,ok,,0.02,0.0200,1
eval_MoTaTiZrHf-HEA-DDRX-900C_TEM_largeFOV-DislocationCharacterization_0#0,DislocationCharacterization,MoTaTiZrHf-HEA-DDRX-900C_TEM_largeFOV-DislocationCharacterization,roma,direct,0.7070,1.00000,18,10000,3042,affine,1.16,26.645,23.302,0.000,0.000,0.000,0.056,23.045,21.282,ok,,0.5,0.5000,15
eval_MoTaTiZrHf-HEA-DDRX-900C_TEM_largeFOV-DislocationCharacterization_0#0,DislocationCharacterization,MoTaTiZrHf-HEA-DDRX-900C_TEM_largeFOV-DislocationCharacterization,roma,pyramid_v2,0.7070,1.00000,18,10000,3191,affine@direct,1.29,22.567,20.428,0.000,0.000,0.056,0.222,29.336,21.239,ok,,0.5,0.5000,15
eval_MoTaTiZrHf-HEA-DDRX-900C_TEM_largeFOV-DislocationCharacterization_0#0,DislocationCharacterization,MoTaTiZrHf-HEA-DDRX-900C_TEM_largeFOV-DislocationCharacterization,roma,direct,0.5000,1.00000,18,10000,153,homography,1.14,6734.766,1309.831,0.000,0.000,0.000,0.000,1238.629,1292.114,ok,,0.25,0.2500,10
eval_MoTaTiZrHf-HEA-DDRX-900C_TEM_largeFOV-DislocationCharacterization_0#0,DislocationCharacterization,MoTaTiZrHf-HEA-DDRX-900C_TEM_largeFOV-DislocationCharacterization,roma,pyramid_v2,0.5000,1.00000,18,10000,64,homography@direct,2.23,2759.441,2475.830,0.000,0.000,0.000,0.000,1862.662,1992.495,ok,,0.25,0.2500,10
eval_MoTaTiZrHf-HEA-DDRX-900C_TEM_largeFOV-DislocationCharacterization_0#0,DislocationCharacterization,MoTaTiZrHf-HEA-DDRX-900C_TEM_largeFOV-DislocationCharacterization,roma,direct,0.3162,1.00000,18,10000,333,affine,1.13,1526.377,1486.630,0.000,0.000,0.000,0.000,1586.522,1534.847,ok,,0.1,0.1000,5
eval_MoTaTiZrHf-HEA-DDRX-900C_TEM_largeFOV-DislocationCharacterization_0#0,DislocationCharacterization,MoTaTiZrHf-HEA-DDRX-900C_TEM_largeFOV-DislocationCharacterization,roma,pyramid_v2,0.3162,1.00000,18,10000,80,affine@direct+zoom,3.29,1627.895,1366.657,0.000,0.000,0.000,0.000,1594.970,1273.717,ok,,0.1,0.1000,5
eval_MoTaTiZrHf-HEA-DDRX-900C_TEM_largeFOV-DislocationCharacterization_0#0,DislocationCharacterization,MoTaTiZrHf-HEA-DDRX-900C_TEM_largeFOV-DislocationCharacterization,roma,direct,0.2236,1.00000,18,10000,269,affine,1.11,940.629,932.797,0.000,0.000,0.000,0.000,1016.209,979.433,ok,,0.05,0.0500,4
eval_MoTaTiZrHf-HEA-DDRX-900C_TEM_largeFOV-DislocationCharacterization_0#0,DislocationCharacterization,MoTaTiZrHf-HEA-DDRX-900C_TEM_largeFOV-DislocationCharacterization,roma,pyramid_v2,0.2236,1.00000,18,10000,242,affine@direct,2.16,962.688,943.305,0.000,0.000,0.000,0.000,989.108,987.554,ok,,0.05,0.0500,4
eval_MoTaTiZrHf-HEA-DDRX-900C_TEM_largeFOV-DislocationCharacterization_0#0,DislocationCharacterization,MoTaTiZrHf-HEA-DDRX-900C_TEM_largeFOV-DislocationCharacterization,roma,direct,0.1414,1.00000,18,10000,286,homography,0.98,3384.926,3244.643,0.000,0.000,0.000,0.000,2914.498,2721.761,ok,,0.02,0.0200,2
eval_MoTaTiZrHf-HEA-DDRX-900C_TEM_largeFOV-DislocationCharacterization_0#0,DislocationCharacterization,MoTaTiZrHf-HEA-DDRX-900C_TEM_largeFOV-DislocationCharacterization,roma,pyramid_v2,0.1414,1.00000,18,10000,184,homography@direct,1.74,2838.559,2781.604,0.000,0.000,0.000,0.000,14726.735,10243.618,ok,,0.02,0.0200,2
eval_TRIP1-Bainitic_LOM_SEM_EBSD_Multiscale_0#0,Multiscale,TRIP1-Bainitic_LOM_SEM_EBSD_Multiscale,roma,direct,0.6837,0.42058,51,10000,9995,homography,0.89,1.486,1.421,0.196,0.980,1.000,1.000,2.424,1.645,ok,,0.5,0.4999,32
eval_TRIP1-Bainitic_LOM_SEM_EBSD_Multiscale_0#0,Multiscale,TRIP1-Bainitic_LOM_SEM_EBSD_Multiscale,roma,pyramid_v2,0.6837,0.42058,51,10000,9997,homography@direct,0.95,1.491,1.428,0.196,0.980,1.000,1.000,1.947,1.580,ok,,0.5,0.4999,32
eval_TRIP1-Bainitic_LOM_SEM_EBSD_Multiscale_0#0,Multiscale,TRIP1-Bainitic_LOM_SEM_EBSD_Multiscale,roma,direct,0.4836,0.42058,51,10000,9984,homography,0.90,1.454,1.381,0.255,0.961,1.000,1.000,5.378,4.570,ok,,0.25,0.2501,14
eval_TRIP1-Bainitic_LOM_SEM_EBSD_Multiscale_0#0,Multiscale,TRIP1-Bainitic_LOM_SEM_EBSD_Multiscale,roma,pyramid_v2,0.4836,0.42058,51,10000,9946,homography@direct+zoom,1.87,1.424,1.391,0.333,0.961,1.000,1.000,4.896,2.964,ok,,0.25,0.2501,14
eval_TRIP1-Bainitic_LOM_SEM_EBSD_Multiscale_0#0,Multiscale,TRIP1-Bainitic_LOM_SEM_EBSD_Multiscale,roma,direct,0.3058,0.42058,51,10000,867,homography,1.13,930.880,729.588,0.000,0.000,0.000,0.000,567.473,568.713,ok,,0.1,0.1000,7
eval_TRIP1-Bainitic_LOM_SEM_EBSD_Multiscale_0#0,Multiscale,TRIP1-Bainitic_LOM_SEM_EBSD_Multiscale,roma,pyramid_v2,0.3058,0.42058,51,10000,2913,homography@direct+zoom,3.61,798.187,817.300,0.000,0.000,0.000,0.000,786.141,796.719,ok,,0.1,0.1000,7
eval_TRIP1-Bainitic_LOM_SEM_EBSD_Multiscale_0#0,Multiscale,TRIP1-Bainitic_LOM_SEM_EBSD_Multiscale,roma,direct,0.2162,0.42058,51,10000,688,affine,1.12,600.494,597.882,0.000,0.000,0.000,0.000,631.880,622.562,ok,,0.05,0.0500,4
eval_TRIP1-Bainitic_LOM_SEM_EBSD_Multiscale_0#0,Multiscale,TRIP1-Bainitic_LOM_SEM_EBSD_Multiscale,roma,pyramid_v2,0.2162,0.42058,51,10000,725,homography@direct,1.97,824.536,845.385,0.000,0.000,0.000,0.000,829.067,791.043,ok,,0.05,0.0500,4
eval_TRIP1-Bainitic_LOM_SEM_EBSD_Multiscale_0#0,Multiscale,TRIP1-Bainitic_LOM_SEM_EBSD_Multiscale,roma,direct,0.1369,0.42058,51,10000,132,homography,0.84,854.004,754.761,0.000,0.000,0.000,0.000,702.851,624.666,ok,,0.02,0.0200,2
eval_TRIP1-Bainitic_LOM_SEM_EBSD_Multiscale_0#0,Multiscale,TRIP1-Bainitic_LOM_SEM_EBSD_Multiscale,roma,pyramid_v2,0.1369,0.42058,51,10000,2129,affine@direct+zoom,2.30,466.925,483.535,0.000,0.000,0.000,0.000,454.590,448.450,ok,,0.02,0.0200,2
eval_TRIP1-Bainitic_LOM_SEM_EBSD_Multiscale_0#1,Multiscale,TRIP1-Bainitic_LOM_SEM_EBSD_Multiscale,roma,direct,0.7122,0.95459,46,10000,9967,homography,0.89,1.954,1.486,0.196,0.783,0.957,1.000,0.995,0.885,ok,,0.5,0.4997,33
eval_TRIP1-Bainitic_LOM_SEM_EBSD_Multiscale_0#1,Multiscale,TRIP1-Bainitic_LOM_SEM_EBSD_Multiscale,roma,pyramid_v2,0.7122,0.95459,46,10000,9989,homography@direct,0.96,1.961,1.491,0.217,0.804,0.957,1.000,1.063,0.860,ok,,0.5,0.4997,33
eval_TRIP1-Bainitic_LOM_SEM_EBSD_Multiscale_0#1,Multiscale,TRIP1-Bainitic_LOM_SEM_EBSD_Multiscale,roma,direct,0.5036,0.95459,46,10000,10000,homography,0.86,2.842,2.006,0.261,0.630,0.848,1.000,1.880,1.182,ok,,0.25,0.2499,17
eval_TRIP1-Bainitic_LOM_SEM_EBSD_Multiscale_0#1,Multiscale,TRIP1-Bainitic_LOM_SEM_EBSD_Multiscale,roma,pyramid_v2,0.5036,0.95459,46,10000,9998,homography@direct,1.82,2.839,1.997,0.261,0.630,0.848,1.000,2.216,1.603,ok,,0.25,0.2499,17
eval_TRIP1-Bainitic_LOM_SEM_EBSD_Multiscale_0#1,Multiscale,TRIP1-Bainitic_LOM_SEM_EBSD_Multiscale,roma,direct,0.3184,0.95459,46,10000,9995,homography,0.74,6.416,4.540,0.130,0.391,0.543,0.783,12.422,9.133,ok,,0.1,0.1000,7
eval_TRIP1-Bainitic_LOM_SEM_EBSD_Multiscale_0#1,Multiscale,TRIP1-Bainitic_LOM_SEM_EBSD_Multiscale,roma,pyramid_v2,0.3184,0.95459,46,10000,9994,homography@direct,1.50,6.586,4.643,0.130,0.413,0.543,0.783,6.951,6.376,ok,,0.1,0.1000,7
eval_TRIP1-Bainitic_LOM_SEM_EBSD_Multiscale_0#1,Multiscale,TRIP1-Bainitic_LOM_SEM_EBSD_Multiscale,roma,direct,0.2255,0.95459,46,10000,4463,homography,0.72,12.369,8.993,0.000,0.130,0.304,0.543,30.015,25.671,ok,,0.05,0.0500,3
eval_TRIP1-Bainitic_LOM_SEM_EBSD_Multiscale_0#1,Multiscale,TRIP1-Bainitic_LOM_SEM_EBSD_Multiscale,roma,pyramid_v2,0.2255,0.95459,46,10000,10000,homography@direct+zoom,2.41,13.254,8.307,0.109,0.196,0.370,0.543,4.964,4.797,ok,,0.05,0.0500,3
eval_TRIP1-Bainitic_LOM_SEM_EBSD_Multiscale_0#1,Multiscale,TRIP1-Bainitic_LOM_SEM_EBSD_Multiscale,roma,direct,0.1423,0.95459,46,10000,1806,homography,0.75,558.490,580.315,0.000,0.000,0.000,0.000,575.844,600.558,ok,,0.02,0.0200,2
eval_TRIP1-Bainitic_LOM_SEM_EBSD_Multiscale_0#1,Multiscale,TRIP1-Bainitic_LOM_SEM_EBSD_Multiscale,roma,pyramid_v2,0.1423,0.95459,46,10000,2881,affine@direct+zoom,1.21,686.955,715.131,0.000,0.000,0.000,0.000,641.513,642.242,ok,,0.02,0.0200,2
eval_TRIP1-Bainitic_LOM_SEM_EBSD_Multiscale_0#2,Multiscale,TRIP1-Bainitic_LOM_SEM_EBSD_Multiscale,roma,direct,0.7135,0.96694,53,10000,5359,affine,0.93,10.949,2.209,0.132,0.566,0.566,0.604,7.404,2.553,ok,,0.5,0.5001,35
eval_TRIP1-Bainitic_LOM_SEM_EBSD_Multiscale_0#2,Multiscale,TRIP1-Bainitic_LOM_SEM_EBSD_Multiscale,roma,pyramid_v2,0.7135,0.96694,53,10000,5352,homography@direct,0.97,10.091,2.257,0.132,0.566,0.566,0.604,9.427,2.577,ok,,0.5,0.5001,35
eval_TRIP1-Bainitic_LOM_SEM_EBSD_Multiscale_0#2,Multiscale,TRIP1-Bainitic_LOM_SEM_EBSD_Multiscale,roma,direct,0.5042,0.96694,53,10000,5708,affine,0.88,10.608,2.312,0.057,0.566,0.566,0.604,6.467,5.901,ok,,0.25,0.2501,20
eval_TRIP1-Bainitic_LOM_SEM_EBSD_Multiscale_0#2,Multiscale,TRIP1-Bainitic_LOM_SEM_EBSD_Multiscale,roma,pyramid_v2,0.5042,0.96694,53,10000,5631,affine@direct,1.84,10.659,2.199,0.113,0.566,0.566,0.604,8.245,6.015,ok,,0.25,0.2501,20
eval_TRIP1-Bainitic_LOM_SEM_EBSD_Multiscale_0#2,Multiscale,TRIP1-Bainitic_LOM_SEM_EBSD_Multiscale,roma,direct,0.3192,0.96694,53,10000,5088,affine,0.74,11.393,3.379,0.075,0.472,0.566,0.604,10.590,8.136,ok,,0.1,0.1001,6
eval_TRIP1-Bainitic_LOM_SEM_EBSD_Multiscale_0#2,Multiscale,TRIP1-Bainitic_LOM_SEM_EBSD_Multiscale,roma,pyramid_v2,0.3192,0.96694,53,10000,6400,affine@direct+zoom,2.21,10.563,1.974,0.132,0.566,0.566,0.604,8.247,3.471,ok,,0.1,0.1001,6
eval_TRIP1-Bainitic_LOM_SEM_EBSD_Multiscale_0#2,Multiscale,TRIP1-Bainitic_LOM_SEM_EBSD_Multiscale,roma,direct,0.2258,0.96694,53,10000,706,homography,0.78,1528.353,569.757,0.000,0.000,0.000,0.000,502.007,497.615,ok,,0.05,0.0501,4
eval_TRIP1-Bainitic_LOM_SEM_EBSD_Multiscale_0#2,Multiscale,TRIP1-Bainitic_LOM_SEM_EBSD_Multiscale,roma,pyramid_v2,0.2258,0.96694,53,10000,7295,affine@direct+zoom,2.49,11.190,2.755,0.094,0.509,0.566,0.604,8.698,7.557,ok,,0.05,0.0501,4
eval_TRIP1-Bainitic_LOM_SEM_EBSD_Multiscale_0#2,Multiscale,TRIP1-Bainitic_LOM_SEM_EBSD_Multiscale,roma,direct,0.1428,0.96694,53,10000,1287,homography,0.74,2414.174,704.917,0.000,0.000,0.000,0.000,597.365,617.185,ok,,0.02,0.0200,2
eval_TRIP1-Bainitic_LOM_SEM_EBSD_Multiscale_0#2,Multiscale,TRIP1-Bainitic_LOM_SEM_EBSD_Multiscale,roma,pyramid_v2,0.1428,0.96694,53,10000,1818,affine@direct+zoom,1.91,634.645,623.089,0.000,0.000,0.000,0.000,630.086,599.245,ok,,0.02,0.0200,2
eval_Ti3AlC2-MAX-Phase_TEM_DislocationCharacterization_0#0,DislocationCharacterization,Ti3AlC2-MAX-Phase_TEM_DislocationCharacterization,roma,direct,0.7065,1.00000,46,10000,6794,affine,0.46,2.234,1.726,0.065,0.826,0.935,1.000,4.309,2.308,ok,,0.5,0.4998,36
eval_Ti3AlC2-MAX-Phase_TEM_DislocationCharacterization_0#0,DislocationCharacterization,Ti3AlC2-MAX-Phase_TEM_DislocationCharacterization,roma,pyramid_v2,0.7065,1.00000,46,10000,6840,affine@direct,0.48,2.386,1.980,0.109,0.761,0.935,1.000,4.185,2.367,ok,,0.5,0.4998,36
eval_Ti3AlC2-MAX-Phase_TEM_DislocationCharacterization_0#0,DislocationCharacterization,Ti3AlC2-MAX-Phase_TEM_DislocationCharacterization,roma,direct,0.4983,1.00000,46,10000,2177,affine,0.47,168.167,172.613,0.000,0.000,0.000,0.000,159.908,159.742,ok,,0.25,0.2491,17
eval_Ti3AlC2-MAX-Phase_TEM_DislocationCharacterization_0#0,DislocationCharacterization,Ti3AlC2-MAX-Phase_TEM_DislocationCharacterization,roma,pyramid_v2,0.4983,1.00000,46,10000,1960,homography@direct,0.94,275.537,155.736,0.000,0.000,0.000,0.000,156.052,153.499,ok,,0.25,0.2491,17
eval_Ti3AlC2-MAX-Phase_TEM_DislocationCharacterization_0#0,DislocationCharacterization,Ti3AlC2-MAX-Phase_TEM_DislocationCharacterization,roma,direct,0.3140,1.00000,46,10000,1714,homography,0.49,789.870,172.337,0.000,0.000,0.000,0.000,129.614,128.067,ok,,0.1,0.0993,4
eval_Ti3AlC2-MAX-Phase_TEM_DislocationCharacterization_0#0,DislocationCharacterization,Ti3AlC2-MAX-Phase_TEM_DislocationCharacterization,roma,pyramid_v2,0.3140,1.00000,46,10000,1583,homography@direct,0.89,249.787,157.887,0.000,0.000,0.000,0.000,138.098,145.101,ok,,0.1,0.0993,4
eval_Ti3AlC2-MAX-Phase_TEM_DislocationCharacterization_0#0,DislocationCharacterization,Ti3AlC2-MAX-Phase_TEM_DislocationCharacterization,roma,direct,0.2218,1.00000,46,10000,3758,affine,0.44,117.677,109.583,0.000,0.000,0.000,0.000,124.427,125.481,ok,,0.05,0.0498,3
eval_Ti3AlC2-MAX-Phase_TEM_DislocationCharacterization_0#0,DislocationCharacterization,Ti3AlC2-MAX-Phase_TEM_DislocationCharacterization,roma,pyramid_v2,0.2218,1.00000,46,10000,3859,homography@direct,0.46,145.730,134.784,0.000,0.000,0.000,0.000,124.053,120.209,ok,,0.05,0.0498,3
eval_Ti3AlC2-MAX-Phase_TEM_DislocationCharacterization_0#0,DislocationCharacterization,Ti3AlC2-MAX-Phase_TEM_DislocationCharacterization,roma,direct,0.1399,1.00000,46,10000,1958,homography,0.48,255.993,175.663,0.000,0.000,0.000,0.000,246.241,265.193,ok,,0.02,0.0200,1
eval_Ti3AlC2-MAX-Phase_TEM_DislocationCharacterization_0#0,DislocationCharacterization,Ti3AlC2-MAX-Phase_TEM_DislocationCharacterization,roma,pyramid_v2,0.1399,1.00000,46,10000,2099,homography@direct,0.46,450.505,200.233,0.000,0.000,0.000,0.000,207.798,206.925,ok,,0.02,0.0200,1
eval_Ti3AlC2-MAX-Phase_TEM_DislocationCharacterization_0#1,DislocationCharacterization,Ti3AlC2-MAX-Phase_TEM_DislocationCharacterization,roma,direct,0.7075,1.00000,47,10000,9925,homography,0.45,1.758,1.377,0.298,0.851,0.957,1.000,2.656,1.474,ok,,0.5,0.5005,26
eval_Ti3AlC2-MAX-Phase_TEM_DislocationCharacterization_0#1,DislocationCharacterization,Ti3AlC2-MAX-Phase_TEM_DislocationCharacterization,roma,pyramid_v2,0.7075,1.00000,47,10000,9934,homography@direct,0.47,1.758,1.378,0.319,0.851,0.957,1.000,2.734,1.396,ok,,0.5,0.5005,26
eval_Ti3AlC2-MAX-Phase_TEM_DislocationCharacterization_0#1,DislocationCharacterization,Ti3AlC2-MAX-Phase_TEM_DislocationCharacterization,roma,direct,0.5000,1.00000,47,10000,8773,affine,0.43,3.390,2.856,0.128,0.511,0.766,1.000,8.239,6.122,ok,,0.25,0.2500,13
eval_Ti3AlC2-MAX-Phase_TEM_DislocationCharacterization_0#1,DislocationCharacterization,Ti3AlC2-MAX-Phase_TEM_DislocationCharacterization,roma,pyramid_v2,0.5000,1.00000,47,10000,8610,affine@direct,0.89,2.425,1.937,0.191,0.723,0.894,1.000,7.282,5.080,ok,,0.25,0.2500,13
eval_Ti3AlC2-MAX-Phase_TEM_DislocationCharacterization_0#1,DislocationCharacterization,Ti3AlC2-MAX-Phase_TEM_DislocationCharacterization,roma,direct,0.3163,1.00000,47,10000,2922,affine,0.44,66.898,69.307,0.000,0.000,0.000,0.043,66.551,61.269,ok,,0.1,0.1001,3
eval_Ti3AlC2-MAX-Phase_TEM_DislocationCharacterization_0#1,DislocationCharacterization,Ti3AlC2-MAX-Phase_TEM_DislocationCharacterization,roma,pyramid_v2,0.3163,1.00000,47,10000,4649,homography@direct+zoom,1.79,15.697,11.973,0.000,0.213,0.277,0.426,24.661,18.696,ok,,0.1,0.1001,3
eval_Ti3AlC2-MAX-Phase_TEM_DislocationCharacterization_0#1,DislocationCharacterization,Ti3AlC2-MAX-Phase_TEM_DislocationCharacterization,roma,direct,0.2245,1.00000,47,10000,2891,affine,0.44,161.815,178.833,0.000,0.000,0.000,0.000,162.163,171.744,ok,,0.05,0.0504,3
eval_Ti3AlC2-MAX-Phase_TEM_DislocationCharacterization_0#1,DislocationCharacterization,Ti3AlC2-MAX-Phase_TEM_DislocationCharacterization,roma,pyramid_v2,0.2245,1.00000,47,10000,2043,homography@direct,0.48,175.893,191.606,0.000,0.000,0.000,0.000,159.459,176.439,ok,,0.05,0.0504,3
eval_Ti3AlC2-MAX-Phase_TEM_DislocationCharacterization_0#1,DislocationCharacterization,Ti3AlC2-MAX-Phase_TEM_DislocationCharacterization,roma,direct,0.1429,1.00000,47,10000,4194,homography,0.46,174.254,174.526,0.000,0.000,0.000,0.000,130.898,132.568,ok,,0.02,0.0204,2
eval_Ti3AlC2-MAX-Phase_TEM_DislocationCharacterization_0#1,DislocationCharacterization,Ti3AlC2-MAX-Phase_TEM_DislocationCharacterization,roma,pyramid_v2,0.1429,1.00000,47,10000,4907,homography@direct+zoom,0.89,175.179,177.728,0.000,0.000,0.000,0.000,160.731,151.118,ok,,0.02,0.0204,2
eval_Ti3AlC2-MAX-Phase_TEM_DislocationCharacterization_0#2,DislocationCharacterization,Ti3AlC2-MAX-Phase_TEM_DislocationCharacterization,roma,direct,,,,,,,,,,,,,,,,skipped,rung_not_below_base,0.5,,
eval_Ti3AlC2-MAX-Phase_TEM_DislocationCharacterization_0#2,DislocationCharacterization,Ti3AlC2-MAX-Phase_TEM_DislocationCharacterization,roma,pyramid_v2,,,,,,,,,,,,,,,,skipped,rung_not_below_base,0.5,,
eval_Ti3AlC2-MAX-Phase_TEM_DislocationCharacterization_0#2,DislocationCharacterization,Ti3AlC2-MAX-Phase_TEM_DislocationCharacterization,roma,direct,0.4977,0.60715,38,10000,8855,affine,0.46,1.254,1.174,0.421,0.974,0.974,1.000,1.439,1.308,ok,,0.25,0.2496,28
eval_Ti3AlC2-MAX-Phase_TEM_DislocationCharacterization_0#2,DislocationCharacterization,Ti3AlC2-MAX-Phase_TEM_DislocationCharacterization,roma,pyramid_v2,0.4977,0.60715,38,10000,8890,homography@direct,0.90,1.325,1.198,0.421,0.974,0.974,1.000,1.398,1.088,ok,,0.25,0.2496,28
eval_Ti3AlC2-MAX-Phase_TEM_DislocationCharacterization_0#2,DislocationCharacterization,Ti3AlC2-MAX-Phase_TEM_DislocationCharacterization,roma,direct,0.3160,0.60715,38,10000,4090,affine,0.46,1.547,1.098,0.421,0.868,0.974,1.000,27.795,19.196,ok,,0.1,0.1002,10
eval_Ti3AlC2-MAX-Phase_TEM_DislocationCharacterization_0#2,DislocationCharacterization,Ti3AlC2-MAX-Phase_TEM_DislocationCharacterization,roma,pyramid_v2,0.3160,0.60715,38,10000,4056,homography@direct,0.91,1.629,1.335,0.395,0.842,1.000,1.000,22.266,17.283,ok,,0.1,0.1002,10
eval_Ti3AlC2-MAX-Phase_TEM_DislocationCharacterization_0#2,DislocationCharacterization,Ti3AlC2-MAX-Phase_TEM_DislocationCharacterization,roma,direct,0.2230,0.60715,38,10000,2219,affine,0.46,8.799,9.001,0.000,0.105,0.184,0.632,39.509,42.455,ok,,0.05,0.0499,5
eval_Ti3AlC2-MAX-Phase_TEM_DislocationCharacterization_0#2,DislocationCharacterization,Ti3AlC2-MAX-Phase_TEM_DislocationCharacterization,roma,pyramid_v2,0.2230,0.60715,38,10000,7420,affine@direct+zoom,1.74,1.540,1.342,0.342,0.947,0.974,1.000,4.827,3.400,ok,,0.05,0.0499,5
eval_Ti3AlC2-MAX-Phase_TEM_DislocationCharacterization_0#2,DislocationCharacterization,Ti3AlC2-MAX-Phase_TEM_DislocationCharacterization,roma,direct,0.1404,0.60715,38,10000,1944,homography,0.47,402.996,206.566,0.000,0.000,0.000,0.000,178.738,176.091,ok,,0.02,0.0198,2
eval_Ti3AlC2-MAX-Phase_TEM_DislocationCharacterization_0#2,DislocationCharacterization,Ti3AlC2-MAX-Phase_TEM_DislocationCharacterization,roma,pyramid_v2,0.1404,0.60715,38,10000,1481,affine@direct,0.93,194.679,188.077,0.000,0.000,0.000,0.000,186.368,175.419,ok,,0.02,0.0198,2
eval_X2CrNi12-Ferritic_SEM-SE-Stitch_EBSD_Fatigue-SameSlice_0#0,SameSlice,X2CrNi12-Ferritic_SEM-SE-Stitch_EBSD_Fatigue-SameSlice,roma,direct,0.7034,0.99115,59,10000,5677,homography,1.35,9.197,7.475,0.000,0.051,0.220,0.678,7.925,6.382,ok,,0.5,0.5000,38
eval_X2CrNi12-Ferritic_SEM-SE-Stitch_EBSD_Fatigue-SameSlice_0#0,SameSlice,X2CrNi12-Ferritic_SEM-SE-Stitch_EBSD_Fatigue-SameSlice,roma,pyramid_v2,0.7034,0.99115,59,10000,5085,affine@direct,1.37,10.078,7.902,0.017,0.119,0.237,0.593,9.046,6.052,ok,,0.5,0.5000,38
eval_X2CrNi12-Ferritic_SEM-SE-Stitch_EBSD_Fatigue-SameSlice_0#0,SameSlice,X2CrNi12-Ferritic_SEM-SE-Stitch_EBSD_Fatigue-SameSlice,roma,direct,0.4974,0.99115,59,10000,5943,homography,1.18,10.870,9.987,0.000,0.034,0.085,0.508,21.236,14.016,ok,,0.25,0.2500,20
eval_X2CrNi12-Ferritic_SEM-SE-Stitch_EBSD_Fatigue-SameSlice_0#0,SameSlice,X2CrNi12-Ferritic_SEM-SE-Stitch_EBSD_Fatigue-SameSlice,roma,pyramid_v2,0.4974,0.99115,59,10000,5961,affine@direct,2.41,10.452,9.714,0.000,0.068,0.136,0.593,20.186,16.487,ok,,0.25,0.2500,20
eval_X2CrNi12-Ferritic_SEM-SE-Stitch_EBSD_Fatigue-SameSlice_0#0,SameSlice,X2CrNi12-Ferritic_SEM-SE-Stitch_EBSD_Fatigue-SameSlice,roma,direct,0.3146,0.99115,59,10000,1722,homography,1.14,87.851,78.515,0.000,0.034,0.034,0.102,100.808,82.587,ok,,0.1,0.1000,9
eval_X2CrNi12-Ferritic_SEM-SE-Stitch_EBSD_Fatigue-SameSlice_0#0,SameSlice,X2CrNi12-Ferritic_SEM-SE-Stitch_EBSD_Fatigue-SameSlice,roma,pyramid_v2,0.3146,0.99115,59,10000,4566,affine@direct+zoom,2.99,10.932,10.164,0.000,0.034,0.186,0.492,23.438,24.740,ok,,0.1,0.1000,9
eval_X2CrNi12-Ferritic_SEM-SE-Stitch_EBSD_Fatigue-SameSlice_0#0,SameSlice,X2CrNi12-Ferritic_SEM-SE-Stitch_EBSD_Fatigue-SameSlice,roma,direct,0.2224,0.99115,59,10000,97,homography,1.11,3680.504,3526.839,0.000,0.000,0.000,0.000,3082.551,3038.369,ok,,0.05,0.0500,4
eval_X2CrNi12-Ferritic_SEM-SE-Stitch_EBSD_Fatigue-SameSlice_0#0,SameSlice,X2CrNi12-Ferritic_SEM-SE-Stitch_EBSD_Fatigue-SameSlice,roma,pyramid_v2,0.2224,0.99115,59,10000,266,homography@direct+zoom,2.75,3192.070,3131.319,0.000,0.000,0.000,0.000,2988.292,2982.019,ok,,0.05,0.0500,4
eval_X2CrNi12-Ferritic_SEM-SE-Stitch_EBSD_Fatigue-SameSlice_0#0,SameSlice,X2CrNi12-Ferritic_SEM-SE-Stitch_EBSD_Fatigue-SameSlice,roma,direct,0.1407,0.99115,59,10000,459,homography,1.11,3109.444,2302.585,0.000,0.000,0.000,0.000,2203.696,2294.537,ok,,0.02,0.0200,1
eval_X2CrNi12-Ferritic_SEM-SE-Stitch_EBSD_Fatigue-SameSlice_0#0,SameSlice,X2CrNi12-Ferritic_SEM-SE-Stitch_EBSD_Fatigue-SameSlice,roma,pyramid_v2,0.1407,0.99115,59,10000,1581,homography@direct+zoom,3.37,2924.546,2970.033,0.000,0.000,0.000,0.000,2925.043,2780.672,ok,,0.02,0.0200,1
eval_X2CrNi12-Ferritic_SEM-SE-Stitch_EBSD_Fatigue-SameSlice_0#1,SameSlice,X2CrNi12-Ferritic_SEM-SE-Stitch_EBSD_Fatigue-SameSlice,roma,direct,0.7148,3.01599,100,10000,3162,affine,1.17,25.424,18.260,0.010,0.080,0.130,0.310,22.917,17.095,ok,,0.5,0.4998,65
eval_X2CrNi12-Ferritic_SEM-SE-Stitch_EBSD_Fatigue-SameSlice_0#1,SameSlice,X2CrNi12-Ferritic_SEM-SE-Stitch_EBSD_Fatigue-SameSlice,roma,pyramid_v2,0.7148,3.01599,100,10000,3253,affine@direct,1.20,26.447,18.871,0.010,0.050,0.140,0.290,28.101,20.105,ok,,0.5,0.4998,65
eval_X2CrNi12-Ferritic_SEM-SE-Stitch_EBSD_Fatigue-SameSlice_0#1,SameSlice,X2CrNi12-Ferritic_SEM-SE-Stitch_EBSD_Fatigue-SameSlice,roma,direct,0.5054,3.01599,100,10000,2739,affine,1.07,23.363,17.793,0.010,0.050,0.130,0.320,34.038,28.675,ok,,0.25,0.2500,28
eval_X2CrNi12-Ferritic_SEM-SE-Stitch_EBSD_Fatigue-SameSlice_0#1,SameSlice,X2CrNi12-Ferritic_SEM-SE-Stitch_EBSD_Fatigue-SameSlice,roma,pyramid_v2,0.5054,3.01599,100,10000,2657,homography@direct,2.22,31.572,30.564,0.000,0.000,0.070,0.160,27.845,26.061,ok,,0.25,0.2500,28
eval_X2CrNi12-Ferritic_SEM-SE-Stitch_EBSD_Fatigue-SameSlice_0#1,SameSlice,X2CrNi12-Ferritic_SEM-SE-Stitch_EBSD_Fatigue-SameSlice,roma,direct,0.3197,3.01599,100,10000,424,homography,1.04,4021.552,3873.060,0.000,0.000,0.000,0.000,3736.573,3783.166,ok,,0.1,0.1000,10
eval_X2CrNi12-Ferritic_SEM-SE-Stitch_EBSD_Fatigue-SameSlice_0#1,SameSlice,X2CrNi12-Ferritic_SEM-SE-Stitch_EBSD_Fatigue-SameSlice,roma,pyramid_v2,0.3197,3.01599,100,10000,453,homography@direct,1.92,7389.832,4323.039,0.000,0.000,0.000,0.000,3801.798,3916.753,ok,,0.1,0.1000,10
eval_X2CrNi12-Ferritic_SEM-SE-Stitch_EBSD_Fatigue-SameSlice_0#1,SameSlice,X2CrNi12-Ferritic_SEM-SE-Stitch_EBSD_Fatigue-SameSlice,roma,direct,0.2262,3.01599,100,10000,112,affine,0.98,2361.124,2103.650,0.000,0.000,0.000,0.000,2411.396,2235.583,ok,,0.05,0.0500,6
eval_X2CrNi12-Ferritic_SEM-SE-Stitch_EBSD_Fatigue-SameSlice_0#1,SameSlice,X2CrNi12-Ferritic_SEM-SE-Stitch_EBSD_Fatigue-SameSlice,roma,pyramid_v2,0.2262,3.01599,100,10000,52,homography@direct+zoom,1.92,14779.573,3010.959,0.000,0.000,0.000,0.000,3416.077,3260.546,ok,,0.05,0.0500,6
eval_X2CrNi12-Ferritic_SEM-SE-Stitch_EBSD_Fatigue-SameSlice_0#1,SameSlice,X2CrNi12-Ferritic_SEM-SE-Stitch_EBSD_Fatigue-SameSlice,roma,direct,0.1430,3.01599,100,10000,35,homography,0.96,310981.980,10255.417,0.000,0.000,0.000,0.000,11165.049,10909.394,ok,,0.02,0.0200,3
eval_X2CrNi12-Ferritic_SEM-SE-Stitch_EBSD_Fatigue-SameSlice_0#1,SameSlice,X2CrNi12-Ferritic_SEM-SE-Stitch_EBSD_Fatigue-SameSlice,roma,pyramid_v2,0.1430,3.01599,100,10000,411,affine@tile,1855.60,3391.638,3274.298,0.000,0.000,0.000,0.000,3421.969,3322.671,ok,,0.02,0.0200,3
eval_X2CrNi12-Ferritic_SEM-SE-Stitch_EBSD_Fatigue-SameSlice_0#2,SameSlice,X2CrNi12-Ferritic_SEM-SE-Stitch_EBSD_Fatigue-SameSlice,roma,direct,0.7148,3.01599,100,10000,774,affine,1.18,26.603,18.887,0.000,0.050,0.080,0.230,49.750,42.657,ok,,0.5,0.4998,65
eval_X2CrNi12-Ferritic_SEM-SE-Stitch_EBSD_Fatigue-SameSlice_0#2,SameSlice,X2CrNi12-Ferritic_SEM-SE-Stitch_EBSD_Fatigue-SameSlice,roma,pyramid_v2,0.7148,3.01599,100,10000,567,homography@direct,1.24,296.927,171.160,0.000,0.000,0.000,0.030,37.461,35.492,ok,,0.5,0.4998,65
eval_X2CrNi12-Ferritic_SEM-SE-Stitch_EBSD_Fatigue-SameSlice_0#2,SameSlice,X2CrNi12-Ferritic_SEM-SE-Stitch_EBSD_Fatigue-SameSlice,roma,direct,0.5054,3.01599,100,10000,345,homography,1.19,3960.133,4205.101,0.000,0.000,0.000,0.000,3742.270,3777.205,ok,,0.25,0.2500,28
eval_X2CrNi12-Ferritic_SEM-SE-Stitch_EBSD_Fatigue-SameSlice_0#2,SameSlice,X2CrNi12-Ferritic_SEM-SE-Stitch_EBSD_Fatigue-SameSlice,roma,pyramid_v2,0.5054,3.01599,100,10000,365,affine@direct+zoom,2.92,3909.943,4031.346,0.000,0.000,0.000,0.000,3828.630,3948.433,ok,,0.25,0.2500,28
eval_X2CrNi12-Ferritic_SEM-SE-Stitch_EBSD_Fatigue-SameSlice_0#2,SameSlice,X2CrNi12-Ferritic_SEM-SE-Stitch_EBSD_Fatigue-SameSlice,roma,direct,0.3197,3.01599,100,10000,197,affine,1.06,2406.900,2370.307,0.000,0.000,0.000,0.000,2216.209,2152.917,ok,,0.1,0.1000,10
eval_X2CrNi12-Ferritic_SEM-SE-Stitch_EBSD_Fatigue-SameSlice_0#2,SameSlice,X2CrNi12-Ferritic_SEM-SE-Stitch_EBSD_Fatigue-SameSlice,roma,pyramid_v2,0.3197,3.01599,100,10000,688,affine@direct+zoom,2.83,1425.148,1379.776,0.000,0.000,0.000,0.000,1377.264,1452.613,ok,,0.1,0.1000,10
eval_X2CrNi12-Ferritic_SEM-SE-Stitch_EBSD_Fatigue-SameSlice_0#2,SameSlice,X2CrNi12-Ferritic_SEM-SE-Stitch_EBSD_Fatigue-SameSlice,roma,direct,0.2262,3.01599,100,10000,85,affine,1.02,2667.691,2583.626,0.000,0.000,0.000,0.000,2534.854,2589.960,ok,,0.05,0.0500,6
eval_X2CrNi12-Ferritic_SEM-SE-Stitch_EBSD_Fatigue-SameSlice_0#2,SameSlice,X2CrNi12-Ferritic_SEM-SE-Stitch_EBSD_Fatigue-SameSlice,roma,pyramid_v2,0.2262,3.01599,100,10000,156,homography@direct,1.08,7236.063,3665.169,0.000,0.000,0.000,0.000,2338.678,2329.818,ok,,0.05,0.0500,6
eval_X2CrNi12-Ferritic_SEM-SE-Stitch_EBSD_Fatigue-SameSlice_0#2,SameSlice,X2CrNi12-Ferritic_SEM-SE-Stitch_EBSD_Fatigue-SameSlice,roma,direct,0.1430,3.01599,100,10000,86,affine,1.02,6689.448,6219.520,0.000,0.000,0.000,0.000,6686.990,6184.636,ok,,0.02,0.0200,3
eval_X2CrNi12-Ferritic_SEM-SE-Stitch_EBSD_Fatigue-SameSlice_0#2,SameSlice,X2CrNi12-Ferritic_SEM-SE-Stitch_EBSD_Fatigue-SameSlice,roma,pyramid_v2,0.1430,3.01599,100,10000,113,affine@direct,1.60,5694.891,5101.129,0.000,0.000,0.000,0.000,6478.967,6001.542,ok,,0.02,0.0200,3
eval_AF9628-Martensitic_SEM-SE-Stitch_EBSD_SameSlice_0#2,SameSlice,AF9628-Martensitic_SEM-SE-Stitch_EBSD_SameSlice,ma_roma,direct,0.7008,0.32023,37,10000,9473,homography,1.24,6.406,5.816,0.000,0.351,0.459,0.838,6.957,5.416,ok,,0.5,0.5000,22
eval_AF9628-Martensitic_SEM-SE-Stitch_EBSD_SameSlice_0#2,SameSlice,AF9628-Martensitic_SEM-SE-Stitch_EBSD_SameSlice,ma_roma,pyramid_v2,0.7008,0.32023,37,10000,9463,homography@direct,1.29,6.322,5.642,0.000,0.351,0.459,0.838,6.746,5.673,ok,,0.5,0.5000,22
eval_AF9628-Martensitic_SEM-SE-Stitch_EBSD_SameSlice_0#2,SameSlice,AF9628-Martensitic_SEM-SE-Stitch_EBSD_SameSlice,ma_roma,direct,0.4955,0.32023,37,10000,7417,homography,0.94,9.740,6.304,0.000,0.135,0.459,0.676,13.086,10.459,ok,,0.25,0.2500,10
eval_AF9628-Martensitic_SEM-SE-Stitch_EBSD_SameSlice_0#2,SameSlice,AF9628-Martensitic_SEM-SE-Stitch_EBSD_SameSlice,ma_roma,pyramid_v2,0.4955,0.32023,37,10000,9210,homography@direct+zoom,2.94,6.060,5.796,0.081,0.189,0.459,0.892,11.317,8.539,ok,,0.25,0.2500,10
eval_AF9628-Martensitic_SEM-SE-Stitch_EBSD_SameSlice_0#2,SameSlice,AF9628-Martensitic_SEM-SE-Stitch_EBSD_SameSlice,ma_roma,direct,0.3134,0.32023,37,10000,60,homography,0.76,2155.348,1504.423,0.000,0.000,0.000,0.000,1586.522,1522.776,ok,,0.1,0.1000,7
eval_AF9628-Martensitic_SEM-SE-Stitch_EBSD_SameSlice_0#2,SameSlice,AF9628-Martensitic_SEM-SE-Stitch_EBSD_SameSlice,ma_roma,pyramid_v2,0.3134,0.32023,37,10000,9623,homography@tile+zoom,10.68,7.819,6.504,0.027,0.189,0.378,0.730,54.592,42.344,ok,,0.1,0.1000,7
eval_AF9628-Martensitic_SEM-SE-Stitch_EBSD_SameSlice_0#2,SameSlice,AF9628-Martensitic_SEM-SE-Stitch_EBSD_SameSlice,ma_roma,direct,0.2216,0.32023,37,10000,47,affine,0.74,2010.729,1752.582,0.000,0.000,0.000,0.000,1947.523,1799.315,ok,,0.05,0.0500,3
eval_AF9628-Martensitic_SEM-SE-Stitch_EBSD_SameSlice_0#2,SameSlice,AF9628-Martensitic_SEM-SE-Stitch_EBSD_SameSlice,ma_roma,pyramid_v2,0.2216,0.32023,37,10000,124,homography@tile,10.75,2926.128,1985.322,0.000,0.000,0.000,0.000,2149.215,2089.828,ok,,0.05,0.0500,3
eval_AF9628-Martensitic_SEM-SE-Stitch_EBSD_SameSlice_0#2,SameSlice,AF9628-Martensitic_SEM-SE-Stitch_EBSD_SameSlice,ma_roma,direct,0.1402,0.32023,37,10000,63,homography,0.71,5521.315,891.239,0.000,0.000,0.000,0.000,1431.139,1375.315,ok,,0.02,0.0200,1
eval_AF9628-Martensitic_SEM-SE-Stitch_EBSD_SameSlice_0#2,SameSlice,AF9628-Martensitic_SEM-SE-Stitch_EBSD_SameSlice,ma_roma,pyramid_v2,0.1402,0.32023,37,10000,187,homography@tile,35.78,1841.551,1523.303,0.000,0.000,0.000,0.000,1663.945,1528.568,ok,,0.02,0.0200,1
eval_AF9628-Martensitic_SEM-SE-Stitch_EBSD_SameSlice_1#0,SameSlice,AF9628-Martensitic_SEM-SE-Stitch_EBSD_SameSlice,ma_roma,direct,0.7445,0.35657,39,10000,3132,affine,1.12,6.402,6.756,0.000,0.103,0.308,0.923,9.313,7.737,ok,,0.5,0.5000,18
eval_AF9628-Martensitic_SEM-SE-Stitch_EBSD_SameSlice_1#0,SameSlice,AF9628-Martensitic_SEM-SE-Stitch_EBSD_SameSlice,ma_roma,pyramid_v2,0.7445,0.35657,39,10000,3075,affine@direct,1.23,6.235,6.124,0.026,0.077,0.410,0.923,8.286,7.124,ok,,0.5,0.5000,18
eval_AF9628-Martensitic_SEM-SE-Stitch_EBSD_SameSlice_1#0,SameSlice,AF9628-Martensitic_SEM-SE-Stitch_EBSD_SameSlice,ma_roma,direct,0.5264,0.35657,39,10000,221,affine,0.90,44.491,39.625,0.000,0.000,0.051,0.103,63.816,64.038,ok,,0.25,0.2500,10
eval_AF9628-Martensitic_SEM-SE-Stitch_EBSD_SameSlice_1#0,SameSlice,AF9628-Martensitic_SEM-SE-Stitch_EBSD_SameSlice,ma_roma,pyramid_v2,0.5264,0.35657,39,10000,183,homography@direct,0.95,366.817,136.464,0.000,0.026,0.026,0.051,101.311,91.589,ok,,0.25,0.2500,10
eval_AF9628-Martensitic_SEM-SE-Stitch_EBSD_SameSlice_1#0,SameSlice,AF9628-Martensitic_SEM-SE-Stitch_EBSD_SameSlice,ma_roma,direct,0.3330,0.35657,39,10000,17,affine,0.79,7460.615,6844.915,0.000,0.000,0.000,0.000,7490.569,6633.472,ok,,0.1,0.1000,3
eval_AF9628-Martensitic_SEM-SE-Stitch_EBSD_SameSlice_1#0,SameSlice,AF9628-Martensitic_SEM-SE-Stitch_EBSD_SameSlice,ma_roma,pyramid_v2,0.3330,0.35657,39,10000,68,affine@direct,0.85,5541.963,4971.205,0.000,0.000,0.000,0.000,5660.748,5032.691,ok,,0.1,0.1000,3
eval_AF9628-Martensitic_SEM-SE-Stitch_EBSD_SameSlice_1#0,SameSlice,AF9628-Martensitic_SEM-SE-Stitch_EBSD_SameSlice,ma_roma,direct,0.2355,0.35657,39,10000,43,affine,0.74,1751.165,1521.539,0.000,0.000,0.000,0.000,1648.971,1502.867,ok,,0.05,0.0500,1
eval_AF9628-Martensitic_SEM-SE-Stitch_EBSD_SameSlice_1#0,SameSlice,AF9628-Martensitic_SEM-SE-Stitch_EBSD_SameSlice,ma_roma,pyramid_v2,0.2355,0.35657,39,10000,339,homography@direct+zoom,3.02,2337.021,2283.538,0.000,0.000,0.000,0.000,2327.258,1957.244,ok,,0.05,0.0500,1
eval_AF9628-Martensitic_SEM-SE-Stitch_EBSD_SameSlice_1#0,SameSlice,AF9628-Martensitic_SEM-SE-Stitch_EBSD_SameSlice,ma_roma,direct,0.1489,0.35657,39,10000,30,homography,0.73,1780.229,1669.311,0.000,0.000,0.000,0.000,2335.528,2117.493,ok,,0.02,0.0200,0
eval_AF9628-Martensitic_SEM-SE-Stitch_EBSD_SameSlice_1#0,SameSlice,AF9628-Martensitic_SEM-SE-Stitch_EBSD_SameSlice,ma_roma,pyramid_v2,0.1489,0.35657,39,10000,924,affine@tile,33.12,1591.629,1586.789,0.000,0.000,0.000,0.000,1514.906,1540.104,ok,,0.02,0.0200,0
eval_AF9628-Martensitic_SEM-SE-Stitch_EBSD_SameSlice_1#1,SameSlice,AF9628-Martensitic_SEM-SE-Stitch_EBSD_SameSlice,ma_roma,direct,0.7445,0.35657,39,10000,68,affine,1.07,944.871,989.623,0.000,0.000,0.000,0.000,1021.639,1071.503,ok,,0.5,0.5000,18
eval_AF9628-Martensitic_SEM-SE-Stitch_EBSD_SameSlice_1#1,SameSlice,AF9628-Martensitic_SEM-SE-Stitch_EBSD_SameSlice,ma_roma,pyramid_v2,0.7445,0.35657,39,10000,39,affine@tile,5.28,1365.959,1340.781,0.000,0.000,0.000,0.000,1364.018,1349.820,ok,,0.5,0.5000,18
eval_AF9628-Martensitic_SEM-SE-Stitch_EBSD_SameSlice_1#1,SameSlice,AF9628-Martensitic_SEM-SE-Stitch_EBSD_SameSlice,ma_roma,direct,0.5264,0.35657,39,10000,41,affine,0.88,4291.340,4023.546,0.000,0.000,0.000,0.000,4311.844,4131.568,ok,,0.25,0.2500,10
eval_AF9628-Martensitic_SEM-SE-Stitch_EBSD_SameSlice_1#1,SameSlice,AF9628-Martensitic_SEM-SE-Stitch_EBSD_SameSlice,ma_roma,pyramid_v2,0.5264,0.35657,39,10000,50,homography@direct,1.75,1585.816,1357.705,0.000,0.000,0.000,0.000,2151.690,2094.906,ok,,0.25,0.2500,10
eval_AF9628-Martensitic_SEM-SE-Stitch_EBSD_SameSlice_1#1,SameSlice,AF9628-Martensitic_SEM-SE-Stitch_EBSD_SameSlice,ma_roma,direct,0.3330,0.35657,39,10000,35,homography,0.79,8026.355,3051.998,0.000,0.000,0.000,0.000,3524.651,3277.301,ok,,0.1,0.1000,3
eval_AF9628-Martensitic_SEM-SE-Stitch_EBSD_SameSlice_1#1,SameSlice,AF9628-Martensitic_SEM-SE-Stitch_EBSD_SameSlice,ma_roma,pyramid_v2,0.3330,0.35657,39,10000,56,homography@direct,1.55,1813.948,1531.686,0.000,0.000,0.000,0.000,1300.694,1147.242,ok,,0.1,0.1000,3
eval_AF9628-Martensitic_SEM-SE-Stitch_EBSD_SameSlice_1#1,SameSlice,AF9628-Martensitic_SEM-SE-Stitch_EBSD_SameSlice,ma_roma,direct,0.2355,0.35657,39,10000,29,homography,0.73,1653.847,1630.566,0.000,0.000,0.000,0.000,2268.014,2067.187,ok,,0.05,0.0500,1
eval_AF9628-Martensitic_SEM-SE-Stitch_EBSD_SameSlice_1#1,SameSlice,AF9628-Martensitic_SEM-SE-Stitch_EBSD_SameSlice,ma_roma,pyramid_v2,0.2355,0.35657,39,10000,61,homography@direct,0.78,3558.291,2257.925,0.000,0.000,0.000,0.000,4117.409,3487.210,ok,,0.05,0.0500,1
eval_AF9628-Martensitic_SEM-SE-Stitch_EBSD_SameSlice_1#1,SameSlice,AF9628-Martensitic_SEM-SE-Stitch_EBSD_SameSlice,ma_roma,direct,0.1489,0.35657,39,10000,68,homography,0.72,2963.372,1707.344,0.000,0.000,0.000,0.000,1421.838,1394.736,ok,,0.02,0.0200,0
eval_AF9628-Martensitic_SEM-SE-Stitch_EBSD_SameSlice_1#1,SameSlice,AF9628-Martensitic_SEM-SE-Stitch_EBSD_SameSlice,ma_roma,pyramid_v2,0.1489,0.35657,39,10000,274,affine@tile,33.72,2617.451,2625.261,0.000,0.000,0.000,0.000,2711.182,2708.097,ok,,0.02,0.0200,0
eval_AF9628-Martensitic_SEM-SE-Stitch_EBSD_SameSlice_1#2,SameSlice,AF9628-Martensitic_SEM-SE-Stitch_EBSD_SameSlice,ma_roma,direct,0.7445,0.35657,39,10000,8701,affine,1.05,4.610,4.703,0.103,0.282,0.564,1.000,6.933,4.600,ok,,0.5,0.5000,18
eval_AF9628-Martensitic_SEM-SE-Stitch_EBSD_SameSlice_1#2,SameSlice,AF9628-Martensitic_SEM-SE-Stitch_EBSD_SameSlice,ma_roma,pyramid_v2,0.7445,0.35657,39,10000,8686,affine@direct,1.17,4.583,4.565,0.128,0.282,0.538,1.000,8.825,5.002,ok,,0.5,0.5000,18
eval_AF9628-Martensitic_SEM-SE-Stitch_EBSD_SameSlice_1#2,SameSlice,AF9628-Martensitic_SEM-SE-Stitch_EBSD_SameSlice,ma_roma,direct,0.5264,0.35657,39,10000,9167,homography,0.88,5.147,5.433,0.077,0.282,0.436,0.974,16.004,11.718,ok,,0.25,0.2500,10
eval_AF9628-Martensitic_SEM-SE-Stitch_EBSD_SameSlice_1#2,SameSlice,AF9628-Martensitic_SEM-SE-Stitch_EBSD_SameSlice,ma_roma,pyramid_v2,0.5264,0.35657,39,10000,9245,homography@direct+zoom,2.74,4.996,4.921,0.000,0.308,0.538,0.974,14.147,10.337,ok,,0.25,0.2500,10
eval_AF9628-Martensitic_SEM-SE-Stitch_EBSD_SameSlice_1#2,SameSlice,AF9628-Martensitic_SEM-SE-Stitch_EBSD_SameSlice,ma_roma,direct,0.3330,0.35657,39,10000,130,homography,0.75,2985.990,1494.474,0.000,0.000,0.000,0.000,1140.400,1113.272,ok,,0.1,0.1000,3
eval_AF9628-Martensitic_SEM-SE-Stitch_EBSD_SameSlice_1#2,SameSlice,AF9628-Martensitic_SEM-SE-Stitch_EBSD_SameSlice,ma_roma,pyramid_v2,0.3330,0.35657,39,10000,9403,homography@direct+zoom,3.06,10.458,8.477,0.000,0.154,0.282,0.590,66.390,59.853,ok,,0.1,0.1000,3
eval_AF9628-Martensitic_SEM-SE-Stitch_EBSD_SameSlice_1#2,SameSlice,AF9628-Martensitic_SEM-SE-Stitch_EBSD_SameSlice,ma_roma,direct,0.2355,0.35657,39,10000,63,homography,0.72,2275.802,2190.988,0.000,0.000,0.000,0.000,2298.187,2125.852,ok,,0.05,0.0500,1
eval_AF9628-Martensitic_SEM-SE-Stitch_EBSD_SameSlice_1#2,SameSlice,AF9628-Martensitic_SEM-SE-Stitch_EBSD_SameSlice,ma_roma,pyramid_v2,0.2355,0.35657,39,10000,50,homography@direct,1.45,2496.586,1817.503,0.000,0.000,0.000,0.000,1661.307,1585.865,ok,,0.05,0.0500,1
eval_AF9628-Martensitic_SEM-SE-Stitch_EBSD_SameSlice_1#2,SameSlice,AF9628-Martensitic_SEM-SE-Stitch_EBSD_SameSlice,ma_roma,direct,0.1489,0.35657,39,10000,145,affine,0.69,2484.046,2433.920,0.000,0.000,0.000,0.000,2535.801,2434.273,ok,,0.02,0.0200,0
eval_AF9628-Martensitic_SEM-SE-Stitch_EBSD_SameSlice_1#2,SameSlice,AF9628-Martensitic_SEM-SE-Stitch_EBSD_SameSlice,ma_roma,pyramid_v2,0.1489,0.35657,39,10000,164,homography@direct,1.31,1818.212,1757.937,0.000,0.000,0.000,0.000,2230.735,2031.239,ok,,0.02,0.0200,0
eval_AF9628-Martensitic_SEM-SE-Stitch_EBSD_SameSlice_2#0,SameSlice,AF9628-Martensitic_SEM-SE-Stitch_EBSD_SameSlice,ma_roma,direct,0.6467,0.35658,37,10000,5661,affine,1.15,4.590,3.984,0.027,0.297,0.595,1.000,11.864,6.767,ok,,0.5,0.5001,20
eval_AF9628-Martensitic_SEM-SE-Stitch_EBSD_SameSlice_2#0,SameSlice,AF9628-Martensitic_SEM-SE-Stitch_EBSD_SameSlice,ma_roma,pyramid_v2,0.6467,0.35658,37,10000,5621,affine@direct,1.25,4.494,3.884,0.027,0.297,0.622,1.000,11.460,6.587,ok,,0.5,0.5001,20
eval_AF9628-Martensitic_SEM-SE-Stitch_EBSD_SameSlice_2#0,SameSlice,AF9628-Martensitic_SEM-SE-Stitch_EBSD_SameSlice,ma_roma,direct,0.4573,0.35658,37,10000,37,homography,0.92,1432.408,1482.436,0.000,0.000,0.000,0.000,1428.257,1480.141,ok,,0.25,0.2500,11
eval_AF9628-Martensitic_SEM-SE-Stitch_EBSD_SameSlice_2#0,SameSlice,AF9628-Martensitic_SEM-SE-Stitch_EBSD_SameSlice,ma_roma,pyramid_v2,0.4573,0.35658,37,10000,76,affine@direct,1.99,2344.584,2395.447,0.000,0.000,0.000,0.000,2369.586,2387.606,ok,,0.25,0.2500,11
eval_AF9628-Martensitic_SEM-SE-Stitch_EBSD_SameSlice_2#0,SameSlice,AF9628-Martensitic_SEM-SE-Stitch_EBSD_SameSlice,ma_roma,direct,0.2892,0.35658,37,10000,55,homography,0.82,5055.309,2588.025,0.000,0.000,0.000,0.000,2266.426,2264.170,ok,,0.1,0.1000,6
eval_AF9628-Martensitic_SEM-SE-Stitch_EBSD_SameSlice_2#0,SameSlice,AF9628-Martensitic_SEM-SE-Stitch_EBSD_SameSlice,ma_roma,pyramid_v2,0.2892,0.35658,37,10000,89,affine@tile,9.50,3844.749,4011.298,0.000,0.000,0.000,0.000,3829.686,3967.931,ok,,0.1,0.1000,6
eval_AF9628-Martensitic_SEM-SE-Stitch_EBSD_SameSlice_2#0,SameSlice,AF9628-Martensitic_SEM-SE-Stitch_EBSD_SameSlice,ma_roma,direct,0.2045,0.35658,37,10000,82,affine,0.76,2431.424,2427.356,0.000,0.000,0.000,0.000,2356.163,2410.623,ok,,0.05,0.0500,3
eval_AF9628-Martensitic_SEM-SE-Stitch_EBSD_SameSlice_2#0,SameSlice,AF9628-Martensitic_SEM-SE-Stitch_EBSD_SameSlice,ma_roma,pyramid_v2,0.2045,0.35658,37,10000,78,affine@direct,0.78,6592.504,5622.993,0.000,0.000,0.000,0.000,6792.630,5860.878,ok,,0.05,0.0500,3
eval_AF9628-Martensitic_SEM-SE-Stitch_EBSD_SameSlice_2#0,SameSlice,AF9628-Martensitic_SEM-SE-Stitch_EBSD_SameSlice,ma_roma,direct,0.1294,0.35658,37,10000,68,homography,0.74,2150.129,2120.109,0.000,0.000,0.000,0.000,2156.579,2164.124,ok,,0.02,0.0200,1
eval_AF9628-Martensitic_SEM-SE-Stitch_EBSD_SameSlice_2#0,SameSlice,AF9628-Martensitic_SEM-SE-Stitch_EBSD_SameSlice,ma_roma,pyramid_v2,0.1294,0.35658,37,10000,258,homography@tile,32.20,1737.550,1525.921,0.000,0.000,0.000,0.000,1431.257,1485.054,ok,,0.02,0.0200,1
eval_AF9628-Martensitic_SEM-SE-Stitch_EBSD_SameSlice_2#2,SameSlice,AF9628-Martensitic_SEM-SE-Stitch_EBSD_SameSlice,ma_roma,direct,0.6467,0.35658,37,10000,9137,affine,1.08,3.991,4.067,0.027,0.324,0.730,1.000,5.313,4.358,ok,,0.5,0.5001,20
eval_AF9628-Martensitic_SEM-SE-Stitch_EBSD_SameSlice_2#2,SameSlice,AF9628-Martensitic_SEM-SE-Stitch_EBSD_SameSlice,ma_roma,pyramid_v2,0.6467,0.35658,37,10000,9175,affine@direct,1.18,3.966,4.020,0.027,0.324,0.730,1.000,5.566,3.862,ok,,0.5,0.5001,20
eval_AF9628-Martensitic_SEM-SE-Stitch_EBSD_SameSlice_2#2,SameSlice,AF9628-Martensitic_SEM-SE-Stitch_EBSD_SameSlice,ma_roma,direct,0.4573,0.35658,37,10000,9040,homography,0.87,5.225,4.780,0.000,0.216,0.568,0.946,23.840,16.888,ok,,0.25,0.2500,11
eval_AF9628-Martensitic_SEM-SE-Stitch_EBSD_SameSlice_2#2,SameSlice,AF9628-Martensitic_SEM-SE-Stitch_EBSD_SameSlice,ma_roma,pyramid_v2,0.4573,0.35658,37,10000,9002,homography@direct,1.88,5.223,4.798,0.000,0.216,0.568,0.946,15.988,9.969,ok,,0.25,0.2500,11
eval_AF9628-Martensitic_SEM-SE-Stitch_EBSD_SameSlice_2#2,SameSlice,AF9628-Martensitic_SEM-SE-Stitch_EBSD_SameSlice,ma_roma,direct,0.2892,0.35658,37,10000,3266,homography,0.78,13.225,12.866,0.000,0.000,0.081,0.432,58.480,68.678,ok,,0.1,0.1000,6
eval_AF9628-Martensitic_SEM-SE-Stitch_EBSD_SameSlice_2#2,SameSlice,AF9628-Martensitic_SEM-SE-Stitch_EBSD_SameSlice,ma_roma,pyramid_v2,0.2892,0.35658,37,10000,9643,homography@direct+zoom,2.43,5.356,4.149,0.027,0.216,0.595,0.865,38.469,31.835,ok,,0.1,0.1000,6
eval_AF9628-Martensitic_SEM-SE-Stitch_EBSD_SameSlice_2#2,SameSlice,AF9628-Martensitic_SEM-SE-Stitch_EBSD_SameSlice,ma_roma,direct,0.2045,0.35658,37,10000,78,homography,0.76,10599.811,4081.953,0.000,0.000,0.000,0.000,8584.683,7835.170,ok,,0.05,0.0500,3
eval_AF9628-Martensitic_SEM-SE-Stitch_EBSD_SameSlice_2#2,SameSlice,AF9628-Martensitic_SEM-SE-Stitch_EBSD_SameSlice,ma_roma,pyramid_v2,0.2045,0.35658,37,10000,299,affine@direct+zoom,2.37,1898.159,1912.331,0.000,0.000,0.000,0.000,1921.988,1919.331,ok,,0.05,0.0500,3
eval_AF9628-Martensitic_SEM-SE-Stitch_EBSD_SameSlice_2#2,SameSlice,AF9628-Martensitic_SEM-SE-Stitch_EBSD_SameSlice,ma_roma,direct,0.1294,0.35658,37,10000,42,homography,0.66,3925.190,2011.922,0.000,0.000,0.000,0.000,2626.591,2357.810,ok,,0.02,0.0200,1
eval_AF9628-Martensitic_SEM-SE-Stitch_EBSD_SameSlice_2#2,SameSlice,AF9628-Martensitic_SEM-SE-Stitch_EBSD_SameSlice,ma_roma,pyramid_v2,0.1294,0.35658,37,10000,60,affine@direct,0.69,6067.769,6143.716,0.000,0.000,0.000,0.000,6072.019,6093.809,ok,,0.02,0.0200,1
eval_AF9628-Martensitic_SEM-SE-Stitch_EBSD_SameSlice_3#0,SameSlice,AF9628-Martensitic_SEM-SE-Stitch_EBSD_SameSlice,ma_roma,direct,,,,,,,,,,,,,,,,skipped,rung_not_below_base,0.5,,
eval_AF9628-Martensitic_SEM-SE-Stitch_EBSD_SameSlice_3#0,SameSlice,AF9628-Martensitic_SEM-SE-Stitch_EBSD_SameSlice,ma_roma,pyramid_v2,,,,,,,,,,,,,,,,skipped,rung_not_below_base,0.5,,
eval_AF9628-Martensitic_SEM-SE-Stitch_EBSD_SameSlice_3#0,SameSlice,AF9628-Martensitic_SEM-SE-Stitch_EBSD_SameSlice,ma_roma,direct,,,,,,,,,,,,,,,,skipped,rung_not_below_base,0.25,,
eval_AF9628-Martensitic_SEM-SE-Stitch_EBSD_SameSlice_3#0,SameSlice,AF9628-Martensitic_SEM-SE-Stitch_EBSD_SameSlice,ma_roma,pyramid_v2,,,,,,,,,,,,,,,,skipped,rung_not_below_base,0.25,,
eval_AF9628-Martensitic_SEM-SE-Stitch_EBSD_SameSlice_3#0,SameSlice,AF9628-Martensitic_SEM-SE-Stitch_EBSD_SameSlice,ma_roma,direct,,,,,,,,,,,,,,,,skipped,rung_not_below_base,0.1,,
eval_AF9628-Martensitic_SEM-SE-Stitch_EBSD_SameSlice_3#0,SameSlice,AF9628-Martensitic_SEM-SE-Stitch_EBSD_SameSlice,ma_roma,pyramid_v2,,,,,,,,,,,,,,,,skipped,rung_not_below_base,0.1,,
eval_AF9628-Martensitic_SEM-SE-Stitch_EBSD_SameSlice_3#0,SameSlice,AF9628-Martensitic_SEM-SE-Stitch_EBSD_SameSlice,ma_roma,direct,,,,,,,,,,,,,,,,skipped,rung_not_below_base,0.05,,
eval_AF9628-Martensitic_SEM-SE-Stitch_EBSD_SameSlice_3#0,SameSlice,AF9628-Martensitic_SEM-SE-Stitch_EBSD_SameSlice,ma_roma,pyramid_v2,,,,,,,,,,,,,,,,skipped,rung_not_below_base,0.05,,
eval_AF9628-Martensitic_SEM-SE-Stitch_EBSD_SameSlice_3#0,SameSlice,AF9628-Martensitic_SEM-SE-Stitch_EBSD_SameSlice,ma_roma,direct,,,,,,,,,,,,,,,,skipped,rung_not_below_base,0.02,,
eval_AF9628-Martensitic_SEM-SE-Stitch_EBSD_SameSlice_3#0,SameSlice,AF9628-Martensitic_SEM-SE-Stitch_EBSD_SameSlice,ma_roma,pyramid_v2,,,,,,,,,,,,,,,,skipped,rung_not_below_base,0.02,,
eval_AF9628-Martensitic_SEM-SE-Stitch_EBSD_SameSlice_3#2,SameSlice,AF9628-Martensitic_SEM-SE-Stitch_EBSD_SameSlice,ma_roma,direct,,,,,,,,,,,,,,,,skipped,rung_not_below_base,0.5,,
eval_AF9628-Martensitic_SEM-SE-Stitch_EBSD_SameSlice_3#2,SameSlice,AF9628-Martensitic_SEM-SE-Stitch_EBSD_SameSlice,ma_roma,pyramid_v2,,,,,,,,,,,,,,,,skipped,rung_not_below_base,0.5,,
eval_AF9628-Martensitic_SEM-SE-Stitch_EBSD_SameSlice_3#2,SameSlice,AF9628-Martensitic_SEM-SE-Stitch_EBSD_SameSlice,ma_roma,direct,,,,,,,,,,,,,,,,skipped,rung_not_below_base,0.25,,
eval_AF9628-Martensitic_SEM-SE-Stitch_EBSD_SameSlice_3#2,SameSlice,AF9628-Martensitic_SEM-SE-Stitch_EBSD_SameSlice,ma_roma,pyramid_v2,,,,,,,,,,,,,,,,skipped,rung_not_below_base,0.25,,
eval_AF9628-Martensitic_SEM-SE-Stitch_EBSD_SameSlice_3#2,SameSlice,AF9628-Martensitic_SEM-SE-Stitch_EBSD_SameSlice,ma_roma,direct,,,,,,,,,,,,,,,,skipped,rung_not_below_base,0.1,,
eval_AF9628-Martensitic_SEM-SE-Stitch_EBSD_SameSlice_3#2,SameSlice,AF9628-Martensitic_SEM-SE-Stitch_EBSD_SameSlice,ma_roma,pyramid_v2,,,,,,,,,,,,,,,,skipped,rung_not_below_base,0.1,,
eval_AF9628-Martensitic_SEM-SE-Stitch_EBSD_SameSlice_3#2,SameSlice,AF9628-Martensitic_SEM-SE-Stitch_EBSD_SameSlice,ma_roma,direct,,,,,,,,,,,,,,,,skipped,rung_not_below_base,0.05,,
eval_AF9628-Martensitic_SEM-SE-Stitch_EBSD_SameSlice_3#2,SameSlice,AF9628-Martensitic_SEM-SE-Stitch_EBSD_SameSlice,ma_roma,pyramid_v2,,,,,,,,,,,,,,,,skipped,rung_not_below_base,0.05,,
eval_AF9628-Martensitic_SEM-SE-Stitch_EBSD_SameSlice_3#2,SameSlice,AF9628-Martensitic_SEM-SE-Stitch_EBSD_SameSlice,ma_roma,direct,,,,,,,,,,,,,,,,skipped,rung_not_below_base,0.02,,
eval_AF9628-Martensitic_SEM-SE-Stitch_EBSD_SameSlice_3#2,SameSlice,AF9628-Martensitic_SEM-SE-Stitch_EBSD_SameSlice,ma_roma,pyramid_v2,,,,,,,,,,,,,,,,skipped,rung_not_below_base,0.02,,
eval_AF9628-Martensitic_SEM-SE-Stitch_EBSD_SameSlice_4#0,SameSlice,AF9628-Martensitic_SEM-SE-Stitch_EBSD_SameSlice,ma_roma,direct,0.7313,0.35637,53,10000,4172,affine,1.08,7.049,6.465,0.019,0.151,0.302,0.755,13.732,9.565,ok,,0.5,0.5001,28
eval_AF9628-Martensitic_SEM-SE-Stitch_EBSD_SameSlice_4#0,SameSlice,AF9628-Martensitic_SEM-SE-Stitch_EBSD_SameSlice,ma_roma,pyramid_v2,0.7313,0.35637,53,10000,4349,homography@direct,1.17,7.211,6.640,0.000,0.170,0.321,0.755,10.402,8.145,ok,,0.5,0.5001,28
eval_AF9628-Martensitic_SEM-SE-Stitch_EBSD_SameSlice_4#0,SameSlice,AF9628-Martensitic_SEM-SE-Stitch_EBSD_SameSlice,ma_roma,direct,0.5171,0.35637,53,10000,342,affine,0.86,55.132,56.971,0.000,0.000,0.000,0.038,44.921,42.664,ok,,0.25,0.2500,14
eval_AF9628-Martensitic_SEM-SE-Stitch_EBSD_SameSlice_4#0,SameSlice,AF9628-Martensitic_SEM-SE-Stitch_EBSD_SameSlice,ma_roma,pyramid_v2,0.5171,0.35637,53,10000,2792,affine@direct+zoom,3.92,9.420,8.022,0.019,0.132,0.208,0.698,14.855,10.901,ok,,0.25,0.2500,14
eval_AF9628-Martensitic_SEM-SE-Stitch_EBSD_SameSlice_4#0,SameSlice,AF9628-Martensitic_SEM-SE-Stitch_EBSD_SameSlice,ma_roma,direct,0.3271,0.35637,53,10000,261,affine,0.82,158.435,173.283,0.000,0.000,0.000,0.019,141.644,146.706,ok,,0.1,0.1000,7
eval_AF9628-Martensitic_SEM-SE-Stitch_EBSD_SameSlice_4#0,SameSlice,AF9628-Martensitic_SEM-SE-Stitch_EBSD_SameSlice,ma_roma,pyramid_v2,0.3271,0.35637,53,10000,5477,affine@direct+zoom,2.54,7.594,6.452,0.057,0.264,0.434,0.660,17.834,16.569,ok,,0.1,0.1000,7
eval_AF9628-Martensitic_SEM-SE-Stitch_EBSD_SameSlice_4#0,SameSlice,AF9628-Martensitic_SEM-SE-Stitch_EBSD_SameSlice,ma_roma,direct,0.2313,0.35637,53,10000,96,affine,0.75,1549.027,1610.691,0.000,0.000,0.000,0.000,1408.094,1426.497,ok,,0.05,0.0500,4
eval_AF9628-Martensitic_SEM-SE-Stitch_EBSD_SameSlice_4#0,SameSlice,AF9628-Martensitic_SEM-SE-Stitch_EBSD_SameSlice,ma_roma,pyramid_v2,0.2313,0.35637,53,10000,6945,homography@direct+zoom,3.19,18.633,13.973,0.019,0.113,0.226,0.415,29.864,28.649,ok,,0.05,0.0500,4
eval_AF9628-Martensitic_SEM-SE-Stitch_EBSD_SameSlice_4#0,SameSlice,AF9628-Martensitic_SEM-SE-Stitch_EBSD_SameSlice,ma_roma,direct,0.1463,0.35637,53,10000,271,affine,0.73,2401.536,2221.540,0.000,0.000,0.000,0.000,2455.843,2287.932,ok,,0.02,0.0200,4
eval_AF9628-Martensitic_SEM-SE-Stitch_EBSD_SameSlice_4#0,SameSlice,AF9628-Martensitic_SEM-SE-Stitch_EBSD_SameSlice,ma_roma,pyramid_v2,0.1463,0.35637,53,10000,171,homography@direct+zoom,2.17,5049.153,2026.173,0.000,0.000,0.000,0.000,1784.422,1676.219,ok,,0.02,0.0200,4
eval_AF9628-Martensitic_SEM-SE-Stitch_EBSD_SameSlice_4#1,SameSlice,AF9628-Martensitic_SEM-SE-Stitch_EBSD_SameSlice,ma_roma,direct,0.7313,0.35637,53,10000,47,homography,1.11,1687.046,1587.811,0.000,0.000,0.000,0.000,1264.607,1350.011,ok,,0.5,0.5001,28
eval_AF9628-Martensitic_SEM-SE-Stitch_EBSD_SameSlice_4#1,SameSlice,AF9628-Martensitic_SEM-SE-Stitch_EBSD_SameSlice,ma_roma,pyramid_v2,0.7313,0.35637,53,10000,34,homography@direct,5.15,2428.694,2034.224,0.000,0.000,0.000,0.000,3263.556,2896.437,ok,,0.5,0.5001,28
eval_AF9628-Martensitic_SEM-SE-Stitch_EBSD_SameSlice_4#1,SameSlice,AF9628-Martensitic_SEM-SE-Stitch_EBSD_SameSlice,ma_roma,direct,0.5171,0.35637,53,10000,31,homography,0.89,2715.358,1944.467,0.000,0.000,0.000,0.000,1678.167,1458.607,ok,,0.25,0.2500,14
eval_AF9628-Martensitic_SEM-SE-Stitch_EBSD_SameSlice_4#1,SameSlice,AF9628-Martensitic_SEM-SE-Stitch_EBSD_SameSlice,ma_roma,pyramid_v2,0.5171,0.35637,53,10000,39,affine@direct,4.37,2173.302,2199.017,0.000,0.000,0.000,0.000,2408.654,2473.815,ok,,0.25,0.2500,14
eval_AF9628-Martensitic_SEM-SE-Stitch_EBSD_SameSlice_4#1,SameSlice,AF9628-Martensitic_SEM-SE-Stitch_EBSD_SameSlice,ma_roma,direct,0.3271,0.35637,53,10000,86,affine,0.79,1049.791,904.839,0.000,0.000,0.000,0.000,1158.952,1090.589,ok,,0.1,0.1000,7
eval_AF9628-Martensitic_SEM-SE-Stitch_EBSD_SameSlice_4#1,SameSlice,AF9628-Martensitic_SEM-SE-Stitch_EBSD_SameSlice,ma_roma,pyramid_v2,0.3271,0.35637,53,10000,78,homography@direct,1.50,1571.663,1442.833,0.000,0.000,0.000,0.000,1633.487,1507.390,ok,,0.1,0.1000,7
eval_AF9628-Martensitic_SEM-SE-Stitch_EBSD_SameSlice_4#1,SameSlice,AF9628-Martensitic_SEM-SE-Stitch_EBSD_SameSlice,ma_roma,direct,0.2313,0.35637,53,10000,246,affine,0.74,1798.210,1805.897,0.000,0.000,0.000,0.000,1856.765,1827.225,ok,,0.05,0.0500,4
eval_AF9628-Martensitic_SEM-SE-Stitch_EBSD_SameSlice_4#1,SameSlice,AF9628-Martensitic_SEM-SE-Stitch_EBSD_SameSlice,ma_roma,pyramid_v2,0.2313,0.35637,53,10000,121,homography@direct+zoom,1.49,4167.594,1133.399,0.000,0.000,0.000,0.000,950.545,976.763,ok,,0.05,0.0500,4
eval_AF9628-Martensitic_SEM-SE-Stitch_EBSD_SameSlice_4#1,SameSlice,AF9628-Martensitic_SEM-SE-Stitch_EBSD_SameSlice,ma_roma,direct,0.1463,0.35637,53,10000,54,homography,0.72,1734.377,1498.890,0.000,0.000,0.000,0.000,2697.756,2305.142,ok,,0.02,0.0200,4
eval_AF9628-Martensitic_SEM-SE-Stitch_EBSD_SameSlice_4#1,SameSlice,AF9628-Martensitic_SEM-SE-Stitch_EBSD_SameSlice,ma_roma,pyramid_v2,0.1463,0.35637,53,10000,107,affine@direct,1.34,3978.517,3608.035,0.000,0.000,0.000,0.000,3666.901,3516.842,ok,,0.02,0.0200,4
eval_AF9628-Martensitic_SEM-SE-Stitch_EBSD_SameSlice_4#2,SameSlice,AF9628-Martensitic_SEM-SE-Stitch_EBSD_SameSlice,ma_roma,direct,0.7313,0.35637,53,10000,8675,homography,1.06,6.936,4.821,0.019,0.302,0.509,0.792,9.365,6.646,ok,,0.5,0.5001,28
eval_AF9628-Martensitic_SEM-SE-Stitch_EBSD_SameSlice_4#2,SameSlice,AF9628-Martensitic_SEM-SE-Stitch_EBSD_SameSlice,ma_roma,pyramid_v2,0.7313,0.35637,53,10000,8756,homography@direct,1.20,6.735,4.879,0.057,0.264,0.509,0.792,7.879,6.780,ok,,0.5,0.5001,28
eval_AF9628-Martensitic_SEM-SE-Stitch_EBSD_SameSlice_4#2,SameSlice,AF9628-Martensitic_SEM-SE-Stitch_EBSD_SameSlice,ma_roma,direct,0.5171,0.35637,53,10000,9014,homography,0.88,7.628,5.893,0.038,0.189,0.434,0.755,28.324,20.494,ok,,0.25,0.2500,14
eval_AF9628-Martensitic_SEM-SE-Stitch_EBSD_SameSlice_4#2,SameSlice,AF9628-Martensitic_SEM-SE-Stitch_EBSD_SameSlice,ma_roma,pyramid_v2,0.5171,0.35637,53,10000,9330,homography@direct+zoom,3.77,8.661,6.132,0.038,0.264,0.396,0.736,20.374,9.875,ok,,0.25,0.2500,14
eval_AF9628-Martensitic_SEM-SE-Stitch_EBSD_SameSlice_4#2,SameSlice,AF9628-Martensitic_SEM-SE-Stitch_EBSD_SameSlice,ma_roma,direct,0.3271,0.35637,53,10000,1571,affine,0.76,17.629,15.907,0.019,0.057,0.170,0.283,48.518,39.500,ok,,0.1,0.1000,7
eval_AF9628-Martensitic_SEM-SE-Stitch_EBSD_SameSlice_4#2,SameSlice,AF9628-Martensitic_SEM-SE-Stitch_EBSD_SameSlice,ma_roma,pyramid_v2,0.3271,0.35637,53,10000,1376,affine@direct,1.59,11.652,9.713,0.019,0.170,0.245,0.528,64.037,57.138,ok,,0.1,0.1000,7
eval_AF9628-Martensitic_SEM-SE-Stitch_EBSD_SameSlice_4#2,SameSlice,AF9628-Martensitic_SEM-SE-Stitch_EBSD_SameSlice,ma_roma,direct,0.2313,0.35637,53,10000,44,homography,0.75,3908.277,1505.898,0.000,0.000,0.000,0.000,1447.468,1290.074,ok,,0.05,0.0500,4
eval_AF9628-Martensitic_SEM-SE-Stitch_EBSD_SameSlice_4#2,SameSlice,AF9628-Martensitic_SEM-SE-Stitch_EBSD_SameSlice,ma_roma,pyramid_v2,0.2313,0.35637,53,10000,2759,homography@direct+zoom,2.86,1669.258,1438.733,0.000,0.000,0.000,0.000,1680.298,1643.621,ok,,0.05,0.0500,4
eval_AF9628-Martensitic_SEM-SE-Stitch_EBSD_SameSlice_4#2,SameSlice,AF9628-Martensitic_SEM-SE-Stitch_EBSD_SameSlice,ma_roma,direct,0.1463,0.35637,53,10000,33,homography,0.71,5997.543,1423.172,0.000,0.000,0.000,0.000,7224.088,6682.249,ok,,0.02,0.0200,4
eval_AF9628-Martensitic_SEM-SE-Stitch_EBSD_SameSlice_4#2,SameSlice,AF9628-Martensitic_SEM-SE-Stitch_EBSD_SameSlice,ma_roma,pyramid_v2,0.1463,0.35637,53,10000,65,affine@direct,0.76,5950.426,6179.489,0.000,0.000,0.000,0.000,5528.876,5715.140,ok,,0.02,0.0200,4
eval_C103_SEM-SE_LOM-DC-Height_FractureSurfaces_0#0,FractureSurfaces,C103_SEM-SE_LOM-DC-Height_FractureSurfaces,ma_roma,direct,0.8632,1.95136,41,10000,3316,homography,0.90,11.199,8.003,0.000,0.073,0.268,0.659,13.341,12.409,ok,,0.5,0.4999,41
eval_C103_SEM-SE_LOM-DC-Height_FractureSurfaces_0#0,FractureSurfaces,C103_SEM-SE_LOM-DC-Height_FractureSurfaces,ma_roma,pyramid_v2,0.8632,1.95136,41,10000,3239,homography@direct,0.91,11.788,9.245,0.000,0.122,0.220,0.585,12.019,8.717,ok,,0.5,0.4999,41
eval_C103_SEM-SE_LOM-DC-Height_FractureSurfaces_0#0,FractureSurfaces,C103_SEM-SE_LOM-DC-Height_FractureSurfaces,ma_roma,direct,0.6101,1.95136,41,10000,596,homography,0.90,17.579,15.549,0.000,0.000,0.000,0.195,25.292,18.986,ok,,0.25,0.2498,40
eval_C103_SEM-SE_LOM-DC-Height_FractureSurfaces_0#0,FractureSurfaces,C103_SEM-SE_LOM-DC-Height_FractureSurfaces,ma_roma,pyramid_v2,0.6101,1.95136,41,10000,552,homography@direct+zoom,2.71,47.731,37.891,0.000,0.000,0.000,0.049,46.004,38.020,ok,,0.25,0.2498,40
eval_C103_SEM-SE_LOM-DC-Height_FractureSurfaces_0#0,FractureSurfaces,C103_SEM-SE_LOM-DC-Height_FractureSurfaces,ma_roma,direct,0.3857,1.95136,41,10000,148,affine,0.82,327.622,296.113,0.000,0.000,0.000,0.000,359.042,348.619,ok,,0.1,0.1000,28
eval_C103_SEM-SE_LOM-DC-Height_FractureSurfaces_0#0,FractureSurfaces,C103_SEM-SE_LOM-DC-Height_FractureSurfaces,ma_roma,pyramid_v2,0.3857,1.95136,41,10000,188,affine@direct,0.84,316.547,305.357,0.000,0.000,0.000,0.000,332.635,325.642,ok,,0.1,0.1000,28
eval_C103_SEM-SE_LOM-DC-Height_FractureSurfaces_0#0,FractureSurfaces,C103_SEM-SE_LOM-DC-Height_FractureSurfaces,ma_roma,direct,0.2732,1.95136,41,10000,47,affine,0.75,2145.001,2150.481,0.000,0.000,0.000,0.000,2116.322,2003.039,ok,,0.05,0.0501,16
eval_C103_SEM-SE_LOM-DC-Height_FractureSurfaces_0#0,FractureSurfaces,C103_SEM-SE_LOM-DC-Height_FractureSurfaces,ma_roma,pyramid_v2,0.2732,1.95136,41,10000,3405,affine@tile,222.27,1707.940,1711.979,0.000,0.000,0.000,0.000,1708.989,1704.775,ok,,0.05,0.0501,16
eval_C103_SEM-SE_LOM-DC-Height_FractureSurfaces_0#0,FractureSurfaces,C103_SEM-SE_LOM-DC-Height_FractureSurfaces,ma_roma,direct,0.1724,1.95136,41,10000,162,affine,0.73,2358.983,2245.226,0.000,0.000,0.000,0.000,2347.163,2157.806,ok,,0.02,0.0200,10
eval_C103_SEM-SE_LOM-DC-Height_FractureSurfaces_0#0,FractureSurfaces,C103_SEM-SE_LOM-DC-Height_FractureSurfaces,ma_roma,pyramid_v2,0.1724,1.95136,41,10000,186,affine@direct,0.75,2472.504,2211.604,0.000,0.000,0.000,0.000,2387.934,2199.528,ok,,0.02,0.0200,10
eval_C103_SEM-SE_LOM-DC-Height_FractureSurfaces_0#1,FractureSurfaces,C103_SEM-SE_LOM-DC-Height_FractureSurfaces,ma_roma,direct,0.8632,1.95136,41,10000,2485,affine,0.83,17.031,14.177,0.000,0.000,0.000,0.073,16.642,14.341,ok,,0.5,0.4999,41
eval_C103_SEM-SE_LOM-DC-Height_FractureSurfaces_0#1,FractureSurfaces,C103_SEM-SE_LOM-DC-Height_FractureSurfaces,ma_roma,pyramid_v2,0.8632,1.95136,41,10000,2895,homography@direct,0.87,15.771,12.981,0.000,0.000,0.000,0.268,15.721,13.304,ok,,0.5,0.4999,41
eval_C103_SEM-SE_LOM-DC-Height_FractureSurfaces_0#1,FractureSurfaces,C103_SEM-SE_LOM-DC-Height_FractureSurfaces,ma_roma,direct,0.6101,1.95136,41,10000,2370,homography,0.83,24.457,20.239,0.000,0.024,0.024,0.098,20.920,19.393,ok,,0.25,0.2498,40
eval_C103_SEM-SE_LOM-DC-Height_FractureSurfaces_0#1,FractureSurfaces,C103_SEM-SE_LOM-DC-Height_FractureSurfaces,ma_roma,pyramid_v2,0.6101,1.95136,41,10000,2428,homography@direct,1.64,21.378,19.858,0.000,0.000,0.049,0.073,19.634,19.124,ok,,0.25,0.2498,40
eval_C103_SEM-SE_LOM-DC-Height_FractureSurfaces_0#1,FractureSurfaces,C103_SEM-SE_LOM-DC-Height_FractureSurfaces,ma_roma,direct,0.3857,1.95136,41,10000,802,affine,0.74,884.526,929.890,0.000,0.000,0.000,0.000,834.800,862.138,ok,,0.1,0.1000,28
eval_C103_SEM-SE_LOM-DC-Height_FractureSurfaces_0#1,FractureSurfaces,C103_SEM-SE_LOM-DC-Height_FractureSurfaces,ma_roma,pyramid_v2,0.3857,1.95136,41,10000,746,affine@direct,0.76,907.328,982.601,0.000,0.000,0.000,0.024,852.218,906.866,ok,,0.1,0.1000,28
eval_C103_SEM-SE_LOM-DC-Height_FractureSurfaces_0#1,FractureSurfaces,C103_SEM-SE_LOM-DC-Height_FractureSurfaces,ma_roma,direct,0.2732,1.95136,41,10000,438,homography,0.70,2037.256,1679.009,0.000,0.000,0.000,0.000,1453.394,1529.398,ok,,0.05,0.0501,16
eval_C103_SEM-SE_LOM-DC-Height_FractureSurfaces_0#1,FractureSurfaces,C103_SEM-SE_LOM-DC-Height_FractureSurfaces,ma_roma,pyramid_v2,0.2732,1.95136,41,10000,425,affine@direct,0.72,1426.041,1442.489,0.000,0.000,0.000,0.000,1417.758,1424.158,ok,,0.05,0.0501,16
eval_C103_SEM-SE_LOM-DC-Height_FractureSurfaces_0#1,FractureSurfaces,C103_SEM-SE_LOM-DC-Height_FractureSurfaces,ma_roma,direct,0.1724,1.95136,41,10000,201,affine,0.68,3051.643,2746.128,0.000,0.000,0.000,0.000,2971.870,2747.405,ok,,0.02,0.0200,10
eval_C103_SEM-SE_LOM-DC-Height_FractureSurfaces_0#1,FractureSurfaces,C103_SEM-SE_LOM-DC-Height_FractureSurfaces,ma_roma,pyramid_v2,0.1724,1.95136,41,10000,182,affine@direct,0.71,3291.393,2981.102,0.000,0.000,0.000,0.000,3180.027,2864.479,ok,,0.02,0.0200,10
eval_C103_SEM-SE_LOM-DC-Height_FractureSurfaces_1#0,FractureSurfaces,C103_SEM-SE_LOM-DC-Height_FractureSurfaces,ma_roma,direct,0.5985,0.29986,34,10000,3016,affine,0.83,6.047,4.601,0.029,0.353,0.588,0.853,7.585,6.640,ok,,0.5,0.5000,34
eval_C103_SEM-SE_LOM-DC-Height_FractureSurfaces_1#0,FractureSurfaces,C103_SEM-SE_LOM-DC-Height_FractureSurfaces,ma_roma,pyramid_v2,0.5985,0.29986,34,10000,3091,affine@direct,0.92,5.888,4.547,0.118,0.324,0.588,0.853,7.408,5.555,ok,,0.5,0.5000,34
eval_C103_SEM-SE_LOM-DC-Height_FractureSurfaces_1#0,FractureSurfaces,C103_SEM-SE_LOM-DC-Height_FractureSurfaces,ma_roma,direct,0.4232,0.29986,34,10000,393,affine,0.83,222.637,215.199,0.000,0.000,0.000,0.000,213.635,204.090,ok,,0.25,0.2500,32
eval_C103_SEM-SE_LOM-DC-Height_FractureSurfaces_1#0,FractureSurfaces,C103_SEM-SE_LOM-DC-Height_FractureSurfaces,ma_roma,pyramid_v2,0.4232,0.29986,34,10000,338,homography@direct,0.86,137.672,83.781,0.000,0.000,0.000,0.059,106.515,100.066,ok,,0.25,0.2500,32
eval_C103_SEM-SE_LOM-DC-Height_FractureSurfaces_1#0,FractureSurfaces,C103_SEM-SE_LOM-DC-Height_FractureSurfaces,ma_roma,direct,0.2676,0.29986,34,10000,416,homography,0.79,117.525,104.109,0.000,0.000,0.000,0.000,137.774,134.896,ok,,0.1,0.1000,23
eval_C103_SEM-SE_LOM-DC-Height_FractureSurfaces_1#0,FractureSurfaces,C103_SEM-SE_LOM-DC-Height_FractureSurfaces,ma_roma,pyramid_v2,0.2676,0.29986,34,10000,552,homography@direct+zoom,1.75,256.307,239.615,0.000,0.000,0.000,0.000,255.869,235.276,ok,,0.1,0.1000,23
eval_C103_SEM-SE_LOM-DC-Height_FractureSurfaces_1#0,FractureSurfaces,C103_SEM-SE_LOM-DC-Height_FractureSurfaces,ma_roma,direct,0.1894,0.29986,34,10000,417,affine,0.81,241.087,232.780,0.000,0.000,0.000,0.000,178.092,160.259,ok,,0.05,0.0500,16
eval_C103_SEM-SE_LOM-DC-Height_FractureSurfaces_1#0,FractureSurfaces,C103_SEM-SE_LOM-DC-Height_FractureSurfaces,ma_roma,pyramid_v2,0.1894,0.29986,34,10000,358,homography@direct,0.85,1355.471,237.371,0.000,0.000,0.000,0.000,231.642,177.489,ok,,0.05,0.0500,16
eval_C103_SEM-SE_LOM-DC-Height_FractureSurfaces_1#0,FractureSurfaces,C103_SEM-SE_LOM-DC-Height_FractureSurfaces,ma_roma,direct,0.1197,0.29986,34,10000,532,affine,0.68,846.959,874.170,0.000,0.000,0.000,0.000,760.850,766.359,ok,,0.02,0.0200,8
eval_C103_SEM-SE_LOM-DC-Height_FractureSurfaces_1#0,FractureSurfaces,C103_SEM-SE_LOM-DC-Height_FractureSurfaces,ma_roma,pyramid_v2,0.1197,0.29986,34,10000,564,affine@direct,1.29,440.745,351.427,0.000,0.000,0.000,0.000,455.890,420.085,ok,,0.02,0.0200,8
eval_C103_SEM-SE_LOM-DC-Height_FractureSurfaces_1#1,FractureSurfaces,C103_SEM-SE_LOM-DC-Height_FractureSurfaces,ma_roma,direct,0.5985,0.29986,34,10000,1824,homography,0.89,11.643,9.865,0.000,0.088,0.176,0.529,15.994,13.763,ok,,0.5,0.5000,34
eval_C103_SEM-SE_LOM-DC-Height_FractureSurfaces_1#1,FractureSurfaces,C103_SEM-SE_LOM-DC-Height_FractureSurfaces,ma_roma,pyramid_v2,0.5985,0.29986,34,10000,1769,homography@direct,0.90,20.096,19.473,0.000,0.000,0.000,0.000,38.146,21.832,ok,,0.5,0.5000,34
eval_C103_SEM-SE_LOM-DC-Height_FractureSurfaces_1#1,FractureSurfaces,C103_SEM-SE_LOM-DC-Height_FractureSurfaces,ma_roma,direct,0.4232,0.29986,34,10000,1309,affine,0.76,30.320,25.658,0.000,0.029,0.059,0.176,30.124,25.445,ok,,0.25,0.2500,32
eval_C103_SEM-SE_LOM-DC-Height_FractureSurfaces_1#1,FractureSurfaces,C103_SEM-SE_LOM-DC-Height_FractureSurfaces,ma_roma,pyramid_v2,0.4232,0.29986,34,10000,1179,affine@direct,0.83,28.704,24.690,0.000,0.029,0.059,0.206,32.088,23.478,ok,,0.25,0.2500,32
eval_C103_SEM-SE_LOM-DC-Height_FractureSurfaces_1#1,FractureSurfaces,C103_SEM-SE_LOM-DC-Height_FractureSurfaces,ma_roma,direct,0.2676,0.29986,34,10000,804,affine,0.75,219.674,198.231,0.000,0.000,0.000,0.000,217.742,194.221,ok,,0.1,0.1000,23
eval_C103_SEM-SE_LOM-DC-Height_FractureSurfaces_1#1,FractureSurfaces,C103_SEM-SE_LOM-DC-Height_FractureSurfaces,ma_roma,pyramid_v2,0.2676,0.29986,34,10000,873,affine@direct,0.76,254.044,226.176,0.000,0.000,0.000,0.000,258.548,228.495,ok,,0.1,0.1000,23
eval_C103_SEM-SE_LOM-DC-Height_FractureSurfaces_1#1,FractureSurfaces,C103_SEM-SE_LOM-DC-Height_FractureSurfaces,ma_roma,direct,0.1894,0.29986,34,10000,358,affine,0.69,1015.886,1081.518,0.000,0.000,0.000,0.000,992.044,1041.773,ok,,0.05,0.0500,16
eval_C103_SEM-SE_LOM-DC-Height_FractureSurfaces_1#1,FractureSurfaces,C103_SEM-SE_LOM-DC-Height_FractureSurfaces,ma_roma,pyramid_v2,0.1894,0.29986,34,10000,1623,affine@direct+zoom,1.96,698.842,735.433,0.000,0.000,0.000,0.000,655.895,686.024,ok,,0.05,0.0500,16
eval_C103_SEM-SE_LOM-DC-Height_FractureSurfaces_1#1,FractureSurfaces,C103_SEM-SE_LOM-DC-Height_FractureSurfaces,ma_roma,direct,0.1197,0.29986,34,10000,1070,affine,0.63,1279.654,1281.953,0.000,0.000,0.000,0.000,1255.578,1248.908,ok,,0.02,0.0200,8
eval_C103_SEM-SE_LOM-DC-Height_FractureSurfaces_1#1,FractureSurfaces,C103_SEM-SE_LOM-DC-Height_FractureSurfaces,ma_roma,pyramid_v2,0.1197,0.29986,34,10000,997,affine@direct,0.68,1302.681,1293.356,0.000,0.000,0.000,0.000,1270.204,1264.102,ok,,0.02,0.0200,8
eval_C103_SEM-SE_LOM-DC-Height_FractureSurfaces_2#0,FractureSurfaces,C103_SEM-SE_LOM-DC-Height_FractureSurfaces,ma_roma,direct,0.5615,0.83614,58,10000,6752,affine,0.84,7.929,7.620,0.000,0.190,0.345,0.707,8.113,7.003,ok,,0.5,0.5000,58
eval_C103_SEM-SE_LOM-DC-Height_FractureSurfaces_2#0,FractureSurfaces,C103_SEM-SE_LOM-DC-Height_FractureSurfaces,ma_roma,pyramid_v2,0.5615,0.83614,58,10000,6636,affine@direct,0.90,8.006,7.713,0.000,0.190,0.345,0.707,7.887,6.714,ok,,0.5,0.5000,58
eval_C103_SEM-SE_LOM-DC-Height_FractureSurfaces_2#0,FractureSurfaces,C103_SEM-SE_LOM-DC-Height_FractureSurfaces,ma_roma,direct,0.3971,0.83614,58,10000,4102,affine,0.84,8.367,7.465,0.000,0.224,0.379,0.621,9.118,7.838,ok,,0.25,0.2501,58
eval_C103_SEM-SE_LOM-DC-Height_FractureSurfaces_2#0,FractureSurfaces,C103_SEM-SE_LOM-DC-Height_FractureSurfaces,ma_roma,pyramid_v2,0.3971,0.83614,58,10000,7003,homography@direct+zoom,3.37,7.800,7.023,0.034,0.172,0.362,0.690,8.105,7.412,ok,,0.25,0.2501,58
eval_C103_SEM-SE_LOM-DC-Height_FractureSurfaces_2#0,FractureSurfaces,C103_SEM-SE_LOM-DC-Height_FractureSurfaces,ma_roma,direct,0.2512,0.83614,58,10000,106,homography,0.83,4372.534,511.488,0.000,0.000,0.000,0.000,805.505,586.369,ok,,0.1,0.1000,36
eval_C103_SEM-SE_LOM-DC-Height_FractureSurfaces_2#0,FractureSurfaces,C103_SEM-SE_LOM-DC-Height_FractureSurfaces,ma_roma,pyramid_v2,0.2512,0.83614,58,10000,6672,affine@direct+zoom,3.45,8.139,7.530,0.034,0.207,0.293,0.638,10.632,9.335,ok,,0.1,0.1000,36
eval_C103_SEM-SE_LOM-DC-Height_FractureSurfaces_2#0,FractureSurfaces,C103_SEM-SE_LOM-DC-Height_FractureSurfaces,ma_roma,direct,0.1775,0.83614,58,10000,324,homography,0.76,1696.971,1037.423,0.000,0.000,0.000,0.000,1391.247,1188.283,ok,,0.05,0.0500,13
eval_C103_SEM-SE_LOM-DC-Height_FractureSurfaces_2#0,FractureSurfaces,C103_SEM-SE_LOM-DC-Height_FractureSurfaces,ma_roma,pyramid_v2,0.1775,0.83614,58,10000,243,affine@direct,0.80,1297.930,1127.961,0.000,0.000,0.000,0.000,1219.474,1062.549,ok,,0.05,0.0500,13
eval_C103_SEM-SE_LOM-DC-Height_FractureSurfaces_2#0,FractureSurfaces,C103_SEM-SE_LOM-DC-Height_FractureSurfaces,ma_roma,direct,0.1124,0.83614,58,10000,145,affine,0.70,3648.629,3596.508,0.000,0.000,0.000,0.000,3540.356,3480.577,ok,,0.02,0.0200,4
eval_C103_SEM-SE_LOM-DC-Height_FractureSurfaces_2#0,FractureSurfaces,C103_SEM-SE_LOM-DC-Height_FractureSurfaces,ma_roma,pyramid_v2,0.1124,0.83614,58,10000,119,affine@direct,0.74,3693.157,3603.059,0.000,0.000,0.000,0.000,3651.299,3551.991,ok,,0.02,0.0200,4
eval_C103_SEM-SE_LOM-DC-Height_FractureSurfaces_2#1,FractureSurfaces,C103_SEM-SE_LOM-DC-Height_FractureSurfaces,ma_roma,direct,0.5615,0.83614,58,10000,5785,affine,0.82,8.545,8.016,0.000,0.103,0.293,0.638,9.570,8.715,ok,,0.5,0.5000,58
eval_C103_SEM-SE_LOM-DC-Height_FractureSurfaces_2#1,FractureSurfaces,C103_SEM-SE_LOM-DC-Height_FractureSurfaces,ma_roma,pyramid_v2,0.5615,0.83614,58,10000,5513,affine@direct,0.87,8.568,8.041,0.000,0.086,0.276,0.638,9.383,8.334,ok,,0.5,0.5000,58
eval_C103_SEM-SE_LOM-DC-Height_FractureSurfaces_2#1,FractureSurfaces,C103_SEM-SE_LOM-DC-Height_FractureSurfaces,ma_roma,direct,0.3971,0.83614,58,10000,4402,affine,0.76,11.618,11.011,0.000,0.052,0.172,0.466,11.276,10.671,ok,,0.25,0.2501,58
eval_C103_SEM-SE_LOM-DC-Height_FractureSurfaces_2#1,FractureSurfaces,C103_SEM-SE_LOM-DC-Height_FractureSurfaces,ma_roma,pyramid_v2,0.3971,0.83614,58,10000,4338,homography@direct,1.65,12.618,11.089,0.000,0.052,0.086,0.379,11.411,10.203,ok,,0.25,0.2501,58
eval_C103_SEM-SE_LOM-DC-Height_FractureSurfaces_2#1,FractureSurfaces,C103_SEM-SE_LOM-DC-Height_FractureSurfaces,ma_roma,direct,0.2512,0.83614,58,10000,827,affine,0.78,106.820,89.135,0.000,0.000,0.000,0.000,125.561,87.719,ok,,0.1,0.1000,36
eval_C103_SEM-SE_LOM-DC-Height_FractureSurfaces_2#1,FractureSurfaces,C103_SEM-SE_LOM-DC-Height_FractureSurfaces,ma_roma,pyramid_v2,0.2512,0.83614,58,10000,3775,homography@direct+zoom,2.43,23.253,21.991,0.000,0.000,0.000,0.069,25.067,23.103,ok,,0.1,0.1000,36
eval_C103_SEM-SE_LOM-DC-Height_FractureSurfaces_2#1,FractureSurfaces,C103_SEM-SE_LOM-DC-Height_FractureSurfaces,ma_roma,direct,0.1775,0.83614,58,10000,337,affine,0.70,556.931,536.350,0.000,0.000,0.000,0.000,591.254,586.268,ok,,0.05,0.0500,13
eval_C103_SEM-SE_LOM-DC-Height_FractureSurfaces_2#1,FractureSurfaces,C103_SEM-SE_LOM-DC-Height_FractureSurfaces,ma_roma,pyramid_v2,0.1775,0.83614,58,10000,360,affine@direct,0.73,551.288,531.549,0.000,0.000,0.000,0.000,564.855,560.862,ok,,0.05,0.0500,13
eval_C103_SEM-SE_LOM-DC-Height_FractureSurfaces_2#1,FractureSurfaces,C103_SEM-SE_LOM-DC-Height_FractureSurfaces,ma_roma,direct,0.1124,0.83614,58,10000,275,affine,0.67,1621.185,1454.316,0.000,0.000,0.000,0.000,1650.032,1372.275,ok,,0.02,0.0200,4
eval_C103_SEM-SE_LOM-DC-Height_FractureSurfaces_2#1,FractureSurfaces,C103_SEM-SE_LOM-DC-Height_FractureSurfaces,ma_roma,pyramid_v2,0.1124,0.83614,58,10000,140,homography@direct,0.69,4948.671,2824.995,0.000,0.000,0.000,0.000,2808.489,2738.075,ok,,0.02,0.0200,4
eval_CoNi-AM67_OM-SEM_Multiscale_0#0,Multiscale,CoNi-AM67_OM-SEM_Multiscale,ma_roma,direct,,,,,,,,,,,,,,,,skipped,rung_not_below_base,0.5,,
eval_CoNi-AM67_OM-SEM_Multiscale_0#0,Multiscale,CoNi-AM67_OM-SEM_Multiscale,ma_roma,pyramid_v2,,,,,,,,,,,,,,,,skipped,rung_not_below_base,0.5,,
eval_CoNi-AM67_OM-SEM_Multiscale_0#0,Multiscale,CoNi-AM67_OM-SEM_Multiscale,ma_roma,direct,0.4571,1.09526,14,10000,9007,homography,1.03,13.581,12.790,0.000,0.071,0.286,0.286,15.488,15.457,ok,,0.25,0.2501,11
eval_CoNi-AM67_OM-SEM_Multiscale_0#0,Multiscale,CoNi-AM67_OM-SEM_Multiscale,ma_roma,pyramid_v2,0.4571,1.09526,14,10000,9540,homography@direct+zoom,4.33,13.608,12.415,0.000,0.071,0.214,0.286,15.286,15.091,ok,,0.25,0.2501,11
eval_CoNi-AM67_OM-SEM_Multiscale_0#0,Multiscale,CoNi-AM67_OM-SEM_Multiscale,ma_roma,direct,0.2891,1.09526,14,10000,333,affine,1.05,1744.921,1591.810,0.000,0.000,0.000,0.000,1720.362,1565.867,ok,,0.1,0.1000,3
eval_CoNi-AM67_OM-SEM_Multiscale_0#0,Multiscale,CoNi-AM67_OM-SEM_Multiscale,ma_roma,pyramid_v2,0.2891,1.09526,14,10000,621,affine@direct+zoom,3.32,1441.341,1416.679,0.000,0.000,0.000,0.000,1480.056,1473.634,ok,,0.1,0.1000,3
eval_CoNi-AM67_OM-SEM_Multiscale_0#0,Multiscale,CoNi-AM67_OM-SEM_Multiscale,ma_roma,direct,0.2043,1.09526,14,10000,140,affine,0.86,1695.827,1975.692,0.000,0.000,0.000,0.000,1595.853,1832.475,ok,,0.05,0.0499,2
eval_CoNi-AM67_OM-SEM_Multiscale_0#0,Multiscale,CoNi-AM67_OM-SEM_Multiscale,ma_roma,pyramid_v2,0.2043,1.09526,14,10000,185,affine@direct,0.88,1841.386,2022.629,0.000,0.000,0.000,0.000,1803.927,1972.157,ok,,0.05,0.0499,2
eval_CoNi-AM67_OM-SEM_Multiscale_0#0,Multiscale,CoNi-AM67_OM-SEM_Multiscale,ma_roma,direct,0.1294,1.09526,14,10000,332,affine,0.73,837.979,830.107,0.000,0.000,0.000,0.000,809.856,811.432,ok,,0.02,0.0200,1
eval_CoNi-AM67_OM-SEM_Multiscale_0#0,Multiscale,CoNi-AM67_OM-SEM_Multiscale,ma_roma,pyramid_v2,0.1294,1.09526,14,10000,493,affine@direct+zoom,2.12,698.729,666.758,0.000,0.000,0.000,0.000,645.219,580.520,ok,,0.02,0.0200,1
eval_CoNi-AM67_SEM-EBSD_SameSliceSerialSectioning_1#2,SerialSectioning,CoNi-AM67_SEM-EBSD_SameSliceSerialSectioning,ma_roma,direct,,,,,,,,,,,,,,,,skipped,rung_not_below_base,0.5,,
eval_CoNi-AM67_SEM-EBSD_SameSliceSerialSectioning_1#2,SerialSectioning,CoNi-AM67_SEM-EBSD_SameSliceSerialSectioning,ma_roma,pyramid_v2,,,,,,,,,,,,,,,,skipped,rung_not_below_base,0.5,,
eval_CoNi-AM67_SEM-EBSD_SameSliceSerialSectioning_1#2,SerialSectioning,CoNi-AM67_SEM-EBSD_SameSliceSerialSectioning,ma_roma,direct,0.4284,2.88000,14,10000,2419,homography,0.68,26.206,18.574,0.000,0.000,0.000,0.143,24.551,22.859,ok,,0.25,0.2500,8
eval_CoNi-AM67_SEM-EBSD_SameSliceSerialSectioning_1#2,SerialSectioning,CoNi-AM67_SEM-EBSD_SameSliceSerialSectioning,ma_roma,pyramid_v2,0.4284,2.88000,14,10000,6824,affine@direct+zoom,2.17,30.019,27.901,0.000,0.000,0.000,0.143,24.577,18.799,ok,,0.25,0.2500,8
eval_CoNi-AM67_SEM-EBSD_SameSliceSerialSectioning_1#2,SerialSectioning,CoNi-AM67_SEM-EBSD_SameSliceSerialSectioning,ma_roma,direct,0.2709,2.88000,14,10000,322,homography,0.68,894.099,596.597,0.000,0.000,0.000,0.000,801.337,756.235,ok,,0.1,0.1002,2
eval_CoNi-AM67_SEM-EBSD_SameSliceSerialSectioning_1#2,SerialSectioning,CoNi-AM67_SEM-EBSD_SameSliceSerialSectioning,ma_roma,pyramid_v2,0.2709,2.88000,14,10000,447,affine@direct,0.66,952.303,876.606,0.000,0.000,0.000,0.000,861.354,854.729,ok,,0.1,0.1002,2
eval_CoNi-AM67_SEM-EBSD_SameSliceSerialSectioning_1#2,SerialSectioning,CoNi-AM67_SEM-EBSD_SameSliceSerialSectioning,ma_roma,direct,0.1913,2.88000,14,10000,566,affine,0.63,1570.483,1701.922,0.000,0.000,0.000,0.000,1446.842,1528.221,ok,,0.05,0.0500,2
eval_CoNi-AM67_SEM-EBSD_SameSliceSerialSectioning_1#2,SerialSectioning,CoNi-AM67_SEM-EBSD_SameSliceSerialSectioning,ma_roma,pyramid_v2,0.1913,2.88000,14,10000,551,homography@direct,0.65,2866.049,1576.015,0.000,0.000,0.000,0.000,2081.243,2085.409,ok,,0.05,0.0500,2
eval_CoNi-AM67_SEM-EBSD_SameSliceSerialSectioning_1#2,SerialSectioning,CoNi-AM67_SEM-EBSD_SameSliceSerialSectioning,ma_roma,direct,0.1209,2.88000,14,10000,159,affine,0.65,3535.187,3444.189,0.000,0.000,0.000,0.000,3623.016,3681.438,ok,,0.02,0.0199,1
eval_CoNi-AM67_SEM-EBSD_SameSliceSerialSectioning_1#2,SerialSectioning,CoNi-AM67_SEM-EBSD_SameSliceSerialSectioning,ma_roma,pyramid_v2,0.1209,2.88000,14,10000,162,affine@direct,0.65,5503.620,5400.700,0.000,0.000,0.000,0.000,5285.564,5136.786,ok,,0.02,0.0199,1
eval_CoNi-AM67_SEM-EBSD_SameSliceSerialSectioning_2#3,SerialSectioning,CoNi-AM67_SEM-EBSD_SameSliceSerialSectioning,ma_roma,direct,,,,,,,,,,,,,,,,skipped,rung_not_below_base,0.5,,
eval_CoNi-AM67_SEM-EBSD_SameSliceSerialSectioning_2#3,SerialSectioning,CoNi-AM67_SEM-EBSD_SameSliceSerialSectioning,ma_roma,pyramid_v2,,,,,,,,,,,,,,,,skipped,rung_not_below_base,0.5,,
eval_CoNi-AM67_SEM-EBSD_SameSliceSerialSectioning_2#3,SerialSectioning,CoNi-AM67_SEM-EBSD_SameSliceSerialSectioning,ma_roma,direct,0.4284,2.88000,18,10000,144,affine,0.69,1259.726,1125.776,0.000,0.000,0.000,0.000,1228.633,1069.308,ok,,0.25,0.2500,11
eval_CoNi-AM67_SEM-EBSD_SameSliceSerialSectioning_2#3,SerialSectioning,CoNi-AM67_SEM-EBSD_SameSliceSerialSectioning,ma_roma,pyramid_v2,0.4284,2.88000,18,10000,164,affine@direct,0.72,1535.162,1413.796,0.000,0.000,0.000,0.000,1514.772,1366.506,ok,,0.25,0.2500,11
eval_CoNi-AM67_SEM-EBSD_SameSliceSerialSectioning_2#3,SerialSectioning,CoNi-AM67_SEM-EBSD_SameSliceSerialSectioning,ma_roma,direct,0.2709,2.88000,18,10000,303,affine,0.66,2588.772,2597.839,0.000,0.000,0.000,0.000,2581.965,2532.955,ok,,0.1,0.1002,6
eval_CoNi-AM67_SEM-EBSD_SameSliceSerialSectioning_2#3,SerialSectioning,CoNi-AM67_SEM-EBSD_SameSliceSerialSectioning,ma_roma,pyramid_v2,0.2709,2.88000,18,10000,251,affine@direct,0.66,2359.117,2207.870,0.000,0.000,0.000,0.000,2351.652,2220.225,ok,,0.1,0.1002,6
eval_CoNi-AM67_SEM-EBSD_SameSliceSerialSectioning_2#3,SerialSectioning,CoNi-AM67_SEM-EBSD_SameSliceSerialSectioning,ma_roma,direct,0.1913,2.88000,18,10000,179,affine,0.66,2771.773,2785.285,0.000,0.000,0.000,0.000,2677.594,2650.635,ok,,0.05,0.0500,2
eval_CoNi-AM67_SEM-EBSD_SameSliceSerialSectioning_2#3,SerialSectioning,CoNi-AM67_SEM-EBSD_SameSliceSerialSectioning,ma_roma,pyramid_v2,0.1913,2.88000,18,10000,184,affine@direct,0.67,2925.393,2917.687,0.000,0.000,0.000,0.000,2862.108,2827.154,ok,,0.05,0.0500,2
eval_CoNi-AM67_SEM-EBSD_SameSliceSerialSectioning_2#3,SerialSectioning,CoNi-AM67_SEM-EBSD_SameSliceSerialSectioning,ma_roma,direct,0.1209,2.88000,18,10000,797,affine,0.67,4383.783,4042.507,0.000,0.000,0.000,0.000,4339.603,3911.499,ok,,0.02,0.0199,0
eval_CoNi-AM67_SEM-EBSD_SameSliceSerialSectioning_2#3,SerialSectioning,CoNi-AM67_SEM-EBSD_SameSliceSerialSectioning,ma_roma,pyramid_v2,0.1209,2.88000,18,10000,691,affine@direct,0.68,4457.660,4043.430,0.000,0.000,0.000,0.000,4403.388,3956.624,ok,,0.02,0.0199,0
eval_CoNi-AM67_SEM-EBSD_SameSliceSerialSectioning_2#5,SerialSectioning,CoNi-AM67_SEM-EBSD_SameSliceSerialSectioning,ma_roma,direct,,,,,,,,,,,,,,,,skipped,rung_not_below_base,0.5,,
eval_CoNi-AM67_SEM-EBSD_SameSliceSerialSectioning_2#5,SerialSectioning,CoNi-AM67_SEM-EBSD_SameSliceSerialSectioning,ma_roma,pyramid_v2,,,,,,,,,,,,,,,,skipped,rung_not_below_base,0.5,,
eval_CoNi-AM67_SEM-EBSD_SameSliceSerialSectioning_2#5,SerialSectioning,CoNi-AM67_SEM-EBSD_SameSliceSerialSectioning,ma_roma,direct,0.4284,2.88000,18,10000,95,homography,0.67,762.888,632.550,0.000,0.000,0.000,0.000,651.473,610.559,ok,,0.25,0.2500,11
eval_CoNi-AM67_SEM-EBSD_SameSliceSerialSectioning_2#5,SerialSectioning,CoNi-AM67_SEM-EBSD_SameSliceSerialSectioning,ma_roma,pyramid_v2,0.4284,2.88000,18,10000,144,affine@direct,0.70,511.219,520.096,0.000,0.000,0.000,0.000,555.444,547.242,ok,,0.25,0.2500,11
eval_CoNi-AM67_SEM-EBSD_SameSliceSerialSectioning_2#5,SerialSectioning,CoNi-AM67_SEM-EBSD_SameSliceSerialSectioning,ma_roma,direct,0.2709,2.88000,18,10000,571,affine,0.65,1915.673,1941.228,0.000,0.000,0.000,0.000,1888.120,1972.606,ok,,0.1,0.1002,6
eval_CoNi-AM67_SEM-EBSD_SameSliceSerialSectioning_2#5,SerialSectioning,CoNi-AM67_SEM-EBSD_SameSliceSerialSectioning,ma_roma,pyramid_v2,0.2709,2.88000,18,10000,523,affine@direct,0.67,1911.871,1955.253,0.000,0.000,0.000,0.000,1885.907,1966.722,ok,,0.1,0.1002,6
eval_CoNi-AM67_SEM-EBSD_SameSliceSerialSectioning_2#5,SerialSectioning,CoNi-AM67_SEM-EBSD_SameSliceSerialSectioning,ma_roma,direct,0.1913,2.88000,18,10000,373,homography,0.64,15220.380,2025.103,0.000,0.000,0.000,0.000,1612.504,1733.265,ok,,0.05,0.0500,2
eval_CoNi-AM67_SEM-EBSD_SameSliceSerialSectioning_2#5,SerialSectioning,CoNi-AM67_SEM-EBSD_SameSliceSerialSectioning,ma_roma,pyramid_v2,0.1913,2.88000,18,10000,252,homography@direct,0.64,8768.990,1983.214,0.000,0.000,0.000,0.000,1540.983,1680.200,ok,,0.05,0.0500,2
eval_CoNi-AM67_SEM-EBSD_SameSliceSerialSectioning_2#5,SerialSectioning,CoNi-AM67_SEM-EBSD_SameSliceSerialSectioning,ma_roma,direct,0.1209,2.88000,18,10000,405,affine,0.62,2276.248,2144.841,0.000,0.000,0.000,0.000,2232.998,2190.630,ok,,0.02,0.0199,0
eval_CoNi-AM67_SEM-EBSD_SameSliceSerialSectioning_2#5,SerialSectioning,CoNi-AM67_SEM-EBSD_SameSliceSerialSectioning,ma_roma,pyramid_v2,0.1209,2.88000,18,10000,232,affine@direct+zoom,1.29,4153.428,3856.765,0.000,0.000,0.000,0.000,4085.892,3805.716,ok,,0.02,0.0199,0
eval_CoNi-AM90_SEM-EBSD_SameSlice_0#0,SameSlice,CoNi-AM90_SEM-EBSD_SameSlice,ma_roma,direct,0.6872,0.10851,47,10000,170,homography,1.89,184.119,153.528,0.000,0.000,0.000,0.000,154.567,135.467,ok,,0.5,0.5000,22
eval_CoNi-AM90_SEM-EBSD_SameSlice_0#0,SameSlice,CoNi-AM90_SEM-EBSD_SameSlice,ma_roma,pyramid_v2,0.6872,0.10851,47,10000,121,homography@direct,2.00,283.981,208.415,0.000,0.000,0.000,0.000,133.651,146.192,ok,,0.5,0.5000,22
eval_CoNi-AM90_SEM-EBSD_SameSlice_0#0,SameSlice,CoNi-AM90_SEM-EBSD_SameSlice,ma_roma,direct,0.4860,0.10851,47,10000,225,homography,1.40,599.550,538.788,0.000,0.000,0.000,0.000,447.897,350.763,ok,,0.25,0.2500,9
eval_CoNi-AM90_SEM-EBSD_SameSlice_0#0,SameSlice,CoNi-AM90_SEM-EBSD_SameSlice,ma_roma,pyramid_v2,0.4860,0.10851,47,10000,271,homography@direct,2.81,738.873,714.311,0.000,0.000,0.000,0.000,521.764,545.465,ok,,0.25,0.2500,9
eval_CoNi-AM90_SEM-EBSD_SameSlice_0#0,SameSlice,CoNi-AM90_SEM-EBSD_SameSlice,ma_roma,direct,0.3074,0.10851,47,10000,434,affine,1.10,376.593,356.141,0.000,0.000,0.000,0.000,330.343,340.450,ok,,0.1,0.1000,5
eval_CoNi-AM90_SEM-EBSD_SameSlice_0#0,SameSlice,CoNi-AM90_SEM-EBSD_SameSlice,ma_roma,pyramid_v2,0.3074,0.10851,47,10000,527,homography@direct,2.04,642.944,678.718,0.000,0.000,0.000,0.000,536.065,527.193,ok,,0.1,0.1000,5
eval_CoNi-AM90_SEM-EBSD_SameSlice_0#0,SameSlice,CoNi-AM90_SEM-EBSD_SameSlice,ma_roma,direct,0.2173,0.10851,47,10000,551,affine,1.03,386.301,375.223,0.000,0.000,0.000,0.000,420.498,385.789,ok,,0.05,0.0500,2
eval_CoNi-AM90_SEM-EBSD_SameSlice_0#0,SameSlice,CoNi-AM90_SEM-EBSD_SameSlice,ma_roma,pyramid_v2,0.2173,0.10851,47,10000,372,affine@direct+zoom,3.74,645.276,630.906,0.000,0.000,0.000,0.000,647.820,636.013,ok,,0.05,0.0500,2
eval_CoNi-AM90_SEM-EBSD_SameSlice_0#0,SameSlice,CoNi-AM90_SEM-EBSD_SameSlice,ma_roma,direct,0.1374,0.10851,47,10000,241,homography,0.90,1150.276,905.681,0.000,0.000,0.000,0.000,992.084,944.703,ok,,0.02,0.0200,1
eval_CoNi-AM90_SEM-EBSD_SameSlice_0#0,SameSlice,CoNi-AM90_SEM-EBSD_SameSlice,ma_roma,pyramid_v2,0.1374,0.10851,47,10000,259,homography@direct,1.85,938.665,891.441,0.000,0.000,0.000,0.000,338.455,276.647,ok,,0.02,0.0200,1
eval_CoNi-AM90_SEM-EBSD_SameSlice_0#1,SameSlice,CoNi-AM90_SEM-EBSD_SameSlice,ma_roma,direct,0.6872,0.10851,47,10000,1560,homography,1.88,5.909,6.231,0.000,0.170,0.340,0.915,35.187,28.213,ok,,0.5,0.5000,22
eval_CoNi-AM90_SEM-EBSD_SameSlice_0#1,SameSlice,CoNi-AM90_SEM-EBSD_SameSlice,ma_roma,pyramid_v2,0.6872,0.10851,47,10000,1540,homography@direct,1.98,5.575,5.546,0.000,0.170,0.404,0.936,41.842,41.701,ok,,0.5,0.5000,22
eval_CoNi-AM90_SEM-EBSD_SameSlice_0#1,SameSlice,CoNi-AM90_SEM-EBSD_SameSlice,ma_roma,direct,0.4860,0.10851,47,10000,321,homography,1.40,429.897,392.025,0.000,0.000,0.000,0.000,386.307,332.922,ok,,0.25,0.2500,9
eval_CoNi-AM90_SEM-EBSD_SameSlice_0#1,SameSlice,CoNi-AM90_SEM-EBSD_SameSlice,ma_roma,pyramid_v2,0.4860,0.10851,47,10000,1463,homography@direct+zoom,4.33,20.205,16.693,0.000,0.021,0.085,0.277,166.929,121.311,ok,,0.25,0.2500,9
eval_CoNi-AM90_SEM-EBSD_SameSlice_0#1,SameSlice,CoNi-AM90_SEM-EBSD_SameSlice,ma_roma,direct,0.3074,0.10851,47,10000,430,affine,1.09,264.458,263.198,0.000,0.000,0.000,0.000,265.333,265.810,ok,,0.1,0.1000,5
eval_CoNi-AM90_SEM-EBSD_SameSlice_0#1,SameSlice,CoNi-AM90_SEM-EBSD_SameSlice,ma_roma,pyramid_v2,0.3074,0.10851,47,10000,8659,homography@direct+zoom,4.36,4.716,4.723,0.043,0.404,0.553,0.915,17.602,11.083,ok,,0.1,0.1000,5
eval_CoNi-AM90_SEM-EBSD_SameSlice_0#1,SameSlice,CoNi-AM90_SEM-EBSD_SameSlice,ma_roma,direct,0.2173,0.10851,47,10000,890,affine,1.02,489.883,498.778,0.000,0.000,0.000,0.000,371.296,379.051,ok,,0.05,0.0500,2
eval_CoNi-AM90_SEM-EBSD_SameSlice_0#1,SameSlice,CoNi-AM90_SEM-EBSD_SameSlice,ma_roma,pyramid_v2,0.2173,0.10851,47,10000,958,affine@direct+zoom,3.57,650.187,646.539,0.000,0.000,0.000,0.000,625.728,653.751,ok,,0.05,0.0500,2
eval_CoNi-AM90_SEM-EBSD_SameSlice_0#1,SameSlice,CoNi-AM90_SEM-EBSD_SameSlice,ma_roma,direct,0.1374,0.10851,47,10000,234,homography,0.93,9369.796,1422.126,0.000,0.000,0.000,0.000,1434.060,1421.525,ok,,0.02,0.0200,1
eval_CoNi-AM90_SEM-EBSD_SameSlice_0#1,SameSlice,CoNi-AM90_SEM-EBSD_SameSlice,ma_roma,pyramid_v2,0.1374,0.10851,47,10000,380,affine@direct+zoom,2.81,1229.503,1296.626,0.000,0.000,0.000,0.000,1012.199,1000.979,ok,,0.02,0.0200,1
eval_CoNi-AM90_SEM-EBSD_SameSlice_0#2,SameSlice,CoNi-AM90_SEM-EBSD_SameSlice,ma_roma,direct,0.6872,0.10851,47,10000,482,affine,2.10,112.798,101.995,0.000,0.000,0.000,0.043,89.217,65.778,ok,,0.5,0.5000,22
eval_CoNi-AM90_SEM-EBSD_SameSlice_0#2,SameSlice,CoNi-AM90_SEM-EBSD_SameSlice,ma_roma,pyramid_v2,0.6872,0.10851,47,10000,629,affine@direct,2.22,56.290,45.630,0.000,0.000,0.000,0.064,60.260,42.058,ok,,0.5,0.5000,22
eval_CoNi-AM90_SEM-EBSD_SameSlice_0#2,SameSlice,CoNi-AM90_SEM-EBSD_SameSlice,ma_roma,direct,0.4860,0.10851,47,10000,270,homography,1.61,703.654,609.441,0.000,0.000,0.000,0.000,579.718,610.106,ok,,0.25,0.2500,9
eval_CoNi-AM90_SEM-EBSD_SameSlice_0#2,SameSlice,CoNi-AM90_SEM-EBSD_SameSlice,ma_roma,pyramid_v2,0.4860,0.10851,47,10000,137,homography@direct+zoom,4.52,996.020,558.894,0.000,0.000,0.000,0.000,708.066,792.308,ok,,0.25,0.2500,9
eval_CoNi-AM90_SEM-EBSD_SameSlice_0#2,SameSlice,CoNi-AM90_SEM-EBSD_SameSlice,ma_roma,direct,0.3074,0.10851,47,10000,320,homography,1.31,724.472,572.919,0.000,0.000,0.000,0.000,552.141,529.815,ok,,0.1,0.1000,5
eval_CoNi-AM90_SEM-EBSD_SameSlice_0#2,SameSlice,CoNi-AM90_SEM-EBSD_SameSlice,ma_roma,pyramid_v2,0.3074,0.10851,47,10000,358,affine@direct,2.51,755.231,781.136,0.000,0.000,0.000,0.000,722.343,707.179,ok,,0.1,0.1000,5
eval_CoNi-AM90_SEM-EBSD_SameSlice_0#2,SameSlice,CoNi-AM90_SEM-EBSD_SameSlice,ma_roma,direct,0.2173,0.10851,47,10000,441,affine,1.20,1854.310,1949.116,0.000,0.000,0.000,0.000,1743.025,1796.077,ok,,0.05,0.0500,2
eval_CoNi-AM90_SEM-EBSD_SameSlice_0#2,SameSlice,CoNi-AM90_SEM-EBSD_SameSlice,ma_roma,pyramid_v2,0.2173,0.10851,47,10000,419,homography@direct,1.23,2118.332,1800.773,0.000,0.000,0.000,0.000,1668.095,1619.566,ok,,0.05,0.0500,2
eval_CoNi-AM90_SEM-EBSD_SameSlice_0#2,SameSlice,CoNi-AM90_SEM-EBSD_SameSlice,ma_roma,direct,0.1374,0.10851,47,10000,399,affine,1.16,3800.494,4088.015,0.000,0.000,0.000,0.000,3514.245,3612.091,ok,,0.02,0.0200,1
eval_CoNi-AM90_SEM-EBSD_SameSlice_0#2,SameSlice,CoNi-AM90_SEM-EBSD_SameSlice,ma_roma,pyramid_v2,0.1374,0.10851,47,10000,439,affine@direct,1.17,3880.642,4013.474,0.000,0.000,0.000,0.000,3696.883,3927.567,ok,,0.02,0.0200,1
eval_CoNi_SEM-SE_SEM-BSE_Cracks-SameSliceSerialSectioning_0#0,SerialSectioning,CoNi_SEM-SE_SEM-BSE_Cracks-SameSliceSerialSectioning,ma_roma,direct,0.7073,1.85714,61,10000,3007,affine,0.76,7.875,6.334,0.000,0.180,0.328,0.787,5.659,3.950,ok,,0.5,0.5003,58
eval_CoNi_SEM-SE_SEM-BSE_Cracks-SameSliceSerialSectioning_0#0,SerialSectioning,CoNi_SEM-SE_SEM-BSE_Cracks-SameSliceSerialSectioning,ma_roma,pyramid_v2,0.7073,1.85714,61,10000,3141,homography@direct,0.79,7.222,5.700,0.049,0.197,0.377,0.770,5.019,4.507,ok,,0.5,0.5003,58
eval_CoNi_SEM-SE_SEM-BSE_Cracks-SameSliceSerialSectioning_0#0,SerialSectioning,CoNi_SEM-SE_SEM-BSE_Cracks-SameSliceSerialSectioning,ma_roma,direct,0.5000,1.85714,61,10000,1795,affine,0.81,9.134,7.295,0.000,0.131,0.344,0.656,12.504,9.466,ok,,0.25,0.2498,27
eval_CoNi_SEM-SE_SEM-BSE_Cracks-SameSliceSerialSectioning_0#0,SerialSectioning,CoNi_SEM-SE_SEM-BSE_Cracks-SameSliceSerialSectioning,ma_roma,pyramid_v2,0.5000,1.85714,61,10000,1871,affine@direct+zoom,2.51,7.375,5.531,0.033,0.213,0.426,0.770,10.453,7.681,ok,,0.25,0.2498,27
eval_CoNi_SEM-SE_SEM-BSE_Cracks-SameSliceSerialSectioning_0#0,SerialSectioning,CoNi_SEM-SE_SEM-BSE_Cracks-SameSliceSerialSectioning,ma_roma,direct,0.3162,1.85714,61,10000,1366,homography,0.74,281.697,164.640,0.000,0.033,0.033,0.082,84.651,63.547,ok,,0.1,0.1001,13
eval_CoNi_SEM-SE_SEM-BSE_Cracks-SameSliceSerialSectioning_0#0,SerialSectioning,CoNi_SEM-SE_SEM-BSE_Cracks-SameSliceSerialSectioning,ma_roma,pyramid_v2,0.3162,1.85714,61,10000,1936,affine@direct+zoom,2.95,7.945,5.959,0.049,0.148,0.377,0.770,25.240,19.331,ok,,0.1,0.1001,13
eval_CoNi_SEM-SE_SEM-BSE_Cracks-SameSliceSerialSectioning_0#0,SerialSectioning,CoNi_SEM-SE_SEM-BSE_Cracks-SameSliceSerialSectioning,ma_roma,direct,0.2237,1.85714,61,10000,234,homography,0.63,1128.523,902.099,0.000,0.000,0.000,0.000,1297.273,1122.356,ok,,0.05,0.0501,5
eval_CoNi_SEM-SE_SEM-BSE_Cracks-SameSliceSerialSectioning_0#0,SerialSectioning,CoNi_SEM-SE_SEM-BSE_Cracks-SameSliceSerialSectioning,ma_roma,pyramid_v2,0.2237,1.85714,61,10000,255,affine@direct,1.26,1731.189,1603.677,0.000,0.000,0.000,0.000,1700.866,1629.991,ok,,0.05,0.0501,5
eval_CoNi_SEM-SE_SEM-BSE_Cracks-SameSliceSerialSectioning_0#0,SerialSectioning,CoNi_SEM-SE_SEM-BSE_Cracks-SameSliceSerialSectioning,ma_roma,direct,0.1415,1.85714,61,10000,145,homography,0.60,1031.911,1163.759,0.000,0.000,0.000,0.000,852.453,942.867,ok,,0.02,0.0200,0
eval_CoNi_SEM-SE_SEM-BSE_Cracks-SameSliceSerialSectioning_0#0,SerialSectioning,CoNi_SEM-SE_SEM-BSE_Cracks-SameSliceSerialSectioning,ma_roma,pyramid_v2,0.1415,1.85714,61,10000,196,homography@direct,1.31,26524.184,1070.428,0.000,0.000,0.000,0.000,1909.475,1835.149,ok,,0.02,0.0200,0
eval_In718-PrecipitationStrengthened_SEM-BSE_EBSD_SameSliceSerialSectioning_2#0,SerialSectioning,In718-PrecipitationStrengthened_SEM-BSE_EBSD_SameSliceSerialSectioning,ma_roma,direct,,,,,,,,,,,,,,,,skipped,rung_not_below_base,0.5,,
eval_In718-PrecipitationStrengthened_SEM-BSE_EBSD_SameSliceSerialSectioning_2#0,SerialSectioning,In718-PrecipitationStrengthened_SEM-BSE_EBSD_SameSliceSerialSectioning,ma_roma,pyramid_v2,,,,,,,,,,,,,,,,skipped,rung_not_below_base,0.5,,
eval_In718-PrecipitationStrengthened_SEM-BSE_EBSD_SameSliceSerialSectioning_2#0,SerialSectioning,In718-PrecipitationStrengthened_SEM-BSE_EBSD_SameSliceSerialSectioning,ma_roma,direct,0.5192,5.12007,46,10000,1298,affine,0.96,20.193,15.348,0.000,0.022,0.130,0.217,19.080,15.280,ok,,0.25,0.2500,46
eval_In718-PrecipitationStrengthened_SEM-BSE_EBSD_SameSliceSerialSectioning_2#0,SerialSectioning,In718-PrecipitationStrengthened_SEM-BSE_EBSD_SameSliceSerialSectioning,ma_roma,pyramid_v2,0.5192,5.12007,46,10000,1373,affine@direct,1.98,20.837,16.998,0.000,0.022,0.109,0.217,19.123,14.708,ok,,0.25,0.2500,46
eval_In718-PrecipitationStrengthened_SEM-BSE_EBSD_SameSliceSerialSectioning_2#0,SerialSectioning,In718-PrecipitationStrengthened_SEM-BSE_EBSD_SameSliceSerialSectioning,ma_roma,direct,0.3283,5.12007,46,10000,391,affine,0.87,659.243,705.505,0.000,0.000,0.000,0.000,634.287,692.127,ok,,0.1,0.1000,17
eval_In718-PrecipitationStrengthened_SEM-BSE_EBSD_SameSliceSerialSectioning_2#0,SerialSectioning,In718-PrecipitationStrengthened_SEM-BSE_EBSD_SameSliceSerialSectioning,ma_roma,pyramid_v2,0.3283,5.12007,46,10000,374,homography@direct,0.91,1229.024,976.972,0.000,0.000,0.000,0.000,667.677,685.700,ok,,0.1,0.1000,17
eval_In718-PrecipitationStrengthened_SEM-BSE_EBSD_SameSliceSerialSectioning_2#0,SerialSectioning,In718-PrecipitationStrengthened_SEM-BSE_EBSD_SameSliceSerialSectioning,ma_roma,direct,0.2325,5.12007,46,10000,199,affine,0.84,2960.771,3012.886,0.000,0.000,0.000,0.000,2964.301,3027.593,ok,,0.05,0.0500,7
eval_In718-PrecipitationStrengthened_SEM-BSE_EBSD_SameSliceSerialSectioning_2#0,SerialSectioning,In718-PrecipitationStrengthened_SEM-BSE_EBSD_SameSliceSerialSectioning,ma_roma,pyramid_v2,0.2325,5.12007,46,10000,219,affine@direct,0.89,2960.743,3065.760,0.000,0.000,0.000,0.000,2936.373,3027.892,ok,,0.05,0.0500,7
eval_In718-PrecipitationStrengthened_SEM-BSE_EBSD_SameSliceSerialSectioning_2#0,SerialSectioning,In718-PrecipitationStrengthened_SEM-BSE_EBSD_SameSliceSerialSectioning,ma_roma,direct,0.1467,5.12007,46,10000,162,affine,0.84,1955.711,1934.659,0.000,0.000,0.000,0.000,1916.845,1888.459,ok,,0.02,0.0199,3
eval_In718-PrecipitationStrengthened_SEM-BSE_EBSD_SameSliceSerialSectioning_2#0,SerialSectioning,In718-PrecipitationStrengthened_SEM-BSE_EBSD_SameSliceSerialSectioning,ma_roma,pyramid_v2,0.1467,5.12007,46,10000,124,homography@direct,0.87,4423.696,2829.644,0.000,0.000,0.000,0.000,1852.020,1729.712,ok,,0.02,0.0199,3
eval_In718-PrecipitationStrengthened_SEM-BSE_EBSD_SameSliceSerialSectioning_3#0,SerialSectioning,In718-PrecipitationStrengthened_SEM-BSE_EBSD_SameSliceSerialSectioning,ma_roma,direct,,,,,,,,,,,,,,,,skipped,rung_not_below_base,0.5,,
eval_In718-PrecipitationStrengthened_SEM-BSE_EBSD_SameSliceSerialSectioning_3#0,SerialSectioning,In718-PrecipitationStrengthened_SEM-BSE_EBSD_SameSliceSerialSectioning,ma_roma,pyramid_v2,,,,,,,,,,,,,,,,skipped,rung_not_below_base,0.5,,
eval_In718-PrecipitationStrengthened_SEM-BSE_EBSD_SameSliceSerialSectioning_3#0,SerialSectioning,In718-PrecipitationStrengthened_SEM-BSE_EBSD_SameSliceSerialSectioning,ma_roma,direct,0.5192,5.12007,44,10000,2268,affine,0.93,14.621,11.978,0.000,0.045,0.136,0.341,12.470,10.099,ok,,0.25,0.2500,44
eval_In718-PrecipitationStrengthened_SEM-BSE_EBSD_SameSliceSerialSectioning_3#0,SerialSectioning,In718-PrecipitationStrengthened_SEM-BSE_EBSD_SameSliceSerialSectioning,ma_roma,pyramid_v2,0.5192,5.12007,44,10000,2174,affine@direct,1.90,14.265,11.900,0.000,0.045,0.114,0.341,12.732,10.617,ok,,0.25,0.2500,44
eval_In718-PrecipitationStrengthened_SEM-BSE_EBSD_SameSliceSerialSectioning_3#0,SerialSectioning,In718-PrecipitationStrengthened_SEM-BSE_EBSD_SameSliceSerialSectioning,ma_roma,direct,0.3283,5.12007,44,10000,62,affine,0.85,576.354,543.465,0.000,0.000,0.000,0.000,673.501,715.136,ok,,0.1,0.1000,14
eval_In718-PrecipitationStrengthened_SEM-BSE_EBSD_SameSliceSerialSectioning_3#0,SerialSectioning,In718-PrecipitationStrengthened_SEM-BSE_EBSD_SameSliceSerialSectioning,ma_roma,pyramid_v2,0.3283,5.12007,44,10000,98,affine@direct+zoom,3.43,1259.477,1322.538,0.000,0.000,0.000,0.000,1153.871,1190.794,ok,,0.1,0.1000,14
eval_In718-PrecipitationStrengthened_SEM-BSE_EBSD_SameSliceSerialSectioning_3#0,SerialSectioning,In718-PrecipitationStrengthened_SEM-BSE_EBSD_SameSliceSerialSectioning,ma_roma,direct,0.2325,5.12007,44,10000,65,homography,0.82,2496.385,1525.269,0.000,0.000,0.000,0.000,1870.198,1863.525,ok,,0.05,0.0500,9
eval_In718-PrecipitationStrengthened_SEM-BSE_EBSD_SameSliceSerialSectioning_3#0,SerialSectioning,In718-PrecipitationStrengthened_SEM-BSE_EBSD_SameSliceSerialSectioning,ma_roma,pyramid_v2,0.2325,5.12007,44,10000,144,homography@direct,0.87,7827.886,2748.822,0.000,0.000,0.000,0.000,2736.176,2553.670,ok,,0.05,0.0500,9
eval_In718-PrecipitationStrengthened_SEM-BSE_EBSD_SameSliceSerialSectioning_3#0,SerialSectioning,In718-PrecipitationStrengthened_SEM-BSE_EBSD_SameSliceSerialSectioning,ma_roma,direct,0.1467,5.12007,44,10000,74,homography,0.84,2723.569,1400.301,0.000,0.000,0.000,0.000,2004.962,1998.174,ok,,0.02,0.0199,6
eval_In718-PrecipitationStrengthened_SEM-BSE_EBSD_SameSliceSerialSectioning_3#0,SerialSectioning,In718-PrecipitationStrengthened_SEM-BSE_EBSD_SameSliceSerialSectioning,ma_roma,pyramid_v2,0.1467,5.12007,44,10000,113,homography@direct+zoom,2.94,2516.187,1112.724,0.000,0.000,0.000,0.000,1881.436,1848.321,ok,,0.02,0.0199,6
eval_In718-SolutionStrengthened_SEM-SE_EBSD_SameSliceSerialSectioning_0#0,SerialSectioning,In718-SolutionStrengthened_SEM-SE_EBSD_SameSliceSerialSectioning,ma_roma,direct,0.4714,1.00000,20,10000,5237,affine,0.67,2.456,2.331,0.150,0.600,1.000,1.000,8.614,3.822,ok,,0.5,0.4999,18
eval_In718-SolutionStrengthened_SEM-SE_EBSD_SameSliceSerialSectioning_0#0,SerialSectioning,In718-SolutionStrengthened_SEM-SE_EBSD_SameSliceSerialSectioning,ma_roma,pyramid_v2,0.4714,1.00000,20,10000,5166,affine@direct,0.69,2.413,2.158,0.100,0.650,1.000,1.000,5.967,4.588,ok,,0.5,0.4999,18
eval_In718-SolutionStrengthened_SEM-SE_EBSD_SameSliceSerialSectioning_0#0,SerialSectioning,In718-SolutionStrengthened_SEM-SE_EBSD_SameSliceSerialSectioning,ma_roma,direct,0.3333,1.00000,20,10000,524,affine,0.67,511.951,489.109,0.000,0.000,0.000,0.000,491.142,444.417,ok,,0.25,0.2500,11
eval_In718-SolutionStrengthened_SEM-SE_EBSD_SameSliceSerialSectioning_0#0,SerialSectioning,In718-SolutionStrengthened_SEM-SE_EBSD_SameSliceSerialSectioning,ma_roma,pyramid_v2,0.3333,1.00000,20,10000,480,homography@direct,1.41,497.432,442.215,0.000,0.000,0.000,0.000,546.801,523.329,ok,,0.25,0.2500,11
eval_In718-SolutionStrengthened_SEM-SE_EBSD_SameSliceSerialSectioning_0#0,SerialSectioning,In718-SolutionStrengthened_SEM-SE_EBSD_SameSliceSerialSectioning,ma_roma,direct,0.2109,1.00000,20,10000,696,affine,0.62,353.826,317.243,0.000,0.000,0.000,0.000,374.780,365.417,ok,,0.1,0.1001,4
eval_In718-SolutionStrengthened_SEM-SE_EBSD_SameSliceSerialSectioning_0#0,SerialSectioning,In718-SolutionStrengthened_SEM-SE_EBSD_SameSliceSerialSectioning,ma_roma,pyramid_v2,0.2109,1.00000,20,10000,924,affine@direct,1.24,405.847,363.390,0.000,0.000,0.000,0.000,421.424,405.696,ok,,0.1,0.1001,4
eval_In718-SolutionStrengthened_SEM-SE_EBSD_SameSliceSerialSectioning_0#0,SerialSectioning,In718-SolutionStrengthened_SEM-SE_EBSD_SameSliceSerialSectioning,ma_roma,direct,0.1491,1.00000,20,10000,1287,affine,0.55,669.549,574.700,0.000,0.000,0.000,0.000,656.833,575.594,ok,,0.05,0.0499,2
eval_In718-SolutionStrengthened_SEM-SE_EBSD_SameSliceSerialSectioning_0#0,SerialSectioning,In718-SolutionStrengthened_SEM-SE_EBSD_SameSliceSerialSectioning,ma_roma,pyramid_v2,0.1491,1.00000,20,10000,1323,affine@direct,1.21,664.817,565.298,0.000,0.000,0.000,0.000,615.482,528.973,ok,,0.05,0.0499,2
eval_In718-SolutionStrengthened_SEM-SE_EBSD_SameSliceSerialSectioning_0#0,SerialSectioning,In718-SolutionStrengthened_SEM-SE_EBSD_SameSliceSerialSectioning,ma_roma,direct,0.0944,1.00000,20,10000,559,affine,0.59,1016.362,969.918,0.000,0.000,0.000,0.000,1048.869,1025.940,ok,,0.02,0.0200,0
eval_In718-SolutionStrengthened_SEM-SE_EBSD_SameSliceSerialSectioning_0#0,SerialSectioning,In718-SolutionStrengthened_SEM-SE_EBSD_SameSliceSerialSectioning,ma_roma,pyramid_v2,0.0944,1.00000,20,10000,1074,affine@direct+zoom,2.21,920.079,871.593,0.000,0.000,0.000,0.000,863.608,781.972,ok,,0.02,0.0200,0
eval_In718-SolutionStrengthened_SEM-SE_EBSD_SameSliceSerialSectioning_1#0,SerialSectioning,In718-SolutionStrengthened_SEM-SE_EBSD_SameSliceSerialSectioning,ma_roma,direct,0.2357,1.00000,26,10000,3776,affine,0.61,11.957,7.107,0.000,0.077,0.269,0.577,12.462,8.631,ok,,0.5,0.4997,21
eval_In718-SolutionStrengthened_SEM-SE_EBSD_SameSliceSerialSectioning_1#0,SerialSectioning,In718-SolutionStrengthened_SEM-SE_EBSD_SameSliceSerialSectioning,ma_roma,pyramid_v2,0.2357,1.00000,26,10000,4530,affine@direct+zoom,1.97,10.439,7.212,0.000,0.077,0.269,0.654,7.516,5.992,ok,,0.5,0.4997,21
eval_In718-SolutionStrengthened_SEM-SE_EBSD_SameSliceSerialSectioning_1#0,SerialSectioning,In718-SolutionStrengthened_SEM-SE_EBSD_SameSliceSerialSectioning,ma_roma,direct,0.1667,1.00000,26,10000,505,homography,0.59,1403.768,569.053,0.000,0.000,0.000,0.000,138.930,136.954,ok,,0.25,0.2494,10
eval_In718-SolutionStrengthened_SEM-SE_EBSD_SameSliceSerialSectioning_1#0,SerialSectioning,In718-SolutionStrengthened_SEM-SE_EBSD_SameSliceSerialSectioning,ma_roma,pyramid_v2,0.1667,1.00000,26,10000,4577,affine@direct+zoom,2.48,11.091,8.238,0.038,0.192,0.346,0.538,15.183,10.909,ok,,0.25,0.2494,10
eval_In718-SolutionStrengthened_SEM-SE_EBSD_SameSliceSerialSectioning_1#0,SerialSectioning,In718-SolutionStrengthened_SEM-SE_EBSD_SameSliceSerialSectioning,ma_roma,direct,0.1055,1.00000,26,10000,162,affine,0.58,654.189,692.635,0.000,0.000,0.000,0.000,666.194,686.506,ok,,0.1,0.1001,3
eval_In718-SolutionStrengthened_SEM-SE_EBSD_SameSliceSerialSectioning_1#0,SerialSectioning,In718-SolutionStrengthened_SEM-SE_EBSD_SameSliceSerialSectioning,ma_roma,pyramid_v2,0.1055,1.00000,26,10000,191,homography@direct,0.56,3340.093,963.289,0.000,0.000,0.000,0.000,946.895,973.332,ok,,0.1,0.1001,3
eval_In718-SolutionStrengthened_SEM-SE_EBSD_SameSliceSerialSectioning_1#0,SerialSectioning,In718-SolutionStrengthened_SEM-SE_EBSD_SameSliceSerialSectioning,ma_roma,direct,0.0742,1.00000,26,10000,742,homography,0.59,1263.971,483.933,0.000,0.000,0.000,0.000,551.690,574.599,ok,,0.05,0.0499,3
eval_In718-SolutionStrengthened_SEM-SE_EBSD_SameSliceSerialSectioning_1#0,SerialSectioning,In718-SolutionStrengthened_SEM-SE_EBSD_SameSliceSerialSectioning,ma_roma,pyramid_v2,0.0742,1.00000,26,10000,1155,homography@direct+zoom,2.23,6913.222,693.988,0.000,0.000,0.000,0.000,905.362,894.304,ok,,0.05,0.0499,3
eval_In718-SolutionStrengthened_SEM-SE_EBSD_SameSliceSerialSectioning_1#0,SerialSectioning,In718-SolutionStrengthened_SEM-SE_EBSD_SameSliceSerialSectioning,ma_roma,direct,0.0469,1.00000,26,10000,890,affine,0.64,1371.583,1336.954,0.000,0.000,0.000,0.000,1329.064,1259.352,ok,,0.02,0.0198,1
eval_In718-SolutionStrengthened_SEM-SE_EBSD_SameSliceSerialSectioning_1#0,SerialSectioning,In718-SolutionStrengthened_SEM-SE_EBSD_SameSliceSerialSectioning,ma_roma,pyramid_v2,0.0469,1.00000,26,10000,862,affine@direct,0.64,1437.795,1400.012,0.000,0.000,0.000,0.000,1375.106,1325.546,ok,,0.02,0.0198,1
eval_In718-SolutionStrengthened_SEM-SE_EBSD_SameSliceSerialSectioning_1#1,SerialSectioning,In718-SolutionStrengthened_SEM-SE_EBSD_SameSliceSerialSectioning,ma_roma,direct,0.2357,1.00000,26,10000,2623,affine,0.61,18.652,14.374,0.000,0.154,0.154,0.346,16.084,9.909,ok,,0.5,0.4997,21
eval_In718-SolutionStrengthened_SEM-SE_EBSD_SameSliceSerialSectioning_1#1,SerialSectioning,In718-SolutionStrengthened_SEM-SE_EBSD_SameSliceSerialSectioning,ma_roma,pyramid_v2,0.2357,1.00000,26,10000,5390,homography@direct+zoom,2.69,9.630,8.322,0.038,0.115,0.308,0.692,9.601,8.449,ok,,0.5,0.4997,21
eval_In718-SolutionStrengthened_SEM-SE_EBSD_SameSliceSerialSectioning_1#1,SerialSectioning,In718-SolutionStrengthened_SEM-SE_EBSD_SameSliceSerialSectioning,ma_roma,direct,0.1667,1.00000,26,10000,1843,homography,0.59,1165.654,344.407,0.000,0.000,0.038,0.038,159.726,156.042,ok,,0.25,0.2494,10
eval_In718-SolutionStrengthened_SEM-SE_EBSD_SameSliceSerialSectioning_1#1,SerialSectioning,In718-SolutionStrengthened_SEM-SE_EBSD_SameSliceSerialSectioning,ma_roma,pyramid_v2,0.1667,1.00000,26,10000,2782,homography@direct+zoom,2.54,10.393,6.968,0.000,0.115,0.346,0.654,22.480,10.831,ok,,0.25,0.2494,10
eval_In718-SolutionStrengthened_SEM-SE_EBSD_SameSliceSerialSectioning_1#1,SerialSectioning,In718-SolutionStrengthened_SEM-SE_EBSD_SameSliceSerialSectioning,ma_roma,direct,0.1055,1.00000,26,10000,1083,affine,0.58,92.491,86.592,0.000,0.000,0.000,0.000,112.335,107.168,ok,,0.1,0.1001,3
eval_In718-SolutionStrengthened_SEM-SE_EBSD_SameSliceSerialSectioning_1#1,SerialSectioning,In718-SolutionStrengthened_SEM-SE_EBSD_SameSliceSerialSectioning,ma_roma,pyramid_v2,0.1055,1.00000,26,10000,929,homography@direct,1.16,517.346,645.559,0.000,0.000,0.000,0.000,416.778,391.138,ok,,0.1,0.1001,3
eval_In718-SolutionStrengthened_SEM-SE_EBSD_SameSliceSerialSectioning_1#1,SerialSectioning,In718-SolutionStrengthened_SEM-SE_EBSD_SameSliceSerialSectioning,ma_roma,direct,0.0742,1.00000,26,10000,653,affine,0.58,304.253,275.220,0.000,0.000,0.000,0.000,258.574,232.512,ok,,0.05,0.0499,3
eval_In718-SolutionStrengthened_SEM-SE_EBSD_SameSliceSerialSectioning_1#1,SerialSectioning,In718-SolutionStrengthened_SEM-SE_EBSD_SameSliceSerialSectioning,ma_roma,pyramid_v2,0.0742,1.00000,26,10000,780,homography@direct+zoom,2.05,297.501,247.050,0.000,0.000,0.000,0.000,295.129,249.459,ok,,0.05,0.0499,3
eval_In718-SolutionStrengthened_SEM-SE_EBSD_SameSliceSerialSectioning_1#1,SerialSectioning,In718-SolutionStrengthened_SEM-SE_EBSD_SameSliceSerialSectioning,ma_roma,direct,0.0469,1.00000,26,10000,149,homography,0.56,408.677,370.201,0.000,0.000,0.000,0.000,852.058,751.149,ok,,0.02,0.0198,1
eval_In718-SolutionStrengthened_SEM-SE_EBSD_SameSliceSerialSectioning_1#1,SerialSectioning,In718-SolutionStrengthened_SEM-SE_EBSD_SameSliceSerialSectioning,ma_roma,pyramid_v2,0.0469,1.00000,26,10000,1987,affine@direct+zoom,2.16,459.649,431.698,0.000,0.000,0.000,0.000,507.938,487.193,ok,,0.02,0.0198,1
eval_In718-SolutionStrengthened_SEM-SE_EBSD_SameSliceSerialSectioning_2#0,SerialSectioning,In718-SolutionStrengthened_SEM-SE_EBSD_SameSliceSerialSectioning,ma_roma,direct,0.2357,1.00000,44,10000,4624,affine,0.59,10.900,10.345,0.023,0.068,0.091,0.477,7.999,7.370,ok,,0.5,0.4997,31
eval_In718-SolutionStrengthened_SEM-SE_EBSD_SameSliceSerialSectioning_2#0,SerialSectioning,In718-SolutionStrengthened_SEM-SE_EBSD_SameSliceSerialSectioning,ma_roma,pyramid_v2,0.2357,1.00000,44,10000,4410,affine@direct,1.29,10.918,9.833,0.000,0.023,0.136,0.523,8.859,7.180,ok,,0.5,0.4997,31
eval_In718-SolutionStrengthened_SEM-SE_EBSD_SameSliceSerialSectioning_2#0,SerialSectioning,In718-SolutionStrengthened_SEM-SE_EBSD_SameSliceSerialSectioning,ma_roma,direct,0.1667,1.00000,44,10000,2485,affine,0.60,23.344,19.089,0.000,0.091,0.136,0.273,22.466,23.001,ok,,0.25,0.2494,11
eval_In718-SolutionStrengthened_SEM-SE_EBSD_SameSliceSerialSectioning_2#0,SerialSectioning,In718-SolutionStrengthened_SEM-SE_EBSD_SameSliceSerialSectioning,ma_roma,pyramid_v2,0.1667,1.00000,44,10000,6670,homography@direct+zoom,1.88,15.548,11.108,0.000,0.068,0.159,0.409,18.048,17.186,ok,,0.25,0.2494,11
eval_In718-SolutionStrengthened_SEM-SE_EBSD_SameSliceSerialSectioning_2#0,SerialSectioning,In718-SolutionStrengthened_SEM-SE_EBSD_SameSliceSerialSectioning,ma_roma,direct,0.1055,1.00000,44,10000,904,homography,0.61,1083.907,154.248,0.000,0.000,0.000,0.000,170.841,177.501,ok,,0.1,0.1001,6
eval_In718-SolutionStrengthened_SEM-SE_EBSD_SameSliceSerialSectioning_2#0,SerialSectioning,In718-SolutionStrengthened_SEM-SE_EBSD_SameSliceSerialSectioning,ma_roma,pyramid_v2,0.1055,1.00000,44,10000,762,homography@direct+zoom,1.29,5474.636,349.911,0.000,0.000,0.000,0.000,426.793,399.095,ok,,0.1,0.1001,6
eval_In718-SolutionStrengthened_SEM-SE_EBSD_SameSliceSerialSectioning_2#0,SerialSectioning,In718-SolutionStrengthened_SEM-SE_EBSD_SameSliceSerialSectioning,ma_roma,direct,0.0742,1.00000,44,10000,332,homography,0.57,2101.162,407.209,0.000,0.000,0.000,0.000,240.898,272.379,ok,,0.05,0.0499,4
eval_In718-SolutionStrengthened_SEM-SE_EBSD_SameSliceSerialSectioning_2#0,SerialSectioning,In718-SolutionStrengthened_SEM-SE_EBSD_SameSliceSerialSectioning,ma_roma,pyramid_v2,0.0742,1.00000,44,10000,383,affine@direct,0.57,1524.279,1656.489,0.000,0.000,0.000,0.000,1444.692,1566.566,ok,,0.05,0.0499,4
eval_In718-SolutionStrengthened_SEM-SE_EBSD_SameSliceSerialSectioning_2#0,SerialSectioning,In718-SolutionStrengthened_SEM-SE_EBSD_SameSliceSerialSectioning,ma_roma,direct,0.0469,1.00000,44,10000,704,affine,0.58,1715.183,1686.296,0.000,0.000,0.000,0.000,1584.005,1610.248,ok,,0.02,0.0198,3
eval_In718-SolutionStrengthened_SEM-SE_EBSD_SameSliceSerialSectioning_2#0,SerialSectioning,In718-SolutionStrengthened_SEM-SE_EBSD_SameSliceSerialSectioning,ma_roma,pyramid_v2,0.0469,1.00000,44,10000,619,affine@direct,0.56,1452.851,1416.448,0.000,0.000,0.000,0.000,1292.517,1363.470,ok,,0.02,0.0198,3
eval_In718-SolutionStrengthened_SEM-SE_EBSD_SameSliceSerialSectioning_2#1,SerialSectioning,In718-SolutionStrengthened_SEM-SE_EBSD_SameSliceSerialSectioning,ma_roma,direct,0.2357,1.00000,44,10000,5236,affine,0.62,14.927,12.446,0.000,0.023,0.182,0.409,29.037,15.674,ok,,0.5,0.4997,31
eval_In718-SolutionStrengthened_SEM-SE_EBSD_SameSliceSerialSectioning_2#1,SerialSectioning,In718-SolutionStrengthened_SEM-SE_EBSD_SameSliceSerialSectioning,ma_roma,pyramid_v2,0.2357,1.00000,44,10000,3598,homography@direct+zoom,2.00,11.274,8.367,0.000,0.182,0.318,0.523,9.640,8.613,ok,,0.5,0.4997,31
eval_In718-SolutionStrengthened_SEM-SE_EBSD_SameSliceSerialSectioning_2#1,SerialSectioning,In718-SolutionStrengthened_SEM-SE_EBSD_SameSliceSerialSectioning,ma_roma,direct,0.1667,1.00000,44,10000,2237,affine,0.59,18.812,18.816,0.023,0.091,0.136,0.295,43.931,43.060,ok,,0.25,0.2494,11
eval_In718-SolutionStrengthened_SEM-SE_EBSD_SameSliceSerialSectioning_2#1,SerialSectioning,In718-SolutionStrengthened_SEM-SE_EBSD_SameSliceSerialSectioning,ma_roma,pyramid_v2,0.1667,1.00000,44,10000,2250,affine@direct,1.26,22.168,23.300,0.023,0.045,0.136,0.250,50.718,58.048,ok,,0.25,0.2494,11
eval_In718-SolutionStrengthened_SEM-SE_EBSD_SameSliceSerialSectioning_2#1,SerialSectioning,In718-SolutionStrengthened_SEM-SE_EBSD_SameSliceSerialSectioning,ma_roma,direct,0.1055,1.00000,44,10000,745,affine,0.61,322.020,275.474,0.000,0.000,0.000,0.000,306.854,286.527,ok,,0.1,0.1001,6
eval_In718-SolutionStrengthened_SEM-SE_EBSD_SameSliceSerialSectioning_2#1,SerialSectioning,In718-SolutionStrengthened_SEM-SE_EBSD_SameSliceSerialSectioning,ma_roma,pyramid_v2,0.1055,1.00000,44,10000,588,affine@direct+zoom,1.65,332.392,302.785,0.000,0.000,0.000,0.000,323.913,253.694,ok,,0.1,0.1001,6
eval_In718-SolutionStrengthened_SEM-SE_EBSD_SameSliceSerialSectioning_2#1,SerialSectioning,In718-SolutionStrengthened_SEM-SE_EBSD_SameSliceSerialSectioning,ma_roma,direct,0.0742,1.00000,44,10000,743,affine,0.58,435.966,375.645,0.000,0.000,0.000,0.000,360.663,388.276,ok,,0.05,0.0499,4
eval_In718-SolutionStrengthened_SEM-SE_EBSD_SameSliceSerialSectioning_2#1,SerialSectioning,In718-SolutionStrengthened_SEM-SE_EBSD_SameSliceSerialSectioning,ma_roma,pyramid_v2,0.0742,1.00000,44,10000,422,homography@direct+zoom,1.09,449.439,492.942,0.000,0.000,0.000,0.000,371.286,333.549,ok,,0.05,0.0499,4
eval_In718-SolutionStrengthened_SEM-SE_EBSD_SameSliceSerialSectioning_2#1,SerialSectioning,In718-SolutionStrengthened_SEM-SE_EBSD_SameSliceSerialSectioning,ma_roma,direct,0.0469,1.00000,44,10000,1498,homography,0.58,1116.704,304.811,0.000,0.000,0.000,0.000,752.100,630.991,ok,,0.02,0.0198,3
eval_In718-SolutionStrengthened_SEM-SE_EBSD_SameSliceSerialSectioning_2#1,SerialSectioning,In718-SolutionStrengthened_SEM-SE_EBSD_SameSliceSerialSectioning,ma_roma,pyramid_v2,0.0469,1.00000,44,10000,1838,homography@direct+zoom,2.15,509.386,476.271,0.000,0.000,0.000,0.000,837.534,719.471,ok,,0.02,0.0198,3
eval_In718-SolutionStrengthened_SEM-SE_EBSD_SameSliceSerialSectioning_3#0,SerialSectioning,In718-SolutionStrengthened_SEM-SE_EBSD_SameSliceSerialSectioning,ma_roma,direct,0.2357,1.00000,53,10000,2988,affine,0.60,12.917,11.309,0.019,0.075,0.189,0.377,14.219,11.069,ok,,0.5,0.4997,36
eval_In718-SolutionStrengthened_SEM-SE_EBSD_SameSliceSerialSectioning_3#0,SerialSectioning,In718-SolutionStrengthened_SEM-SE_EBSD_SameSliceSerialSectioning,ma_roma,pyramid_v2,0.2357,1.00000,53,10000,4009,affine@direct+zoom,2.01,14.774,13.940,0.019,0.057,0.132,0.358,11.592,10.704,ok,,0.5,0.4997,36
eval_In718-SolutionStrengthened_SEM-SE_EBSD_SameSliceSerialSectioning_3#0,SerialSectioning,In718-SolutionStrengthened_SEM-SE_EBSD_SameSliceSerialSectioning,ma_roma,direct,0.1667,1.00000,53,10000,445,affine,0.58,279.017,280.851,0.000,0.000,0.000,0.000,217.863,192.312,ok,,0.25,0.2494,14
eval_In718-SolutionStrengthened_SEM-SE_EBSD_SameSliceSerialSectioning_3#0,SerialSectioning,In718-SolutionStrengthened_SEM-SE_EBSD_SameSliceSerialSectioning,ma_roma,pyramid_v2,0.1667,1.00000,53,10000,403,affine@direct,0.62,198.269,197.717,0.000,0.000,0.000,0.000,214.151,214.411,ok,,0.25,0.2494,14
eval_In718-SolutionStrengthened_SEM-SE_EBSD_SameSliceSerialSectioning_3#0,SerialSectioning,In718-SolutionStrengthened_SEM-SE_EBSD_SameSliceSerialSectioning,ma_roma,direct,0.1055,1.00000,53,10000,356,affine,0.57,202.539,169.244,0.000,0.000,0.000,0.000,180.900,181.888,ok,,0.1,0.1001,4
eval_In718-SolutionStrengthened_SEM-SE_EBSD_SameSliceSerialSectioning_3#0,SerialSectioning,In718-SolutionStrengthened_SEM-SE_EBSD_SameSliceSerialSectioning,ma_roma,pyramid_v2,0.1055,1.00000,53,10000,342,homography@direct,1.12,883.927,271.886,0.000,0.000,0.000,0.000,154.777,147.197,ok,,0.1,0.1001,4
eval_In718-SolutionStrengthened_SEM-SE_EBSD_SameSliceSerialSectioning_3#0,SerialSectioning,In718-SolutionStrengthened_SEM-SE_EBSD_SameSliceSerialSectioning,ma_roma,direct,0.0742,1.00000,53,10000,639,affine,0.57,673.145,687.380,0.000,0.000,0.000,0.000,598.749,610.459,ok,,0.05,0.0499,4
eval_In718-SolutionStrengthened_SEM-SE_EBSD_SameSliceSerialSectioning_3#0,SerialSectioning,In718-SolutionStrengthened_SEM-SE_EBSD_SameSliceSerialSectioning,ma_roma,pyramid_v2,0.0742,1.00000,53,10000,514,affine@direct,1.15,358.040,354.076,0.000,0.000,0.000,0.000,298.395,305.309,ok,,0.05,0.0499,4
eval_In718-SolutionStrengthened_SEM-SE_EBSD_SameSliceSerialSectioning_3#0,SerialSectioning,In718-SolutionStrengthened_SEM-SE_EBSD_SameSliceSerialSectioning,ma_roma,direct,0.0469,1.00000,53,10000,1231,affine,0.62,2016.040,1902.163,0.000,0.000,0.000,0.000,2006.757,1902.016,ok,,0.02,0.0198,0
eval_In718-SolutionStrengthened_SEM-SE_EBSD_SameSliceSerialSectioning_3#0,SerialSectioning,In718-SolutionStrengthened_SEM-SE_EBSD_SameSliceSerialSectioning,ma_roma,pyramid_v2,0.0469,1.00000,53,10000,1172,homography@direct,0.61,7570.101,2101.588,0.000,0.000,0.000,0.000,2148.645,2085.946,ok,,0.02,0.0198,0
eval_In718-SolutionStrengthened_SEM-SE_EBSD_SameSliceSerialSectioning_3#1,SerialSectioning,In718-SolutionStrengthened_SEM-SE_EBSD_SameSliceSerialSectioning,ma_roma,direct,0.2357,1.00000,53,10000,961,affine,0.62,27.936,24.624,0.000,0.057,0.094,0.302,39.657,18.914,ok,,0.5,0.4997,36
eval_In718-SolutionStrengthened_SEM-SE_EBSD_SameSliceSerialSectioning_3#1,SerialSectioning,In718-SolutionStrengthened_SEM-SE_EBSD_SameSliceSerialSectioning,ma_roma,pyramid_v2,0.2357,1.00000,53,10000,961,affine@direct,1.35,27.806,26.191,0.000,0.057,0.075,0.264,36.297,26.901,ok,,0.5,0.4997,36
eval_In718-SolutionStrengthened_SEM-SE_EBSD_SameSliceSerialSectioning_3#1,SerialSectioning,In718-SolutionStrengthened_SEM-SE_EBSD_SameSliceSerialSectioning,ma_roma,direct,0.1667,1.00000,53,10000,345,affine,0.61,310.192,284.358,0.000,0.000,0.000,0.000,339.764,282.959,ok,,0.25,0.2494,14
eval_In718-SolutionStrengthened_SEM-SE_EBSD_SameSliceSerialSectioning_3#1,SerialSectioning,In718-SolutionStrengthened_SEM-SE_EBSD_SameSliceSerialSectioning,ma_roma,pyramid_v2,0.1667,1.00000,53,10000,1635,affine@direct+zoom,2.56,12.094,11.504,0.000,0.075,0.094,0.358,43.272,25.353,ok,,0.25,0.2494,14
eval_In718-SolutionStrengthened_SEM-SE_EBSD_SameSliceSerialSectioning_3#1,SerialSectioning,In718-SolutionStrengthened_SEM-SE_EBSD_SameSliceSerialSectioning,ma_roma,direct,0.1055,1.00000,53,10000,842,affine,0.62,326.720,329.902,0.000,0.000,0.000,0.000,213.771,157.469,ok,,0.1,0.1001,4
eval_In718-SolutionStrengthened_SEM-SE_EBSD_SameSliceSerialSectioning_3#1,SerialSectioning,In718-SolutionStrengthened_SEM-SE_EBSD_SameSliceSerialSectioning,ma_roma,pyramid_v2,0.1055,1.00000,53,10000,652,homography@direct+zoom,2.27,1668.088,630.832,0.000,0.000,0.000,0.000,507.150,505.230,ok,,0.1,0.1001,4
eval_In718-SolutionStrengthened_SEM-SE_EBSD_SameSliceSerialSectioning_3#1,SerialSectioning,In718-SolutionStrengthened_SEM-SE_EBSD_SameSliceSerialSectioning,ma_roma,direct,0.0742,1.00000,53,10000,882,affine,0.60,762.040,718.633,0.000,0.000,0.000,0.000,652.138,620.609,ok,,0.05,0.0499,4
eval_In718-SolutionStrengthened_SEM-SE_EBSD_SameSliceSerialSectioning_3#1,SerialSectioning,In718-SolutionStrengthened_SEM-SE_EBSD_SameSliceSerialSectioning,ma_roma,pyramid_v2,0.0742,1.00000,53,10000,645,affine@direct,1.14,587.364,588.834,0.000,0.000,0.000,0.000,535.750,492.829,ok,,0.05,0.0499,4
eval_In718-SolutionStrengthened_SEM-SE_EBSD_SameSliceSerialSectioning_3#1,SerialSectioning,In718-SolutionStrengthened_SEM-SE_EBSD_SameSliceSerialSectioning,ma_roma,direct,0.0469,1.00000,53,10000,747,affine,0.64,675.064,688.914,0.000,0.000,0.000,0.000,675.612,643.533,ok,,0.02,0.0198,0
eval_In718-SolutionStrengthened_SEM-SE_EBSD_SameSliceSerialSectioning_3#1,SerialSectioning,In718-SolutionStrengthened_SEM-SE_EBSD_SameSliceSerialSectioning,ma_roma,pyramid_v2,0.0469,1.00000,53,10000,1164,affine@direct+zoom,1.66,1964.954,1983.815,0.000,0.000,0.000,0.000,1800.025,1731.321,ok,,0.02,0.0198,0
eval_MoTaTiZrHf-HEA-DDRX-1100C_TEM_DislocationCharacterization_0#1,DislocationCharacterization,MoTaTiZrHf-HEA-DDRX-1100C_TEM_DislocationCharacterization,ma_roma,direct,0.7070,1.00000,24,10000,3112,affine,0.90,25.535,27.360,0.042,0.042,0.083,0.167,28.170,27.633,ok,,0.5,0.5000,14
eval_MoTaTiZrHf-HEA-DDRX-1100C_TEM_DislocationCharacterization_0#1,DislocationCharacterization,MoTaTiZrHf-HEA-DDRX-1100C_TEM_DislocationCharacterization,ma_roma,pyramid_v2,0.7070,1.00000,24,10000,3112,homography@direct,0.94,25.512,27.140,0.000,0.042,0.042,0.167,25.368,28.023,ok,,0.5,0.5000,14
eval_MoTaTiZrHf-HEA-DDRX-1100C_TEM_DislocationCharacterization_0#1,DislocationCharacterization,MoTaTiZrHf-HEA-DDRX-1100C_TEM_DislocationCharacterization,ma_roma,direct,0.5000,1.00000,24,10000,480,affine,0.98,53.491,46.861,0.000,0.042,0.042,0.042,62.070,50.840,ok,,0.25,0.2500,7
eval_MoTaTiZrHf-HEA-DDRX-1100C_TEM_DislocationCharacterization_0#1,DislocationCharacterization,MoTaTiZrHf-HEA-DDRX-1100C_TEM_DislocationCharacterization,ma_roma,pyramid_v2,0.5000,1.00000,24,10000,1883,homography@direct+zoom,2.85,27.683,27.298,0.000,0.000,0.042,0.083,21.087,17.307,ok,,0.25,0.2500,7
eval_MoTaTiZrHf-HEA-DDRX-1100C_TEM_DislocationCharacterization_0#1,DislocationCharacterization,MoTaTiZrHf-HEA-DDRX-1100C_TEM_DislocationCharacterization,ma_roma,direct,0.3164,1.00000,24,10000,242,homography,0.86,1213.919,1119.180,0.000,0.000,0.000,0.000,1212.813,1152.336,ok,,0.1,0.1000,0
eval_MoTaTiZrHf-HEA-DDRX-1100C_TEM_DislocationCharacterization_0#1,DislocationCharacterization,MoTaTiZrHf-HEA-DDRX-1100C_TEM_DislocationCharacterization,ma_roma,pyramid_v2,0.3164,1.00000,24,10000,161,affine@direct,0.88,994.585,874.258,0.000,0.000,0.000,0.000,998.953,893.623,ok,,0.1,0.1000,0
eval_MoTaTiZrHf-HEA-DDRX-1100C_TEM_DislocationCharacterization_0#1,DislocationCharacterization,MoTaTiZrHf-HEA-DDRX-1100C_TEM_DislocationCharacterization,ma_roma,direct,0.2236,1.00000,24,10000,148,homography,0.75,1610.383,885.177,0.000,0.000,0.000,0.000,1377.463,1420.312,ok,,0.05,0.0500,0
eval_MoTaTiZrHf-HEA-DDRX-1100C_TEM_DislocationCharacterization_0#1,DislocationCharacterization,MoTaTiZrHf-HEA-DDRX-1100C_TEM_DislocationCharacterization,ma_roma,pyramid_v2,0.2236,1.00000,24,10000,230,homography@direct,1.48,12748.823,928.422,0.000,0.000,0.000,0.000,753.414,774.614,ok,,0.05,0.0500,0
eval_MoTaTiZrHf-HEA-DDRX-1100C_TEM_DislocationCharacterization_0#1,DislocationCharacterization,MoTaTiZrHf-HEA-DDRX-1100C_TEM_DislocationCharacterization,ma_roma,direct,0.1416,1.00000,24,10000,771,affine,0.69,1142.249,1186.461,0.000,0.000,0.000,0.000,1109.993,1070.516,ok,,0.02,0.0200,0
eval_MoTaTiZrHf-HEA-DDRX-1100C_TEM_DislocationCharacterization_0#1,DislocationCharacterization,MoTaTiZrHf-HEA-DDRX-1100C_TEM_DislocationCharacterization,ma_roma,pyramid_v2,0.1416,1.00000,24,10000,358,homography@direct,1.24,1007.274,981.614,0.000,0.000,0.000,0.000,890.060,792.265,ok,,0.02,0.0200,0
eval_MoTaTiZrHf-HEA-DDRX-1100C_TEM_DislocationCharacterization_0#2,DislocationCharacterization,MoTaTiZrHf-HEA-DDRX-1100C_TEM_DislocationCharacterization,ma_roma,direct,0.7070,1.00000,24,10000,2110,homography,0.92,24.171,25.360,0.000,0.042,0.042,0.167,30.278,29.650,ok,,0.5,0.5000,14
eval_MoTaTiZrHf-HEA-DDRX-1100C_TEM_DislocationCharacterization_0#2,DislocationCharacterization,MoTaTiZrHf-HEA-DDRX-1100C_TEM_DislocationCharacterization,ma_roma,pyramid_v2,0.7070,1.00000,24,10000,2063,affine@direct,0.96,25.047,27.141,0.000,0.042,0.083,0.125,25.328,27.998,ok,,0.5,0.5000,14
eval_MoTaTiZrHf-HEA-DDRX-1100C_TEM_DislocationCharacterization_0#2,DislocationCharacterization,MoTaTiZrHf-HEA-DDRX-1100C_TEM_DislocationCharacterization,ma_roma,direct,0.5000,1.00000,24,10000,1070,affine,0.89,27.511,28.393,0.042,0.042,0.042,0.083,43.589,36.130,ok,,0.25,0.2500,7
eval_MoTaTiZrHf-HEA-DDRX-1100C_TEM_DislocationCharacterization_0#2,DislocationCharacterization,MoTaTiZrHf-HEA-DDRX-1100C_TEM_DislocationCharacterization,ma_roma,pyramid_v2,0.5000,1.00000,24,10000,1123,affine@direct,1.85,27.570,28.276,0.000,0.042,0.042,0.083,45.215,35.485,ok,,0.25,0.2500,7
eval_MoTaTiZrHf-HEA-DDRX-1100C_TEM_DislocationCharacterization_0#2,DislocationCharacterization,MoTaTiZrHf-HEA-DDRX-1100C_TEM_DislocationCharacterization,ma_roma,direct,0.3164,1.00000,24,10000,376,affine,0.82,564.434,539.632,0.000,0.000,0.000,0.000,549.024,498.712,ok,,0.1,0.1000,0
eval_MoTaTiZrHf-HEA-DDRX-1100C_TEM_DislocationCharacterization_0#2,DislocationCharacterization,MoTaTiZrHf-HEA-DDRX-1100C_TEM_DislocationCharacterization,ma_roma,pyramid_v2,0.3164,1.00000,24,10000,368,affine@direct,1.74,590.242,566.142,0.000,0.000,0.000,0.000,588.190,564.664,ok,,0.1,0.1000,0
eval_MoTaTiZrHf-HEA-DDRX-1100C_TEM_DislocationCharacterization_0#2,DislocationCharacterization,MoTaTiZrHf-HEA-DDRX-1100C_TEM_DislocationCharacterization,ma_roma,direct,0.2236,1.00000,24,10000,284,affine,0.73,621.216,535.829,0.000,0.000,0.000,0.000,535.221,509.086,ok,,0.05,0.0500,0
eval_MoTaTiZrHf-HEA-DDRX-1100C_TEM_DislocationCharacterization_0#2,DislocationCharacterization,MoTaTiZrHf-HEA-DDRX-1100C_TEM_DislocationCharacterization,ma_roma,pyramid_v2,0.2236,1.00000,24,10000,2963,affine@direct+zoom,2.92,616.346,443.641,0.000,0.000,0.000,0.000,600.854,430.073,ok,,0.05,0.0500,0
eval_MoTaTiZrHf-HEA-DDRX-1100C_TEM_DislocationCharacterization_0#2,DislocationCharacterization,MoTaTiZrHf-HEA-DDRX-1100C_TEM_DislocationCharacterization,ma_roma,direct,0.1416,1.00000,24,10000,157,affine,0.70,5591.981,5043.144,0.000,0.000,0.000,0.000,5596.659,5027.357,ok,,0.02,0.0200,0
eval_MoTaTiZrHf-HEA-DDRX-1100C_TEM_DislocationCharacterization_0#2,DislocationCharacterization,MoTaTiZrHf-HEA-DDRX-1100C_TEM_DislocationCharacterization,ma_roma,pyramid_v2,0.1416,1.00000,24,10000,167,affine@direct,0.73,5795.292,5328.736,0.000,0.000,0.000,0.000,5785.730,5326.795,ok,,0.02,0.0200,0
eval_MoTaTiZrHf-HEA-DDRX-1100C_TEM_DislocationCharacterization_0#3,DislocationCharacterization,MoTaTiZrHf-HEA-DDRX-1100C_TEM_DislocationCharacterization,ma_roma,direct,0.7070,1.00000,24,10000,1539,homography,0.98,33.884,33.874,0.000,0.000,0.000,0.083,33.032,31.051,ok,,0.5,0.5000,14
eval_MoTaTiZrHf-HEA-DDRX-1100C_TEM_DislocationCharacterization_0#3,DislocationCharacterization,MoTaTiZrHf-HEA-DDRX-1100C_TEM_DislocationCharacterization,ma_roma,pyramid_v2,0.7070,1.00000,24,10000,1539,affine@direct,1.04,33.979,35.001,0.000,0.000,0.000,0.042,29.396,29.170,ok,,0.5,0.5000,14
eval_MoTaTiZrHf-HEA-DDRX-1100C_TEM_DislocationCharacterization_0#3,DislocationCharacterization,MoTaTiZrHf-HEA-DDRX-1100C_TEM_DislocationCharacterization,ma_roma,direct,0.5000,1.00000,24,10000,165,affine,0.88,961.400,934.592,0.000,0.000,0.000,0.000,962.109,952.322,ok,,0.25,0.2500,7
eval_MoTaTiZrHf-HEA-DDRX-1100C_TEM_DislocationCharacterization_0#3,DislocationCharacterization,MoTaTiZrHf-HEA-DDRX-1100C_TEM_DislocationCharacterization,ma_roma,pyramid_v2,0.5000,1.00000,24,10000,130,affine@direct,0.91,4289.264,4394.620,0.000,0.000,0.000,0.000,4209.333,4306.084,ok,,0.25,0.2500,7
eval_MoTaTiZrHf-HEA-DDRX-1100C_TEM_DislocationCharacterization_0#3,DislocationCharacterization,MoTaTiZrHf-HEA-DDRX-1100C_TEM_DislocationCharacterization,ma_roma,direct,0.3164,1.00000,24,10000,77,homography,0.84,4178.241,2572.102,0.000,0.000,0.000,0.000,2867.768,2805.464,ok,,0.1,0.1000,0
eval_MoTaTiZrHf-HEA-DDRX-1100C_TEM_DislocationCharacterization_0#3,DislocationCharacterization,MoTaTiZrHf-HEA-DDRX-1100C_TEM_DislocationCharacterization,ma_roma,pyramid_v2,0.3164,1.00000,24,10000,56,affine@direct,0.87,2633.621,2777.905,0.000,0.000,0.000,0.000,2601.571,2640.622,ok,,0.1,0.1000,0
eval_MoTaTiZrHf-HEA-DDRX-1100C_TEM_DislocationCharacterization_0#3,DislocationCharacterization,MoTaTiZrHf-HEA-DDRX-1100C_TEM_DislocationCharacterization,ma_roma,direct,0.2236,1.00000,24,10000,751,homography,0.75,820.733,832.913,0.000,0.000,0.000,0.000,458.965,468.428,ok,,0.05,0.0500,0
eval_MoTaTiZrHf-HEA-DDRX-1100C_TEM_DislocationCharacterization_0#3,DislocationCharacterization,MoTaTiZrHf-HEA-DDRX-1100C_TEM_DislocationCharacterization,ma_roma,pyramid_v2,0.2236,1.00000,24,10000,1787,homography@direct+zoom,2.60,258.830,243.638,0.000,0.000,0.000,0.000,336.497,266.237,ok,,0.05,0.0500,0
eval_MoTaTiZrHf-HEA-DDRX-1100C_TEM_DislocationCharacterization_0#3,DislocationCharacterization,MoTaTiZrHf-HEA-DDRX-1100C_TEM_DislocationCharacterization,ma_roma,direct,0.1416,1.00000,24,10000,819,affine,0.76,386.464,357.682,0.000,0.000,0.000,0.000,442.669,439.640,ok,,0.02,0.0200,0
eval_MoTaTiZrHf-HEA-DDRX-1100C_TEM_DislocationCharacterization_0#3,DislocationCharacterization,MoTaTiZrHf-HEA-DDRX-1100C_TEM_DislocationCharacterization,ma_roma,pyramid_v2,0.1416,1.00000,24,10000,1062,affine@direct+zoom,2.53,270.045,251.890,0.000,0.000,0.000,0.000,231.948,218.930,ok,,0.02,0.0200,0
eval_MoTaTiZrHf-HEA-DDRX-1100C_TEM_DislocationCharacterization_0#4,DislocationCharacterization,MoTaTiZrHf-HEA-DDRX-1100C_TEM_DislocationCharacterization,ma_roma,direct,0.7070,1.00000,17,10000,2023,homography,0.92,16.307,15.058,0.000,0.118,0.118,0.294,16.882,10.759,ok,,0.5,0.5000,8
eval_MoTaTiZrHf-HEA-DDRX-1100C_TEM_DislocationCharacterization_0#4,DislocationCharacterization,MoTaTiZrHf-HEA-DDRX-1100C_TEM_DislocationCharacterization,ma_roma,pyramid_v2,0.7070,1.00000,17,10000,1291,homography@direct,0.99,180.035,186.083,0.000,0.000,0.000,0.000,171.445,181.571,ok,,0.5,0.5000,8
eval_MoTaTiZrHf-HEA-DDRX-1100C_TEM_DislocationCharacterization_0#4,DislocationCharacterization,MoTaTiZrHf-HEA-DDRX-1100C_TEM_DislocationCharacterization,ma_roma,direct,0.5000,1.00000,17,10000,1628,affine,0.98,22.820,22.831,0.000,0.000,0.000,0.118,27.906,20.347,ok,,0.25,0.2500,5
eval_MoTaTiZrHf-HEA-DDRX-1100C_TEM_DislocationCharacterization_0#4,DislocationCharacterization,MoTaTiZrHf-HEA-DDRX-1100C_TEM_DislocationCharacterization,ma_roma,pyramid_v2,0.5000,1.00000,17,10000,1916,affine@direct+zoom,3.00,15.386,16.270,0.000,0.000,0.118,0.294,16.567,17.467,ok,,0.25,0.2500,5
eval_MoTaTiZrHf-HEA-DDRX-1100C_TEM_DislocationCharacterization_0#4,DislocationCharacterization,MoTaTiZrHf-HEA-DDRX-1100C_TEM_DislocationCharacterization,ma_roma,direct,0.3164,1.00000,17,10000,123,homography,0.82,3224.384,684.957,0.000,0.000,0.000,0.000,680.713,769.976,ok,,0.1,0.1000,1
eval_MoTaTiZrHf-HEA-DDRX-1100C_TEM_DislocationCharacterization_0#4,DislocationCharacterization,MoTaTiZrHf-HEA-DDRX-1100C_TEM_DislocationCharacterization,ma_roma,pyramid_v2,0.3164,1.00000,17,10000,193,homography@direct+zoom,2.50,739.930,537.940,0.000,0.000,0.000,0.000,541.707,499.165,ok,,0.1,0.1000,1
eval_MoTaTiZrHf-HEA-DDRX-1100C_TEM_DislocationCharacterization_0#4,DislocationCharacterization,MoTaTiZrHf-HEA-DDRX-1100C_TEM_DislocationCharacterization,ma_roma,direct,0.2236,1.00000,17,10000,294,affine,0.80,313.186,308.041,0.000,0.000,0.000,0.000,339.748,341.023,ok,,0.05,0.0500,1
eval_MoTaTiZrHf-HEA-DDRX-1100C_TEM_DislocationCharacterization_0#4,DislocationCharacterization,MoTaTiZrHf-HEA-DDRX-1100C_TEM_DislocationCharacterization,ma_roma,pyramid_v2,0.2236,1.00000,17,10000,403,homography@direct+zoom,2.89,30013.420,222.819,0.000,0.000,0.000,0.000,213.770,205.831,ok,,0.05,0.0500,1
eval_MoTaTiZrHf-HEA-DDRX-1100C_TEM_DislocationCharacterization_0#4,DislocationCharacterization,MoTaTiZrHf-HEA-DDRX-1100C_TEM_DislocationCharacterization,ma_roma,direct,0.1416,1.00000,17,10000,468,homography,0.68,63581.871,3115.178,0.000,0.000,0.000,0.000,1192.596,1236.277,ok,,0.02,0.0200,1
eval_MoTaTiZrHf-HEA-DDRX-1100C_TEM_DislocationCharacterization_0#4,DislocationCharacterization,MoTaTiZrHf-HEA-DDRX-1100C_TEM_DislocationCharacterization,ma_roma,pyramid_v2,0.1416,1.00000,17,10000,970,affine@direct+zoom,2.09,532.344,567.444,0.000,0.000,0.000,0.000,628.923,596.971,ok,,0.02,0.0200,1
eval_MoTaTiZrHf-HEA-DDRX-1100C_TEM_DislocationCharacterization_0#5,DislocationCharacterization,MoTaTiZrHf-HEA-DDRX-1100C_TEM_DislocationCharacterization,ma_roma,direct,0.7070,1.00000,17,10000,3894,affine,0.87,186.995,192.999,0.000,0.000,0.000,0.000,175.889,182.180,ok,,0.5,0.5000,8
eval_MoTaTiZrHf-HEA-DDRX-1100C_TEM_DislocationCharacterization_0#5,DislocationCharacterization,MoTaTiZrHf-HEA-DDRX-1100C_TEM_DislocationCharacterization,ma_roma,pyramid_v2,0.7070,1.00000,17,10000,3865,affine@direct,0.92,187.521,193.374,0.000,0.000,0.000,0.000,179.586,185.090,ok,,0.5,0.5000,8
eval_MoTaTiZrHf-HEA-DDRX-1100C_TEM_DislocationCharacterization_0#5,DislocationCharacterization,MoTaTiZrHf-HEA-DDRX-1100C_TEM_DislocationCharacterization,ma_roma,direct,0.5000,1.00000,17,10000,355,homography,0.88,991.684,849.694,0.000,0.000,0.000,0.000,464.752,482.919,ok,,0.25,0.2500,5
eval_MoTaTiZrHf-HEA-DDRX-1100C_TEM_DislocationCharacterization_0#5,DislocationCharacterization,MoTaTiZrHf-HEA-DDRX-1100C_TEM_DislocationCharacterization,ma_roma,pyramid_v2,0.5000,1.00000,17,10000,675,affine@direct+zoom,3.77,75.647,76.823,0.000,0.000,0.000,0.059,75.523,77.685,ok,,0.25,0.2500,5
eval_MoTaTiZrHf-HEA-DDRX-1100C_TEM_DislocationCharacterization_0#5,DislocationCharacterization,MoTaTiZrHf-HEA-DDRX-1100C_TEM_DislocationCharacterization,ma_roma,direct,0.3164,1.00000,17,10000,420,homography,0.85,16343.865,1172.506,0.000,0.000,0.000,0.000,827.780,870.490,ok,,0.1,0.1000,1
eval_MoTaTiZrHf-HEA-DDRX-1100C_TEM_DislocationCharacterization_0#5,DislocationCharacterization,MoTaTiZrHf-HEA-DDRX-1100C_TEM_DislocationCharacterization,ma_roma,pyramid_v2,0.3164,1.00000,17,10000,443,affine@direct+zoom,3.14,390.559,393.082,0.000,0.000,0.000,0.000,400.218,388.279,ok,,0.1,0.1000,1
eval_MoTaTiZrHf-HEA-DDRX-1100C_TEM_DislocationCharacterization_0#5,DislocationCharacterization,MoTaTiZrHf-HEA-DDRX-1100C_TEM_DislocationCharacterization,ma_roma,direct,0.2236,1.00000,17,10000,497,homography,0.77,1361.226,862.639,0.000,0.000,0.000,0.000,712.954,859.023,ok,,0.05,0.0500,1
eval_MoTaTiZrHf-HEA-DDRX-1100C_TEM_DislocationCharacterization_0#5,DislocationCharacterization,MoTaTiZrHf-HEA-DDRX-1100C_TEM_DislocationCharacterization,ma_roma,pyramid_v2,0.2236,1.00000,17,10000,492,affine@direct,1.30,993.381,927.323,0.000,0.000,0.000,0.000,1003.723,939.529,ok,,0.05,0.0500,1
eval_MoTaTiZrHf-HEA-DDRX-1100C_TEM_DislocationCharacterization_0#5,DislocationCharacterization,MoTaTiZrHf-HEA-DDRX-1100C_TEM_DislocationCharacterization,ma_roma,direct,0.1416,1.00000,17,10000,133,homography,0.69,1349.668,1016.740,0.000,0.000,0.000,0.000,2129.457,2275.355,ok,,0.02,0.0200,1
eval_MoTaTiZrHf-HEA-DDRX-1100C_TEM_DislocationCharacterization_0#5,DislocationCharacterization,MoTaTiZrHf-HEA-DDRX-1100C_TEM_DislocationCharacterization,ma_roma,pyramid_v2,0.1416,1.00000,17,10000,171,homography@direct,1.33,2509.541,2561.641,0.000,0.000,0.000,0.000,2325.923,2543.374,ok,,0.02,0.0200,1
eval_MoTaTiZrHf-HEA-DDRX-1100C_TEM_DislocationCharacterization_0#6,DislocationCharacterization,MoTaTiZrHf-HEA-DDRX-1100C_TEM_DislocationCharacterization,ma_roma,direct,0.7070,1.00000,17,10000,453,homography,0.93,125.743,97.675,0.000,0.000,0.059,0.176,97.045,94.008,ok,,0.5,0.5000,8
eval_MoTaTiZrHf-HEA-DDRX-1100C_TEM_DislocationCharacterization_0#6,DislocationCharacterization,MoTaTiZrHf-HEA-DDRX-1100C_TEM_DislocationCharacterization,ma_roma,pyramid_v2,0.7070,1.00000,17,10000,447,affine@direct,0.96,66.027,62.091,0.000,0.059,0.059,0.059,55.871,56.245,ok,,0.5,0.5000,8
eval_MoTaTiZrHf-HEA-DDRX-1100C_TEM_DislocationCharacterization_0#6,DislocationCharacterization,MoTaTiZrHf-HEA-DDRX-1100C_TEM_DislocationCharacterization,ma_roma,direct,0.5000,1.00000,17,10000,708,affine,0.98,49.667,38.258,0.000,0.000,0.000,0.118,44.029,45.897,ok,,0.25,0.2500,5
eval_MoTaTiZrHf-HEA-DDRX-1100C_TEM_DislocationCharacterization_0#6,DislocationCharacterization,MoTaTiZrHf-HEA-DDRX-1100C_TEM_DislocationCharacterization,ma_roma,pyramid_v2,0.5000,1.00000,17,10000,661,affine@direct,1.02,158.103,164.387,0.000,0.000,0.000,0.059,107.781,101.062,ok,,0.25,0.2500,5
eval_MoTaTiZrHf-HEA-DDRX-1100C_TEM_DislocationCharacterization_0#6,DislocationCharacterization,MoTaTiZrHf-HEA-DDRX-1100C_TEM_DislocationCharacterization,ma_roma,direct,0.3164,1.00000,17,10000,529,affine,0.81,148.435,172.866,0.000,0.000,0.000,0.000,81.062,66.266,ok,,0.1,0.1000,1
eval_MoTaTiZrHf-HEA-DDRX-1100C_TEM_DislocationCharacterization_0#6,DislocationCharacterization,MoTaTiZrHf-HEA-DDRX-1100C_TEM_DislocationCharacterization,ma_roma,pyramid_v2,0.3164,1.00000,17,10000,469,affine@direct+zoom,3.43,76.006,78.298,0.000,0.000,0.000,0.059,94.825,104.387,ok,,0.1,0.1000,1
eval_MoTaTiZrHf-HEA-DDRX-1100C_TEM_DislocationCharacterization_0#6,DislocationCharacterization,MoTaTiZrHf-HEA-DDRX-1100C_TEM_DislocationCharacterization,ma_roma,direct,0.2236,1.00000,17,10000,1850,homography,0.79,5120.624,1079.911,0.000,0.000,0.000,0.000,716.740,613.657,ok,,0.05,0.0500,1
eval_MoTaTiZrHf-HEA-DDRX-1100C_TEM_DislocationCharacterization_0#6,DislocationCharacterization,MoTaTiZrHf-HEA-DDRX-1100C_TEM_DislocationCharacterization,ma_roma,pyramid_v2,0.2236,1.00000,17,10000,1373,affine@direct+zoom,2.11,719.385,714.718,0.000,0.000,0.000,0.000,760.025,760.308,ok,,0.05,0.0500,1
eval_MoTaTiZrHf-HEA-DDRX-1100C_TEM_DislocationCharacterization_0#6,DislocationCharacterization,MoTaTiZrHf-HEA-DDRX-1100C_TEM_DislocationCharacterization,ma_roma,direct,0.1416,1.00000,17,10000,184,homography,0.69,1256.297,1269.302,0.000,0.000,0.000,0.000,2189.740,2096.883,ok,,0.02,0.0200,1
eval_MoTaTiZrHf-HEA-DDRX-1100C_TEM_DislocationCharacterization_0#6,DislocationCharacterization,MoTaTiZrHf-HEA-DDRX-1100C_TEM_DislocationCharacterization,ma_roma,pyramid_v2,0.1416,1.00000,17,10000,171,homography@direct,1.31,1414.164,1622.823,0.000,0.000,0.000,0.000,1855.741,1775.961,ok,,0.02,0.0200,1
eval_MoTaTiZrHf-HEA-DDRX-1100C_TEM_DislocationCharacterization_0#9,DislocationCharacterization,MoTaTiZrHf-HEA-DDRX-1100C_TEM_DislocationCharacterization,ma_roma,direct,0.7070,1.00000,24,10000,100,homography,0.88,325.050,280.798,0.000,0.000,0.000,0.000,376.894,226.695,ok,,0.5,0.5000,14
eval_MoTaTiZrHf-HEA-DDRX-1100C_TEM_DislocationCharacterization_0#9,DislocationCharacterization,MoTaTiZrHf-HEA-DDRX-1100C_TEM_DislocationCharacterization,ma_roma,pyramid_v2,0.7070,1.00000,24,10000,147,homography@direct,0.95,133.328,79.747,0.000,0.000,0.000,0.000,90.366,67.245,ok,,0.5,0.5000,14
eval_MoTaTiZrHf-HEA-DDRX-1100C_TEM_DislocationCharacterization_0#9,DislocationCharacterization,MoTaTiZrHf-HEA-DDRX-1100C_TEM_DislocationCharacterization,ma_roma,direct,0.5000,1.00000,24,10000,187,homography,0.88,1524.708,1415.965,0.000,0.000,0.000,0.000,987.309,1052.621,ok,,0.25,0.2500,7
eval_MoTaTiZrHf-HEA-DDRX-1100C_TEM_DislocationCharacterization_0#9,DislocationCharacterization,MoTaTiZrHf-HEA-DDRX-1100C_TEM_DislocationCharacterization,ma_roma,pyramid_v2,0.5000,1.00000,24,10000,150,affine@direct,1.81,435.562,379.046,0.000,0.000,0.000,0.000,422.148,334.827,ok,,0.25,0.2500,7
eval_MoTaTiZrHf-HEA-DDRX-1100C_TEM_DislocationCharacterization_0#9,DislocationCharacterization,MoTaTiZrHf-HEA-DDRX-1100C_TEM_DislocationCharacterization,ma_roma,direct,0.3164,1.00000,24,10000,617,affine,0.85,389.475,386.572,0.000,0.000,0.000,0.000,517.745,451.375,ok,,0.1,0.1000,0
eval_MoTaTiZrHf-HEA-DDRX-1100C_TEM_DislocationCharacterization_0#9,DislocationCharacterization,MoTaTiZrHf-HEA-DDRX-1100C_TEM_DislocationCharacterization,ma_roma,pyramid_v2,0.3164,1.00000,24,10000,469,affine@direct,1.67,385.956,364.803,0.000,0.000,0.000,0.000,419.672,417.945,ok,,0.1,0.1000,0
eval_MoTaTiZrHf-HEA-DDRX-1100C_TEM_DislocationCharacterization_0#9,DislocationCharacterization,MoTaTiZrHf-HEA-DDRX-1100C_TEM_DislocationCharacterization,ma_roma,direct,0.2236,1.00000,24,10000,154,homography,0.72,1094.905,1082.875,0.000,0.000,0.000,0.000,937.848,803.902,ok,,0.05,0.0500,0
eval_MoTaTiZrHf-HEA-DDRX-1100C_TEM_DislocationCharacterization_0#9,DislocationCharacterization,MoTaTiZrHf-HEA-DDRX-1100C_TEM_DislocationCharacterization,ma_roma,pyramid_v2,0.2236,1.00000,24,10000,194,homography@direct,0.76,1094.389,991.134,0.000,0.000,0.000,0.000,899.004,748.374,ok,,0.05,0.0500,0
eval_MoTaTiZrHf-HEA-DDRX-1100C_TEM_DislocationCharacterization_0#9,DislocationCharacterization,MoTaTiZrHf-HEA-DDRX-1100C_TEM_DislocationCharacterization,ma_roma,direct,0.1416,1.00000,24,10000,929,affine,0.76,751.861,705.053,0.000,0.000,0.000,0.000,748.572,692.273,ok,,0.02,0.0200,0
eval_MoTaTiZrHf-HEA-DDRX-1100C_TEM_DislocationCharacterization_0#9,DislocationCharacterization,MoTaTiZrHf-HEA-DDRX-1100C_TEM_DislocationCharacterization,ma_roma,pyramid_v2,0.1416,1.00000,24,10000,1130,affine@direct+zoom,1.92,800.018,839.648,0.000,0.000,0.000,0.000,618.459,630.449,ok,,0.02,0.0200,0
eval_MoTaTiZrHf-HEA-DDRX-1100C_TEM_DislocationCharacterization_0#10,DislocationCharacterization,MoTaTiZrHf-HEA-DDRX-1100C_TEM_DislocationCharacterization,ma_roma,direct,0.7070,1.00000,24,10000,187,homography,0.89,386.574,140.493,0.000,0.000,0.000,0.000,102.744,61.892,ok,,0.5,0.5000,14
eval_MoTaTiZrHf-HEA-DDRX-1100C_TEM_DislocationCharacterization_0#10,DislocationCharacterization,MoTaTiZrHf-HEA-DDRX-1100C_TEM_DislocationCharacterization,ma_roma,pyramid_v2,0.7070,1.00000,24,10000,279,homography@direct+zoom,1.84,84.677,98.668,0.000,0.000,0.000,0.042,88.108,92.476,ok,,0.5,0.5000,14
eval_MoTaTiZrHf-HEA-DDRX-1100C_TEM_DislocationCharacterization_0#10,DislocationCharacterization,MoTaTiZrHf-HEA-DDRX-1100C_TEM_DislocationCharacterization,ma_roma,direct,0.5000,1.00000,24,10000,263,affine,0.90,568.844,645.929,0.000,0.000,0.000,0.000,462.251,548.529,ok,,0.25,0.2500,7
eval_MoTaTiZrHf-HEA-DDRX-1100C_TEM_DislocationCharacterization_0#10,DislocationCharacterization,MoTaTiZrHf-HEA-DDRX-1100C_TEM_DislocationCharacterization,ma_roma,pyramid_v2,0.5000,1.00000,24,10000,249,homography@direct,0.94,827.884,553.848,0.000,0.000,0.000,0.000,427.014,487.851,ok,,0.25,0.2500,7
eval_MoTaTiZrHf-HEA-DDRX-1100C_TEM_DislocationCharacterization_0#10,DislocationCharacterization,MoTaTiZrHf-HEA-DDRX-1100C_TEM_DislocationCharacterization,ma_roma,direct,0.3164,1.00000,24,10000,205,affine,0.82,2190.060,2151.780,0.000,0.000,0.000,0.000,2212.059,2170.981,ok,,0.1,0.1000,0
eval_MoTaTiZrHf-HEA-DDRX-1100C_TEM_DislocationCharacterization_0#10,DislocationCharacterization,MoTaTiZrHf-HEA-DDRX-1100C_TEM_DislocationCharacterization,ma_roma,pyramid_v2,0.3164,1.00000,24,10000,199,homography@direct,0.82,1381625.546,2077.836,0.000,0.000,0.000,0.000,2121.579,2090.146,ok,,0.1,0.1000,0
eval_MoTaTiZrHf-HEA-DDRX-1100C_TEM_DislocationCharacterization_0#10,DislocationCharacterization,MoTaTiZrHf-HEA-DDRX-1100C_TEM_DislocationCharacterization,ma_roma,direct,0.2236,1.00000,24,10000,563,affine,0.76,725.548,594.790,0.000,0.000,0.000,0.000,692.233,498.466,ok,,0.05,0.0500,0
eval_MoTaTiZrHf-HEA-DDRX-1100C_TEM_DislocationCharacterization_0#10,DislocationCharacterization,MoTaTiZrHf-HEA-DDRX-1100C_TEM_DislocationCharacterization,ma_roma,pyramid_v2,0.2236,1.00000,24,10000,1524,affine@direct+zoom,1.93,606.149,458.188,0.000,0.000,0.000,0.000,589.373,448.958,ok,,0.05,0.0500,0
eval_MoTaTiZrHf-HEA-DDRX-1100C_TEM_DislocationCharacterization_0#10,DislocationCharacterization,MoTaTiZrHf-HEA-DDRX-1100C_TEM_DislocationCharacterization,ma_roma,direct,0.1416,1.00000,24,10000,97,homography,0.70,1929.822,1472.218,0.000,0.000,0.000,0.000,3796.696,3576.914,ok,,0.02,0.0200,0
eval_MoTaTiZrHf-HEA-DDRX-1100C_TEM_DislocationCharacterization_0#10,DislocationCharacterization,MoTaTiZrHf-HEA-DDRX-1100C_TEM_DislocationCharacterization,ma_roma,pyramid_v2,0.1416,1.00000,24,10000,166,affine@direct+zoom,1.97,4042.653,4065.831,0.000,0.000,0.000,0.000,3942.050,4009.092,ok,,0.02,0.0200,0
eval_MoTaTiZrHf-HEA-DDRX-1100C_TEM_DislocationCharacterization_0#12,DislocationCharacterization,MoTaTiZrHf-HEA-DDRX-1100C_TEM_DislocationCharacterization,ma_roma,direct,0.7070,1.00000,17,10000,4987,affine,0.86,185.374,193.524,0.000,0.000,0.000,0.000,185.050,185.834,ok,,0.5,0.5000,8
eval_MoTaTiZrHf-HEA-DDRX-1100C_TEM_DislocationCharacterization_0#12,DislocationCharacterization,MoTaTiZrHf-HEA-DDRX-1100C_TEM_DislocationCharacterization,ma_roma,pyramid_v2,0.7070,1.00000,17,10000,5029,affine@direct,0.89,185.912,193.781,0.000,0.000,0.000,0.000,186.646,189.269,ok,,0.5,0.5000,8
eval_MoTaTiZrHf-HEA-DDRX-1100C_TEM_DislocationCharacterization_0#12,DislocationCharacterization,MoTaTiZrHf-HEA-DDRX-1100C_TEM_DislocationCharacterization,ma_roma,direct,0.5000,1.00000,17,10000,146,homography,0.92,924.064,395.638,0.000,0.000,0.000,0.000,443.565,351.458,ok,,0.25,0.2500,5
eval_MoTaTiZrHf-HEA-DDRX-1100C_TEM_DislocationCharacterization_0#12,DislocationCharacterization,MoTaTiZrHf-HEA-DDRX-1100C_TEM_DislocationCharacterization,ma_roma,pyramid_v2,0.5000,1.00000,17,10000,115,affine@direct,0.95,351.528,335.375,0.000,0.000,0.000,0.000,366.064,388.303,ok,,0.25,0.2500,5
eval_MoTaTiZrHf-HEA-DDRX-1100C_TEM_DislocationCharacterization_0#12,DislocationCharacterization,MoTaTiZrHf-HEA-DDRX-1100C_TEM_DislocationCharacterization,ma_roma,direct,0.3164,1.00000,17,10000,80,affine,0.83,748.011,691.004,0.000,0.000,0.000,0.000,794.621,715.241,ok,,0.1,0.1000,1
eval_MoTaTiZrHf-HEA-DDRX-1100C_TEM_DislocationCharacterization_0#12,DislocationCharacterization,MoTaTiZrHf-HEA-DDRX-1100C_TEM_DislocationCharacterization,ma_roma,pyramid_v2,0.3164,1.00000,17,10000,91,homography@direct,0.86,8132.115,1122.627,0.000,0.000,0.000,0.000,1389.429,1283.068,ok,,0.1,0.1000,1
eval_MoTaTiZrHf-HEA-DDRX-1100C_TEM_DislocationCharacterization_0#12,DislocationCharacterization,MoTaTiZrHf-HEA-DDRX-1100C_TEM_DislocationCharacterization,ma_roma,direct,0.2236,1.00000,17,10000,57,homography,0.73,2686.566,2001.870,0.000,0.000,0.000,0.000,6382.779,5400.829,ok,,0.05,0.0500,1
eval_MoTaTiZrHf-HEA-DDRX-1100C_TEM_DislocationCharacterization_0#12,DislocationCharacterization,MoTaTiZrHf-HEA-DDRX-1100C_TEM_DislocationCharacterization,ma_roma,pyramid_v2,0.2236,1.00000,17,10000,551,affine@tile,46.51,479.920,506.813,0.000,0.000,0.000,0.000,494.293,396.057,ok,,0.05,0.0500,1
eval_MoTaTiZrHf-HEA-DDRX-1100C_TEM_DislocationCharacterization_0#12,DislocationCharacterization,MoTaTiZrHf-HEA-DDRX-1100C_TEM_DislocationCharacterization,ma_roma,direct,0.1416,1.00000,17,10000,195,affine,0.69,1798.568,1586.079,0.000,0.000,0.000,0.000,1881.332,1623.137,ok,,0.02,0.0200,1
eval_MoTaTiZrHf-HEA-DDRX-1100C_TEM_DislocationCharacterization_0#12,DislocationCharacterization,MoTaTiZrHf-HEA-DDRX-1100C_TEM_DislocationCharacterization,ma_roma,pyramid_v2,0.1416,1.00000,17,10000,236,affine@direct,0.71,4422.791,4475.288,0.000,0.000,0.000,0.000,4239.680,4188.826,ok,,0.02,0.0200,1
eval_MoTaTiZrHf-HEA-DDRX-1100C_TEM_DislocationCharacterization_0#13,DislocationCharacterization,MoTaTiZrHf-HEA-DDRX-1100C_TEM_DislocationCharacterization,ma_roma,direct,0.7070,1.00000,17,10000,1535,affine,0.88,194.415,197.144,0.000,0.000,0.000,0.000,175.793,179.186,ok,,0.5,0.5000,8
eval_MoTaTiZrHf-HEA-DDRX-1100C_TEM_DislocationCharacterization_0#13,DislocationCharacterization,MoTaTiZrHf-HEA-DDRX-1100C_TEM_DislocationCharacterization,ma_roma,pyramid_v2,0.7070,1.00000,17,10000,1544,homography@direct,0.96,201.847,203.445,0.000,0.000,0.000,0.000,172.410,179.031,ok,,0.5,0.5000,8
eval_MoTaTiZrHf-HEA-DDRX-1100C_TEM_DislocationCharacterization_0#13,DislocationCharacterization,MoTaTiZrHf-HEA-DDRX-1100C_TEM_DislocationCharacterization,ma_roma,direct,0.5000,1.00000,17,10000,695,affine,0.88,17.541,18.842,0.000,0.059,0.176,0.176,30.221,23.822,ok,,0.25,0.2500,5
eval_MoTaTiZrHf-HEA-DDRX-1100C_TEM_DislocationCharacterization_0#13,DislocationCharacterization,MoTaTiZrHf-HEA-DDRX-1100C_TEM_DislocationCharacterization,ma_roma,pyramid_v2,0.5000,1.00000,17,10000,2862,affine@direct+zoom,2.75,17.407,17.712,0.000,0.000,0.000,0.176,39.032,27.323,ok,,0.25,0.2500,5
eval_MoTaTiZrHf-HEA-DDRX-1100C_TEM_DislocationCharacterization_0#13,DislocationCharacterization,MoTaTiZrHf-HEA-DDRX-1100C_TEM_DislocationCharacterization,ma_roma,direct,0.3164,1.00000,17,10000,113,affine,0.80,547.414,434.692,0.000,0.000,0.000,0.000,623.458,525.486,ok,,0.1,0.1000,1
eval_MoTaTiZrHf-HEA-DDRX-1100C_TEM_DislocationCharacterization_0#13,DislocationCharacterization,MoTaTiZrHf-HEA-DDRX-1100C_TEM_DislocationCharacterization,ma_roma,pyramid_v2,0.3164,1.00000,17,10000,88,homography@direct,1.49,1512.449,1515.445,0.000,0.000,0.000,0.000,1757.583,1594.019,ok,,0.1,0.1000,1
eval_MoTaTiZrHf-HEA-DDRX-1100C_TEM_DislocationCharacterization_0#13,DislocationCharacterization,MoTaTiZrHf-HEA-DDRX-1100C_TEM_DislocationCharacterization,ma_roma,direct,0.2236,1.00000,17,10000,496,homography,0.75,4805.100,1280.738,0.000,0.000,0.000,0.000,1083.527,1134.075,ok,,0.05,0.0500,1
eval_MoTaTiZrHf-HEA-DDRX-1100C_TEM_DislocationCharacterization_0#13,DislocationCharacterization,MoTaTiZrHf-HEA-DDRX-1100C_TEM_DislocationCharacterization,ma_roma,pyramid_v2,0.2236,1.00000,17,10000,508,homography@direct,0.76,1969.210,1285.273,0.000,0.000,0.000,0.000,1226.176,1497.998,ok,,0.05,0.0500,1
eval_MoTaTiZrHf-HEA-DDRX-1100C_TEM_DislocationCharacterization_0#13,DislocationCharacterization,MoTaTiZrHf-HEA-DDRX-1100C_TEM_DislocationCharacterization,ma_roma,direct,0.1416,1.00000,17,10000,94,homography,0.67,2710.875,1154.587,0.000,0.000,0.000,0.000,2284.776,2423.099,ok,,0.02,0.0200,1
eval_MoTaTiZrHf-HEA-DDRX-1100C_TEM_DislocationCharacterization_0#13,DislocationCharacterization,MoTaTiZrHf-HEA-DDRX-1100C_TEM_DislocationCharacterization,ma_roma,pyramid_v2,0.1416,1.00000,17,10000,83,affine@direct,0.71,3043.175,3050.832,0.000,0.000,0.000,0.000,3055.086,3116.344,ok,,0.02,0.0200,1
eval_MoTaTiZrHf-HEA-DDRX-1100C_TEM_DislocationCharacterization_0#14,DislocationCharacterization,MoTaTiZrHf-HEA-DDRX-1100C_TEM_DislocationCharacterization,ma_roma,direct,0.7070,1.00000,17,10000,284,homography,0.87,421.517,165.879,0.000,0.000,0.000,0.000,184.060,150.493,ok,,0.5,0.5000,8
eval_MoTaTiZrHf-HEA-DDRX-1100C_TEM_DislocationCharacterization_0#14,DislocationCharacterization,MoTaTiZrHf-HEA-DDRX-1100C_TEM_DislocationCharacterization,ma_roma,pyramid_v2,0.7070,1.00000,17,10000,356,homography@direct,0.93,76.966,44.617,0.059,0.059,0.059,0.118,65.888,26.583,ok,,0.5,0.5000,8
eval_MoTaTiZrHf-HEA-DDRX-1100C_TEM_DislocationCharacterization_0#14,DislocationCharacterization,MoTaTiZrHf-HEA-DDRX-1100C_TEM_DislocationCharacterization,ma_roma,direct,0.5000,1.00000,17,10000,288,homography,0.91,2945.164,2096.225,0.000,0.000,0.000,0.000,1576.862,1601.185,ok,,0.25,0.2500,5
eval_MoTaTiZrHf-HEA-DDRX-1100C_TEM_DislocationCharacterization_0#14,DislocationCharacterization,MoTaTiZrHf-HEA-DDRX-1100C_TEM_DislocationCharacterization,ma_roma,pyramid_v2,0.5000,1.00000,17,10000,342,homography@direct+zoom,2.53,1218.942,487.191,0.000,0.000,0.000,0.000,374.469,314.852,ok,,0.25,0.2500,5
eval_MoTaTiZrHf-HEA-DDRX-1100C_TEM_DislocationCharacterization_0#14,DislocationCharacterization,MoTaTiZrHf-HEA-DDRX-1100C_TEM_DislocationCharacterization,ma_roma,direct,0.3164,1.00000,17,10000,127,homography,0.79,2505.046,2234.212,0.000,0.000,0.000,0.000,1046.927,700.224,ok,,0.1,0.1000,1
eval_MoTaTiZrHf-HEA-DDRX-1100C_TEM_DislocationCharacterization_0#14,DislocationCharacterization,MoTaTiZrHf-HEA-DDRX-1100C_TEM_DislocationCharacterization,ma_roma,pyramid_v2,0.3164,1.00000,17,10000,129,homography@direct,0.84,1258.796,996.228,0.000,0.000,0.000,0.000,1300.560,1308.999,ok,,0.1,0.1000,1
eval_MoTaTiZrHf-HEA-DDRX-1100C_TEM_DislocationCharacterization_0#14,DislocationCharacterization,MoTaTiZrHf-HEA-DDRX-1100C_TEM_DislocationCharacterization,ma_roma,direct,0.2236,1.00000,17,10000,68,homography,0.75,1249.745,1128.910,0.000,0.000,0.000,0.000,877.346,821.139,ok,,0.05,0.0500,1
eval_MoTaTiZrHf-HEA-DDRX-1100C_TEM_DislocationCharacterization_0#14,DislocationCharacterization,MoTaTiZrHf-HEA-DDRX-1100C_TEM_DislocationCharacterization,ma_roma,pyramid_v2,0.2236,1.00000,17,10000,146,affine@direct,1.34,2318.787,2394.682,0.000,0.000,0.000,0.000,2336.370,2285.811,ok,,0.05,0.0500,1
eval_MoTaTiZrHf-HEA-DDRX-1100C_TEM_DislocationCharacterization_0#14,DislocationCharacterization,MoTaTiZrHf-HEA-DDRX-1100C_TEM_DislocationCharacterization,ma_roma,direct,0.1416,1.00000,17,10000,373,affine,0.70,1294.850,1290.632,0.000,0.000,0.000,0.000,1277.285,1145.008,ok,,0.02,0.0200,1
eval_MoTaTiZrHf-HEA-DDRX-1100C_TEM_DislocationCharacterization_0#14,DislocationCharacterization,MoTaTiZrHf-HEA-DDRX-1100C_TEM_DislocationCharacterization,ma_roma,pyramid_v2,0.1416,1.00000,17,10000,245,affine@direct+zoom,1.92,1622.816,1384.813,0.000,0.000,0.000,0.000,1592.570,1440.007,ok,,0.02,0.0200,1
eval_MoTaTiZrHf-HEA-DDRX-1100C_TEM_DislocationCharacterization_0#15,DislocationCharacterization,MoTaTiZrHf-HEA-DDRX-1100C_TEM_DislocationCharacterization,ma_roma,direct,0.7070,1.00000,17,10000,1018,affine,0.90,182.710,187.856,0.000,0.000,0.000,0.000,182.052,179.656,ok,,0.5,0.5000,8
eval_MoTaTiZrHf-HEA-DDRX-1100C_TEM_DislocationCharacterization_0#15,DislocationCharacterization,MoTaTiZrHf-HEA-DDRX-1100C_TEM_DislocationCharacterization,ma_roma,pyramid_v2,0.7070,1.00000,17,10000,995,affine@direct,0.93,183.029,188.095,0.000,0.000,0.000,0.000,249.113,191.050,ok,,0.5,0.5000,8
eval_MoTaTiZrHf-HEA-DDRX-1100C_TEM_DislocationCharacterization_0#15,DislocationCharacterization,MoTaTiZrHf-HEA-DDRX-1100C_TEM_DislocationCharacterization,ma_roma,direct,0.5000,1.00000,17,10000,203,affine,0.88,999.005,897.434,0.000,0.000,0.000,0.000,1028.180,916.928,ok,,0.25,0.2500,5
eval_MoTaTiZrHf-HEA-DDRX-1100C_TEM_DislocationCharacterization_0#15,DislocationCharacterization,MoTaTiZrHf-HEA-DDRX-1100C_TEM_DislocationCharacterization,ma_roma,pyramid_v2,0.5000,1.00000,17,10000,151,homography@direct,0.91,4972.769,1645.822,0.000,0.000,0.000,0.000,1343.588,1256.874,ok,,0.25,0.2500,5
eval_MoTaTiZrHf-HEA-DDRX-1100C_TEM_DislocationCharacterization_0#15,DislocationCharacterization,MoTaTiZrHf-HEA-DDRX-1100C_TEM_DislocationCharacterization,ma_roma,direct,0.3164,1.00000,17,10000,119,homography,0.80,3114.238,1545.020,0.000,0.000,0.000,0.000,2169.750,2062.400,ok,,0.1,0.1000,1
eval_MoTaTiZrHf-HEA-DDRX-1100C_TEM_DislocationCharacterization_0#15,DislocationCharacterization,MoTaTiZrHf-HEA-DDRX-1100C_TEM_DislocationCharacterization,ma_roma,pyramid_v2,0.3164,1.00000,17,10000,176,affine@direct+zoom,3.12,645.568,748.158,0.000,0.000,0.000,0.000,575.177,671.714,ok,,0.1,0.1000,1
eval_MoTaTiZrHf-HEA-DDRX-1100C_TEM_DislocationCharacterization_0#15,DislocationCharacterization,MoTaTiZrHf-HEA-DDRX-1100C_TEM_DislocationCharacterization,ma_roma,direct,0.2236,1.00000,17,10000,125,homography,0.71,1824.637,584.796,0.000,0.000,0.000,0.000,500.530,368.358,ok,,0.05,0.0500,1
eval_MoTaTiZrHf-HEA-DDRX-1100C_TEM_DislocationCharacterization_0#15,DislocationCharacterization,MoTaTiZrHf-HEA-DDRX-1100C_TEM_DislocationCharacterization,ma_roma,pyramid_v2,0.2236,1.00000,17,10000,249,affine@direct+zoom,2.00,627.099,630.809,0.000,0.000,0.000,0.000,565.207,558.762,ok,,0.05,0.0500,1
eval_MoTaTiZrHf-HEA-DDRX-1100C_TEM_DislocationCharacterization_0#15,DislocationCharacterization,MoTaTiZrHf-HEA-DDRX-1100C_TEM_DislocationCharacterization,ma_roma,direct,0.1416,1.00000,17,10000,67,homography,0.69,1229.448,1272.327,0.000,0.000,0.000,0.000,2400.412,2391.758,ok,,0.02,0.0200,1
eval_MoTaTiZrHf-HEA-DDRX-1100C_TEM_DislocationCharacterization_0#15,DislocationCharacterization,MoTaTiZrHf-HEA-DDRX-1100C_TEM_DislocationCharacterization,ma_roma,pyramid_v2,0.1416,1.00000,17,10000,540,affine@direct+zoom,1.89,1773.589,1342.488,0.000,0.000,0.000,0.000,1891.903,1476.328,ok,,0.02,0.0200,1
eval_MoTaTiZrHf-HEA-DDRX-1100C_TEM_DislocationCharacterization_0#16,DislocationCharacterization,MoTaTiZrHf-HEA-DDRX-1100C_TEM_DislocationCharacterization,ma_roma,direct,0.7070,1.00000,24,10000,1545,affine,0.93,30.712,28.357,0.000,0.000,0.000,0.000,34.422,28.354,ok,,0.5,0.5000,14
eval_MoTaTiZrHf-HEA-DDRX-1100C_TEM_DislocationCharacterization_0#16,DislocationCharacterization,MoTaTiZrHf-HEA-DDRX-1100C_TEM_DislocationCharacterization,ma_roma,pyramid_v2,0.7070,1.00000,24,10000,1557,homography@direct,0.94,31.500,30.170,0.000,0.000,0.000,0.000,31.683,28.259,ok,,0.5,0.5000,14
eval_MoTaTiZrHf-HEA-DDRX-1100C_TEM_DislocationCharacterization_0#16,DislocationCharacterization,MoTaTiZrHf-HEA-DDRX-1100C_TEM_DislocationCharacterization,ma_roma,direct,0.5000,1.00000,24,10000,231,affine,0.93,386.699,346.175,0.000,0.000,0.000,0.000,380.485,353.620,ok,,0.25,0.2500,7
eval_MoTaTiZrHf-HEA-DDRX-1100C_TEM_DislocationCharacterization_0#16,DislocationCharacterization,MoTaTiZrHf-HEA-DDRX-1100C_TEM_DislocationCharacterization,ma_roma,pyramid_v2,0.5000,1.00000,24,10000,211,affine@direct,1.88,398.578,393.626,0.000,0.000,0.042,0.042,402.446,396.592,ok,,0.25,0.2500,7
eval_MoTaTiZrHf-HEA-DDRX-1100C_TEM_DislocationCharacterization_0#16,DislocationCharacterization,MoTaTiZrHf-HEA-DDRX-1100C_TEM_DislocationCharacterization,ma_roma,direct,0.3164,1.00000,24,10000,171,homography,0.84,1307.201,926.996,0.000,0.000,0.000,0.000,664.958,687.389,ok,,0.1,0.1000,0
eval_MoTaTiZrHf-HEA-DDRX-1100C_TEM_DislocationCharacterization_0#16,DislocationCharacterization,MoTaTiZrHf-HEA-DDRX-1100C_TEM_DislocationCharacterization,ma_roma,pyramid_v2,0.3164,1.00000,24,10000,360,affine@direct+zoom,2.33,822.554,658.110,0.000,0.000,0.000,0.000,886.264,771.203,ok,,0.1,0.1000,0
eval_MoTaTiZrHf-HEA-DDRX-1100C_TEM_DislocationCharacterization_0#16,DislocationCharacterization,MoTaTiZrHf-HEA-DDRX-1100C_TEM_DislocationCharacterization,ma_roma,direct,0.2236,1.00000,24,10000,46,homography,0.73,65751.812,4832.639,0.000,0.000,0.000,0.000,2075.877,1978.237,ok,,0.05,0.0500,0
eval_MoTaTiZrHf-HEA-DDRX-1100C_TEM_DislocationCharacterization_0#16,DislocationCharacterization,MoTaTiZrHf-HEA-DDRX-1100C_TEM_DislocationCharacterization,ma_roma,pyramid_v2,0.2236,1.00000,24,10000,58,homography@direct,0.76,7220.322,2395.661,0.000,0.000,0.000,0.000,3406.874,3427.921,ok,,0.05,0.0500,0
eval_MoTaTiZrHf-HEA-DDRX-1100C_TEM_DislocationCharacterization_0#16,DislocationCharacterization,MoTaTiZrHf-HEA-DDRX-1100C_TEM_DislocationCharacterization,ma_roma,direct,0.1416,1.00000,24,10000,76,homography,0.70,16434.930,1006.048,0.000,0.000,0.000,0.000,1818.576,1749.396,ok,,0.02,0.0200,0
eval_MoTaTiZrHf-HEA-DDRX-1100C_TEM_DislocationCharacterization_0#16,DislocationCharacterization,MoTaTiZrHf-HEA-DDRX-1100C_TEM_DislocationCharacterization,ma_roma,pyramid_v2,0.1416,1.00000,24,10000,944,affine@direct+zoom,2.70,678.191,613.577,0.000,0.000,0.000,0.000,719.975,706.645,ok,,0.02,0.0200,0
eval_MoTaTiZrHf-HEA-DDRX-1100C_TEM_DislocationCharacterization_0#17,DislocationCharacterization,MoTaTiZrHf-HEA-DDRX-1100C_TEM_DislocationCharacterization,ma_roma,direct,0.7070,1.00000,24,10000,145,homography,0.90,978.538,606.182,0.000,0.000,0.000,0.000,670.308,558.529,ok,,0.5,0.5000,14
eval_MoTaTiZrHf-HEA-DDRX-1100C_TEM_DislocationCharacterization_0#17,DislocationCharacterization,MoTaTiZrHf-HEA-DDRX-1100C_TEM_DislocationCharacterization,ma_roma,pyramid_v2,0.7070,1.00000,24,10000,237,affine@direct,0.94,43.869,29.376,0.000,0.000,0.000,0.167,73.019,61.949,ok,,0.5,0.5000,14
eval_MoTaTiZrHf-HEA-DDRX-1100C_TEM_DislocationCharacterization_0#17,DislocationCharacterization,MoTaTiZrHf-HEA-DDRX-1100C_TEM_DislocationCharacterization,ma_roma,direct,0.5000,1.00000,24,10000,240,affine,0.90,558.478,312.108,0.000,0.000,0.000,0.000,570.497,273.780,ok,,0.25,0.2500,7
eval_MoTaTiZrHf-HEA-DDRX-1100C_TEM_DislocationCharacterization_0#17,DislocationCharacterization,MoTaTiZrHf-HEA-DDRX-1100C_TEM_DislocationCharacterization,ma_roma,pyramid_v2,0.5000,1.00000,24,10000,280,affine@direct,0.92,528.068,280.018,0.000,0.000,0.000,0.000,573.572,346.102,ok,,0.25,0.2500,7
eval_MoTaTiZrHf-HEA-DDRX-1100C_TEM_DislocationCharacterization_0#17,DislocationCharacterization,MoTaTiZrHf-HEA-DDRX-1100C_TEM_DislocationCharacterization,ma_roma,direct,0.3164,1.00000,24,10000,598,affine,0.89,392.411,299.188,0.000,0.000,0.000,0.000,397.543,388.356,ok,,0.1,0.1000,0
eval_MoTaTiZrHf-HEA-DDRX-1100C_TEM_DislocationCharacterization_0#17,DislocationCharacterization,MoTaTiZrHf-HEA-DDRX-1100C_TEM_DislocationCharacterization,ma_roma,pyramid_v2,0.3164,1.00000,24,10000,183,affine@direct+zoom,2.54,268.586,244.821,0.000,0.000,0.000,0.000,282.445,257.216,ok,,0.1,0.1000,0
eval_MoTaTiZrHf-HEA-DDRX-1100C_TEM_DislocationCharacterization_0#17,DislocationCharacterization,MoTaTiZrHf-HEA-DDRX-1100C_TEM_DislocationCharacterization,ma_roma,direct,0.2236,1.00000,24,10000,1973,affine,0.76,295.843,311.033,0.000,0.000,0.000,0.000,291.425,303.436,ok,,0.05,0.0500,0
eval_MoTaTiZrHf-HEA-DDRX-1100C_TEM_DislocationCharacterization_0#17,DislocationCharacterization,MoTaTiZrHf-HEA-DDRX-1100C_TEM_DislocationCharacterization,ma_roma,pyramid_v2,0.2236,1.00000,24,10000,1954,affine@direct,1.58,254.413,264.777,0.000,0.000,0.000,0.000,244.380,247.866,ok,,0.05,0.0500,0
eval_MoTaTiZrHf-HEA-DDRX-1100C_TEM_DislocationCharacterization_0#17,DislocationCharacterization,MoTaTiZrHf-HEA-DDRX-1100C_TEM_DislocationCharacterization,ma_roma,direct,0.1416,1.00000,24,10000,2883,homography,0.71,776.275,768.194,0.000,0.000,0.000,0.000,456.750,388.233,ok,,0.02,0.0200,0
eval_MoTaTiZrHf-HEA-DDRX-1100C_TEM_DislocationCharacterization_0#17,DislocationCharacterization,MoTaTiZrHf-HEA-DDRX-1100C_TEM_DislocationCharacterization,ma_roma,pyramid_v2,0.1416,1.00000,24,10000,2007,affine@direct+zoom,1.71,495.894,428.763,0.000,0.000,0.000,0.000,560.737,514.999,ok,,0.02,0.0200,0
eval_MoTaTiZrHf-HEA-DDRX-1100C_TEM_DislocationCharacterization_0#18,DislocationCharacterization,MoTaTiZrHf-HEA-DDRX-1100C_TEM_DislocationCharacterization,ma_roma,direct,0.7070,1.00000,24,10000,72,homography,0.89,2074.062,570.294,0.000,0.000,0.000,0.000,389.491,410.653,ok,,0.5,0.5000,14
eval_MoTaTiZrHf-HEA-DDRX-1100C_TEM_DislocationCharacterization_0#18,DislocationCharacterization,MoTaTiZrHf-HEA-DDRX-1100C_TEM_DislocationCharacterization,ma_roma,pyramid_v2,0.7070,1.00000,24,10000,92,homography@direct,0.96,91.570,50.203,0.000,0.000,0.000,0.042,61.143,44.132,ok,,0.5,0.5000,14
eval_MoTaTiZrHf-HEA-DDRX-1100C_TEM_DislocationCharacterization_0#18,DislocationCharacterization,MoTaTiZrHf-HEA-DDRX-1100C_TEM_DislocationCharacterization,ma_roma,direct,0.5000,1.00000,24,10000,158,homography,0.90,4818.223,856.229,0.000,0.000,0.000,0.000,586.450,616.408,ok,,0.25,0.2500,7
eval_MoTaTiZrHf-HEA-DDRX-1100C_TEM_DislocationCharacterization_0#18,DislocationCharacterization,MoTaTiZrHf-HEA-DDRX-1100C_TEM_DislocationCharacterization,ma_roma,pyramid_v2,0.5000,1.00000,24,10000,142,homography@direct,0.92,9495.388,676.377,0.000,0.000,0.000,0.000,370.570,310.960,ok,,0.25,0.2500,7
eval_MoTaTiZrHf-HEA-DDRX-1100C_TEM_DislocationCharacterization_0#18,DislocationCharacterization,MoTaTiZrHf-HEA-DDRX-1100C_TEM_DislocationCharacterization,ma_roma,direct,0.3164,1.00000,24,10000,183,homography,0.82,1666.294,1509.126,0.000,0.000,0.000,0.000,1583.752,1519.296,ok,,0.1,0.1000,0
eval_MoTaTiZrHf-HEA-DDRX-1100C_TEM_DislocationCharacterization_0#18,DislocationCharacterization,MoTaTiZrHf-HEA-DDRX-1100C_TEM_DislocationCharacterization,ma_roma,pyramid_v2,0.3164,1.00000,24,10000,128,homography@direct,0.83,2270.372,1762.287,0.000,0.000,0.000,0.000,2313.612,1951.151,ok,,0.1,0.1000,0
eval_MoTaTiZrHf-HEA-DDRX-1100C_TEM_DislocationCharacterization_0#18,DislocationCharacterization,MoTaTiZrHf-HEA-DDRX-1100C_TEM_DislocationCharacterization,ma_roma,direct,0.2236,1.00000,24,10000,348,affine,0.74,1101.972,933.931,0.000,0.000,0.000,0.000,1024.533,1000.237,ok,,0.05,0.0500,0
eval_MoTaTiZrHf-HEA-DDRX-1100C_TEM_DislocationCharacterization_0#18,DislocationCharacterization,MoTaTiZrHf-HEA-DDRX-1100C_TEM_DislocationCharacterization,ma_roma,pyramid_v2,0.2236,1.00000,24,10000,736,affine@direct+zoom,2.01,538.895,383.790,0.000,0.000,0.000,0.000,508.562,366.402,ok,,0.05,0.0500,0
eval_MoTaTiZrHf-HEA-DDRX-1100C_TEM_DislocationCharacterization_0#18,DislocationCharacterization,MoTaTiZrHf-HEA-DDRX-1100C_TEM_DislocationCharacterization,ma_roma,direct,0.1416,1.00000,24,10000,35,homography,0.70,2142.639,1608.174,0.000,0.000,0.000,0.000,4049.460,4036.778,ok,,0.02,0.0200,0
eval_MoTaTiZrHf-HEA-DDRX-1100C_TEM_DislocationCharacterization_0#18,DislocationCharacterization,MoTaTiZrHf-HEA-DDRX-1100C_TEM_DislocationCharacterization,ma_roma,pyramid_v2,0.1416,1.00000,24,10000,1031,affine@tile,108.43,1261.527,1318.606,0.000,0.000,0.000,0.000,1228.507,1288.398,ok,,0.02,0.0200,0
eval_MoTaTiZrHf-HEA-DDRX-1100C_TEM_DislocationCharacterization_0#21,DislocationCharacterization,MoTaTiZrHf-HEA-DDRX-1100C_TEM_DislocationCharacterization,ma_roma,direct,0.7070,1.00000,17,10000,2111,affine,0.91,13.332,12.402,0.000,0.059,0.118,0.235,23.414,22.591,ok,,0.5,0.5000,8
eval_MoTaTiZrHf-HEA-DDRX-1100C_TEM_DislocationCharacterization_0#21,DislocationCharacterization,MoTaTiZrHf-HEA-DDRX-1100C_TEM_DislocationCharacterization,ma_roma,pyramid_v2,0.7070,1.00000,17,10000,2061,affine@direct,0.93,12.912,11.746,0.000,0.059,0.118,0.235,30.001,32.008,ok,,0.5,0.5000,8
eval_MoTaTiZrHf-HEA-DDRX-1100C_TEM_DislocationCharacterization_0#21,DislocationCharacterization,MoTaTiZrHf-HEA-DDRX-1100C_TEM_DislocationCharacterization,ma_roma,direct,0.5000,1.00000,17,10000,290,homography,0.90,320.361,227.405,0.000,0.000,0.000,0.000,132.165,102.527,ok,,0.25,0.2500,5
eval_MoTaTiZrHf-HEA-DDRX-1100C_TEM_DislocationCharacterization_0#21,DislocationCharacterization,MoTaTiZrHf-HEA-DDRX-1100C_TEM_DislocationCharacterization,ma_roma,pyramid_v2,0.5000,1.00000,17,10000,388,affine@direct,0.94,283.600,287.663,0.000,0.000,0.000,0.000,305.809,302.085,ok,,0.25,0.2500,5
eval_MoTaTiZrHf-HEA-DDRX-1100C_TEM_DislocationCharacterization_0#21,DislocationCharacterization,MoTaTiZrHf-HEA-DDRX-1100C_TEM_DislocationCharacterization,ma_roma,direct,0.3164,1.00000,17,10000,277,affine,0.82,1013.465,1027.996,0.000,0.000,0.000,0.000,1124.978,1221.602,ok,,0.1,0.1000,1
eval_MoTaTiZrHf-HEA-DDRX-1100C_TEM_DislocationCharacterization_0#21,DislocationCharacterization,MoTaTiZrHf-HEA-DDRX-1100C_TEM_DislocationCharacterization,ma_roma,pyramid_v2,0.3164,1.00000,17,10000,307,homography@direct,1.64,1703.413,979.078,0.000,0.000,0.000,0.000,1309.319,1577.932,ok,,0.1,0.1000,1
eval_MoTaTiZrHf-HEA-DDRX-1100C_TEM_DislocationCharacterization_0#21,DislocationCharacterization,MoTaTiZrHf-HEA-DDRX-1100C_TEM_DislocationCharacterization,ma_roma,direct,0.2236,1.00000,17,10000,239,affine,0.75,659.441,557.508,0.000,0.000,0.000,0.000,734.354,640.533,ok,,0.05,0.0500,1
eval_MoTaTiZrHf-HEA-DDRX-1100C_TEM_DislocationCharacterization_0#21,DislocationCharacterization,MoTaTiZrHf-HEA-DDRX-1100C_TEM_DislocationCharacterization,ma_roma,pyramid_v2,0.2236,1.00000,17,10000,264,homography@direct,0.75,6586.317,1657.478,0.000,0.000,0.000,0.000,2149.252,2404.406,ok,,0.05,0.0500,1
eval_MoTaTiZrHf-HEA-DDRX-1100C_TEM_DislocationCharacterization_0#21,DislocationCharacterization,MoTaTiZrHf-HEA-DDRX-1100C_TEM_DislocationCharacterization,ma_roma,direct,0.1416,1.00000,17,10000,92,homography,0.68,2048.742,1822.878,0.000,0.000,0.000,0.000,1581.431,1172.733,ok,,0.02,0.0200,1
eval_MoTaTiZrHf-HEA-DDRX-1100C_TEM_DislocationCharacterization_0#21,DislocationCharacterization,MoTaTiZrHf-HEA-DDRX-1100C_TEM_DislocationCharacterization,ma_roma,pyramid_v2,0.1416,1.00000,17,10000,124,homography@direct,1.20,1720.837,1683.839,0.000,0.000,0.000,0.000,3155.192,2870.791,ok,,0.02,0.0200,1
eval_MoTaTiZrHf-HEA-DDRX-1100C_TEM_DislocationCharacterization_0#22,DislocationCharacterization,MoTaTiZrHf-HEA-DDRX-1100C_TEM_DislocationCharacterization,ma_roma,direct,0.7070,1.00000,17,10000,2538,homography,0.89,216.721,206.426,0.000,0.000,0.000,0.000,188.730,183.073,ok,,0.5,0.5000,8
eval_MoTaTiZrHf-HEA-DDRX-1100C_TEM_DislocationCharacterization_0#22,DislocationCharacterization,MoTaTiZrHf-HEA-DDRX-1100C_TEM_DislocationCharacterization,ma_roma,pyramid_v2,0.7070,1.00000,17,10000,2462,affine@direct,0.91,186.641,192.739,0.000,0.000,0.000,0.000,174.668,173.012,ok,,0.5,0.5000,8
eval_MoTaTiZrHf-HEA-DDRX-1100C_TEM_DislocationCharacterization_0#22,DislocationCharacterization,MoTaTiZrHf-HEA-DDRX-1100C_TEM_DislocationCharacterization,ma_roma,direct,0.5000,1.00000,17,10000,554,affine,0.90,285.972,287.696,0.000,0.000,0.000,0.000,250.255,225.770,ok,,0.25,0.2500,5
eval_MoTaTiZrHf-HEA-DDRX-1100C_TEM_DislocationCharacterization_0#22,DislocationCharacterization,MoTaTiZrHf-HEA-DDRX-1100C_TEM_DislocationCharacterization,ma_roma,pyramid_v2,0.5000,1.00000,17,10000,609,affine@direct,0.92,285.959,271.973,0.000,0.000,0.000,0.000,293.289,254.946,ok,,0.25,0.2500,5
eval_MoTaTiZrHf-HEA-DDRX-1100C_TEM_DislocationCharacterization_0#22,DislocationCharacterization,MoTaTiZrHf-HEA-DDRX-1100C_TEM_DislocationCharacterization,ma_roma,direct,0.3164,1.00000,17,10000,157,homography,0.83,3175.227,303.474,0.000,0.000,0.000,0.000,1602.766,1776.276,ok,,0.1,0.1000,1
eval_MoTaTiZrHf-HEA-DDRX-1100C_TEM_DislocationCharacterization_0#22,DislocationCharacterization,MoTaTiZrHf-HEA-DDRX-1100C_TEM_DislocationCharacterization,ma_roma,pyramid_v2,0.3164,1.00000,17,10000,883,affine@direct+zoom,3.30,72.961,72.829,0.000,0.000,0.000,0.059,126.339,145.302,ok,,0.1,0.1000,1
eval_MoTaTiZrHf-HEA-DDRX-1100C_TEM_DislocationCharacterization_0#22,DislocationCharacterization,MoTaTiZrHf-HEA-DDRX-1100C_TEM_DislocationCharacterization,ma_roma,direct,0.2236,1.00000,17,10000,1243,homography,0.74,555.298,472.022,0.000,0.000,0.000,0.000,699.044,818.856,ok,,0.05,0.0500,1
eval_MoTaTiZrHf-HEA-DDRX-1100C_TEM_DislocationCharacterization_0#22,DislocationCharacterization,MoTaTiZrHf-HEA-DDRX-1100C_TEM_DislocationCharacterization,ma_roma,pyramid_v2,0.2236,1.00000,17,10000,1132,homography@direct,1.53,2170.498,468.755,0.000,0.000,0.000,0.000,417.257,450.024,ok,,0.05,0.0500,1
eval_MoTaTiZrHf-HEA-DDRX-1100C_TEM_DislocationCharacterization_0#22,DislocationCharacterization,MoTaTiZrHf-HEA-DDRX-1100C_TEM_DislocationCharacterization,ma_roma,direct,0.1416,1.00000,17,10000,230,homography,0.72,1856.943,1685.832,0.000,0.000,0.000,0.000,1578.570,1415.576,ok,,0.02,0.0200,1
eval_MoTaTiZrHf-HEA-DDRX-1100C_TEM_DislocationCharacterization_0#22,DislocationCharacterization,MoTaTiZrHf-HEA-DDRX-1100C_TEM_DislocationCharacterization,ma_roma,pyramid_v2,0.1416,1.00000,17,10000,238,homography@direct,1.17,1598.330,1645.064,0.000,0.000,0.000,0.000,1738.750,1819.061,ok,,0.02,0.0200,1
eval_MoTaTiZrHf-HEA-DDRX-1100C_TEM_DislocationCharacterization_0#25,DislocationCharacterization,MoTaTiZrHf-HEA-DDRX-1100C_TEM_DislocationCharacterization,ma_roma,direct,0.7070,1.00000,24,10000,9487,homography,0.85,23.934,24.576,0.000,0.042,0.083,0.125,22.173,23.503,ok,,0.5,0.5000,14
eval_MoTaTiZrHf-HEA-DDRX-1100C_TEM_DislocationCharacterization_0#25,DislocationCharacterization,MoTaTiZrHf-HEA-DDRX-1100C_TEM_DislocationCharacterization,ma_roma,pyramid_v2,0.7070,1.00000,24,10000,9533,homography@direct,0.91,23.376,23.253,0.000,0.042,0.042,0.125,17.819,18.097,ok,,0.5,0.5000,14
eval_MoTaTiZrHf-HEA-DDRX-1100C_TEM_DislocationCharacterization_0#25,DislocationCharacterization,MoTaTiZrHf-HEA-DDRX-1100C_TEM_DislocationCharacterization,ma_roma,direct,0.5000,1.00000,24,10000,108,homography,0.88,1479.730,403.243,0.000,0.000,0.000,0.000,406.778,346.276,ok,,0.25,0.2500,7
eval_MoTaTiZrHf-HEA-DDRX-1100C_TEM_DislocationCharacterization_0#25,DislocationCharacterization,MoTaTiZrHf-HEA-DDRX-1100C_TEM_DislocationCharacterization,ma_roma,pyramid_v2,0.5000,1.00000,24,10000,128,affine@direct,1.79,666.062,654.650,0.000,0.000,0.000,0.000,596.102,593.632,ok,,0.25,0.2500,7
eval_MoTaTiZrHf-HEA-DDRX-1100C_TEM_DislocationCharacterization_0#25,DislocationCharacterization,MoTaTiZrHf-HEA-DDRX-1100C_TEM_DislocationCharacterization,ma_roma,direct,0.3164,1.00000,24,10000,2332,homography,0.80,2791.130,1704.882,0.000,0.000,0.000,0.000,585.940,557.910,ok,,0.1,0.1000,0
eval_MoTaTiZrHf-HEA-DDRX-1100C_TEM_DislocationCharacterization_0#25,DislocationCharacterization,MoTaTiZrHf-HEA-DDRX-1100C_TEM_DislocationCharacterization,ma_roma,pyramid_v2,0.3164,1.00000,24,10000,1417,homography@direct+zoom,2.24,815.058,889.126,0.000,0.000,0.000,0.000,502.835,514.474,ok,,0.1,0.1000,0
eval_MoTaTiZrHf-HEA-DDRX-1100C_TEM_DislocationCharacterization_0#25,DislocationCharacterization,MoTaTiZrHf-HEA-DDRX-1100C_TEM_DislocationCharacterization,ma_roma,direct,0.2236,1.00000,24,10000,1017,affine,0.77,872.118,904.088,0.000,0.000,0.000,0.000,1084.171,1063.459,ok,,0.05,0.0500,0
eval_MoTaTiZrHf-HEA-DDRX-1100C_TEM_DislocationCharacterization_0#25,DislocationCharacterization,MoTaTiZrHf-HEA-DDRX-1100C_TEM_DislocationCharacterization,ma_roma,pyramid_v2,0.2236,1.00000,24,10000,990,affine@direct,0.77,841.537,884.843,0.000,0.000,0.000,0.000,1017.798,1025.903,ok,,0.05,0.0500,0
eval_MoTaTiZrHf-HEA-DDRX-1100C_TEM_DislocationCharacterization_0#25,DislocationCharacterization,MoTaTiZrHf-HEA-DDRX-1100C_TEM_DislocationCharacterization,ma_roma,direct,0.1416,1.00000,24,10000,836,homography,0.75,2628.504,1297.039,0.000,0.000,0.000,0.000,1605.564,1712.913,ok,,0.02,0.0200,0
eval_MoTaTiZrHf-HEA-DDRX-1100C_TEM_DislocationCharacterization_0#25,DislocationCharacterization,MoTaTiZrHf-HEA-DDRX-1100C_TEM_DislocationCharacterization,ma_roma,pyramid_v2,0.1416,1.00000,24,10000,1089,homography@direct+zoom,1.89,921.861,874.576,0.000,0.000,0.000,0.000,539.357,543.490,ok,,0.02,0.0200,0
eval_MoTaTiZrHf-HEA-DDRX-1100C_TEM_DislocationCharacterization_0#31,DislocationCharacterization,MoTaTiZrHf-HEA-DDRX-1100C_TEM_DislocationCharacterization,ma_roma,direct,0.7070,1.00000,17,10000,4756,affine,0.86,14.927,14.636,0.000,0.059,0.118,0.235,20.000,20.461,ok,,0.5,0.5000,8
eval_MoTaTiZrHf-HEA-DDRX-1100C_TEM_DislocationCharacterization_0#31,DislocationCharacterization,MoTaTiZrHf-HEA-DDRX-1100C_TEM_DislocationCharacterization,ma_roma,pyramid_v2,0.7070,1.00000,17,10000,4536,affine@direct,0.91,11.476,10.925,0.059,0.059,0.118,0.471,18.614,16.585,ok,,0.5,0.5000,8
eval_MoTaTiZrHf-HEA-DDRX-1100C_TEM_DislocationCharacterization_0#31,DislocationCharacterization,MoTaTiZrHf-HEA-DDRX-1100C_TEM_DislocationCharacterization,ma_roma,direct,0.5000,1.00000,17,10000,1654,homography,0.86,19.062,16.761,0.000,0.118,0.176,0.294,64.649,39.630,ok,,0.25,0.2500,5
eval_MoTaTiZrHf-HEA-DDRX-1100C_TEM_DislocationCharacterization_0#31,DislocationCharacterization,MoTaTiZrHf-HEA-DDRX-1100C_TEM_DislocationCharacterization,ma_roma,pyramid_v2,0.5000,1.00000,17,10000,8502,affine@direct+zoom,2.74,16.829,16.603,0.000,0.000,0.000,0.176,24.582,23.544,ok,,0.25,0.2500,5
eval_MoTaTiZrHf-HEA-DDRX-1100C_TEM_DislocationCharacterization_0#31,DislocationCharacterization,MoTaTiZrHf-HEA-DDRX-1100C_TEM_DislocationCharacterization,ma_roma,direct,0.3164,1.00000,17,10000,240,homography,0.79,63745.075,405.295,0.000,0.000,0.000,0.000,602.419,597.376,ok,,0.1,0.1000,1
eval_MoTaTiZrHf-HEA-DDRX-1100C_TEM_DislocationCharacterization_0#31,DislocationCharacterization,MoTaTiZrHf-HEA-DDRX-1100C_TEM_DislocationCharacterization,ma_roma,pyramid_v2,0.3164,1.00000,17,10000,4509,affine@direct+zoom,3.22,24.514,24.172,0.000,0.000,0.000,0.118,45.640,47.004,ok,,0.1,0.1000,1
eval_MoTaTiZrHf-HEA-DDRX-1100C_TEM_DislocationCharacterization_0#31,DislocationCharacterization,MoTaTiZrHf-HEA-DDRX-1100C_TEM_DislocationCharacterization,ma_roma,direct,0.2236,1.00000,17,10000,230,homography,0.72,746.616,780.633,0.000,0.000,0.000,0.000,1329.775,1066.536,ok,,0.05,0.0500,1
eval_MoTaTiZrHf-HEA-DDRX-1100C_TEM_DislocationCharacterization_0#31,DislocationCharacterization,MoTaTiZrHf-HEA-DDRX-1100C_TEM_DislocationCharacterization,ma_roma,pyramid_v2,0.2236,1.00000,17,10000,286,homography@direct+zoom,2.68,1504.867,1011.852,0.000,0.000,0.000,0.000,623.962,463.369,ok,,0.05,0.0500,1
eval_MoTaTiZrHf-HEA-DDRX-1100C_TEM_DislocationCharacterization_0#31,DislocationCharacterization,MoTaTiZrHf-HEA-DDRX-1100C_TEM_DislocationCharacterization,ma_roma,direct,0.1416,1.00000,17,10000,80,affine,0.69,6832.790,6796.787,0.000,0.000,0.000,0.000,7099.959,7292.749,ok,,0.02,0.0200,1
eval_MoTaTiZrHf-HEA-DDRX-1100C_TEM_DislocationCharacterization_0#31,DislocationCharacterization,MoTaTiZrHf-HEA-DDRX-1100C_TEM_DislocationCharacterization,ma_roma,pyramid_v2,0.1416,1.00000,17,10000,99,affine@direct,0.72,6917.691,6829.537,0.000,0.000,0.000,0.000,7095.074,7184.698,ok,,0.02,0.0200,1
eval_MoTaTiZrHf-HEA-DDRX-900C_TEM_largeFOV-DislocationCharacterization_0#0,DislocationCharacterization,MoTaTiZrHf-HEA-DDRX-900C_TEM_largeFOV-DislocationCharacterization,ma_roma,direct,0.7070,1.00000,18,10000,2460,affine,1.11,19.937,18.360,0.000,0.000,0.111,0.167,21.916,18.641,ok,,0.5,0.5000,15
eval_MoTaTiZrHf-HEA-DDRX-900C_TEM_largeFOV-DislocationCharacterization_0#0,DislocationCharacterization,MoTaTiZrHf-HEA-DDRX-900C_TEM_largeFOV-DislocationCharacterization,ma_roma,pyramid_v2,0.7070,1.00000,18,10000,2471,affine@direct,1.25,20.103,18.543,0.000,0.000,0.000,0.167,19.661,19.119,ok,,0.5,0.5000,15
eval_MoTaTiZrHf-HEA-DDRX-900C_TEM_largeFOV-DislocationCharacterization_0#0,DislocationCharacterization,MoTaTiZrHf-HEA-DDRX-900C_TEM_largeFOV-DislocationCharacterization,ma_roma,direct,0.5000,1.00000,18,10000,69,affine,1.07,1464.163,1377.052,0.000,0.000,0.000,0.000,1387.518,1308.937,ok,,0.25,0.2500,10
eval_MoTaTiZrHf-HEA-DDRX-900C_TEM_largeFOV-DislocationCharacterization_0#0,DislocationCharacterization,MoTaTiZrHf-HEA-DDRX-900C_TEM_largeFOV-DislocationCharacterization,ma_roma,pyramid_v2,0.5000,1.00000,18,10000,216,affine@tile,14.98,1615.712,1607.875,0.000,0.000,0.000,0.000,1593.424,1583.009,ok,,0.25,0.2500,10
eval_MoTaTiZrHf-HEA-DDRX-900C_TEM_largeFOV-DislocationCharacterization_0#0,DislocationCharacterization,MoTaTiZrHf-HEA-DDRX-900C_TEM_largeFOV-DislocationCharacterization,ma_roma,direct,0.3162,1.00000,18,10000,42,homography,1.06,3724.371,2099.991,0.000,0.000,0.000,0.000,1776.748,1735.476,ok,,0.1,0.1000,5
eval_MoTaTiZrHf-HEA-DDRX-900C_TEM_largeFOV-DislocationCharacterization_0#0,DislocationCharacterization,MoTaTiZrHf-HEA-DDRX-900C_TEM_largeFOV-DislocationCharacterization,ma_roma,pyramid_v2,0.3162,1.00000,18,10000,592,affine@direct+zoom,2.90,1606.527,1526.191,0.000,0.000,0.000,0.000,1644.926,1512.536,ok,,0.1,0.1000,5
eval_MoTaTiZrHf-HEA-DDRX-900C_TEM_largeFOV-DislocationCharacterization_0#0,DislocationCharacterization,MoTaTiZrHf-HEA-DDRX-900C_TEM_largeFOV-DislocationCharacterization,ma_roma,direct,0.2236,1.00000,18,10000,51,homography,1.06,15103.300,1966.676,0.000,0.000,0.000,0.000,2207.401,1910.332,ok,,0.05,0.0500,4
eval_MoTaTiZrHf-HEA-DDRX-900C_TEM_largeFOV-DislocationCharacterization_0#0,DislocationCharacterization,MoTaTiZrHf-HEA-DDRX-900C_TEM_largeFOV-DislocationCharacterization,ma_roma,pyramid_v2,0.2236,1.00000,18,10000,106,homography@direct+zoom,3.08,1669.386,1046.215,0.000,0.000,0.000,0.000,1301.421,1065.221,ok,,0.05,0.0500,4
eval_MoTaTiZrHf-HEA-DDRX-900C_TEM_largeFOV-DislocationCharacterization_0#0,DislocationCharacterization,MoTaTiZrHf-HEA-DDRX-900C_TEM_largeFOV-DislocationCharacterization,ma_roma,direct,0.1414,1.00000,18,10000,84,affine,0.93,3018.484,2697.496,0.000,0.000,0.000,0.000,3058.310,2749.724,ok,,0.02,0.0200,2
eval_MoTaTiZrHf-HEA-DDRX-900C_TEM_largeFOV-DislocationCharacterization_0#0,DislocationCharacterization,MoTaTiZrHf-HEA-DDRX-900C_TEM_largeFOV-DislocationCharacterization,ma_roma,pyramid_v2,0.1414,1.00000,18,10000,86,homography@direct+zoom,2.90,2193.727,998.629,0.000,0.000,0.000,0.000,3701.358,2285.552,ok,,0.02,0.0200,2
eval_TRIP1-Bainitic_LOM_SEM_EBSD_Multiscale_0#0,Multiscale,TRIP1-Bainitic_LOM_SEM_EBSD_Multiscale,ma_roma,direct,0.6837,0.42058,51,10000,9997,homography,0.87,1.400,1.310,0.314,0.980,1.000,1.000,2.097,1.713,ok,,0.5,0.4999,32
eval_TRIP1-Bainitic_LOM_SEM_EBSD_Multiscale_0#0,Multiscale,TRIP1-Bainitic_LOM_SEM_EBSD_Multiscale,ma_roma,pyramid_v2,0.6837,0.42058,51,10000,9990,homography@direct,0.92,1.402,1.341,0.333,0.980,1.000,1.000,2.207,1.802,ok,,0.5,0.4999,32
eval_TRIP1-Bainitic_LOM_SEM_EBSD_Multiscale_0#0,Multiscale,TRIP1-Bainitic_LOM_SEM_EBSD_Multiscale,ma_roma,direct,0.4836,0.42058,51,10000,10000,homography,0.89,1.392,1.342,0.333,0.961,1.000,1.000,5.823,2.996,ok,,0.25,0.2501,14
eval_TRIP1-Bainitic_LOM_SEM_EBSD_Multiscale_0#0,Multiscale,TRIP1-Bainitic_LOM_SEM_EBSD_Multiscale,ma_roma,pyramid_v2,0.4836,0.42058,51,10000,9995,homography@direct+zoom,1.86,1.367,1.354,0.333,0.961,1.000,1.000,7.629,4.942,ok,,0.25,0.2501,14
eval_TRIP1-Bainitic_LOM_SEM_EBSD_Multiscale_0#0,Multiscale,TRIP1-Bainitic_LOM_SEM_EBSD_Multiscale,ma_roma,direct,0.3058,0.42058,51,10000,9202,affine,0.98,2.727,2.828,0.176,0.549,0.922,1.000,15.120,12.028,ok,,0.1,0.1000,7
eval_TRIP1-Bainitic_LOM_SEM_EBSD_Multiscale_0#0,Multiscale,TRIP1-Bainitic_LOM_SEM_EBSD_Multiscale,ma_roma,pyramid_v2,0.3058,0.42058,51,10000,9999,homography@direct+zoom,3.96,1.602,1.567,0.294,0.941,1.000,1.000,4.657,4.105,ok,,0.1,0.1000,7
eval_TRIP1-Bainitic_LOM_SEM_EBSD_Multiscale_0#0,Multiscale,TRIP1-Bainitic_LOM_SEM_EBSD_Multiscale,ma_roma,direct,0.2162,0.42058,51,10000,240,homography,1.07,3213.055,1177.616,0.000,0.000,0.000,0.000,1118.597,1163.289,ok,,0.05,0.0500,4
eval_TRIP1-Bainitic_LOM_SEM_EBSD_Multiscale_0#0,Multiscale,TRIP1-Bainitic_LOM_SEM_EBSD_Multiscale,ma_roma,pyramid_v2,0.2162,0.42058,51,10000,218,homography@direct,1.10,11901.973,1351.189,0.000,0.000,0.000,0.000,1618.863,1674.267,ok,,0.05,0.0500,4
eval_TRIP1-Bainitic_LOM_SEM_EBSD_Multiscale_0#0,Multiscale,TRIP1-Bainitic_LOM_SEM_EBSD_Multiscale,ma_roma,direct,0.1369,0.42058,51,10000,394,homography,0.85,2716.925,2116.668,0.000,0.000,0.000,0.000,2253.309,2452.631,ok,,0.02,0.0200,2
eval_TRIP1-Bainitic_LOM_SEM_EBSD_Multiscale_0#0,Multiscale,TRIP1-Bainitic_LOM_SEM_EBSD_Multiscale,ma_roma,pyramid_v2,0.1369,0.42058,51,10000,562,affine@direct,0.85,2342.052,2608.862,0.000,0.000,0.000,0.000,2251.127,2485.927,ok,,0.02,0.0200,2
eval_TRIP1-Bainitic_LOM_SEM_EBSD_Multiscale_0#1,Multiscale,TRIP1-Bainitic_LOM_SEM_EBSD_Multiscale,ma_roma,direct,0.7122,0.95459,46,10000,9984,homography,0.89,1.982,1.442,0.217,0.783,0.957,1.000,1.340,1.009,ok,,0.5,0.4997,33
eval_TRIP1-Bainitic_LOM_SEM_EBSD_Multiscale_0#1,Multiscale,TRIP1-Bainitic_LOM_SEM_EBSD_Multiscale,ma_roma,pyramid_v2,0.7122,0.95459,46,10000,9971,homography@direct,0.94,1.986,1.480,0.261,0.783,0.957,1.000,1.352,1.041,ok,,0.5,0.4997,33
eval_TRIP1-Bainitic_LOM_SEM_EBSD_Multiscale_0#1,Multiscale,TRIP1-Bainitic_LOM_SEM_EBSD_Multiscale,ma_roma,direct,0.5036,0.95459,46,10000,9999,homography,0.88,2.886,2.128,0.261,0.630,0.826,1.000,2.216,1.493,ok,,0.25,0.2499,17
eval_TRIP1-Bainitic_LOM_SEM_EBSD_Multiscale_0#1,Multiscale,TRIP1-Bainitic_LOM_SEM_EBSD_Multiscale,ma_roma,pyramid_v2,0.5036,0.95459,46,10000,9973,homography@direct,1.79,2.849,2.082,0.239,0.630,0.848,1.000,2.786,1.981,ok,,0.25,0.2499,17
eval_TRIP1-Bainitic_LOM_SEM_EBSD_Multiscale_0#1,Multiscale,TRIP1-Bainitic_LOM_SEM_EBSD_Multiscale,ma_roma,direct,0.3184,0.95459,46,10000,9910,homography,0.74,7.038,4.815,0.043,0.413,0.522,0.761,5.009,3.313,ok,,0.1,0.1000,7
eval_TRIP1-Bainitic_LOM_SEM_EBSD_Multiscale_0#1,Multiscale,TRIP1-Bainitic_LOM_SEM_EBSD_Multiscale,ma_roma,pyramid_v2,0.3184,0.95459,46,10000,9891,homography@direct,1.49,7.103,4.775,0.065,0.370,0.522,0.783,7.938,8.562,ok,,0.1,0.1000,7
eval_TRIP1-Bainitic_LOM_SEM_EBSD_Multiscale_0#1,Multiscale,TRIP1-Bainitic_LOM_SEM_EBSD_Multiscale,ma_roma,direct,0.2255,0.95459,46,10000,7706,affine,0.69,11.390,10.551,0.022,0.043,0.152,0.478,10.744,10.397,ok,,0.05,0.0500,3
eval_TRIP1-Bainitic_LOM_SEM_EBSD_Multiscale_0#1,Multiscale,TRIP1-Bainitic_LOM_SEM_EBSD_Multiscale,ma_roma,pyramid_v2,0.2255,0.95459,46,10000,10000,homography@direct+zoom,1.84,13.562,8.713,0.109,0.196,0.370,0.543,3.424,2.920,ok,,0.05,0.0500,3
eval_TRIP1-Bainitic_LOM_SEM_EBSD_Multiscale_0#1,Multiscale,TRIP1-Bainitic_LOM_SEM_EBSD_Multiscale,ma_roma,direct,0.1423,0.95459,46,10000,605,affine,0.74,1093.551,1019.577,0.000,0.000,0.000,0.000,1077.116,1027.755,ok,,0.02,0.0200,2
eval_TRIP1-Bainitic_LOM_SEM_EBSD_Multiscale_0#1,Multiscale,TRIP1-Bainitic_LOM_SEM_EBSD_Multiscale,ma_roma,pyramid_v2,0.1423,0.95459,46,10000,9999,homography@direct+zoom,1.82,37.750,27.625,0.000,0.109,0.174,0.283,22.292,20.677,ok,,0.02,0.0200,2
eval_TRIP1-Bainitic_LOM_SEM_EBSD_Multiscale_0#2,Multiscale,TRIP1-Bainitic_LOM_SEM_EBSD_Multiscale,ma_roma,direct,0.7135,0.96694,53,10000,5408,affine,0.92,10.775,2.077,0.094,0.566,0.566,0.604,6.978,5.373,ok,,0.5,0.5001,35
eval_TRIP1-Bainitic_LOM_SEM_EBSD_Multiscale_0#2,Multiscale,TRIP1-Bainitic_LOM_SEM_EBSD_Multiscale,ma_roma,pyramid_v2,0.7135,0.96694,53,10000,5399,affine@direct,0.97,10.775,2.139,0.151,0.566,0.566,0.604,9.855,6.652,ok,,0.5,0.5001,35
eval_TRIP1-Bainitic_LOM_SEM_EBSD_Multiscale_0#2,Multiscale,TRIP1-Bainitic_LOM_SEM_EBSD_Multiscale,ma_roma,direct,0.5042,0.96694,53,10000,5799,affine,0.87,10.327,2.494,0.151,0.566,0.566,0.604,6.472,6.101,ok,,0.25,0.2501,20
eval_TRIP1-Bainitic_LOM_SEM_EBSD_Multiscale_0#2,Multiscale,TRIP1-Bainitic_LOM_SEM_EBSD_Multiscale,ma_roma,pyramid_v2,0.5042,0.96694,53,10000,5807,affine@direct,1.78,10.440,2.825,0.057,0.566,0.566,0.604,16.169,10.122,ok,,0.25,0.2501,20
eval_TRIP1-Bainitic_LOM_SEM_EBSD_Multiscale_0#2,Multiscale,TRIP1-Bainitic_LOM_SEM_EBSD_Multiscale,ma_roma,direct,0.3192,0.96694,53,10000,6662,affine,0.72,14.286,8.822,0.038,0.226,0.321,0.509,15.210,12.443,ok,,0.1,0.1001,6
eval_TRIP1-Bainitic_LOM_SEM_EBSD_Multiscale_0#2,Multiscale,TRIP1-Bainitic_LOM_SEM_EBSD_Multiscale,ma_roma,pyramid_v2,0.3192,0.96694,53,10000,6522,affine@direct+zoom,2.20,10.628,2.385,0.113,0.566,0.566,0.604,9.180,9.374,ok,,0.1,0.1001,6
eval_TRIP1-Bainitic_LOM_SEM_EBSD_Multiscale_0#2,Multiscale,TRIP1-Bainitic_LOM_SEM_EBSD_Multiscale,ma_roma,direct,0.2258,0.96694,53,10000,4413,homography,0.71,22.265,15.396,0.019,0.151,0.264,0.453,46.335,46.623,ok,,0.05,0.0501,4
eval_TRIP1-Bainitic_LOM_SEM_EBSD_Multiscale_0#2,Multiscale,TRIP1-Bainitic_LOM_SEM_EBSD_Multiscale,ma_roma,pyramid_v2,0.2258,0.96694,53,10000,9991,homography@direct+zoom,1.83,20.107,12.346,0.038,0.151,0.245,0.434,7.790,4.865,ok,,0.05,0.0501,4
eval_TRIP1-Bainitic_LOM_SEM_EBSD_Multiscale_0#2,Multiscale,TRIP1-Bainitic_LOM_SEM_EBSD_Multiscale,ma_roma,direct,0.1428,0.96694,53,10000,458,affine,0.73,1933.575,1942.350,0.000,0.000,0.000,0.000,1772.585,1840.280,ok,,0.02,0.0200,2
eval_TRIP1-Bainitic_LOM_SEM_EBSD_Multiscale_0#2,Multiscale,TRIP1-Bainitic_LOM_SEM_EBSD_Multiscale,ma_roma,pyramid_v2,0.1428,0.96694,53,10000,444,homography@direct,0.73,2582.410,1497.607,0.000,0.000,0.000,0.000,1829.894,1916.819,ok,,0.02,0.0200,2
eval_Ti3AlC2-MAX-Phase_TEM_DislocationCharacterization_0#0,DislocationCharacterization,Ti3AlC2-MAX-Phase_TEM_DislocationCharacterization,ma_roma,direct,0.7065,1.00000,46,10000,9984,homography,0.45,2.300,1.782,0.196,0.783,0.935,1.000,2.660,1.864,ok,,0.5,0.4998,36
eval_Ti3AlC2-MAX-Phase_TEM_DislocationCharacterization_0#0,DislocationCharacterization,Ti3AlC2-MAX-Phase_TEM_DislocationCharacterization,ma_roma,pyramid_v2,0.7065,1.00000,46,10000,9987,homography@direct,0.43,2.299,1.778,0.217,0.804,0.935,1.000,3.005,2.359,ok,,0.5,0.4998,36
eval_Ti3AlC2-MAX-Phase_TEM_DislocationCharacterization_0#0,DislocationCharacterization,Ti3AlC2-MAX-Phase_TEM_DislocationCharacterization,ma_roma,direct,0.4983,1.00000,46,10000,4580,homography,0.45,3.083,2.855,0.130,0.543,0.891,1.000,15.692,14.305,ok,,0.25,0.2491,17
eval_Ti3AlC2-MAX-Phase_TEM_DislocationCharacterization_0#0,DislocationCharacterization,Ti3AlC2-MAX-Phase_TEM_DislocationCharacterization,ma_roma,pyramid_v2,0.4983,1.00000,46,10000,9677,homography@direct+zoom,1.30,2.287,1.961,0.174,0.783,0.935,1.000,4.629,3.368,ok,,0.25,0.2491,17
eval_Ti3AlC2-MAX-Phase_TEM_DislocationCharacterization_0#0,DislocationCharacterization,Ti3AlC2-MAX-Phase_TEM_DislocationCharacterization,ma_roma,direct,0.3140,1.00000,46,10000,1140,affine,0.44,136.000,141.886,0.000,0.000,0.000,0.000,110.157,108.584,ok,,0.1,0.0993,4
eval_Ti3AlC2-MAX-Phase_TEM_DislocationCharacterization_0#0,DislocationCharacterization,Ti3AlC2-MAX-Phase_TEM_DislocationCharacterization,ma_roma,pyramid_v2,0.3140,1.00000,46,10000,1120,affine@direct,0.88,138.296,141.467,0.000,0.000,0.000,0.000,145.960,140.559,ok,,0.1,0.0993,4
eval_Ti3AlC2-MAX-Phase_TEM_DislocationCharacterization_0#0,DislocationCharacterization,Ti3AlC2-MAX-Phase_TEM_DislocationCharacterization,ma_roma,direct,0.2218,1.00000,46,10000,1130,affine,0.47,186.275,181.267,0.000,0.000,0.000,0.000,222.090,210.395,ok,,0.05,0.0498,3
eval_Ti3AlC2-MAX-Phase_TEM_DislocationCharacterization_0#0,DislocationCharacterization,Ti3AlC2-MAX-Phase_TEM_DislocationCharacterization,ma_roma,pyramid_v2,0.2218,1.00000,46,10000,1512,affine@direct+zoom,1.39,251.473,237.954,0.000,0.000,0.000,0.000,192.114,198.688,ok,,0.05,0.0498,3
eval_Ti3AlC2-MAX-Phase_TEM_DislocationCharacterization_0#0,DislocationCharacterization,Ti3AlC2-MAX-Phase_TEM_DislocationCharacterization,ma_roma,direct,0.1399,1.00000,46,10000,1085,affine,0.45,251.648,250.167,0.000,0.000,0.000,0.000,298.963,304.041,ok,,0.02,0.0200,1
eval_Ti3AlC2-MAX-Phase_TEM_DislocationCharacterization_0#0,DislocationCharacterization,Ti3AlC2-MAX-Phase_TEM_DislocationCharacterization,ma_roma,pyramid_v2,0.1399,1.00000,46,10000,2227,homography@direct+zoom,1.36,15307.311,263.309,0.000,0.000,0.000,0.000,275.081,262.549,ok,,0.02,0.0200,1
eval_Ti3AlC2-MAX-Phase_TEM_DislocationCharacterization_0#1,DislocationCharacterization,Ti3AlC2-MAX-Phase_TEM_DislocationCharacterization,ma_roma,direct,0.7075,1.00000,47,10000,9982,homography,0.45,1.858,1.358,0.298,0.830,0.915,1.000,2.734,1.749,ok,,0.5,0.5005,26
eval_Ti3AlC2-MAX-Phase_TEM_DislocationCharacterization_0#1,DislocationCharacterization,Ti3AlC2-MAX-Phase_TEM_DislocationCharacterization,ma_roma,pyramid_v2,0.7075,1.00000,47,10000,9982,homography@direct,0.43,1.872,1.404,0.298,0.851,0.915,1.000,2.228,1.380,ok,,0.5,0.5005,26
eval_Ti3AlC2-MAX-Phase_TEM_DislocationCharacterization_0#1,DislocationCharacterization,Ti3AlC2-MAX-Phase_TEM_DislocationCharacterization,ma_roma,direct,0.5000,1.00000,47,10000,9897,affine,0.45,2.039,1.462,0.191,0.872,0.957,1.000,10.222,4.420,ok,,0.25,0.2500,13
eval_Ti3AlC2-MAX-Phase_TEM_DislocationCharacterization_0#1,DislocationCharacterization,Ti3AlC2-MAX-Phase_TEM_DislocationCharacterization,ma_roma,pyramid_v2,0.5000,1.00000,47,10000,9971,homography@direct+zoom,1.29,2.192,1.514,0.191,0.745,0.936,1.000,5.206,3.732,ok,,0.25,0.2500,13
eval_Ti3AlC2-MAX-Phase_TEM_DislocationCharacterization_0#1,DislocationCharacterization,Ti3AlC2-MAX-Phase_TEM_DislocationCharacterization,ma_roma,direct,0.3163,1.00000,47,10000,1647,affine,0.46,99.676,100.063,0.000,0.021,0.021,0.021,129.368,114.661,ok,,0.1,0.1001,3
eval_Ti3AlC2-MAX-Phase_TEM_DislocationCharacterization_0#1,DislocationCharacterization,Ti3AlC2-MAX-Phase_TEM_DislocationCharacterization,ma_roma,pyramid_v2,0.3163,1.00000,47,10000,1532,affine@direct,0.46,105.522,106.037,0.000,0.000,0.021,0.021,111.071,107.113,ok,,0.1,0.1001,3
eval_Ti3AlC2-MAX-Phase_TEM_DislocationCharacterization_0#1,DislocationCharacterization,Ti3AlC2-MAX-Phase_TEM_DislocationCharacterization,ma_roma,direct,0.2245,1.00000,47,10000,2060,homography,0.49,938.038,142.559,0.000,0.000,0.021,0.064,204.705,195.261,ok,,0.05,0.0504,3
eval_Ti3AlC2-MAX-Phase_TEM_DislocationCharacterization_0#1,DislocationCharacterization,Ti3AlC2-MAX-Phase_TEM_DislocationCharacterization,ma_roma,pyramid_v2,0.2245,1.00000,47,10000,1856,homography@direct,0.50,815.994,135.889,0.000,0.000,0.000,0.021,203.039,186.368,ok,,0.05,0.0504,3
eval_Ti3AlC2-MAX-Phase_TEM_DislocationCharacterization_0#1,DislocationCharacterization,Ti3AlC2-MAX-Phase_TEM_DislocationCharacterization,ma_roma,direct,0.1429,1.00000,47,10000,2176,affine,0.45,263.237,248.373,0.000,0.000,0.000,0.000,344.220,341.438,ok,,0.02,0.0204,2
eval_Ti3AlC2-MAX-Phase_TEM_DislocationCharacterization_0#1,DislocationCharacterization,Ti3AlC2-MAX-Phase_TEM_DislocationCharacterization,ma_roma,pyramid_v2,0.1429,1.00000,47,10000,1625,homography@direct+zoom,0.91,443.531,330.372,0.000,0.000,0.000,0.000,321.292,298.445,ok,,0.02,0.0204,2
eval_Ti3AlC2-MAX-Phase_TEM_DislocationCharacterization_0#2,DislocationCharacterization,Ti3AlC2-MAX-Phase_TEM_DislocationCharacterization,ma_roma,direct,,,,,,,,,,,,,,,,skipped,rung_not_below_base,0.5,,
eval_Ti3AlC2-MAX-Phase_TEM_DislocationCharacterization_0#2,DislocationCharacterization,Ti3AlC2-MAX-Phase_TEM_DislocationCharacterization,ma_roma,pyramid_v2,,,,,,,,,,,,,,,,skipped,rung_not_below_base,0.5,,
eval_Ti3AlC2-MAX-Phase_TEM_DislocationCharacterization_0#2,DislocationCharacterization,Ti3AlC2-MAX-Phase_TEM_DislocationCharacterization,ma_roma,direct,0.4977,0.60715,38,10000,9736,affine,0.46,1.276,1.199,0.421,0.974,0.974,1.000,1.440,1.208,ok,,0.25,0.2496,28
eval_Ti3AlC2-MAX-Phase_TEM_DislocationCharacterization_0#2,DislocationCharacterization,Ti3AlC2-MAX-Phase_TEM_DislocationCharacterization,ma_roma,pyramid_v2,0.4977,0.60715,38,10000,9965,homography@direct+zoom,1.33,1.305,1.199,0.421,0.974,0.974,1.000,1.720,1.053,ok,,0.25,0.2496,28
eval_Ti3AlC2-MAX-Phase_TEM_DislocationCharacterization_0#2,DislocationCharacterization,Ti3AlC2-MAX-Phase_TEM_DislocationCharacterization,ma_roma,direct,0.3160,0.60715,38,10000,3635,homography,0.42,2.539,1.840,0.263,0.684,0.842,1.000,24.915,24.002,ok,,0.1,0.1002,10
eval_Ti3AlC2-MAX-Phase_TEM_DislocationCharacterization_0#2,DislocationCharacterization,Ti3AlC2-MAX-Phase_TEM_DislocationCharacterization,ma_roma,pyramid_v2,0.3160,0.60715,38,10000,9951,affine@direct+zoom,1.27,1.296,1.135,0.474,0.974,0.974,1.000,2.290,2.074,ok,,0.1,0.1002,10
eval_Ti3AlC2-MAX-Phase_TEM_DislocationCharacterization_0#2,DislocationCharacterization,Ti3AlC2-MAX-Phase_TEM_DislocationCharacterization,ma_roma,direct,0.2230,0.60715,38,10000,1122,affine,0.50,204.877,201.792,0.000,0.000,0.000,0.000,178.724,164.512,ok,,0.05,0.0499,5
eval_Ti3AlC2-MAX-Phase_TEM_DislocationCharacterization_0#2,DislocationCharacterization,Ti3AlC2-MAX-Phase_TEM_DislocationCharacterization,ma_roma,pyramid_v2,0.2230,0.60715,38,10000,9990,homography@direct+zoom,1.72,1.497,1.194,0.342,0.921,0.974,1.000,5.078,3.993,ok,,0.05,0.0499,5
eval_Ti3AlC2-MAX-Phase_TEM_DislocationCharacterization_0#2,DislocationCharacterization,Ti3AlC2-MAX-Phase_TEM_DislocationCharacterization,ma_roma,direct,0.1404,0.60715,38,10000,683,homography,0.45,879.659,331.061,0.000,0.000,0.000,0.000,235.958,228.119,ok,,0.02,0.0198,2
eval_Ti3AlC2-MAX-Phase_TEM_DislocationCharacterization_0#2,DislocationCharacterization,Ti3AlC2-MAX-Phase_TEM_DislocationCharacterization,ma_roma,pyramid_v2,0.1404,0.60715,38,10000,785,homography@direct,0.46,456.627,249.826,0.000,0.000,0.000,0.000,578.187,526.942,ok,,0.02,0.0198,2
eval_X2CrNi12-Ferritic_SEM-SE-Stitch_EBSD_Fatigue-SameSlice_0#0,SameSlice,X2CrNi12-Ferritic_SEM-SE-Stitch_EBSD_Fatigue-SameSlice,ma_roma,direct,0.7034,0.99115,59,10000,5298,affine,1.26,9.134,7.456,0.000,0.051,0.237,0.661,8.179,5.719,ok,,0.5,0.5000,38
eval_X2CrNi12-Ferritic_SEM-SE-Stitch_EBSD_Fatigue-SameSlice_0#0,SameSlice,X2CrNi12-Ferritic_SEM-SE-Stitch_EBSD_Fatigue-SameSlice,ma_roma,pyramid_v2,0.7034,0.99115,59,10000,5259,affine@direct,1.32,9.062,7.603,0.000,0.085,0.237,0.695,7.238,5.270,ok,,0.5,0.5000,38
eval_X2CrNi12-Ferritic_SEM-SE-Stitch_EBSD_Fatigue-SameSlice_0#0,SameSlice,X2CrNi12-Ferritic_SEM-SE-Stitch_EBSD_Fatigue-SameSlice,ma_roma,direct,0.4974,0.99115,59,10000,5348,affine,1.17,10.089,8.841,0.000,0.051,0.203,0.576,29.146,17.370,ok,,0.25,0.2500,20
eval_X2CrNi12-Ferritic_SEM-SE-Stitch_EBSD_Fatigue-SameSlice_0#0,SameSlice,X2CrNi12-Ferritic_SEM-SE-Stitch_EBSD_Fatigue-SameSlice,ma_roma,pyramid_v2,0.4974,0.99115,59,10000,5349,affine@direct,2.35,10.143,8.916,0.000,0.034,0.203,0.576,28.047,14.299,ok,,0.25,0.2500,20
eval_X2CrNi12-Ferritic_SEM-SE-Stitch_EBSD_Fatigue-SameSlice_0#0,SameSlice,X2CrNi12-Ferritic_SEM-SE-Stitch_EBSD_Fatigue-SameSlice,ma_roma,direct,0.3146,0.99115,59,10000,20,affine,1.10,3292.646,3013.861,0.000,0.000,0.000,0.000,3297.690,3084.179,ok,,0.1,0.1000,9
eval_X2CrNi12-Ferritic_SEM-SE-Stitch_EBSD_Fatigue-SameSlice_0#0,SameSlice,X2CrNi12-Ferritic_SEM-SE-Stitch_EBSD_Fatigue-SameSlice,ma_roma,pyramid_v2,0.3146,0.99115,59,10000,4004,affine@tile,48.83,12.180,11.500,0.034,0.051,0.203,0.424,62.740,54.892,ok,,0.1,0.1000,9
eval_X2CrNi12-Ferritic_SEM-SE-Stitch_EBSD_Fatigue-SameSlice_0#0,SameSlice,X2CrNi12-Ferritic_SEM-SE-Stitch_EBSD_Fatigue-SameSlice,ma_roma,direct,0.2224,0.99115,59,10000,12,affine,1.11,4488.584,4501.701,0.000,0.000,0.000,0.000,4678.144,4685.718,ok,,0.05,0.0500,4
eval_X2CrNi12-Ferritic_SEM-SE-Stitch_EBSD_Fatigue-SameSlice_0#0,SameSlice,X2CrNi12-Ferritic_SEM-SE-Stitch_EBSD_Fatigue-SameSlice,ma_roma,pyramid_v2,0.2224,0.99115,59,10000,6701,homography@tile,89.58,18.726,16.970,0.000,0.051,0.068,0.254,54.379,48.189,ok,,0.05,0.0500,4
eval_X2CrNi12-Ferritic_SEM-SE-Stitch_EBSD_Fatigue-SameSlice_0#0,SameSlice,X2CrNi12-Ferritic_SEM-SE-Stitch_EBSD_Fatigue-SameSlice,ma_roma,direct,0.1407,0.99115,59,10000,19,affine,1.07,12564.426,12026.654,0.000,0.000,0.000,0.000,12529.589,11933.402,ok,,0.02,0.0200,1
eval_X2CrNi12-Ferritic_SEM-SE-Stitch_EBSD_Fatigue-SameSlice_0#0,SameSlice,X2CrNi12-Ferritic_SEM-SE-Stitch_EBSD_Fatigue-SameSlice,ma_roma,pyramid_v2,0.1407,0.99115,59,10000,8591,affine@tile,207.44,27.832,29.355,0.000,0.051,0.051,0.203,92.562,95.861,ok,,0.02,0.0200,1
eval_X2CrNi12-Ferritic_SEM-SE-Stitch_EBSD_Fatigue-SameSlice_0#1,SameSlice,X2CrNi12-Ferritic_SEM-SE-Stitch_EBSD_Fatigue-SameSlice,ma_roma,direct,0.7148,3.01599,100,10000,5036,homography,1.10,21.713,21.517,0.000,0.030,0.080,0.270,22.154,18.283,ok,,0.5,0.4998,65
eval_X2CrNi12-Ferritic_SEM-SE-Stitch_EBSD_Fatigue-SameSlice_0#1,SameSlice,X2CrNi12-Ferritic_SEM-SE-Stitch_EBSD_Fatigue-SameSlice,ma_roma,pyramid_v2,0.7148,3.01599,100,10000,4562,affine@direct,1.19,26.474,20.319,0.000,0.040,0.110,0.290,16.605,10.891,ok,,0.5,0.4998,65
eval_X2CrNi12-Ferritic_SEM-SE-Stitch_EBSD_Fatigue-SameSlice_0#1,SameSlice,X2CrNi12-Ferritic_SEM-SE-Stitch_EBSD_Fatigue-SameSlice,ma_roma,direct,0.5054,3.01599,100,10000,1213,affine,1.09,24.514,18.142,0.020,0.060,0.100,0.330,39.286,32.955,ok,,0.25,0.2500,28
eval_X2CrNi12-Ferritic_SEM-SE-Stitch_EBSD_Fatigue-SameSlice_0#1,SameSlice,X2CrNi12-Ferritic_SEM-SE-Stitch_EBSD_Fatigue-SameSlice,ma_roma,pyramid_v2,0.5054,3.01599,100,10000,1173,homography@direct,2.17,25.241,24.437,0.010,0.040,0.080,0.220,22.947,21.066,ok,,0.25,0.2500,28
eval_X2CrNi12-Ferritic_SEM-SE-Stitch_EBSD_Fatigue-SameSlice_0#1,SameSlice,X2CrNi12-Ferritic_SEM-SE-Stitch_EBSD_Fatigue-SameSlice,ma_roma,direct,0.3197,3.01599,100,10000,19,affine,1.03,4570.472,4546.245,0.000,0.000,0.000,0.000,4602.947,4683.529,ok,,0.1,0.1000,10
eval_X2CrNi12-Ferritic_SEM-SE-Stitch_EBSD_Fatigue-SameSlice_0#1,SameSlice,X2CrNi12-Ferritic_SEM-SE-Stitch_EBSD_Fatigue-SameSlice,ma_roma,pyramid_v2,0.3197,3.01599,100,10000,313,affine@tile,402.35,4161.757,4170.458,0.000,0.000,0.000,0.000,4120.230,4145.709,ok,,0.1,0.1000,10
eval_X2CrNi12-Ferritic_SEM-SE-Stitch_EBSD_Fatigue-SameSlice_0#1,SameSlice,X2CrNi12-Ferritic_SEM-SE-Stitch_EBSD_Fatigue-SameSlice,ma_roma,direct,0.2262,3.01599,100,10000,21,affine,0.92,4348.583,4292.489,0.000,0.000,0.000,0.000,4493.678,4268.110,ok,,0.05,0.0500,6
eval_X2CrNi12-Ferritic_SEM-SE-Stitch_EBSD_Fatigue-SameSlice_0#1,SameSlice,X2CrNi12-Ferritic_SEM-SE-Stitch_EBSD_Fatigue-SameSlice,ma_roma,pyramid_v2,0.2262,3.01599,100,10000,529,affine@tile,697.64,4531.501,4354.033,0.000,0.000,0.000,0.000,4460.311,4318.220,ok,,0.05,0.0500,6
eval_X2CrNi12-Ferritic_SEM-SE-Stitch_EBSD_Fatigue-SameSlice_0#1,SameSlice,X2CrNi12-Ferritic_SEM-SE-Stitch_EBSD_Fatigue-SameSlice,ma_roma,direct,0.1430,3.01599,100,10000,232,affine,0.92,2972.834,2900.718,0.000,0.000,0.000,0.000,3111.854,2954.761,ok,,0.02,0.0200,3
eval_X2CrNi12-Ferritic_SEM-SE-Stitch_EBSD_Fatigue-SameSlice_0#1,SameSlice,X2CrNi12-Ferritic_SEM-SE-Stitch_EBSD_Fatigue-SameSlice,ma_roma,pyramid_v2,0.1430,3.01599,100,10000,241,affine@direct,1.79,2991.297,2875.355,0.000,0.000,0.000,0.000,3024.578,2818.157,ok,,0.02,0.0200,3
eval_X2CrNi12-Ferritic_SEM-SE-Stitch_EBSD_Fatigue-SameSlice_0#2,SameSlice,X2CrNi12-Ferritic_SEM-SE-Stitch_EBSD_Fatigue-SameSlice,ma_roma,direct,0.7148,3.01599,100,10000,3033,affine,1.14,27.054,20.126,0.010,0.020,0.080,0.290,28.678,23.185,ok,,0.5,0.4998,65
eval_X2CrNi12-Ferritic_SEM-SE-Stitch_EBSD_Fatigue-SameSlice_0#2,SameSlice,X2CrNi12-Ferritic_SEM-SE-Stitch_EBSD_Fatigue-SameSlice,ma_roma,pyramid_v2,0.7148,3.01599,100,10000,3012,affine@direct,1.20,29.447,22.513,0.000,0.010,0.050,0.260,24.949,21.208,ok,,0.5,0.4998,65
eval_X2CrNi12-Ferritic_SEM-SE-Stitch_EBSD_Fatigue-SameSlice_0#2,SameSlice,X2CrNi12-Ferritic_SEM-SE-Stitch_EBSD_Fatigue-SameSlice,ma_roma,direct,0.5054,3.01599,100,10000,945,affine,1.08,31.005,28.957,0.010,0.040,0.060,0.150,25.439,22.451,ok,,0.25,0.2500,28
eval_X2CrNi12-Ferritic_SEM-SE-Stitch_EBSD_Fatigue-SameSlice_0#2,SameSlice,X2CrNi12-Ferritic_SEM-SE-Stitch_EBSD_Fatigue-SameSlice,ma_roma,pyramid_v2,0.5054,3.01599,100,10000,3694,affine@direct+zoom,4.36,22.534,17.812,0.010,0.050,0.120,0.320,51.381,33.654,ok,,0.25,0.2500,28
eval_X2CrNi12-Ferritic_SEM-SE-Stitch_EBSD_Fatigue-SameSlice_0#2,SameSlice,X2CrNi12-Ferritic_SEM-SE-Stitch_EBSD_Fatigue-SameSlice,ma_roma,direct,0.3197,3.01599,100,10000,74,affine,1.00,4722.843,4629.796,0.000,0.000,0.000,0.000,4727.299,4662.689,ok,,0.1,0.1000,10
eval_X2CrNi12-Ferritic_SEM-SE-Stitch_EBSD_Fatigue-SameSlice_0#2,SameSlice,X2CrNi12-Ferritic_SEM-SE-Stitch_EBSD_Fatigue-SameSlice,ma_roma,pyramid_v2,0.3197,3.01599,100,10000,388,affine@tile,421.38,3721.168,3729.600,0.000,0.000,0.000,0.000,3702.233,3734.513,ok,,0.1,0.1000,10
eval_X2CrNi12-Ferritic_SEM-SE-Stitch_EBSD_Fatigue-SameSlice_0#2,SameSlice,X2CrNi12-Ferritic_SEM-SE-Stitch_EBSD_Fatigue-SameSlice,ma_roma,direct,0.2262,3.01599,100,10000,39,homography,0.96,8624.097,7324.650,0.000,0.000,0.000,0.000,8279.149,8581.298,ok,,0.05,0.0500,6
eval_X2CrNi12-Ferritic_SEM-SE-Stitch_EBSD_Fatigue-SameSlice_0#2,SameSlice,X2CrNi12-Ferritic_SEM-SE-Stitch_EBSD_Fatigue-SameSlice,ma_roma,pyramid_v2,0.2262,3.01599,100,10000,54,homography@direct,1.04,765543.354,7689.884,0.000,0.000,0.000,0.000,5957.899,5803.711,ok,,0.05,0.0500,6
eval_X2CrNi12-Ferritic_SEM-SE-Stitch_EBSD_Fatigue-SameSlice_0#2,SameSlice,X2CrNi12-Ferritic_SEM-SE-Stitch_EBSD_Fatigue-SameSlice,ma_roma,direct,0.1430,3.01599,100,10000,48,affine,0.94,16054.482,15288.383,0.000,0.000,0.000,0.000,16159.395,15274.657,ok,,0.02,0.0200,3
eval_X2CrNi12-Ferritic_SEM-SE-Stitch_EBSD_Fatigue-SameSlice_0#2,SameSlice,X2CrNi12-Ferritic_SEM-SE-Stitch_EBSD_Fatigue-SameSlice,ma_roma,pyramid_v2,0.1430,3.01599,100,10000,62,affine@direct,1.01,18095.239,18303.592,0.000,0.000,0.000,0.000,18183.886,18237.786,ok,,0.02,0.0200,3
