pair_id,scene,group,subclass,pool,backbone,mode,transform,seed,h_s,w_s,h_t,w_t,n_gt,n_matches,n_inliers,family,H,mu_ed,med_ed,runtime_s,status,error,crop,crop_side,rows_src,rows_tgt,n_gt_in_band,git_commit
eval_C103_SEM-SE_LOM-DC-Height_FractureSurfaces_2#1,eval_C103_SEM-SE_LOM-DC-Height_FractureSurfaces_2,FractureSurfaces,C103_SEM-SE_LOM-DC-Height_FractureSurfaces,arm1,roma,direct,none,0,2188,3072,3388,3000,58,10000,594,affine,"[-0.15304010600996437, 0.9283491089973329, 227.25781035573004, -0.796946514632329, -0.07164169297479979, 2139.5777098603803, 0.0, 0.0, 1.0]",53.402,41.500,2.63,ok,,none,,0,0,0,91c8b6725ea5b3fd117257056f9c9236e5a4ce1c
eval_C103_SEM-SE_LOM-DC-Height_FractureSurfaces_2#1,eval_C103_SEM-SE_LOM-DC-Height_FractureSurfaces_2,FractureSurfaces,C103_SEM-SE_LOM-DC-Height_FractureSurfaces,arm1,roma,pyramid_v2,none,0,2188,3072,3388,3000,58,10000,594,affine@direct,"[-0.15304010600996437, 0.9283491089973329, 227.25781035573004, -0.796946514632329, -0.07164169297479979, 2139.5777098603803, 0.0, 0.0, 1.0]",53.402,41.500,1.66,ok,,none,,0,0,0,91c8b6725ea5b3fd117257056f9c9236e5a4ce1c
eval_MoTaTiZrHf-HEA-DDRX-1100C_TEM_DislocationCharacterization_0#0,eval_MoTaTiZrHf-HEA-DDRX-1100C_TEM_DislocationCharacterization_0,DislocationCharacterization,MoTaTiZrHf-HEA-DDRX-1100C_TEM_DislocationCharacterization,arm1,roma,direct,none,0,2192,2048,2192,2048,24,10000,7704,affine,"[0.9743551016930763, -0.06369359367307509, 51.67680108704019, 0.0010723710046389567, 0.9930904353468503, -43.83172229583306, 0.0, 0.0, 1.0]",26.212,29.569,1.65,ok,,none,,0,0,0,91c8b6725ea5b3fd117257056f9c9236e5a4ce1c
eval_MoTaTiZrHf-HEA-DDRX-1100C_TEM_DislocationCharacterization_0#0,eval_MoTaTiZrHf-HEA-DDRX-1100C_TEM_DislocationCharacterization_0,DislocationCharacterization,MoTaTiZrHf-HEA-DDRX-1100C_TEM_DislocationCharacterization,arm1,roma,pyramid_v2,none,0,2192,2048,2192,2048,24,10000,7704,affine@direct,"[0.9743551016930763, -0.06369359367307509, 51.67680108704019, 0.0010723710046389567, 0.9930904353468503, -43.83172229583306, 0.0, 0.0, 1.0]",26.212,29.569,1.77,ok,,none,,0,0,0,91c8b6725ea5b3fd117257056f9c9236e5a4ce1c
eval_MoTaTiZrHf-HEA-DDRX-1100C_TEM_DislocationCharacterization_0#1,eval_MoTaTiZrHf-HEA-DDRX-1100C_TEM_DislocationCharacterization_0,DislocationCharacterization,MoTaTiZrHf-HEA-DDRX-1100C_TEM_DislocationCharacterization,arm1,roma,direct,none,0,2192,2048,2192,2048,24,10000,5025,homography,"[0.9695498000840846, -0.056382221826067176, 56.26633253716041, -0.0025247653505898124, 0.9906133496314005, -42.527631032835615, -1.5430591502743224e-06, -1.1276841111769063e-06, 1.0]",16.857,15.270,1.55,ok,,none,,0,0,0,91c8b6725ea5b3fd117257056f9c9236e5a4ce1c
eval_MoTaTiZrHf-HEA-DDRX-1100C_TEM_DislocationCharacterization_0#1,eval_MoTaTiZrHf-HEA-DDRX-1100C_TEM_DislocationCharacterization_0,DislocationCharacterization,MoTaTiZrHf-HEA-DDRX-1100C_TEM_DislocationCharacterization,arm1,roma,pyramid_v2,none,0,2192,2048,2192,2048,24,10000,5025,homography@direct,"[0.9695498000840846, -0.056382221826067176, 56.26633253716041, -0.0025247653505898124, 0.9906133496314005, -42.527631032835615, -1.5430591502743224e-06, -1.1276841111769063e-06, 1.0]",16.857,15.270,1.65,ok,,none,,0,0,0,91c8b6725ea5b3fd117257056f9c9236e5a4ce1c
eval_MoTaTiZrHf-HEA-DDRX-1100C_TEM_DislocationCharacterization_0#10,eval_MoTaTiZrHf-HEA-DDRX-1100C_TEM_DislocationCharacterization_0,DislocationCharacterization,MoTaTiZrHf-HEA-DDRX-1100C_TEM_DislocationCharacterization,arm1,roma,direct,none,0,2192,2048,2192,2048,24,10000,2024,homography,"[0.9715933778461983, -0.04835966812228047, 36.19351124108611, -0.004557839833281227, 0.9818210715200927, -33.606540572976975, -3.4909934510139313e-06, -2.301537625582969e-05, 1.0]",55.568,51.495,1.73,ok,,none,,0,0,0,91c8b6725ea5b3fd117257056f9c9236e5a4ce1c
eval_MoTaTiZrHf-HEA-DDRX-1100C_TEM_DislocationCharacterization_0#10,eval_MoTaTiZrHf-HEA-DDRX-1100C_TEM_DislocationCharacterization_0,DislocationCharacterization,MoTaTiZrHf-HEA-DDRX-1100C_TEM_DislocationCharacterization,arm1,roma,pyramid_v2,none,0,2192,2048,2192,2048,24,10000,2024,homography@direct,"[0.9715933778461983, -0.04835966812228047, 36.19351124108611, -0.004557839833281227, 0.9818210715200927, -33.606540572976975, -3.4909934510139313e-06, -2.301537625582969e-05, 1.0]",55.568,51.495,1.76,ok,,none,,0,0,0,91c8b6725ea5b3fd117257056f9c9236e5a4ce1c
eval_MoTaTiZrHf-HEA-DDRX-1100C_TEM_DislocationCharacterization_0#11,eval_MoTaTiZrHf-HEA-DDRX-1100C_TEM_DislocationCharacterization_0,DislocationCharacterization,MoTaTiZrHf-HEA-DDRX-1100C_TEM_DislocationCharacterization,arm1,roma,direct,none,0,2192,2048,2192,2048,24,10000,6795,affine,"[0.9722340638802215, -0.06388439610374956, 60.73666806963365, 0.0014161928367153957, 0.9967797496505553, -49.555261373963845, 0.0, 0.0, 1.0]",21.204,23.613,1.76,ok,,none,,0,0,0,91c8b6725ea5b3fd117257056f9c9236e5a4ce1c
eval_MoTaTiZrHf-HEA-DDRX-1100C_TEM_DislocationCharacterization_0#11,eval_MoTaTiZrHf-HEA-DDRX-1100C_TEM_DislocationCharacterization_0,DislocationCharacterization,MoTaTiZrHf-HEA-DDRX-1100C_TEM_DislocationCharacterization,arm1,roma,pyramid_v2,none,0,2192,2048,2192,2048,24,10000,6795,affine@direct,"[0.9722340638802215, -0.06388439610374956, 60.73666806963365, 0.0014161928367153957, 0.9967797496505553, -49.555261373963845, 0.0, 0.0, 1.0]",21.204,23.613,1.65,ok,,none,,0,0,0,91c8b6725ea5b3fd117257056f9c9236e5a4ce1c
eval_MoTaTiZrHf-HEA-DDRX-1100C_TEM_DislocationCharacterization_0#12,eval_MoTaTiZrHf-HEA-DDRX-1100C_TEM_DislocationCharacterization_0,DislocationCharacterization,MoTaTiZrHf-HEA-DDRX-1100C_TEM_DislocationCharacterization,arm1,roma,direct,none,0,2192,2048,2192,2048,17,10000,1978,affine,"[0.9570889564796292, -0.0358059812700688, 49.468722180741224, -0.0073520241501758956, 0.9782993909895427, -128.919165434874, 0.0, 0.0, 1.0]",17.155,14.981,1.72,ok,,none,,0,0,0,91c8b6725ea5b3fd117257056f9c9236e5a4ce1c
eval_MoTaTiZrHf-HEA-DDRX-1100C_TEM_DislocationCharacterization_0#12,eval_MoTaTiZrHf-HEA-DDRX-1100C_TEM_DislocationCharacterization_0,DislocationCharacterization,MoTaTiZrHf-HEA-DDRX-1100C_TEM_DislocationCharacterization,arm1,roma,pyramid_v2,none,0,2192,2048,2192,2048,17,10000,1978,affine@direct,"[0.9570889564796292, -0.0358059812700688, 49.468722180741224, -0.0073520241501758956, 0.9782993909895427, -128.919165434874, 0.0, 0.0, 1.0]",17.155,14.981,1.83,ok,,none,,0,0,0,91c8b6725ea5b3fd117257056f9c9236e5a4ce1c
eval_MoTaTiZrHf-HEA-DDRX-1100C_TEM_DislocationCharacterization_0#13,eval_MoTaTiZrHf-HEA-DDRX-1100C_TEM_DislocationCharacterization_0,DislocationCharacterization,MoTaTiZrHf-HEA-DDRX-1100C_TEM_DislocationCharacterization,arm1,roma,direct,none,0,2192,2048,2192,2048,17,10000,5363,affine,"[0.9738376170376406, -0.038367137468699894, 29.86966891905513, 0.0024405174959078006, 0.9857809292941146, -156.4598631375003, 0.0, 0.0, 1.0]",13.218,13.248,1.67,ok,,none,,0,0,0,91c8b6725ea5b3fd117257056f9c9236e5a4ce1c
eval_MoTaTiZrHf-HEA-DDRX-1100C_TEM_DislocationCharacterization_0#13,eval_MoTaTiZrHf-HEA-DDRX-1100C_TEM_DislocationCharacterization_0,DislocationCharacterization,MoTaTiZrHf-HEA-DDRX-1100C_TEM_DislocationCharacterization,arm1,roma,pyramid_v2,none,0,2192,2048,2192,2048,17,10000,5363,affine@direct,"[0.9738376170376406, -0.038367137468699894, 29.86966891905513, 0.0024405174959078006, 0.9857809292941146, -156.4598631375003, 0.0, 0.0, 1.0]",13.218,13.248,1.76,ok,,none,,0,0,0,91c8b6725ea5b3fd117257056f9c9236e5a4ce1c
eval_MoTaTiZrHf-HEA-DDRX-1100C_TEM_DislocationCharacterization_0#14,eval_MoTaTiZrHf-HEA-DDRX-1100C_TEM_DislocationCharacterization_0,DislocationCharacterization,MoTaTiZrHf-HEA-DDRX-1100C_TEM_DislocationCharacterization,arm1,roma,direct,none,0,2192,2048,2192,2048,17,10000,5450,affine,"[0.9745506068717673, -0.04356431547295148, 37.62753504812997, 0.004666501433161677, 0.9813946432102807, -153.17331357301907, 0.0, 0.0, 1.0]",11.477,11.986,1.58,ok,,none,,0,0,0,91c8b6725ea5b3fd117257056f9c9236e5a4ce1c
eval_MoTaTiZrHf-HEA-DDRX-1100C_TEM_DislocationCharacterization_0#14,eval_MoTaTiZrHf-HEA-DDRX-1100C_TEM_DislocationCharacterization_0,DislocationCharacterization,MoTaTiZrHf-HEA-DDRX-1100C_TEM_DislocationCharacterization,arm1,roma,pyramid_v2,none,0,2192,2048,2192,2048,17,10000,5450,affine@direct,"[0.9745506068717673, -0.04356431547295148, 37.62753504812997, 0.004666501433161677, 0.9813946432102807, -153.17331357301907, 0.0, 0.0, 1.0]",11.477,11.986,1.74,ok,,none,,0,0,0,91c8b6725ea5b3fd117257056f9c9236e5a4ce1c
eval_MoTaTiZrHf-HEA-DDRX-1100C_TEM_DislocationCharacterization_0#15,eval_MoTaTiZrHf-HEA-DDRX-1100C_TEM_DislocationCharacterization_0,DislocationCharacterization,MoTaTiZrHf-HEA-DDRX-1100C_TEM_DislocationCharacterization,arm1,roma,direct,none,0,2192,2048,2192,2048,17,10000,2035,homography,"[0.9348224486517219, -0.07487364247793739, 50.78443408653118, 0.018386310409797324, 0.8949106093110023, -132.78090683431088, 8.241295544365398e-06, -5.238092962276795e-05, 1.0]",34.716,39.222,1.65,ok,,none,,0,0,0,91c8b6725ea5b3fd117257056f9c9236e5a4ce1c
eval_MoTaTiZrHf-HEA-DDRX-1100C_TEM_DislocationCharacterization_0#15,eval_MoTaTiZrHf-HEA-DDRX-1100C_TEM_DislocationCharacterization_0,DislocationCharacterization,MoTaTiZrHf-HEA-DDRX-1100C_TEM_DislocationCharacterization,arm1,roma,pyramid_v2,none,0,2192,2048,2192,2048,17,10000,2035,homography@direct,"[0.9348224486517219, -0.07487364247793739, 50.78443408653118, 0.018386310409797324, 0.8949106093110023, -132.78090683431088, 8.241295544365398e-06, -5.238092962276795e-05, 1.0]",34.716,39.222,1.74,ok,,none,,0,0,0,91c8b6725ea5b3fd117257056f9c9236e5a4ce1c
eval_MoTaTiZrHf-HEA-DDRX-1100C_TEM_DislocationCharacterization_0#16,eval_MoTaTiZrHf-HEA-DDRX-1100C_TEM_DislocationCharacterization_0,DislocationCharacterization,MoTaTiZrHf-HEA-DDRX-1100C_TEM_DislocationCharacterization,arm1,roma,direct,none,0,2192,2048,2192,2048,24,10000,3817,homography,"[0.9868821907995221, -0.059117403144598575, 45.68186225389623, 0.0035561143146251584, 1.0040130735960486, -63.61998108812399, 7.340508776276129e-06, -6.506678998065285e-06, 1.0]",20.168,18.372,1.57,ok,,none,,0,0,0,91c8b6725ea5b3fd117257056f9c9236e5a4ce1c
eval_MoTaTiZrHf-HEA-DDRX-1100C_TEM_DislocationCharacterization_0#16,eval_MoTaTiZrHf-HEA-DDRX-1100C_TEM_DislocationCharacterization_0,DislocationCharacterization,MoTaTiZrHf-HEA-DDRX-1100C_TEM_DislocationCharacterization,arm1,roma,pyramid_v2,none,0,2192,2048,2192,2048,24,10000,3817,homography@direct,"[0.9868821907995221, -0.059117403144598575, 45.68186225389623, 0.0035561143146251584, 1.0040130735960486, -63.61998108812399, 7.340508776276129e-06, -6.506678998065285e-06, 1.0]",20.168,18.372,1.84,ok,,none,,0,0,0,91c8b6725ea5b3fd117257056f9c9236e5a4ce1c
eval_MoTaTiZrHf-HEA-DDRX-1100C_TEM_DislocationCharacterization_0#17,eval_MoTaTiZrHf-HEA-DDRX-1100C_TEM_DislocationCharacterization_0,DislocationCharacterization,MoTaTiZrHf-HEA-DDRX-1100C_TEM_DislocationCharacterization,arm1,roma,direct,none,0,2192,2048,2192,2048,24,10000,2650,affine,"[1.0077837353541934, -0.03605367076938038, 17.30871921119342, -0.011138937641573012, 1.004028394833447, -57.113238434976324, 0.0, 0.0, 1.0]",32.675,33.001,1.76,ok,,none,,0,0,0,91c8b6725ea5b3fd117257056f9c9236e5a4ce1c
eval_MoTaTiZrHf-HEA-DDRX-1100C_TEM_DislocationCharacterization_0#17,eval_MoTaTiZrHf-HEA-DDRX-1100C_TEM_DislocationCharacterization_0,DislocationCharacterization,MoTaTiZrHf-HEA-DDRX-1100C_TEM_DislocationCharacterization,arm1,roma,pyramid_v2,none,0,2192,2048,2192,2048,24,10000,2650,affine@direct,"[1.0077837353541934, -0.03605367076938038, 17.30871921119342, -0.011138937641573012, 1.004028394833447, -57.113238434976324, 0.0, 0.0, 1.0]",32.675,33.001,1.75,ok,,none,,0,0,0,91c8b6725ea5b3fd117257056f9c9236e5a4ce1c
eval_MoTaTiZrHf-HEA-DDRX-1100C_TEM_DislocationCharacterization_0#18,eval_MoTaTiZrHf-HEA-DDRX-1100C_TEM_DislocationCharacterization_0,DislocationCharacterization,MoTaTiZrHf-HEA-DDRX-1100C_TEM_DislocationCharacterization,arm1,roma,direct,none,0,2192,2048,2192,2048,24,10000,2687,homography,"[0.954507469118711, -0.06573927814143772, 100.88760592049915, -0.005074069883860303, 0.9894619437491041, -44.82287630000247, -9.028616421084609e-06, 1.7445576137527407e-06, 0.9999999999999999]",15.168,13.365,1.64,ok,,none,,0,0,0,91c8b6725ea5b3fd117257056f9c9236e5a4ce1c
eval_MoTaTiZrHf-HEA-DDRX-1100C_TEM_DislocationCharacterization_0#18,eval_MoTaTiZrHf-HEA-DDRX-1100C_TEM_DislocationCharacterization_0,DislocationCharacterization,MoTaTiZrHf-HEA-DDRX-1100C_TEM_DislocationCharacterization,arm1,roma,pyramid_v2,none,0,2192,2048,2192,2048,24,10000,2687,homography@direct,"[0.954507469118711, -0.06573927814143772, 100.88760592049915, -0.005074069883860303, 0.9894619437491041, -44.82287630000247, -9.028616421084609e-06, 1.7445576137527407e-06, 0.9999999999999999]",15.168,13.365,1.58,ok,,none,,0,0,0,91c8b6725ea5b3fd117257056f9c9236e5a4ce1c
eval_MoTaTiZrHf-HEA-DDRX-1100C_TEM_DislocationCharacterization_0#19,eval_MoTaTiZrHf-HEA-DDRX-1100C_TEM_DislocationCharacterization_0,DislocationCharacterization,MoTaTiZrHf-HEA-DDRX-1100C_TEM_DislocationCharacterization,arm1,roma,direct,none,0,2192,2048,2192,2048,24,10000,9471,homography,"[0.9773896237681656, -0.060839236934848225, 52.74150903290554, -0.00018074593394340133, 0.9980023992057616, -48.05084377501949, 1.0877967741093495e-09, 3.83975729340045e-06, 1.0]",24.782,27.913,1.51,ok,,none,,0,0,0,91c8b6725ea5b3fd117257056f9c9236e5a4ce1c
eval_MoTaTiZrHf-HEA-DDRX-1100C_TEM_DislocationCharacterization_0#19,eval_MoTaTiZrHf-HEA-DDRX-1100C_TEM_DislocationCharacterization_0,DislocationCharacterization,MoTaTiZrHf-HEA-DDRX-1100C_TEM_DislocationCharacterization,arm1,roma,pyramid_v2,none,0,2192,2048,2192,2048,24,10000,9471,homography@direct,"[0.9773896237681656, -0.060839236934848225, 52.74150903290554, -0.00018074593394340133, 0.9980023992057616, -48.05084377501949, 1.0877967741093495e-09, 3.83975729340045e-06, 1.0]",24.782,27.913,1.65,ok,,none,,0,0,0,91c8b6725ea5b3fd117257056f9c9236e5a4ce1c
eval_MoTaTiZrHf-HEA-DDRX-1100C_TEM_DislocationCharacterization_0#2,eval_MoTaTiZrHf-HEA-DDRX-1100C_TEM_DislocationCharacterization_0,DislocationCharacterization,MoTaTiZrHf-HEA-DDRX-1100C_TEM_DislocationCharacterization,arm1,roma,direct,none,0,2192,2048,2192,2048,24,10000,4528,homography,"[0.9696979341579892, -0.053202107613307785, 53.3588192943471, -0.0023132205979356493, 0.9876937936602592, -44.188367061116516, 2.8297141235351586e-07, -3.0671511530979443e-06, 0.9999999999999999]",17.751,13.921,1.78,ok,,none,,0,0,0,91c8b6725ea5b3fd117257056f9c9236e5a4ce1c
eval_MoTaTiZrHf-HEA-DDRX-1100C_TEM_DislocationCharacterization_0#2,eval_MoTaTiZrHf-HEA-DDRX-1100C_TEM_DislocationCharacterization_0,DislocationCharacterization,MoTaTiZrHf-HEA-DDRX-1100C_TEM_DislocationCharacterization,arm1,roma,pyramid_v2,none,0,2192,2048,2192,2048,24,10000,4528,homography@direct,"[0.9696979341579892, -0.053202107613307785, 53.3588192943471, -0.0023132205979356493, 0.9876937936602592, -44.188367061116516, 2.8297141235351586e-07, -3.0671511530979443e-06, 0.9999999999999999]",17.751,13.921,1.74,ok,,none,,0,0,0,91c8b6725ea5b3fd117257056f9c9236e5a4ce1c
eval_MoTaTiZrHf-HEA-DDRX-1100C_TEM_DislocationCharacterization_0#20,eval_MoTaTiZrHf-HEA-DDRX-1100C_TEM_DislocationCharacterization_0,DislocationCharacterization,MoTaTiZrHf-HEA-DDRX-1100C_TEM_DislocationCharacterization,arm1,roma,direct,none,0,2192,2048,2192,2048,17,10000,1600,affine,"[0.9635342448464749, -0.029142407998853277, 25.054440106250695, -0.020217539306573655, 0.9717028321763755, -109.44929617128571, 0.0, 0.0, 1.0]",19.242,16.574,1.86,ok,,none,,0,0,0,91c8b6725ea5b3fd117257056f9c9236e5a4ce1c
eval_MoTaTiZrHf-HEA-DDRX-1100C_TEM_DislocationCharacterization_0#20,eval_MoTaTiZrHf-HEA-DDRX-1100C_TEM_DislocationCharacterization_0,DislocationCharacterization,MoTaTiZrHf-HEA-DDRX-1100C_TEM_DislocationCharacterization,arm1,roma,pyramid_v2,none,0,2192,2048,2192,2048,17,10000,1600,affine@direct,"[0.9635342448464749, -0.029142407998853277, 25.054440106250695, -0.020217539306573655, 0.9717028321763755, -109.44929617128571, 0.0, 0.0, 1.0]",19.242,16.574,1.89,ok,,none,,0,0,0,91c8b6725ea5b3fd117257056f9c9236e5a4ce1c
eval_MoTaTiZrHf-HEA-DDRX-1100C_TEM_DislocationCharacterization_0#21,eval_MoTaTiZrHf-HEA-DDRX-1100C_TEM_DislocationCharacterization_0,DislocationCharacterization,MoTaTiZrHf-HEA-DDRX-1100C_TEM_DislocationCharacterization,arm1,roma,direct,none,0,2192,2048,2192,2048,17,10000,4177,affine,"[0.9780094362383863, -0.04155175648480905, 25.88285894381056, 0.00266089400986977, 0.9863386831282895, -157.21416885246947, 0.0, 0.0, 1.0]",14.176,13.129,1.61,ok,,none,,0,0,0,91c8b6725ea5b3fd117257056f9c9236e5a4ce1c
eval_MoTaTiZrHf-HEA-DDRX-1100C_TEM_DislocationCharacterization_0#21,eval_MoTaTiZrHf-HEA-DDRX-1100C_TEM_DislocationCharacterization_0,DislocationCharacterization,MoTaTiZrHf-HEA-DDRX-1100C_TEM_DislocationCharacterization,arm1,roma,pyramid_v2,none,0,2192,2048,2192,2048,17,10000,4177,affine@direct,"[0.9780094362383863, -0.04155175648480905, 25.88285894381056, 0.00266089400986977, 0.9863386831282895, -157.21416885246947, 0.0, 0.0, 1.0]",14.176,13.129,1.92,ok,,none,,0,0,0,91c8b6725ea5b3fd117257056f9c9236e5a4ce1c
eval_MoTaTiZrHf-HEA-DDRX-1100C_TEM_DislocationCharacterization_0#22,eval_MoTaTiZrHf-HEA-DDRX-1100C_TEM_DislocationCharacterization_0,DislocationCharacterization,MoTaTiZrHf-HEA-DDRX-1100C_TEM_DislocationCharacterization,arm1,roma,direct,none,0,2192,2048,2192,2048,17,10000,3703,affine,"[0.9777471377777873, -0.03864534925772741, 26.613281387280495, 0.002825586816504897, 0.9894616681343873, -161.31968662931774, 0.0, 0.0, 1.0]",14.636,15.190,1.69,ok,,none,,0,0,0,91c8b6725ea5b3fd117257056f9c9236e5a4ce1c
eval_MoTaTiZrHf-HEA-DDRX-1100C_TEM_DislocationCharacterization_0#22,eval_MoTaTiZrHf-HEA-DDRX-1100C_TEM_DislocationCharacterization_0,DislocationCharacterization,MoTaTiZrHf-HEA-DDRX-1100C_TEM_DislocationCharacterization,arm1,roma,pyramid_v2,none,0,2192,2048,2192,2048,17,10000,3703,affine@direct,"[0.9777471377777873, -0.03864534925772741, 26.613281387280495, 0.002825586816504897, 0.9894616681343873, -161.31968662931774, 0.0, 0.0, 1.0]",14.636,15.190,1.74,ok,,none,,0,0,0,91c8b6725ea5b3fd117257056f9c9236e5a4ce1c
eval_MoTaTiZrHf-HEA-DDRX-1100C_TEM_DislocationCharacterization_0#23,eval_MoTaTiZrHf-HEA-DDRX-1100C_TEM_DislocationCharacterization_0,DislocationCharacterization,MoTaTiZrHf-HEA-DDRX-1100C_TEM_DislocationCharacterization,arm1,roma,direct,none,0,2192,2048,2192,2048,17,10000,1322,affine,"[1.0778614916731752, -0.0763107793646013, -95.69135933967118, -0.004687940091343391, 1.06582605420789, -213.5414932961703, 0.0, 0.0, 1.0]",106.337,102.365,1.70,ok,,none,,0,0,0,91c8b6725ea5b3fd117257056f9c9236e5a4ce1c
eval_MoTaTiZrHf-HEA-DDRX-1100C_TEM_DislocationCharacterization_0#23,eval_MoTaTiZrHf-HEA-DDRX-1100C_TEM_DislocationCharacterization_0,DislocationCharacterization,MoTaTiZrHf-HEA-DDRX-1100C_TEM_DislocationCharacterization,arm1,roma,pyramid_v2,none,0,2192,2048,2192,2048,17,10000,1322,affine@direct,"[1.0778614916731752, -0.0763107793646013, -95.69135933967118, -0.004687940091343391, 1.06582605420789, -213.5414932961703, 0.0, 0.0, 1.0]",106.337,102.365,1.75,ok,,none,,0,0,0,91c8b6725ea5b3fd117257056f9c9236e5a4ce1c
eval_MoTaTiZrHf-HEA-DDRX-1100C_TEM_DislocationCharacterization_0#24,eval_MoTaTiZrHf-HEA-DDRX-1100C_TEM_DislocationCharacterization_0,DislocationCharacterization,MoTaTiZrHf-HEA-DDRX-1100C_TEM_DislocationCharacterization,arm1,roma,direct,none,0,2192,2048,2192,2048,24,10000,585,affine,"[0.9238151713576025, -0.06516081249882216, 141.89839361769145, 0.0013082732114416433, 0.9813079821434285, -29.48927435032033, 0.0, 0.0, 1.0]",28.230,27.116,1.59,ok,,none,,0,0,0,91c8b6725ea5b3fd117257056f9c9236e5a4ce1c
eval_MoTaTiZrHf-HEA-DDRX-1100C_TEM_DislocationCharacterization_0#24,eval_MoTaTiZrHf-HEA-DDRX-1100C_TEM_DislocationCharacterization_0,DislocationCharacterization,MoTaTiZrHf-HEA-DDRX-1100C_TEM_DislocationCharacterization,arm1,roma,pyramid_v2,none,0,2192,2048,2192,2048,24,10000,585,affine@direct,"[0.9238151713576025, -0.06516081249882216, 141.89839361769145, 0.0013082732114416433, 0.9813079821434285, -29.48927435032033, 0.0, 0.0, 1.0]",28.230,27.116,1.83,ok,,none,,0,0,0,91c8b6725ea5b3fd117257056f9c9236e5a4ce1c
eval_MoTaTiZrHf-HEA-DDRX-1100C_TEM_DislocationCharacterization_0#25,eval_MoTaTiZrHf-HEA-DDRX-1100C_TEM_DislocationCharacterization_0,DislocationCharacterization,MoTaTiZrHf-HEA-DDRX-1100C_TEM_DislocationCharacterization,arm1,roma,direct,none,0,2192,2048,2192,2048,24,10000,5601,affine,"[0.9741905179935626, -0.06191753378552147, 56.11663540303357, 0.00019134911933394323, 0.9976985174107279, -50.0159308288645, 0.0, 0.0, 1.0]",21.052,22.527,1.57,ok,,none,,0,0,0,91c8b6725ea5b3fd117257056f9c9236e5a4ce1c
eval_MoTaTiZrHf-HEA-DDRX-1100C_TEM_DislocationCharacterization_0#25,eval_MoTaTiZrHf-HEA-DDRX-1100C_TEM_DislocationCharacterization_0,DislocationCharacterization,MoTaTiZrHf-HEA-DDRX-1100C_TEM_DislocationCharacterization,arm1,roma,pyramid_v2,none,0,2192,2048,2192,2048,24,10000,5601,affine@direct,"[0.9741905179935626, -0.06191753378552147, 56.11663540303357, 0.00019134911933394323, 0.9976985174107279, -50.0159308288645, 0.0, 0.0, 1.0]",21.052,22.527,1.64,ok,,none,,0,0,0,91c8b6725ea5b3fd117257056f9c9236e5a4ce1c
eval_MoTaTiZrHf-HEA-DDRX-1100C_TEM_DislocationCharacterization_0#26,eval_MoTaTiZrHf-HEA-DDRX-1100C_TEM_DislocationCharacterization_0,DislocationCharacterization,MoTaTiZrHf-HEA-DDRX-1100C_TEM_DislocationCharacterization,arm1,roma,direct,none,0,2192,2048,2192,2048,24,10000,1365,affine,"[1.0000588232836227, -0.013123555597700067, 27.669998254977713, -9.035496772469287e-05, 1.0161583862522932, -34.30367348283289, 0.0, 0.0, 1.0]",66.220,66.801,1.58,ok,,none,,0,0,0,91c8b6725ea5b3fd117257056f9c9236e5a4ce1c
eval_MoTaTiZrHf-HEA-DDRX-1100C_TEM_DislocationCharacterization_0#26,eval_MoTaTiZrHf-HEA-DDRX-1100C_TEM_DislocationCharacterization_0,DislocationCharacterization,MoTaTiZrHf-HEA-DDRX-1100C_TEM_DislocationCharacterization,arm1,roma,pyramid_v2,none,0,2192,2048,2192,2048,24,10000,1365,affine@direct,"[1.0000588232836227, -0.013123555597700067, 27.669998254977713, -9.035496772469287e-05, 1.0161583862522932, -34.30367348283289, 0.0, 0.0, 1.0]",66.220,66.801,1.75,ok,,none,,0,0,0,91c8b6725ea5b3fd117257056f9c9236e5a4ce1c
eval_MoTaTiZrHf-HEA-DDRX-1100C_TEM_DislocationCharacterization_0#27,eval_MoTaTiZrHf-HEA-DDRX-1100C_TEM_DislocationCharacterization_0,DislocationCharacterization,MoTaTiZrHf-HEA-DDRX-1100C_TEM_DislocationCharacterization,arm1,roma,direct,none,0,2192,2048,2192,2048,24,10000,3951,affine,"[0.974942752824247, -0.06429525263073028, 57.680933881522606, -0.011890547926662847, 0.991295980800803, -28.321521477376677, 0.0, 0.0, 1.0]",22.467,25.554,1.59,ok,,none,,0,0,0,91c8b6725ea5b3fd117257056f9c9236e5a4ce1c
eval_MoTaTiZrHf-HEA-DDRX-1100C_TEM_DislocationCharacterization_0#27,eval_MoTaTiZrHf-HEA-DDRX-1100C_TEM_DislocationCharacterization_0,DislocationCharacterization,MoTaTiZrHf-HEA-DDRX-1100C_TEM_DislocationCharacterization,arm1,roma,pyramid_v2,none,0,2192,2048,2192,2048,24,10000,3951,affine@direct,"[0.974942752824247, -0.06429525263073028, 57.680933881522606, -0.011890547926662847, 0.991295980800803, -28.321521477376677, 0.0, 0.0, 1.0]",22.467,25.554,1.73,ok,,none,,0,0,0,91c8b6725ea5b3fd117257056f9c9236e5a4ce1c
eval_MoTaTiZrHf-HEA-DDRX-1100C_TEM_DislocationCharacterization_0#28,eval_MoTaTiZrHf-HEA-DDRX-1100C_TEM_DislocationCharacterization_0,DislocationCharacterization,MoTaTiZrHf-HEA-DDRX-1100C_TEM_DislocationCharacterization,arm1,roma,direct,none,0,2192,2048,2192,2048,17,10000,1158,homography,"[1.0021980107949926, -0.00018579056971069485, 0.3434295130891362, 0.0004786241117471496, 1.00493443443312, -6.403317396843293, 1.781087927248928e-07, 9.342898001251184e-07, 1.0]",186.298,194.005,1.63,ok,,none,,0,0,0,91c8b6725ea5b3fd117257056f9c9236e5a4ce1c
eval_MoTaTiZrHf-HEA-DDRX-1100C_TEM_DislocationCharacterization_0#28,eval_MoTaTiZrHf-HEA-DDRX-1100C_TEM_DislocationCharacterization_0,DislocationCharacterization,MoTaTiZrHf-HEA-DDRX-1100C_TEM_DislocationCharacterization,arm1,roma,pyramid_v2,none,0,2192,2048,2192,2048,17,10000,1158,homography@direct,"[1.0021980107949926, -0.00018579056971069485, 0.3434295130891362, 0.0004786241117471496, 1.00493443443312, -6.403317396843293, 1.781087927248928e-07, 9.342898001251184e-07, 1.0]",186.298,194.005,1.65,ok,,none,,0,0,0,91c8b6725ea5b3fd117257056f9c9236e5a4ce1c
eval_MoTaTiZrHf-HEA-DDRX-1100C_TEM_DislocationCharacterization_0#29,eval_MoTaTiZrHf-HEA-DDRX-1100C_TEM_DislocationCharacterization_0,DislocationCharacterization,MoTaTiZrHf-HEA-DDRX-1100C_TEM_DislocationCharacterization,arm1,roma,direct,none,0,2192,2048,2192,2048,17,10000,927,affine,"[0.9999695612502881, -0.002655627382845274, 5.691728169312, -0.00020882954371522248, 1.0004500493417925, -0.8666847749709632, 0.0, 0.0, 1.0]",187.326,194.094,1.66,ok,,none,,0,0,0,91c8b6725ea5b3fd117257056f9c9236e5a4ce1c
eval_MoTaTiZrHf-HEA-DDRX-1100C_TEM_DislocationCharacterization_0#29,eval_MoTaTiZrHf-HEA-DDRX-1100C_TEM_DislocationCharacterization_0,DislocationCharacterization,MoTaTiZrHf-HEA-DDRX-1100C_TEM_DislocationCharacterization,arm1,roma,pyramid_v2,none,0,2192,2048,2192,2048,17,10000,927,affine@direct,"[0.9999695612502881, -0.002655627382845274, 5.691728169312, -0.00020882954371522248, 1.0004500493417925, -0.8666847749709632, 0.0, 0.0, 1.0]",187.326,194.094,1.62,ok,,none,,0,0,0,91c8b6725ea5b3fd117257056f9c9236e5a4ce1c
eval_MoTaTiZrHf-HEA-DDRX-1100C_TEM_DislocationCharacterization_0#3,eval_MoTaTiZrHf-HEA-DDRX-1100C_TEM_DislocationCharacterization_0,DislocationCharacterization,MoTaTiZrHf-HEA-DDRX-1100C_TEM_DislocationCharacterization,arm1,roma,direct,none,0,2192,2048,2192,2048,24,10000,4319,homography,"[0.962488691381103, -0.059436562928171656, 58.94147737512963, -0.0022371920155488958, 0.9955845980940927, -63.82059334340377, -4.894029282577878e-06, -3.6771824322452515e-06, 1.0]",20.460,17.810,1.62,ok,,none,,0,0,0,91c8b6725ea5b3fd117257056f9c9236e5a4ce1c
eval_MoTaTiZrHf-HEA-DDRX-1100C_TEM_DislocationCharacterization_0#3,eval_MoTaTiZrHf-HEA-DDRX-1100C_TEM_DislocationCharacterization_0,DislocationCharacterization,MoTaTiZrHf-HEA-DDRX-1100C_TEM_DislocationCharacterization,arm1,roma,pyramid_v2,none,0,2192,2048,2192,2048,24,10000,4319,homography@direct,"[0.962488691381103, -0.059436562928171656, 58.94147737512963, -0.0022371920155488958, 0.9955845980940927, -63.82059334340377, -4.894029282577878e-06, -3.6771824322452515e-06, 1.0]",20.460,17.810,1.84,ok,,none,,0,0,0,91c8b6725ea5b3fd117257056f9c9236e5a4ce1c
eval_MoTaTiZrHf-HEA-DDRX-1100C_TEM_DislocationCharacterization_0#30,eval_MoTaTiZrHf-HEA-DDRX-1100C_TEM_DislocationCharacterization_0,DislocationCharacterization,MoTaTiZrHf-HEA-DDRX-1100C_TEM_DislocationCharacterization,arm1,roma,direct,none,0,2192,2048,2192,2048,17,10000,235,affine,"[0.021764088296076876, 0.26214654389281894, -151.9677075592252, -0.08023867772692657, 0.4072956599688532, 751.2224883181894, 0.0, 0.0, 1.0]",940.752,819.627,1.74,ok,,none,,0,0,0,91c8b6725ea5b3fd117257056f9c9236e5a4ce1c
eval_MoTaTiZrHf-HEA-DDRX-1100C_TEM_DislocationCharacterization_0#30,eval_MoTaTiZrHf-HEA-DDRX-1100C_TEM_DislocationCharacterization_0,DislocationCharacterization,MoTaTiZrHf-HEA-DDRX-1100C_TEM_DislocationCharacterization,arm1,roma,pyramid_v2,none,0,2192,2048,2192,2048,17,10000,187,homography@direct+zoom,"[-0.1366226325590224, -0.02364284169610118, 382.57339538865733, -0.6554393102389622, 0.47450113625490625, 791.8281671836953, -0.0005360465245707947, 0.00011929821268153828, 1.0]",848.723,771.347,4.84,ok,,none,,0,0,0,91c8b6725ea5b3fd117257056f9c9236e5a4ce1c
eval_MoTaTiZrHf-HEA-DDRX-1100C_TEM_DislocationCharacterization_0#31,eval_MoTaTiZrHf-HEA-DDRX-1100C_TEM_DislocationCharacterization_0,DislocationCharacterization,MoTaTiZrHf-HEA-DDRX-1100C_TEM_DislocationCharacterization,arm1,roma,direct,none,0,2192,2048,2192,2048,17,10000,6022,homography,"[0.9811197990372015, -0.038675595381835695, 25.186783003850646, 0.002012284724063068, 0.9933313968246127, -161.0729174219979, 6.22880862651922e-07, 2.3109676709094582e-06, 0.9999999999999999]",13.781,13.755,1.67,ok,,none,,0,0,0,91c8b6725ea5b3fd117257056f9c9236e5a4ce1c
eval_MoTaTiZrHf-HEA-DDRX-1100C_TEM_DislocationCharacterization_0#31,eval_MoTaTiZrHf-HEA-DDRX-1100C_TEM_DislocationCharacterization_0,DislocationCharacterization,MoTaTiZrHf-HEA-DDRX-1100C_TEM_DislocationCharacterization,arm1,roma,pyramid_v2,none,0,2192,2048,2192,2048,17,10000,6022,homography@direct,"[0.9811197990372015, -0.038675595381835695, 25.186783003850646, 0.002012284724063068, 0.9933313968246127, -161.0729174219979, 6.22880862651922e-07, 2.3109676709094582e-06, 0.9999999999999999]",13.781,13.755,1.64,ok,,none,,0,0,0,91c8b6725ea5b3fd117257056f9c9236e5a4ce1c
eval_MoTaTiZrHf-HEA-DDRX-1100C_TEM_DislocationCharacterization_0#4,eval_MoTaTiZrHf-HEA-DDRX-1100C_TEM_DislocationCharacterization_0,DislocationCharacterization,MoTaTiZrHf-HEA-DDRX-1100C_TEM_DislocationCharacterization,arm1,roma,direct,none,0,2192,2048,2192,2048,17,10000,4724,homography,"[0.9899624799651296, -0.021857595587708795, 19.40693794430177, 0.0038660430917879076, 1.0165168231848547, -162.9924333225502, -2.079638827079994e-06, 2.3352956099623195e-05, 1.0]",16.615,16.418,1.69,ok,,none,,0,0,0,91c8b6725ea5b3fd117257056f9c9236e5a4ce1c
eval_MoTaTiZrHf-HEA-DDRX-1100C_TEM_DislocationCharacterization_0#4,eval_MoTaTiZrHf-HEA-DDRX-1100C_TEM_DislocationCharacterization_0,DislocationCharacterization,MoTaTiZrHf-HEA-DDRX-1100C_TEM_DislocationCharacterization,arm1,roma,pyramid_v2,none,0,2192,2048,2192,2048,17,10000,4724,homography@direct,"[0.9899624799651296, -0.021857595587708795, 19.40693794430177, 0.0038660430917879076, 1.0165168231848547, -162.9924333225502, -2.079638827079994e-06, 2.3352956099623195e-05, 1.0]",16.615,16.418,1.94,ok,,none,,0,0,0,91c8b6725ea5b3fd117257056f9c9236e5a4ce1c
eval_MoTaTiZrHf-HEA-DDRX-1100C_TEM_DislocationCharacterization_0#5,eval_MoTaTiZrHf-HEA-DDRX-1100C_TEM_DislocationCharacterization_0,DislocationCharacterization,MoTaTiZrHf-HEA-DDRX-1100C_TEM_DislocationCharacterization,arm1,roma,direct,none,0,2192,2048,2192,2048,17,10000,1847,affine,"[0.9849944280420083, -0.018959044920886813, -20.383876157706936, 0.009474413997198495, 0.9608163065532423, -139.56532307986754, 0.0, 0.0, 1.0]",21.025,17.378,1.69,ok,,none,,0,0,0,91c8b6725ea5b3fd117257056f9c9236e5a4ce1c
eval_MoTaTiZrHf-HEA-DDRX-1100C_TEM_DislocationCharacterization_0#5,eval_MoTaTiZrHf-HEA-DDRX-1100C_TEM_DislocationCharacterization_0,DislocationCharacterization,MoTaTiZrHf-HEA-DDRX-1100C_TEM_DislocationCharacterization,arm1,roma,pyramid_v2,none,0,2192,2048,2192,2048,17,10000,1847,affine@direct,"[0.9849944280420083, -0.018959044920886813, -20.383876157706936, 0.009474413997198495, 0.9608163065532423, -139.56532307986754, 0.0, 0.0, 1.0]",21.025,17.378,1.75,ok,,none,,0,0,0,91c8b6725ea5b3fd117257056f9c9236e5a4ce1c
eval_MoTaTiZrHf-HEA-DDRX-1100C_TEM_DislocationCharacterization_0#6,eval_MoTaTiZrHf-HEA-DDRX-1100C_TEM_DislocationCharacterization_0,DislocationCharacterization,MoTaTiZrHf-HEA-DDRX-1100C_TEM_DislocationCharacterization,arm1,roma,direct,none,0,2192,2048,2192,2048,17,10000,2177,affine,"[0.9774452769412404, -0.04798746348637519, 25.211366014463692, 0.012701592244589572, 0.9760180293811366, -161.39203438089874, 0.0, 0.0, 1.0]",19.352,19.135,1.56,ok,,none,,0,0,0,91c8b6725ea5b3fd117257056f9c9236e5a4ce1c
eval_MoTaTiZrHf-HEA-DDRX-1100C_TEM_DislocationCharacterization_0#6,eval_MoTaTiZrHf-HEA-DDRX-1100C_TEM_DislocationCharacterization_0,DislocationCharacterization,MoTaTiZrHf-HEA-DDRX-1100C_TEM_DislocationCharacterization,arm1,roma,pyramid_v2,none,0,2192,2048,2192,2048,17,10000,2177,affine@direct,"[0.9774452769412404, -0.04798746348637519, 25.211366014463692, 0.012701592244589572, 0.9760180293811366, -161.39203438089874, 0.0, 0.0, 1.0]",19.352,19.135,1.83,ok,,none,,0,0,0,91c8b6725ea5b3fd117257056f9c9236e5a4ce1c
eval_MoTaTiZrHf-HEA-DDRX-1100C_TEM_DislocationCharacterization_0#7,eval_MoTaTiZrHf-HEA-DDRX-1100C_TEM_DislocationCharacterization_0,DislocationCharacterization,MoTaTiZrHf-HEA-DDRX-1100C_TEM_DislocationCharacterization,arm1,roma,direct,none,0,2192,2048,2192,2048,17,10000,3862,affine,"[0.9701240952121681, -0.04817841645728585, 48.18264242835767, 0.0034705016112847116, 0.986151121841941, -156.13709857931872, 0.0, 0.0, 1.0]",14.890,15.320,1.55,ok,,none,,0,0,0,91c8b6725ea5b3fd117257056f9c9236e5a4ce1c
eval_MoTaTiZrHf-HEA-DDRX-1100C_TEM_DislocationCharacterization_0#7,eval_MoTaTiZrHf-HEA-DDRX-1100C_TEM_DislocationCharacterization_0,DislocationCharacterization,MoTaTiZrHf-HEA-DDRX-1100C_TEM_DislocationCharacterization,arm1,roma,pyramid_v2,none,0,2192,2048,2192,2048,17,10000,3862,affine@direct,"[0.9701240952121681, -0.04817841645728585, 48.18264242835767, 0.0034705016112847116, 0.986151121841941, -156.13709857931872, 0.0, 0.0, 1.0]",14.890,15.320,1.73,ok,,none,,0,0,0,91c8b6725ea5b3fd117257056f9c9236e5a4ce1c
eval_MoTaTiZrHf-HEA-DDRX-1100C_TEM_DislocationCharacterization_0#8,eval_MoTaTiZrHf-HEA-DDRX-1100C_TEM_DislocationCharacterization_0,DislocationCharacterization,MoTaTiZrHf-HEA-DDRX-1100C_TEM_DislocationCharacterization,arm1,roma,direct,none,0,2192,2048,2192,2048,24,10000,2543,affine,"[0.9751901251948457, -0.05866816428140665, 52.95931758114682, -0.010486186159843454, 0.9971746057344868, -26.588961324007528, 0.0, 0.0, 1.0]",22.572,20.928,1.59,ok,,none,,0,0,0,91c8b6725ea5b3fd117257056f9c9236e5a4ce1c
eval_MoTaTiZrHf-HEA-DDRX-1100C_TEM_DislocationCharacterization_0#8,eval_MoTaTiZrHf-HEA-DDRX-1100C_TEM_DislocationCharacterization_0,DislocationCharacterization,MoTaTiZrHf-HEA-DDRX-1100C_TEM_DislocationCharacterization,arm1,roma,pyramid_v2,none,0,2192,2048,2192,2048,24,10000,2543,affine@direct,"[0.9751901251948457, -0.05866816428140665, 52.95931758114682, -0.010486186159843454, 0.9971746057344868, -26.588961324007528, 0.0, 0.0, 1.0]",22.572,20.928,1.65,ok,,none,,0,0,0,91c8b6725ea5b3fd117257056f9c9236e5a4ce1c
eval_MoTaTiZrHf-HEA-DDRX-1100C_TEM_DislocationCharacterization_0#9,eval_MoTaTiZrHf-HEA-DDRX-1100C_TEM_DislocationCharacterization_0,DislocationCharacterization,MoTaTiZrHf-HEA-DDRX-1100C_TEM_DislocationCharacterization,arm1,roma,direct,none,0,2192,2048,2192,2048,24,10000,2637,affine,"[0.979484604419138, -0.06600808181361563, 82.11528150983781, 0.005234024061750939, 1.0002669210420634, -59.47172760263982, 0.0, 0.0, 1.0]",14.435,11.050,1.56,ok,,none,,0,0,0,91c8b6725ea5b3fd117257056f9c9236e5a4ce1c
eval_MoTaTiZrHf-HEA-DDRX-1100C_TEM_DislocationCharacterization_0#9,eval_MoTaTiZrHf-HEA-DDRX-1100C_TEM_DislocationCharacterization_0,DislocationCharacterization,MoTaTiZrHf-HEA-DDRX-1100C_TEM_DislocationCharacterization,arm1,roma,pyramid_v2,none,0,2192,2048,2192,2048,24,10000,2637,affine@direct,"[0.979484604419138, -0.06600808181361563, 82.11528150983781, 0.005234024061750939, 1.0002669210420634, -59.47172760263982, 0.0, 0.0, 1.0]",14.435,11.050,1.73,ok,,none,,0,0,0,91c8b6725ea5b3fd117257056f9c9236e5a4ce1c
eval_MoTaTiZrHf-HEA-DDRX-900C_TEM_DislocationCharacterization_0#0,eval_MoTaTiZrHf-HEA-DDRX-900C_TEM_DislocationCharacterization_0,DislocationCharacterization,MoTaTiZrHf-HEA-DDRX-900C_TEM_DislocationCharacterization,arm1,roma,direct,none,0,2192,2048,2192,2048,13,10000,1881,affine,"[0.9851478037986005, 0.02903722802429045, 24.56225544980998, -0.0034234729364487414, 1.0034986016847443, 13.712364107586382, 0.0, 0.0, 1.0]",33.995,29.856,1.79,ok,,none,,0,0,0,91c8b6725ea5b3fd117257056f9c9236e5a4ce1c
eval_MoTaTiZrHf-HEA-DDRX-900C_TEM_DislocationCharacterization_0#0,eval_MoTaTiZrHf-HEA-DDRX-900C_TEM_DislocationCharacterization_0,DislocationCharacterization,MoTaTiZrHf-HEA-DDRX-900C_TEM_DislocationCharacterization,arm1,roma,pyramid_v2,none,0,2192,2048,2192,2048,13,10000,1881,affine@direct,"[0.9851478037986005, 0.02903722802429045, 24.56225544980998, -0.0034234729364487414, 1.0034986016847443, 13.712364107586382, 0.0, 0.0, 1.0]",33.995,29.856,1.77,ok,,none,,0,0,0,91c8b6725ea5b3fd117257056f9c9236e5a4ce1c
eval_MoTaTiZrHf-HEA-DDRX-900C_TEM_DislocationCharacterization_0#1,eval_MoTaTiZrHf-HEA-DDRX-900C_TEM_DislocationCharacterization_0,DislocationCharacterization,MoTaTiZrHf-HEA-DDRX-900C_TEM_DislocationCharacterization,arm1,roma,direct,none,0,2192,2048,2192,2048,13,10000,819,affine,"[0.9997376247922082, -0.005037603989602445, 10.899165266687087, -5.2475041558358807e-05, 0.9985700551175347, 2.9096733407982356, 0.0, 0.0, 1.0]",55.723,52.984,1.79,ok,,none,,0,0,0,91c8b6725ea5b3fd117257056f9c9236e5a4ce1c
eval_MoTaTiZrHf-HEA-DDRX-900C_TEM_DislocationCharacterization_0#1,eval_MoTaTiZrHf-HEA-DDRX-900C_TEM_DislocationCharacterization_0,DislocationCharacterization,MoTaTiZrHf-HEA-DDRX-900C_TEM_DislocationCharacterization,arm1,roma,pyramid_v2,none,0,2192,2048,2192,2048,13,10000,819,affine@direct,"[0.9997376247922082, -0.005037603989602445, 10.899165266687087, -5.2475041558358807e-05, 0.9985700551175347, 2.9096733407982356, 0.0, 0.0, 1.0]",55.723,52.984,1.77,ok,,none,,0,0,0,91c8b6725ea5b3fd117257056f9c9236e5a4ce1c
eval_MoTaTiZrHf-HEA-DDRX-900C_TEM_DislocationCharacterization_0#10,eval_MoTaTiZrHf-HEA-DDRX-900C_TEM_DislocationCharacterization_0,DislocationCharacterization,MoTaTiZrHf-HEA-DDRX-900C_TEM_DislocationCharacterization,arm1,roma,direct,none,0,2192,2048,2192,2048,13,10000,466,affine,"[0.9997492291100694, -0.005410588702253767, 11.526687294468388, -0.0002154689464133621, 0.9829608689082243, 36.114147581701445, 0.0, 0.0, 1.0]",54.946,48.571,1.63,ok,,none,,0,0,0,91c8b6725ea5b3fd117257056f9c9236e5a4ce1c
eval_MoTaTiZrHf-HEA-DDRX-900C_TEM_DislocationCharacterization_0#10,eval_MoTaTiZrHf-HEA-DDRX-900C_TEM_DislocationCharacterization_0,DislocationCharacterization,MoTaTiZrHf-HEA-DDRX-900C_TEM_DislocationCharacterization,arm1,roma,pyramid_v2,none,0,2192,2048,2192,2048,13,10000,466,affine@direct,"[0.9997492291100694, -0.005410588702253767, 11.526687294468388, -0.0002154689464133621, 0.9829608689082243, 36.114147581701445, 0.0, 0.0, 1.0]",54.946,48.571,1.85,ok,,none,,0,0,0,91c8b6725ea5b3fd117257056f9c9236e5a4ce1c
eval_MoTaTiZrHf-HEA-DDRX-900C_TEM_DislocationCharacterization_0#11,eval_MoTaTiZrHf-HEA-DDRX-900C_TEM_DislocationCharacterization_0,DislocationCharacterization,MoTaTiZrHf-HEA-DDRX-900C_TEM_DislocationCharacterization,arm1,roma,direct,none,0,2192,2048,2192,2048,13,10000,209,affine,"[0.9859009206247742, -0.15927305039059936, 188.66112562677768, -0.0046631540164259345, 0.7852484770186225, 256.4369058841896, 0.0, 0.0, 1.0]",131.534,99.477,1.63,ok,,none,,0,0,0,91c8b6725ea5b3fd117257056f9c9236e5a4ce1c
eval_MoTaTiZrHf-HEA-DDRX-900C_TEM_DislocationCharacterization_0#11,eval_MoTaTiZrHf-HEA-DDRX-900C_TEM_DislocationCharacterization_0,DislocationCharacterization,MoTaTiZrHf-HEA-DDRX-900C_TEM_DislocationCharacterization,arm1,roma,pyramid_v2,none,0,2192,2048,2192,2048,13,10000,209,affine@direct,"[0.9859009206247742, -0.15927305039059936, 188.66112562677768, -0.0046631540164259345, 0.7852484770186225, 256.4369058841896, 0.0, 0.0, 1.0]",131.534,99.477,1.81,ok,,none,,0,0,0,91c8b6725ea5b3fd117257056f9c9236e5a4ce1c
eval_MoTaTiZrHf-HEA-DDRX-900C_TEM_DislocationCharacterization_0#12,eval_MoTaTiZrHf-HEA-DDRX-900C_TEM_DislocationCharacterization_0,DislocationCharacterization,MoTaTiZrHf-HEA-DDRX-900C_TEM_DislocationCharacterization,arm1,roma,direct,none,0,2192,2048,2192,2048,13,10000,740,affine,"[0.9997551131763384, 0.0032676031014910976, -6.945079848476098, -0.00011949410817031505, 0.9969509355538287, 6.577437624504228, 0.0, 0.0, 1.0]",60.540,62.252,1.71,ok,,none,,0,0,0,91c8b6725ea5b3fd117257056f9c9236e5a4ce1c
eval_MoTaTiZrHf-HEA-DDRX-900C_TEM_DislocationCharacterization_0#12,eval_MoTaTiZrHf-HEA-DDRX-900C_TEM_DislocationCharacterization_0,DislocationCharacterization,MoTaTiZrHf-HEA-DDRX-900C_TEM_DislocationCharacterization,arm1,roma,pyramid_v2,none,0,2192,2048,2192,2048,13,10000,740,affine@direct,"[0.9997551131763384, 0.0032676031014910976, -6.945079848476098, -0.00011949410817031505, 0.9969509355538287, 6.577437624504228, 0.0, 0.0, 1.0]",60.540,62.252,1.85,ok,,none,,0,0,0,91c8b6725ea5b3fd117257056f9c9236e5a4ce1c
eval_MoTaTiZrHf-HEA-DDRX-900C_TEM_DislocationCharacterization_0#13,eval_MoTaTiZrHf-HEA-DDRX-900C_TEM_DislocationCharacterization_0,DislocationCharacterization,MoTaTiZrHf-HEA-DDRX-900C_TEM_DislocationCharacterization,arm1,roma,direct,none,0,2192,2048,2192,2048,13,10000,255,affine,"[0.9565610483411718, 0.04085372520526048, -65.97087001820091, -0.022949214946657956, 1.0279247847787876, -48.449686041304176, 0.0, 0.0, 1.0]",129.031,132.441,1.74,ok,,none,,0,0,0,91c8b6725ea5b3fd117257056f9c9236e5a4ce1c
eval_MoTaTiZrHf-HEA-DDRX-900C_TEM_DislocationCharacterization_0#13,eval_MoTaTiZrHf-HEA-DDRX-900C_TEM_DislocationCharacterization_0,DislocationCharacterization,MoTaTiZrHf-HEA-DDRX-900C_TEM_DislocationCharacterization,arm1,roma,pyramid_v2,none,0,2192,2048,2192,2048,13,10000,255,affine@direct,"[0.9565610483411718, 0.04085372520526048, -65.97087001820091, -0.022949214946657956, 1.0279247847787876, -48.449686041304176, 0.0, 0.0, 1.0]",129.031,132.441,1.74,ok,,none,,0,0,0,91c8b6725ea5b3fd117257056f9c9236e5a4ce1c
eval_MoTaTiZrHf-HEA-DDRX-900C_TEM_DislocationCharacterization_0#14,eval_MoTaTiZrHf-HEA-DDRX-900C_TEM_DislocationCharacterization_0,DislocationCharacterization,MoTaTiZrHf-HEA-DDRX-900C_TEM_DislocationCharacterization,arm1,roma,direct,none,0,2192,2048,2192,2048,13,10000,888,affine,"[0.9987876268949983, -0.01972806289593255, 42.52088775722393, 0.00037049938967509226, 0.9996845824502445, 0.4140480847760273, 0.0, 0.0, 1.0]",47.616,46.643,1.65,ok,,none,,0,0,0,91c8b6725ea5b3fd117257056f9c9236e5a4ce1c
eval_MoTaTiZrHf-HEA-DDRX-900C_TEM_DislocationCharacterization_0#14,eval_MoTaTiZrHf-HEA-DDRX-900C_TEM_DislocationCharacterization_0,DislocationCharacterization,MoTaTiZrHf-HEA-DDRX-900C_TEM_DislocationCharacterization,arm1,roma,pyramid_v2,none,0,2192,2048,2192,2048,13,10000,888,affine@direct,"[0.9987876268949983, -0.01972806289593255, 42.52088775722393, 0.00037049938967509226, 0.9996845824502445, 0.4140480847760273, 0.0, 0.0, 1.0]",47.616,46.643,1.80,ok,,none,,0,0,0,91c8b6725ea5b3fd117257056f9c9236e5a4ce1c
eval_MoTaTiZrHf-HEA-DDRX-900C_TEM_DislocationCharacterization_0#15,eval_MoTaTiZrHf-HEA-DDRX-900C_TEM_DislocationCharacterization_0,DislocationCharacterization,MoTaTiZrHf-HEA-DDRX-900C_TEM_DislocationCharacterization,arm1,roma,direct,none,0,2192,2048,2192,2048,13,10000,183,homography,"[1.1695767122973155, 0.03381653066451273, -29.886426104310836, -0.716669043676399, 1.4239808003309071, -17.455754080731076, -0.0003668082362324911, 0.00019713925551373364, 1.0]",728.785,266.711,1.67,ok,,none,,0,0,0,91c8b6725ea5b3fd117257056f9c9236e5a4ce1c
eval_MoTaTiZrHf-HEA-DDRX-900C_TEM_DislocationCharacterization_0#15,eval_MoTaTiZrHf-HEA-DDRX-900C_TEM_DislocationCharacterization_0,DislocationCharacterization,MoTaTiZrHf-HEA-DDRX-900C_TEM_DislocationCharacterization,arm1,roma,pyramid_v2,none,0,2192,2048,2192,2048,13,10000,183,homography@direct,"[1.1695767122973155, 0.03381653066451273, -29.886426104310836, -0.716669043676399, 1.4239808003309071, -17.455754080731076, -0.0003668082362324911, 0.00019713925551373364, 1.0]",728.785,266.711,1.74,ok,,none,,0,0,0,91c8b6725ea5b3fd117257056f9c9236e5a4ce1c
eval_MoTaTiZrHf-HEA-DDRX-900C_TEM_DislocationCharacterization_0#2,eval_MoTaTiZrHf-HEA-DDRX-900C_TEM_DislocationCharacterization_0,DislocationCharacterization,MoTaTiZrHf-HEA-DDRX-900C_TEM_DislocationCharacterization,arm1,roma,direct,none,0,2192,2048,2192,2048,13,10000,346,affine,"[0.9999977041087039, -0.011700250960863577, 24.621730401679542, 7.287204225382192e-05, 1.0035196421192956, -7.837739027606176, 0.0, 0.0, 1.0]",53.791,48.760,1.75,ok,,none,,0,0,0,91c8b6725ea5b3fd117257056f9c9236e5a4ce1c
eval_MoTaTiZrHf-HEA-DDRX-900C_TEM_DislocationCharacterization_0#2,eval_MoTaTiZrHf-HEA-DDRX-900C_TEM_DislocationCharacterization_0,DislocationCharacterization,MoTaTiZrHf-HEA-DDRX-900C_TEM_DislocationCharacterization,arm1,roma,pyramid_v2,none,0,2192,2048,2192,2048,13,10000,346,affine@direct,"[0.9999977041087039, -0.011700250960863577, 24.621730401679542, 7.287204225382192e-05, 1.0035196421192956, -7.837739027606176, 0.0, 0.0, 1.0]",53.791,48.760,1.75,ok,,none,,0,0,0,91c8b6725ea5b3fd117257056f9c9236e5a4ce1c
eval_MoTaTiZrHf-HEA-DDRX-900C_TEM_DislocationCharacterization_0#3,eval_MoTaTiZrHf-HEA-DDRX-900C_TEM_DislocationCharacterization_0,DislocationCharacterization,MoTaTiZrHf-HEA-DDRX-900C_TEM_DislocationCharacterization,arm1,roma,direct,none,0,2192,2048,2192,2048,13,10000,932,affine,"[1.000016701990534, 0.00863228912661427, -18.359471039192954, 0.0001115661225859587, 1.0022734866584617, -5.078936946684735, 0.0, 0.0, 1.0]",66.125,70.699,1.68,ok,,none,,0,0,0,91c8b6725ea5b3fd117257056f9c9236e5a4ce1c
eval_MoTaTiZrHf-HEA-DDRX-900C_TEM_DislocationCharacterization_0#3,eval_MoTaTiZrHf-HEA-DDRX-900C_TEM_DislocationCharacterization_0,DislocationCharacterization,MoTaTiZrHf-HEA-DDRX-900C_TEM_DislocationCharacterization,arm1,roma,pyramid_v2,none,0,2192,2048,2192,2048,13,10000,932,affine@direct,"[1.000016701990534, 0.00863228912661427, -18.359471039192954, 0.0001115661225859587, 1.0022734866584617, -5.078936946684735, 0.0, 0.0, 1.0]",66.125,70.699,1.65,ok,,none,,0,0,0,91c8b6725ea5b3fd117257056f9c9236e5a4ce1c
eval_MoTaTiZrHf-HEA-DDRX-900C_TEM_DislocationCharacterization_0#4,eval_MoTaTiZrHf-HEA-DDRX-900C_TEM_DislocationCharacterization_0,DislocationCharacterization,MoTaTiZrHf-HEA-DDRX-900C_TEM_DislocationCharacterization,arm1,roma,direct,none,0,2192,2048,2192,2048,13,10000,142,affine,"[0.6940337279731151, -0.008357508037951735, 142.30642223085795, -0.21323413184952658, 0.6834440053323937, 280.6160131906201, 0.0, 0.0, 1.0]",380.058,290.996,1.73,ok,,none,,0,0,0,91c8b6725ea5b3fd117257056f9c9236e5a4ce1c
eval_MoTaTiZrHf-HEA-DDRX-900C_TEM_DislocationCharacterization_0#4,eval_MoTaTiZrHf-HEA-DDRX-900C_TEM_DislocationCharacterization_0,DislocationCharacterization,MoTaTiZrHf-HEA-DDRX-900C_TEM_DislocationCharacterization,arm1,roma,pyramid_v2,none,0,2192,2048,2192,2048,13,10000,142,affine@direct,"[0.6940337279731151, -0.008357508037951735, 142.30642223085795, -0.21323413184952658, 0.6834440053323937, 280.6160131906201, 0.0, 0.0, 1.0]",380.058,290.996,1.58,ok,,none,,0,0,0,91c8b6725ea5b3fd117257056f9c9236e5a4ce1c
eval_MoTaTiZrHf-HEA-DDRX-900C_TEM_DislocationCharacterization_0#5,eval_MoTaTiZrHf-HEA-DDRX-900C_TEM_DislocationCharacterization_0,DislocationCharacterization,MoTaTiZrHf-HEA-DDRX-900C_TEM_DislocationCharacterization,arm1,roma,direct,none,0,2192,2048,2192,2048,13,10000,831,affine,"[0.9997987164908703, -0.0005032087728241122, 1.044945366383329, 0.0004130233044478427, 1.0028702505587577, -6.516754176795985, 0.0, 0.0, 1.0]",60.053,60.533,1.66,ok,,none,,0,0,0,91c8b6725ea5b3fd117257056f9c9236e5a4ce1c
eval_MoTaTiZrHf-HEA-DDRX-900C_TEM_DislocationCharacterization_0#5,eval_MoTaTiZrHf-HEA-DDRX-900C_TEM_DislocationCharacterization_0,DislocationCharacterization,MoTaTiZrHf-HEA-DDRX-900C_TEM_DislocationCharacterization,arm1,roma,pyramid_v2,none,0,2192,2048,2192,2048,13,10000,831,affine@direct,"[0.9997987164908703, -0.0005032087728241122, 1.044945366383329, 0.0004130233044478427, 1.0028702505587577, -6.516754176795985, 0.0, 0.0, 1.0]",60.053,60.533,1.74,ok,,none,,0,0,0,91c8b6725ea5b3fd117257056f9c9236e5a4ce1c
eval_MoTaTiZrHf-HEA-DDRX-900C_TEM_DislocationCharacterization_0#6,eval_MoTaTiZrHf-HEA-DDRX-900C_TEM_DislocationCharacterization_0,DislocationCharacterization,MoTaTiZrHf-HEA-DDRX-900C_TEM_DislocationCharacterization,arm1,roma,direct,none,0,2192,2048,2192,2048,13,10000,121,homography,"[1.800618138070628, 1.1643455855296723, -1266.017857807767, -0.3604961680251199, 1.1799811860142397, 381.0261976446027, 0.0002599497011442136, 0.0008459826567358961, 1.0]",669.321,668.241,1.67,ok,,none,,0,0,0,91c8b6725ea5b3fd117257056f9c9236e5a4ce1c
eval_MoTaTiZrHf-HEA-DDRX-900C_TEM_DislocationCharacterization_0#6,eval_MoTaTiZrHf-HEA-DDRX-900C_TEM_DislocationCharacterization_0,DislocationCharacterization,MoTaTiZrHf-HEA-DDRX-900C_TEM_DislocationCharacterization,arm1,roma,pyramid_v2,none,0,2192,2048,2192,2048,13,10000,121,homography@direct,"[1.800618138070628, 1.1643455855296723, -1266.017857807767, -0.3604961680251199, 1.1799811860142397, 381.0261976446027, 0.0002599497011442136, 0.0008459826567358961, 1.0]",669.321,668.241,3.24,ok,,none,,0,0,0,91c8b6725ea5b3fd117257056f9c9236e5a4ce1c
eval_MoTaTiZrHf-HEA-DDRX-900C_TEM_DislocationCharacterization_0#7,eval_MoTaTiZrHf-HEA-DDRX-900C_TEM_DislocationCharacterization_0,DislocationCharacterization,MoTaTiZrHf-HEA-DDRX-900C_TEM_DislocationCharacterization,arm1,roma,direct,none,0,2192,2048,2192,2048,13,10000,91,affine,"[0.17760733775171297, 0.015615121761676447, 8.895895766520994, -0.381050299624362, 0.07333372954277204, 1285.0784903895917, 0.0, 0.0, 1.0]",974.905,969.216,1.66,ok,,none,,0,0,0,91c8b6725ea5b3fd117257056f9c9236e5a4ce1c
eval_MoTaTiZrHf-HEA-DDRX-900C_TEM_DislocationCharacterization_0#7,eval_MoTaTiZrHf-HEA-DDRX-900C_TEM_DislocationCharacterization_0,DislocationCharacterization,MoTaTiZrHf-HEA-DDRX-900C_TEM_DislocationCharacterization,arm1,roma,pyramid_v2,none,0,2192,2048,2192,2048,13,10000,342,homography@direct+zoom,"[0.1759066618768789, 0.02968487865335506, -163.12710719214397, -0.22628768109081632, 0.5465466006180262, 104.74492204866243, -0.000557550226010748, 0.0002438139216551853, 0.9999999999999999]",1028.028,1042.702,6.64,ok,,none,,0,0,0,91c8b6725ea5b3fd117257056f9c9236e5a4ce1c
eval_MoTaTiZrHf-HEA-DDRX-900C_TEM_DislocationCharacterization_0#8,eval_MoTaTiZrHf-HEA-DDRX-900C_TEM_DislocationCharacterization_0,DislocationCharacterization,MoTaTiZrHf-HEA-DDRX-900C_TEM_DislocationCharacterization,arm1,roma,direct,none,0,2192,2048,2192,2048,13,10000,810,affine,"[1.0004670673036593, 0.006725886330859144, -14.57423144853874, -0.0006936571671020145, 0.9897985994926191, 21.78207610851814, 0.0, 0.0, 1.0]",62.113,64.338,1.45,ok,,none,,0,0,0,91c8b6725ea5b3fd117257056f9c9236e5a4ce1c
eval_MoTaTiZrHf-HEA-DDRX-900C_TEM_DislocationCharacterization_0#8,eval_MoTaTiZrHf-HEA-DDRX-900C_TEM_DislocationCharacterization_0,DislocationCharacterization,MoTaTiZrHf-HEA-DDRX-900C_TEM_DislocationCharacterization,arm1,roma,pyramid_v2,none,0,2192,2048,2192,2048,13,10000,810,affine@direct,"[1.0004670673036593, 0.006725886330859144, -14.57423144853874, -0.0006936571671020145, 0.9897985994926191, 21.78207610851814, 0.0, 0.0, 1.0]",62.113,64.338,1.66,ok,,none,,0,0,0,91c8b6725ea5b3fd117257056f9c9236e5a4ce1c
eval_MoTaTiZrHf-HEA-DDRX-900C_TEM_DislocationCharacterization_0#9,eval_MoTaTiZrHf-HEA-DDRX-900C_TEM_DislocationCharacterization_0,DislocationCharacterization,MoTaTiZrHf-HEA-DDRX-900C_TEM_DislocationCharacterization,arm1,roma,direct,none,0,2192,2048,2192,2048,13,10000,549,affine,"[1.0004457365025345, 0.009821398305454563, -21.32105091116898, 4.840637040635744e-06, 0.9953227109572735, 9.812878171654575, 0.0, 0.0, 1.0]",64.913,69.630,1.73,ok,,none,,0,0,0,91c8b6725ea5b3fd117257056f9c9236e5a4ce1c
eval_MoTaTiZrHf-HEA-DDRX-900C_TEM_DislocationCharacterization_0#9,eval_MoTaTiZrHf-HEA-DDRX-900C_TEM_DislocationCharacterization_0,DislocationCharacterization,MoTaTiZrHf-HEA-DDRX-900C_TEM_DislocationCharacterization,arm1,roma,pyramid_v2,none,0,2192,2048,2192,2048,13,10000,549,affine@direct,"[1.0004457365025345, 0.009821398305454563, -21.32105091116898, 4.840637040635744e-06, 0.9953227109572735, 9.812878171654575, 0.0, 0.0, 1.0]",64.913,69.630,1.66,ok,,none,,0,0,0,91c8b6725ea5b3fd117257056f9c9236e5a4ce1c
eval_MoTaTiZrHf-HEA-DDRX-900C_TEM_largeFOV-DislocationCharacterization_0#0,eval_MoTaTiZrHf-HEA-DDRX-900C_TEM_largeFOV-DislocationCharacterization_0,DislocationCharacterization,MoTaTiZrHf-HEA-DDRX-900C_TEM_largeFOV-DislocationCharacterization,arm1,roma,direct,none,0,4384,4096,4384,4096,18,10000,4046,affine,"[0.9998701908014745, 0.00046399936969785223, 122.0518240864917, 0.0009987559828771597, 1.0010245701580593, 493.16526787755174, 0.0, 0.0, 1.0]",20.187,18.979,2.68,ok,,none,,0,0,0,91c8b6725ea5b3fd117257056f9c9236e5a4ce1c
eval_MoTaTiZrHf-HEA-DDRX-900C_TEM_largeFOV-DislocationCharacterization_0#0,eval_MoTaTiZrHf-HEA-DDRX-900C_TEM_largeFOV-DislocationCharacterization_0,DislocationCharacterization,MoTaTiZrHf-HEA-DDRX-900C_TEM_largeFOV-DislocationCharacterization,arm1,roma,pyramid_v2,none,0,4384,4096,4384,4096,18,10000,4046,affine@direct,"[0.9998701908014745, 0.00046399936969785223, 122.0518240864917, 0.0009987559828771597, 1.0010245701580593, 493.16526787755174, 0.0, 0.0, 1.0]",20.187,18.979,3.04,ok,,none,,0,0,0,91c8b6725ea5b3fd117257056f9c9236e5a4ce1c
eval_MoTaTiZrHf-HEA-DDRX-900C_TEM_largeFOV-DislocationCharacterization_0#1,eval_MoTaTiZrHf-HEA-DDRX-900C_TEM_largeFOV-DislocationCharacterization_0,DislocationCharacterization,MoTaTiZrHf-HEA-DDRX-900C_TEM_largeFOV-DislocationCharacterization,arm1,roma,direct,none,0,4384,4096,4384,4096,18,10000,1939,affine,"[1.000139417354017, -0.0006930500082025048, 2.7566613967969715, -3.602158223870937e-05, 1.0040016988822935, -16.913144028417264, 0.0, 0.0, 1.0]",520.328,522.399,1.98,ok,,none,,0,0,0,91c8b6725ea5b3fd117257056f9c9236e5a4ce1c
eval_MoTaTiZrHf-HEA-DDRX-900C_TEM_largeFOV-DislocationCharacterization_0#1,eval_MoTaTiZrHf-HEA-DDRX-900C_TEM_largeFOV-DislocationCharacterization_0,DislocationCharacterization,MoTaTiZrHf-HEA-DDRX-900C_TEM_largeFOV-DislocationCharacterization,arm1,roma,pyramid_v2,none,0,4384,4096,4384,4096,18,10000,1939,affine@direct,"[1.000139417354017, -0.0006930500082025048, 2.7566613967969715, -3.602158223870937e-05, 1.0040016988822935, -16.913144028417264, 0.0, 0.0, 1.0]",520.328,522.399,2.19,ok,,none,,0,0,0,91c8b6725ea5b3fd117257056f9c9236e5a4ce1c
eval_MoTaTiZrHf-HEA-DDRX-900C_TEM_largeFOV-DislocationCharacterization_0#10,eval_MoTaTiZrHf-HEA-DDRX-900C_TEM_largeFOV-DislocationCharacterization_0,DislocationCharacterization,MoTaTiZrHf-HEA-DDRX-900C_TEM_largeFOV-DislocationCharacterization,arm1,roma,direct,none,0,4384,4096,4384,4096,27,10000,1717,affine,"[1.0067320923588254, 0.002614309815279418, 180.79111392161417, -0.015558537072364405, 0.9982792712689413, 437.41190908518684, 0.0, 0.0, 1.0]",25.724,19.765,2.26,ok,,none,,0,0,0,91c8b6725ea5b3fd117257056f9c9236e5a4ce1c
eval_MoTaTiZrHf-HEA-DDRX-900C_TEM_largeFOV-DislocationCharacterization_0#10,eval_MoTaTiZrHf-HEA-DDRX-900C_TEM_largeFOV-DislocationCharacterization_0,DislocationCharacterization,MoTaTiZrHf-HEA-DDRX-900C_TEM_largeFOV-DislocationCharacterization,arm1,roma,pyramid_v2,none,0,4384,4096,4384,4096,27,10000,1717,affine@direct,"[1.0067320923588254, 0.002614309815279418, 180.79111392161417, -0.015558537072364405, 0.9982792712689413, 437.41190908518684, 0.0, 0.0, 1.0]",25.724,19.765,2.55,ok,,none,,0,0,0,91c8b6725ea5b3fd117257056f9c9236e5a4ce1c
eval_MoTaTiZrHf-HEA-DDRX-900C_TEM_largeFOV-DislocationCharacterization_0#11,eval_MoTaTiZrHf-HEA-DDRX-900C_TEM_largeFOV-DislocationCharacterization_0,DislocationCharacterization,MoTaTiZrHf-HEA-DDRX-900C_TEM_largeFOV-DislocationCharacterization,arm1,roma,direct,none,0,4384,4096,4384,4096,27,10000,1338,affine,"[1.0035156261689504, 0.0016204724094008034, 184.70462049032403, -0.009631551155914611, 0.9963238218128295, 425.5013872644254, 0.0, 0.0, 1.0]",25.453,21.024,1.95,ok,,none,,0,0,0,91c8b6725ea5b3fd117257056f9c9236e5a4ce1c
eval_MoTaTiZrHf-HEA-DDRX-900C_TEM_largeFOV-DislocationCharacterization_0#11,eval_MoTaTiZrHf-HEA-DDRX-900C_TEM_largeFOV-DislocationCharacterization_0,DislocationCharacterization,MoTaTiZrHf-HEA-DDRX-900C_TEM_largeFOV-DislocationCharacterization,arm1,roma,pyramid_v2,none,0,4384,4096,4384,4096,27,10000,1338,affine@direct,"[1.0035156261689504, 0.0016204724094008034, 184.70462049032403, -0.009631551155914611, 0.9963238218128295, 425.5013872644254, 0.0, 0.0, 1.0]",25.453,21.024,2.71,ok,,none,,0,0,0,91c8b6725ea5b3fd117257056f9c9236e5a4ce1c
eval_MoTaTiZrHf-HEA-DDRX-900C_TEM_largeFOV-DislocationCharacterization_0#12,eval_MoTaTiZrHf-HEA-DDRX-900C_TEM_largeFOV-DislocationCharacterization_0,DislocationCharacterization,MoTaTiZrHf-HEA-DDRX-900C_TEM_largeFOV-DislocationCharacterization,arm1,roma,direct,none,0,4384,4096,4384,4096,18,10000,2536,homography,"[1.0167930668872893, 0.005030621430502707, -22.181100372845133, 0.0012847030627819943, 1.0314736635633523, -67.29518266022217, 2.7840433981658663e-07, 3.695357112393667e-06, 1.0]",536.012,535.808,1.82,ok,,none,,0,0,0,91c8b6725ea5b3fd117257056f9c9236e5a4ce1c
eval_MoTaTiZrHf-HEA-DDRX-900C_TEM_largeFOV-DislocationCharacterization_0#12,eval_MoTaTiZrHf-HEA-DDRX-900C_TEM_largeFOV-DislocationCharacterization_0,DislocationCharacterization,MoTaTiZrHf-HEA-DDRX-900C_TEM_largeFOV-DislocationCharacterization,arm1,roma,pyramid_v2,none,0,4384,4096,4384,4096,18,10000,2536,homography@direct,"[1.0167930668872893, 0.005030621430502707, -22.181100372845133, 0.0012847030627819943, 1.0314736635633523, -67.29518266022217, 2.7840433981658663e-07, 3.695357112393667e-06, 1.0]",536.012,535.808,1.96,ok,,none,,0,0,0,91c8b6725ea5b3fd117257056f9c9236e5a4ce1c
eval_MoTaTiZrHf-HEA-DDRX-900C_TEM_largeFOV-DislocationCharacterization_0#13,eval_MoTaTiZrHf-HEA-DDRX-900C_TEM_largeFOV-DislocationCharacterization_0,DislocationCharacterization,MoTaTiZrHf-HEA-DDRX-900C_TEM_largeFOV-DislocationCharacterization,arm1,roma,direct,none,0,4384,4096,4384,4096,18,10000,1373,affine,"[1.0003723290479822, 0.0015808128801981212, -7.0180521057734495, -4.2155552214010276e-05, 0.9996520331619015, 1.819947545955074, 0.0, 0.0, 1.0]",509.828,509.756,1.81,ok,,none,,0,0,0,91c8b6725ea5b3fd117257056f9c9236e5a4ce1c
eval_MoTaTiZrHf-HEA-DDRX-900C_TEM_largeFOV-DislocationCharacterization_0#13,eval_MoTaTiZrHf-HEA-DDRX-900C_TEM_largeFOV-DislocationCharacterization_0,DislocationCharacterization,MoTaTiZrHf-HEA-DDRX-900C_TEM_largeFOV-DislocationCharacterization,arm1,roma,pyramid_v2,none,0,4384,4096,4384,4096,18,10000,1373,affine@direct,"[1.0003723290479822, 0.0015808128801981212, -7.0180521057734495, -4.2155552214010276e-05, 0.9996520331619015, 1.819947545955074, 0.0, 0.0, 1.0]",509.828,509.756,2.04,ok,,none,,0,0,0,91c8b6725ea5b3fd117257056f9c9236e5a4ce1c
eval_MoTaTiZrHf-HEA-DDRX-900C_TEM_largeFOV-DislocationCharacterization_0#14,eval_MoTaTiZrHf-HEA-DDRX-900C_TEM_largeFOV-DislocationCharacterization_0,DislocationCharacterization,MoTaTiZrHf-HEA-DDRX-900C_TEM_largeFOV-DislocationCharacterization,arm1,roma,direct,none,0,4384,4096,4384,4096,18,10000,1549,affine,"[0.998586073148594, -0.0007708925489813306, 128.2022643482046, 0.002430708515005803, 1.0026553016897577, 489.3673131838591, 0.0, 0.0, 1.0]",20.637,18.204,1.94,ok,,none,,0,0,0,91c8b6725ea5b3fd117257056f9c9236e5a4ce1c
eval_MoTaTiZrHf-HEA-DDRX-900C_TEM_largeFOV-DislocationCharacterization_0#14,eval_MoTaTiZrHf-HEA-DDRX-900C_TEM_largeFOV-DislocationCharacterization_0,DislocationCharacterization,MoTaTiZrHf-HEA-DDRX-900C_TEM_largeFOV-DislocationCharacterization,arm1,roma,pyramid_v2,none,0,4384,4096,4384,4096,18,10000,1549,affine@direct,"[0.998586073148594, -0.0007708925489813306, 128.2022643482046, 0.002430708515005803, 1.0026553016897577, 489.3673131838591, 0.0, 0.0, 1.0]",20.637,18.204,2.14,ok,,none,,0,0,0,91c8b6725ea5b3fd117257056f9c9236e5a4ce1c
eval_MoTaTiZrHf-HEA-DDRX-900C_TEM_largeFOV-DislocationCharacterization_0#15,eval_MoTaTiZrHf-HEA-DDRX-900C_TEM_largeFOV-DislocationCharacterization_0,DislocationCharacterization,MoTaTiZrHf-HEA-DDRX-900C_TEM_largeFOV-DislocationCharacterization,arm1,roma,direct,none,0,4384,4096,4384,4096,27,10000,1377,affine,"[1.0000405257159952, 0.005497911455708714, -23.41007928170302, 1.5975548496787223e-05, 0.9992614718435017, 3.1068365277255907, 0.0, 0.0, 1.0]",438.821,438.309,1.79,ok,,none,,0,0,0,91c8b6725ea5b3fd117257056f9c9236e5a4ce1c
eval_MoTaTiZrHf-HEA-DDRX-900C_TEM_largeFOV-DislocationCharacterization_0#15,eval_MoTaTiZrHf-HEA-DDRX-900C_TEM_largeFOV-DislocationCharacterization_0,DislocationCharacterization,MoTaTiZrHf-HEA-DDRX-900C_TEM_largeFOV-DislocationCharacterization,arm1,roma,pyramid_v2,none,0,4384,4096,4384,4096,27,10000,1377,affine@direct,"[1.0000405257159952, 0.005497911455708714, -23.41007928170302, 1.5975548496787223e-05, 0.9992614718435017, 3.1068365277255907, 0.0, 0.0, 1.0]",438.821,438.309,1.82,ok,,none,,0,0,0,91c8b6725ea5b3fd117257056f9c9236e5a4ce1c
eval_MoTaTiZrHf-HEA-DDRX-900C_TEM_largeFOV-DislocationCharacterization_0#16,eval_MoTaTiZrHf-HEA-DDRX-900C_TEM_largeFOV-DislocationCharacterization_0,DislocationCharacterization,MoTaTiZrHf-HEA-DDRX-900C_TEM_largeFOV-DislocationCharacterization,arm1,roma,direct,none,0,4384,4096,4384,4096,27,10000,1634,affine,"[0.9968918582706505, -0.002873958562905617, 215.42294336880104, -0.006505658076388216, 0.999657108750425, 407.38880459027314, 0.0, 0.0, 1.0]",24.482,22.189,2.00,ok,,none,,0,0,0,91c8b6725ea5b3fd117257056f9c9236e5a4ce1c
eval_MoTaTiZrHf-HEA-DDRX-900C_TEM_largeFOV-DislocationCharacterization_0#16,eval_MoTaTiZrHf-HEA-DDRX-900C_TEM_largeFOV-DislocationCharacterization_0,DislocationCharacterization,MoTaTiZrHf-HEA-DDRX-900C_TEM_largeFOV-DislocationCharacterization,arm1,roma,pyramid_v2,none,0,4384,4096,4384,4096,27,10000,1634,affine@direct,"[0.9968918582706505, -0.002873958562905617, 215.42294336880104, -0.006505658076388216, 0.999657108750425, 407.38880459027314, 0.0, 0.0, 1.0]",24.482,22.189,2.13,ok,,none,,0,0,0,91c8b6725ea5b3fd117257056f9c9236e5a4ce1c
eval_MoTaTiZrHf-HEA-DDRX-900C_TEM_largeFOV-DislocationCharacterization_0#17,eval_MoTaTiZrHf-HEA-DDRX-900C_TEM_largeFOV-DislocationCharacterization_0,DislocationCharacterization,MoTaTiZrHf-HEA-DDRX-900C_TEM_largeFOV-DislocationCharacterization,arm1,roma,direct,none,0,4384,4096,4384,4096,27,10000,2105,homography,"[0.9950568457677416, -7.659563014117358e-05, 210.35539382680747, 0.0033516272751952848, 1.0024123355624928, 372.6722030795991, -7.429729672154361e-07, -2.5713551518668174e-07, 1.0]",26.142,22.998,1.81,ok,,none,,0,0,0,91c8b6725ea5b3fd117257056f9c9236e5a4ce1c
eval_MoTaTiZrHf-HEA-DDRX-900C_TEM_largeFOV-DislocationCharacterization_0#17,eval_MoTaTiZrHf-HEA-DDRX-900C_TEM_largeFOV-DislocationCharacterization_0,DislocationCharacterization,MoTaTiZrHf-HEA-DDRX-900C_TEM_largeFOV-DislocationCharacterization,arm1,roma,pyramid_v2,none,0,4384,4096,4384,4096,27,10000,2105,homography@direct,"[0.9950568457677416, -7.659563014117358e-05, 210.35539382680747, 0.0033516272751952848, 1.0024123355624928, 372.6722030795991, -7.429729672154361e-07, -2.5713551518668174e-07, 1.0]",26.142,22.998,2.00,ok,,none,,0,0,0,91c8b6725ea5b3fd117257056f9c9236e5a4ce1c
eval_MoTaTiZrHf-HEA-DDRX-900C_TEM_largeFOV-DislocationCharacterization_0#2,eval_MoTaTiZrHf-HEA-DDRX-900C_TEM_largeFOV-DislocationCharacterization_0,DislocationCharacterization,MoTaTiZrHf-HEA-DDRX-900C_TEM_largeFOV-DislocationCharacterization,arm1,roma,direct,none,0,4384,4096,4384,4096,18,10000,1450,affine,"[1.0001709269276178, -0.005406341115628532, 22.674124328198104, 3.200934060447462e-05, 1.0074955366909117, -32.024532876286685, 0.0, 0.0, 1.0]",527.210,529.861,1.86,ok,,none,,0,0,0,91c8b6725ea5b3fd117257056f9c9236e5a4ce1c
eval_MoTaTiZrHf-HEA-DDRX-900C_TEM_largeFOV-DislocationCharacterization_0#2,eval_MoTaTiZrHf-HEA-DDRX-900C_TEM_largeFOV-DislocationCharacterization_0,DislocationCharacterization,MoTaTiZrHf-HEA-DDRX-900C_TEM_largeFOV-DislocationCharacterization,arm1,roma,pyramid_v2,none,0,4384,4096,4384,4096,18,10000,1450,affine@direct,"[1.0001709269276178, -0.005406341115628532, 22.674124328198104, 3.200934060447462e-05, 1.0074955366909117, -32.024532876286685, 0.0, 0.0, 1.0]",527.210,529.861,2.05,ok,,none,,0,0,0,91c8b6725ea5b3fd117257056f9c9236e5a4ce1c
eval_MoTaTiZrHf-HEA-DDRX-900C_TEM_largeFOV-DislocationCharacterization_0#3,eval_MoTaTiZrHf-HEA-DDRX-900C_TEM_largeFOV-DislocationCharacterization_0,DislocationCharacterization,MoTaTiZrHf-HEA-DDRX-900C_TEM_largeFOV-DislocationCharacterization,arm1,roma,direct,none,0,4384,4096,4384,4096,27,10000,2449,affine,"[0.997365706718857, 0.0036073261615341724, 207.26750674747223, 0.0001275606658834789, 1.000245500585492, 378.7894321843887, 0.0, 0.0, 1.0]",21.787,17.993,1.95,ok,,none,,0,0,0,91c8b6725ea5b3fd117257056f9c9236e5a4ce1c
eval_MoTaTiZrHf-HEA-DDRX-900C_TEM_largeFOV-DislocationCharacterization_0#3,eval_MoTaTiZrHf-HEA-DDRX-900C_TEM_largeFOV-DislocationCharacterization_0,DislocationCharacterization,MoTaTiZrHf-HEA-DDRX-900C_TEM_largeFOV-DislocationCharacterization,arm1,roma,pyramid_v2,none,0,4384,4096,4384,4096,27,10000,2449,affine@direct,"[0.997365706718857, 0.0036073261615341724, 207.26750674747223, 0.0001275606658834789, 1.000245500585492, 378.7894321843887, 0.0, 0.0, 1.0]",21.787,17.993,1.88,ok,,none,,0,0,0,91c8b6725ea5b3fd117257056f9c9236e5a4ce1c
eval_MoTaTiZrHf-HEA-DDRX-900C_TEM_largeFOV-DislocationCharacterization_0#4,eval_MoTaTiZrHf-HEA-DDRX-900C_TEM_largeFOV-DislocationCharacterization_0,DislocationCharacterization,MoTaTiZrHf-HEA-DDRX-900C_TEM_largeFOV-DislocationCharacterization,arm1,roma,direct,none,0,4384,4096,4384,4096,27,10000,1031,homography,"[1.0084440435530455, 0.005896306076897611, -25.04548100169542, -0.00028362508395786076, 1.0180237931640883, -39.90313805204606, -2.1078210651118342e-08, 2.005109469706968e-06, 1.0]",449.019,447.736,1.90,ok,,none,,0,0,0,91c8b6725ea5b3fd117257056f9c9236e5a4ce1c
eval_MoTaTiZrHf-HEA-DDRX-900C_TEM_largeFOV-DislocationCharacterization_0#4,eval_MoTaTiZrHf-HEA-DDRX-900C_TEM_largeFOV-DislocationCharacterization_0,DislocationCharacterization,MoTaTiZrHf-HEA-DDRX-900C_TEM_largeFOV-DislocationCharacterization,arm1,roma,pyramid_v2,none,0,4384,4096,4384,4096,27,10000,1031,homography@direct,"[1.0084440435530455, 0.005896306076897611, -25.04548100169542, -0.00028362508395786076, 1.0180237931640883, -39.90313805204606, -2.1078210651118342e-08, 2.005109469706968e-06, 1.0]",449.019,447.736,2.16,ok,,none,,0,0,0,91c8b6725ea5b3fd117257056f9c9236e5a4ce1c
eval_MoTaTiZrHf-HEA-DDRX-900C_TEM_largeFOV-DislocationCharacterization_0#5,eval_MoTaTiZrHf-HEA-DDRX-900C_TEM_largeFOV-DislocationCharacterization_0,DislocationCharacterization,MoTaTiZrHf-HEA-DDRX-900C_TEM_largeFOV-DislocationCharacterization,arm1,roma,direct,none,0,4384,4096,4384,4096,27,10000,1075,affine,"[0.9998661236847339, 0.0008617795276014058, -3.5105397211218587, 0.00010791502643444887, 1.0012872569002578, -5.466855766177105, 0.0, 0.0, 1.0]",437.584,437.716,1.81,ok,,none,,0,0,0,91c8b6725ea5b3fd117257056f9c9236e5a4ce1c
eval_MoTaTiZrHf-HEA-DDRX-900C_TEM_largeFOV-DislocationCharacterization_0#5,eval_MoTaTiZrHf-HEA-DDRX-900C_TEM_largeFOV-DislocationCharacterization_0,DislocationCharacterization,MoTaTiZrHf-HEA-DDRX-900C_TEM_largeFOV-DislocationCharacterization,arm1,roma,pyramid_v2,none,0,4384,4096,4384,4096,27,10000,1075,affine@direct,"[0.9998661236847339, 0.0008617795276014058, -3.5105397211218587, 0.00010791502643444887, 1.0012872569002578, -5.466855766177105, 0.0, 0.0, 1.0]",437.584,437.716,1.91,ok,,none,,0,0,0,91c8b6725ea5b3fd117257056f9c9236e5a4ce1c
eval_MoTaTiZrHf-HEA-DDRX-900C_TEM_largeFOV-DislocationCharacterization_0#6,eval_MoTaTiZrHf-HEA-DDRX-900C_TEM_largeFOV-DislocationCharacterization_0,DislocationCharacterization,MoTaTiZrHf-HEA-DDRX-900C_TEM_largeFOV-DislocationCharacterization,arm1,roma,direct,none,0,4384,4096,4384,4096,18,10000,2446,affine,"[0.9998616198664977, -0.004182626219913592, 18.063996883170603, 1.2364146313396639e-05, 0.9986961685136386, 5.5225554892222135, 0.0, 0.0, 1.0]",504.256,501.851,1.88,ok,,none,,0,0,0,91c8b6725ea5b3fd117257056f9c9236e5a4ce1c
eval_MoTaTiZrHf-HEA-DDRX-900C_TEM_largeFOV-DislocationCharacterization_0#6,eval_MoTaTiZrHf-HEA-DDRX-900C_TEM_largeFOV-DislocationCharacterization_0,DislocationCharacterization,MoTaTiZrHf-HEA-DDRX-900C_TEM_largeFOV-DislocationCharacterization,arm1,roma,pyramid_v2,none,0,4384,4096,4384,4096,18,10000,2446,affine@direct,"[0.9998616198664977, -0.004182626219913592, 18.063996883170603, 1.2364146313396639e-05, 0.9986961685136386, 5.5225554892222135, 0.0, 0.0, 1.0]",504.256,501.851,2.09,ok,,none,,0,0,0,91c8b6725ea5b3fd117257056f9c9236e5a4ce1c
eval_MoTaTiZrHf-HEA-DDRX-900C_TEM_largeFOV-DislocationCharacterization_0#7,eval_MoTaTiZrHf-HEA-DDRX-900C_TEM_largeFOV-DislocationCharacterization_0,DislocationCharacterization,MoTaTiZrHf-HEA-DDRX-900C_TEM_largeFOV-DislocationCharacterization,arm1,roma,direct,none,0,4384,4096,4384,4096,18,10000,1260,affine,"[1.0000453079291018, -6.086136424216699e-05, 0.1930355581346248, -3.5693350820991247e-06, 0.9990947069006225, 3.898116239150113, 0.0, 0.0, 1.0]",507.649,506.670,1.95,ok,,none,,0,0,0,91c8b6725ea5b3fd117257056f9c9236e5a4ce1c
eval_MoTaTiZrHf-HEA-DDRX-900C_TEM_largeFOV-DislocationCharacterization_0#7,eval_MoTaTiZrHf-HEA-DDRX-900C_TEM_largeFOV-DislocationCharacterization_0,DislocationCharacterization,MoTaTiZrHf-HEA-DDRX-900C_TEM_largeFOV-DislocationCharacterization,arm1,roma,pyramid_v2,none,0,4384,4096,4384,4096,18,10000,1260,affine@direct,"[1.0000453079291018, -6.086136424216699e-05, 0.1930355581346248, -3.5693350820991247e-06, 0.9990947069006225, 3.898116239150113, 0.0, 0.0, 1.0]",507.649,506.670,2.02,ok,,none,,0,0,0,91c8b6725ea5b3fd117257056f9c9236e5a4ce1c
eval_MoTaTiZrHf-HEA-DDRX-900C_TEM_largeFOV-DislocationCharacterization_0#8,eval_MoTaTiZrHf-HEA-DDRX-900C_TEM_largeFOV-DislocationCharacterization_0,DislocationCharacterization,MoTaTiZrHf-HEA-DDRX-900C_TEM_largeFOV-DislocationCharacterization,arm1,roma,direct,none,0,4384,4096,4384,4096,18,10000,725,affine,"[0.9999771706840148, -0.003682353645043353, 15.748451105912181, -6.861887831767053e-05, 0.995726991040746, 18.37212882075164, 0.0, 0.0, 1.0]",496.560,493.121,1.89,ok,,none,,0,0,0,91c8b6725ea5b3fd117257056f9c9236e5a4ce1c
eval_MoTaTiZrHf-HEA-DDRX-900C_TEM_largeFOV-DislocationCharacterization_0#8,eval_MoTaTiZrHf-HEA-DDRX-900C_TEM_largeFOV-DislocationCharacterization_0,DislocationCharacterization,MoTaTiZrHf-HEA-DDRX-900C_TEM_largeFOV-DislocationCharacterization,arm1,roma,pyramid_v2,none,0,4384,4096,4384,4096,18,10000,725,affine@direct,"[0.9999771706840148, -0.003682353645043353, 15.748451105912181, -6.861887831767053e-05, 0.995726991040746, 18.37212882075164, 0.0, 0.0, 1.0]",496.560,493.121,2.05,ok,,none,,0,0,0,91c8b6725ea5b3fd117257056f9c9236e5a4ce1c
eval_MoTaTiZrHf-HEA-DDRX-900C_TEM_largeFOV-DislocationCharacterization_0#9,eval_MoTaTiZrHf-HEA-DDRX-900C_TEM_largeFOV-DislocationCharacterization_0,DislocationCharacterization,MoTaTiZrHf-HEA-DDRX-900C_TEM_largeFOV-DislocationCharacterization,arm1,roma,direct,none,0,4384,4096,4384,4096,27,10000,2740,affine,"[0.999806461579478, -0.002226003290795037, 9.769968402868471, -3.567564789594378e-05, 1.0011221822605731, -4.70451103250798, 0.0, 0.0, 1.0]",434.061,434.046,1.90,ok,,none,,0,0,0,91c8b6725ea5b3fd117257056f9c9236e5a4ce1c
eval_MoTaTiZrHf-HEA-DDRX-900C_TEM_largeFOV-DislocationCharacterization_0#9,eval_MoTaTiZrHf-HEA-DDRX-900C_TEM_largeFOV-DislocationCharacterization_0,DislocationCharacterization,MoTaTiZrHf-HEA-DDRX-900C_TEM_largeFOV-DislocationCharacterization,arm1,roma,pyramid_v2,none,0,4384,4096,4384,4096,27,10000,2740,affine@direct,"[0.999806461579478, -0.002226003290795037, 9.769968402868471, -3.567564789594378e-05, 1.0011221822605731, -4.70451103250798, 0.0, 0.0, 1.0]",434.061,434.046,2.17,ok,,none,,0,0,0,91c8b6725ea5b3fd117257056f9c9236e5a4ce1c
eval_C103_SEM-SE_LOM-DC-Height_FractureSurfaces_2#1,eval_C103_SEM-SE_LOM-DC-Height_FractureSurfaces_2,FractureSurfaces,C103_SEM-SE_LOM-DC-Height_FractureSurfaces,arm1,roma,direct,none,0,2004,3072,3103,3000,58,10000,855,affine,"[-0.16421303434464266, 0.9757959863023437, 151.68533042511626, -0.9060661399720066, 0.013174801999249914, 2033.2116931182363, 0.0, 0.0, 1.0]",74.119,58.718,1.81,ok,,overlay,bottom,184,285,0,91c8b6725ea5b3fd117257056f9c9236e5a4ce1c
eval_C103_SEM-SE_LOM-DC-Height_FractureSurfaces_2#1,eval_C103_SEM-SE_LOM-DC-Height_FractureSurfaces_2,FractureSurfaces,C103_SEM-SE_LOM-DC-Height_FractureSurfaces,arm1,roma,pyramid_v2,none,0,2004,3072,3103,3000,58,10000,855,affine@direct,"[-0.16421303434464266, 0.9757959863023437, 151.68533042511626, -0.9060661399720066, 0.013174801999249914, 2033.2116931182363, 0.0, 0.0, 1.0]",74.119,58.718,1.74,ok,,overlay,bottom,184,285,0,91c8b6725ea5b3fd117257056f9c9236e5a4ce1c
eval_MoTaTiZrHf-HEA-DDRX-1100C_TEM_DislocationCharacterization_0#0,eval_MoTaTiZrHf-HEA-DDRX-1100C_TEM_DislocationCharacterization_0,DislocationCharacterization,MoTaTiZrHf-HEA-DDRX-1100C_TEM_DislocationCharacterization,arm1,roma,direct,none,0,2004,2048,2004,2048,24,10000,9141,homography,"[0.9756312658345523, -0.062439987231823924, 50.549491676511934, 0.0006238970534163649, 0.996159687726928, -43.57196052380498, -5.085877662889054e-07, 2.8873158294232065e-06, 1.0]",27.405,31.685,1.65,ok,,overlay,bottom,188,188,1,91c8b6725ea5b3fd117257056f9c9236e5a4ce1c
eval_MoTaTiZrHf-HEA-DDRX-1100C_TEM_DislocationCharacterization_0#0,eval_MoTaTiZrHf-HEA-DDRX-1100C_TEM_DislocationCharacterization_0,DislocationCharacterization,MoTaTiZrHf-HEA-DDRX-1100C_TEM_DislocationCharacterization,arm1,roma,pyramid_v2,none,0,2004,2048,2004,2048,24,10000,9141,homography@direct,"[0.9756312658345523, -0.062439987231823924, 50.549491676511934, 0.0006238970534163649, 0.996159687726928, -43.57196052380498, -5.085877662889054e-07, 2.8873158294232065e-06, 1.0]",27.405,31.685,1.72,ok,,overlay,bottom,188,188,1,91c8b6725ea5b3fd117257056f9c9236e5a4ce1c
eval_MoTaTiZrHf-HEA-DDRX-1100C_TEM_DislocationCharacterization_0#1,eval_MoTaTiZrHf-HEA-DDRX-1100C_TEM_DislocationCharacterization_0,DislocationCharacterization,MoTaTiZrHf-HEA-DDRX-1100C_TEM_DislocationCharacterization,arm1,roma,direct,none,0,2004,2048,2004,2048,24,10000,6222,affine,"[0.9755859400269501, -0.056264445808449734, 51.24217070597001, -0.0003441869925507568, 0.9944944049538853, -46.271023490784955, 0.0, 0.0, 1.0]",17.933,17.068,1.94,ok,,overlay,bottom,188,188,1,91c8b6725ea5b3fd117257056f9c9236e5a4ce1c
eval_MoTaTiZrHf-HEA-DDRX-1100C_TEM_DislocationCharacterization_0#1,eval_MoTaTiZrHf-HEA-DDRX-1100C_TEM_DislocationCharacterization_0,DislocationCharacterization,MoTaTiZrHf-HEA-DDRX-1100C_TEM_DislocationCharacterization,arm1,roma,pyramid_v2,none,0,2004,2048,2004,2048,24,10000,6222,affine@direct,"[0.9755859400269501, -0.056264445808449734, 51.24217070597001, -0.0003441869925507568, 0.9944944049538853, -46.271023490784955, 0.0, 0.0, 1.0]",17.933,17.068,1.79,ok,,overlay,bottom,188,188,1,91c8b6725ea5b3fd117257056f9c9236e5a4ce1c
eval_MoTaTiZrHf-HEA-DDRX-1100C_TEM_DislocationCharacterization_0#10,eval_MoTaTiZrHf-HEA-DDRX-1100C_TEM_DislocationCharacterization_0,DislocationCharacterization,MoTaTiZrHf-HEA-DDRX-1100C_TEM_DislocationCharacterization,arm1,roma,direct,none,0,2004,2048,2004,2048,24,10000,2606,homography,"[0.9649242939278891, -0.030111728994292323, 39.6044761535203, -0.007404040887702743, 0.9906079299122955, -33.804589928559814, -8.790876929223956e-06, 7.028235675177704e-06, 1.0]",18.535,15.344,1.85,ok,,overlay,bottom,188,188,1,91c8b6725ea5b3fd117257056f9c9236e5a4ce1c
eval_MoTaTiZrHf-HEA-DDRX-1100C_TEM_DislocationCharacterization_0#10,eval_MoTaTiZrHf-HEA-DDRX-1100C_TEM_DislocationCharacterization_0,DislocationCharacterization,MoTaTiZrHf-HEA-DDRX-1100C_TEM_DislocationCharacterization,arm1,roma,pyramid_v2,none,0,2004,2048,2004,2048,24,10000,2606,homography@direct,"[0.9649242939278891, -0.030111728994292323, 39.6044761535203, -0.007404040887702743, 0.9906079299122955, -33.804589928559814, -8.790876929223956e-06, 7.028235675177704e-06, 1.0]",18.535,15.344,1.74,ok,,overlay,bottom,188,188,1,91c8b6725ea5b3fd117257056f9c9236e5a4ce1c
eval_MoTaTiZrHf-HEA-DDRX-1100C_TEM_DislocationCharacterization_0#11,eval_MoTaTiZrHf-HEA-DDRX-1100C_TEM_DislocationCharacterization_0,DislocationCharacterization,MoTaTiZrHf-HEA-DDRX-1100C_TEM_DislocationCharacterization,arm1,roma,direct,none,0,2004,2048,2004,2048,24,10000,8218,affine,"[0.9724549806585442, -0.06568946672073413, 61.57215713857727, 0.0010451813953620908, 0.9932350984765057, -47.13010559248278, 0.0, 0.0, 1.0]",22.214,25.002,1.73,ok,,overlay,bottom,188,188,1,91c8b6725ea5b3fd117257056f9c9236e5a4ce1c
eval_MoTaTiZrHf-HEA-DDRX-1100C_TEM_DislocationCharacterization_0#11,eval_MoTaTiZrHf-HEA-DDRX-1100C_TEM_DislocationCharacterization_0,DislocationCharacterization,MoTaTiZrHf-HEA-DDRX-1100C_TEM_DislocationCharacterization,arm1,roma,pyramid_v2,none,0,2004,2048,2004,2048,24,10000,8218,affine@direct,"[0.9724549806585442, -0.06568946672073413, 61.57215713857727, 0.0010451813953620908, 0.9932350984765057, -47.13010559248278, 0.0, 0.0, 1.0]",22.214,25.002,1.71,ok,,overlay,bottom,188,188,1,91c8b6725ea5b3fd117257056f9c9236e5a4ce1c
eval_MoTaTiZrHf-HEA-DDRX-1100C_TEM_DislocationCharacterization_0#12,eval_MoTaTiZrHf-HEA-DDRX-1100C_TEM_DislocationCharacterization_0,DislocationCharacterization,MoTaTiZrHf-HEA-DDRX-1100C_TEM_DislocationCharacterization,arm1,roma,direct,none,0,2004,2048,2004,2048,17,10000,2684,homography,"[0.9761862328674541, -0.004180367276325668, -7.659432534918244, 0.0015073103854832048, 0.993330958508732, -153.23950156464642, -1.7935307160887782e-09, 8.551286210678116e-06, 1.0]",17.643,10.865,1.76,ok,,overlay,bottom,188,188,0,91c8b6725ea5b3fd117257056f9c9236e5a4ce1c
eval_MoTaTiZrHf-HEA-DDRX-1100C_TEM_DislocationCharacterization_0#12,eval_MoTaTiZrHf-HEA-DDRX-1100C_TEM_DislocationCharacterization_0,DislocationCharacterization,MoTaTiZrHf-HEA-DDRX-1100C_TEM_DislocationCharacterization,arm1,roma,pyramid_v2,none,0,2004,2048,2004,2048,17,10000,2684,homography@direct,"[0.9761862328674541, -0.004180367276325668, -7.659432534918244, 0.0015073103854832048, 0.993330958508732, -153.23950156464642, -1.7935307160887782e-09, 8.551286210678116e-06, 1.0]",17.643,10.865,1.77,ok,,overlay,bottom,188,188,0,91c8b6725ea5b3fd117257056f9c9236e5a4ce1c
eval_MoTaTiZrHf-HEA-DDRX-1100C_TEM_DislocationCharacterization_0#13,eval_MoTaTiZrHf-HEA-DDRX-1100C_TEM_DislocationCharacterization_0,DislocationCharacterization,MoTaTiZrHf-HEA-DDRX-1100C_TEM_DislocationCharacterization,arm1,roma,direct,none,0,2004,2048,2004,2048,17,10000,5137,homography,"[0.9722425631738806, -0.030275267239765386, 26.572171096056238, 0.0011859363380275511, 0.9960034362327289, -161.7931370578419, -4.075118781390802e-06, 8.563856933314531e-06, 1.0]",13.340,13.389,1.69,ok,,overlay,bottom,188,188,0,91c8b6725ea5b3fd117257056f9c9236e5a4ce1c
eval_MoTaTiZrHf-HEA-DDRX-1100C_TEM_DislocationCharacterization_0#13,eval_MoTaTiZrHf-HEA-DDRX-1100C_TEM_DislocationCharacterization_0,DislocationCharacterization,MoTaTiZrHf-HEA-DDRX-1100C_TEM_DislocationCharacterization,arm1,roma,pyramid_v2,none,0,2004,2048,2004,2048,17,10000,5137,homography@direct,"[0.9722425631738806, -0.030275267239765386, 26.572171096056238, 0.0011859363380275511, 0.9960034362327289, -161.7931370578419, -4.075118781390802e-06, 8.563856933314531e-06, 1.0]",13.340,13.389,1.77,ok,,overlay,bottom,188,188,0,91c8b6725ea5b3fd117257056f9c9236e5a4ce1c
eval_MoTaTiZrHf-HEA-DDRX-1100C_TEM_DislocationCharacterization_0#14,eval_MoTaTiZrHf-HEA-DDRX-1100C_TEM_DislocationCharacterization_0,DislocationCharacterization,MoTaTiZrHf-HEA-DDRX-1100C_TEM_DislocationCharacterization,arm1,roma,direct,none,0,2004,2048,2004,2048,17,10000,5261,affine,"[0.9751060350902907, -0.04489402773427953, 38.32978735728511, 0.004447314874984087, 0.9865907105849324, -157.1495972560718, 0.0, 0.0, 1.0]",14.146,14.186,1.61,ok,,overlay,bottom,188,188,0,91c8b6725ea5b3fd117257056f9c9236e5a4ce1c
eval_MoTaTiZrHf-HEA-DDRX-1100C_TEM_DislocationCharacterization_0#14,eval_MoTaTiZrHf-HEA-DDRX-1100C_TEM_DislocationCharacterization_0,DislocationCharacterization,MoTaTiZrHf-HEA-DDRX-1100C_TEM_DislocationCharacterization,arm1,roma,pyramid_v2,none,0,2004,2048,2004,2048,17,10000,5261,affine@direct,"[0.9751060350902907, -0.04489402773427953, 38.32978735728511, 0.004447314874984087, 0.9865907105849324, -157.1495972560718, 0.0, 0.0, 1.0]",14.146,14.186,1.74,ok,,overlay,bottom,188,188,0,91c8b6725ea5b3fd117257056f9c9236e5a4ce1c
eval_MoTaTiZrHf-HEA-DDRX-1100C_TEM_DislocationCharacterization_0#15,eval_MoTaTiZrHf-HEA-DDRX-1100C_TEM_DislocationCharacterization_0,DislocationCharacterization,MoTaTiZrHf-HEA-DDRX-1100C_TEM_DislocationCharacterization,arm1,roma,direct,none,0,2004,2048,2004,2048,17,10000,2257,affine,"[1.0678485715793953, -0.09203107501589453, -70.0616073749161, 0.020239060649514765, 1.036207219909009, -228.27399428855972, 0.0, 0.0, 1.0]",93.563,89.709,1.70,ok,,overlay,bottom,188,188,0,91c8b6725ea5b3fd117257056f9c9236e5a4ce1c
eval_MoTaTiZrHf-HEA-DDRX-1100C_TEM_DislocationCharacterization_0#15,eval_MoTaTiZrHf-HEA-DDRX-1100C_TEM_DislocationCharacterization_0,DislocationCharacterization,MoTaTiZrHf-HEA-DDRX-1100C_TEM_DislocationCharacterization,arm1,roma,pyramid_v2,none,0,2004,2048,2004,2048,17,10000,2257,affine@direct,"[1.0678485715793953, -0.09203107501589453, -70.0616073749161, 0.020239060649514765, 1.036207219909009, -228.27399428855972, 0.0, 0.0, 1.0]",93.563,89.709,1.81,ok,,overlay,bottom,188,188,0,91c8b6725ea5b3fd117257056f9c9236e5a4ce1c
eval_MoTaTiZrHf-HEA-DDRX-1100C_TEM_DislocationCharacterization_0#16,eval_MoTaTiZrHf-HEA-DDRX-1100C_TEM_DislocationCharacterization_0,DislocationCharacterization,MoTaTiZrHf-HEA-DDRX-1100C_TEM_DislocationCharacterization,arm1,roma,direct,none,0,2004,2048,2004,2048,24,10000,3153,homography,"[0.9524740953348635, -0.0552862339146763, 54.83158538196038, -0.021593284097038076, 0.978081740424857, -31.3645688171449, -1.7202988599330415e-05, -4.068276175637887e-06, 1.0]",20.281,19.575,1.51,ok,,overlay,bottom,188,188,1,91c8b6725ea5b3fd117257056f9c9236e5a4ce1c
eval_MoTaTiZrHf-HEA-DDRX-1100C_TEM_DislocationCharacterization_0#16,eval_MoTaTiZrHf-HEA-DDRX-1100C_TEM_DislocationCharacterization_0,DislocationCharacterization,MoTaTiZrHf-HEA-DDRX-1100C_TEM_DislocationCharacterization,arm1,roma,pyramid_v2,none,0,2004,2048,2004,2048,24,10000,3153,homography@direct,"[0.9524740953348635, -0.0552862339146763, 54.83158538196038, -0.021593284097038076, 0.978081740424857, -31.3645688171449, -1.7202988599330415e-05, -4.068276175637887e-06, 1.0]",20.281,19.575,1.73,ok,,overlay,bottom,188,188,1,91c8b6725ea5b3fd117257056f9c9236e5a4ce1c
eval_MoTaTiZrHf-HEA-DDRX-1100C_TEM_DislocationCharacterization_0#17,eval_MoTaTiZrHf-HEA-DDRX-1100C_TEM_DislocationCharacterization_0,DislocationCharacterization,MoTaTiZrHf-HEA-DDRX-1100C_TEM_DislocationCharacterization,arm1,roma,direct,none,0,2004,2048,2004,2048,24,10000,3061,homography,"[1.030078117015665, -0.02683685775822938, 14.166015084712951, 0.010902114359015487, 1.0713356940191323, -115.96844843800521, 8.237886591052548e-06, 2.178422853057444e-05, 1.0]",22.239,16.485,2.06,ok,,overlay,bottom,188,188,1,91c8b6725ea5b3fd117257056f9c9236e5a4ce1c
eval_MoTaTiZrHf-HEA-DDRX-1100C_TEM_DislocationCharacterization_0#17,eval_MoTaTiZrHf-HEA-DDRX-1100C_TEM_DislocationCharacterization_0,DislocationCharacterization,MoTaTiZrHf-HEA-DDRX-1100C_TEM_DislocationCharacterization,arm1,roma,pyramid_v2,none,0,2004,2048,2004,2048,24,10000,3061,homography@direct,"[1.030078117015665, -0.02683685775822938, 14.166015084712951, 0.010902114359015487, 1.0713356940191323, -115.96844843800521, 8.237886591052548e-06, 2.178422853057444e-05, 1.0]",22.239,16.485,1.92,ok,,overlay,bottom,188,188,1,91c8b6725ea5b3fd117257056f9c9236e5a4ce1c
eval_MoTaTiZrHf-HEA-DDRX-1100C_TEM_DislocationCharacterization_0#18,eval_MoTaTiZrHf-HEA-DDRX-1100C_TEM_DislocationCharacterization_0,DislocationCharacterization,MoTaTiZrHf-HEA-DDRX-1100C_TEM_DislocationCharacterization,arm1,roma,direct,none,0,2004,2048,2004,2048,24,10000,2738,affine,"[0.9866190085526051, -0.07948329733483805, 79.26249000840482, 0.0009240717038894857, 0.9950452905545937, -51.020029007417634, 0.0, 0.0, 1.0]",15.726,12.340,1.72,ok,,overlay,bottom,188,188,1,91c8b6725ea5b3fd117257056f9c9236e5a4ce1c
eval_MoTaTiZrHf-HEA-DDRX-1100C_TEM_DislocationCharacterization_0#18,eval_MoTaTiZrHf-HEA-DDRX-1100C_TEM_DislocationCharacterization_0,DislocationCharacterization,MoTaTiZrHf-HEA-DDRX-1100C_TEM_DislocationCharacterization,arm1,roma,pyramid_v2,none,0,2004,2048,2004,2048,24,10000,2738,affine@direct,"[0.9866190085526051, -0.07948329733483805, 79.26249000840482, 0.0009240717038894857, 0.9950452905545937, -51.020029007417634, 0.0, 0.0, 1.0]",15.726,12.340,1.74,ok,,overlay,bottom,188,188,1,91c8b6725ea5b3fd117257056f9c9236e5a4ce1c
eval_MoTaTiZrHf-HEA-DDRX-1100C_TEM_DislocationCharacterization_0#19,eval_MoTaTiZrHf-HEA-DDRX-1100C_TEM_DislocationCharacterization_0,DislocationCharacterization,MoTaTiZrHf-HEA-DDRX-1100C_TEM_DislocationCharacterization,arm1,roma,direct,none,0,2004,2048,2004,2048,24,10000,9644,homography,"[0.9778373853097869, -0.060661515795312544, 52.58898242999837, -5.51345326111633e-05, 0.9989864381308551, -48.48993253465691, 1.6574063807523427e-07, 4.093830068331725e-06, 1.0]",24.714,27.832,1.63,ok,,overlay,bottom,188,188,1,91c8b6725ea5b3fd117257056f9c9236e5a4ce1c
eval_MoTaTiZrHf-HEA-DDRX-1100C_TEM_DislocationCharacterization_0#19,eval_MoTaTiZrHf-HEA-DDRX-1100C_TEM_DislocationCharacterization_0,DislocationCharacterization,MoTaTiZrHf-HEA-DDRX-1100C_TEM_DislocationCharacterization,arm1,roma,pyramid_v2,none,0,2004,2048,2004,2048,24,10000,9644,homography@direct,"[0.9778373853097869, -0.060661515795312544, 52.58898242999837, -5.51345326111633e-05, 0.9989864381308551, -48.48993253465691, 1.6574063807523427e-07, 4.093830068331725e-06, 1.0]",24.714,27.832,1.73,ok,,overlay,bottom,188,188,1,91c8b6725ea5b3fd117257056f9c9236e5a4ce1c
eval_MoTaTiZrHf-HEA-DDRX-1100C_TEM_DislocationCharacterization_0#2,eval_MoTaTiZrHf-HEA-DDRX-1100C_TEM_DislocationCharacterization_0,DislocationCharacterization,MoTaTiZrHf-HEA-DDRX-1100C_TEM_DislocationCharacterization,arm1,roma,direct,none,0,2004,2048,2004,2048,24,10000,5679,homography,"[0.9769757206547877, -0.04889958810474829, 48.14931495992965, -0.0023965451990994877, 0.9977568705436834, -46.18595851135246, 1.7266721675565894e-06, 2.3092356942416178e-06, 1.0]",19.221,18.338,1.69,ok,,overlay,bottom,188,188,1,91c8b6725ea5b3fd117257056f9c9236e5a4ce1c
eval_MoTaTiZrHf-HEA-DDRX-1100C_TEM_DislocationCharacterization_0#2,eval_MoTaTiZrHf-HEA-DDRX-1100C_TEM_DislocationCharacterization_0,DislocationCharacterization,MoTaTiZrHf-HEA-DDRX-1100C_TEM_DislocationCharacterization,arm1,roma,pyramid_v2,none,0,2004,2048,2004,2048,24,10000,5679,homography@direct,"[0.9769757206547877, -0.04889958810474829, 48.14931495992965, -0.0023965451990994877, 0.9977568705436834, -46.18595851135246, 1.7266721675565894e-06, 2.3092356942416178e-06, 1.0]",19.221,18.338,1.73,ok,,overlay,bottom,188,188,1,91c8b6725ea5b3fd117257056f9c9236e5a4ce1c
eval_MoTaTiZrHf-HEA-DDRX-1100C_TEM_DislocationCharacterization_0#20,eval_MoTaTiZrHf-HEA-DDRX-1100C_TEM_DislocationCharacterization_0,DislocationCharacterization,MoTaTiZrHf-HEA-DDRX-1100C_TEM_DislocationCharacterization,arm1,roma,direct,none,0,2004,2048,2004,2048,17,10000,1627,affine,"[0.937654420603636, 0.0018063375337657652, 30.479330157644654, -0.016505991812894298, 0.9688654355347585, -110.07313257642909, 0.0, 0.0, 1.0]",32.765,25.936,1.89,ok,,overlay,bottom,188,188,0,91c8b6725ea5b3fd117257056f9c9236e5a4ce1c
eval_MoTaTiZrHf-HEA-DDRX-1100C_TEM_DislocationCharacterization_0#20,eval_MoTaTiZrHf-HEA-DDRX-1100C_TEM_DislocationCharacterization_0,DislocationCharacterization,MoTaTiZrHf-HEA-DDRX-1100C_TEM_DislocationCharacterization,arm1,roma,pyramid_v2,none,0,2004,2048,2004,2048,17,10000,1627,affine@direct,"[0.937654420603636, 0.0018063375337657652, 30.479330157644654, -0.016505991812894298, 0.9688654355347585, -110.07313257642909, 0.0, 0.0, 1.0]",32.765,25.936,1.83,ok,,overlay,bottom,188,188,0,91c8b6725ea5b3fd117257056f9c9236e5a4ce1c
eval_MoTaTiZrHf-HEA-DDRX-1100C_TEM_DislocationCharacterization_0#21,eval_MoTaTiZrHf-HEA-DDRX-1100C_TEM_DislocationCharacterization_0,DislocationCharacterization,MoTaTiZrHf-HEA-DDRX-1100C_TEM_DislocationCharacterization,arm1,roma,direct,none,0,2004,2048,2004,2048,17,10000,4345,affine,"[0.9747274375374357, -0.042032117179512704, 31.842869808547352, 0.0018156403818292569, 0.9838785586203354, -153.7523213382974, 0.0, 0.0, 1.0]",12.630,12.684,1.67,ok,,overlay,bottom,188,188,0,91c8b6725ea5b3fd117257056f9c9236e5a4ce1c
eval_MoTaTiZrHf-HEA-DDRX-1100C_TEM_DislocationCharacterization_0#21,eval_MoTaTiZrHf-HEA-DDRX-1100C_TEM_DislocationCharacterization_0,DislocationCharacterization,MoTaTiZrHf-HEA-DDRX-1100C_TEM_DislocationCharacterization,arm1,roma,pyramid_v2,none,0,2004,2048,2004,2048,17,10000,4345,affine@direct,"[0.9747274375374357, -0.042032117179512704, 31.842869808547352, 0.0018156403818292569, 0.9838785586203354, -153.7523213382974, 0.0, 0.0, 1.0]",12.630,12.684,1.61,ok,,overlay,bottom,188,188,0,91c8b6725ea5b3fd117257056f9c9236e5a4ce1c
eval_MoTaTiZrHf-HEA-DDRX-1100C_TEM_DislocationCharacterization_0#22,eval_MoTaTiZrHf-HEA-DDRX-1100C_TEM_DislocationCharacterization_0,DislocationCharacterization,MoTaTiZrHf-HEA-DDRX-1100C_TEM_DislocationCharacterization,arm1,roma,direct,none,0,2004,2048,2004,2048,17,10000,4016,affine,"[0.9785488890817867, -0.037717947069004776, 24.911726039603764, 0.003572884566513198, 0.99275794044701, -164.96625247995178, 0.0, 0.0, 1.0]",16.779,16.699,1.69,ok,,overlay,bottom,188,188,0,91c8b6725ea5b3fd117257056f9c9236e5a4ce1c
eval_MoTaTiZrHf-HEA-DDRX-1100C_TEM_DislocationCharacterization_0#22,eval_MoTaTiZrHf-HEA-DDRX-1100C_TEM_DislocationCharacterization_0,DislocationCharacterization,MoTaTiZrHf-HEA-DDRX-1100C_TEM_DislocationCharacterization,arm1,roma,pyramid_v2,none,0,2004,2048,2004,2048,17,10000,4016,affine@direct,"[0.9785488890817867, -0.037717947069004776, 24.911726039603764, 0.003572884566513198, 0.99275794044701, -164.96625247995178, 0.0, 0.0, 1.0]",16.779,16.699,1.75,ok,,overlay,bottom,188,188,0,91c8b6725ea5b3fd117257056f9c9236e5a4ce1c
eval_MoTaTiZrHf-HEA-DDRX-1100C_TEM_DislocationCharacterization_0#23,eval_MoTaTiZrHf-HEA-DDRX-1100C_TEM_DislocationCharacterization_0,DislocationCharacterization,MoTaTiZrHf-HEA-DDRX-1100C_TEM_DislocationCharacterization,arm1,roma,direct,none,0,2004,2048,2004,2048,17,10000,2125,affine,"[1.0334746819939191, -0.05248900379308702, -43.77229129669445, 0.04347598560908565, 1.040054857995778, -267.2809905082246, 0.0, 0.0, 1.0]",65.835,66.657,1.78,ok,,overlay,bottom,188,188,0,91c8b6725ea5b3fd117257056f9c9236e5a4ce1c
eval_MoTaTiZrHf-HEA-DDRX-1100C_TEM_DislocationCharacterization_0#23,eval_MoTaTiZrHf-HEA-DDRX-1100C_TEM_DislocationCharacterization_0,DislocationCharacterization,MoTaTiZrHf-HEA-DDRX-1100C_TEM_DislocationCharacterization,arm1,roma,pyramid_v2,none,0,2004,2048,2004,2048,17,10000,2125,affine@direct,"[1.0334746819939191, -0.05248900379308702, -43.77229129669445, 0.04347598560908565, 1.040054857995778, -267.2809905082246, 0.0, 0.0, 1.0]",65.835,66.657,1.76,ok,,overlay,bottom,188,188,0,91c8b6725ea5b3fd117257056f9c9236e5a4ce1c
eval_MoTaTiZrHf-HEA-DDRX-1100C_TEM_DislocationCharacterization_0#24,eval_MoTaTiZrHf-HEA-DDRX-1100C_TEM_DislocationCharacterization_0,DislocationCharacterization,MoTaTiZrHf-HEA-DDRX-1100C_TEM_DislocationCharacterization,arm1,roma,direct,none,0,2004,2048,2004,2048,24,10000,119,affine,"[0.3105848683946652, 0.026955174254467976, 1498.7503671838892, -0.05885354904336678, 0.24758420254101532, 874.1404444901226, 0.0, 0.0, 1.0]",893.036,891.228,1.65,ok,,overlay,bottom,188,188,1,91c8b6725ea5b3fd117257056f9c9236e5a4ce1c
eval_MoTaTiZrHf-HEA-DDRX-1100C_TEM_DislocationCharacterization_0#24,eval_MoTaTiZrHf-HEA-DDRX-1100C_TEM_DislocationCharacterization_0,DislocationCharacterization,MoTaTiZrHf-HEA-DDRX-1100C_TEM_DislocationCharacterization,arm1,roma,pyramid_v2,none,0,2004,2048,2004,2048,24,10000,119,affine@direct,"[0.3105848683946652, 0.026955174254467976, 1498.7503671838892, -0.05885354904336678, 0.24758420254101532, 874.1404444901226, 0.0, 0.0, 1.0]",893.036,891.228,3.45,ok,,overlay,bottom,188,188,1,91c8b6725ea5b3fd117257056f9c9236e5a4ce1c
eval_MoTaTiZrHf-HEA-DDRX-1100C_TEM_DislocationCharacterization_0#25,eval_MoTaTiZrHf-HEA-DDRX-1100C_TEM_DislocationCharacterization_0,DislocationCharacterization,MoTaTiZrHf-HEA-DDRX-1100C_TEM_DislocationCharacterization,arm1,roma,direct,none,0,2004,2048,2004,2048,24,10000,588,homography,"[0.9965432501698386, -0.020097521123889184, 36.6708606285638, 0.004777252379011047, 1.016163272494686, -54.96079181246153, 2.7906187355265185e-06, 4.629060017433598e-05, 1.0]",78.195,92.689,1.64,ok,,overlay,bottom,188,188,1,91c8b6725ea5b3fd117257056f9c9236e5a4ce1c
eval_MoTaTiZrHf-HEA-DDRX-1100C_TEM_DislocationCharacterization_0#25,eval_MoTaTiZrHf-HEA-DDRX-1100C_TEM_DislocationCharacterization_0,DislocationCharacterization,MoTaTiZrHf-HEA-DDRX-1100C_TEM_DislocationCharacterization,arm1,roma,pyramid_v2,none,0,2004,2048,2004,2048,24,10000,588,homography@direct,"[0.9965432501698386, -0.020097521123889184, 36.6708606285638, 0.004777252379011047, 1.016163272494686, -54.96079181246153, 2.7906187355265185e-06, 4.629060017433598e-05, 1.0]",78.195,92.689,1.96,ok,,overlay,bottom,188,188,1,91c8b6725ea5b3fd117257056f9c9236e5a4ce1c
eval_MoTaTiZrHf-HEA-DDRX-1100C_TEM_DislocationCharacterization_0#26,eval_MoTaTiZrHf-HEA-DDRX-1100C_TEM_DislocationCharacterization_0,DislocationCharacterization,MoTaTiZrHf-HEA-DDRX-1100C_TEM_DislocationCharacterization,arm1,roma,direct,none,0,2004,2048,2004,2048,24,10000,52,affine,"[0.3054563741357961, 0.18397710981217844, 747.989606043151, -0.7015711268502802, -0.013150105872863384, 1920.3734076993233, 0.0, 0.0, 1.0]",797.763,764.322,1.62,ok,,overlay,bottom,188,188,1,91c8b6725ea5b3fd117257056f9c9236e5a4ce1c
eval_MoTaTiZrHf-HEA-DDRX-1100C_TEM_DislocationCharacterization_0#26,eval_MoTaTiZrHf-HEA-DDRX-1100C_TEM_DislocationCharacterization_0,DislocationCharacterization,MoTaTiZrHf-HEA-DDRX-1100C_TEM_DislocationCharacterization,arm1,roma,pyramid_v2,none,0,2004,2048,2004,2048,24,10000,97,affine@direct+zoom,"[-1.4401851520427351, -0.17803323616528835, 3393.0473431291543, 0.19741659168049117, 2.716175531269199, -2387.68925052463, 0.0, 0.0, 1.0]",1618.411,1576.804,3.41,ok,,overlay,bottom,188,188,1,91c8b6725ea5b3fd117257056f9c9236e5a4ce1c
eval_MoTaTiZrHf-HEA-DDRX-1100C_TEM_DislocationCharacterization_0#27,eval_MoTaTiZrHf-HEA-DDRX-1100C_TEM_DislocationCharacterization_0,DislocationCharacterization,MoTaTiZrHf-HEA-DDRX-1100C_TEM_DislocationCharacterization,arm1,roma,direct,none,0,2004,2048,2004,2048,24,10000,3682,affine,"[0.9742920194243103, -0.05797877410756647, 53.93029758360501, -0.00512106006600999, 0.9908095723504347, -30.819697372594305, 0.0, 0.0, 1.0]",19.276,19.212,1.68,ok,,overlay,bottom,188,188,1,91c8b6725ea5b3fd117257056f9c9236e5a4ce1c
eval_MoTaTiZrHf-HEA-DDRX-1100C_TEM_DislocationCharacterization_0#27,eval_MoTaTiZrHf-HEA-DDRX-1100C_TEM_DislocationCharacterization_0,DislocationCharacterization,MoTaTiZrHf-HEA-DDRX-1100C_TEM_DislocationCharacterization,arm1,roma,pyramid_v2,none,0,2004,2048,2004,2048,24,10000,3682,affine@direct,"[0.9742920194243103, -0.05797877410756647, 53.93029758360501, -0.00512106006600999, 0.9908095723504347, -30.819697372594305, 0.0, 0.0, 1.0]",19.276,19.212,1.74,ok,,overlay,bottom,188,188,1,91c8b6725ea5b3fd117257056f9c9236e5a4ce1c
eval_MoTaTiZrHf-HEA-DDRX-1100C_TEM_DislocationCharacterization_0#28,eval_MoTaTiZrHf-HEA-DDRX-1100C_TEM_DislocationCharacterization_0,DislocationCharacterization,MoTaTiZrHf-HEA-DDRX-1100C_TEM_DislocationCharacterization,arm1,roma,direct,none,0,2004,2048,2004,2048,17,10000,674,affine,"[0.984492327262422, 0.1475680707728187, -180.6897306426904, -0.012724305107478658, 0.8261362546233272, 34.6289874016627, 0.0, 0.0, 1.0]",161.011,179.470,1.67,ok,,overlay,bottom,188,188,0,91c8b6725ea5b3fd117257056f9c9236e5a4ce1c
eval_MoTaTiZrHf-HEA-DDRX-1100C_TEM_DislocationCharacterization_0#28,eval_MoTaTiZrHf-HEA-DDRX-1100C_TEM_DislocationCharacterization_0,DislocationCharacterization,MoTaTiZrHf-HEA-DDRX-1100C_TEM_DislocationCharacterization,arm1,roma,pyramid_v2,none,0,2004,2048,2004,2048,17,10000,674,affine@direct,"[0.984492327262422, 0.1475680707728187, -180.6897306426904, -0.012724305107478658, 0.8261362546233272, 34.6289874016627, 0.0, 0.0, 1.0]",161.011,179.470,1.78,ok,,overlay,bottom,188,188,0,91c8b6725ea5b3fd117257056f9c9236e5a4ce1c
eval_MoTaTiZrHf-HEA-DDRX-1100C_TEM_DislocationCharacterization_0#29,eval_MoTaTiZrHf-HEA-DDRX-1100C_TEM_DislocationCharacterization_0,DislocationCharacterization,MoTaTiZrHf-HEA-DDRX-1100C_TEM_DislocationCharacterization,arm1,roma,direct,none,0,2004,2048,2004,2048,17,10000,269,affine,"[-0.06088915474818763, 0.02290018336188584, 2018.2365629510648, -0.08184816245329238, 0.15512800735058374, 1173.8361975529726, 0.0, 0.0, 1.0]",1066.837,969.007,1.53,ok,,overlay,bottom,188,188,0,91c8b6725ea5b3fd117257056f9c9236e5a4ce1c
eval_MoTaTiZrHf-HEA-DDRX-1100C_TEM_DislocationCharacterization_0#29,eval_MoTaTiZrHf-HEA-DDRX-1100C_TEM_DislocationCharacterization_0,DislocationCharacterization,MoTaTiZrHf-HEA-DDRX-1100C_TEM_DislocationCharacterization,arm1,roma,pyramid_v2,none,0,2004,2048,2004,2048,17,10000,269,affine@direct,"[-0.06088915474818763, 0.02290018336188584, 2018.2365629510648, -0.08184816245329238, 0.15512800735058374, 1173.8361975529726, 0.0, 0.0, 1.0]",1066.837,969.007,3.24,ok,,overlay,bottom,188,188,0,91c8b6725ea5b3fd117257056f9c9236e5a4ce1c
eval_MoTaTiZrHf-HEA-DDRX-1100C_TEM_DislocationCharacterization_0#3,eval_MoTaTiZrHf-HEA-DDRX-1100C_TEM_DislocationCharacterization_0,DislocationCharacterization,MoTaTiZrHf-HEA-DDRX-1100C_TEM_DislocationCharacterization,arm1,roma,direct,none,0,2004,2048,2004,2048,24,10000,3268,homography,"[0.9500708541673267, -0.0665399413199373, 69.44643747009303, -0.0030096918695576, 0.9714858715012528, -54.386612617895665, -7.955373912037626e-06, -1.3020619335955284e-05, 1.0]",19.962,19.131,1.57,ok,,overlay,bottom,188,188,1,91c8b6725ea5b3fd117257056f9c9236e5a4ce1c
eval_MoTaTiZrHf-HEA-DDRX-1100C_TEM_DislocationCharacterization_0#3,eval_MoTaTiZrHf-HEA-DDRX-1100C_TEM_DislocationCharacterization_0,DislocationCharacterization,MoTaTiZrHf-HEA-DDRX-1100C_TEM_DislocationCharacterization,arm1,roma,pyramid_v2,none,0,2004,2048,2004,2048,24,10000,3268,homography@direct,"[0.9500708541673267, -0.0665399413199373, 69.44643747009303, -0.0030096918695576, 0.9714858715012528, -54.386612617895665, -7.955373912037626e-06, -1.3020619335955284e-05, 1.0]",19.962,19.131,1.73,ok,,overlay,bottom,188,188,1,91c8b6725ea5b3fd117257056f9c9236e5a4ce1c
eval_MoTaTiZrHf-HEA-DDRX-1100C_TEM_DislocationCharacterization_0#30,eval_MoTaTiZrHf-HEA-DDRX-1100C_TEM_DislocationCharacterization_0,DislocationCharacterization,MoTaTiZrHf-HEA-DDRX-1100C_TEM_DislocationCharacterization,arm1,roma,direct,none,0,2004,2048,2004,2048,17,10000,184,affine,"[3.697438482105163, 0.02834116534523069, 509.32508923730234, 0.3772926718354039, 5.520024513777355, -5914.646429183949, 0.0, 0.0, 1.0]",4825.177,4695.075,1.55,ok,,overlay,bottom,188,188,0,91c8b6725ea5b3fd117257056f9c9236e5a4ce1c
eval_MoTaTiZrHf-HEA-DDRX-1100C_TEM_DislocationCharacterization_0#30,eval_MoTaTiZrHf-HEA-DDRX-1100C_TEM_DislocationCharacterization_0,DislocationCharacterization,MoTaTiZrHf-HEA-DDRX-1100C_TEM_DislocationCharacterization,arm1,roma,pyramid_v2,none,0,2004,2048,2004,2048,17,10000,218,homography@tile,"[-0.1697761396886365, -1.0893135696899425, 1672.910354094904, -0.017485376699848433, -0.27781877029262425, 427.2038983705804, -0.0001275560834355716, -0.0006543735235778215, 0.9999999999999999]",1798.344,1468.272,6.54,ok,,overlay,bottom,188,188,0,91c8b6725ea5b3fd117257056f9c9236e5a4ce1c
eval_MoTaTiZrHf-HEA-DDRX-1100C_TEM_DislocationCharacterization_0#31,eval_MoTaTiZrHf-HEA-DDRX-1100C_TEM_DislocationCharacterization_0,DislocationCharacterization,MoTaTiZrHf-HEA-DDRX-1100C_TEM_DislocationCharacterization,arm1,roma,direct,none,0,2004,2048,2004,2048,17,10000,5765,affine,"[0.9779464852667648, -0.041850162610431556, 28.16986589414489, 0.0009324571256654541, 0.9924422254939926, -161.43157726250172, 0.0, 0.0, 1.0]",16.499,16.954,1.67,ok,,overlay,bottom,188,188,0,91c8b6725ea5b3fd117257056f9c9236e5a4ce1c
eval_MoTaTiZrHf-HEA-DDRX-1100C_TEM_DislocationCharacterization_0#31,eval_MoTaTiZrHf-HEA-DDRX-1100C_TEM_DislocationCharacterization_0,DislocationCharacterization,MoTaTiZrHf-HEA-DDRX-1100C_TEM_DislocationCharacterization,arm1,roma,pyramid_v2,none,0,2004,2048,2004,2048,17,10000,5765,affine@direct,"[0.9779464852667648, -0.041850162610431556, 28.16986589414489, 0.0009324571256654541, 0.9924422254939926, -161.43157726250172, 0.0, 0.0, 1.0]",16.499,16.954,1.73,ok,,overlay,bottom,188,188,0,91c8b6725ea5b3fd117257056f9c9236e5a4ce1c
eval_MoTaTiZrHf-HEA-DDRX-1100C_TEM_DislocationCharacterization_0#4,eval_MoTaTiZrHf-HEA-DDRX-1100C_TEM_DislocationCharacterization_0,DislocationCharacterization,MoTaTiZrHf-HEA-DDRX-1100C_TEM_DislocationCharacterization,arm1,roma,direct,none,0,2004,2048,2004,2048,17,10000,4967,homography,"[0.9962508775441217, -0.017125458712777878, 12.829838615753728, 0.006416261110219309, 1.0176582522830337, -166.99369190948326, 3.0088517770667364e-06, 1.9429844468147936e-05, 0.9999999999999999]",14.748,13.979,1.68,ok,,overlay,bottom,188,188,0,91c8b6725ea5b3fd117257056f9c9236e5a4ce1c
eval_MoTaTiZrHf-HEA-DDRX-1100C_TEM_DislocationCharacterization_0#4,eval_MoTaTiZrHf-HEA-DDRX-1100C_TEM_DislocationCharacterization_0,DislocationCharacterization,MoTaTiZrHf-HEA-DDRX-1100C_TEM_DislocationCharacterization,arm1,roma,pyramid_v2,none,0,2004,2048,2004,2048,17,10000,4967,homography@direct,"[0.9962508775441217, -0.017125458712777878, 12.829838615753728, 0.006416261110219309, 1.0176582522830337, -166.99369190948326, 3.0088517770667364e-06, 1.9429844468147936e-05, 0.9999999999999999]",14.748,13.979,1.64,ok,,overlay,bottom,188,188,0,91c8b6725ea5b3fd117257056f9c9236e5a4ce1c
eval_MoTaTiZrHf-HEA-DDRX-1100C_TEM_DislocationCharacterization_0#5,eval_MoTaTiZrHf-HEA-DDRX-1100C_TEM_DislocationCharacterization_0,DislocationCharacterization,MoTaTiZrHf-HEA-DDRX-1100C_TEM_DislocationCharacterization,arm1,roma,direct,none,0,2004,2048,2004,2048,17,10000,3077,homography,"[0.9764208552235203, -0.028274034136248325, 9.069036684790934, 0.012549624639703112, 0.9581434248578666, -136.48394317667504, 8.971912046974125e-06, -1.0828138408799857e-05, 1.0]",15.051,17.375,1.59,ok,,overlay,bottom,188,188,0,91c8b6725ea5b3fd117257056f9c9236e5a4ce1c
eval_MoTaTiZrHf-HEA-DDRX-1100C_TEM_DislocationCharacterization_0#5,eval_MoTaTiZrHf-HEA-DDRX-1100C_TEM_DislocationCharacterization_0,DislocationCharacterization,MoTaTiZrHf-HEA-DDRX-1100C_TEM_DislocationCharacterization,arm1,roma,pyramid_v2,none,0,2004,2048,2004,2048,17,10000,3077,homography@direct,"[0.9764208552235203, -0.028274034136248325, 9.069036684790934, 0.012549624639703112, 0.9581434248578666, -136.48394317667504, 8.971912046974125e-06, -1.0828138408799857e-05, 1.0]",15.051,17.375,1.73,ok,,overlay,bottom,188,188,0,91c8b6725ea5b3fd117257056f9c9236e5a4ce1c
eval_MoTaTiZrHf-HEA-DDRX-1100C_TEM_DislocationCharacterization_0#6,eval_MoTaTiZrHf-HEA-DDRX-1100C_TEM_DislocationCharacterization_0,DislocationCharacterization,MoTaTiZrHf-HEA-DDRX-1100C_TEM_DislocationCharacterization,arm1,roma,direct,none,0,2004,2048,2004,2048,17,10000,2582,homography,"[1.0680167140566625, -0.05433905037566086, -6.9607709264712545, 0.03511760019694713, 1.0387477341854718, -207.91851120525297, 1.533727359205003e-05, 2.5098511610356916e-05, 1.0]",30.058,27.854,1.68,ok,,overlay,bottom,188,188,0,91c8b6725ea5b3fd117257056f9c9236e5a4ce1c
eval_MoTaTiZrHf-HEA-DDRX-1100C_TEM_DislocationCharacterization_0#6,eval_MoTaTiZrHf-HEA-DDRX-1100C_TEM_DislocationCharacterization_0,DislocationCharacterization,MoTaTiZrHf-HEA-DDRX-1100C_TEM_DislocationCharacterization,arm1,roma,pyramid_v2,none,0,2004,2048,2004,2048,17,10000,2582,homography@direct,"[1.0680167140566625, -0.05433905037566086, -6.9607709264712545, 0.03511760019694713, 1.0387477341854718, -207.91851120525297, 1.533727359205003e-05, 2.5098511610356916e-05, 1.0]",30.058,27.854,1.83,ok,,overlay,bottom,188,188,0,91c8b6725ea5b3fd117257056f9c9236e5a4ce1c
eval_MoTaTiZrHf-HEA-DDRX-1100C_TEM_DislocationCharacterization_0#7,eval_MoTaTiZrHf-HEA-DDRX-1100C_TEM_DislocationCharacterization_0,DislocationCharacterization,MoTaTiZrHf-HEA-DDRX-1100C_TEM_DislocationCharacterization,arm1,roma,direct,none,0,2004,2048,2004,2048,17,10000,2731,affine,"[0.9687723574398506, -0.04549391106188163, 48.19812004284472, -0.005278263641085703, 0.9248934753999338, -62.316564865319606, 0.0, 0.0, 1.0]",26.777,21.379,1.84,ok,,overlay,bottom,188,188,0,91c8b6725ea5b3fd117257056f9c9236e5a4ce1c
eval_MoTaTiZrHf-HEA-DDRX-1100C_TEM_DislocationCharacterization_0#7,eval_MoTaTiZrHf-HEA-DDRX-1100C_TEM_DislocationCharacterization_0,DislocationCharacterization,MoTaTiZrHf-HEA-DDRX-1100C_TEM_DislocationCharacterization,arm1,roma,pyramid_v2,none,0,2004,2048,2004,2048,17,10000,2731,affine@direct,"[0.9687723574398506, -0.04549391106188163, 48.19812004284472, -0.005278263641085703, 0.9248934753999338, -62.316564865319606, 0.0, 0.0, 1.0]",26.777,21.379,1.93,ok,,overlay,bottom,188,188,0,91c8b6725ea5b3fd117257056f9c9236e5a4ce1c
eval_MoTaTiZrHf-HEA-DDRX-1100C_TEM_DislocationCharacterization_0#8,eval_MoTaTiZrHf-HEA-DDRX-1100C_TEM_DislocationCharacterization_0,DislocationCharacterization,MoTaTiZrHf-HEA-DDRX-1100C_TEM_DislocationCharacterization,arm1,roma,direct,none,0,2004,2048,2004,2048,24,10000,3878,affine,"[0.9763422578387507, -0.06463829973152535, 55.958074837201366, -0.008237713833783208, 0.9982000691150542, -28.694305086800682, 0.0, 0.0, 1.0]",25.561,26.518,1.89,ok,,overlay,bottom,188,188,1,91c8b6725ea5b3fd117257056f9c9236e5a4ce1c
eval_MoTaTiZrHf-HEA-DDRX-1100C_TEM_DislocationCharacterization_0#8,eval_MoTaTiZrHf-HEA-DDRX-1100C_TEM_DislocationCharacterization_0,DislocationCharacterization,MoTaTiZrHf-HEA-DDRX-1100C_TEM_DislocationCharacterization,arm1,roma,pyramid_v2,none,0,2004,2048,2004,2048,24,10000,3878,affine@direct,"[0.9763422578387507, -0.06463829973152535, 55.958074837201366, -0.008237713833783208, 0.9982000691150542, -28.694305086800682, 0.0, 0.0, 1.0]",25.561,26.518,1.94,ok,,overlay,bottom,188,188,1,91c8b6725ea5b3fd117257056f9c9236e5a4ce1c
eval_MoTaTiZrHf-HEA-DDRX-1100C_TEM_DislocationCharacterization_0#9,eval_MoTaTiZrHf-HEA-DDRX-1100C_TEM_DislocationCharacterization_0,DislocationCharacterization,MoTaTiZrHf-HEA-DDRX-1100C_TEM_DislocationCharacterization,arm1,roma,direct,none,0,2004,2048,2004,2048,24,10000,3105,homography,"[0.987625769442615, -0.0761058976937155, 81.93298743024718, -0.0014977688674609332, 0.9902030529130215, -44.88175125222897, 5.028014426582608e-07, -3.5871885987699924e-06, 1.0]",16.340,14.006,1.77,ok,,overlay,bottom,188,188,1,91c8b6725ea5b3fd117257056f9c9236e5a4ce1c
eval_MoTaTiZrHf-HEA-DDRX-1100C_TEM_DislocationCharacterization_0#9,eval_MoTaTiZrHf-HEA-DDRX-1100C_TEM_DislocationCharacterization_0,DislocationCharacterization,MoTaTiZrHf-HEA-DDRX-1100C_TEM_DislocationCharacterization,arm1,roma,pyramid_v2,none,0,2004,2048,2004,2048,24,10000,3105,homography@direct,"[0.987625769442615, -0.0761058976937155, 81.93298743024718, -0.0014977688674609332, 0.9902030529130215, -44.88175125222897, 5.028014426582608e-07, -3.5871885987699924e-06, 1.0]",16.340,14.006,1.76,ok,,overlay,bottom,188,188,1,91c8b6725ea5b3fd117257056f9c9236e5a4ce1c
eval_MoTaTiZrHf-HEA-DDRX-900C_TEM_DislocationCharacterization_0#0,eval_MoTaTiZrHf-HEA-DDRX-900C_TEM_DislocationCharacterization_0,DislocationCharacterization,MoTaTiZrHf-HEA-DDRX-900C_TEM_DislocationCharacterization,arm1,roma,direct,none,0,2004,2048,2004,2048,13,10000,2162,affine,"[0.93287567943307, 0.039003972998231905, 67.93400799131837, 0.014296439488391769, 1.0208420502992872, -13.204982492700765, 0.0, 0.0, 1.0]",36.456,36.028,1.72,ok,,overlay,bottom,188,188,1,91c8b6725ea5b3fd117257056f9c9236e5a4ce1c
eval_MoTaTiZrHf-HEA-DDRX-900C_TEM_DislocationCharacterization_0#0,eval_MoTaTiZrHf-HEA-DDRX-900C_TEM_DislocationCharacterization_0,DislocationCharacterization,MoTaTiZrHf-HEA-DDRX-900C_TEM_DislocationCharacterization,arm1,roma,pyramid_v2,none,0,2004,2048,2004,2048,13,10000,2162,affine@direct,"[0.93287567943307, 0.039003972998231905, 67.93400799131837, 0.014296439488391769, 1.0208420502992872, -13.204982492700765, 0.0, 0.0, 1.0]",36.456,36.028,1.74,ok,,overlay,bottom,188,188,1,91c8b6725ea5b3fd117257056f9c9236e5a4ce1c
eval_MoTaTiZrHf-HEA-DDRX-900C_TEM_DislocationCharacterization_0#1,eval_MoTaTiZrHf-HEA-DDRX-900C_TEM_DislocationCharacterization_0,DislocationCharacterization,MoTaTiZrHf-HEA-DDRX-900C_TEM_DislocationCharacterization,arm1,roma,direct,none,0,2004,2048,2004,2048,13,10000,128,affine,"[0.8288095249336064, -0.06493237672422701, 114.5574499977339, -0.4128359840794726, 1.1051219760952442, 150.1006065907439, 0.0, 0.0, 1.0]",301.237,293.210,1.64,ok,,overlay,bottom,188,188,1,91c8b6725ea5b3fd117257056f9c9236e5a4ce1c
eval_MoTaTiZrHf-HEA-DDRX-900C_TEM_DislocationCharacterization_0#1,eval_MoTaTiZrHf-HEA-DDRX-900C_TEM_DislocationCharacterization_0,DislocationCharacterization,MoTaTiZrHf-HEA-DDRX-900C_TEM_DislocationCharacterization,arm1,roma,pyramid_v2,none,0,2004,2048,2004,2048,13,10000,128,affine@direct,"[0.8288095249336064, -0.06493237672422701, 114.5574499977339, -0.4128359840794726, 1.1051219760952442, 150.1006065907439, 0.0, 0.0, 1.0]",301.237,293.210,1.74,ok,,overlay,bottom,188,188,1,91c8b6725ea5b3fd117257056f9c9236e5a4ce1c
eval_MoTaTiZrHf-HEA-DDRX-900C_TEM_DislocationCharacterization_0#10,eval_MoTaTiZrHf-HEA-DDRX-900C_TEM_DislocationCharacterization_0,DislocationCharacterization,MoTaTiZrHf-HEA-DDRX-900C_TEM_DislocationCharacterization,arm1,roma,direct,none,0,2004,2048,2004,2048,13,10000,426,affine,"[0.8529657750310581, 0.08289307099548542, 76.67293253340944, -9.252134760536579e-05, 1.0171566871496898, -9.72586620238809, 0.0, 0.0, 1.0]",72.844,66.721,1.81,ok,,overlay,bottom,188,188,1,91c8b6725ea5b3fd117257056f9c9236e5a4ce1c
eval_MoTaTiZrHf-HEA-DDRX-900C_TEM_DislocationCharacterization_0#10,eval_MoTaTiZrHf-HEA-DDRX-900C_TEM_DislocationCharacterization_0,DislocationCharacterization,MoTaTiZrHf-HEA-DDRX-900C_TEM_DislocationCharacterization,arm1,roma,pyramid_v2,none,0,2004,2048,2004,2048,13,10000,426,affine@direct,"[0.8529657750310581, 0.08289307099548542, 76.67293253340944, -9.252134760536579e-05, 1.0171566871496898, -9.72586620238809, 0.0, 0.0, 1.0]",72.844,66.721,1.74,ok,,overlay,bottom,188,188,1,91c8b6725ea5b3fd117257056f9c9236e5a4ce1c
eval_MoTaTiZrHf-HEA-DDRX-900C_TEM_DislocationCharacterization_0#11,eval_MoTaTiZrHf-HEA-DDRX-900C_TEM_DislocationCharacterization_0,DislocationCharacterization,MoTaTiZrHf-HEA-DDRX-900C_TEM_DislocationCharacterization,arm1,roma,direct,none,0,2004,2048,2004,2048,13,10000,94,homography,"[-2.1500144180993654, -1.6121242626911114, 2832.298654187344, -0.3680427864723615, -1.2401939834834026, 1452.207006503647, -0.0009008786209782924, -0.0006739955858505998, 0.9999999999999999]",2007.629,1043.324,1.60,ok,,overlay,bottom,188,188,1,91c8b6725ea5b3fd117257056f9c9236e5a4ce1c
eval_MoTaTiZrHf-HEA-DDRX-900C_TEM_DislocationCharacterization_0#11,eval_MoTaTiZrHf-HEA-DDRX-900C_TEM_DislocationCharacterization_0,DislocationCharacterization,MoTaTiZrHf-HEA-DDRX-900C_TEM_DislocationCharacterization,arm1,roma,pyramid_v2,none,0,2004,2048,2004,2048,13,10000,94,homography@direct,"[-2.1500144180993654, -1.6121242626911114, 2832.298654187344, -0.3680427864723615, -1.2401939834834026, 1452.207006503647, -0.0009008786209782924, -0.0006739955858505998, 0.9999999999999999]",2007.629,1043.324,3.73,ok,,overlay,bottom,188,188,1,91c8b6725ea5b3fd117257056f9c9236e5a4ce1c
eval_MoTaTiZrHf-HEA-DDRX-900C_TEM_DislocationCharacterization_0#12,eval_MoTaTiZrHf-HEA-DDRX-900C_TEM_DislocationCharacterization_0,DislocationCharacterization,MoTaTiZrHf-HEA-DDRX-900C_TEM_DislocationCharacterization,arm1,roma,direct,none,0,2004,2048,2004,2048,13,10000,101,affine,"[-0.03671752487814344, -0.02353416736238377, 167.39188498662133, -0.23802623494335434, 0.31509049842036607, 768.0377380590469, 0.0, 0.0, 1.0]",1029.471,707.550,1.70,ok,,overlay,bottom,188,188,1,91c8b6725ea5b3fd117257056f9c9236e5a4ce1c
eval_MoTaTiZrHf-HEA-DDRX-900C_TEM_DislocationCharacterization_0#12,eval_MoTaTiZrHf-HEA-DDRX-900C_TEM_DislocationCharacterization_0,DislocationCharacterization,MoTaTiZrHf-HEA-DDRX-900C_TEM_DislocationCharacterization,arm1,roma,pyramid_v2,none,0,2004,2048,2004,2048,13,10000,1226,affine@direct+zoom,"[0.004794415760766446, 0.008959207760744176, 102.20376181466882, -0.004130858926215454, 0.026075489835111723, 637.0100267709076, 0.0, 0.0, 1.0]",1151.948,1049.874,6.35,ok,,overlay,bottom,188,188,1,91c8b6725ea5b3fd117257056f9c9236e5a4ce1c
eval_MoTaTiZrHf-HEA-DDRX-900C_TEM_DislocationCharacterization_0#13,eval_MoTaTiZrHf-HEA-DDRX-900C_TEM_DislocationCharacterization_0,DislocationCharacterization,MoTaTiZrHf-HEA-DDRX-900C_TEM_DislocationCharacterization,arm1,roma,direct,none,0,2004,2048,2004,2048,13,10000,164,homography,"[-5.798080870989417, 2.3456746158591244, 404.7722947418308, -40.31182179864495, 16.12981642305577, 1727.873725982887, -0.03582067320977482, 0.014745235147089293, 0.9999999999999999]",1054.720,957.339,1.75,ok,,overlay,bottom,188,188,1,91c8b6725ea5b3fd117257056f9c9236e5a4ce1c
eval_MoTaTiZrHf-HEA-DDRX-900C_TEM_DislocationCharacterization_0#13,eval_MoTaTiZrHf-HEA-DDRX-900C_TEM_DislocationCharacterization_0,DislocationCharacterization,MoTaTiZrHf-HEA-DDRX-900C_TEM_DislocationCharacterization,arm1,roma,pyramid_v2,none,0,2004,2048,2004,2048,13,10000,164,homography@direct,"[-5.798080870989417, 2.3456746158591244, 404.7722947418308, -40.31182179864495, 16.12981642305577, 1727.873725982887, -0.03582067320977482, 0.014745235147089293, 0.9999999999999999]",1054.720,957.339,3.44,ok,,overlay,bottom,188,188,1,91c8b6725ea5b3fd117257056f9c9236e5a4ce1c
eval_MoTaTiZrHf-HEA-DDRX-900C_TEM_DislocationCharacterization_0#14,eval_MoTaTiZrHf-HEA-DDRX-900C_TEM_DislocationCharacterization_0,DislocationCharacterization,MoTaTiZrHf-HEA-DDRX-900C_TEM_DislocationCharacterization,arm1,roma,direct,none,0,2004,2048,2004,2048,13,10000,428,homography,"[0.9799473220264535, 0.05424220786291362, 54.819501692782225, -0.14226578629443606, 0.9803067798839562, 29.32857933744075, -0.0001260893622266039, -1.1353648921998718e-05, 1.0]",279.206,152.770,1.66,ok,,overlay,bottom,188,188,1,91c8b6725ea5b3fd117257056f9c9236e5a4ce1c
eval_MoTaTiZrHf-HEA-DDRX-900C_TEM_DislocationCharacterization_0#14,eval_MoTaTiZrHf-HEA-DDRX-900C_TEM_DislocationCharacterization_0,DislocationCharacterization,MoTaTiZrHf-HEA-DDRX-900C_TEM_DislocationCharacterization,arm1,roma,pyramid_v2,none,0,2004,2048,2004,2048,13,10000,428,homography@direct,"[0.9799473220264535, 0.05424220786291362, 54.819501692782225, -0.14226578629443606, 0.9803067798839562, 29.32857933744075, -0.0001260893622266039, -1.1353648921998718e-05, 1.0]",279.206,152.770,1.73,ok,,overlay,bottom,188,188,1,91c8b6725ea5b3fd117257056f9c9236e5a4ce1c
eval_MoTaTiZrHf-HEA-DDRX-900C_TEM_DislocationCharacterization_0#15,eval_MoTaTiZrHf-HEA-DDRX-900C_TEM_DislocationCharacterization_0,DislocationCharacterization,MoTaTiZrHf-HEA-DDRX-900C_TEM_DislocationCharacterization,arm1,roma,direct,none,0,2004,2048,2004,2048,13,10000,109,affine,"[0.175249506558548, -0.12532238849159677, 1649.063275580142, -0.5503213260460358, 0.3388191692352992, 262.1386683586857, 0.0, 0.0, 1.0]",1326.976,1335.716,1.66,ok,,overlay,bottom,188,188,1,91c8b6725ea5b3fd117257056f9c9236e5a4ce1c
eval_MoTaTiZrHf-HEA-DDRX-900C_TEM_DislocationCharacterization_0#15,eval_MoTaTiZrHf-HEA-DDRX-900C_TEM_DislocationCharacterization_0,DislocationCharacterization,MoTaTiZrHf-HEA-DDRX-900C_TEM_DislocationCharacterization,arm1,roma,pyramid_v2,none,0,2004,2048,2004,2048,13,10000,1796,affine@direct+zoom,"[0.02522175528301933, -0.012233958574997261, 1975.6995077375132, -0.0008318707008893251, 0.0013375273240740385, 108.02506059661924, 0.0, 0.0, 1.0]",1487.099,1361.652,4.94,ok,,overlay,bottom,188,188,1,91c8b6725ea5b3fd117257056f9c9236e5a4ce1c
eval_MoTaTiZrHf-HEA-DDRX-900C_TEM_DislocationCharacterization_0#2,eval_MoTaTiZrHf-HEA-DDRX-900C_TEM_DislocationCharacterization_0,DislocationCharacterization,MoTaTiZrHf-HEA-DDRX-900C_TEM_DislocationCharacterization,arm1,roma,direct,none,0,2004,2048,2004,2048,13,10000,468,homography,"[0.8930677114105251, -0.01692572923767039, 106.70148022381967, 0.04269525867479623, 0.7521041824428415, 15.05877368440677, -3.651552662060441e-05, 5.577101962725112e-05, 1.0]",274.764,278.240,1.67,ok,,overlay,bottom,188,188,1,91c8b6725ea5b3fd117257056f9c9236e5a4ce1c
eval_MoTaTiZrHf-HEA-DDRX-900C_TEM_DislocationCharacterization_0#2,eval_MoTaTiZrHf-HEA-DDRX-900C_TEM_DislocationCharacterization_0,DislocationCharacterization,MoTaTiZrHf-HEA-DDRX-900C_TEM_DislocationCharacterization,arm1,roma,pyramid_v2,none,0,2004,2048,2004,2048,13,10000,468,homography@direct,"[0.8930677114105251, -0.01692572923767039, 106.70148022381967, 0.04269525867479623, 0.7521041824428415, 15.05877368440677, -3.651552662060441e-05, 5.577101962725112e-05, 1.0]",274.764,278.240,1.64,ok,,overlay,bottom,188,188,1,91c8b6725ea5b3fd117257056f9c9236e5a4ce1c
eval_MoTaTiZrHf-HEA-DDRX-900C_TEM_DislocationCharacterization_0#3,eval_MoTaTiZrHf-HEA-DDRX-900C_TEM_DislocationCharacterization_0,DislocationCharacterization,MoTaTiZrHf-HEA-DDRX-900C_TEM_DislocationCharacterization,arm1,roma,direct,none,0,2004,2048,2004,2048,13,10000,192,affine,"[0.5546702888305443, 0.2711947423081106, 1449.5988864242752, -0.022498950478119006, 0.33769323139223584, -30.636393503972926, 0.0, 0.0, 1.0]",1506.072,1384.750,1.65,ok,,overlay,bottom,188,188,1,91c8b6725ea5b3fd117257056f9c9236e5a4ce1c
eval_MoTaTiZrHf-HEA-DDRX-900C_TEM_DislocationCharacterization_0#3,eval_MoTaTiZrHf-HEA-DDRX-900C_TEM_DislocationCharacterization_0,DislocationCharacterization,MoTaTiZrHf-HEA-DDRX-900C_TEM_DislocationCharacterization,arm1,roma,pyramid_v2,none,0,2004,2048,2004,2048,13,10000,338,homography@direct+zoom,"[-0.620672339939642, -0.4906209452904433, 1656.8195459081408, -0.0344335763982315, 0.017383990457463288, 39.653270774108904, -0.00037409550058114296, -0.0003006016321321308, 0.9999999999999999]",1337.932,1180.334,4.90,ok,,overlay,bottom,188,188,1,91c8b6725ea5b3fd117257056f9c9236e5a4ce1c
eval_MoTaTiZrHf-HEA-DDRX-900C_TEM_DislocationCharacterization_0#4,eval_MoTaTiZrHf-HEA-DDRX-900C_TEM_DislocationCharacterization_0,DislocationCharacterization,MoTaTiZrHf-HEA-DDRX-900C_TEM_DislocationCharacterization,arm1,roma,direct,none,0,2004,2048,2004,2048,13,10000,112,homography,"[0.5757890871608952, -0.4260435459381549, 294.9852557889681, 0.0020448288598169002, -0.17367897288548434, 445.5091922551928, 0.00034671355066193295, -0.000985303007652258, 1.0]",2041.680,764.536,1.73,ok,,overlay,bottom,188,188,1,91c8b6725ea5b3fd117257056f9c9236e5a4ce1c
eval_MoTaTiZrHf-HEA-DDRX-900C_TEM_DislocationCharacterization_0#4,eval_MoTaTiZrHf-HEA-DDRX-900C_TEM_DislocationCharacterization_0,DislocationCharacterization,MoTaTiZrHf-HEA-DDRX-900C_TEM_DislocationCharacterization,arm1,roma,pyramid_v2,none,0,2004,2048,2004,2048,13,10000,260,homography@direct+zoom,"[67.22282572503805, -9.947416972316205, 726.1846744012418, 25.5664836909455, -3.7480728872192226, 443.1454292058932, 0.037028236691231856, -0.005499642789550375, 1.0]",1456.176,1005.393,6.51,ok,,overlay,bottom,188,188,1,91c8b6725ea5b3fd117257056f9c9236e5a4ce1c
eval_MoTaTiZrHf-HEA-DDRX-900C_TEM_DislocationCharacterization_0#5,eval_MoTaTiZrHf-HEA-DDRX-900C_TEM_DislocationCharacterization_0,DislocationCharacterization,MoTaTiZrHf-HEA-DDRX-900C_TEM_DislocationCharacterization,arm1,roma,direct,none,0,2004,2048,2004,2048,13,10000,63,homography,"[-0.04037742888018878, -0.04620051046969973, 67.91632776170215, -0.16942291009325353, -0.21730642583239668, 291.6814317369471, -0.0005824249373502065, -0.0007377586652070773, 1.0]",1356.571,1262.517,1.60,ok,,overlay,bottom,188,188,1,91c8b6725ea5b3fd117257056f9c9236e5a4ce1c
eval_MoTaTiZrHf-HEA-DDRX-900C_TEM_DislocationCharacterization_0#5,eval_MoTaTiZrHf-HEA-DDRX-900C_TEM_DislocationCharacterization_0,DislocationCharacterization,MoTaTiZrHf-HEA-DDRX-900C_TEM_DislocationCharacterization,arm1,roma,pyramid_v2,none,0,2004,2048,2004,2048,13,10000,63,homography@direct,"[-0.04037742888018878, -0.04620051046969973, 67.91632776170215, -0.16942291009325353, -0.21730642583239668, 291.6814317369471, -0.0005824249373502065, -0.0007377586652070773, 1.0]",1356.571,1262.517,1.73,ok,,overlay,bottom,188,188,1,91c8b6725ea5b3fd117257056f9c9236e5a4ce1c
eval_MoTaTiZrHf-HEA-DDRX-900C_TEM_DislocationCharacterization_0#6,eval_MoTaTiZrHf-HEA-DDRX-900C_TEM_DislocationCharacterization_0,DislocationCharacterization,MoTaTiZrHf-HEA-DDRX-900C_TEM_DislocationCharacterization,arm1,roma,direct,none,0,2004,2048,2004,2048,13,10000,148,homography,"[0.04533326302796802, -0.004857530431786802, 5.802002475113335, 0.5258171458322921, -0.2719084920034536, 842.389946806306, 0.0003053358850070248, -0.00041543461784505654, 1.0]",1062.049,958.279,1.68,ok,,overlay,bottom,188,188,1,91c8b6725ea5b3fd117257056f9c9236e5a4ce1c
eval_MoTaTiZrHf-HEA-DDRX-900C_TEM_DislocationCharacterization_0#6,eval_MoTaTiZrHf-HEA-DDRX-900C_TEM_DislocationCharacterization_0,DislocationCharacterization,MoTaTiZrHf-HEA-DDRX-900C_TEM_DislocationCharacterization,arm1,roma,pyramid_v2,none,0,2004,2048,2004,2048,13,10000,148,homography@direct,"[0.04533326302796802, -0.004857530431786802, 5.802002475113335, 0.5258171458322921, -0.2719084920034536, 842.389946806306, 0.0003053358850070248, -0.00041543461784505654, 1.0]",1062.049,958.279,3.25,ok,,overlay,bottom,188,188,1,91c8b6725ea5b3fd117257056f9c9236e5a4ce1c
eval_MoTaTiZrHf-HEA-DDRX-900C_TEM_DislocationCharacterization_0#7,eval_MoTaTiZrHf-HEA-DDRX-900C_TEM_DislocationCharacterization_0,DislocationCharacterization,MoTaTiZrHf-HEA-DDRX-900C_TEM_DislocationCharacterization,arm1,roma,direct,none,0,2004,2048,2004,2048,13,10000,110,homography,"[1.1555571011119263, -0.735438103853908, 549.1404324657749, -0.089434332249412, 0.4043981411938733, 142.16345751864807, 0.0005050937171791474, -0.000691001642322259, 0.9999999999999999]",2738.236,400.139,1.75,ok,,overlay,bottom,188,188,1,91c8b6725ea5b3fd117257056f9c9236e5a4ce1c
eval_MoTaTiZrHf-HEA-DDRX-900C_TEM_DislocationCharacterization_0#7,eval_MoTaTiZrHf-HEA-DDRX-900C_TEM_DislocationCharacterization_0,DislocationCharacterization,MoTaTiZrHf-HEA-DDRX-900C_TEM_DislocationCharacterization,arm1,roma,pyramid_v2,none,0,2004,2048,2004,2048,13,10000,110,homography@direct,"[1.1555571011119263, -0.735438103853908, 549.1404324657749, -0.089434332249412, 0.4043981411938733, 142.16345751864807, 0.0005050937171791474, -0.000691001642322259, 0.9999999999999999]",2738.236,400.139,1.74,ok,,overlay,bottom,188,188,1,91c8b6725ea5b3fd117257056f9c9236e5a4ce1c
eval_MoTaTiZrHf-HEA-DDRX-900C_TEM_DislocationCharacterization_0#8,eval_MoTaTiZrHf-HEA-DDRX-900C_TEM_DislocationCharacterization_0,DislocationCharacterization,MoTaTiZrHf-HEA-DDRX-900C_TEM_DislocationCharacterization,arm1,roma,direct,none,0,2004,2048,2004,2048,13,10000,194,homography,"[0.5210745298320971, 0.12194384499824534, -5.771877646840801, -0.4499184988847627, 1.127037707263949, 541.4036417982813, -0.0006105140345912633, 0.0007713879603278751, 1.0]",540.842,497.412,1.86,ok,,overlay,bottom,188,188,1,91c8b6725ea5b3fd117257056f9c9236e5a4ce1c
eval_MoTaTiZrHf-HEA-DDRX-900C_TEM_DislocationCharacterization_0#8,eval_MoTaTiZrHf-HEA-DDRX-900C_TEM_DislocationCharacterization_0,DislocationCharacterization,MoTaTiZrHf-HEA-DDRX-900C_TEM_DislocationCharacterization,arm1,roma,pyramid_v2,none,0,2004,2048,2004,2048,13,10000,194,homography@direct,"[0.5210745298320971, 0.12194384499824534, -5.771877646840801, -0.4499184988847627, 1.127037707263949, 541.4036417982813, -0.0006105140345912633, 0.0007713879603278751, 1.0]",540.842,497.412,3.45,ok,,overlay,bottom,188,188,1,91c8b6725ea5b3fd117257056f9c9236e5a4ce1c
eval_MoTaTiZrHf-HEA-DDRX-900C_TEM_DislocationCharacterization_0#9,eval_MoTaTiZrHf-HEA-DDRX-900C_TEM_DislocationCharacterization_0,DislocationCharacterization,MoTaTiZrHf-HEA-DDRX-900C_TEM_DislocationCharacterization,arm1,roma,direct,none,0,2004,2048,2004,2048,13,10000,179,affine,"[0.26161120770096835, -0.24439784156528774, 317.90073594232155, -0.1743574732127316, 0.23126446794902647, 738.8571395303294, 0.0, 0.0, 1.0]",860.748,643.514,1.66,ok,,overlay,bottom,188,188,1,91c8b6725ea5b3fd117257056f9c9236e5a4ce1c
eval_MoTaTiZrHf-HEA-DDRX-900C_TEM_DislocationCharacterization_0#9,eval_MoTaTiZrHf-HEA-DDRX-900C_TEM_DislocationCharacterization_0,DislocationCharacterization,MoTaTiZrHf-HEA-DDRX-900C_TEM_DislocationCharacterization,arm1,roma,pyramid_v2,none,0,2004,2048,2004,2048,13,10000,179,affine@direct,"[0.26161120770096835, -0.24439784156528774, 317.90073594232155, -0.1743574732127316, 0.23126446794902647, 738.8571395303294, 0.0, 0.0, 1.0]",860.748,643.514,3.36,ok,,overlay,bottom,188,188,1,91c8b6725ea5b3fd117257056f9c9236e5a4ce1c
eval_MoTaTiZrHf-HEA-DDRX-900C_TEM_largeFOV-DislocationCharacterization_0#0,eval_MoTaTiZrHf-HEA-DDRX-900C_TEM_largeFOV-DislocationCharacterization_0,DislocationCharacterization,MoTaTiZrHf-HEA-DDRX-900C_TEM_largeFOV-DislocationCharacterization,arm1,roma,direct,none,0,4009,4096,4009,4096,18,10000,2564,affine,"[0.9985306048514798, 0.0006052509780733234, 124.26425126387039, -0.00141568671639952, 1.0051646310396025, 487.66765220041657, 0.0, 0.0, 1.0]",20.903,19.063,2.00,ok,,overlay,bottom,375,375,0,91c8b6725ea5b3fd117257056f9c9236e5a4ce1c
eval_MoTaTiZrHf-HEA-DDRX-900C_TEM_largeFOV-DislocationCharacterization_0#0,eval_MoTaTiZrHf-HEA-DDRX-900C_TEM_largeFOV-DislocationCharacterization_0,DislocationCharacterization,MoTaTiZrHf-HEA-DDRX-900C_TEM_largeFOV-DislocationCharacterization,arm1,roma,pyramid_v2,none,0,4009,4096,4009,4096,18,10000,2564,affine@direct,"[0.9985306048514798, 0.0006052509780733234, 124.26425126387039, -0.00141568671639952, 1.0051646310396025, 487.66765220041657, 0.0, 0.0, 1.0]",20.903,19.063,2.15,ok,,overlay,bottom,375,375,0,91c8b6725ea5b3fd117257056f9c9236e5a4ce1c
eval_MoTaTiZrHf-HEA-DDRX-900C_TEM_largeFOV-DislocationCharacterization_0#1,eval_MoTaTiZrHf-HEA-DDRX-900C_TEM_largeFOV-DislocationCharacterization_0,DislocationCharacterization,MoTaTiZrHf-HEA-DDRX-900C_TEM_largeFOV-DislocationCharacterization,arm1,roma,direct,none,0,4009,4096,4009,4096,18,10000,84,homography,"[-33.651582211517265, 15.421950671191734, -7262.8601208216105, -22.939045151568166, -18.321564710250193, 17644.466239828467, -0.01447485939854397, -0.008039626498402048, 1.0]",1696.885,1473.822,2.09,ok,,overlay,bottom,375,375,0,91c8b6725ea5b3fd117257056f9c9236e5a4ce1c
eval_MoTaTiZrHf-HEA-DDRX-900C_TEM_largeFOV-DislocationCharacterization_0#1,eval_MoTaTiZrHf-HEA-DDRX-900C_TEM_largeFOV-DislocationCharacterization_0,DislocationCharacterization,MoTaTiZrHf-HEA-DDRX-900C_TEM_largeFOV-DislocationCharacterization,arm1,roma,pyramid_v2,none,0,4009,4096,4009,4096,18,10000,84,homography@direct,"[-33.651582211517265, 15.421950671191734, -7262.8601208216105, -22.939045151568166, -18.321564710250193, 17644.466239828467, -0.01447485939854397, -0.008039626498402048, 1.0]",1696.885,1473.822,2.00,ok,,overlay,bottom,375,375,0,91c8b6725ea5b3fd117257056f9c9236e5a4ce1c
eval_MoTaTiZrHf-HEA-DDRX-900C_TEM_largeFOV-DislocationCharacterization_0#10,eval_MoTaTiZrHf-HEA-DDRX-900C_TEM_largeFOV-DislocationCharacterization_0,DislocationCharacterization,MoTaTiZrHf-HEA-DDRX-900C_TEM_largeFOV-DislocationCharacterization,arm1,roma,direct,none,0,4009,4096,4009,4096,27,10000,1797,affine,"[1.0071546630050554, 0.001551682067105765, 183.03110871670447, -0.018353129468841132, 1.0025629239649028, 428.80068767633816, 0.0, 0.0, 1.0]",22.561,19.054,2.03,ok,,overlay,bottom,375,375,0,91c8b6725ea5b3fd117257056f9c9236e5a4ce1c
eval_MoTaTiZrHf-HEA-DDRX-900C_TEM_largeFOV-DislocationCharacterization_0#10,eval_MoTaTiZrHf-HEA-DDRX-900C_TEM_largeFOV-DislocationCharacterization_0,DislocationCharacterization,MoTaTiZrHf-HEA-DDRX-900C_TEM_largeFOV-DislocationCharacterization,arm1,roma,pyramid_v2,none,0,4009,4096,4009,4096,27,10000,1797,affine@direct,"[1.0071546630050554, 0.001551682067105765, 183.03110871670447, -0.018353129468841132, 1.0025629239649028, 428.80068767633816, 0.0, 0.0, 1.0]",22.561,19.054,1.96,ok,,overlay,bottom,375,375,0,91c8b6725ea5b3fd117257056f9c9236e5a4ce1c
eval_MoTaTiZrHf-HEA-DDRX-900C_TEM_largeFOV-DislocationCharacterization_0#11,eval_MoTaTiZrHf-HEA-DDRX-900C_TEM_largeFOV-DislocationCharacterization_0,DislocationCharacterization,MoTaTiZrHf-HEA-DDRX-900C_TEM_largeFOV-DislocationCharacterization,arm1,roma,direct,none,0,4009,4096,4009,4096,27,10000,707,affine,"[0.9854609804822145, 0.0016598814164846686, 228.23458338626097, 0.00863970129957853, 0.9847885459713664, 394.97356501102786, 0.0, 0.0, 1.0]",29.990,27.288,2.10,ok,,overlay,bottom,375,375,0,91c8b6725ea5b3fd117257056f9c9236e5a4ce1c
eval_MoTaTiZrHf-HEA-DDRX-900C_TEM_largeFOV-DislocationCharacterization_0#11,eval_MoTaTiZrHf-HEA-DDRX-900C_TEM_largeFOV-DislocationCharacterization_0,DislocationCharacterization,MoTaTiZrHf-HEA-DDRX-900C_TEM_largeFOV-DislocationCharacterization,arm1,roma,pyramid_v2,none,0,4009,4096,4009,4096,27,10000,707,affine@direct,"[0.9854609804822145, 0.0016598814164846686, 228.23458338626097, 0.00863970129957853, 0.9847885459713664, 394.97356501102786, 0.0, 0.0, 1.0]",29.990,27.288,2.01,ok,,overlay,bottom,375,375,0,91c8b6725ea5b3fd117257056f9c9236e5a4ce1c
eval_MoTaTiZrHf-HEA-DDRX-900C_TEM_largeFOV-DislocationCharacterization_0#12,eval_MoTaTiZrHf-HEA-DDRX-900C_TEM_largeFOV-DislocationCharacterization_0,DislocationCharacterization,MoTaTiZrHf-HEA-DDRX-900C_TEM_largeFOV-DislocationCharacterization,arm1,roma,direct,none,0,4009,4096,4009,4096,18,10000,96,affine,"[0.41010590643111705, -0.11245912642515568, 1665.0832740682113, 0.02048366620108522, 0.15597193771827716, -96.28114878963346, 0.0, 0.0, 1.0]",1956.284,1875.427,1.91,ok,,overlay,bottom,375,375,0,91c8b6725ea5b3fd117257056f9c9236e5a4ce1c
eval_MoTaTiZrHf-HEA-DDRX-900C_TEM_largeFOV-DislocationCharacterization_0#12,eval_MoTaTiZrHf-HEA-DDRX-900C_TEM_largeFOV-DislocationCharacterization_0,DislocationCharacterization,MoTaTiZrHf-HEA-DDRX-900C_TEM_largeFOV-DislocationCharacterization,arm1,roma,pyramid_v2,none,0,4009,4096,4009,4096,18,10000,96,affine@direct,"[0.41010590643111705, -0.11245912642515568, 1665.0832740682113, 0.02048366620108522, 0.15597193771827716, -96.28114878963346, 0.0, 0.0, 1.0]",1956.284,1875.427,3.83,ok,,overlay,bottom,375,375,0,91c8b6725ea5b3fd117257056f9c9236e5a4ce1c
eval_MoTaTiZrHf-HEA-DDRX-900C_TEM_largeFOV-DislocationCharacterization_0#13,eval_MoTaTiZrHf-HEA-DDRX-900C_TEM_largeFOV-DislocationCharacterization_0,DislocationCharacterization,MoTaTiZrHf-HEA-DDRX-900C_TEM_largeFOV-DislocationCharacterization,arm1,roma,direct,none,0,4009,4096,4009,4096,18,10000,491,affine,"[0.9552601435203855, -0.03537263910628225, 251.23577573272803, 0.057472285657653034, 1.028706619791051, 374.2980738579413, 0.0, 0.0, 1.0]",99.406,98.501,2.15,ok,,overlay,bottom,375,375,0,91c8b6725ea5b3fd117257056f9c9236e5a4ce1c
eval_MoTaTiZrHf-HEA-DDRX-900C_TEM_largeFOV-DislocationCharacterization_0#13,eval_MoTaTiZrHf-HEA-DDRX-900C_TEM_largeFOV-DislocationCharacterization_0,DislocationCharacterization,MoTaTiZrHf-HEA-DDRX-900C_TEM_largeFOV-DislocationCharacterization,arm1,roma,pyramid_v2,none,0,4009,4096,4009,4096,18,10000,491,affine@direct,"[0.9552601435203855, -0.03537263910628225, 251.23577573272803, 0.057472285657653034, 1.028706619791051, 374.2980738579413, 0.0, 0.0, 1.0]",99.406,98.501,1.99,ok,,overlay,bottom,375,375,0,91c8b6725ea5b3fd117257056f9c9236e5a4ce1c
eval_MoTaTiZrHf-HEA-DDRX-900C_TEM_largeFOV-DislocationCharacterization_0#14,eval_MoTaTiZrHf-HEA-DDRX-900C_TEM_largeFOV-DislocationCharacterization_0,DislocationCharacterization,MoTaTiZrHf-HEA-DDRX-900C_TEM_largeFOV-DislocationCharacterization,arm1,roma,direct,none,0,4009,4096,4009,4096,18,10000,610,affine,"[1.0023853966818852, -0.01557510605478267, 129.94475394213396, 0.0004149369595166265, 1.007664056275396, 487.6378783029206, 0.0, 0.0, 1.0]",19.935,21.013,2.00,ok,,overlay,bottom,375,375,0,91c8b6725ea5b3fd117257056f9c9236e5a4ce1c
eval_MoTaTiZrHf-HEA-DDRX-900C_TEM_largeFOV-DislocationCharacterization_0#14,eval_MoTaTiZrHf-HEA-DDRX-900C_TEM_largeFOV-DislocationCharacterization_0,DislocationCharacterization,MoTaTiZrHf-HEA-DDRX-900C_TEM_largeFOV-DislocationCharacterization,arm1,roma,pyramid_v2,none,0,4009,4096,4009,4096,18,10000,610,affine@direct,"[1.0023853966818852, -0.01557510605478267, 129.94475394213396, 0.0004149369595166265, 1.007664056275396, 487.6378783029206, 0.0, 0.0, 1.0]",19.935,21.013,1.95,ok,,overlay,bottom,375,375,0,91c8b6725ea5b3fd117257056f9c9236e5a4ce1c
eval_MoTaTiZrHf-HEA-DDRX-900C_TEM_largeFOV-DislocationCharacterization_0#15,eval_MoTaTiZrHf-HEA-DDRX-900C_TEM_largeFOV-DislocationCharacterization_0,DislocationCharacterization,MoTaTiZrHf-HEA-DDRX-900C_TEM_largeFOV-DislocationCharacterization,arm1,roma,direct,none,0,4009,4096,4009,4096,27,10000,93,affine,"[0.9559851690221619, 0.11504367682043012, 82.54472053592826, -0.02641997616577141, 1.4378789947655253, 169.7974656434725, 0.0, 0.0, 1.0]",568.658,541.008,2.09,ok,,overlay,bottom,375,375,0,91c8b6725ea5b3fd117257056f9c9236e5a4ce1c
eval_MoTaTiZrHf-HEA-DDRX-900C_TEM_largeFOV-DislocationCharacterization_0#15,eval_MoTaTiZrHf-HEA-DDRX-900C_TEM_largeFOV-DislocationCharacterization_0,DislocationCharacterization,MoTaTiZrHf-HEA-DDRX-900C_TEM_largeFOV-DislocationCharacterization,arm1,roma,pyramid_v2,none,0,4009,4096,4009,4096,27,10000,93,affine@direct,"[0.9559851690221619, 0.11504367682043012, 82.54472053592826, -0.02641997616577141, 1.4378789947655253, 169.7974656434725, 0.0, 0.0, 1.0]",568.658,541.008,2.02,ok,,overlay,bottom,375,375,0,91c8b6725ea5b3fd117257056f9c9236e5a4ce1c
eval_MoTaTiZrHf-HEA-DDRX-900C_TEM_largeFOV-DislocationCharacterization_0#16,eval_MoTaTiZrHf-HEA-DDRX-900C_TEM_largeFOV-DislocationCharacterization_0,DislocationCharacterization,MoTaTiZrHf-HEA-DDRX-900C_TEM_largeFOV-DislocationCharacterization,arm1,roma,direct,none,0,4009,4096,4009,4096,27,10000,574,affine,"[1.000288567012119, -0.00011342339108431172, 210.92657379359935, 0.00019849419331909566, 1.001093662405879, 382.449812180093, 0.0, 0.0, 1.0]",22.886,19.755,1.93,ok,,overlay,bottom,375,375,0,91c8b6725ea5b3fd117257056f9c9236e5a4ce1c
eval_MoTaTiZrHf-HEA-DDRX-900C_TEM_largeFOV-DislocationCharacterization_0#16,eval_MoTaTiZrHf-HEA-DDRX-900C_TEM_largeFOV-DislocationCharacterization_0,DislocationCharacterization,MoTaTiZrHf-HEA-DDRX-900C_TEM_largeFOV-DislocationCharacterization,arm1,roma,pyramid_v2,none,0,4009,4096,4009,4096,27,10000,574,affine@direct,"[1.000288567012119, -0.00011342339108431172, 210.92657379359935, 0.00019849419331909566, 1.001093662405879, 382.449812180093, 0.0, 0.0, 1.0]",22.886,19.755,2.05,ok,,overlay,bottom,375,375,0,91c8b6725ea5b3fd117257056f9c9236e5a4ce1c
eval_MoTaTiZrHf-HEA-DDRX-900C_TEM_largeFOV-DislocationCharacterization_0#17,eval_MoTaTiZrHf-HEA-DDRX-900C_TEM_largeFOV-DislocationCharacterization_0,DislocationCharacterization,MoTaTiZrHf-HEA-DDRX-900C_TEM_largeFOV-DislocationCharacterization,arm1,roma,direct,none,0,4009,4096,4009,4096,27,10000,1591,homography,"[0.9966092298409597, 0.0005659021901841298, 207.8629123790159, -0.0077681379881520485, 1.0105190777681858, 374.3098457348828, -1.6082117832949208e-06, 5.728385587342177e-07, 1.0]",23.223,21.475,1.95,ok,,overlay,bottom,375,375,0,91c8b6725ea5b3fd117257056f9c9236e5a4ce1c
eval_MoTaTiZrHf-HEA-DDRX-900C_TEM_largeFOV-DislocationCharacterization_0#17,eval_MoTaTiZrHf-HEA-DDRX-900C_TEM_largeFOV-DislocationCharacterization_0,DislocationCharacterization,MoTaTiZrHf-HEA-DDRX-900C_TEM_largeFOV-DislocationCharacterization,arm1,roma,pyramid_v2,none,0,4009,4096,4009,4096,27,10000,1591,homography@direct,"[0.9966092298409597, 0.0005659021901841298, 207.8629123790159, -0.0077681379881520485, 1.0105190777681858, 374.3098457348828, -1.6082117832949208e-06, 5.728385587342177e-07, 1.0]",23.223,21.475,1.99,ok,,overlay,bottom,375,375,0,91c8b6725ea5b3fd117257056f9c9236e5a4ce1c
eval_MoTaTiZrHf-HEA-DDRX-900C_TEM_largeFOV-DislocationCharacterization_0#2,eval_MoTaTiZrHf-HEA-DDRX-900C_TEM_largeFOV-DislocationCharacterization_0,DislocationCharacterization,MoTaTiZrHf-HEA-DDRX-900C_TEM_largeFOV-DislocationCharacterization,arm1,roma,direct,none,0,4009,4096,4009,4096,18,10000,178,affine,"[0.4386216606199251, 0.06739193725393253, -91.66679761692285, -0.10397600354317159, 0.16697561499365313, 774.2139845746283, 0.0, 0.0, 1.0]",1986.065,2007.094,1.84,ok,,overlay,bottom,375,375,0,91c8b6725ea5b3fd117257056f9c9236e5a4ce1c
eval_MoTaTiZrHf-HEA-DDRX-900C_TEM_largeFOV-DislocationCharacterization_0#2,eval_MoTaTiZrHf-HEA-DDRX-900C_TEM_largeFOV-DislocationCharacterization_0,DislocationCharacterization,MoTaTiZrHf-HEA-DDRX-900C_TEM_largeFOV-DislocationCharacterization,arm1,roma,pyramid_v2,none,0,4009,4096,4009,4096,18,10000,178,affine@direct,"[0.4386216606199251, 0.06739193725393253, -91.66679761692285, -0.10397600354317159, 0.16697561499365313, 774.2139845746283, 0.0, 0.0, 1.0]",1986.065,2007.094,3.93,ok,,overlay,bottom,375,375,0,91c8b6725ea5b3fd117257056f9c9236e5a4ce1c
eval_MoTaTiZrHf-HEA-DDRX-900C_TEM_largeFOV-DislocationCharacterization_0#3,eval_MoTaTiZrHf-HEA-DDRX-900C_TEM_largeFOV-DislocationCharacterization_0,DislocationCharacterization,MoTaTiZrHf-HEA-DDRX-900C_TEM_largeFOV-DislocationCharacterization,arm1,roma,direct,none,0,4009,4096,4009,4096,27,10000,2618,homography,"[0.9986928120906291, 0.014313970737441475, 191.9725077471316, -0.01284832414971302, 0.9829103704880752, 419.6700841127229, -1.963327919184371e-06, 2.589714657833339e-06, 1.0]",35.732,31.292,1.88,ok,,overlay,bottom,375,375,0,91c8b6725ea5b3fd117257056f9c9236e5a4ce1c
eval_MoTaTiZrHf-HEA-DDRX-900C_TEM_largeFOV-DislocationCharacterization_0#3,eval_MoTaTiZrHf-HEA-DDRX-900C_TEM_largeFOV-DislocationCharacterization_0,DislocationCharacterization,MoTaTiZrHf-HEA-DDRX-900C_TEM_largeFOV-DislocationCharacterization,arm1,roma,pyramid_v2,none,0,4009,4096,4009,4096,27,10000,2618,homography@direct,"[0.9986928120906291, 0.014313970737441475, 191.9725077471316, -0.01284832414971302, 0.9829103704880752, 419.6700841127229, -1.963327919184371e-06, 2.589714657833339e-06, 1.0]",35.732,31.292,1.98,ok,,overlay,bottom,375,375,0,91c8b6725ea5b3fd117257056f9c9236e5a4ce1c
eval_MoTaTiZrHf-HEA-DDRX-900C_TEM_largeFOV-DislocationCharacterization_0#4,eval_MoTaTiZrHf-HEA-DDRX-900C_TEM_largeFOV-DislocationCharacterization_0,DislocationCharacterization,MoTaTiZrHf-HEA-DDRX-900C_TEM_largeFOV-DislocationCharacterization,arm1,roma,direct,none,0,4009,4096,4009,4096,27,10000,181,affine,"[1.218784778854669, 0.29010664187152496, -837.0157083372535, 0.03789882122703369, 1.4988325291312974, 614.3744265037626, 0.0, 0.0, 1.0]",1321.348,1251.033,2.07,ok,,overlay,bottom,375,375,0,91c8b6725ea5b3fd117257056f9c9236e5a4ce1c
eval_MoTaTiZrHf-HEA-DDRX-900C_TEM_largeFOV-DislocationCharacterization_0#4,eval_MoTaTiZrHf-HEA-DDRX-900C_TEM_largeFOV-DislocationCharacterization_0,DislocationCharacterization,MoTaTiZrHf-HEA-DDRX-900C_TEM_largeFOV-DislocationCharacterization,arm1,roma,pyramid_v2,none,0,4009,4096,4009,4096,27,10000,181,affine@direct,"[1.218784778854669, 0.29010664187152496, -837.0157083372535, 0.03789882122703369, 1.4988325291312974, 614.3744265037626, 0.0, 0.0, 1.0]",1321.348,1251.033,2.14,ok,,overlay,bottom,375,375,0,91c8b6725ea5b3fd117257056f9c9236e5a4ce1c
eval_MoTaTiZrHf-HEA-DDRX-900C_TEM_largeFOV-DislocationCharacterization_0#5,eval_MoTaTiZrHf-HEA-DDRX-900C_TEM_largeFOV-DislocationCharacterization_0,DislocationCharacterization,MoTaTiZrHf-HEA-DDRX-900C_TEM_largeFOV-DislocationCharacterization,arm1,roma,direct,none,0,4009,4096,4009,4096,27,10000,81,affine,"[0.5821915798040306, 0.011350773811837326, 1583.2967184394727, -0.21217271340604915, 0.5209386479173987, 1684.2125522963279, 0.0, 0.0, 1.0]",675.554,645.217,1.82,ok,,overlay,bottom,375,375,0,91c8b6725ea5b3fd117257056f9c9236e5a4ce1c
eval_MoTaTiZrHf-HEA-DDRX-900C_TEM_largeFOV-DislocationCharacterization_0#5,eval_MoTaTiZrHf-HEA-DDRX-900C_TEM_largeFOV-DislocationCharacterization_0,DislocationCharacterization,MoTaTiZrHf-HEA-DDRX-900C_TEM_largeFOV-DislocationCharacterization,arm1,roma,pyramid_v2,none,0,4009,4096,4009,4096,27,10000,81,affine@direct,"[0.5821915798040306, 0.011350773811837326, 1583.2967184394727, -0.21217271340604915, 0.5209386479173987, 1684.2125522963279, 0.0, 0.0, 1.0]",675.554,645.217,3.99,ok,,overlay,bottom,375,375,0,91c8b6725ea5b3fd117257056f9c9236e5a4ce1c
eval_MoTaTiZrHf-HEA-DDRX-900C_TEM_largeFOV-DislocationCharacterization_0#6,eval_MoTaTiZrHf-HEA-DDRX-900C_TEM_largeFOV-DislocationCharacterization_0,DislocationCharacterization,MoTaTiZrHf-HEA-DDRX-900C_TEM_largeFOV-DislocationCharacterization,arm1,roma,direct,none,0,4009,4096,4009,4096,18,10000,110,affine,"[0.2636772754673695, -0.07263496052178378, 1529.1560785907743, 0.1374691173809391, 0.2199117817879567, 261.3520735250585, 0.0, 0.0, 1.0]",1461.031,1295.837,1.90,ok,,overlay,bottom,375,375,0,91c8b6725ea5b3fd117257056f9c9236e5a4ce1c
eval_MoTaTiZrHf-HEA-DDRX-900C_TEM_largeFOV-DislocationCharacterization_0#6,eval_MoTaTiZrHf-HEA-DDRX-900C_TEM_largeFOV-DislocationCharacterization_0,DislocationCharacterization,MoTaTiZrHf-HEA-DDRX-900C_TEM_largeFOV-DislocationCharacterization,arm1,roma,pyramid_v2,none,0,4009,4096,4009,4096,18,10000,110,affine@direct,"[0.2636772754673695, -0.07263496052178378, 1529.1560785907743, 0.1374691173809391, 0.2199117817879567, 261.3520735250585, 0.0, 0.0, 1.0]",1461.031,1295.837,4.06,ok,,overlay,bottom,375,375,0,91c8b6725ea5b3fd117257056f9c9236e5a4ce1c
eval_MoTaTiZrHf-HEA-DDRX-900C_TEM_largeFOV-DislocationCharacterization_0#7,eval_MoTaTiZrHf-HEA-DDRX-900C_TEM_largeFOV-DislocationCharacterization_0,DislocationCharacterization,MoTaTiZrHf-HEA-DDRX-900C_TEM_largeFOV-DislocationCharacterization,arm1,roma,direct,none,0,4009,4096,4009,4096,18,10000,1882,affine,"[0.9970623154544368, -0.0009219289374840897, 129.82589737959734, -0.0022885033601107965, 1.0003384090942977, 507.9612891605402, 0.0, 0.0, 1.0]",20.392,16.670,1.93,ok,,overlay,bottom,375,375,0,91c8b6725ea5b3fd117257056f9c9236e5a4ce1c
eval_MoTaTiZrHf-HEA-DDRX-900C_TEM_largeFOV-DislocationCharacterization_0#7,eval_MoTaTiZrHf-HEA-DDRX-900C_TEM_largeFOV-DislocationCharacterization_0,DislocationCharacterization,MoTaTiZrHf-HEA-DDRX-900C_TEM_largeFOV-DislocationCharacterization,arm1,roma,pyramid_v2,none,0,4009,4096,4009,4096,18,10000,1882,affine@direct,"[0.9970623154544368, -0.0009219289374840897, 129.82589737959734, -0.0022885033601107965, 1.0003384090942977, 507.9612891605402, 0.0, 0.0, 1.0]",20.392,16.670,1.98,ok,,overlay,bottom,375,375,0,91c8b6725ea5b3fd117257056f9c9236e5a4ce1c
eval_MoTaTiZrHf-HEA-DDRX-900C_TEM_largeFOV-DislocationCharacterization_0#8,eval_MoTaTiZrHf-HEA-DDRX-900C_TEM_largeFOV-DislocationCharacterization_0,DislocationCharacterization,MoTaTiZrHf-HEA-DDRX-900C_TEM_largeFOV-DislocationCharacterization,arm1,roma,direct,none,0,4009,4096,4009,4096,18,10000,1015,homography,"[1.0391296458070993, 0.015296589419582736, 87.15989921973083, 0.018656619975742465, 1.0415413739602768, 474.46463387462893, 9.500934483670252e-06, 8.247094281036461e-06, 0.9999999999999999]",26.807,23.783,1.99,ok,,overlay,bottom,375,375,0,91c8b6725ea5b3fd117257056f9c9236e5a4ce1c
eval_MoTaTiZrHf-HEA-DDRX-900C_TEM_largeFOV-DislocationCharacterization_0#8,eval_MoTaTiZrHf-HEA-DDRX-900C_TEM_largeFOV-DislocationCharacterization_0,DislocationCharacterization,MoTaTiZrHf-HEA-DDRX-900C_TEM_largeFOV-DislocationCharacterization,arm1,roma,pyramid_v2,none,0,4009,4096,4009,4096,18,10000,1015,homography@direct,"[1.0391296458070993, 0.015296589419582736, 87.15989921973083, 0.018656619975742465, 1.0415413739602768, 474.46463387462893, 9.500934483670252e-06, 8.247094281036461e-06, 0.9999999999999999]",26.807,23.783,2.14,ok,,overlay,bottom,375,375,0,91c8b6725ea5b3fd117257056f9c9236e5a4ce1c
eval_MoTaTiZrHf-HEA-DDRX-900C_TEM_largeFOV-DislocationCharacterization_0#9,eval_MoTaTiZrHf-HEA-DDRX-900C_TEM_largeFOV-DislocationCharacterization_0,DislocationCharacterization,MoTaTiZrHf-HEA-DDRX-900C_TEM_largeFOV-DislocationCharacterization,arm1,roma,direct,none,0,4009,4096,4009,4096,27,10000,73,affine,"[0.5076236410928168, 0.08483304667534389, 1228.2272053684562, 0.11908982218091531, 0.21507889365047791, 337.00762417885096, 0.0, 0.0, 1.0]",1372.479,1313.807,1.83,ok,,overlay,bottom,375,375,0,91c8b6725ea5b3fd117257056f9c9236e5a4ce1c
eval_MoTaTiZrHf-HEA-DDRX-900C_TEM_largeFOV-DislocationCharacterization_0#9,eval_MoTaTiZrHf-HEA-DDRX-900C_TEM_largeFOV-DislocationCharacterization_0,DislocationCharacterization,MoTaTiZrHf-HEA-DDRX-900C_TEM_largeFOV-DislocationCharacterization,arm1,roma,pyramid_v2,none,0,4009,4096,4009,4096,27,10000,159,affine@direct+zoom,"[0.31094009892851815, 0.01794567245601189, 2283.4969024625734, -0.11081214735490733, 0.04144442369176778, 1072.2455813313866, 0.0, 0.0, 1.0]",1700.980,1807.478,5.58,ok,,overlay,bottom,375,375,0,91c8b6725ea5b3fd117257056f9c9236e5a4ce1c
eval_Ti3AlC2-MAX-Phase_TEM_DislocationCharacterization_0#0,eval_Ti3AlC2-MAX-Phase_TEM_DislocationCharacterization_0,DislocationCharacterization,Ti3AlC2-MAX-Phase_TEM_DislocationCharacterization,arm1,roma,direct,none,0,294,293,294,292,46,10000,9149,homography,"[1.0168904975731805, 0.0019002127047883575, 36.23982462058566, 0.010897311967796171, 1.0215750313590426, -66.82470527051262, 3.969835994100669e-05, 6.741019961649936e-05, 1.0]",2.042,1.549,1.10,ok,,none,,0,0,0,91c8b6725ea5b3fd117257056f9c9236e5a4ce1c
eval_Ti3AlC2-MAX-Phase_TEM_DislocationCharacterization_0#0,eval_Ti3AlC2-MAX-Phase_TEM_DislocationCharacterization_0,DislocationCharacterization,Ti3AlC2-MAX-Phase_TEM_DislocationCharacterization,arm1,roma,pyramid_v2,none,0,294,293,294,292,46,10000,9149,homography@direct,"[1.0168904975731805, 0.0019002127047883575, 36.23982462058566, 0.010897311967796171, 1.0215750313590426, -66.82470527051262, 3.969835994100669e-05, 6.741019961649936e-05, 1.0]",2.042,1.549,1.11,ok,,none,,0,0,0,91c8b6725ea5b3fd117257056f9c9236e5a4ce1c
eval_Ti3AlC2-MAX-Phase_TEM_DislocationCharacterization_0#1,eval_Ti3AlC2-MAX-Phase_TEM_DislocationCharacterization_0,DislocationCharacterization,Ti3AlC2-MAX-Phase_TEM_DislocationCharacterization,arm1,roma,direct,none,0,294,294,294,293,47,10000,9999,homography,"[0.9977577735440443, -0.0026379591534961915, 1.0321025918858955, -0.0021404301681833787, 0.9926679799860469, 0.9158061039791836, -4.8668413674028205e-06, -1.696205704326932e-05, 1.0]",1.776,1.393,1.09,ok,,none,,0,0,0,91c8b6725ea5b3fd117257056f9c9236e5a4ce1c
eval_Ti3AlC2-MAX-Phase_TEM_DislocationCharacterization_0#1,eval_Ti3AlC2-MAX-Phase_TEM_DislocationCharacterization_0,DislocationCharacterization,Ti3AlC2-MAX-Phase_TEM_DislocationCharacterization,arm1,roma,pyramid_v2,none,0,294,294,294,293,47,10000,9999,homography@direct,"[0.9977577735440443, -0.0026379591534961915, 1.0321025918858955, -0.0021404301681833787, 0.9926679799860469, 0.9158061039791836, -4.8668413674028205e-06, -1.696205704326932e-05, 1.0]",1.776,1.393,1.01,ok,,none,,0,0,0,91c8b6725ea5b3fd117257056f9c9236e5a4ce1c
eval_Ti3AlC2-MAX-Phase_TEM_DislocationCharacterization_0#2,eval_Ti3AlC2-MAX-Phase_TEM_DislocationCharacterization_0,DislocationCharacterization,Ti3AlC2-MAX-Phase_TEM_DislocationCharacterization,arm1,roma,direct,none,0,293,294,294,293,38,10000,9657,homography,"[0.6087657607686374, -0.0058526329252583924, 15.194013768272749, 0.00042222462867219727, 0.6053688532426302, 87.40440465957779, -2.2736996532376604e-05, 3.757113368552323e-06, 1.0]",1.278,1.173,1.09,ok,,none,,0,0,0,91c8b6725ea5b3fd117257056f9c9236e5a4ce1c
eval_Ti3AlC2-MAX-Phase_TEM_DislocationCharacterization_0#2,eval_Ti3AlC2-MAX-Phase_TEM_DislocationCharacterization_0,DislocationCharacterization,Ti3AlC2-MAX-Phase_TEM_DislocationCharacterization,arm1,roma,pyramid_v2,none,0,293,294,294,293,38,10000,9657,homography@direct,"[0.6087657607686374, -0.0058526329252583924, 15.194013768272749, 0.00042222462867219727, 0.6053688532426302, 87.40440465957779, -2.2736996532376604e-05, 3.757113368552323e-06, 1.0]",1.278,1.173,2.22,ok,,none,,0,0,0,91c8b6725ea5b3fd117257056f9c9236e5a4ce1c
eval_5842WCu-Spalled_SEM-SE_SEM-BSE_Multiscale_0#0,eval_5842WCu-Spalled_SEM-SE_SEM-BSE_Multiscale_0,Multiscale,5842WCu-Spalled_SEM-SE_SEM-BSE_Multiscale,arm1,roma,direct,none,0,512,768,2048,3072,19,10000,2126,affine,"[0.05821039233659555, -0.00010376900746419766, 291.73919801264515, -0.0008516473952344677, 0.04904476503121888, 275.8246123815477, 0.0, 0.0, 1.0]",2.971,2.453,1.81,ok,,none,,0,0,0,91c8b6725ea5b3fd117257056f9c9236e5a4ce1c
eval_5842WCu-Spalled_SEM-SE_SEM-BSE_Multiscale_0#0,eval_5842WCu-Spalled_SEM-SE_SEM-BSE_Multiscale_0,Multiscale,5842WCu-Spalled_SEM-SE_SEM-BSE_Multiscale,arm1,roma,pyramid_v2,none,0,512,768,2048,3072,19,10000,7237,affine@direct+zoom,"[0.057746046379276966, 0.0015108418848090823, 290.14275194377944, -0.0006314863390592395, 0.0515456959081229, 274.3090210298252, 0.0, 0.0, 1.0]",1.915,1.374,5.69,ok,,none,,0,0,0,91c8b6725ea5b3fd117257056f9c9236e5a4ce1c
eval_AF9628-Martensitic_SEM-SE-Stitch_EBSD_SameSlice_2#1,eval_AF9628-Martensitic_SEM-SE-Stitch_EBSD_SameSlice_2,SameSlice,AF9628-Martensitic_SEM-SE-Stitch_EBSD_SameSlice,arm1,roma,direct,none,0,1995,4096,5142,8831,37,10000,167,homography,"[0.5032485197642254, -0.012131821255094257, 454.79634328511816, 0.061571331238435535, 0.43899895582370374, -352.89726868381126, 2.4606713274481655e-05, 1.1934799192072046e-05, 0.9999999999999999]",121.876,102.495,2.14,ok,,none,,0,0,0,91c8b6725ea5b3fd117257056f9c9236e5a4ce1c
eval_AF9628-Martensitic_SEM-SE-Stitch_EBSD_SameSlice_2#1,eval_AF9628-Martensitic_SEM-SE-Stitch_EBSD_SameSlice_2,SameSlice,AF9628-Martensitic_SEM-SE-Stitch_EBSD_SameSlice,arm1,roma,pyramid_v2,none,0,1995,4096,5142,8831,37,10000,167,homography@direct,"[0.5032485197642254, -0.012131821255094257, 454.79634328511816, 0.061571331238435535, 0.43899895582370374, -352.89726868381126, 2.4606713274481655e-05, 1.1934799192072046e-05, 0.9999999999999999]",121.876,102.495,2.08,ok,,none,,0,0,0,91c8b6725ea5b3fd117257056f9c9236e5a4ce1c
eval_CoNi-AM67_SEM-EBSD_SameSliceSerialSectioning_0#0,eval_CoNi-AM67_SEM-EBSD_SameSliceSerialSectioning_0,SerialSectioning,CoNi-AM67_SEM-EBSD_SameSliceSerialSectioning,arm1,roma,direct,none,0,2048,3072,611,721,17,10000,1877,affine,"[2.689343349615769, -0.10205157064134354, 593.657278372682, 0.024588141610508527, 3.526030897562186, -7.424657164263522, 0.0, 0.0, 1.0]",42.294,42.550,1.39,ok,,none,,0,0,0,91c8b6725ea5b3fd117257056f9c9236e5a4ce1c
eval_CoNi-AM67_SEM-EBSD_SameSliceSerialSectioning_0#0,eval_CoNi-AM67_SEM-EBSD_SameSliceSerialSectioning_0,SerialSectioning,CoNi-AM67_SEM-EBSD_SameSliceSerialSectioning,arm1,roma,pyramid_v2,none,0,2048,3072,611,721,17,10000,1877,affine@direct,"[2.689343349615769, -0.10205157064134354, 593.657278372682, 0.024588141610508527, 3.526030897562186, -7.424657164263522, 0.0, 0.0, 1.0]",42.294,42.550,1.44,ok,,none,,0,0,0,91c8b6725ea5b3fd117257056f9c9236e5a4ce1c
eval_CoNi-AM67_SEM-EBSD_SameSliceSerialSectioning_0#4,eval_CoNi-AM67_SEM-EBSD_SameSliceSerialSectioning_0,SerialSectioning,CoNi-AM67_SEM-EBSD_SameSliceSerialSectioning,arm1,roma,direct,none,0,2048,3072,611,721,17,10000,486,affine,"[2.5099077018226716, -0.0982341339668152, 743.3030639730309, 0.2610115579299442, 2.5196275953481697, -10.330188140542532, 0.0, 0.0, 1.0]",238.898,203.796,1.51,ok,,none,,0,0,0,91c8b6725ea5b3fd117257056f9c9236e5a4ce1c
eval_CoNi-AM67_SEM-EBSD_SameSliceSerialSectioning_0#4,eval_CoNi-AM67_SEM-EBSD_SameSliceSerialSectioning_0,SerialSectioning,CoNi-AM67_SEM-EBSD_SameSliceSerialSectioning,arm1,roma,pyramid_v2,none,0,2048,3072,611,721,17,10000,486,affine@direct,"[2.5099077018226716, -0.0982341339668152, 743.3030639730309, 0.2610115579299442, 2.5196275953481697, -10.330188140542532, 0.0, 0.0, 1.0]",238.898,203.796,1.53,ok,,none,,0,0,0,91c8b6725ea5b3fd117257056f9c9236e5a4ce1c
eval_CoNi-AM67_SEM-EBSD_SameSliceSerialSectioning_1#4,eval_CoNi-AM67_SEM-EBSD_SameSliceSerialSectioning_1,SerialSectioning,CoNi-AM67_SEM-EBSD_SameSliceSerialSectioning,arm1,roma,direct,none,0,2048,3072,534,587,14,10000,207,affine,"[2.547523822466068, -0.10703323412794048, 728.0407415790185, 0.431131749895996, 2.155378013989013, 116.50093951378597, 0.0, 0.0, 1.0]",264.615,238.300,1.46,ok,,none,,0,0,0,91c8b6725ea5b3fd117257056f9c9236e5a4ce1c
eval_CoNi-AM67_SEM-EBSD_SameSliceSerialSectioning_1#4,eval_CoNi-AM67_SEM-EBSD_SameSliceSerialSectioning_1,SerialSectioning,CoNi-AM67_SEM-EBSD_SameSliceSerialSectioning,arm1,roma,pyramid_v2,none,0,2048,3072,534,587,14,10000,207,affine@direct,"[2.547523822466068, -0.10703323412794048, 728.0407415790185, 0.431131749895996, 2.155378013989013, 116.50093951378597, 0.0, 0.0, 1.0]",264.615,238.300,2.83,ok,,none,,0,0,0,91c8b6725ea5b3fd117257056f9c9236e5a4ce1c
eval_CoNi-AM67_SEM-EBSD_SameSliceSerialSectioning_2#1,eval_CoNi-AM67_SEM-EBSD_SameSliceSerialSectioning_2,SerialSectioning,CoNi-AM67_SEM-EBSD_SameSliceSerialSectioning,arm1,roma,direct,none,0,2048,3072,534,587,18,10000,218,homography,"[3.9426954390571582, 0.45773587861377674, 609.5909733374523, -0.07686991458016122, 1.5886223507799164, 562.3637140444478, 0.0004752442829618533, 0.00028659550324216, 1.0]",311.993,227.540,1.45,ok,,none,,0,0,0,91c8b6725ea5b3fd117257056f9c9236e5a4ce1c
eval_CoNi-AM67_SEM-EBSD_SameSliceSerialSectioning_2#1,eval_CoNi-AM67_SEM-EBSD_SameSliceSerialSectioning_2,SerialSectioning,CoNi-AM67_SEM-EBSD_SameSliceSerialSectioning,arm1,roma,pyramid_v2,none,0,2048,3072,534,587,18,10000,218,homography@direct,"[3.9426954390571582, 0.45773587861377674, 609.5909733374523, -0.07686991458016122, 1.5886223507799164, 562.3637140444478, 0.0004752442829618533, 0.00028659550324216, 1.0]",311.993,227.540,2.81,ok,,none,,0,0,0,91c8b6725ea5b3fd117257056f9c9236e5a4ce1c
eval_CoNi-AM90_OM-SEM_Multiscale_0#1,eval_CoNi-AM90_OM-SEM_Multiscale_0,Multiscale,CoNi-AM90_OM-SEM_Multiscale,arm1,roma,direct,none,0,2048,3072,1320,1507,8,10000,1206,homography,"[-0.07937774839931457, -0.06594535811509161, 156.37010185202973, -0.37902486305436517, -0.3307160134263147, 760.0800911503705, -0.0004956517422029876, -0.00043827859052171443, 1.0]",983.785,956.788,1.53,ok,,none,,0,0,0,91c8b6725ea5b3fd117257056f9c9236e5a4ce1c
eval_CoNi-AM90_OM-SEM_Multiscale_0#1,eval_CoNi-AM90_OM-SEM_Multiscale_0,Multiscale,CoNi-AM90_OM-SEM_Multiscale,arm1,roma,pyramid_v2,none,0,2048,3072,1320,1507,8,10000,1206,homography@direct,"[-0.07937774839931457, -0.06594535811509161, 156.37010185202973, -0.37902486305436517, -0.3307160134263147, 760.0800911503705, -0.0004956517422029876, -0.00043827859052171443, 1.0]",983.785,956.788,3.20,ok,,none,,0,0,0,91c8b6725ea5b3fd117257056f9c9236e5a4ce1c
eval_CoNi-AM90_SEM-DIC_EBSD_SlipPartitioning_0#19,eval_CoNi-AM90_SEM-DIC_EBSD_SlipPartitioning_0,SlipPartitioning,CoNi-AM90_SEM-DIC_EBSD_SlipPartitioning,arm1,roma,direct,none,0,1309,1493,13333,13333,20,10000,871,affine,"[0.007735754741797608, 0.005213311613143456, 182.9754151975068, 0.0018013796775480997, 0.001442078200698886, 577.1476972553822, 0.0, 0.0, 1.0]",681.189,683.633,8.03,ok,,none,,0,0,0,91c8b6725ea5b3fd117257056f9c9236e5a4ce1c
eval_CoNi-AM90_SEM-DIC_EBSD_SlipPartitioning_0#19,eval_CoNi-AM90_SEM-DIC_EBSD_SlipPartitioning_0,SlipPartitioning,CoNi-AM90_SEM-DIC_EBSD_SlipPartitioning,arm1,roma,pyramid_v2,none,0,1309,1493,13333,13333,20,10000,3526,homography@direct+zoom,"[-0.1338295690315467, 0.025989487763467017, 291.75943598851626, -0.30376273323981035, 0.06389205546074866, 588.8455305558745, -0.0005331355703208386, 0.000116590950794543, 1.0]",695.701,708.248,22.28,ok,,none,,0,0,0,91c8b6725ea5b3fd117257056f9c9236e5a4ce1c
eval_CoNi-AM90_SEM-DIC_EBSD_SlipPartitioning_0#23,eval_CoNi-AM90_SEM-DIC_EBSD_SlipPartitioning_0,SlipPartitioning,CoNi-AM90_SEM-DIC_EBSD_SlipPartitioning,arm1,roma,direct,none,0,1309,1493,13333,13333,20,10000,846,homography,"[-0.0004017842227359413, -0.00046127950703345476, 23.397572406411733, -0.045307435732862916, -0.006906178970002135, 638.5562008691417, -7.171312169834205e-05, -1.1328345361321785e-05, 1.0]",913.676,917.790,7.54,ok,,none,,0,0,0,91c8b6725ea5b3fd117257056f9c9236e5a4ce1c
eval_CoNi-AM90_SEM-DIC_EBSD_SlipPartitioning_0#23,eval_CoNi-AM90_SEM-DIC_EBSD_SlipPartitioning_0,SlipPartitioning,CoNi-AM90_SEM-DIC_EBSD_SlipPartitioning,arm1,roma,pyramid_v2,none,0,1309,1493,13333,13333,20,10000,846,homography@direct,"[-0.0004017842227359413, -0.00046127950703345476, 23.397572406411733, -0.045307435732862916, -0.006906178970002135, 638.5562008691417, -7.171312169834205e-05, -1.1328345361321785e-05, 1.0]",913.676,917.790,17.24,ok,,none,,0,0,0,91c8b6725ea5b3fd117257056f9c9236e5a4ce1c
eval_CoNi-AM90_SEM-DIC_EBSD_SlipPartitioning_0#24,eval_CoNi-AM90_SEM-DIC_EBSD_SlipPartitioning_0,SlipPartitioning,CoNi-AM90_SEM-DIC_EBSD_SlipPartitioning,arm1,roma,direct,none,0,1309,1493,13333,13333,20,10000,366,homography,"[0.0250896969763451, 0.06834832038520788, -20.46444711543295, -0.06669163083234089, 0.20521861031039743, 427.55999302124707, -7.719064718954673e-05, 0.0002847702391635568, 1.0]",658.967,656.520,7.98,ok,,none,,0,0,0,91c8b6725ea5b3fd117257056f9c9236e5a4ce1c
eval_CoNi-AM90_SEM-DIC_EBSD_SlipPartitioning_0#24,eval_CoNi-AM90_SEM-DIC_EBSD_SlipPartitioning_0,SlipPartitioning,CoNi-AM90_SEM-DIC_EBSD_SlipPartitioning,arm1,roma,pyramid_v2,none,0,1309,1493,13333,13333,20,10000,366,homography@direct,"[0.0250896969763451, 0.06834832038520788, -20.46444711543295, -0.06669163083234089, 0.20521861031039743, 427.55999302124707, -7.719064718954673e-05, 0.0002847702391635568, 1.0]",658.967,656.520,7.32,ok,,none,,0,0,0,91c8b6725ea5b3fd117257056f9c9236e5a4ce1c
eval_CoNi-AM90_SEM-EBSD_SameSlice_0#4,eval_CoNi-AM90_SEM-EBSD_SameSlice_0,SameSlice,CoNi-AM90_SEM-EBSD_SameSlice,arm1,roma,direct,none,0,1309,1493,12148,13089,47,10000,1083,homography,"[-0.0027377568531024112, -0.03605731036506163, 214.3465392455083, -0.00865894751445788, -0.13262901380804448, 780.1030828211584, -1.1777208483093488e-05, -0.00016965568877649003, 1.0]",696.074,675.776,6.53,ok,,none,,0,0,0,91c8b6725ea5b3fd117257056f9c9236e5a4ce1c
eval_CoNi-AM90_SEM-EBSD_SameSlice_0#4,eval_CoNi-AM90_SEM-EBSD_SameSlice_0,SameSlice,CoNi-AM90_SEM-EBSD_SameSlice,arm1,roma,pyramid_v2,none,0,1309,1493,12148,13089,47,10000,1083,homography@direct,"[-0.0027377568531024112, -0.03605731036506163, 214.3465392455083, -0.00865894751445788, -0.13262901380804448, 780.1030828211584, -1.1777208483093488e-05, -0.00016965568877649003, 1.0]",696.074,675.776,7.01,ok,,none,,0,0,0,91c8b6725ea5b3fd117257056f9c9236e5a4ce1c
eval_In718-PrecipitationStrengthened_SEM-BSE_EBSD_SameSliceSerialSectioning_2#0,eval_In718-PrecipitationStrengthened_SEM-BSE_EBSD_SameSliceSerialSectioning_2,SerialSectioning,In718-PrecipitationStrengthened_SEM-BSE_EBSD_SameSliceSerialSectioning,arm1,roma,direct,none,0,4096,6144,451,671,46,10000,883,affine,"[5.357439034606958, 0.19397955855816074, 1873.222955059539, -0.3771118287523611, 5.707257990101575, 285.9350346096086, 0.0, 0.0, 1.0]",51.196,48.072,1.53,ok,,none,,0,0,0,91c8b6725ea5b3fd117257056f9c9236e5a4ce1c
eval_In718-PrecipitationStrengthened_SEM-BSE_EBSD_SameSliceSerialSectioning_2#0,eval_In718-PrecipitationStrengthened_SEM-BSE_EBSD_SameSliceSerialSectioning_2,SerialSectioning,In718-PrecipitationStrengthened_SEM-BSE_EBSD_SameSliceSerialSectioning,arm1,roma,pyramid_v2,none,0,4096,6144,451,671,46,10000,883,affine@direct,"[5.357439034606958, 0.19397955855816074, 1873.222955059539, -0.3771118287523611, 5.707257990101575, 285.9350346096086, 0.0, 0.0, 1.0]",51.196,48.072,3.44,ok,,none,,0,0,0,91c8b6725ea5b3fd117257056f9c9236e5a4ce1c
eval_In718-PrecipitationStrengthened_SEM-DIC_EBSD_SlipPartitioning_0#0,eval_In718-PrecipitationStrengthened_SEM-DIC_EBSD_SlipPartitioning_0,SlipPartitioning,In718-PrecipitationStrengthened_SEM-DIC_EBSD_SlipPartitioning,arm1,roma,direct,none,0,526,549,9058,9052,56,10000,898,affine,"[-0.00024469674143896104, 0.006948634608666555, 423.8999123852053, 0.0006969716073478724, -0.0009732878394748488, 454.92813955902216, 0.0, 0.0, 1.0]",322.411,351.840,2.79,ok,,none,,0,0,0,91c8b6725ea5b3fd117257056f9c9236e5a4ce1c
eval_In718-PrecipitationStrengthened_SEM-DIC_EBSD_SlipPartitioning_0#0,eval_In718-PrecipitationStrengthened_SEM-DIC_EBSD_SlipPartitioning_0,SlipPartitioning,In718-PrecipitationStrengthened_SEM-DIC_EBSD_SlipPartitioning,arm1,roma,pyramid_v2,none,0,526,549,9058,9052,56,10000,898,affine@direct,"[-0.00024469674143896104, 0.006948634608666555, 423.8999123852053, 0.0006969716073478724, -0.0009732878394748488, 454.92813955902216, 0.0, 0.0, 1.0]",322.411,351.840,2.58,ok,,none,,0,0,0,91c8b6725ea5b3fd117257056f9c9236e5a4ce1c
eval_In718-SolutionStrengthened_SEM-SE_EBSD_SameSliceSerialSectioning_0#3,eval_In718-SolutionStrengthened_SEM-SE_EBSD_SameSliceSerialSectioning_0,SerialSectioning,In718-SolutionStrengthened_SEM-SE_EBSD_SameSliceSerialSectioning,arm1,roma,direct,none,0,433,512,1536,1024,39,10000,805,affine,"[0.10079632724422495, -0.012507513239546443, 363.364151373326, -0.055326188817862824, 0.15496323081484129, 50.052240287108454, 0.0, 0.0, 1.0]",217.528,196.754,1.45,ok,,none,,0,0,0,91c8b6725ea5b3fd117257056f9c9236e5a4ce1c
eval_In718-SolutionStrengthened_SEM-SE_EBSD_SameSliceSerialSectioning_0#3,eval_In718-SolutionStrengthened_SEM-SE_EBSD_SameSliceSerialSectioning_0,SerialSectioning,In718-SolutionStrengthened_SEM-SE_EBSD_SameSliceSerialSectioning,arm1,roma,pyramid_v2,none,0,433,512,1536,1024,39,10000,805,affine@direct,"[0.10079632724422495, -0.012507513239546443, 363.364151373326, -0.055326188817862824, 0.15496323081484129, 50.052240287108454, 0.0, 0.0, 1.0]",217.528,196.754,2.79,ok,,none,,0,0,0,91c8b6725ea5b3fd117257056f9c9236e5a4ce1c
eval_TRIP1-Bainitic_LOM_SEM_EBSD_Multiscale_0#6,eval_TRIP1-Bainitic_LOM_SEM_EBSD_Multiscale_0,Multiscale,TRIP1-Bainitic_LOM_SEM_EBSD_Multiscale,arm1,roma,direct,none,0,3479,3255,2452,2226,54,10000,68,affine,"[0.05197907091967197, 0.11885002610416565, 10.408423002925986, -0.18546247238102437, 0.41344981466640596, 1673.3151027488395, 0.0, 0.0, 1.0]",546.369,584.881,1.49,ok,,none,,0,0,0,91c8b6725ea5b3fd117257056f9c9236e5a4ce1c
eval_TRIP1-Bainitic_LOM_SEM_EBSD_Multiscale_0#6,eval_TRIP1-Bainitic_LOM_SEM_EBSD_Multiscale_0,Multiscale,TRIP1-Bainitic_LOM_SEM_EBSD_Multiscale,arm1,roma,pyramid_v2,none,0,3479,3255,2452,2226,54,10000,2257,homography@direct+zoom,"[-1.2039174834923867, -0.05589401182862552, 430.10526968657433, -8.118371373704539, -0.36857531746290434, 2899.3134247178045, -0.0027986910187700717, -0.00012650872829420603, 1.0]",1055.485,1034.532,4.17,ok,,none,,0,0,0,91c8b6725ea5b3fd117257056f9c9236e5a4ce1c
eval_Ta-AM-Spalled_SEM-BSE_EBSD_SameSliceSerialSectioning_0#0,eval_Ta-AM-Spalled_SEM-BSE_EBSD_SameSliceSerialSectioning_0,SerialSectioning,Ta-AM-Spalled_SEM-BSE_EBSD_SameSliceSerialSectioning,arm1,roma,direct,none,0,4096,6144,689,709,14,10000,714,affine,"[4.857561318237032, -0.06677338184813761, 1555.0141520556945, -0.3378081766418546, 6.400163327662968, -43.13481521674794, 0.0, 0.0, 1.0]",86.021,90.027,1.60,ok,,none,,0,0,0,91c8b6725ea5b3fd117257056f9c9236e5a4ce1c
eval_Ta-AM-Spalled_SEM-BSE_EBSD_SameSliceSerialSectioning_0#0,eval_Ta-AM-Spalled_SEM-BSE_EBSD_SameSliceSerialSectioning_0,SerialSectioning,Ta-AM-Spalled_SEM-BSE_EBSD_SameSliceSerialSectioning,arm1,roma,pyramid_v2,none,0,4096,6144,689,709,14,10000,714,affine@direct,"[4.857561318237032, -0.06677338184813761, 1555.0141520556945, -0.3378081766418546, 6.400163327662968, -43.13481521674794, 0.0, 0.0, 1.0]",86.021,90.027,1.75,ok,,none,,0,0,0,91c8b6725ea5b3fd117257056f9c9236e5a4ce1c
eval_Ta-AM-Spalled_SEM-BSE_EBSD_SameSliceSerialSectioning_0#1,eval_Ta-AM-Spalled_SEM-BSE_EBSD_SameSliceSerialSectioning_0,SerialSectioning,Ta-AM-Spalled_SEM-BSE_EBSD_SameSliceSerialSectioning,arm1,roma,direct,none,0,4096,6144,689,709,14,10000,221,affine,"[4.733624811512292, 0.00701334600397671, 1503.0849553473824, 0.12637734290711686, 5.911546498246299, -37.359548708137936, 0.0, 0.0, 1.0]",124.561,85.144,1.59,ok,,none,,0,0,0,91c8b6725ea5b3fd117257056f9c9236e5a4ce1c
eval_Ta-AM-Spalled_SEM-BSE_EBSD_SameSliceSerialSectioning_0#1,eval_Ta-AM-Spalled_SEM-BSE_EBSD_SameSliceSerialSectioning_0,SerialSectioning,Ta-AM-Spalled_SEM-BSE_EBSD_SameSliceSerialSectioning,arm1,roma,pyramid_v2,none,0,4096,6144,689,709,14,10000,221,affine@direct,"[4.733624811512292, 0.00701334600397671, 1503.0849553473824, 0.12637734290711686, 5.911546498246299, -37.359548708137936, 0.0, 0.0, 1.0]",124.561,85.144,1.75,ok,,none,,0,0,0,91c8b6725ea5b3fd117257056f9c9236e5a4ce1c
eval_X2CrNi12-Ferritic_SEM-SE-Stitch_EBSD_Fatigue-SameSlice_0#1,eval_X2CrNi12-Ferritic_SEM-SE-Stitch_EBSD_Fatigue-SameSlice_0,SameSlice,X2CrNi12-Ferritic_SEM-SE-Stitch_EBSD_Fatigue-SameSlice,arm1,roma,direct,none,0,4598,7000,1316,2048,100,10000,2431,affine,"[3.0961408840153486, -0.02013480827135307, 608.9467607226256, 0.09924992151961758, 3.032325301603293, 519.3087090971026, 0.0, 0.0, 1.0]",22.952,19.555,1.76,ok,,none,,0,0,0,91c8b6725ea5b3fd117257056f9c9236e5a4ce1c
eval_X2CrNi12-Ferritic_SEM-SE-Stitch_EBSD_Fatigue-SameSlice_0#1,eval_X2CrNi12-Ferritic_SEM-SE-Stitch_EBSD_Fatigue-SameSlice_0,SameSlice,X2CrNi12-Ferritic_SEM-SE-Stitch_EBSD_Fatigue-SameSlice,arm1,roma,pyramid_v2,none,0,4598,7000,1316,2048,100,10000,2431,affine@direct,"[3.0961408840153486, -0.02013480827135307, 608.9467607226256, 0.09924992151961758, 3.032325301603293, 519.3087090971026, 0.0, 0.0, 1.0]",22.952,19.555,1.96,ok,,none,,0,0,0,91c8b6725ea5b3fd117257056f9c9236e5a4ce1c
eval_X2CrNi12-Ferritic_SEM-SE-Stitch_EBSD_Fatigue-SameSlice_0#2,eval_X2CrNi12-Ferritic_SEM-SE-Stitch_EBSD_Fatigue-SameSlice_0,SameSlice,X2CrNi12-Ferritic_SEM-SE-Stitch_EBSD_Fatigue-SameSlice,arm1,roma,direct,none,0,4598,7000,1316,2048,100,10000,2312,affine,"[3.0877857904522843, -0.054846649438901086, 646.0219505545356, 0.10575738921185489, 3.0084691590865633, 532.4309037759276, 0.0, 0.0, 1.0]",27.804,23.999,1.87,ok,,none,,0,0,0,91c8b6725ea5b3fd117257056f9c9236e5a4ce1c
eval_X2CrNi12-Ferritic_SEM-SE-Stitch_EBSD_Fatigue-SameSlice_0#2,eval_X2CrNi12-Ferritic_SEM-SE-Stitch_EBSD_Fatigue-SameSlice_0,SameSlice,X2CrNi12-Ferritic_SEM-SE-Stitch_EBSD_Fatigue-SameSlice,arm1,roma,pyramid_v2,none,0,4598,7000,1316,2048,100,10000,2312,affine@direct,"[3.0877857904522843, -0.054846649438901086, 646.0219505545356, 0.10575738921185489, 3.0084691590865633, 532.4309037759276, 0.0, 0.0, 1.0]",27.804,23.999,2.13,ok,,none,,0,0,0,91c8b6725ea5b3fd117257056f9c9236e5a4ce1c
eval_X2CrNi12-Ferritic_SEM-SE-Stitch_EBSD_Fatigue-SameSlice_0#4,eval_X2CrNi12-Ferritic_SEM-SE-Stitch_EBSD_Fatigue-SameSlice_0,SameSlice,X2CrNi12-Ferritic_SEM-SE-Stitch_EBSD_Fatigue-SameSlice,arm1,roma,direct,none,0,4550,7000,1316,2048,129,10000,32,affine,"[2.913154404688135, 0.5629968576818095, -308.7587525935958, 0.27211622140109704, 1.8472371829526295, 632.0215814025516, 0.0, 0.0, 1.0]",594.369,536.465,2.59,ok,,none,,0,0,0,91c8b6725ea5b3fd117257056f9c9236e5a4ce1c
eval_X2CrNi12-Ferritic_SEM-SE-Stitch_EBSD_Fatigue-SameSlice_0#4,eval_X2CrNi12-Ferritic_SEM-SE-Stitch_EBSD_Fatigue-SameSlice_0,SameSlice,X2CrNi12-Ferritic_SEM-SE-Stitch_EBSD_Fatigue-SameSlice,arm1,roma,pyramid_v2,none,0,4550,7000,1316,2048,129,10000,143,affine@tile,"[2.6989112961934425, 0.8506179010956552, 2293.3430839840325, 0.06281626281540684, 1.9026245149835528, 289.64477564503727, 0.0, 0.0, 1.0]",2550.502,2540.572,126.93,ok,,none,,0,0,0,91c8b6725ea5b3fd117257056f9c9236e5a4ce1c
eval_5842WCu-Spalled_SEM-SE_SEM-BSE_Multiscale_0#0,eval_5842WCu-Spalled_SEM-SE_SEM-BSE_Multiscale_0,Multiscale,5842WCu-Spalled_SEM-SE_SEM-BSE_Multiscale,arm1,roma,direct,none,0,467,768,1871,3072,19,10000,1985,homography,"[0.198663280564609, -0.11992477990262482, 264.1185026923392, 0.08925818615208916, -0.050459354227167796, 160.74618182519274, 0.0002737959379632097, -0.0002809324328108321, 0.9999999999999999]",121.676,99.233,1.49,ok,,sham,bottom,45,177,1,91c8b6725ea5b3fd117257056f9c9236e5a4ce1c
eval_5842WCu-Spalled_SEM-SE_SEM-BSE_Multiscale_0#0,eval_5842WCu-Spalled_SEM-SE_SEM-BSE_Multiscale_0,Multiscale,5842WCu-Spalled_SEM-SE_SEM-BSE_Multiscale,arm1,roma,pyramid_v2,none,0,467,768,1871,3072,19,10000,4569,homography@direct+zoom,"[-0.005834243006816782, -0.02770248372043627, 318.78202159041564, -0.020477011181916974, -0.011864868646962436, 219.955868853031, -0.00010045487148006732, -5.854392233757463e-05, 1.0]",102.811,104.479,4.34,ok,,sham,bottom,45,177,1,91c8b6725ea5b3fd117257056f9c9236e5a4ce1c
eval_AF9628-Martensitic_SEM-SE-Stitch_EBSD_SameSlice_2#1,eval_AF9628-Martensitic_SEM-SE-Stitch_EBSD_SameSlice_2,SameSlice,AF9628-Martensitic_SEM-SE-Stitch_EBSD_SameSlice,arm1,roma,direct,none,0,1823,4096,4699,8831,37,10000,234,affine,"[0.3828673176314034, -0.0015984499729174725, 573.3075594312954, -0.0016777225339842685, 0.35253849814120836, 27.28075873627617, 0.0, 0.0, 1.0]",55.679,58.119,3.27,ok,,sham,bottom,172,443,6,91c8b6725ea5b3fd117257056f9c9236e5a4ce1c
eval_AF9628-Martensitic_SEM-SE-Stitch_EBSD_SameSlice_2#1,eval_AF9628-Martensitic_SEM-SE-Stitch_EBSD_SameSlice_2,SameSlice,AF9628-Martensitic_SEM-SE-Stitch_EBSD_SameSlice,arm1,roma,pyramid_v2,none,0,1823,4096,4699,8831,37,10000,234,affine@direct,"[0.3828673176314034, -0.0015984499729174725, 573.3075594312954, -0.0016777225339842685, 0.35253849814120836, 27.28075873627617, 0.0, 0.0, 1.0]",55.679,58.119,3.67,ok,,sham,bottom,172,443,6,91c8b6725ea5b3fd117257056f9c9236e5a4ce1c
eval_CoNi-AM67_SEM-EBSD_SameSliceSerialSectioning_0#0,eval_CoNi-AM67_SEM-EBSD_SameSliceSerialSectioning_0,SerialSectioning,CoNi-AM67_SEM-EBSD_SameSliceSerialSectioning,arm1,roma,direct,none,0,1871,3072,558,721,17,10000,2248,homography,"[3.1315057703033626, -0.2585345936564094, 508.16740363173415, 0.3517478290514121, 3.511803232160492, -149.17181691435593, 0.00013845391793549958, -7.445756459793521e-05, 1.0]",86.071,43.270,1.45,ok,,sham,bottom,177,53,2,91c8b6725ea5b3fd117257056f9c9236e5a4ce1c
eval_CoNi-AM67_SEM-EBSD_SameSliceSerialSectioning_0#0,eval_CoNi-AM67_SEM-EBSD_SameSliceSerialSectioning_0,SerialSectioning,CoNi-AM67_SEM-EBSD_SameSliceSerialSectioning,arm1,roma,pyramid_v2,none,0,1871,3072,558,721,17,10000,2248,homography@direct,"[3.1315057703033626, -0.2585345936564094, 508.16740363173415, 0.3517478290514121, 3.511803232160492, -149.17181691435593, 0.00013845391793549958, -7.445756459793521e-05, 1.0]",86.071,43.270,1.42,ok,,sham,bottom,177,53,2,91c8b6725ea5b3fd117257056f9c9236e5a4ce1c
eval_CoNi-AM67_SEM-EBSD_SameSliceSerialSectioning_0#4,eval_CoNi-AM67_SEM-EBSD_SameSliceSerialSectioning_0,SerialSectioning,CoNi-AM67_SEM-EBSD_SameSliceSerialSectioning,arm1,roma,direct,none,0,1871,3072,558,721,17,10000,218,affine,"[2.5149899784760468, -0.06890406573064269, 708.8634874912063, 0.10359269139330142, 2.8728920909169933, 80.93581941879273, 0.0, 0.0, 1.0]",129.969,117.805,1.50,ok,,sham,bottom,177,53,2,91c8b6725ea5b3fd117257056f9c9236e5a4ce1c
eval_CoNi-AM67_SEM-EBSD_SameSliceSerialSectioning_0#4,eval_CoNi-AM67_SEM-EBSD_SameSliceSerialSectioning_0,SerialSectioning,CoNi-AM67_SEM-EBSD_SameSliceSerialSectioning,arm1,roma,pyramid_v2,none,0,1871,3072,558,721,17,10000,218,affine@direct,"[2.5149899784760468, -0.06890406573064269, 708.8634874912063, 0.10359269139330142, 2.8728920909169933, 80.93581941879273, 0.0, 0.0, 1.0]",129.969,117.805,1.63,ok,,sham,bottom,177,53,2,91c8b6725ea5b3fd117257056f9c9236e5a4ce1c
eval_CoNi-AM67_SEM-EBSD_SameSliceSerialSectioning_1#4,eval_CoNi-AM67_SEM-EBSD_SameSliceSerialSectioning_1,SerialSectioning,CoNi-AM67_SEM-EBSD_SameSliceSerialSectioning,arm1,roma,direct,none,0,1871,3072,488,587,14,10000,329,affine,"[2.3476906410670075, 0.06609122474839657, 709.8593101053629, 0.04500786110424168, 1.0502002845775027, 142.5964794625834, 0.0, 0.0, 1.0]",587.173,532.421,1.38,ok,,sham,bottom,177,46,1,91c8b6725ea5b3fd117257056f9c9236e5a4ce1c
eval_CoNi-AM67_SEM-EBSD_SameSliceSerialSectioning_1#4,eval_CoNi-AM67_SEM-EBSD_SameSliceSerialSectioning_1,SerialSectioning,CoNi-AM67_SEM-EBSD_SameSliceSerialSectioning,arm1,roma,pyramid_v2,none,0,1871,3072,488,587,14,10000,272,affine@direct+zoom,"[2.5760887025580486, -0.12554621208711697, 719.0136938878316, -0.15053084960170052, 0.9486307048914153, 191.1435666086789, 0.0, 0.0, 1.0]",606.355,542.922,4.42,ok,,sham,bottom,177,46,1,91c8b6725ea5b3fd117257056f9c9236e5a4ce1c
eval_CoNi-AM67_SEM-EBSD_SameSliceSerialSectioning_2#1,eval_CoNi-AM67_SEM-EBSD_SameSliceSerialSectioning_2,SerialSectioning,CoNi-AM67_SEM-EBSD_SameSliceSerialSectioning,arm1,roma,direct,none,0,1871,3072,488,587,18,10000,396,affine,"[1.9475030724998572, -0.0777111176512441, 889.7213062522036, -0.12631918888532087, 0.9114322637490961, 538.036832292777, 0.0, 0.0, 1.0]",376.887,255.768,1.42,ok,,sham,bottom,177,46,1,91c8b6725ea5b3fd117257056f9c9236e5a4ce1c
eval_CoNi-AM67_SEM-EBSD_SameSliceSerialSectioning_2#1,eval_CoNi-AM67_SEM-EBSD_SameSliceSerialSectioning_2,SerialSectioning,CoNi-AM67_SEM-EBSD_SameSliceSerialSectioning,arm1,roma,pyramid_v2,none,0,1871,3072,488,587,18,10000,165,homography@direct+zoom,"[-60.79802744146371, -44.80494463069593, 9337.40773877845, 22.780758554888536, -58.67972025469483, 8560.332997939322, 0.021060152992553063, -0.021901543585570487, 1.0]",13114.285,6920.831,2.70,ok,,sham,bottom,177,46,1,91c8b6725ea5b3fd117257056f9c9236e5a4ce1c
eval_CoNi-AM90_OM-SEM_Multiscale_0#1,eval_CoNi-AM90_OM-SEM_Multiscale_0,Multiscale,CoNi-AM90_OM-SEM_Multiscale,arm1,roma,direct,none,0,1871,3072,1206,1507,8,10000,365,homography,"[-0.7937761986087699, -2.967767242353645, 863.4135616798102, -0.3352367512443325, -1.2112103077212075, 356.9459823751955, -0.0009197340654272044, -0.003435898669872124, 1.0]",693.846,759.350,1.67,ok,,sham,bottom,177,114,1,91c8b6725ea5b3fd117257056f9c9236e5a4ce1c
eval_CoNi-AM90_OM-SEM_Multiscale_0#1,eval_CoNi-AM90_OM-SEM_Multiscale_0,Multiscale,CoNi-AM90_OM-SEM_Multiscale,arm1,roma,pyramid_v2,none,0,1871,3072,1206,1507,8,10000,365,homography@direct,"[-0.7937761986087699, -2.967767242353645, 863.4135616798102, -0.3352367512443325, -1.2112103077212075, 356.9459823751955, -0.0009197340654272044, -0.003435898669872124, 1.0]",693.846,759.350,1.56,ok,,sham,bottom,177,114,1,91c8b6725ea5b3fd117257056f9c9236e5a4ce1c
eval_CoNi-AM90_SEM-DIC_EBSD_SlipPartitioning_0#19,eval_CoNi-AM90_SEM-DIC_EBSD_SlipPartitioning_0,SlipPartitioning,CoNi-AM90_SEM-DIC_EBSD_SlipPartitioning,arm1,roma,direct,none,0,1196,1493,12186,13333,20,10000,651,affine,"[0.02806119305357498, 0.006890774362445022, 434.62876999563326, -0.00017751279496945623, 0.018907330803996793, 328.7444072585573, 0.0, 0.0, 1.0]",268.442,261.621,6.99,ok,,sham,bottom,113,1147,0,91c8b6725ea5b3fd117257056f9c9236e5a4ce1c
eval_CoNi-AM90_SEM-DIC_EBSD_SlipPartitioning_0#19,eval_CoNi-AM90_SEM-DIC_EBSD_SlipPartitioning_0,SlipPartitioning,CoNi-AM90_SEM-DIC_EBSD_SlipPartitioning,arm1,roma,pyramid_v2,none,0,1196,1493,12186,13333,20,10000,496,homography@direct+zoom,"[-0.4831745594602113, -0.9580457899577701, 2222.758932790402, -0.09200666320674811, -0.7986594983226233, 1778.714634258106, -0.00032858774249014253, -0.0017636439116927108, 1.0]",481.629,418.788,14.92,ok,,sham,bottom,113,1147,0,91c8b6725ea5b3fd117257056f9c9236e5a4ce1c
eval_CoNi-AM90_SEM-DIC_EBSD_SlipPartitioning_0#23,eval_CoNi-AM90_SEM-DIC_EBSD_SlipPartitioning_0,SlipPartitioning,CoNi-AM90_SEM-DIC_EBSD_SlipPartitioning,arm1,roma,direct,none,0,1196,1493,12186,13333,20,10000,435,affine,"[0.007168287791738087, 0.00847663516940529, -49.77103587011817, 0.0038416467241020246, 0.006892712518116272, 343.5532009199096, 0.0, 0.0, 1.0]",877.493,888.194,6.88,ok,,sham,bottom,113,1147,0,91c8b6725ea5b3fd117257056f9c9236e5a4ce1c
eval_CoNi-AM90_SEM-DIC_EBSD_SlipPartitioning_0#23,eval_CoNi-AM90_SEM-DIC_EBSD_SlipPartitioning_0,SlipPartitioning,CoNi-AM90_SEM-DIC_EBSD_SlipPartitioning,arm1,roma,pyramid_v2,none,0,1196,1493,12186,13333,20,10000,1127,affine@direct+zoom,"[0.003997423967155803, -0.0022676463116886097, 25.3019042070771, -0.0022653069735413846, 0.005544160379513962, 326.33524910758854, 0.0, 0.0, 1.0]",893.621,905.423,20.13,ok,,sham,bottom,113,1147,0,91c8b6725ea5b3fd117257056f9c9236e5a4ce1c
eval_CoNi-AM90_SEM-DIC_EBSD_SlipPartitioning_0#24,eval_CoNi-AM90_SEM-DIC_EBSD_SlipPartitioning_0,SlipPartitioning,CoNi-AM90_SEM-DIC_EBSD_SlipPartitioning,arm1,roma,direct,none,0,1196,1493,12186,13333,20,10000,639,affine,"[0.017182618475050863, 0.00869606016626051, 43.08099877399147, -0.01194697791066025, -0.0021470451991913737, 525.3339538631783, 0.0, 0.0, 1.0]",728.157,721.669,7.49,ok,,sham,bottom,113,1147,0,91c8b6725ea5b3fd117257056f9c9236e5a4ce1c
eval_CoNi-AM90_SEM-DIC_EBSD_SlipPartitioning_0#24,eval_CoNi-AM90_SEM-DIC_EBSD_SlipPartitioning_0,SlipPartitioning,CoNi-AM90_SEM-DIC_EBSD_SlipPartitioning,arm1,roma,pyramid_v2,none,0,1196,1493,12186,13333,20,10000,1714,affine@direct+zoom,"[0.00037796113587319145, 0.00043468833649771887, 78.53271098880752, -8.443589648083338e-05, 0.0003651285699119778, 399.3594225556537, 0.0, 0.0, 1.0]",847.587,861.401,21.00,ok,,sham,bottom,113,1147,0,91c8b6725ea5b3fd117257056f9c9236e5a4ce1c
eval_CoNi-AM90_SEM-EBSD_SameSlice_0#4,eval_CoNi-AM90_SEM-EBSD_SameSlice_0,SameSlice,CoNi-AM90_SEM-EBSD_SameSlice,arm1,roma,direct,none,0,1196,1493,11103,13089,47,10000,192,homography,"[0.15022053873599356, -0.04043705857819249, 217.3266429317027, 0.2655449663445459, 0.03986209485402855, -199.35692360887546, 0.000526917725674376, -0.0002073049666109771, 1.0]",747.515,625.360,5.97,ok,,sham,bottom,113,1045,4,91c8b6725ea5b3fd117257056f9c9236e5a4ce1c
eval_CoNi-AM90_SEM-EBSD_SameSlice_0#4,eval_CoNi-AM90_SEM-EBSD_SameSlice_0,SameSlice,CoNi-AM90_SEM-EBSD_SameSlice,arm1,roma,pyramid_v2,none,0,1196,1493,11103,13089,47,10000,2272,homography@direct+zoom,"[-0.005855308116483713, 0.004407064386961149, 226.5831126891974, 0.00034499259001635063, 0.0008166726144513658, -4.464447256072871, -3.105868664569854e-05, 2.506136190770679e-05, 0.9999999999999999]",892.554,944.014,20.65,ok,,sham,bottom,113,1045,4,91c8b6725ea5b3fd117257056f9c9236e5a4ce1c
eval_In718-PrecipitationStrengthened_SEM-BSE_EBSD_SameSliceSerialSectioning_2#0,eval_In718-PrecipitationStrengthened_SEM-BSE_EBSD_SameSliceSerialSectioning_2,SerialSectioning,In718-PrecipitationStrengthened_SEM-BSE_EBSD_SameSliceSerialSectioning,arm1,roma,direct,none,0,3743,6144,412,671,46,10000,644,affine,"[5.462406090887007, 0.2828595714393334, 1805.4854302109247, -0.37056477943899657, 5.679195248356005, 283.7505150445491, 0.0, 0.0, 1.0]",51.637,51.218,1.68,ok,,sham,bottom,353,39,8,91c8b6725ea5b3fd117257056f9c9236e5a4ce1c
eval_In718-PrecipitationStrengthened_SEM-BSE_EBSD_SameSliceSerialSectioning_2#0,eval_In718-PrecipitationStrengthened_SEM-BSE_EBSD_SameSliceSerialSectioning_2,SerialSectioning,In718-PrecipitationStrengthened_SEM-BSE_EBSD_SameSliceSerialSectioning,arm1,roma,pyramid_v2,none,0,3743,6144,412,671,46,10000,644,affine@direct,"[5.462406090887007, 0.2828595714393334, 1805.4854302109247, -0.37056477943899657, 5.679195248356005, 283.7505150445491, 0.0, 0.0, 1.0]",51.637,51.218,1.76,ok,,sham,bottom,353,39,8,91c8b6725ea5b3fd117257056f9c9236e5a4ce1c
eval_In718-PrecipitationStrengthened_SEM-DIC_EBSD_SlipPartitioning_0#0,eval_In718-PrecipitationStrengthened_SEM-DIC_EBSD_SlipPartitioning_0,SlipPartitioning,In718-PrecipitationStrengthened_SEM-DIC_EBSD_SlipPartitioning,arm1,roma,direct,none,0,480,549,8279,9052,56,10000,722,affine,"[0.0019488398177988373, 0.0009613991310833853, 467.9012794174852, 0.0008868910019610529, -0.0022887690066684973, 421.73023617885127, 0.0, 0.0, 1.0]",321.152,341.954,2.81,ok,,sham,bottom,46,779,2,91c8b6725ea5b3fd117257056f9c9236e5a4ce1c
eval_In718-PrecipitationStrengthened_SEM-DIC_EBSD_SlipPartitioning_0#0,eval_In718-PrecipitationStrengthened_SEM-DIC_EBSD_SlipPartitioning_0,SlipPartitioning,In718-PrecipitationStrengthened_SEM-DIC_EBSD_SlipPartitioning,arm1,roma,pyramid_v2,none,0,480,549,8279,9052,56,10000,4254,homography@direct+zoom,"[-0.09577383314058101, 0.121187887386677, 494.379056120555, -0.08095299943874153, 0.1038951899063347, 431.54201016538315, -0.0001877130580613652, 0.00024101266514639212, 1.0]",346.230,389.456,5.52,ok,,sham,bottom,46,779,2,91c8b6725ea5b3fd117257056f9c9236e5a4ce1c
eval_In718-SolutionStrengthened_SEM-SE_EBSD_SameSliceSerialSectioning_0#3,eval_In718-SolutionStrengthened_SEM-SE_EBSD_SameSliceSerialSectioning_0,SerialSectioning,In718-SolutionStrengthened_SEM-SE_EBSD_SameSliceSerialSectioning,arm1,roma,direct,none,0,395,512,1403,1024,39,10000,677,homography,"[2.3126408919244694, 0.3170670604139206, -348.56876817628694, 0.7150244274039882, 0.2875364666778742, -68.11754258039612, 0.0036560476041250533, 0.00020087896763974566, 1.0]",205.388,200.293,1.35,ok,,sham,bottom,38,133,0,91c8b6725ea5b3fd117257056f9c9236e5a4ce1c
eval_In718-SolutionStrengthened_SEM-SE_EBSD_SameSliceSerialSectioning_0#3,eval_In718-SolutionStrengthened_SEM-SE_EBSD_SameSliceSerialSectioning_0,SerialSectioning,In718-SolutionStrengthened_SEM-SE_EBSD_SameSliceSerialSectioning,arm1,roma,pyramid_v2,none,0,395,512,1403,1024,39,10000,677,homography@direct,"[2.3126408919244694, 0.3170670604139206, -348.56876817628694, 0.7150244274039882, 0.2875364666778742, -68.11754258039612, 0.0036560476041250533, 0.00020087896763974566, 1.0]",205.388,200.293,1.41,ok,,sham,bottom,38,133,0,91c8b6725ea5b3fd117257056f9c9236e5a4ce1c
eval_TRIP1-Bainitic_LOM_SEM_EBSD_Multiscale_0#6,eval_TRIP1-Bainitic_LOM_SEM_EBSD_Multiscale_0,Multiscale,TRIP1-Bainitic_LOM_SEM_EBSD_Multiscale,arm1,roma,direct,none,0,3179,3255,2241,2226,54,10000,180,affine,"[-0.03042580640685371, 0.09651686304065452, 122.03770490261418, -0.026990726860068898, 0.33113292712220826, 1342.5812679880553, 0.0, 0.0, 1.0]",638.338,675.024,1.57,ok,,sham,bottom,300,211,5,91c8b6725ea5b3fd117257056f9c9236e5a4ce1c
eval_TRIP1-Bainitic_LOM_SEM_EBSD_Multiscale_0#6,eval_TRIP1-Bainitic_LOM_SEM_EBSD_Multiscale_0,Multiscale,TRIP1-Bainitic_LOM_SEM_EBSD_Multiscale,arm1,roma,pyramid_v2,none,0,3179,3255,2241,2226,54,10000,180,affine@direct,"[-0.03042580640685371, 0.09651686304065452, 122.03770490261418, -0.026990726860068898, 0.33113292712220826, 1342.5812679880553, 0.0, 0.0, 1.0]",638.338,675.024,3.15,ok,,sham,bottom,300,211,5,91c8b6725ea5b3fd117257056f9c9236e5a4ce1c
eval_Ta-AM-Spalled_SEM-BSE_EBSD_SameSliceSerialSectioning_0#0,eval_Ta-AM-Spalled_SEM-BSE_EBSD_SameSliceSerialSectioning_0,SerialSectioning,Ta-AM-Spalled_SEM-BSE_EBSD_SameSliceSerialSectioning,arm1,roma,direct,none,0,3743,6144,629,709,14,10000,479,affine,"[4.897857668430186, -0.01469368143574115, 1509.5310699837737, -0.19401189448158468, 7.340425701337472, -571.2962249384486, 0.0, 0.0, 1.0]",174.598,125.755,1.63,ok,,sham,bottom,353,60,3,91c8b6725ea5b3fd117257056f9c9236e5a4ce1c
eval_Ta-AM-Spalled_SEM-BSE_EBSD_SameSliceSerialSectioning_0#0,eval_Ta-AM-Spalled_SEM-BSE_EBSD_SameSliceSerialSectioning_0,SerialSectioning,Ta-AM-Spalled_SEM-BSE_EBSD_SameSliceSerialSectioning,arm1,roma,pyramid_v2,none,0,3743,6144,629,709,14,10000,479,affine@direct,"[4.897857668430186, -0.01469368143574115, 1509.5310699837737, -0.19401189448158468, 7.340425701337472, -571.2962249384486, 0.0, 0.0, 1.0]",174.598,125.755,1.74,ok,,sham,bottom,353,60,3,91c8b6725ea5b3fd117257056f9c9236e5a4ce1c
eval_Ta-AM-Spalled_SEM-BSE_EBSD_SameSliceSerialSectioning_0#1,eval_Ta-AM-Spalled_SEM-BSE_EBSD_SameSliceSerialSectioning_0,SerialSectioning,Ta-AM-Spalled_SEM-BSE_EBSD_SameSliceSerialSectioning,arm1,roma,direct,none,0,3743,6144,629,709,14,10000,223,affine,"[5.21657832817603, 0.36867465043664344, 1117.7591022239817, 0.5003963170466031, 6.50225918307614, -567.7399883046833, 0.0, 0.0, 1.0]",271.327,257.825,1.68,ok,,sham,bottom,353,60,3,91c8b6725ea5b3fd117257056f9c9236e5a4ce1c
eval_Ta-AM-Spalled_SEM-BSE_EBSD_SameSliceSerialSectioning_0#1,eval_Ta-AM-Spalled_SEM-BSE_EBSD_SameSliceSerialSectioning_0,SerialSectioning,Ta-AM-Spalled_SEM-BSE_EBSD_SameSliceSerialSectioning,arm1,roma,pyramid_v2,none,0,3743,6144,629,709,14,10000,223,affine@direct,"[5.21657832817603, 0.36867465043664344, 1117.7591022239817, 0.5003963170466031, 6.50225918307614, -567.7399883046833, 0.0, 0.0, 1.0]",271.327,257.825,1.75,ok,,sham,bottom,353,60,3,91c8b6725ea5b3fd117257056f9c9236e5a4ce1c
eval_X2CrNi12-Ferritic_SEM-SE-Stitch_EBSD_Fatigue-SameSlice_0#1,eval_X2CrNi12-Ferritic_SEM-SE-Stitch_EBSD_Fatigue-SameSlice_0,SameSlice,X2CrNi12-Ferritic_SEM-SE-Stitch_EBSD_Fatigue-SameSlice,arm1,roma,direct,none,0,4202,7000,1202,2048,100,10000,2270,affine,"[3.106596610713975, 0.014531398598902947, 580.8469442182668, 0.1128152405164734, 3.065831783217379, 488.0542471319859, 0.0, 0.0, 1.0]",25.635,18.097,1.92,ok,,sham,bottom,396,114,1,91c8b6725ea5b3fd117257056f9c9236e5a4ce1c
eval_X2CrNi12-Ferritic_SEM-SE-Stitch_EBSD_Fatigue-SameSlice_0#1,eval_X2CrNi12-Ferritic_SEM-SE-Stitch_EBSD_Fatigue-SameSlice_0,SameSlice,X2CrNi12-Ferritic_SEM-SE-Stitch_EBSD_Fatigue-SameSlice,arm1,roma,pyramid_v2,none,0,4202,7000,1202,2048,100,10000,2270,affine@direct,"[3.106596610713975, 0.014531398598902947, 580.8469442182668, 0.1128152405164734, 3.065831783217379, 488.0542471319859, 0.0, 0.0, 1.0]",25.635,18.097,1.76,ok,,sham,bottom,396,114,1,91c8b6725ea5b3fd117257056f9c9236e5a4ce1c
eval_X2CrNi12-Ferritic_SEM-SE-Stitch_EBSD_Fatigue-SameSlice_0#2,eval_X2CrNi12-Ferritic_SEM-SE-Stitch_EBSD_Fatigue-SameSlice_0,SameSlice,X2CrNi12-Ferritic_SEM-SE-Stitch_EBSD_Fatigue-SameSlice,arm1,roma,direct,none,0,4202,7000,1202,2048,100,10000,1862,affine,"[3.0945899566647492, -0.029071080092937178, 619.2893033610012, 0.10658252976797811, 3.0252339175249103, 519.9432672337828, 0.0, 0.0, 1.0]",24.187,19.276,1.81,ok,,sham,bottom,396,114,1,91c8b6725ea5b3fd117257056f9c9236e5a4ce1c
eval_X2CrNi12-Ferritic_SEM-SE-Stitch_EBSD_Fatigue-SameSlice_0#2,eval_X2CrNi12-Ferritic_SEM-SE-Stitch_EBSD_Fatigue-SameSlice_0,SameSlice,X2CrNi12-Ferritic_SEM-SE-Stitch_EBSD_Fatigue-SameSlice,arm1,roma,pyramid_v2,none,0,4202,7000,1202,2048,100,10000,1862,affine@direct,"[3.0945899566647492, -0.029071080092937178, 619.2893033610012, 0.10658252976797811, 3.0252339175249103, 519.9432672337828, 0.0, 0.0, 1.0]",24.187,19.276,1.82,ok,,sham,bottom,396,114,1,91c8b6725ea5b3fd117257056f9c9236e5a4ce1c
eval_X2CrNi12-Ferritic_SEM-SE-Stitch_EBSD_Fatigue-SameSlice_0#4,eval_X2CrNi12-Ferritic_SEM-SE-Stitch_EBSD_Fatigue-SameSlice_0,SameSlice,X2CrNi12-Ferritic_SEM-SE-Stitch_EBSD_Fatigue-SameSlice,arm1,roma,direct,none,0,4158,7000,1202,2048,129,10000,62,homography,"[6.9166114803328576, 1.0394385828396568, -2184.504978476227, 1.1385153023998316, 5.091457716019794, -874.8722181810128, 0.0004438027866859219, 0.00016242607548073683, 1.0]",515.342,409.758,1.76,ok,,sham,bottom,392,114,1,91c8b6725ea5b3fd117257056f9c9236e5a4ce1c
eval_X2CrNi12-Ferritic_SEM-SE-Stitch_EBSD_Fatigue-SameSlice_0#4,eval_X2CrNi12-Ferritic_SEM-SE-Stitch_EBSD_Fatigue-SameSlice_0,SameSlice,X2CrNi12-Ferritic_SEM-SE-Stitch_EBSD_Fatigue-SameSlice,arm1,roma,pyramid_v2,none,0,4158,7000,1202,2048,129,10000,62,homography@direct,"[6.9166114803328576, 1.0394385828396568, -2184.504978476227, 1.1385153023998316, 5.091457716019794, -874.8722181810128, 0.0004438027866859219, 0.00016242607548073683, 1.0]",515.342,409.758,2.06,ok,,sham,bottom,392,114,1,91c8b6725ea5b3fd117257056f9c9236e5a4ce1c
eval_C103_SEM-SE_LOM-DC-Height_FractureSurfaces_2#1,eval_C103_SEM-SE_LOM-DC-Height_FractureSurfaces_2,FractureSurfaces,C103_SEM-SE_LOM-DC-Height_FractureSurfaces,arm1,ma_roma,direct,none,0,2188,3072,3388,3000,58,10000,4999,affine,"[-0.08018856021695056, 0.868218021990043, 305.7400104189496, -0.8710201409744545, -0.08170435124783462, 2188.2889888529035, 0.0, 0.0, 1.0]",11.813,10.566,2.03,ok,,none,,0,0,0,91c8b6725ea5b3fd117257056f9c9236e5a4ce1c
eval_C103_SEM-SE_LOM-DC-Height_FractureSurfaces_2#1,eval_C103_SEM-SE_LOM-DC-Height_FractureSurfaces_2,FractureSurfaces,C103_SEM-SE_LOM-DC-Height_FractureSurfaces,arm1,ma_roma,pyramid_v2,none,0,2188,3072,3388,3000,58,10000,4999,affine@direct,"[-0.08018856021695056, 0.868218021990043, 305.7400104189496, -0.8710201409744545, -0.08170435124783462, 2188.2889888529035, 0.0, 0.0, 1.0]",11.813,10.566,1.97,ok,,none,,0,0,0,91c8b6725ea5b3fd117257056f9c9236e5a4ce1c
eval_MoTaTiZrHf-HEA-DDRX-1100C_TEM_DislocationCharacterization_0#0,eval_MoTaTiZrHf-HEA-DDRX-1100C_TEM_DislocationCharacterization_0,DislocationCharacterization,MoTaTiZrHf-HEA-DDRX-1100C_TEM_DislocationCharacterization,arm1,ma_roma,direct,none,0,2192,2048,2192,2048,24,10000,7615,homography,"[0.9763246907138573, -0.06308102744978575, 51.088673586540246, 0.0013386857189751718, 0.9983856033558597, -45.30110953867185, 2.555870466664336e-07, 3.275013140758152e-06, 1.0]",28.542,32.153,1.71,ok,,none,,0,0,0,91c8b6725ea5b3fd117257056f9c9236e5a4ce1c
eval_MoTaTiZrHf-HEA-DDRX-1100C_TEM_DislocationCharacterization_0#0,eval_MoTaTiZrHf-HEA-DDRX-1100C_TEM_DislocationCharacterization_0,DislocationCharacterization,MoTaTiZrHf-HEA-DDRX-1100C_TEM_DislocationCharacterization,arm1,ma_roma,pyramid_v2,none,0,2192,2048,2192,2048,24,10000,7615,homography@direct,"[0.9763246907138573, -0.06308102744978575, 51.088673586540246, 0.0013386857189751718, 0.9983856033558597, -45.30110953867185, 2.555870466664336e-07, 3.275013140758152e-06, 1.0]",28.542,32.153,1.67,ok,,none,,0,0,0,91c8b6725ea5b3fd117257056f9c9236e5a4ce1c
eval_MoTaTiZrHf-HEA-DDRX-1100C_TEM_DislocationCharacterization_0#1,eval_MoTaTiZrHf-HEA-DDRX-1100C_TEM_DislocationCharacterization_0,DislocationCharacterization,MoTaTiZrHf-HEA-DDRX-1100C_TEM_DislocationCharacterization,arm1,ma_roma,direct,none,0,2192,2048,2192,2048,24,10000,4873,affine,"[0.9740228000045346, -0.06247217509907877, 55.06757030364213, -5.542637282408473e-05, 0.9941698123599221, -47.19393100708032, 0.0, 0.0, 1.0]",22.489,24.971,1.65,ok,,none,,0,0,0,91c8b6725ea5b3fd117257056f9c9236e5a4ce1c
eval_MoTaTiZrHf-HEA-DDRX-1100C_TEM_DislocationCharacterization_0#1,eval_MoTaTiZrHf-HEA-DDRX-1100C_TEM_DislocationCharacterization_0,DislocationCharacterization,MoTaTiZrHf-HEA-DDRX-1100C_TEM_DislocationCharacterization,arm1,ma_roma,pyramid_v2,none,0,2192,2048,2192,2048,24,10000,4873,affine@direct,"[0.9740228000045346, -0.06247217509907877, 55.06757030364213, -5.542637282408473e-05, 0.9941698123599221, -47.19393100708032, 0.0, 0.0, 1.0]",22.489,24.971,1.62,ok,,none,,0,0,0,91c8b6725ea5b3fd117257056f9c9236e5a4ce1c
eval_MoTaTiZrHf-HEA-DDRX-1100C_TEM_DislocationCharacterization_0#10,eval_MoTaTiZrHf-HEA-DDRX-1100C_TEM_DislocationCharacterization_0,DislocationCharacterization,MoTaTiZrHf-HEA-DDRX-1100C_TEM_DislocationCharacterization,arm1,ma_roma,direct,none,0,2192,2048,2192,2048,24,10000,3480,affine,"[1.0012204671260398, -0.0016130237674567346, 3.001107792683115, 0.00025776878130051735, 1.0131952660264065, -28.036984417021586, 0.0, 0.0, 1.0]",66.478,64.257,1.60,ok,,none,,0,0,0,91c8b6725ea5b3fd117257056f9c9236e5a4ce1c
eval_MoTaTiZrHf-HEA-DDRX-1100C_TEM_DislocationCharacterization_0#10,eval_MoTaTiZrHf-HEA-DDRX-1100C_TEM_DislocationCharacterization_0,DislocationCharacterization,MoTaTiZrHf-HEA-DDRX-1100C_TEM_DislocationCharacterization,arm1,ma_roma,pyramid_v2,none,0,2192,2048,2192,2048,24,10000,3480,affine@direct,"[1.0012204671260398, -0.0016130237674567346, 3.001107792683115, 0.00025776878130051735, 1.0131952660264065, -28.036984417021586, 0.0, 0.0, 1.0]",66.478,64.257,1.74,ok,,none,,0,0,0,91c8b6725ea5b3fd117257056f9c9236e5a4ce1c
eval_MoTaTiZrHf-HEA-DDRX-1100C_TEM_DislocationCharacterization_0#11,eval_MoTaTiZrHf-HEA-DDRX-1100C_TEM_DislocationCharacterization_0,DislocationCharacterization,MoTaTiZrHf-HEA-DDRX-1100C_TEM_DislocationCharacterization,arm1,ma_roma,direct,none,0,2192,2048,2192,2048,24,10000,8259,homography,"[0.9735555490605522, -0.06341968724846277, 59.46083433826428, 0.0009139427785179305, 0.996498360573732, -47.974942612415035, -7.124081680183216e-07, 2.821956067467633e-06, 0.9999999999999999]",23.036,25.142,1.71,ok,,none,,0,0,0,91c8b6725ea5b3fd117257056f9c9236e5a4ce1c
eval_MoTaTiZrHf-HEA-DDRX-1100C_TEM_DislocationCharacterization_0#11,eval_MoTaTiZrHf-HEA-DDRX-1100C_TEM_DislocationCharacterization_0,DislocationCharacterization,MoTaTiZrHf-HEA-DDRX-1100C_TEM_DislocationCharacterization,arm1,ma_roma,pyramid_v2,none,0,2192,2048,2192,2048,24,10000,8259,homography@direct,"[0.9735555490605522, -0.06341968724846277, 59.46083433826428, 0.0009139427785179305, 0.996498360573732, -47.974942612415035, -7.124081680183216e-07, 2.821956067467633e-06, 0.9999999999999999]",23.036,25.142,1.67,ok,,none,,0,0,0,91c8b6725ea5b3fd117257056f9c9236e5a4ce1c
eval_MoTaTiZrHf-HEA-DDRX-1100C_TEM_DislocationCharacterization_0#12,eval_MoTaTiZrHf-HEA-DDRX-1100C_TEM_DislocationCharacterization_0,DislocationCharacterization,MoTaTiZrHf-HEA-DDRX-1100C_TEM_DislocationCharacterization,arm1,ma_roma,direct,none,0,2192,2048,2192,2048,17,10000,4304,affine,"[1.0009353890598816, -0.001364565315895174, 2.3656885632992726, -0.0002664965781454887, 1.0019881099210637, -3.862813697016918, 0.0, 0.0, 1.0]",186.565,194.024,1.54,ok,,none,,0,0,0,91c8b6725ea5b3fd117257056f9c9236e5a4ce1c
eval_MoTaTiZrHf-HEA-DDRX-1100C_TEM_DislocationCharacterization_0#12,eval_MoTaTiZrHf-HEA-DDRX-1100C_TEM_DislocationCharacterization_0,DislocationCharacterization,MoTaTiZrHf-HEA-DDRX-1100C_TEM_DislocationCharacterization,arm1,ma_roma,pyramid_v2,none,0,2192,2048,2192,2048,17,10000,4304,affine@direct,"[1.0009353890598816, -0.001364565315895174, 2.3656885632992726, -0.0002664965781454887, 1.0019881099210637, -3.862813697016918, 0.0, 0.0, 1.0]",186.565,194.024,1.67,ok,,none,,0,0,0,91c8b6725ea5b3fd117257056f9c9236e5a4ce1c
eval_MoTaTiZrHf-HEA-DDRX-1100C_TEM_DislocationCharacterization_0#13,eval_MoTaTiZrHf-HEA-DDRX-1100C_TEM_DislocationCharacterization_0,DislocationCharacterization,MoTaTiZrHf-HEA-DDRX-1100C_TEM_DislocationCharacterization,arm1,ma_roma,direct,none,0,2192,2048,2192,2048,17,10000,3126,affine,"[1.0004414640839543, 0.011555437471801253, -24.76060328905976, -0.00024152615924524475, 0.9969129489306695, 6.709336414755853, 0.0, 0.0, 1.0]",188.794,193.694,1.60,ok,,none,,0,0,0,91c8b6725ea5b3fd117257056f9c9236e5a4ce1c
eval_MoTaTiZrHf-HEA-DDRX-1100C_TEM_DislocationCharacterization_0#13,eval_MoTaTiZrHf-HEA-DDRX-1100C_TEM_DislocationCharacterization_0,DislocationCharacterization,MoTaTiZrHf-HEA-DDRX-1100C_TEM_DislocationCharacterization,arm1,ma_roma,pyramid_v2,none,0,2192,2048,2192,2048,17,10000,3126,affine@direct,"[1.0004414640839543, 0.011555437471801253, -24.76060328905976, -0.00024152615924524475, 0.9969129489306695, 6.709336414755853, 0.0, 0.0, 1.0]",188.794,193.694,1.64,ok,,none,,0,0,0,91c8b6725ea5b3fd117257056f9c9236e5a4ce1c
eval_MoTaTiZrHf-HEA-DDRX-1100C_TEM_DislocationCharacterization_0#14,eval_MoTaTiZrHf-HEA-DDRX-1100C_TEM_DislocationCharacterization_0,DislocationCharacterization,MoTaTiZrHf-HEA-DDRX-1100C_TEM_DislocationCharacterization,arm1,ma_roma,direct,none,0,2192,2048,2192,2048,17,10000,3399,homography,"[0.9702764032713351, -0.022648766801768156, 27.80608140016198, 0.001427601275642415, 0.9929717305047668, -161.28703239870228, -6.985909313015087e-06, 1.449494841841604e-05, 0.9999999999999999]",18.073,17.915,1.66,ok,,none,,0,0,0,91c8b6725ea5b3fd117257056f9c9236e5a4ce1c
eval_MoTaTiZrHf-HEA-DDRX-1100C_TEM_DislocationCharacterization_0#14,eval_MoTaTiZrHf-HEA-DDRX-1100C_TEM_DislocationCharacterization_0,DislocationCharacterization,MoTaTiZrHf-HEA-DDRX-1100C_TEM_DislocationCharacterization,arm1,ma_roma,pyramid_v2,none,0,2192,2048,2192,2048,17,10000,3399,homography@direct,"[0.9702764032713351, -0.022648766801768156, 27.80608140016198, 0.001427601275642415, 0.9929717305047668, -161.28703239870228, -6.985909313015087e-06, 1.449494841841604e-05, 0.9999999999999999]",18.073,17.915,1.73,ok,,none,,0,0,0,91c8b6725ea5b3fd117257056f9c9236e5a4ce1c
eval_MoTaTiZrHf-HEA-DDRX-1100C_TEM_DislocationCharacterization_0#15,eval_MoTaTiZrHf-HEA-DDRX-1100C_TEM_DislocationCharacterization_0,DislocationCharacterization,MoTaTiZrHf-HEA-DDRX-1100C_TEM_DislocationCharacterization,arm1,ma_roma,direct,none,0,2192,2048,2192,2048,17,10000,3045,affine,"[1.0006290604408223, -0.002245835670581585, 4.393941160690929, 0.0001256226901103967, 0.9974739008172103, 5.415622739194987, 0.0, 0.0, 1.0]",189.689,195.764,1.57,ok,,none,,0,0,0,91c8b6725ea5b3fd117257056f9c9236e5a4ce1c
eval_MoTaTiZrHf-HEA-DDRX-1100C_TEM_DislocationCharacterization_0#15,eval_MoTaTiZrHf-HEA-DDRX-1100C_TEM_DislocationCharacterization_0,DislocationCharacterization,MoTaTiZrHf-HEA-DDRX-1100C_TEM_DislocationCharacterization,arm1,ma_roma,pyramid_v2,none,0,2192,2048,2192,2048,17,10000,3045,affine@direct,"[1.0006290604408223, -0.002245835670581585, 4.393941160690929, 0.0001256226901103967, 0.9974739008172103, 5.415622739194987, 0.0, 0.0, 1.0]",189.689,195.764,1.65,ok,,none,,0,0,0,91c8b6725ea5b3fd117257056f9c9236e5a4ce1c
eval_MoTaTiZrHf-HEA-DDRX-1100C_TEM_DislocationCharacterization_0#16,eval_MoTaTiZrHf-HEA-DDRX-1100C_TEM_DislocationCharacterization_0,DislocationCharacterization,MoTaTiZrHf-HEA-DDRX-1100C_TEM_DislocationCharacterization,arm1,ma_roma,direct,none,0,2192,2048,2192,2048,24,10000,2759,affine,"[0.9998299382213911, 0.004312499412135401, -9.038570073374103, 0.0006710449918486282, 1.0135959932861949, -29.41753546732457, 0.0, 0.0, 1.0]",65.161,63.191,1.67,ok,,none,,0,0,0,91c8b6725ea5b3fd117257056f9c9236e5a4ce1c
eval_MoTaTiZrHf-HEA-DDRX-1100C_TEM_DislocationCharacterization_0#16,eval_MoTaTiZrHf-HEA-DDRX-1100C_TEM_DislocationCharacterization_0,DislocationCharacterization,MoTaTiZrHf-HEA-DDRX-1100C_TEM_DislocationCharacterization,arm1,ma_roma,pyramid_v2,none,0,2192,2048,2192,2048,24,10000,2759,affine@direct,"[0.9998299382213911, 0.004312499412135401, -9.038570073374103, 0.0006710449918486282, 1.0135959932861949, -29.41753546732457, 0.0, 0.0, 1.0]",65.161,63.191,1.84,ok,,none,,0,0,0,91c8b6725ea5b3fd117257056f9c9236e5a4ce1c
eval_MoTaTiZrHf-HEA-DDRX-1100C_TEM_DislocationCharacterization_0#17,eval_MoTaTiZrHf-HEA-DDRX-1100C_TEM_DislocationCharacterization_0,DislocationCharacterization,MoTaTiZrHf-HEA-DDRX-1100C_TEM_DislocationCharacterization,arm1,ma_roma,direct,none,0,2192,2048,2192,2048,24,10000,2699,homography,"[1.0139226974864703, 0.004008438252082705, -8.298930345653451, -0.0007019555253712418, 1.0299882299229208, -32.184328437425926, -3.8388486920204356e-07, 6.956708686146928e-06, 1.0]",69.059,67.276,1.77,ok,,none,,0,0,0,91c8b6725ea5b3fd117257056f9c9236e5a4ce1c
eval_MoTaTiZrHf-HEA-DDRX-1100C_TEM_DislocationCharacterization_0#17,eval_MoTaTiZrHf-HEA-DDRX-1100C_TEM_DislocationCharacterization_0,DislocationCharacterization,MoTaTiZrHf-HEA-DDRX-1100C_TEM_DislocationCharacterization,arm1,ma_roma,pyramid_v2,none,0,2192,2048,2192,2048,24,10000,2699,homography@direct,"[1.0139226974864703, 0.004008438252082705, -8.298930345653451, -0.0007019555253712418, 1.0299882299229208, -32.184328437425926, -3.8388486920204356e-07, 6.956708686146928e-06, 1.0]",69.059,67.276,1.83,ok,,none,,0,0,0,91c8b6725ea5b3fd117257056f9c9236e5a4ce1c
eval_MoTaTiZrHf-HEA-DDRX-1100C_TEM_DislocationCharacterization_0#18,eval_MoTaTiZrHf-HEA-DDRX-1100C_TEM_DislocationCharacterization_0,DislocationCharacterization,MoTaTiZrHf-HEA-DDRX-1100C_TEM_DislocationCharacterization,arm1,ma_roma,direct,none,0,2192,2048,2192,2048,24,10000,3043,affine,"[0.9996822373279214, 0.00201466974324116, -3.986307593884362, 0.00013169644015252835, 1.0021783140750546, -4.7434189102973505, 0.0, 0.0, 1.0]",72.054,68.819,1.69,ok,,none,,0,0,0,91c8b6725ea5b3fd117257056f9c9236e5a4ce1c
eval_MoTaTiZrHf-HEA-DDRX-1100C_TEM_DislocationCharacterization_0#18,eval_MoTaTiZrHf-HEA-DDRX-1100C_TEM_DislocationCharacterization_0,DislocationCharacterization,MoTaTiZrHf-HEA-DDRX-1100C_TEM_DislocationCharacterization,arm1,ma_roma,pyramid_v2,none,0,2192,2048,2192,2048,24,10000,3043,affine@direct,"[0.9996822373279214, 0.00201466974324116, -3.986307593884362, 0.00013169644015252835, 1.0021783140750546, -4.7434189102973505, 0.0, 0.0, 1.0]",72.054,68.819,1.64,ok,,none,,0,0,0,91c8b6725ea5b3fd117257056f9c9236e5a4ce1c
eval_MoTaTiZrHf-HEA-DDRX-1100C_TEM_DislocationCharacterization_0#19,eval_MoTaTiZrHf-HEA-DDRX-1100C_TEM_DislocationCharacterization_0,DislocationCharacterization,MoTaTiZrHf-HEA-DDRX-1100C_TEM_DislocationCharacterization,arm1,ma_roma,direct,none,0,2192,2048,2192,2048,24,10000,8650,homography,"[0.9735594028760232, -0.062394610331239296, 54.57074949511115, -0.0009729024919643163, 0.9942017170757279, -46.67422264657266, -1.1188778368368595e-06, 1.7385641601625037e-06, 1.0]",24.201,27.450,1.62,ok,,none,,0,0,0,91c8b6725ea5b3fd117257056f9c9236e5a4ce1c
eval_MoTaTiZrHf-HEA-DDRX-1100C_TEM_DislocationCharacterization_0#19,eval_MoTaTiZrHf-HEA-DDRX-1100C_TEM_DislocationCharacterization_0,DislocationCharacterization,MoTaTiZrHf-HEA-DDRX-1100C_TEM_DislocationCharacterization,arm1,ma_roma,pyramid_v2,none,0,2192,2048,2192,2048,24,10000,8650,homography@direct,"[0.9735594028760232, -0.062394610331239296, 54.57074949511115, -0.0009729024919643163, 0.9942017170757279, -46.67422264657266, -1.1188778368368595e-06, 1.7385641601625037e-06, 1.0]",24.201,27.450,1.65,ok,,none,,0,0,0,91c8b6725ea5b3fd117257056f9c9236e5a4ce1c
eval_MoTaTiZrHf-HEA-DDRX-1100C_TEM_DislocationCharacterization_0#2,eval_MoTaTiZrHf-HEA-DDRX-1100C_TEM_DislocationCharacterization_0,DislocationCharacterization,MoTaTiZrHf-HEA-DDRX-1100C_TEM_DislocationCharacterization,arm1,ma_roma,direct,none,0,2192,2048,2192,2048,24,10000,3921,homography,"[0.9729489371968182, -0.05413764619464798, 51.38778820312183, -0.0022143692227991627, 0.9967607592329778, -47.413091674926996, -1.8994597911969524e-06, 2.876087591389217e-06, 1.0]",19.477,19.631,1.79,ok,,none,,0,0,0,91c8b6725ea5b3fd117257056f9c9236e5a4ce1c
eval_MoTaTiZrHf-HEA-DDRX-1100C_TEM_DislocationCharacterization_0#2,eval_MoTaTiZrHf-HEA-DDRX-1100C_TEM_DislocationCharacterization_0,DislocationCharacterization,MoTaTiZrHf-HEA-DDRX-1100C_TEM_DislocationCharacterization,arm1,ma_roma,pyramid_v2,none,0,2192,2048,2192,2048,24,10000,3921,homography@direct,"[0.9729489371968182, -0.05413764619464798, 51.38778820312183, -0.0022143692227991627, 0.9967607592329778, -47.413091674926996, -1.8994597911969524e-06, 2.876087591389217e-06, 1.0]",19.477,19.631,1.64,ok,,none,,0,0,0,91c8b6725ea5b3fd117257056f9c9236e5a4ce1c
eval_MoTaTiZrHf-HEA-DDRX-1100C_TEM_DislocationCharacterization_0#20,eval_MoTaTiZrHf-HEA-DDRX-1100C_TEM_DislocationCharacterization_0,DislocationCharacterization,MoTaTiZrHf-HEA-DDRX-1100C_TEM_DislocationCharacterization,arm1,ma_roma,direct,none,0,2192,2048,2192,2048,17,10000,2477,homography,"[0.9433828149836488, -0.00875714698360483, 18.962836792119976, -0.0031423858100703794, 0.8920365766329911, 112.37181726723807, -1.5399847321954986e-06, -2.5921894864229275e-05, 1.0]",204.849,204.269,1.47,ok,,none,,0,0,0,91c8b6725ea5b3fd117257056f9c9236e5a4ce1c
eval_MoTaTiZrHf-HEA-DDRX-1100C_TEM_DislocationCharacterization_0#20,eval_MoTaTiZrHf-HEA-DDRX-1100C_TEM_DislocationCharacterization_0,DislocationCharacterization,MoTaTiZrHf-HEA-DDRX-1100C_TEM_DislocationCharacterization,arm1,ma_roma,pyramid_v2,none,0,2192,2048,2192,2048,17,10000,2477,homography@direct,"[0.9433828149836488, -0.00875714698360483, 18.962836792119976, -0.0031423858100703794, 0.8920365766329911, 112.37181726723807, -1.5399847321954986e-06, -2.5921894864229275e-05, 1.0]",204.849,204.269,1.55,ok,,none,,0,0,0,91c8b6725ea5b3fd117257056f9c9236e5a4ce1c
eval_MoTaTiZrHf-HEA-DDRX-1100C_TEM_DislocationCharacterization_0#21,eval_MoTaTiZrHf-HEA-DDRX-1100C_TEM_DislocationCharacterization_0,DislocationCharacterization,MoTaTiZrHf-HEA-DDRX-1100C_TEM_DislocationCharacterization,arm1,ma_roma,direct,none,0,2192,2048,2192,2048,17,10000,2070,affine,"[1.0000302271313628, 0.006239395250511748, -13.103024642684204, 2.9853021741602534e-05, 1.0029611774005351, -6.266167427277651, 0.0, 0.0, 1.0]",185.157,192.507,1.61,ok,,none,,0,0,0,91c8b6725ea5b3fd117257056f9c9236e5a4ce1c
eval_MoTaTiZrHf-HEA-DDRX-1100C_TEM_DislocationCharacterization_0#21,eval_MoTaTiZrHf-HEA-DDRX-1100C_TEM_DislocationCharacterization_0,DislocationCharacterization,MoTaTiZrHf-HEA-DDRX-1100C_TEM_DislocationCharacterization,arm1,ma_roma,pyramid_v2,none,0,2192,2048,2192,2048,17,10000,2070,affine@direct,"[1.0000302271313628, 0.006239395250511748, -13.103024642684204, 2.9853021741602534e-05, 1.0029611774005351, -6.266167427277651, 0.0, 0.0, 1.0]",185.157,192.507,1.75,ok,,none,,0,0,0,91c8b6725ea5b3fd117257056f9c9236e5a4ce1c
eval_MoTaTiZrHf-HEA-DDRX-1100C_TEM_DislocationCharacterization_0#22,eval_MoTaTiZrHf-HEA-DDRX-1100C_TEM_DislocationCharacterization_0,DislocationCharacterization,MoTaTiZrHf-HEA-DDRX-1100C_TEM_DislocationCharacterization,arm1,ma_roma,direct,none,0,2192,2048,2192,2048,17,10000,2364,affine,"[1.0009642847960993, 0.00436104127795755, -9.704462678815162, 7.519984561295605e-05, 1.009435168149159, -20.089130830507656, 0.0, 0.0, 1.0]",181.152,191.091,1.69,ok,,none,,0,0,0,91c8b6725ea5b3fd117257056f9c9236e5a4ce1c
eval_MoTaTiZrHf-HEA-DDRX-1100C_TEM_DislocationCharacterization_0#22,eval_MoTaTiZrHf-HEA-DDRX-1100C_TEM_DislocationCharacterization_0,DislocationCharacterization,MoTaTiZrHf-HEA-DDRX-1100C_TEM_DislocationCharacterization,arm1,ma_roma,pyramid_v2,none,0,2192,2048,2192,2048,17,10000,2364,affine@direct,"[1.0009642847960993, 0.00436104127795755, -9.704462678815162, 7.519984561295605e-05, 1.009435168149159, -20.089130830507656, 0.0, 0.0, 1.0]",181.152,191.091,1.66,ok,,none,,0,0,0,91c8b6725ea5b3fd117257056f9c9236e5a4ce1c
eval_MoTaTiZrHf-HEA-DDRX-1100C_TEM_DislocationCharacterization_0#23,eval_MoTaTiZrHf-HEA-DDRX-1100C_TEM_DislocationCharacterization_0,DislocationCharacterization,MoTaTiZrHf-HEA-DDRX-1100C_TEM_DislocationCharacterization,arm1,ma_roma,direct,none,0,2192,2048,2192,2048,17,10000,2693,affine,"[0.9995809029810874, -0.012687360513233605, 26.891936312448706, 0.00017408277454453137, 1.0026207933750697, -5.553278117303762, 0.0, 0.0, 1.0]",187.365,195.046,1.75,ok,,none,,0,0,0,91c8b6725ea5b3fd117257056f9c9236e5a4ce1c
eval_MoTaTiZrHf-HEA-DDRX-1100C_TEM_DislocationCharacterization_0#23,eval_MoTaTiZrHf-HEA-DDRX-1100C_TEM_DislocationCharacterization_0,DislocationCharacterization,MoTaTiZrHf-HEA-DDRX-1100C_TEM_DislocationCharacterization,arm1,ma_roma,pyramid_v2,none,0,2192,2048,2192,2048,17,10000,2693,affine@direct,"[0.9995809029810874, -0.012687360513233605, 26.891936312448706, 0.00017408277454453137, 1.0026207933750697, -5.553278117303762, 0.0, 0.0, 1.0]",187.365,195.046,1.55,ok,,none,,0,0,0,91c8b6725ea5b3fd117257056f9c9236e5a4ce1c
eval_MoTaTiZrHf-HEA-DDRX-1100C_TEM_DislocationCharacterization_0#24,eval_MoTaTiZrHf-HEA-DDRX-1100C_TEM_DislocationCharacterization_0,DislocationCharacterization,MoTaTiZrHf-HEA-DDRX-1100C_TEM_DislocationCharacterization,arm1,ma_roma,direct,none,0,2192,2048,2192,2048,24,10000,5726,affine,"[0.9749178337195498, -0.06545406685255412, 51.486889811201536, 0.0033980793357149095, 0.9952643898329094, -48.527065167713886, 0.0, 0.0, 1.0]",28.056,31.935,1.73,ok,,none,,0,0,0,91c8b6725ea5b3fd117257056f9c9236e5a4ce1c
eval_MoTaTiZrHf-HEA-DDRX-1100C_TEM_DislocationCharacterization_0#24,eval_MoTaTiZrHf-HEA-DDRX-1100C_TEM_DislocationCharacterization_0,DislocationCharacterization,MoTaTiZrHf-HEA-DDRX-1100C_TEM_DislocationCharacterization,arm1,ma_roma,pyramid_v2,none,0,2192,2048,2192,2048,24,10000,5726,affine@direct,"[0.9749178337195498, -0.06545406685255412, 51.486889811201536, 0.0033980793357149095, 0.9952643898329094, -48.527065167713886, 0.0, 0.0, 1.0]",28.056,31.935,1.77,ok,,none,,0,0,0,91c8b6725ea5b3fd117257056f9c9236e5a4ce1c
eval_MoTaTiZrHf-HEA-DDRX-1100C_TEM_DislocationCharacterization_0#25,eval_MoTaTiZrHf-HEA-DDRX-1100C_TEM_DislocationCharacterization_0,DislocationCharacterization,MoTaTiZrHf-HEA-DDRX-1100C_TEM_DislocationCharacterization,arm1,ma_roma,direct,none,0,2192,2048,2192,2048,24,10000,7177,homography,"[0.9679760148253725, -0.06269830976641974, 58.099909364424306, -0.00017011542463808927, 0.9921851434335013, -47.40619863866225, -2.9195459044490895e-06, -2.1343389345055877e-06, 1.0]",20.690,20.706,1.86,ok,,none,,0,0,0,91c8b6725ea5b3fd117257056f9c9236e5a4ce1c
eval_MoTaTiZrHf-HEA-DDRX-1100C_TEM_DislocationCharacterization_0#25,eval_MoTaTiZrHf-HEA-DDRX-1100C_TEM_DislocationCharacterization_0,DislocationCharacterization,MoTaTiZrHf-HEA-DDRX-1100C_TEM_DislocationCharacterization,arm1,ma_roma,pyramid_v2,none,0,2192,2048,2192,2048,24,10000,7177,homography@direct,"[0.9679760148253725, -0.06269830976641974, 58.099909364424306, -0.00017011542463808927, 0.9921851434335013, -47.40619863866225, -2.9195459044490895e-06, -2.1343389345055877e-06, 1.0]",20.690,20.706,1.65,ok,,none,,0,0,0,91c8b6725ea5b3fd117257056f9c9236e5a4ce1c
eval_MoTaTiZrHf-HEA-DDRX-1100C_TEM_DislocationCharacterization_0#26,eval_MoTaTiZrHf-HEA-DDRX-1100C_TEM_DislocationCharacterization_0,DislocationCharacterization,MoTaTiZrHf-HEA-DDRX-1100C_TEM_DislocationCharacterization,arm1,ma_roma,direct,none,0,2192,2048,2192,2048,24,10000,4113,affine,"[0.974825497969447, -0.06037670329533553, 55.15705658896263, -0.0004047219199112284, 0.9980971479059797, -49.98956586803416, 0.0, 0.0, 1.0]",19.789,20.848,1.67,ok,,none,,0,0,0,91c8b6725ea5b3fd117257056f9c9236e5a4ce1c
eval_MoTaTiZrHf-HEA-DDRX-1100C_TEM_DislocationCharacterization_0#26,eval_MoTaTiZrHf-HEA-DDRX-1100C_TEM_DislocationCharacterization_0,DislocationCharacterization,MoTaTiZrHf-HEA-DDRX-1100C_TEM_DislocationCharacterization,arm1,ma_roma,pyramid_v2,none,0,2192,2048,2192,2048,24,10000,4113,affine@direct,"[0.974825497969447, -0.06037670329533553, 55.15705658896263, -0.0004047219199112284, 0.9980971479059797, -49.98956586803416, 0.0, 0.0, 1.0]",19.789,20.848,1.65,ok,,none,,0,0,0,91c8b6725ea5b3fd117257056f9c9236e5a4ce1c
eval_MoTaTiZrHf-HEA-DDRX-1100C_TEM_DislocationCharacterization_0#27,eval_MoTaTiZrHf-HEA-DDRX-1100C_TEM_DislocationCharacterization_0,DislocationCharacterization,MoTaTiZrHf-HEA-DDRX-1100C_TEM_DislocationCharacterization,arm1,ma_roma,direct,none,0,2192,2048,2192,2048,24,10000,3545,affine,"[0.9744863127500363, -0.06293985985461309, 58.1835208709183, -0.0026179145174315744, 1.0009261460521257, -59.19621741318889, 0.0, 0.0, 1.0]",22.914,25.122,1.68,ok,,none,,0,0,0,91c8b6725ea5b3fd117257056f9c9236e5a4ce1c
eval_MoTaTiZrHf-HEA-DDRX-1100C_TEM_DislocationCharacterization_0#27,eval_MoTaTiZrHf-HEA-DDRX-1100C_TEM_DislocationCharacterization_0,DislocationCharacterization,MoTaTiZrHf-HEA-DDRX-1100C_TEM_DislocationCharacterization,arm1,ma_roma,pyramid_v2,none,0,2192,2048,2192,2048,24,10000,3545,affine@direct,"[0.9744863127500363, -0.06293985985461309, 58.1835208709183, -0.0026179145174315744, 1.0009261460521257, -59.19621741318889, 0.0, 0.0, 1.0]",22.914,25.122,1.73,ok,,none,,0,0,0,91c8b6725ea5b3fd117257056f9c9236e5a4ce1c
eval_MoTaTiZrHf-HEA-DDRX-1100C_TEM_DislocationCharacterization_0#28,eval_MoTaTiZrHf-HEA-DDRX-1100C_TEM_DislocationCharacterization_0,DislocationCharacterization,MoTaTiZrHf-HEA-DDRX-1100C_TEM_DislocationCharacterization,arm1,ma_roma,direct,none,0,2192,2048,2192,2048,17,10000,4905,homography,"[0.9438303612555695, -0.006230158511631901, 12.870219263035453, -5.259618234893012e-05, 0.8854575912027665, 121.6398296988616, -2.69532299839095e-09, -2.6957965277152632e-05, 1.0]",207.710,205.481,1.77,ok,,none,,0,0,0,91c8b6725ea5b3fd117257056f9c9236e5a4ce1c
eval_MoTaTiZrHf-HEA-DDRX-1100C_TEM_DislocationCharacterization_0#28,eval_MoTaTiZrHf-HEA-DDRX-1100C_TEM_DislocationCharacterization_0,DislocationCharacterization,MoTaTiZrHf-HEA-DDRX-1100C_TEM_DislocationCharacterization,arm1,ma_roma,pyramid_v2,none,0,2192,2048,2192,2048,17,10000,4905,homography@direct,"[0.9438303612555695, -0.006230158511631901, 12.870219263035453, -5.259618234893012e-05, 0.8854575912027665, 121.6398296988616, -2.69532299839095e-09, -2.6957965277152632e-05, 1.0]",207.710,205.481,1.66,ok,,none,,0,0,0,91c8b6725ea5b3fd117257056f9c9236e5a4ce1c
eval_MoTaTiZrHf-HEA-DDRX-1100C_TEM_DislocationCharacterization_0#29,eval_MoTaTiZrHf-HEA-DDRX-1100C_TEM_DislocationCharacterization_0,DislocationCharacterization,MoTaTiZrHf-HEA-DDRX-1100C_TEM_DislocationCharacterization,arm1,ma_roma,direct,none,0,2192,2048,2192,2048,17,10000,3791,affine,"[1.0001068181005932, 0.011550710934941016, -24.150490217661627, 0.0003077821658162992, 1.0157401582868755, -33.44814883690151, 0.0, 0.0, 1.0]",176.834,188.595,1.64,ok,,none,,0,0,0,91c8b6725ea5b3fd117257056f9c9236e5a4ce1c
eval_MoTaTiZrHf-HEA-DDRX-1100C_TEM_DislocationCharacterization_0#29,eval_MoTaTiZrHf-HEA-DDRX-1100C_TEM_DislocationCharacterization_0,DislocationCharacterization,MoTaTiZrHf-HEA-DDRX-1100C_TEM_DislocationCharacterization,arm1,ma_roma,pyramid_v2,none,0,2192,2048,2192,2048,17,10000,3791,affine@direct,"[1.0001068181005932, 0.011550710934941016, -24.150490217661627, 0.0003077821658162992, 1.0157401582868755, -33.44814883690151, 0.0, 0.0, 1.0]",176.834,188.595,1.63,ok,,none,,0,0,0,91c8b6725ea5b3fd117257056f9c9236e5a4ce1c
eval_MoTaTiZrHf-HEA-DDRX-1100C_TEM_DislocationCharacterization_0#3,eval_MoTaTiZrHf-HEA-DDRX-1100C_TEM_DislocationCharacterization_0,DislocationCharacterization,MoTaTiZrHf-HEA-DDRX-1100C_TEM_DislocationCharacterization,arm1,ma_roma,direct,none,0,2192,2048,2192,2048,24,10000,5251,homography,"[0.964660613221244, -0.05766809468085007, 57.51237844661658, -0.0022085930227902263, 0.9885078761717097, -59.2794911769201, -4.906899870355583e-06, -6.427853283963775e-07, 1.0]",25.069,25.083,1.58,ok,,none,,0,0,0,91c8b6725ea5b3fd117257056f9c9236e5a4ce1c
eval_MoTaTiZrHf-HEA-DDRX-1100C_TEM_DislocationCharacterization_0#3,eval_MoTaTiZrHf-HEA-DDRX-1100C_TEM_DislocationCharacterization_0,DislocationCharacterization,MoTaTiZrHf-HEA-DDRX-1100C_TEM_DislocationCharacterization,arm1,ma_roma,pyramid_v2,none,0,2192,2048,2192,2048,24,10000,5251,homography@direct,"[0.964660613221244, -0.05766809468085007, 57.51237844661658, -0.0022085930227902263, 0.9885078761717097, -59.2794911769201, -4.906899870355583e-06, -6.427853283963775e-07, 1.0]",25.069,25.083,1.63,ok,,none,,0,0,0,91c8b6725ea5b3fd117257056f9c9236e5a4ce1c
eval_MoTaTiZrHf-HEA-DDRX-1100C_TEM_DislocationCharacterization_0#30,eval_MoTaTiZrHf-HEA-DDRX-1100C_TEM_DislocationCharacterization_0,DislocationCharacterization,MoTaTiZrHf-HEA-DDRX-1100C_TEM_DislocationCharacterization,arm1,ma_roma,direct,none,0,2192,2048,2192,2048,17,10000,4283,affine,"[1.0015611640455202, 0.0032486695923398153, -7.221261656145771, 0.00021971214956000246, 0.9933418930930622, 13.861708324406663, 0.0, 0.0, 1.0]",192.056,196.829,1.58,ok,,none,,0,0,0,91c8b6725ea5b3fd117257056f9c9236e5a4ce1c
eval_MoTaTiZrHf-HEA-DDRX-1100C_TEM_DislocationCharacterization_0#30,eval_MoTaTiZrHf-HEA-DDRX-1100C_TEM_DislocationCharacterization_0,DislocationCharacterization,MoTaTiZrHf-HEA-DDRX-1100C_TEM_DislocationCharacterization,arm1,ma_roma,pyramid_v2,none,0,2192,2048,2192,2048,17,10000,4283,affine@direct,"[1.0015611640455202, 0.0032486695923398153, -7.221261656145771, 0.00021971214956000246, 0.9933418930930622, 13.861708324406663, 0.0, 0.0, 1.0]",192.056,196.829,1.64,ok,,none,,0,0,0,91c8b6725ea5b3fd117257056f9c9236e5a4ce1c
eval_MoTaTiZrHf-HEA-DDRX-1100C_TEM_DislocationCharacterization_0#31,eval_MoTaTiZrHf-HEA-DDRX-1100C_TEM_DislocationCharacterization_0,DislocationCharacterization,MoTaTiZrHf-HEA-DDRX-1100C_TEM_DislocationCharacterization,arm1,ma_roma,direct,none,0,2192,2048,2192,2048,17,10000,5907,homography,"[0.9721332402633607, -0.04270904037887937, 29.68922651961564, -0.0030881114266167304, 0.9907313796573036, -159.07828158549816, -2.2622240009903458e-06, -2.0355073902037963e-06, 1.0]",19.691,20.128,1.57,ok,,none,,0,0,0,91c8b6725ea5b3fd117257056f9c9236e5a4ce1c
eval_MoTaTiZrHf-HEA-DDRX-1100C_TEM_DislocationCharacterization_0#31,eval_MoTaTiZrHf-HEA-DDRX-1100C_TEM_DislocationCharacterization_0,DislocationCharacterization,MoTaTiZrHf-HEA-DDRX-1100C_TEM_DislocationCharacterization,arm1,ma_roma,pyramid_v2,none,0,2192,2048,2192,2048,17,10000,5907,homography@direct,"[0.9721332402633607, -0.04270904037887937, 29.68922651961564, -0.0030881114266167304, 0.9907313796573036, -159.07828158549816, -2.2622240009903458e-06, -2.0355073902037963e-06, 1.0]",19.691,20.128,1.73,ok,,none,,0,0,0,91c8b6725ea5b3fd117257056f9c9236e5a4ce1c
eval_MoTaTiZrHf-HEA-DDRX-1100C_TEM_DislocationCharacterization_0#4,eval_MoTaTiZrHf-HEA-DDRX-1100C_TEM_DislocationCharacterization_0,DislocationCharacterization,MoTaTiZrHf-HEA-DDRX-1100C_TEM_DislocationCharacterization,arm1,ma_roma,direct,none,0,2192,2048,2192,2048,17,10000,1876,affine,"[0.9995849034208641, 0.010909691188723657, -22.553348217603002, -8.323942363572143e-05, 0.9998057922219789, 0.7091294045808354, 0.0, 0.0, 1.0]",187.123,193.180,1.73,ok,,none,,0,0,0,91c8b6725ea5b3fd117257056f9c9236e5a4ce1c
eval_MoTaTiZrHf-HEA-DDRX-1100C_TEM_DislocationCharacterization_0#4,eval_MoTaTiZrHf-HEA-DDRX-1100C_TEM_DislocationCharacterization_0,DislocationCharacterization,MoTaTiZrHf-HEA-DDRX-1100C_TEM_DislocationCharacterization,arm1,ma_roma,pyramid_v2,none,0,2192,2048,2192,2048,17,10000,1876,affine@direct,"[0.9995849034208641, 0.010909691188723657, -22.553348217603002, -8.323942363572143e-05, 0.9998057922219789, 0.7091294045808354, 0.0, 0.0, 1.0]",187.123,193.180,1.77,ok,,none,,0,0,0,91c8b6725ea5b3fd117257056f9c9236e5a4ce1c
eval_MoTaTiZrHf-HEA-DDRX-1100C_TEM_DislocationCharacterization_0#5,eval_MoTaTiZrHf-HEA-DDRX-1100C_TEM_DislocationCharacterization_0,DislocationCharacterization,MoTaTiZrHf-HEA-DDRX-1100C_TEM_DislocationCharacterization,arm1,ma_roma,direct,none,0,2192,2048,2192,2048,17,10000,5223,affine,"[1.0010633866827443, 0.0025523098509915047, -5.999870865706953, 9.260229913581802e-05, 1.001394563185775, -3.1167856473148277, 0.0, 0.0, 1.0]",186.524,193.836,1.70,ok,,none,,0,0,0,91c8b6725ea5b3fd117257056f9c9236e5a4ce1c
eval_MoTaTiZrHf-HEA-DDRX-1100C_TEM_DislocationCharacterization_0#5,eval_MoTaTiZrHf-HEA-DDRX-1100C_TEM_DislocationCharacterization_0,DislocationCharacterization,MoTaTiZrHf-HEA-DDRX-1100C_TEM_DislocationCharacterization,arm1,ma_roma,pyramid_v2,none,0,2192,2048,2192,2048,17,10000,5223,affine@direct,"[1.0010633866827443, 0.0025523098509915047, -5.999870865706953, 9.260229913581802e-05, 1.001394563185775, -3.1167856473148277, 0.0, 0.0, 1.0]",186.524,193.836,1.65,ok,,none,,0,0,0,91c8b6725ea5b3fd117257056f9c9236e5a4ce1c
eval_MoTaTiZrHf-HEA-DDRX-1100C_TEM_DislocationCharacterization_0#6,eval_MoTaTiZrHf-HEA-DDRX-1100C_TEM_DislocationCharacterization_0,DislocationCharacterization,MoTaTiZrHf-HEA-DDRX-1100C_TEM_DislocationCharacterization,arm1,ma_roma,direct,none,0,2192,2048,2192,2048,17,10000,1618,affine,"[1.002354155949683, 0.025594014050137597, -54.74600845994826, 0.00031463784191919516, 1.005806140144462, -12.443697443146448, 0.0, 0.0, 1.0]",183.828,190.665,1.70,ok,,none,,0,0,0,91c8b6725ea5b3fd117257056f9c9236e5a4ce1c
eval_MoTaTiZrHf-HEA-DDRX-1100C_TEM_DislocationCharacterization_0#6,eval_MoTaTiZrHf-HEA-DDRX-1100C_TEM_DislocationCharacterization_0,DislocationCharacterization,MoTaTiZrHf-HEA-DDRX-1100C_TEM_DislocationCharacterization,arm1,ma_roma,pyramid_v2,none,0,2192,2048,2192,2048,17,10000,1618,affine@direct,"[1.002354155949683, 0.025594014050137597, -54.74600845994826, 0.00031463784191919516, 1.005806140144462, -12.443697443146448, 0.0, 0.0, 1.0]",183.828,190.665,1.76,ok,,none,,0,0,0,91c8b6725ea5b3fd117257056f9c9236e5a4ce1c
eval_MoTaTiZrHf-HEA-DDRX-1100C_TEM_DislocationCharacterization_0#7,eval_MoTaTiZrHf-HEA-DDRX-1100C_TEM_DislocationCharacterization_0,DislocationCharacterization,MoTaTiZrHf-HEA-DDRX-1100C_TEM_DislocationCharacterization,arm1,ma_roma,direct,none,0,2192,2048,2192,2048,17,10000,1816,affine,"[1.0012096242581159, 0.013514209588242645, -28.955101405696837, 0.00017172101641416428, 1.005420486896766, -11.49062488162781, 0.0, 0.0, 1.0]",183.672,191.576,1.69,ok,,none,,0,0,0,91c8b6725ea5b3fd117257056f9c9236e5a4ce1c
eval_MoTaTiZrHf-HEA-DDRX-1100C_TEM_DislocationCharacterization_0#7,eval_MoTaTiZrHf-HEA-DDRX-1100C_TEM_DislocationCharacterization_0,DislocationCharacterization,MoTaTiZrHf-HEA-DDRX-1100C_TEM_DislocationCharacterization,arm1,ma_roma,pyramid_v2,none,0,2192,2048,2192,2048,17,10000,1816,affine@direct,"[1.0012096242581159, 0.013514209588242645, -28.955101405696837, 0.00017172101641416428, 1.005420486896766, -11.49062488162781, 0.0, 0.0, 1.0]",183.672,191.576,1.74,ok,,none,,0,0,0,91c8b6725ea5b3fd117257056f9c9236e5a4ce1c
eval_MoTaTiZrHf-HEA-DDRX-1100C_TEM_DislocationCharacterization_0#8,eval_MoTaTiZrHf-HEA-DDRX-1100C_TEM_DislocationCharacterization_0,DislocationCharacterization,MoTaTiZrHf-HEA-DDRX-1100C_TEM_DislocationCharacterization,arm1,ma_roma,direct,none,0,2192,2048,2192,2048,24,10000,3925,homography,"[1.0273283103368895, 0.0015700527563653477, -3.853922683474548, 0.004696286246630548, 1.051277365735881, -56.77485615351382, 2.018840435115271e-06, 1.158790055985996e-05, 1.0]",68.880,69.919,1.61,ok,,none,,0,0,0,91c8b6725ea5b3fd117257056f9c9236e5a4ce1c
eval_MoTaTiZrHf-HEA-DDRX-1100C_TEM_DislocationCharacterization_0#8,eval_MoTaTiZrHf-HEA-DDRX-1100C_TEM_DislocationCharacterization_0,DislocationCharacterization,MoTaTiZrHf-HEA-DDRX-1100C_TEM_DislocationCharacterization,arm1,ma_roma,pyramid_v2,none,0,2192,2048,2192,2048,24,10000,3925,homography@direct,"[1.0273283103368895, 0.0015700527563653477, -3.853922683474548, 0.004696286246630548, 1.051277365735881, -56.77485615351382, 2.018840435115271e-06, 1.158790055985996e-05, 1.0]",68.880,69.919,1.54,ok,,none,,0,0,0,91c8b6725ea5b3fd117257056f9c9236e5a4ce1c
eval_MoTaTiZrHf-HEA-DDRX-1100C_TEM_DislocationCharacterization_0#9,eval_MoTaTiZrHf-HEA-DDRX-1100C_TEM_DislocationCharacterization_0,DislocationCharacterization,MoTaTiZrHf-HEA-DDRX-1100C_TEM_DislocationCharacterization,arm1,ma_roma,direct,none,0,2192,2048,2192,2048,24,10000,4145,affine,"[1.0007247920698752, 0.0029379681313442436, -6.6488150449272325, -0.00010835113377764211, 1.0010306533959992, -1.982796803081328, 0.0, 0.0, 1.0]",73.062,69.812,1.58,ok,,none,,0,0,0,91c8b6725ea5b3fd117257056f9c9236e5a4ce1c
eval_MoTaTiZrHf-HEA-DDRX-1100C_TEM_DislocationCharacterization_0#9,eval_MoTaTiZrHf-HEA-DDRX-1100C_TEM_DislocationCharacterization_0,DislocationCharacterization,MoTaTiZrHf-HEA-DDRX-1100C_TEM_DislocationCharacterization,arm1,ma_roma,pyramid_v2,none,0,2192,2048,2192,2048,24,10000,4145,affine@direct,"[1.0007247920698752, 0.0029379681313442436, -6.6488150449272325, -0.00010835113377764211, 1.0010306533959992, -1.982796803081328, 0.0, 0.0, 1.0]",73.062,69.812,1.64,ok,,none,,0,0,0,91c8b6725ea5b3fd117257056f9c9236e5a4ce1c
eval_MoTaTiZrHf-HEA-DDRX-900C_TEM_DislocationCharacterization_0#0,eval_MoTaTiZrHf-HEA-DDRX-900C_TEM_DislocationCharacterization_0,DislocationCharacterization,MoTaTiZrHf-HEA-DDRX-900C_TEM_DislocationCharacterization,arm1,ma_roma,direct,none,0,2192,2048,2192,2048,13,10000,3851,affine,"[1.0008580759630974, -0.00876415811629637, 17.864865476818633, 0.00010723700328177382, 0.9987948687084826, 2.3711569247184343, 0.0, 0.0, 1.0]",53.639,48.863,1.67,ok,,none,,0,0,0,91c8b6725ea5b3fd117257056f9c9236e5a4ce1c
eval_MoTaTiZrHf-HEA-DDRX-900C_TEM_DislocationCharacterization_0#0,eval_MoTaTiZrHf-HEA-DDRX-900C_TEM_DislocationCharacterization_0,DislocationCharacterization,MoTaTiZrHf-HEA-DDRX-900C_TEM_DislocationCharacterization,arm1,ma_roma,pyramid_v2,none,0,2192,2048,2192,2048,13,10000,3851,affine@direct,"[1.0008580759630974, -0.00876415811629637, 17.864865476818633, 0.00010723700328177382, 0.9987948687084826, 2.3711569247184343, 0.0, 0.0, 1.0]",53.639,48.863,1.94,ok,,none,,0,0,0,91c8b6725ea5b3fd117257056f9c9236e5a4ce1c
eval_MoTaTiZrHf-HEA-DDRX-900C_TEM_DislocationCharacterization_0#1,eval_MoTaTiZrHf-HEA-DDRX-900C_TEM_DislocationCharacterization_0,DislocationCharacterization,MoTaTiZrHf-HEA-DDRX-900C_TEM_DislocationCharacterization,arm1,ma_roma,direct,none,0,2192,2048,2192,2048,13,10000,66,homography,"[-0.7679243104730941, -6.8844972044186274, 4214.706094465699, 1.1387848589250738, -2.9212336336319833, 981.3873333531858, 0.0007270797990583342, -0.0036826881743346122, 1.0]",1486.319,1155.281,1.76,ok,,none,,0,0,0,91c8b6725ea5b3fd117257056f9c9236e5a4ce1c
eval_MoTaTiZrHf-HEA-DDRX-900C_TEM_DislocationCharacterization_0#1,eval_MoTaTiZrHf-HEA-DDRX-900C_TEM_DislocationCharacterization_0,DislocationCharacterization,MoTaTiZrHf-HEA-DDRX-900C_TEM_DislocationCharacterization,arm1,ma_roma,pyramid_v2,none,0,2192,2048,2192,2048,13,10000,68,homography@direct+zoom,"[-6.644802699953271, -1.4063329693532765, 5270.751451719377, -0.8719957227970457, -8.64498114892087, 6752.192547754732, -6.453935509567012e-06, -0.0038547635440853074, 1.0]",8083.784,609.816,3.33,ok,,none,,0,0,0,91c8b6725ea5b3fd117257056f9c9236e5a4ce1c
eval_MoTaTiZrHf-HEA-DDRX-900C_TEM_DislocationCharacterization_0#10,eval_MoTaTiZrHf-HEA-DDRX-900C_TEM_DislocationCharacterization_0,DislocationCharacterization,MoTaTiZrHf-HEA-DDRX-900C_TEM_DislocationCharacterization,arm1,ma_roma,direct,none,0,2192,2048,2192,2048,13,10000,94,affine,"[0.3480690184734544, 0.1789331306419948, -582.1446286513647, -0.12239076463299546, 0.4572978273725282, 949.858159039768, 0.0, 0.0, 1.0]",1130.241,1090.842,1.68,ok,,none,,0,0,0,91c8b6725ea5b3fd117257056f9c9236e5a4ce1c
eval_MoTaTiZrHf-HEA-DDRX-900C_TEM_DislocationCharacterization_0#10,eval_MoTaTiZrHf-HEA-DDRX-900C_TEM_DislocationCharacterization_0,DislocationCharacterization,MoTaTiZrHf-HEA-DDRX-900C_TEM_DislocationCharacterization,arm1,ma_roma,pyramid_v2,none,0,2192,2048,2192,2048,13,10000,258,homography@direct+zoom,"[0.992768321974421, -0.04040458075518226, 93.26240009504944, 0.2557483132549471, 1.1056515753088245, -79.95666035965182, 0.00038468104642832174, -5.927844485685289e-05, 1.0]",337.045,268.653,5.05,ok,,none,,0,0,0,91c8b6725ea5b3fd117257056f9c9236e5a4ce1c
eval_MoTaTiZrHf-HEA-DDRX-900C_TEM_DislocationCharacterization_0#11,eval_MoTaTiZrHf-HEA-DDRX-900C_TEM_DislocationCharacterization_0,DislocationCharacterization,MoTaTiZrHf-HEA-DDRX-900C_TEM_DislocationCharacterization,arm1,ma_roma,direct,none,0,2192,2048,2192,2048,13,10000,79,affine,"[1.0416658789130901, 0.35875728311620253, 335.4446194973416, -0.09134576540306719, 0.7796574961575963, 513.9607495012451, 0.0, 0.0, 1.0]",752.199,779.663,1.65,ok,,none,,0,0,0,91c8b6725ea5b3fd117257056f9c9236e5a4ce1c
eval_MoTaTiZrHf-HEA-DDRX-900C_TEM_DislocationCharacterization_0#11,eval_MoTaTiZrHf-HEA-DDRX-900C_TEM_DislocationCharacterization_0,DislocationCharacterization,MoTaTiZrHf-HEA-DDRX-900C_TEM_DislocationCharacterization,arm1,ma_roma,pyramid_v2,none,0,2192,2048,2192,2048,13,10000,79,affine@direct,"[1.0416658789130901, 0.35875728311620253, 335.4446194973416, -0.09134576540306719, 0.7796574961575963, 513.9607495012451, 0.0, 0.0, 1.0]",752.199,779.663,1.64,ok,,none,,0,0,0,91c8b6725ea5b3fd117257056f9c9236e5a4ce1c
eval_MoTaTiZrHf-HEA-DDRX-900C_TEM_DislocationCharacterization_0#12,eval_MoTaTiZrHf-HEA-DDRX-900C_TEM_DislocationCharacterization_0,DislocationCharacterization,MoTaTiZrHf-HEA-DDRX-900C_TEM_DislocationCharacterization,arm1,ma_roma,direct,none,0,2192,2048,2192,2048,13,10000,179,affine,"[1.0017631417879003, -0.005645988425514005, 11.444246430564021, -0.023278655050826307, 1.0042514599246204, -7.195232538488199, 0.0, 0.0, 1.0]",69.638,64.991,1.58,ok,,none,,0,0,0,91c8b6725ea5b3fd117257056f9c9236e5a4ce1c
eval_MoTaTiZrHf-HEA-DDRX-900C_TEM_DislocationCharacterization_0#12,eval_MoTaTiZrHf-HEA-DDRX-900C_TEM_DislocationCharacterization_0,DislocationCharacterization,MoTaTiZrHf-HEA-DDRX-900C_TEM_DislocationCharacterization,arm1,ma_roma,pyramid_v2,none,0,2192,2048,2192,2048,13,10000,179,affine@direct,"[1.0017631417879003, -0.005645988425514005, 11.444246430564021, -0.023278655050826307, 1.0042514599246204, -7.195232538488199, 0.0, 0.0, 1.0]",69.638,64.991,1.67,ok,,none,,0,0,0,91c8b6725ea5b3fd117257056f9c9236e5a4ce1c
eval_MoTaTiZrHf-HEA-DDRX-900C_TEM_DislocationCharacterization_0#13,eval_MoTaTiZrHf-HEA-DDRX-900C_TEM_DislocationCharacterization_0,DislocationCharacterization,MoTaTiZrHf-HEA-DDRX-900C_TEM_DislocationCharacterization,arm1,ma_roma,direct,none,0,2192,2048,2192,2048,13,10000,397,homography,"[1.1962674800397062, 1.4329384159134985e-05, -1.4477859287860115, 0.09595435080436741, 1.3654418809975686, -395.9762306074775, 4.564697884791085e-05, 8.423668014420352e-05, 1.0]",104.393,76.801,1.65,ok,,none,,0,0,0,91c8b6725ea5b3fd117257056f9c9236e5a4ce1c
eval_MoTaTiZrHf-HEA-DDRX-900C_TEM_DislocationCharacterization_0#13,eval_MoTaTiZrHf-HEA-DDRX-900C_TEM_DislocationCharacterization_0,DislocationCharacterization,MoTaTiZrHf-HEA-DDRX-900C_TEM_DislocationCharacterization,arm1,ma_roma,pyramid_v2,none,0,2192,2048,2192,2048,13,10000,397,homography@direct,"[1.1962674800397062, 1.4329384159134985e-05, -1.4477859287860115, 0.09595435080436741, 1.3654418809975686, -395.9762306074775, 4.564697884791085e-05, 8.423668014420352e-05, 1.0]",104.393,76.801,1.55,ok,,none,,0,0,0,91c8b6725ea5b3fd117257056f9c9236e5a4ce1c
eval_MoTaTiZrHf-HEA-DDRX-900C_TEM_DislocationCharacterization_0#14,eval_MoTaTiZrHf-HEA-DDRX-900C_TEM_DislocationCharacterization_0,DislocationCharacterization,MoTaTiZrHf-HEA-DDRX-900C_TEM_DislocationCharacterization,arm1,ma_roma,direct,none,0,2192,2048,2192,2048,13,10000,762,affine,"[1.0001027925173878, -0.013078217446628133, 27.670675593605495, -0.0008408832332495615, 0.9968743969017011, 6.68399246719332, 0.0, 0.0, 1.0]",50.720,43.080,1.67,ok,,none,,0,0,0,91c8b6725ea5b3fd117257056f9c9236e5a4ce1c
eval_MoTaTiZrHf-HEA-DDRX-900C_TEM_DislocationCharacterization_0#14,eval_MoTaTiZrHf-HEA-DDRX-900C_TEM_DislocationCharacterization_0,DislocationCharacterization,MoTaTiZrHf-HEA-DDRX-900C_TEM_DislocationCharacterization,arm1,ma_roma,pyramid_v2,none,0,2192,2048,2192,2048,13,10000,762,affine@direct,"[1.0001027925173878, -0.013078217446628133, 27.670675593605495, -0.0008408832332495615, 0.9968743969017011, 6.68399246719332, 0.0, 0.0, 1.0]",50.720,43.080,1.65,ok,,none,,0,0,0,91c8b6725ea5b3fd117257056f9c9236e5a4ce1c
eval_MoTaTiZrHf-HEA-DDRX-900C_TEM_DislocationCharacterization_0#15,eval_MoTaTiZrHf-HEA-DDRX-900C_TEM_DislocationCharacterization_0,DislocationCharacterization,MoTaTiZrHf-HEA-DDRX-900C_TEM_DislocationCharacterization,arm1,ma_roma,direct,none,0,2192,2048,2192,2048,13,10000,75,homography,"[-0.05391303183391703, -0.06453770672834525, 174.6155879391138, -0.7018707491470628, -0.4312549422826914, 1459.1498606050768, -0.0003990744271474813, -0.0003462924258834214, 1.0]",2488.864,901.568,1.66,ok,,none,,0,0,0,91c8b6725ea5b3fd117257056f9c9236e5a4ce1c
eval_MoTaTiZrHf-HEA-DDRX-900C_TEM_DislocationCharacterization_0#15,eval_MoTaTiZrHf-HEA-DDRX-900C_TEM_DislocationCharacterization_0,DislocationCharacterization,MoTaTiZrHf-HEA-DDRX-900C_TEM_DislocationCharacterization,arm1,ma_roma,pyramid_v2,none,0,2192,2048,2192,2048,13,10000,372,affine@direct+zoom,"[0.27569611282907974, -0.03147489113788871, 64.24180120413828, -0.07732001397914405, 0.8054661759506216, -880.3285394598081, 0.0, 0.0, 1.0]",1416.116,1281.919,5.06,ok,,none,,0,0,0,91c8b6725ea5b3fd117257056f9c9236e5a4ce1c
eval_MoTaTiZrHf-HEA-DDRX-900C_TEM_DislocationCharacterization_0#2,eval_MoTaTiZrHf-HEA-DDRX-900C_TEM_DislocationCharacterization_0,DislocationCharacterization,MoTaTiZrHf-HEA-DDRX-900C_TEM_DislocationCharacterization,arm1,ma_roma,direct,none,0,2192,2048,2192,2048,13,10000,1276,affine,"[1.0003312204690156, -0.011691335939119136, 24.819675589694043, -4.4630000780904426e-05, 1.0008422504947911, -1.6583275773591595, 0.0, 0.0, 1.0]",52.311,46.389,1.68,ok,,none,,0,0,0,91c8b6725ea5b3fd117257056f9c9236e5a4ce1c
eval_MoTaTiZrHf-HEA-DDRX-900C_TEM_DislocationCharacterization_0#2,eval_MoTaTiZrHf-HEA-DDRX-900C_TEM_DislocationCharacterization_0,DislocationCharacterization,MoTaTiZrHf-HEA-DDRX-900C_TEM_DislocationCharacterization,arm1,ma_roma,pyramid_v2,none,0,2192,2048,2192,2048,13,10000,1276,affine@direct,"[1.0003312204690156, -0.011691335939119136, 24.819675589694043, -4.4630000780904426e-05, 1.0008422504947911, -1.6583275773591595, 0.0, 0.0, 1.0]",52.311,46.389,1.86,ok,,none,,0,0,0,91c8b6725ea5b3fd117257056f9c9236e5a4ce1c
eval_MoTaTiZrHf-HEA-DDRX-900C_TEM_DislocationCharacterization_0#3,eval_MoTaTiZrHf-HEA-DDRX-900C_TEM_DislocationCharacterization_0,DislocationCharacterization,MoTaTiZrHf-HEA-DDRX-900C_TEM_DislocationCharacterization,arm1,ma_roma,direct,none,0,2192,2048,2192,2048,13,10000,679,affine,"[0.9988115793794362, 0.008725757233499288, -18.21726486750964, -0.002113580978019447, 1.0021801507429848, -3.991509363339901, 0.0, 0.0, 1.0]",67.222,71.611,1.72,ok,,none,,0,0,0,91c8b6725ea5b3fd117257056f9c9236e5a4ce1c
eval_MoTaTiZrHf-HEA-DDRX-900C_TEM_DislocationCharacterization_0#3,eval_MoTaTiZrHf-HEA-DDRX-900C_TEM_DislocationCharacterization_0,DislocationCharacterization,MoTaTiZrHf-HEA-DDRX-900C_TEM_DislocationCharacterization,arm1,ma_roma,pyramid_v2,none,0,2192,2048,2192,2048,13,10000,679,affine@direct,"[0.9988115793794362, 0.008725757233499288, -18.21726486750964, -0.002113580978019447, 1.0021801507429848, -3.991509363339901, 0.0, 0.0, 1.0]",67.222,71.611,1.64,ok,,none,,0,0,0,91c8b6725ea5b3fd117257056f9c9236e5a4ce1c
eval_MoTaTiZrHf-HEA-DDRX-900C_TEM_DislocationCharacterization_0#4,eval_MoTaTiZrHf-HEA-DDRX-900C_TEM_DislocationCharacterization_0,DislocationCharacterization,MoTaTiZrHf-HEA-DDRX-900C_TEM_DislocationCharacterization,arm1,ma_roma,direct,none,0,2192,2048,2192,2048,13,10000,56,affine,"[0.5277871640620071, -0.12342269088510133, 953.4007197293904, -0.059678538724627694, 0.4245071913669587, 374.07579536694766, 0.0, 0.0, 1.0]",562.462,559.448,1.72,ok,,none,,0,0,0,91c8b6725ea5b3fd117257056f9c9236e5a4ce1c
eval_MoTaTiZrHf-HEA-DDRX-900C_TEM_DislocationCharacterization_0#4,eval_MoTaTiZrHf-HEA-DDRX-900C_TEM_DislocationCharacterization_0,DislocationCharacterization,MoTaTiZrHf-HEA-DDRX-900C_TEM_DislocationCharacterization,arm1,ma_roma,pyramid_v2,none,0,2192,2048,2192,2048,13,10000,56,affine@direct,"[0.5277871640620071, -0.12342269088510133, 953.4007197293904, -0.059678538724627694, 0.4245071913669587, 374.07579536694766, 0.0, 0.0, 1.0]",562.462,559.448,3.47,ok,,none,,0,0,0,91c8b6725ea5b3fd117257056f9c9236e5a4ce1c
eval_MoTaTiZrHf-HEA-DDRX-900C_TEM_DislocationCharacterization_0#5,eval_MoTaTiZrHf-HEA-DDRX-900C_TEM_DislocationCharacterization_0,DislocationCharacterization,MoTaTiZrHf-HEA-DDRX-900C_TEM_DislocationCharacterization,arm1,ma_roma,direct,none,0,2192,2048,2192,2048,13,10000,641,homography,"[0.939008290720972, -0.022858241700080315, 48.857896411967275, -0.005328760685322945, 0.885442302214656, 118.37882402609344, -2.239951185829473e-06, -2.7672866949630475e-05, 1.0]",67.110,73.433,1.46,ok,,none,,0,0,0,91c8b6725ea5b3fd117257056f9c9236e5a4ce1c
eval_MoTaTiZrHf-HEA-DDRX-900C_TEM_DislocationCharacterization_0#5,eval_MoTaTiZrHf-HEA-DDRX-900C_TEM_DislocationCharacterization_0,DislocationCharacterization,MoTaTiZrHf-HEA-DDRX-900C_TEM_DislocationCharacterization,arm1,ma_roma,pyramid_v2,none,0,2192,2048,2192,2048,13,10000,641,homography@direct,"[0.939008290720972, -0.022858241700080315, 48.857896411967275, -0.005328760685322945, 0.885442302214656, 118.37882402609344, -2.239951185829473e-06, -2.7672866949630475e-05, 1.0]",67.110,73.433,1.55,ok,,none,,0,0,0,91c8b6725ea5b3fd117257056f9c9236e5a4ce1c
eval_MoTaTiZrHf-HEA-DDRX-900C_TEM_DislocationCharacterization_0#6,eval_MoTaTiZrHf-HEA-DDRX-900C_TEM_DislocationCharacterization_0,DislocationCharacterization,MoTaTiZrHf-HEA-DDRX-900C_TEM_DislocationCharacterization,arm1,ma_roma,direct,none,0,2192,2048,2192,2048,13,10000,130,affine,"[0.3555879785816107, 0.07697770964089166, -109.10016237598848, -0.003441368463722526, 0.560623705453457, -68.00957574904157, 0.0, 0.0, 1.0]",948.028,817.041,1.66,ok,,none,,0,0,0,91c8b6725ea5b3fd117257056f9c9236e5a4ce1c
eval_MoTaTiZrHf-HEA-DDRX-900C_TEM_DislocationCharacterization_0#6,eval_MoTaTiZrHf-HEA-DDRX-900C_TEM_DislocationCharacterization_0,DislocationCharacterization,MoTaTiZrHf-HEA-DDRX-900C_TEM_DislocationCharacterization,arm1,ma_roma,pyramid_v2,none,0,2192,2048,2192,2048,13,10000,130,affine@direct,"[0.3555879785816107, 0.07697770964089166, -109.10016237598848, -0.003441368463722526, 0.560623705453457, -68.00957574904157, 0.0, 0.0, 1.0]",948.028,817.041,3.32,ok,,none,,0,0,0,91c8b6725ea5b3fd117257056f9c9236e5a4ce1c
eval_MoTaTiZrHf-HEA-DDRX-900C_TEM_DislocationCharacterization_0#7,eval_MoTaTiZrHf-HEA-DDRX-900C_TEM_DislocationCharacterization_0,DislocationCharacterization,MoTaTiZrHf-HEA-DDRX-900C_TEM_DislocationCharacterization,arm1,ma_roma,direct,none,0,2192,2048,2192,2048,13,10000,229,affine,"[0.6162319892845778, 0.06860801176762263, -657.4136943141777, 0.138091715351362, 0.7702460639017572, -598.7211879102395, 0.0, 0.0, 1.0]",1259.103,1187.092,1.59,ok,,none,,0,0,0,91c8b6725ea5b3fd117257056f9c9236e5a4ce1c
eval_MoTaTiZrHf-HEA-DDRX-900C_TEM_DislocationCharacterization_0#7,eval_MoTaTiZrHf-HEA-DDRX-900C_TEM_DislocationCharacterization_0,DislocationCharacterization,MoTaTiZrHf-HEA-DDRX-900C_TEM_DislocationCharacterization,arm1,ma_roma,pyramid_v2,none,0,2192,2048,2192,2048,13,10000,84,affine@direct+zoom,"[1.0949601896928378, -0.29166618530075156, -934.7415172504861, 0.27682188659609114, 1.438760117641513, -1363.167810914308, 0.0, 0.0, 1.0]",1391.819,1412.354,3.14,ok,,none,,0,0,0,91c8b6725ea5b3fd117257056f9c9236e5a4ce1c
eval_MoTaTiZrHf-HEA-DDRX-900C_TEM_DislocationCharacterization_0#8,eval_MoTaTiZrHf-HEA-DDRX-900C_TEM_DislocationCharacterization_0,DislocationCharacterization,MoTaTiZrHf-HEA-DDRX-900C_TEM_DislocationCharacterization,arm1,ma_roma,direct,none,0,2192,2048,2192,2048,13,10000,205,affine,"[0.28105447557000424, 0.09363646926813039, -382.172284839481, -0.4519352907249627, 0.37113290439220337, 1373.4752682027179, 0.0, 0.0, 1.0]",1130.562,1087.293,1.58,ok,,none,,0,0,0,91c8b6725ea5b3fd117257056f9c9236e5a4ce1c
eval_MoTaTiZrHf-HEA-DDRX-900C_TEM_DislocationCharacterization_0#8,eval_MoTaTiZrHf-HEA-DDRX-900C_TEM_DislocationCharacterization_0,DislocationCharacterization,MoTaTiZrHf-HEA-DDRX-900C_TEM_DislocationCharacterization,arm1,ma_roma,pyramid_v2,none,0,2192,2048,2192,2048,13,10000,205,affine@direct,"[0.28105447557000424, 0.09363646926813039, -382.172284839481, -0.4519352907249627, 0.37113290439220337, 1373.4752682027179, 0.0, 0.0, 1.0]",1130.562,1087.293,3.24,ok,,none,,0,0,0,91c8b6725ea5b3fd117257056f9c9236e5a4ce1c
eval_MoTaTiZrHf-HEA-DDRX-900C_TEM_DislocationCharacterization_0#9,eval_MoTaTiZrHf-HEA-DDRX-900C_TEM_DislocationCharacterization_0,DislocationCharacterization,MoTaTiZrHf-HEA-DDRX-900C_TEM_DislocationCharacterization,arm1,ma_roma,direct,none,0,2192,2048,2192,2048,13,10000,648,affine,"[0.9973381515048635, -0.0032708176454386297, 8.015326876382801, 0.0018446058791173952, 1.0017496329460185, -4.000920392082435, 0.0, 0.0, 1.0]",57.742,56.994,1.67,ok,,none,,0,0,0,91c8b6725ea5b3fd117257056f9c9236e5a4ce1c
eval_MoTaTiZrHf-HEA-DDRX-900C_TEM_DislocationCharacterization_0#9,eval_MoTaTiZrHf-HEA-DDRX-900C_TEM_DislocationCharacterization_0,DislocationCharacterization,MoTaTiZrHf-HEA-DDRX-900C_TEM_DislocationCharacterization,arm1,ma_roma,pyramid_v2,none,0,2192,2048,2192,2048,13,10000,648,affine@direct,"[0.9973381515048635, -0.0032708176454386297, 8.015326876382801, 0.0018446058791173952, 1.0017496329460185, -4.000920392082435, 0.0, 0.0, 1.0]",57.742,56.994,1.64,ok,,none,,0,0,0,91c8b6725ea5b3fd117257056f9c9236e5a4ce1c
eval_MoTaTiZrHf-HEA-DDRX-900C_TEM_largeFOV-DislocationCharacterization_0#0,eval_MoTaTiZrHf-HEA-DDRX-900C_TEM_largeFOV-DislocationCharacterization_0,DislocationCharacterization,MoTaTiZrHf-HEA-DDRX-900C_TEM_largeFOV-DislocationCharacterization,arm1,ma_roma,direct,none,0,4384,4096,4384,4096,18,10000,3784,affine,"[1.000226299721137, 0.0004940477487195236, 120.20707011587183, -0.0007260277348861125, 1.001362093060549, 494.7849136910345, 0.0, 0.0, 1.0]",19.936,17.638,1.94,ok,,none,,0,0,0,91c8b6725ea5b3fd117257056f9c9236e5a4ce1c
eval_MoTaTiZrHf-HEA-DDRX-900C_TEM_largeFOV-DislocationCharacterization_0#0,eval_MoTaTiZrHf-HEA-DDRX-900C_TEM_largeFOV-DislocationCharacterization_0,DislocationCharacterization,MoTaTiZrHf-HEA-DDRX-900C_TEM_largeFOV-DislocationCharacterization,arm1,ma_roma,pyramid_v2,none,0,4384,4096,4384,4096,18,10000,3784,affine@direct,"[1.000226299721137, 0.0004940477487195236, 120.20707011587183, -0.0007260277348861125, 1.001362093060549, 494.7849136910345, 0.0, 0.0, 1.0]",19.936,17.638,2.23,ok,,none,,0,0,0,91c8b6725ea5b3fd117257056f9c9236e5a4ce1c
eval_MoTaTiZrHf-HEA-DDRX-900C_TEM_largeFOV-DislocationCharacterization_0#1,eval_MoTaTiZrHf-HEA-DDRX-900C_TEM_largeFOV-DislocationCharacterization_0,DislocationCharacterization,MoTaTiZrHf-HEA-DDRX-900C_TEM_largeFOV-DislocationCharacterization,arm1,ma_roma,direct,none,0,4384,4096,4384,4096,18,10000,6473,homography,"[0.994770884791371, -0.0015943978264924559, 7.319970625388796, -9.534705062179822e-05, 0.9898708350493659, 21.262958122915737, -1.2179576732016348e-08, -1.2279437104044266e-06, 1.0]",501.684,499.248,1.94,ok,,none,,0,0,0,91c8b6725ea5b3fd117257056f9c9236e5a4ce1c
eval_MoTaTiZrHf-HEA-DDRX-900C_TEM_largeFOV-DislocationCharacterization_0#1,eval_MoTaTiZrHf-HEA-DDRX-900C_TEM_largeFOV-DislocationCharacterization_0,DislocationCharacterization,MoTaTiZrHf-HEA-DDRX-900C_TEM_largeFOV-DislocationCharacterization,arm1,ma_roma,pyramid_v2,none,0,4384,4096,4384,4096,18,10000,6473,homography@direct,"[0.994770884791371, -0.0015943978264924559, 7.319970625388796, -9.534705062179822e-05, 0.9898708350493659, 21.262958122915737, -1.2179576732016348e-08, -1.2279437104044266e-06, 1.0]",501.684,499.248,2.06,ok,,none,,0,0,0,91c8b6725ea5b3fd117257056f9c9236e5a4ce1c
eval_MoTaTiZrHf-HEA-DDRX-900C_TEM_largeFOV-DislocationCharacterization_0#10,eval_MoTaTiZrHf-HEA-DDRX-900C_TEM_largeFOV-DislocationCharacterization_0,DislocationCharacterization,MoTaTiZrHf-HEA-DDRX-900C_TEM_largeFOV-DislocationCharacterization,arm1,ma_roma,direct,none,0,4384,4096,4384,4096,27,10000,2932,affine,"[1.0001822152147075, 0.0014821681121610468, -6.391809844521504, 7.929924486654559e-05, 1.0021877107670563, -9.315028757293476, 0.0, 0.0, 1.0]",440.007,439.139,1.90,ok,,none,,0,0,0,91c8b6725ea5b3fd117257056f9c9236e5a4ce1c
eval_MoTaTiZrHf-HEA-DDRX-900C_TEM_largeFOV-DislocationCharacterization_0#10,eval_MoTaTiZrHf-HEA-DDRX-900C_TEM_largeFOV-DislocationCharacterization_0,DislocationCharacterization,MoTaTiZrHf-HEA-DDRX-900C_TEM_largeFOV-DislocationCharacterization,arm1,ma_roma,pyramid_v2,none,0,4384,4096,4384,4096,27,10000,2932,affine@direct,"[1.0001822152147075, 0.0014821681121610468, -6.391809844521504, 7.929924486654559e-05, 1.0021877107670563, -9.315028757293476, 0.0, 0.0, 1.0]",440.007,439.139,2.07,ok,,none,,0,0,0,91c8b6725ea5b3fd117257056f9c9236e5a4ce1c
eval_MoTaTiZrHf-HEA-DDRX-900C_TEM_largeFOV-DislocationCharacterization_0#11,eval_MoTaTiZrHf-HEA-DDRX-900C_TEM_largeFOV-DislocationCharacterization_0,DislocationCharacterization,MoTaTiZrHf-HEA-DDRX-900C_TEM_largeFOV-DislocationCharacterization,arm1,ma_roma,direct,none,0,4384,4096,4384,4096,27,10000,2353,homography,"[1.008089380421702, 0.0010882301406034064, -3.8842890472608134, -0.00039067340764756205, 1.014639522130821, -25.897111452283795, -1.1258872265436333e-07, 1.995172038782467e-06, 1.0]",436.639,434.403,1.89,ok,,none,,0,0,0,91c8b6725ea5b3fd117257056f9c9236e5a4ce1c
eval_MoTaTiZrHf-HEA-DDRX-900C_TEM_largeFOV-DislocationCharacterization_0#11,eval_MoTaTiZrHf-HEA-DDRX-900C_TEM_largeFOV-DislocationCharacterization_0,DislocationCharacterization,MoTaTiZrHf-HEA-DDRX-900C_TEM_largeFOV-DislocationCharacterization,arm1,ma_roma,pyramid_v2,none,0,4384,4096,4384,4096,27,10000,2353,homography@direct,"[1.008089380421702, 0.0010882301406034064, -3.8842890472608134, -0.00039067340764756205, 1.014639522130821, -25.897111452283795, -1.1258872265436333e-07, 1.995172038782467e-06, 1.0]",436.639,434.403,2.15,ok,,none,,0,0,0,91c8b6725ea5b3fd117257056f9c9236e5a4ce1c
eval_MoTaTiZrHf-HEA-DDRX-900C_TEM_largeFOV-DislocationCharacterization_0#12,eval_MoTaTiZrHf-HEA-DDRX-900C_TEM_largeFOV-DislocationCharacterization_0,DislocationCharacterization,MoTaTiZrHf-HEA-DDRX-900C_TEM_largeFOV-DislocationCharacterization,arm1,ma_roma,direct,none,0,4384,4096,4384,4096,18,10000,4231,affine,"[1.0000828020195602, 0.0006797586507378079, -2.4238234022232064, -3.4920901172284376e-05, 0.9977568302799865, 10.190384968240323, 0.0, 0.0, 1.0]",503.898,501.972,1.93,ok,,none,,0,0,0,91c8b6725ea5b3fd117257056f9c9236e5a4ce1c
eval_MoTaTiZrHf-HEA-DDRX-900C_TEM_largeFOV-DislocationCharacterization_0#12,eval_MoTaTiZrHf-HEA-DDRX-900C_TEM_largeFOV-DislocationCharacterization_0,DislocationCharacterization,MoTaTiZrHf-HEA-DDRX-900C_TEM_largeFOV-DislocationCharacterization,arm1,ma_roma,pyramid_v2,none,0,4384,4096,4384,4096,18,10000,4231,affine@direct,"[1.0000828020195602, 0.0006797586507378079, -2.4238234022232064, -3.4920901172284376e-05, 0.9977568302799865, 10.190384968240323, 0.0, 0.0, 1.0]",503.898,501.972,1.96,ok,,none,,0,0,0,91c8b6725ea5b3fd117257056f9c9236e5a4ce1c
eval_MoTaTiZrHf-HEA-DDRX-900C_TEM_largeFOV-DislocationCharacterization_0#13,eval_MoTaTiZrHf-HEA-DDRX-900C_TEM_largeFOV-DislocationCharacterization_0,DislocationCharacterization,MoTaTiZrHf-HEA-DDRX-900C_TEM_largeFOV-DislocationCharacterization,arm1,ma_roma,direct,none,0,4384,4096,4384,4096,18,10000,1071,affine,"[1.0052286104969617, 0.0033027829978443833, 107.27494450536165, 0.002492602094235822, 1.003239929818135, 489.98553702876166, 0.0, 0.0, 1.0]",21.784,19.438,1.74,ok,,none,,0,0,0,91c8b6725ea5b3fd117257056f9c9236e5a4ce1c
eval_MoTaTiZrHf-HEA-DDRX-900C_TEM_largeFOV-DislocationCharacterization_0#13,eval_MoTaTiZrHf-HEA-DDRX-900C_TEM_largeFOV-DislocationCharacterization_0,DislocationCharacterization,MoTaTiZrHf-HEA-DDRX-900C_TEM_largeFOV-DislocationCharacterization,arm1,ma_roma,pyramid_v2,none,0,4384,4096,4384,4096,18,10000,1071,affine@direct,"[1.0052286104969617, 0.0033027829978443833, 107.27494450536165, 0.002492602094235822, 1.003239929818135, 489.98553702876166, 0.0, 0.0, 1.0]",21.784,19.438,1.96,ok,,none,,0,0,0,91c8b6725ea5b3fd117257056f9c9236e5a4ce1c
eval_MoTaTiZrHf-HEA-DDRX-900C_TEM_largeFOV-DislocationCharacterization_0#14,eval_MoTaTiZrHf-HEA-DDRX-900C_TEM_largeFOV-DislocationCharacterization_0,DislocationCharacterization,MoTaTiZrHf-HEA-DDRX-900C_TEM_largeFOV-DislocationCharacterization,arm1,ma_roma,direct,none,0,4384,4096,4384,4096,18,10000,3770,affine,"[0.9999139492275879, -0.0003925472189356383, 1.6760793437597385, 0.00038665150833869433, 1.0004080687591812, -2.194523519773611, 0.0, 0.0, 1.0]",510.587,510.314,1.88,ok,,none,,0,0,0,91c8b6725ea5b3fd117257056f9c9236e5a4ce1c
eval_MoTaTiZrHf-HEA-DDRX-900C_TEM_largeFOV-DislocationCharacterization_0#14,eval_MoTaTiZrHf-HEA-DDRX-900C_TEM_largeFOV-DislocationCharacterization_0,DislocationCharacterization,MoTaTiZrHf-HEA-DDRX-900C_TEM_largeFOV-DislocationCharacterization,arm1,ma_roma,pyramid_v2,none,0,4384,4096,4384,4096,18,10000,3770,affine@direct,"[0.9999139492275879, -0.0003925472189356383, 1.6760793437597385, 0.00038665150833869433, 1.0004080687591812, -2.194523519773611, 0.0, 0.0, 1.0]",510.587,510.314,1.96,ok,,none,,0,0,0,91c8b6725ea5b3fd117257056f9c9236e5a4ce1c
eval_MoTaTiZrHf-HEA-DDRX-900C_TEM_largeFOV-DislocationCharacterization_0#15,eval_MoTaTiZrHf-HEA-DDRX-900C_TEM_largeFOV-DislocationCharacterization_0,DislocationCharacterization,MoTaTiZrHf-HEA-DDRX-900C_TEM_largeFOV-DislocationCharacterization,arm1,ma_roma,direct,none,0,4384,4096,4384,4096,27,10000,6788,homography,"[1.019214244211712, 0.01471703417293027, -62.87662015150695, 0.0008370324906622462, 1.0414909040367335, -97.67817994200475, 1.3877238969205482e-07, 4.387927241836986e-06, 1.0]",472.229,462.728,1.88,ok,,none,,0,0,0,91c8b6725ea5b3fd117257056f9c9236e5a4ce1c
eval_MoTaTiZrHf-HEA-DDRX-900C_TEM_largeFOV-DislocationCharacterization_0#15,eval_MoTaTiZrHf-HEA-DDRX-900C_TEM_largeFOV-DislocationCharacterization_0,DislocationCharacterization,MoTaTiZrHf-HEA-DDRX-900C_TEM_largeFOV-DislocationCharacterization,arm1,ma_roma,pyramid_v2,none,0,4384,4096,4384,4096,27,10000,6788,homography@direct,"[1.019214244211712, 0.01471703417293027, -62.87662015150695, 0.0008370324906622462, 1.0414909040367335, -97.67817994200475, 1.3877238969205482e-07, 4.387927241836986e-06, 1.0]",472.229,462.728,1.86,ok,,none,,0,0,0,91c8b6725ea5b3fd117257056f9c9236e5a4ce1c
eval_MoTaTiZrHf-HEA-DDRX-900C_TEM_largeFOV-DislocationCharacterization_0#16,eval_MoTaTiZrHf-HEA-DDRX-900C_TEM_largeFOV-DislocationCharacterization_0,DislocationCharacterization,MoTaTiZrHf-HEA-DDRX-900C_TEM_largeFOV-DislocationCharacterization,arm1,ma_roma,direct,none,0,4384,4096,4384,4096,27,10000,2975,affine,"[1.0002410173305514, -0.0004475230904448818, 1.739426430098547, 6.818199236197393e-05, 1.0040680167184346, -17.284305808007957, 0.0, 0.0, 1.0]",441.800,440.096,1.87,ok,,none,,0,0,0,91c8b6725ea5b3fd117257056f9c9236e5a4ce1c
eval_MoTaTiZrHf-HEA-DDRX-900C_TEM_largeFOV-DislocationCharacterization_0#16,eval_MoTaTiZrHf-HEA-DDRX-900C_TEM_largeFOV-DislocationCharacterization_0,DislocationCharacterization,MoTaTiZrHf-HEA-DDRX-900C_TEM_largeFOV-DislocationCharacterization,arm1,ma_roma,pyramid_v2,none,0,4384,4096,4384,4096,27,10000,2975,affine@direct,"[1.0002410173305514, -0.0004475230904448818, 1.739426430098547, 6.818199236197393e-05, 1.0040680167184346, -17.284305808007957, 0.0, 0.0, 1.0]",441.800,440.096,2.17,ok,,none,,0,0,0,91c8b6725ea5b3fd117257056f9c9236e5a4ce1c
eval_MoTaTiZrHf-HEA-DDRX-900C_TEM_largeFOV-DislocationCharacterization_0#17,eval_MoTaTiZrHf-HEA-DDRX-900C_TEM_largeFOV-DislocationCharacterization_0,DislocationCharacterization,MoTaTiZrHf-HEA-DDRX-900C_TEM_largeFOV-DislocationCharacterization,arm1,ma_roma,direct,none,0,4384,4096,4384,4096,27,10000,3462,affine,"[1.0000307278929044, -0.002350557249565127, 9.876355142151397, 9.093392395578244e-05, 1.0012740667964435, -5.600885643564652, 0.0, 0.0, 1.0]",434.177,433.957,1.91,ok,,none,,0,0,0,91c8b6725ea5b3fd117257056f9c9236e5a4ce1c
eval_MoTaTiZrHf-HEA-DDRX-900C_TEM_largeFOV-DislocationCharacterization_0#17,eval_MoTaTiZrHf-HEA-DDRX-900C_TEM_largeFOV-DislocationCharacterization_0,DislocationCharacterization,MoTaTiZrHf-HEA-DDRX-900C_TEM_largeFOV-DislocationCharacterization,arm1,ma_roma,pyramid_v2,none,0,4384,4096,4384,4096,27,10000,3462,affine@direct,"[1.0000307278929044, -0.002350557249565127, 9.876355142151397, 9.093392395578244e-05, 1.0012740667964435, -5.600885643564652, 0.0, 0.0, 1.0]",434.177,433.957,2.15,ok,,none,,0,0,0,91c8b6725ea5b3fd117257056f9c9236e5a4ce1c
eval_MoTaTiZrHf-HEA-DDRX-900C_TEM_largeFOV-DislocationCharacterization_0#2,eval_MoTaTiZrHf-HEA-DDRX-900C_TEM_largeFOV-DislocationCharacterization_0,DislocationCharacterization,MoTaTiZrHf-HEA-DDRX-900C_TEM_largeFOV-DislocationCharacterization,arm1,ma_roma,direct,none,0,4384,4096,4384,4096,18,10000,1183,affine,"[1.0009181478369111, 0.009068382933524652, -40.14307144230452, 0.0004657907292012781, 1.0024362610810174, -11.008722145746106, 0.0, 0.0, 1.0]",522.064,524.945,1.92,ok,,none,,0,0,0,91c8b6725ea5b3fd117257056f9c9236e5a4ce1c
eval_MoTaTiZrHf-HEA-DDRX-900C_TEM_largeFOV-DislocationCharacterization_0#2,eval_MoTaTiZrHf-HEA-DDRX-900C_TEM_largeFOV-DislocationCharacterization_0,DislocationCharacterization,MoTaTiZrHf-HEA-DDRX-900C_TEM_largeFOV-DislocationCharacterization,arm1,ma_roma,pyramid_v2,none,0,4384,4096,4384,4096,18,10000,1183,affine@direct,"[1.0009181478369111, 0.009068382933524652, -40.14307144230452, 0.0004657907292012781, 1.0024362610810174, -11.008722145746106, 0.0, 0.0, 1.0]",522.064,524.945,2.13,ok,,none,,0,0,0,91c8b6725ea5b3fd117257056f9c9236e5a4ce1c
eval_MoTaTiZrHf-HEA-DDRX-900C_TEM_largeFOV-DislocationCharacterization_0#3,eval_MoTaTiZrHf-HEA-DDRX-900C_TEM_largeFOV-DislocationCharacterization_0,DislocationCharacterization,MoTaTiZrHf-HEA-DDRX-900C_TEM_largeFOV-DislocationCharacterization,arm1,ma_roma,direct,none,0,4384,4096,4384,4096,27,10000,1867,homography,"[1.0077846795995804, 0.007255996462593621, -30.44890668887734, 5.430808272073134e-05, 1.0128160019856758, -21.208668886231244, 1.3584932967044392e-08, 1.8421282612296576e-06, 1.0]",441.861,438.585,1.97,ok,,none,,0,0,0,91c8b6725ea5b3fd117257056f9c9236e5a4ce1c
eval_MoTaTiZrHf-HEA-DDRX-900C_TEM_largeFOV-DislocationCharacterization_0#3,eval_MoTaTiZrHf-HEA-DDRX-900C_TEM_largeFOV-DislocationCharacterization_0,DislocationCharacterization,MoTaTiZrHf-HEA-DDRX-900C_TEM_largeFOV-DislocationCharacterization,arm1,ma_roma,pyramid_v2,none,0,4384,4096,4384,4096,27,10000,1867,homography@direct,"[1.0077846795995804, 0.007255996462593621, -30.44890668887734, 5.430808272073134e-05, 1.0128160019856758, -21.208668886231244, 1.3584932967044392e-08, 1.8421282612296576e-06, 1.0]",441.861,438.585,2.06,ok,,none,,0,0,0,91c8b6725ea5b3fd117257056f9c9236e5a4ce1c
eval_MoTaTiZrHf-HEA-DDRX-900C_TEM_largeFOV-DislocationCharacterization_0#4,eval_MoTaTiZrHf-HEA-DDRX-900C_TEM_largeFOV-DislocationCharacterization_0,DislocationCharacterization,MoTaTiZrHf-HEA-DDRX-900C_TEM_largeFOV-DislocationCharacterization,arm1,ma_roma,direct,none,0,4384,4096,4384,4096,27,10000,2166,affine,"[0.9999851043905994, 0.002553562180179661, -10.202325965090495, -4.941704738433821e-05, 0.9982897085814727, 7.613306908365303, 0.0, 0.0, 1.0]",432.909,433.269,1.86,ok,,none,,0,0,0,91c8b6725ea5b3fd117257056f9c9236e5a4ce1c
eval_MoTaTiZrHf-HEA-DDRX-900C_TEM_largeFOV-DislocationCharacterization_0#4,eval_MoTaTiZrHf-HEA-DDRX-900C_TEM_largeFOV-DislocationCharacterization_0,DislocationCharacterization,MoTaTiZrHf-HEA-DDRX-900C_TEM_largeFOV-DislocationCharacterization,arm1,ma_roma,pyramid_v2,none,0,4384,4096,4384,4096,27,10000,2166,affine@direct,"[0.9999851043905994, 0.002553562180179661, -10.202325965090495, -4.941704738433821e-05, 0.9982897085814727, 7.613306908365303, 0.0, 0.0, 1.0]",432.909,433.269,2.24,ok,,none,,0,0,0,91c8b6725ea5b3fd117257056f9c9236e5a4ce1c
eval_MoTaTiZrHf-HEA-DDRX-900C_TEM_largeFOV-DislocationCharacterization_0#5,eval_MoTaTiZrHf-HEA-DDRX-900C_TEM_largeFOV-DislocationCharacterization_0,DislocationCharacterization,MoTaTiZrHf-HEA-DDRX-900C_TEM_largeFOV-DislocationCharacterization,arm1,ma_roma,direct,none,0,4384,4096,4384,4096,27,10000,6135,homography,"[1.0066426126733616, 0.0008203656849570556, -3.729181830261264, 0.00029331571333435577, 1.0082637190993124, -8.875461275308547, 1.1416075773756898e-07, 1.4179374585505049e-06, 1.0]",430.647,430.157,1.90,ok,,none,,0,0,0,91c8b6725ea5b3fd117257056f9c9236e5a4ce1c
eval_MoTaTiZrHf-HEA-DDRX-900C_TEM_largeFOV-DislocationCharacterization_0#5,eval_MoTaTiZrHf-HEA-DDRX-900C_TEM_largeFOV-DislocationCharacterization_0,DislocationCharacterization,MoTaTiZrHf-HEA-DDRX-900C_TEM_largeFOV-DislocationCharacterization,arm1,ma_roma,pyramid_v2,none,0,4384,4096,4384,4096,27,10000,6135,homography@direct,"[1.0066426126733616, 0.0008203656849570556, -3.729181830261264, 0.00029331571333435577, 1.0082637190993124, -8.875461275308547, 1.1416075773756898e-07, 1.4179374585505049e-06, 1.0]",430.647,430.157,2.17,ok,,none,,0,0,0,91c8b6725ea5b3fd117257056f9c9236e5a4ce1c
eval_MoTaTiZrHf-HEA-DDRX-900C_TEM_largeFOV-DislocationCharacterization_0#6,eval_MoTaTiZrHf-HEA-DDRX-900C_TEM_largeFOV-DislocationCharacterization_0,DislocationCharacterization,MoTaTiZrHf-HEA-DDRX-900C_TEM_largeFOV-DislocationCharacterization,arm1,ma_roma,direct,none,0,4384,4096,4384,4096,18,10000,7707,homography,"[0.9947399595088807, 0.00010978271204015038, 0.2158499437437305, -0.00023717908684139024, 0.9916851217719126, 14.45811760652537, -4.1513179322894614e-08, -1.1818169817071301e-06, 1.0]",507.043,505.388,1.91,ok,,none,,0,0,0,91c8b6725ea5b3fd117257056f9c9236e5a4ce1c
eval_MoTaTiZrHf-HEA-DDRX-900C_TEM_largeFOV-DislocationCharacterization_0#6,eval_MoTaTiZrHf-HEA-DDRX-900C_TEM_largeFOV-DislocationCharacterization_0,DislocationCharacterization,MoTaTiZrHf-HEA-DDRX-900C_TEM_largeFOV-DislocationCharacterization,arm1,ma_roma,pyramid_v2,none,0,4384,4096,4384,4096,18,10000,7707,homography@direct,"[0.9947399595088807, 0.00010978271204015038, 0.2158499437437305, -0.00023717908684139024, 0.9916851217719126, 14.45811760652537, -4.1513179322894614e-08, -1.1818169817071301e-06, 1.0]",507.043,505.388,2.08,ok,,none,,0,0,0,91c8b6725ea5b3fd117257056f9c9236e5a4ce1c
eval_MoTaTiZrHf-HEA-DDRX-900C_TEM_largeFOV-DislocationCharacterization_0#7,eval_MoTaTiZrHf-HEA-DDRX-900C_TEM_largeFOV-DislocationCharacterization_0,DislocationCharacterization,MoTaTiZrHf-HEA-DDRX-900C_TEM_largeFOV-DislocationCharacterization,arm1,ma_roma,direct,none,0,4384,4096,4384,4096,18,10000,1938,affine,"[1.0005732410616253, 0.004906458371970565, -21.0808301187667, 0.00031743872126117494, 1.0055721378599893, -23.52009928325606, 0.0, 0.0, 1.0]",526.855,529.331,2.06,ok,,none,,0,0,0,91c8b6725ea5b3fd117257056f9c9236e5a4ce1c
eval_MoTaTiZrHf-HEA-DDRX-900C_TEM_largeFOV-DislocationCharacterization_0#7,eval_MoTaTiZrHf-HEA-DDRX-900C_TEM_largeFOV-DislocationCharacterization_0,DislocationCharacterization,MoTaTiZrHf-HEA-DDRX-900C_TEM_largeFOV-DislocationCharacterization,arm1,ma_roma,pyramid_v2,none,0,4384,4096,4384,4096,18,10000,1938,affine@direct,"[1.0005732410616253, 0.004906458371970565, -21.0808301187667, 0.00031743872126117494, 1.0055721378599893, -23.52009928325606, 0.0, 0.0, 1.0]",526.855,529.331,2.07,ok,,none,,0,0,0,91c8b6725ea5b3fd117257056f9c9236e5a4ce1c
eval_MoTaTiZrHf-HEA-DDRX-900C_TEM_largeFOV-DislocationCharacterization_0#8,eval_MoTaTiZrHf-HEA-DDRX-900C_TEM_largeFOV-DislocationCharacterization_0,DislocationCharacterization,MoTaTiZrHf-HEA-DDRX-900C_TEM_largeFOV-DislocationCharacterization,arm1,ma_roma,direct,none,0,4384,4096,4384,4096,18,10000,545,affine,"[1.0000535942272268, 0.008319328778622959, -34.68652458714274, -0.0008685067543835878, 0.9976205832455738, 10.96725799583146, 0.0, 0.0, 1.0]",510.414,511.165,2.01,ok,,none,,0,0,0,91c8b6725ea5b3fd117257056f9c9236e5a4ce1c
eval_MoTaTiZrHf-HEA-DDRX-900C_TEM_largeFOV-DislocationCharacterization_0#8,eval_MoTaTiZrHf-HEA-DDRX-900C_TEM_largeFOV-DislocationCharacterization_0,DislocationCharacterization,MoTaTiZrHf-HEA-DDRX-900C_TEM_largeFOV-DislocationCharacterization,arm1,ma_roma,pyramid_v2,none,0,4384,4096,4384,4096,18,10000,545,affine@direct,"[1.0000535942272268, 0.008319328778622959, -34.68652458714274, -0.0008685067543835878, 0.9976205832455738, 10.96725799583146, 0.0, 0.0, 1.0]",510.414,511.165,2.08,ok,,none,,0,0,0,91c8b6725ea5b3fd117257056f9c9236e5a4ce1c
eval_MoTaTiZrHf-HEA-DDRX-900C_TEM_largeFOV-DislocationCharacterization_0#9,eval_MoTaTiZrHf-HEA-DDRX-900C_TEM_largeFOV-DislocationCharacterization_0,DislocationCharacterization,MoTaTiZrHf-HEA-DDRX-900C_TEM_largeFOV-DislocationCharacterization,arm1,ma_roma,direct,none,0,4384,4096,4384,4096,27,10000,8700,affine,"[0.9997281622131072, -0.0022900041336810944, 10.529060109967304, -0.00019927350816046708, 1.001446413248122, -5.521082529394334, 0.0, 0.0, 1.0]",434.359,434.610,1.97,ok,,none,,0,0,0,91c8b6725ea5b3fd117257056f9c9236e5a4ce1c
eval_MoTaTiZrHf-HEA-DDRX-900C_TEM_largeFOV-DislocationCharacterization_0#9,eval_MoTaTiZrHf-HEA-DDRX-900C_TEM_largeFOV-DislocationCharacterization_0,DislocationCharacterization,MoTaTiZrHf-HEA-DDRX-900C_TEM_largeFOV-DislocationCharacterization,arm1,ma_roma,pyramid_v2,none,0,4384,4096,4384,4096,27,10000,8700,affine@direct,"[0.9997281622131072, -0.0022900041336810944, 10.529060109967304, -0.00019927350816046708, 1.001446413248122, -5.521082529394334, 0.0, 0.0, 1.0]",434.359,434.610,2.15,ok,,none,,0,0,0,91c8b6725ea5b3fd117257056f9c9236e5a4ce1c
eval_C103_SEM-SE_LOM-DC-Height_FractureSurfaces_2#1,eval_C103_SEM-SE_LOM-DC-Height_FractureSurfaces_2,FractureSurfaces,C103_SEM-SE_LOM-DC-Height_FractureSurfaces,arm1,ma_roma,direct,none,0,2004,3072,3103,3000,58,10000,5143,affine,"[-0.07877922259204002, 0.8680272536118712, 304.56387136288095, -0.8713298835260884, -0.08089504210954762, 2187.2894064578118, 0.0, 0.0, 1.0]",11.965,10.604,1.51,ok,,overlay,bottom,184,285,0,91c8b6725ea5b3fd117257056f9c9236e5a4ce1c
eval_C103_SEM-SE_LOM-DC-Height_FractureSurfaces_2#1,eval_C103_SEM-SE_LOM-DC-Height_FractureSurfaces_2,FractureSurfaces,C103_SEM-SE_LOM-DC-Height_FractureSurfaces,arm1,ma_roma,pyramid_v2,none,0,2004,3072,3103,3000,58,10000,5143,affine@direct,"[-0.07877922259204002, 0.8680272536118712, 304.56387136288095, -0.8713298835260884, -0.08089504210954762, 2187.2894064578118, 0.0, 0.0, 1.0]",11.965,10.604,1.67,ok,,overlay,bottom,184,285,0,91c8b6725ea5b3fd117257056f9c9236e5a4ce1c
eval_MoTaTiZrHf-HEA-DDRX-1100C_TEM_DislocationCharacterization_0#0,eval_MoTaTiZrHf-HEA-DDRX-1100C_TEM_DislocationCharacterization_0,DislocationCharacterization,MoTaTiZrHf-HEA-DDRX-1100C_TEM_DislocationCharacterization,arm1,ma_roma,direct,none,0,2004,2048,2004,2048,24,10000,8730,homography,"[0.9767613133054115, -0.06348674407566587, 50.765097576265745, 0.0009863485605565232, 0.9976051763623636, -44.63207681773184, 3.5861531916195014e-07, 3.044533376649161e-06, 1.0]",28.722,32.708,1.65,ok,,overlay,bottom,188,188,1,91c8b6725ea5b3fd117257056f9c9236e5a4ce1c
eval_MoTaTiZrHf-HEA-DDRX-1100C_TEM_DislocationCharacterization_0#0,eval_MoTaTiZrHf-HEA-DDRX-1100C_TEM_DislocationCharacterization_0,DislocationCharacterization,MoTaTiZrHf-HEA-DDRX-1100C_TEM_DislocationCharacterization,arm1,ma_roma,pyramid_v2,none,0,2004,2048,2004,2048,24,10000,8730,homography@direct,"[0.9767613133054115, -0.06348674407566587, 50.765097576265745, 0.0009863485605565232, 0.9976051763623636, -44.63207681773184, 3.5861531916195014e-07, 3.044533376649161e-06, 1.0]",28.722,32.708,1.81,ok,,overlay,bottom,188,188,1,91c8b6725ea5b3fd117257056f9c9236e5a4ce1c
eval_MoTaTiZrHf-HEA-DDRX-1100C_TEM_DislocationCharacterization_0#1,eval_MoTaTiZrHf-HEA-DDRX-1100C_TEM_DislocationCharacterization_0,DislocationCharacterization,MoTaTiZrHf-HEA-DDRX-1100C_TEM_DislocationCharacterization,arm1,ma_roma,direct,none,0,2004,2048,2004,2048,24,10000,5244,affine,"[0.9740878931442571, -0.06319686482336208, 55.67935684255542, -0.0003284507627624604, 0.9925362212990594, -45.87531303126116, 0.0, 0.0, 1.0]",22.875,25.699,1.57,ok,,overlay,bottom,188,188,1,91c8b6725ea5b3fd117257056f9c9236e5a4ce1c
eval_MoTaTiZrHf-HEA-DDRX-1100C_TEM_DislocationCharacterization_0#1,eval_MoTaTiZrHf-HEA-DDRX-1100C_TEM_DislocationCharacterization_0,DislocationCharacterization,MoTaTiZrHf-HEA-DDRX-1100C_TEM_DislocationCharacterization,arm1,ma_roma,pyramid_v2,none,0,2004,2048,2004,2048,24,10000,5244,affine@direct,"[0.9740878931442571, -0.06319686482336208, 55.67935684255542, -0.0003284507627624604, 0.9925362212990594, -45.87531303126116, 0.0, 0.0, 1.0]",22.875,25.699,1.81,ok,,overlay,bottom,188,188,1,91c8b6725ea5b3fd117257056f9c9236e5a4ce1c
eval_MoTaTiZrHf-HEA-DDRX-1100C_TEM_DislocationCharacterization_0#10,eval_MoTaTiZrHf-HEA-DDRX-1100C_TEM_DislocationCharacterization_0,DislocationCharacterization,MoTaTiZrHf-HEA-DDRX-1100C_TEM_DislocationCharacterization,arm1,ma_roma,direct,none,0,2004,2048,2004,2048,24,10000,1314,homography,"[0.9680538104508137, -0.040622092976816876, 56.586655358358804, 0.0033021766803263248, 0.9870796540158576, -37.56786160835938, 1.85456638021587e-06, -1.2178936067638851e-06, 1.0]",17.275,11.819,1.72,ok,,overlay,bottom,188,188,1,91c8b6725ea5b3fd117257056f9c9236e5a4ce1c
eval_MoTaTiZrHf-HEA-DDRX-1100C_TEM_DislocationCharacterization_0#10,eval_MoTaTiZrHf-HEA-DDRX-1100C_TEM_DislocationCharacterization_0,DislocationCharacterization,MoTaTiZrHf-HEA-DDRX-1100C_TEM_DislocationCharacterization,arm1,ma_roma,pyramid_v2,none,0,2004,2048,2004,2048,24,10000,1314,homography@direct,"[0.9680538104508137, -0.040622092976816876, 56.586655358358804, 0.0033021766803263248, 0.9870796540158576, -37.56786160835938, 1.85456638021587e-06, -1.2178936067638851e-06, 1.0]",17.275,11.819,1.77,ok,,overlay,bottom,188,188,1,91c8b6725ea5b3fd117257056f9c9236e5a4ce1c
eval_MoTaTiZrHf-HEA-DDRX-1100C_TEM_DislocationCharacterization_0#11,eval_MoTaTiZrHf-HEA-DDRX-1100C_TEM_DislocationCharacterization_0,DislocationCharacterization,MoTaTiZrHf-HEA-DDRX-1100C_TEM_DislocationCharacterization,arm1,ma_roma,direct,none,0,2004,2048,2004,2048,24,10000,9113,affine,"[0.9729692973354982, -0.06492536007248964, 60.63864680068309, 0.0013850774508747097, 0.9953906318978756, -49.03085980874346, 0.0, 0.0, 1.0]",21.673,24.862,1.70,ok,,overlay,bottom,188,188,1,91c8b6725ea5b3fd117257056f9c9236e5a4ce1c
eval_MoTaTiZrHf-HEA-DDRX-1100C_TEM_DislocationCharacterization_0#11,eval_MoTaTiZrHf-HEA-DDRX-1100C_TEM_DislocationCharacterization_0,DislocationCharacterization,MoTaTiZrHf-HEA-DDRX-1100C_TEM_DislocationCharacterization,arm1,ma_roma,pyramid_v2,none,0,2004,2048,2004,2048,24,10000,9113,affine@direct,"[0.9729692973354982, -0.06492536007248964, 60.63864680068309, 0.0013850774508747097, 0.9953906318978756, -49.03085980874346, 0.0, 0.0, 1.0]",21.673,24.862,1.82,ok,,overlay,bottom,188,188,1,91c8b6725ea5b3fd117257056f9c9236e5a4ce1c
eval_MoTaTiZrHf-HEA-DDRX-1100C_TEM_DislocationCharacterization_0#12,eval_MoTaTiZrHf-HEA-DDRX-1100C_TEM_DislocationCharacterization_0,DislocationCharacterization,MoTaTiZrHf-HEA-DDRX-1100C_TEM_DislocationCharacterization,arm1,ma_roma,direct,none,0,2004,2048,2004,2048,17,10000,1200,homography,"[0.9361691774489765, 0.0068704441672920195, 24.06864804806307, -0.014942462912884326, 0.9966378746117948, -140.68285839268606, -1.9535984962448474e-05, 2.4817551399707753e-05, 0.9999999999999999]",24.683,17.654,1.77,ok,,overlay,bottom,188,188,0,91c8b6725ea5b3fd117257056f9c9236e5a4ce1c
eval_MoTaTiZrHf-HEA-DDRX-1100C_TEM_DislocationCharacterization_0#12,eval_MoTaTiZrHf-HEA-DDRX-1100C_TEM_DislocationCharacterization_0,DislocationCharacterization,MoTaTiZrHf-HEA-DDRX-1100C_TEM_DislocationCharacterization,arm1,ma_roma,pyramid_v2,none,0,2004,2048,2004,2048,17,10000,1200,homography@direct,"[0.9361691774489765, 0.0068704441672920195, 24.06864804806307, -0.014942462912884326, 0.9966378746117948, -140.68285839268606, -1.9535984962448474e-05, 2.4817551399707753e-05, 0.9999999999999999]",24.683,17.654,1.80,ok,,overlay,bottom,188,188,0,91c8b6725ea5b3fd117257056f9c9236e5a4ce1c
eval_MoTaTiZrHf-HEA-DDRX-1100C_TEM_DislocationCharacterization_0#13,eval_MoTaTiZrHf-HEA-DDRX-1100C_TEM_DislocationCharacterization_0,DislocationCharacterization,MoTaTiZrHf-HEA-DDRX-1100C_TEM_DislocationCharacterization,arm1,ma_roma,direct,none,0,2004,2048,2004,2048,17,10000,4416,homography,"[0.9798291968970652, -0.041095498976000684, 26.653091143575352, 0.001854401653659613, 0.9960374425627929, -163.3505405810467, 1.3613240811426905e-06, -2.61729907799805e-07, 1.0]",18.702,19.759,1.72,ok,,overlay,bottom,188,188,0,91c8b6725ea5b3fd117257056f9c9236e5a4ce1c
eval_MoTaTiZrHf-HEA-DDRX-1100C_TEM_DislocationCharacterization_0#13,eval_MoTaTiZrHf-HEA-DDRX-1100C_TEM_DislocationCharacterization_0,DislocationCharacterization,MoTaTiZrHf-HEA-DDRX-1100C_TEM_DislocationCharacterization,arm1,ma_roma,pyramid_v2,none,0,2004,2048,2004,2048,17,10000,4416,homography@direct,"[0.9798291968970652, -0.041095498976000684, 26.653091143575352, 0.001854401653659613, 0.9960374425627929, -163.3505405810467, 1.3613240811426905e-06, -2.61729907799805e-07, 1.0]",18.702,19.759,1.66,ok,,overlay,bottom,188,188,0,91c8b6725ea5b3fd117257056f9c9236e5a4ce1c
eval_MoTaTiZrHf-HEA-DDRX-1100C_TEM_DislocationCharacterization_0#14,eval_MoTaTiZrHf-HEA-DDRX-1100C_TEM_DislocationCharacterization_0,DislocationCharacterization,MoTaTiZrHf-HEA-DDRX-1100C_TEM_DislocationCharacterization,arm1,ma_roma,direct,none,0,2004,2048,2004,2048,17,10000,4586,affine,"[0.9762735198511603, -0.04427865824489259, 35.34263937427295, 0.0020429787965415185, 0.9903965891055206, -161.04047475601726, 0.0, 0.0, 1.0]",15.052,15.664,1.67,ok,,overlay,bottom,188,188,0,91c8b6725ea5b3fd117257056f9c9236e5a4ce1c
eval_MoTaTiZrHf-HEA-DDRX-1100C_TEM_DislocationCharacterization_0#14,eval_MoTaTiZrHf-HEA-DDRX-1100C_TEM_DislocationCharacterization_0,DislocationCharacterization,MoTaTiZrHf-HEA-DDRX-1100C_TEM_DislocationCharacterization,arm1,ma_roma,pyramid_v2,none,0,2004,2048,2004,2048,17,10000,4586,affine@direct,"[0.9762735198511603, -0.04427865824489259, 35.34263937427295, 0.0020429787965415185, 0.9903965891055206, -161.04047475601726, 0.0, 0.0, 1.0]",15.052,15.664,1.54,ok,,overlay,bottom,188,188,0,91c8b6725ea5b3fd117257056f9c9236e5a4ce1c
eval_MoTaTiZrHf-HEA-DDRX-1100C_TEM_DislocationCharacterization_0#15,eval_MoTaTiZrHf-HEA-DDRX-1100C_TEM_DislocationCharacterization_0,DislocationCharacterization,MoTaTiZrHf-HEA-DDRX-1100C_TEM_DislocationCharacterization,arm1,ma_roma,direct,none,0,2004,2048,2004,2048,17,10000,415,affine,"[1.002615207947235, 0.013912840571933741, -24.670048197553115, -0.01370936238013859, 1.0319845160933918, -160.76639477613173, 0.0, 0.0, 1.0]",81.590,96.155,1.87,ok,,overlay,bottom,188,188,0,91c8b6725ea5b3fd117257056f9c9236e5a4ce1c
eval_MoTaTiZrHf-HEA-DDRX-1100C_TEM_DislocationCharacterization_0#15,eval_MoTaTiZrHf-HEA-DDRX-1100C_TEM_DislocationCharacterization_0,DislocationCharacterization,MoTaTiZrHf-HEA-DDRX-1100C_TEM_DislocationCharacterization,arm1,ma_roma,pyramid_v2,none,0,2004,2048,2004,2048,17,10000,415,affine@direct,"[1.002615207947235, 0.013912840571933741, -24.670048197553115, -0.01370936238013859, 1.0319845160933918, -160.76639477613173, 0.0, 0.0, 1.0]",81.590,96.155,1.89,ok,,overlay,bottom,188,188,0,91c8b6725ea5b3fd117257056f9c9236e5a4ce1c
eval_MoTaTiZrHf-HEA-DDRX-1100C_TEM_DislocationCharacterization_0#16,eval_MoTaTiZrHf-HEA-DDRX-1100C_TEM_DislocationCharacterization_0,DislocationCharacterization,MoTaTiZrHf-HEA-DDRX-1100C_TEM_DislocationCharacterization,arm1,ma_roma,direct,none,0,2004,2048,2004,2048,24,10000,4136,affine,"[0.9750650726926319, -0.06402333123138182, 50.449878409873236, -0.0001488405150885804, 0.9895544122063122, -26.384955968754753, 0.0, 0.0, 1.0]",30.128,31.204,1.72,ok,,overlay,bottom,188,188,1,91c8b6725ea5b3fd117257056f9c9236e5a4ce1c
eval_MoTaTiZrHf-HEA-DDRX-1100C_TEM_DislocationCharacterization_0#16,eval_MoTaTiZrHf-HEA-DDRX-1100C_TEM_DislocationCharacterization_0,DislocationCharacterization,MoTaTiZrHf-HEA-DDRX-1100C_TEM_DislocationCharacterization,arm1,ma_roma,pyramid_v2,none,0,2004,2048,2004,2048,24,10000,4136,affine@direct,"[0.9750650726926319, -0.06402333123138182, 50.449878409873236, -0.0001488405150885804, 0.9895544122063122, -26.384955968754753, 0.0, 0.0, 1.0]",30.128,31.204,1.74,ok,,overlay,bottom,188,188,1,91c8b6725ea5b3fd117257056f9c9236e5a4ce1c
eval_MoTaTiZrHf-HEA-DDRX-1100C_TEM_DislocationCharacterization_0#17,eval_MoTaTiZrHf-HEA-DDRX-1100C_TEM_DislocationCharacterization_0,DislocationCharacterization,MoTaTiZrHf-HEA-DDRX-1100C_TEM_DislocationCharacterization,arm1,ma_roma,direct,none,0,2004,2048,2004,2048,24,10000,3307,homography,"[0.9696055761310676, -0.06168095652185275, 87.57136435261316, -0.0011018433091378812, 0.9886286460089807, -41.29392928029875, -1.9110430257293332e-07, -9.92010493164975e-07, 1.0]",15.239,11.480,1.61,ok,,overlay,bottom,188,188,1,91c8b6725ea5b3fd117257056f9c9236e5a4ce1c
eval_MoTaTiZrHf-HEA-DDRX-1100C_TEM_DislocationCharacterization_0#17,eval_MoTaTiZrHf-HEA-DDRX-1100C_TEM_DislocationCharacterization_0,DislocationCharacterization,MoTaTiZrHf-HEA-DDRX-1100C_TEM_DislocationCharacterization,arm1,ma_roma,pyramid_v2,none,0,2004,2048,2004,2048,24,10000,3307,homography@direct,"[0.9696055761310676, -0.06168095652185275, 87.57136435261316, -0.0011018433091378812, 0.9886286460089807, -41.29392928029875, -1.9110430257293332e-07, -9.92010493164975e-07, 1.0]",15.239,11.480,1.76,ok,,overlay,bottom,188,188,1,91c8b6725ea5b3fd117257056f9c9236e5a4ce1c
eval_MoTaTiZrHf-HEA-DDRX-1100C_TEM_DislocationCharacterization_0#18,eval_MoTaTiZrHf-HEA-DDRX-1100C_TEM_DislocationCharacterization_0,DislocationCharacterization,MoTaTiZrHf-HEA-DDRX-1100C_TEM_DislocationCharacterization,arm1,ma_roma,direct,none,0,2004,2048,2004,2048,24,10000,4926,homography,"[0.9646100009913519, -0.06513029398712174, 99.56610631328145, -0.0021841596795101476, 0.9985219988535141, -48.94283227081833, -4.207540498151556e-06, 1.330059636940853e-06, 1.0]",17.351,12.003,1.66,ok,,overlay,bottom,188,188,1,91c8b6725ea5b3fd117257056f9c9236e5a4ce1c
eval_MoTaTiZrHf-HEA-DDRX-1100C_TEM_DislocationCharacterization_0#18,eval_MoTaTiZrHf-HEA-DDRX-1100C_TEM_DislocationCharacterization_0,DislocationCharacterization,MoTaTiZrHf-HEA-DDRX-1100C_TEM_DislocationCharacterization,arm1,ma_roma,pyramid_v2,none,0,2004,2048,2004,2048,24,10000,4926,homography@direct,"[0.9646100009913519, -0.06513029398712174, 99.56610631328145, -0.0021841596795101476, 0.9985219988535141, -48.94283227081833, -4.207540498151556e-06, 1.330059636940853e-06, 1.0]",17.351,12.003,1.84,ok,,overlay,bottom,188,188,1,91c8b6725ea5b3fd117257056f9c9236e5a4ce1c
eval_MoTaTiZrHf-HEA-DDRX-1100C_TEM_DislocationCharacterization_0#19,eval_MoTaTiZrHf-HEA-DDRX-1100C_TEM_DislocationCharacterization_0,DislocationCharacterization,MoTaTiZrHf-HEA-DDRX-1100C_TEM_DislocationCharacterization,arm1,ma_roma,direct,none,0,2004,2048,2004,2048,24,10000,9643,homography,"[0.9741999049412522, -0.062192972435677486, 54.219411430764794, -0.0008173954911439572, 0.9950940413821345, -47.22344632273281, -9.468054456212288e-07, 2.078419984511933e-06, 1.0]",24.320,27.592,1.75,ok,,overlay,bottom,188,188,1,91c8b6725ea5b3fd117257056f9c9236e5a4ce1c
eval_MoTaTiZrHf-HEA-DDRX-1100C_TEM_DislocationCharacterization_0#19,eval_MoTaTiZrHf-HEA-DDRX-1100C_TEM_DislocationCharacterization_0,DislocationCharacterization,MoTaTiZrHf-HEA-DDRX-1100C_TEM_DislocationCharacterization,arm1,ma_roma,pyramid_v2,none,0,2004,2048,2004,2048,24,10000,9643,homography@direct,"[0.9741999049412522, -0.062192972435677486, 54.219411430764794, -0.0008173954911439572, 0.9950940413821345, -47.22344632273281, -9.468054456212288e-07, 2.078419984511933e-06, 1.0]",24.320,27.592,1.75,ok,,overlay,bottom,188,188,1,91c8b6725ea5b3fd117257056f9c9236e5a4ce1c
eval_MoTaTiZrHf-HEA-DDRX-1100C_TEM_DislocationCharacterization_0#2,eval_MoTaTiZrHf-HEA-DDRX-1100C_TEM_DislocationCharacterization_0,DislocationCharacterization,MoTaTiZrHf-HEA-DDRX-1100C_TEM_DislocationCharacterization,arm1,ma_roma,direct,none,0,2004,2048,2004,2048,24,10000,5155,homography,"[0.9715363308555325, -0.05623669637644188, 53.88143410979191, -0.002442413711225244, 0.9969320341551426, -47.002044689046485, -2.291068992387293e-06, 3.849714283966157e-06, 0.9999999999999999]",21.639,23.895,1.67,ok,,overlay,bottom,188,188,1,91c8b6725ea5b3fd117257056f9c9236e5a4ce1c
eval_MoTaTiZrHf-HEA-DDRX-1100C_TEM_DislocationCharacterization_0#2,eval_MoTaTiZrHf-HEA-DDRX-1100C_TEM_DislocationCharacterization_0,DislocationCharacterization,MoTaTiZrHf-HEA-DDRX-1100C_TEM_DislocationCharacterization,arm1,ma_roma,pyramid_v2,none,0,2004,2048,2004,2048,24,10000,5155,homography@direct,"[0.9715363308555325, -0.05623669637644188, 53.88143410979191, -0.002442413711225244, 0.9969320341551426, -47.002044689046485, -2.291068992387293e-06, 3.849714283966157e-06, 0.9999999999999999]",21.639,23.895,1.74,ok,,overlay,bottom,188,188,1,91c8b6725ea5b3fd117257056f9c9236e5a4ce1c
eval_MoTaTiZrHf-HEA-DDRX-1100C_TEM_DislocationCharacterization_0#20,eval_MoTaTiZrHf-HEA-DDRX-1100C_TEM_DislocationCharacterization_0,DislocationCharacterization,MoTaTiZrHf-HEA-DDRX-1100C_TEM_DislocationCharacterization,arm1,ma_roma,direct,none,0,2004,2048,2004,2048,17,10000,1338,homography,"[0.9119971542445787, 0.016996684186028465, 33.74176161923916, -0.05624819575682566, 0.99488493922067, -81.22467178298746, -2.9850851535499117e-05, 3.184527876738335e-05, 1.0]",34.336,26.076,1.84,ok,,overlay,bottom,188,188,0,91c8b6725ea5b3fd117257056f9c9236e5a4ce1c
eval_MoTaTiZrHf-HEA-DDRX-1100C_TEM_DislocationCharacterization_0#20,eval_MoTaTiZrHf-HEA-DDRX-1100C_TEM_DislocationCharacterization_0,DislocationCharacterization,MoTaTiZrHf-HEA-DDRX-1100C_TEM_DislocationCharacterization,arm1,ma_roma,pyramid_v2,none,0,2004,2048,2004,2048,17,10000,1338,homography@direct,"[0.9119971542445787, 0.016996684186028465, 33.74176161923916, -0.05624819575682566, 0.99488493922067, -81.22467178298746, -2.9850851535499117e-05, 3.184527876738335e-05, 1.0]",34.336,26.076,1.77,ok,,overlay,bottom,188,188,0,91c8b6725ea5b3fd117257056f9c9236e5a4ce1c
eval_MoTaTiZrHf-HEA-DDRX-1100C_TEM_DislocationCharacterization_0#21,eval_MoTaTiZrHf-HEA-DDRX-1100C_TEM_DislocationCharacterization_0,DislocationCharacterization,MoTaTiZrHf-HEA-DDRX-1100C_TEM_DislocationCharacterization,arm1,ma_roma,direct,none,0,2004,2048,2004,2048,17,10000,3395,homography,"[1.0075524792620816, -0.016258509953012635, -3.11887762418166, 0.0018735848970651008, 1.0362250191495925, -183.44298509258357, 1.3928422474411755e-06, 2.4808264743284302e-05, 1.0]",16.916,15.723,1.67,ok,,overlay,bottom,188,188,0,91c8b6725ea5b3fd117257056f9c9236e5a4ce1c
eval_MoTaTiZrHf-HEA-DDRX-1100C_TEM_DislocationCharacterization_0#21,eval_MoTaTiZrHf-HEA-DDRX-1100C_TEM_DislocationCharacterization_0,DislocationCharacterization,MoTaTiZrHf-HEA-DDRX-1100C_TEM_DislocationCharacterization,arm1,ma_roma,pyramid_v2,none,0,2004,2048,2004,2048,17,10000,3395,homography@direct,"[1.0075524792620816, -0.016258509953012635, -3.11887762418166, 0.0018735848970651008, 1.0362250191495925, -183.44298509258357, 1.3928422474411755e-06, 2.4808264743284302e-05, 1.0]",16.916,15.723,1.73,ok,,overlay,bottom,188,188,0,91c8b6725ea5b3fd117257056f9c9236e5a4ce1c
eval_MoTaTiZrHf-HEA-DDRX-1100C_TEM_DislocationCharacterization_0#22,eval_MoTaTiZrHf-HEA-DDRX-1100C_TEM_DislocationCharacterization_0,DislocationCharacterization,MoTaTiZrHf-HEA-DDRX-1100C_TEM_DislocationCharacterization,arm1,ma_roma,direct,none,0,2004,2048,2004,2048,17,10000,3669,affine,"[0.9775800848816264, -0.04268635730002359, 30.087678004185022, 0.0023844339125164513, 0.9865552569941477, -156.63303626327956, 0.0, 0.0, 1.0]",13.659,13.645,1.69,ok,,overlay,bottom,188,188,0,91c8b6725ea5b3fd117257056f9c9236e5a4ce1c
eval_MoTaTiZrHf-HEA-DDRX-1100C_TEM_DislocationCharacterization_0#22,eval_MoTaTiZrHf-HEA-DDRX-1100C_TEM_DislocationCharacterization_0,DislocationCharacterization,MoTaTiZrHf-HEA-DDRX-1100C_TEM_DislocationCharacterization,arm1,ma_roma,pyramid_v2,none,0,2004,2048,2004,2048,17,10000,3669,affine@direct,"[0.9775800848816264, -0.04268635730002359, 30.087678004185022, 0.0023844339125164513, 0.9865552569941477, -156.63303626327956, 0.0, 0.0, 1.0]",13.659,13.645,1.65,ok,,overlay,bottom,188,188,0,91c8b6725ea5b3fd117257056f9c9236e5a4ce1c
eval_MoTaTiZrHf-HEA-DDRX-1100C_TEM_DislocationCharacterization_0#23,eval_MoTaTiZrHf-HEA-DDRX-1100C_TEM_DislocationCharacterization_0,DislocationCharacterization,MoTaTiZrHf-HEA-DDRX-1100C_TEM_DislocationCharacterization,arm1,ma_roma,direct,none,0,2004,2048,2004,2048,17,10000,900,affine,"[1.1170491783907728, -0.027506946435868308, 13.454643069171823, 0.03529818971927209, 0.9743580556200078, -146.27987840981214, 0.0, 0.0, 1.0]",161.552,168.974,1.82,ok,,overlay,bottom,188,188,0,91c8b6725ea5b3fd117257056f9c9236e5a4ce1c
eval_MoTaTiZrHf-HEA-DDRX-1100C_TEM_DislocationCharacterization_0#23,eval_MoTaTiZrHf-HEA-DDRX-1100C_TEM_DislocationCharacterization_0,DislocationCharacterization,MoTaTiZrHf-HEA-DDRX-1100C_TEM_DislocationCharacterization,arm1,ma_roma,pyramid_v2,none,0,2004,2048,2004,2048,17,10000,900,affine@direct,"[1.1170491783907728, -0.027506946435868308, 13.454643069171823, 0.03529818971927209, 0.9743580556200078, -146.27987840981214, 0.0, 0.0, 1.0]",161.552,168.974,1.84,ok,,overlay,bottom,188,188,0,91c8b6725ea5b3fd117257056f9c9236e5a4ce1c
eval_MoTaTiZrHf-HEA-DDRX-1100C_TEM_DislocationCharacterization_0#24,eval_MoTaTiZrHf-HEA-DDRX-1100C_TEM_DislocationCharacterization_0,DislocationCharacterization,MoTaTiZrHf-HEA-DDRX-1100C_TEM_DislocationCharacterization,arm1,ma_roma,direct,none,0,2004,2048,2004,2048,24,10000,9650,homography,"[0.9792280819610564, -0.0626842079431323, 50.85066060786317, 0.0017752943889482356, 1.0020320292967062, -47.7349991803164, 1.2178561381008818e-06, 4.313365362787374e-06, 1.0]",27.997,31.257,1.68,ok,,overlay,bottom,188,188,1,91c8b6725ea5b3fd117257056f9c9236e5a4ce1c
eval_MoTaTiZrHf-HEA-DDRX-1100C_TEM_DislocationCharacterization_0#24,eval_MoTaTiZrHf-HEA-DDRX-1100C_TEM_DislocationCharacterization_0,DislocationCharacterization,MoTaTiZrHf-HEA-DDRX-1100C_TEM_DislocationCharacterization,arm1,ma_roma,pyramid_v2,none,0,2004,2048,2004,2048,24,10000,9650,homography@direct,"[0.9792280819610564, -0.0626842079431323, 50.85066060786317, 0.0017752943889482356, 1.0020320292967062, -47.7349991803164, 1.2178561381008818e-06, 4.313365362787374e-06, 1.0]",27.997,31.257,1.62,ok,,overlay,bottom,188,188,1,91c8b6725ea5b3fd117257056f9c9236e5a4ce1c
eval_MoTaTiZrHf-HEA-DDRX-1100C_TEM_DislocationCharacterization_0#25,eval_MoTaTiZrHf-HEA-DDRX-1100C_TEM_DislocationCharacterization_0,DislocationCharacterization,MoTaTiZrHf-HEA-DDRX-1100C_TEM_DislocationCharacterization,arm1,ma_roma,direct,none,0,2004,2048,2004,2048,24,10000,9749,homography,"[0.9719177156217017, -0.06278607461906216, 57.387170154768015, 3.709102656922129e-05, 0.9955653464893025, -48.13731239273715, -1.186809679934327e-06, 9.87247803813602e-07, 1.0]",22.495,25.332,1.40,ok,,overlay,bottom,188,188,1,91c8b6725ea5b3fd117257056f9c9236e5a4ce1c
eval_MoTaTiZrHf-HEA-DDRX-1100C_TEM_DislocationCharacterization_0#25,eval_MoTaTiZrHf-HEA-DDRX-1100C_TEM_DislocationCharacterization_0,DislocationCharacterization,MoTaTiZrHf-HEA-DDRX-1100C_TEM_DislocationCharacterization,arm1,ma_roma,pyramid_v2,none,0,2004,2048,2004,2048,24,10000,9749,homography@direct,"[0.9719177156217017, -0.06278607461906216, 57.387170154768015, 3.709102656922129e-05, 0.9955653464893025, -48.13731239273715, -1.186809679934327e-06, 9.87247803813602e-07, 1.0]",22.495,25.332,1.54,ok,,overlay,bottom,188,188,1,91c8b6725ea5b3fd117257056f9c9236e5a4ce1c
eval_MoTaTiZrHf-HEA-DDRX-1100C_TEM_DislocationCharacterization_0#26,eval_MoTaTiZrHf-HEA-DDRX-1100C_TEM_DislocationCharacterization_0,DislocationCharacterization,MoTaTiZrHf-HEA-DDRX-1100C_TEM_DislocationCharacterization,arm1,ma_roma,direct,none,0,2004,2048,2004,2048,24,10000,7556,homography,"[0.9696828522168509, -0.06597329844791949, 59.73386154926987, -0.0002748196688394365, 0.9932131345623818, -49.39910644566606, -1.5518181918877034e-06, -3.361076396110702e-06, 0.9999999999999999]",21.647,21.747,1.68,ok,,overlay,bottom,188,188,1,91c8b6725ea5b3fd117257056f9c9236e5a4ce1c
eval_MoTaTiZrHf-HEA-DDRX-1100C_TEM_DislocationCharacterization_0#26,eval_MoTaTiZrHf-HEA-DDRX-1100C_TEM_DislocationCharacterization_0,DislocationCharacterization,MoTaTiZrHf-HEA-DDRX-1100C_TEM_DislocationCharacterization,arm1,ma_roma,pyramid_v2,none,0,2004,2048,2004,2048,24,10000,7556,homography@direct,"[0.9696828522168509, -0.06597329844791949, 59.73386154926987, -0.0002748196688394365, 0.9932131345623818, -49.39910644566606, -1.5518181918877034e-06, -3.361076396110702e-06, 0.9999999999999999]",21.647,21.747,1.64,ok,,overlay,bottom,188,188,1,91c8b6725ea5b3fd117257056f9c9236e5a4ce1c
eval_MoTaTiZrHf-HEA-DDRX-1100C_TEM_DislocationCharacterization_0#27,eval_MoTaTiZrHf-HEA-DDRX-1100C_TEM_DislocationCharacterization_0,DislocationCharacterization,MoTaTiZrHf-HEA-DDRX-1100C_TEM_DislocationCharacterization,arm1,ma_roma,direct,none,0,2004,2048,2004,2048,24,10000,4294,homography,"[0.9859207888888123, -0.07137893059328586, 61.296432956638526, 0.006575621423345556, 1.001125360589156, -42.837471333120014, 1.6469945409166857e-06, 5.526810187297054e-06, 1.0]",26.553,26.910,1.79,ok,,overlay,bottom,188,188,1,91c8b6725ea5b3fd117257056f9c9236e5a4ce1c
eval_MoTaTiZrHf-HEA-DDRX-1100C_TEM_DislocationCharacterization_0#27,eval_MoTaTiZrHf-HEA-DDRX-1100C_TEM_DislocationCharacterization_0,DislocationCharacterization,MoTaTiZrHf-HEA-DDRX-1100C_TEM_DislocationCharacterization,arm1,ma_roma,pyramid_v2,none,0,2004,2048,2004,2048,24,10000,4294,homography@direct,"[0.9859207888888123, -0.07137893059328586, 61.296432956638526, 0.006575621423345556, 1.001125360589156, -42.837471333120014, 1.6469945409166857e-06, 5.526810187297054e-06, 1.0]",26.553,26.910,1.74,ok,,overlay,bottom,188,188,1,91c8b6725ea5b3fd117257056f9c9236e5a4ce1c
eval_MoTaTiZrHf-HEA-DDRX-1100C_TEM_DislocationCharacterization_0#28,eval_MoTaTiZrHf-HEA-DDRX-1100C_TEM_DislocationCharacterization_0,DislocationCharacterization,MoTaTiZrHf-HEA-DDRX-1100C_TEM_DislocationCharacterization,arm1,ma_roma,direct,none,0,2004,2048,2004,2048,17,10000,941,affine,"[0.9766971966986102, -0.03888382432217552, 23.404940893082085, 0.013373330554299514, 0.9579215205858584, -139.46854609271827, 0.0, 0.0, 1.0]",14.497,17.106,1.75,ok,,overlay,bottom,188,188,0,91c8b6725ea5b3fd117257056f9c9236e5a4ce1c
eval_MoTaTiZrHf-HEA-DDRX-1100C_TEM_DislocationCharacterization_0#28,eval_MoTaTiZrHf-HEA-DDRX-1100C_TEM_DislocationCharacterization_0,DislocationCharacterization,MoTaTiZrHf-HEA-DDRX-1100C_TEM_DislocationCharacterization,arm1,ma_roma,pyramid_v2,none,0,2004,2048,2004,2048,17,10000,941,affine@direct,"[0.9766971966986102, -0.03888382432217552, 23.404940893082085, 0.013373330554299514, 0.9579215205858584, -139.46854609271827, 0.0, 0.0, 1.0]",14.497,17.106,1.93,ok,,overlay,bottom,188,188,0,91c8b6725ea5b3fd117257056f9c9236e5a4ce1c
eval_MoTaTiZrHf-HEA-DDRX-1100C_TEM_DislocationCharacterization_0#29,eval_MoTaTiZrHf-HEA-DDRX-1100C_TEM_DislocationCharacterization_0,DislocationCharacterization,MoTaTiZrHf-HEA-DDRX-1100C_TEM_DislocationCharacterization,arm1,ma_roma,direct,none,0,2004,2048,2004,2048,17,10000,268,affine,"[1.0244721064553453, -0.03443946695618699, -61.14786611363343, 0.1143760564397065, 0.7865457168069223, -134.2135476772712, 0.0, 0.0, 1.0]",159.176,137.201,1.84,ok,,overlay,bottom,188,188,0,91c8b6725ea5b3fd117257056f9c9236e5a4ce1c
eval_MoTaTiZrHf-HEA-DDRX-1100C_TEM_DislocationCharacterization_0#29,eval_MoTaTiZrHf-HEA-DDRX-1100C_TEM_DislocationCharacterization_0,DislocationCharacterization,MoTaTiZrHf-HEA-DDRX-1100C_TEM_DislocationCharacterization,arm1,ma_roma,pyramid_v2,none,0,2004,2048,2004,2048,17,10000,268,affine@direct,"[1.0244721064553453, -0.03443946695618699, -61.14786611363343, 0.1143760564397065, 0.7865457168069223, -134.2135476772712, 0.0, 0.0, 1.0]",159.176,137.201,1.73,ok,,overlay,bottom,188,188,0,91c8b6725ea5b3fd117257056f9c9236e5a4ce1c
eval_MoTaTiZrHf-HEA-DDRX-1100C_TEM_DislocationCharacterization_0#3,eval_MoTaTiZrHf-HEA-DDRX-1100C_TEM_DislocationCharacterization_0,DislocationCharacterization,MoTaTiZrHf-HEA-DDRX-1100C_TEM_DislocationCharacterization,arm1,ma_roma,direct,none,0,2004,2048,2004,2048,24,10000,7205,affine,"[0.9739006804154257, -0.06031816513193195, 55.60200382911876, -0.0008687919488215474, 0.9940203154597503, -60.99511285104688, 0.0, 0.0, 1.0]",27.676,27.968,1.63,ok,,overlay,bottom,188,188,1,91c8b6725ea5b3fd117257056f9c9236e5a4ce1c
eval_MoTaTiZrHf-HEA-DDRX-1100C_TEM_DislocationCharacterization_0#3,eval_MoTaTiZrHf-HEA-DDRX-1100C_TEM_DislocationCharacterization_0,DislocationCharacterization,MoTaTiZrHf-HEA-DDRX-1100C_TEM_DislocationCharacterization,arm1,ma_roma,pyramid_v2,none,0,2004,2048,2004,2048,24,10000,7205,affine@direct,"[0.9739006804154257, -0.06031816513193195, 55.60200382911876, -0.0008687919488215474, 0.9940203154597503, -60.99511285104688, 0.0, 0.0, 1.0]",27.676,27.968,1.54,ok,,overlay,bottom,188,188,1,91c8b6725ea5b3fd117257056f9c9236e5a4ce1c
eval_MoTaTiZrHf-HEA-DDRX-1100C_TEM_DislocationCharacterization_0#30,eval_MoTaTiZrHf-HEA-DDRX-1100C_TEM_DislocationCharacterization_0,DislocationCharacterization,MoTaTiZrHf-HEA-DDRX-1100C_TEM_DislocationCharacterization,arm1,ma_roma,direct,none,0,2004,2048,2004,2048,17,10000,298,affine,"[0.955968045501673, -0.10119387819854338, 22.710081312383295, 0.008822651861063954, 0.8665728596975822, -52.79891400519756, 0.0, 0.0, 1.0]",144.589,165.098,1.71,ok,,overlay,bottom,188,188,0,91c8b6725ea5b3fd117257056f9c9236e5a4ce1c
eval_MoTaTiZrHf-HEA-DDRX-1100C_TEM_DislocationCharacterization_0#30,eval_MoTaTiZrHf-HEA-DDRX-1100C_TEM_DislocationCharacterization_0,DislocationCharacterization,MoTaTiZrHf-HEA-DDRX-1100C_TEM_DislocationCharacterization,arm1,ma_roma,pyramid_v2,none,0,2004,2048,2004,2048,17,10000,298,affine@direct,"[0.955968045501673, -0.10119387819854338, 22.710081312383295, 0.008822651861063954, 0.8665728596975822, -52.79891400519756, 0.0, 0.0, 1.0]",144.589,165.098,1.74,ok,,overlay,bottom,188,188,0,91c8b6725ea5b3fd117257056f9c9236e5a4ce1c
eval_MoTaTiZrHf-HEA-DDRX-1100C_TEM_DislocationCharacterization_0#31,eval_MoTaTiZrHf-HEA-DDRX-1100C_TEM_DislocationCharacterization_0,DislocationCharacterization,MoTaTiZrHf-HEA-DDRX-1100C_TEM_DislocationCharacterization,arm1,ma_roma,direct,none,0,2004,2048,2004,2048,17,10000,6457,affine,"[0.9785215940800438, -0.041147976173641104, 26.817149739711226, 0.0004331050940454407, 0.9925051512964748, -161.0322080451408, 0.0, 0.0, 1.0]",16.446,16.649,1.86,ok,,overlay,bottom,188,188,0,91c8b6725ea5b3fd117257056f9c9236e5a4ce1c
eval_MoTaTiZrHf-HEA-DDRX-1100C_TEM_DislocationCharacterization_0#31,eval_MoTaTiZrHf-HEA-DDRX-1100C_TEM_DislocationCharacterization_0,DislocationCharacterization,MoTaTiZrHf-HEA-DDRX-1100C_TEM_DislocationCharacterization,arm1,ma_roma,pyramid_v2,none,0,2004,2048,2004,2048,17,10000,6457,affine@direct,"[0.9785215940800438, -0.041147976173641104, 26.817149739711226, 0.0004331050940454407, 0.9925051512964748, -161.0322080451408, 0.0, 0.0, 1.0]",16.446,16.649,1.70,ok,,overlay,bottom,188,188,0,91c8b6725ea5b3fd117257056f9c9236e5a4ce1c
eval_MoTaTiZrHf-HEA-DDRX-1100C_TEM_DislocationCharacterization_0#4,eval_MoTaTiZrHf-HEA-DDRX-1100C_TEM_DislocationCharacterization_0,DislocationCharacterization,MoTaTiZrHf-HEA-DDRX-1100C_TEM_DislocationCharacterization,arm1,ma_roma,direct,none,0,2004,2048,2004,2048,17,10000,2332,affine,"[0.9808938078676908, -0.03661254632026307, 17.81868554383459, 0.007569612611615275, 0.9629752813903473, -133.8456962641044, 0.0, 0.0, 1.0]",11.467,11.027,1.66,ok,,overlay,bottom,188,188,0,91c8b6725ea5b3fd117257056f9c9236e5a4ce1c
eval_MoTaTiZrHf-HEA-DDRX-1100C_TEM_DislocationCharacterization_0#4,eval_MoTaTiZrHf-HEA-DDRX-1100C_TEM_DislocationCharacterization_0,DislocationCharacterization,MoTaTiZrHf-HEA-DDRX-1100C_TEM_DislocationCharacterization,arm1,ma_roma,pyramid_v2,none,0,2004,2048,2004,2048,17,10000,2332,affine@direct,"[0.9808938078676908, -0.03661254632026307, 17.81868554383459, 0.007569612611615275, 0.9629752813903473, -133.8456962641044, 0.0, 0.0, 1.0]",11.467,11.027,1.76,ok,,overlay,bottom,188,188,0,91c8b6725ea5b3fd117257056f9c9236e5a4ce1c
eval_MoTaTiZrHf-HEA-DDRX-1100C_TEM_DislocationCharacterization_0#5,eval_MoTaTiZrHf-HEA-DDRX-1100C_TEM_DislocationCharacterization_0,DislocationCharacterization,MoTaTiZrHf-HEA-DDRX-1100C_TEM_DislocationCharacterization,arm1,ma_roma,direct,none,0,2004,2048,2004,2048,17,10000,869,affine,"[0.9783793723444133, -0.03642050894539557, 6.564651500186301, 0.016195227923642, 0.9708968435674462, -161.14424150443745, 0.0, 0.0, 1.0]",21.263,21.865,1.66,ok,,overlay,bottom,188,188,0,91c8b6725ea5b3fd117257056f9c9236e5a4ce1c
eval_MoTaTiZrHf-HEA-DDRX-1100C_TEM_DislocationCharacterization_0#5,eval_MoTaTiZrHf-HEA-DDRX-1100C_TEM_DislocationCharacterization_0,DislocationCharacterization,MoTaTiZrHf-HEA-DDRX-1100C_TEM_DislocationCharacterization,arm1,ma_roma,pyramid_v2,none,0,2004,2048,2004,2048,17,10000,869,affine@direct,"[0.9783793723444133, -0.03642050894539557, 6.564651500186301, 0.016195227923642, 0.9708968435674462, -161.14424150443745, 0.0, 0.0, 1.0]",21.263,21.865,1.87,ok,,overlay,bottom,188,188,0,91c8b6725ea5b3fd117257056f9c9236e5a4ce1c
eval_MoTaTiZrHf-HEA-DDRX-1100C_TEM_DislocationCharacterization_0#6,eval_MoTaTiZrHf-HEA-DDRX-1100C_TEM_DislocationCharacterization_0,DislocationCharacterization,MoTaTiZrHf-HEA-DDRX-1100C_TEM_DislocationCharacterization,arm1,ma_roma,direct,none,0,2004,2048,2004,2048,17,10000,1025,affine,"[0.975876013861991, -0.03845125545397612, 18.45923770845411, 0.01465818948591734, 0.9771085039136435, -170.0837335828203, 0.0, 0.0, 1.0]",18.093,17.515,1.82,ok,,overlay,bottom,188,188,0,91c8b6725ea5b3fd117257056f9c9236e5a4ce1c
eval_MoTaTiZrHf-HEA-DDRX-1100C_TEM_DislocationCharacterization_0#6,eval_MoTaTiZrHf-HEA-DDRX-1100C_TEM_DislocationCharacterization_0,DislocationCharacterization,MoTaTiZrHf-HEA-DDRX-1100C_TEM_DislocationCharacterization,arm1,ma_roma,pyramid_v2,none,0,2004,2048,2004,2048,17,10000,1025,affine@direct,"[0.975876013861991, -0.03845125545397612, 18.45923770845411, 0.01465818948591734, 0.9771085039136435, -170.0837335828203, 0.0, 0.0, 1.0]",18.093,17.515,1.83,ok,,overlay,bottom,188,188,0,91c8b6725ea5b3fd117257056f9c9236e5a4ce1c
eval_MoTaTiZrHf-HEA-DDRX-1100C_TEM_DislocationCharacterization_0#7,eval_MoTaTiZrHf-HEA-DDRX-1100C_TEM_DislocationCharacterization_0,DislocationCharacterization,MoTaTiZrHf-HEA-DDRX-1100C_TEM_DislocationCharacterization,arm1,ma_roma,direct,none,0,2004,2048,2004,2048,17,10000,2340,affine,"[0.9753297409304456, -0.045542106896334505, 35.29797086335907, 0.0015812514761837004, 0.950509636710299, -116.49576278338509, 0.0, 0.0, 1.0]",17.454,16.855,1.77,ok,,overlay,bottom,188,188,0,91c8b6725ea5b3fd117257056f9c9236e5a4ce1c
eval_MoTaTiZrHf-HEA-DDRX-1100C_TEM_DislocationCharacterization_0#7,eval_MoTaTiZrHf-HEA-DDRX-1100C_TEM_DislocationCharacterization_0,DislocationCharacterization,MoTaTiZrHf-HEA-DDRX-1100C_TEM_DislocationCharacterization,arm1,ma_roma,pyramid_v2,none,0,2004,2048,2004,2048,17,10000,2340,affine@direct,"[0.9753297409304456, -0.045542106896334505, 35.29797086335907, 0.0015812514761837004, 0.950509636710299, -116.49576278338509, 0.0, 0.0, 1.0]",17.454,16.855,1.66,ok,,overlay,bottom,188,188,0,91c8b6725ea5b3fd117257056f9c9236e5a4ce1c
eval_MoTaTiZrHf-HEA-DDRX-1100C_TEM_DislocationCharacterization_0#8,eval_MoTaTiZrHf-HEA-DDRX-1100C_TEM_DislocationCharacterization_0,DislocationCharacterization,MoTaTiZrHf-HEA-DDRX-1100C_TEM_DislocationCharacterization,arm1,ma_roma,direct,none,0,2004,2048,2004,2048,24,10000,4266,affine,"[0.9721260607875956, -0.06541025695267547, 55.98335888602469, -0.0003786741516042285, 0.9948426105499361, -30.524096549713477, 0.0, 0.0, 1.0]",30.965,33.296,1.67,ok,,overlay,bottom,188,188,1,91c8b6725ea5b3fd117257056f9c9236e5a4ce1c
eval_MoTaTiZrHf-HEA-DDRX-1100C_TEM_DislocationCharacterization_0#8,eval_MoTaTiZrHf-HEA-DDRX-1100C_TEM_DislocationCharacterization_0,DislocationCharacterization,MoTaTiZrHf-HEA-DDRX-1100C_TEM_DislocationCharacterization,arm1,ma_roma,pyramid_v2,none,0,2004,2048,2004,2048,24,10000,4266,affine@direct,"[0.9721260607875956, -0.06541025695267547, 55.98335888602469, -0.0003786741516042285, 0.9948426105499361, -30.524096549713477, 0.0, 0.0, 1.0]",30.965,33.296,1.71,ok,,overlay,bottom,188,188,1,91c8b6725ea5b3fd117257056f9c9236e5a4ce1c
eval_MoTaTiZrHf-HEA-DDRX-1100C_TEM_DislocationCharacterization_0#9,eval_MoTaTiZrHf-HEA-DDRX-1100C_TEM_DislocationCharacterization_0,DislocationCharacterization,MoTaTiZrHf-HEA-DDRX-1100C_TEM_DislocationCharacterization,arm1,ma_roma,direct,none,0,2004,2048,2004,2048,24,10000,1529,affine,"[0.9742695693747174, -0.07158076363551885, 99.47586313022339, 0.0009083276985720732, 0.9967680601466401, -49.989919783294795, 0.0, 0.0, 1.0]",15.457,11.504,1.74,ok,,overlay,bottom,188,188,1,91c8b6725ea5b3fd117257056f9c9236e5a4ce1c
eval_MoTaTiZrHf-HEA-DDRX-1100C_TEM_DislocationCharacterization_0#9,eval_MoTaTiZrHf-HEA-DDRX-1100C_TEM_DislocationCharacterization_0,DislocationCharacterization,MoTaTiZrHf-HEA-DDRX-1100C_TEM_DislocationCharacterization,arm1,ma_roma,pyramid_v2,none,0,2004,2048,2004,2048,24,10000,1529,affine@direct,"[0.9742695693747174, -0.07158076363551885, 99.47586313022339, 0.0009083276985720732, 0.9967680601466401, -49.989919783294795, 0.0, 0.0, 1.0]",15.457,11.504,1.64,ok,,overlay,bottom,188,188,1,91c8b6725ea5b3fd117257056f9c9236e5a4ce1c
eval_MoTaTiZrHf-HEA-DDRX-900C_TEM_DislocationCharacterization_0#0,eval_MoTaTiZrHf-HEA-DDRX-900C_TEM_DislocationCharacterization_0,DislocationCharacterization,MoTaTiZrHf-HEA-DDRX-900C_TEM_DislocationCharacterization,arm1,ma_roma,direct,none,0,2004,2048,2004,2048,13,10000,1271,homography,"[0.8836567129005211, 0.04634876421528112, 70.3686067721127, -0.00039144168569669064, 0.9846054754782283, -4.992478481764515, -3.339269287733548e-05, -1.4741627247454604e-05, 1.0]",44.524,41.366,1.78,ok,,overlay,bottom,188,188,1,91c8b6725ea5b3fd117257056f9c9236e5a4ce1c
eval_MoTaTiZrHf-HEA-DDRX-900C_TEM_DislocationCharacterization_0#0,eval_MoTaTiZrHf-HEA-DDRX-900C_TEM_DislocationCharacterization_0,DislocationCharacterization,MoTaTiZrHf-HEA-DDRX-900C_TEM_DislocationCharacterization,arm1,ma_roma,pyramid_v2,none,0,2004,2048,2004,2048,13,10000,1271,homography@direct,"[0.8836567129005211, 0.04634876421528112, 70.3686067721127, -0.00039144168569669064, 0.9846054754782283, -4.992478481764515, -3.339269287733548e-05, -1.4741627247454604e-05, 1.0]",44.524,41.366,1.93,ok,,overlay,bottom,188,188,1,91c8b6725ea5b3fd117257056f9c9236e5a4ce1c
eval_MoTaTiZrHf-HEA-DDRX-900C_TEM_DislocationCharacterization_0#1,eval_MoTaTiZrHf-HEA-DDRX-900C_TEM_DislocationCharacterization_0,DislocationCharacterization,MoTaTiZrHf-HEA-DDRX-900C_TEM_DislocationCharacterization,arm1,ma_roma,direct,none,0,2004,2048,2004,2048,13,10000,105,affine,"[1.8478411016575829, -0.02677876308551383, -673.7800490960362, -0.13667292118623856, 1.1730841986682623, -28.02081731152498, 0.0, 0.0, 1.0]",419.013,311.071,1.82,ok,,overlay,bottom,188,188,1,91c8b6725ea5b3fd117257056f9c9236e5a4ce1c
eval_MoTaTiZrHf-HEA-DDRX-900C_TEM_DislocationCharacterization_0#1,eval_MoTaTiZrHf-HEA-DDRX-900C_TEM_DislocationCharacterization_0,DislocationCharacterization,MoTaTiZrHf-HEA-DDRX-900C_TEM_DislocationCharacterization,arm1,ma_roma,pyramid_v2,none,0,2004,2048,2004,2048,13,10000,105,affine@direct,"[1.8478411016575829, -0.02677876308551383, -673.7800490960362, -0.13667292118623856, 1.1730841986682623, -28.02081731152498, 0.0, 0.0, 1.0]",419.013,311.071,1.83,ok,,overlay,bottom,188,188,1,91c8b6725ea5b3fd117257056f9c9236e5a4ce1c
eval_MoTaTiZrHf-HEA-DDRX-900C_TEM_DislocationCharacterization_0#10,eval_MoTaTiZrHf-HEA-DDRX-900C_TEM_DislocationCharacterization_0,DislocationCharacterization,MoTaTiZrHf-HEA-DDRX-900C_TEM_DislocationCharacterization,arm1,ma_roma,direct,none,0,2004,2048,2004,2048,13,10000,176,homography,"[0.8767368741203204, -0.1318481281664409, -1054.9217477330094, -0.6672150655255946, 2.425350114577364, 103.36757963096024, -0.00021511662423974914, 0.0008059241117317522, 1.0]",1226.785,1192.272,1.66,ok,,overlay,bottom,188,188,1,91c8b6725ea5b3fd117257056f9c9236e5a4ce1c
eval_MoTaTiZrHf-HEA-DDRX-900C_TEM_DislocationCharacterization_0#10,eval_MoTaTiZrHf-HEA-DDRX-900C_TEM_DislocationCharacterization_0,DislocationCharacterization,MoTaTiZrHf-HEA-DDRX-900C_TEM_DislocationCharacterization,arm1,ma_roma,pyramid_v2,none,0,2004,2048,2004,2048,13,10000,176,homography@direct,"[0.8767368741203204, -0.1318481281664409, -1054.9217477330094, -0.6672150655255946, 2.425350114577364, 103.36757963096024, -0.00021511662423974914, 0.0008059241117317522, 1.0]",1226.785,1192.272,1.82,ok,,overlay,bottom,188,188,1,91c8b6725ea5b3fd117257056f9c9236e5a4ce1c
eval_MoTaTiZrHf-HEA-DDRX-900C_TEM_DislocationCharacterization_0#11,eval_MoTaTiZrHf-HEA-DDRX-900C_TEM_DislocationCharacterization_0,DislocationCharacterization,MoTaTiZrHf-HEA-DDRX-900C_TEM_DislocationCharacterization,arm1,ma_roma,direct,none,0,2004,2048,2004,2048,13,10000,83,affine,"[-0.17411552452130521, 0.0776750743671461, 392.9838763330299, -0.2498611902008825, 0.7156759142898855, 642.4425471124173, 0.0, 0.0, 1.0]",830.025,539.807,1.61,ok,,overlay,bottom,188,188,1,91c8b6725ea5b3fd117257056f9c9236e5a4ce1c
eval_MoTaTiZrHf-HEA-DDRX-900C_TEM_DislocationCharacterization_0#11,eval_MoTaTiZrHf-HEA-DDRX-900C_TEM_DislocationCharacterization_0,DislocationCharacterization,MoTaTiZrHf-HEA-DDRX-900C_TEM_DislocationCharacterization,arm1,ma_roma,pyramid_v2,none,0,2004,2048,2004,2048,13,10000,83,affine@direct,"[-0.17411552452130521, 0.0776750743671461, 392.9838763330299, -0.2498611902008825, 0.7156759142898855, 642.4425471124173, 0.0, 0.0, 1.0]",830.025,539.807,3.34,ok,,overlay,bottom,188,188,1,91c8b6725ea5b3fd117257056f9c9236e5a4ce1c
eval_MoTaTiZrHf-HEA-DDRX-900C_TEM_DislocationCharacterization_0#12,eval_MoTaTiZrHf-HEA-DDRX-900C_TEM_DislocationCharacterization_0,DislocationCharacterization,MoTaTiZrHf-HEA-DDRX-900C_TEM_DislocationCharacterization,arm1,ma_roma,direct,none,0,2004,2048,2004,2048,13,10000,81,affine,"[1.0809522585581959, 0.028118026470658343, -14.992881537773428, -0.08823263742536064, 0.9370387979273761, 54.113021965280154, 0.0, 0.0, 1.0]",135.576,120.398,1.67,ok,,overlay,bottom,188,188,1,91c8b6725ea5b3fd117257056f9c9236e5a4ce1c
eval_MoTaTiZrHf-HEA-DDRX-900C_TEM_DislocationCharacterization_0#12,eval_MoTaTiZrHf-HEA-DDRX-900C_TEM_DislocationCharacterization_0,DislocationCharacterization,MoTaTiZrHf-HEA-DDRX-900C_TEM_DislocationCharacterization,arm1,ma_roma,pyramid_v2,none,0,2004,2048,2004,2048,13,10000,81,affine@direct,"[1.0809522585581959, 0.028118026470658343, -14.992881537773428, -0.08823263742536064, 0.9370387979273761, 54.113021965280154, 0.0, 0.0, 1.0]",135.576,120.398,1.83,ok,,overlay,bottom,188,188,1,91c8b6725ea5b3fd117257056f9c9236e5a4ce1c
eval_MoTaTiZrHf-HEA-DDRX-900C_TEM_DislocationCharacterization_0#13,eval_MoTaTiZrHf-HEA-DDRX-900C_TEM_DislocationCharacterization_0,DislocationCharacterization,MoTaTiZrHf-HEA-DDRX-900C_TEM_DislocationCharacterization,arm1,ma_roma,direct,none,0,2004,2048,2004,2048,13,10000,78,affine,"[1.0244996605865713, -0.4055512197918016, -1036.4745976983331, 0.6447373970526373, 1.1889778475421173, -1765.184866509514, 0.0, 0.0, 1.0]",1808.061,1796.407,1.69,ok,,overlay,bottom,188,188,1,91c8b6725ea5b3fd117257056f9c9236e5a4ce1c
eval_MoTaTiZrHf-HEA-DDRX-900C_TEM_DislocationCharacterization_0#13,eval_MoTaTiZrHf-HEA-DDRX-900C_TEM_DislocationCharacterization_0,DislocationCharacterization,MoTaTiZrHf-HEA-DDRX-900C_TEM_DislocationCharacterization,arm1,ma_roma,pyramid_v2,none,0,2004,2048,2004,2048,13,10000,78,affine@direct,"[1.0244996605865713, -0.4055512197918016, -1036.4745976983331, 0.6447373970526373, 1.1889778475421173, -1765.184866509514, 0.0, 0.0, 1.0]",1808.061,1796.407,1.72,ok,,overlay,bottom,188,188,1,91c8b6725ea5b3fd117257056f9c9236e5a4ce1c
eval_MoTaTiZrHf-HEA-DDRX-900C_TEM_DislocationCharacterization_0#14,eval_MoTaTiZrHf-HEA-DDRX-900C_TEM_DislocationCharacterization_0,DislocationCharacterization,MoTaTiZrHf-HEA-DDRX-900C_TEM_DislocationCharacterization,arm1,ma_roma,direct,none,0,2004,2048,2004,2048,13,10000,192,affine,"[0.8570234568999265, 0.00274843729215383, 114.70946152373142, -0.11549897267425799, 0.9560880270996891, 64.11627914052968, 0.0, 0.0, 1.0]",140.129,92.512,1.69,ok,,overlay,bottom,188,188,1,91c8b6725ea5b3fd117257056f9c9236e5a4ce1c
eval_MoTaTiZrHf-HEA-DDRX-900C_TEM_DislocationCharacterization_0#14,eval_MoTaTiZrHf-HEA-DDRX-900C_TEM_DislocationCharacterization_0,DislocationCharacterization,MoTaTiZrHf-HEA-DDRX-900C_TEM_DislocationCharacterization,arm1,ma_roma,pyramid_v2,none,0,2004,2048,2004,2048,13,10000,192,affine@direct,"[0.8570234568999265, 0.00274843729215383, 114.70946152373142, -0.11549897267425799, 0.9560880270996891, 64.11627914052968, 0.0, 0.0, 1.0]",140.129,92.512,1.83,ok,,overlay,bottom,188,188,1,91c8b6725ea5b3fd117257056f9c9236e5a4ce1c
eval_MoTaTiZrHf-HEA-DDRX-900C_TEM_DislocationCharacterization_0#15,eval_MoTaTiZrHf-HEA-DDRX-900C_TEM_DislocationCharacterization_0,DislocationCharacterization,MoTaTiZrHf-HEA-DDRX-900C_TEM_DislocationCharacterization,arm1,ma_roma,direct,none,0,2004,2048,2004,2048,13,10000,77,affine,"[0.8988220670468006, -0.016030011293832466, -33.6602454261537, -0.09817198303170536, 0.7164800429716552, -815.9265342238284, 0.0, 0.0, 1.0]",1248.758,1285.975,1.79,ok,,overlay,bottom,188,188,1,91c8b6725ea5b3fd117257056f9c9236e5a4ce1c
eval_MoTaTiZrHf-HEA-DDRX-900C_TEM_DislocationCharacterization_0#15,eval_MoTaTiZrHf-HEA-DDRX-900C_TEM_DislocationCharacterization_0,DislocationCharacterization,MoTaTiZrHf-HEA-DDRX-900C_TEM_DislocationCharacterization,arm1,ma_roma,pyramid_v2,none,0,2004,2048,2004,2048,13,10000,77,affine@direct,"[0.8988220670468006, -0.016030011293832466, -33.6602454261537, -0.09817198303170536, 0.7164800429716552, -815.9265342238284, 0.0, 0.0, 1.0]",1248.758,1285.975,3.20,ok,,overlay,bottom,188,188,1,91c8b6725ea5b3fd117257056f9c9236e5a4ce1c
eval_MoTaTiZrHf-HEA-DDRX-900C_TEM_DislocationCharacterization_0#2,eval_MoTaTiZrHf-HEA-DDRX-900C_TEM_DislocationCharacterization_0,DislocationCharacterization,MoTaTiZrHf-HEA-DDRX-900C_TEM_DislocationCharacterization,arm1,ma_roma,direct,none,0,2004,2048,2004,2048,13,10000,147,homography,"[1.5087343289028707, 0.36373964997425196, -997.9563936986059, -0.4304752268936657, 1.2669722420113056, 11.904216496960416, -9.546189126427174e-05, 5.7683083019722224e-05, 1.0]",451.426,411.292,1.77,ok,,overlay,bottom,188,188,1,91c8b6725ea5b3fd117257056f9c9236e5a4ce1c
eval_MoTaTiZrHf-HEA-DDRX-900C_TEM_DislocationCharacterization_0#2,eval_MoTaTiZrHf-HEA-DDRX-900C_TEM_DislocationCharacterization_0,DislocationCharacterization,MoTaTiZrHf-HEA-DDRX-900C_TEM_DislocationCharacterization,arm1,ma_roma,pyramid_v2,none,0,2004,2048,2004,2048,13,10000,147,homography@direct,"[1.5087343289028707, 0.36373964997425196, -997.9563936986059, -0.4304752268936657, 1.2669722420113056, 11.904216496960416, -9.546189126427174e-05, 5.7683083019722224e-05, 1.0]",451.426,411.292,1.75,ok,,overlay,bottom,188,188,1,91c8b6725ea5b3fd117257056f9c9236e5a4ce1c
eval_MoTaTiZrHf-HEA-DDRX-900C_TEM_DislocationCharacterization_0#3,eval_MoTaTiZrHf-HEA-DDRX-900C_TEM_DislocationCharacterization_0,DislocationCharacterization,MoTaTiZrHf-HEA-DDRX-900C_TEM_DislocationCharacterization,arm1,ma_roma,direct,none,0,2004,2048,2004,2048,13,10000,149,affine,"[1.066347764832141, 0.11131613454351787, -162.65357319565305, -0.05118100142850205, 1.0798747792307328, 45.29951713349783, 0.0, 0.0, 1.0]",103.779,96.813,1.78,ok,,overlay,bottom,188,188,1,91c8b6725ea5b3fd117257056f9c9236e5a4ce1c
eval_MoTaTiZrHf-HEA-DDRX-900C_TEM_DislocationCharacterization_0#3,eval_MoTaTiZrHf-HEA-DDRX-900C_TEM_DislocationCharacterization_0,DislocationCharacterization,MoTaTiZrHf-HEA-DDRX-900C_TEM_DislocationCharacterization,arm1,ma_roma,pyramid_v2,none,0,2004,2048,2004,2048,13,10000,149,affine@direct,"[1.066347764832141, 0.11131613454351787, -162.65357319565305, -0.05118100142850205, 1.0798747792307328, 45.29951713349783, 0.0, 0.0, 1.0]",103.779,96.813,1.94,ok,,overlay,bottom,188,188,1,91c8b6725ea5b3fd117257056f9c9236e5a4ce1c
eval_MoTaTiZrHf-HEA-DDRX-900C_TEM_DislocationCharacterization_0#4,eval_MoTaTiZrHf-HEA-DDRX-900C_TEM_DislocationCharacterization_0,DislocationCharacterization,MoTaTiZrHf-HEA-DDRX-900C_TEM_DislocationCharacterization,arm1,ma_roma,direct,none,0,2004,2048,2004,2048,13,10000,119,homography,"[1.6046241226383249, -0.7422054488042333, 1001.2786549205453, 0.16259527311763952, 1.1754396325840608, -5.625979957284349, 0.0005398723552819527, 0.001402817131144524, 1.0]",854.732,970.804,1.75,ok,,overlay,bottom,188,188,1,91c8b6725ea5b3fd117257056f9c9236e5a4ce1c
eval_MoTaTiZrHf-HEA-DDRX-900C_TEM_DislocationCharacterization_0#4,eval_MoTaTiZrHf-HEA-DDRX-900C_TEM_DislocationCharacterization_0,DislocationCharacterization,MoTaTiZrHf-HEA-DDRX-900C_TEM_DislocationCharacterization,arm1,ma_roma,pyramid_v2,none,0,2004,2048,2004,2048,13,10000,792,homography@direct+zoom,"[1.0664521663875708, 0.5953454182365555, 1396.6541648754326, 0.1951672275854372, 0.45288479608044246, 72.69693360144515, 0.00033831855010969076, 0.00043066579018957664, 0.9999999999999999]",1072.155,990.005,6.73,ok,,overlay,bottom,188,188,1,91c8b6725ea5b3fd117257056f9c9236e5a4ce1c
eval_MoTaTiZrHf-HEA-DDRX-900C_TEM_DislocationCharacterization_0#5,eval_MoTaTiZrHf-HEA-DDRX-900C_TEM_DislocationCharacterization_0,DislocationCharacterization,MoTaTiZrHf-HEA-DDRX-900C_TEM_DislocationCharacterization,arm1,ma_roma,direct,none,0,2004,2048,2004,2048,13,10000,61,affine,"[0.03471736699293097, -0.04672011069500623, 236.73048210913143, -0.3111660633683017, 0.7115940431809042, 523.3782667802482, 0.0, 0.0, 1.0]",829.135,602.717,1.77,ok,,overlay,bottom,188,188,1,91c8b6725ea5b3fd117257056f9c9236e5a4ce1c
eval_MoTaTiZrHf-HEA-DDRX-900C_TEM_DislocationCharacterization_0#5,eval_MoTaTiZrHf-HEA-DDRX-900C_TEM_DislocationCharacterization_0,DislocationCharacterization,MoTaTiZrHf-HEA-DDRX-900C_TEM_DislocationCharacterization,arm1,ma_roma,pyramid_v2,none,0,2004,2048,2004,2048,13,10000,61,affine@direct,"[0.03471736699293097, -0.04672011069500623, 236.73048210913143, -0.3111660633683017, 0.7115940431809042, 523.3782667802482, 0.0, 0.0, 1.0]",829.135,602.717,3.45,ok,,overlay,bottom,188,188,1,91c8b6725ea5b3fd117257056f9c9236e5a4ce1c
eval_MoTaTiZrHf-HEA-DDRX-900C_TEM_DislocationCharacterization_0#6,eval_MoTaTiZrHf-HEA-DDRX-900C_TEM_DislocationCharacterization_0,DislocationCharacterization,MoTaTiZrHf-HEA-DDRX-900C_TEM_DislocationCharacterization,arm1,ma_roma,direct,none,0,2004,2048,2004,2048,13,10000,103,homography,"[-0.3823558381007085, -0.03344948526759136, 942.9631169363996, -0.036181254871435656, 0.019851465305286267, 75.7791561671582, -0.00043745144809666285, 1.4527881837714099e-05, 1.0]",1102.582,1211.123,1.75,ok,,overlay,bottom,188,188,1,91c8b6725ea5b3fd117257056f9c9236e5a4ce1c
eval_MoTaTiZrHf-HEA-DDRX-900C_TEM_DislocationCharacterization_0#6,eval_MoTaTiZrHf-HEA-DDRX-900C_TEM_DislocationCharacterization_0,DislocationCharacterization,MoTaTiZrHf-HEA-DDRX-900C_TEM_DislocationCharacterization,arm1,ma_roma,pyramid_v2,none,0,2004,2048,2004,2048,13,10000,76,homography@direct+zoom,"[-1.534922390480315, 1.7599413534465915, 3087.3886125865906, -0.06606420810565683, -0.12673462168236224, 514.317724520366, -5.391163465830203e-05, 0.0022566539972935485, 1.0]",1265.633,1378.594,4.85,ok,,overlay,bottom,188,188,1,91c8b6725ea5b3fd117257056f9c9236e5a4ce1c
eval_MoTaTiZrHf-HEA-DDRX-900C_TEM_DislocationCharacterization_0#7,eval_MoTaTiZrHf-HEA-DDRX-900C_TEM_DislocationCharacterization_0,DislocationCharacterization,MoTaTiZrHf-HEA-DDRX-900C_TEM_DislocationCharacterization,arm1,ma_roma,direct,none,0,2004,2048,2004,2048,13,10000,112,affine,"[0.5701234337154872, 0.18634583582902248, 1026.7843597858746, -0.06692059770242342, 0.3366671041242577, -360.8546212711368, 0.0, 0.0, 1.0]",1405.035,1401.711,1.68,ok,,overlay,bottom,188,188,1,91c8b6725ea5b3fd117257056f9c9236e5a4ce1c
eval_MoTaTiZrHf-HEA-DDRX-900C_TEM_DislocationCharacterization_0#7,eval_MoTaTiZrHf-HEA-DDRX-900C_TEM_DislocationCharacterization_0,DislocationCharacterization,MoTaTiZrHf-HEA-DDRX-900C_TEM_DislocationCharacterization,arm1,ma_roma,pyramid_v2,none,0,2004,2048,2004,2048,13,10000,112,affine@direct,"[0.5701234337154872, 0.18634583582902248, 1026.7843597858746, -0.06692059770242342, 0.3366671041242577, -360.8546212711368, 0.0, 0.0, 1.0]",1405.035,1401.711,3.25,ok,,overlay,bottom,188,188,1,91c8b6725ea5b3fd117257056f9c9236e5a4ce1c
eval_MoTaTiZrHf-HEA-DDRX-900C_TEM_DislocationCharacterization_0#8,eval_MoTaTiZrHf-HEA-DDRX-900C_TEM_DislocationCharacterization_0,DislocationCharacterization,MoTaTiZrHf-HEA-DDRX-900C_TEM_DislocationCharacterization,arm1,ma_roma,direct,none,0,2004,2048,2004,2048,13,10000,94,affine,"[1.6002640724622825, 0.316006582707163, -289.40593972389104, 0.11943734267696553, 1.5215303780427958, -134.67380743687318, 0.0, 0.0, 1.0]",816.797,747.791,1.66,ok,,overlay,bottom,188,188,1,91c8b6725ea5b3fd117257056f9c9236e5a4ce1c
eval_MoTaTiZrHf-HEA-DDRX-900C_TEM_DislocationCharacterization_0#8,eval_MoTaTiZrHf-HEA-DDRX-900C_TEM_DislocationCharacterization_0,DislocationCharacterization,MoTaTiZrHf-HEA-DDRX-900C_TEM_DislocationCharacterization,arm1,ma_roma,pyramid_v2,none,0,2004,2048,2004,2048,13,10000,94,affine@direct,"[1.6002640724622825, 0.316006582707163, -289.40593972389104, 0.11943734267696553, 1.5215303780427958, -134.67380743687318, 0.0, 0.0, 1.0]",816.797,747.791,1.71,ok,,overlay,bottom,188,188,1,91c8b6725ea5b3fd117257056f9c9236e5a4ce1c
eval_MoTaTiZrHf-HEA-DDRX-900C_TEM_DislocationCharacterization_0#9,eval_MoTaTiZrHf-HEA-DDRX-900C_TEM_DislocationCharacterization_0,DislocationCharacterization,MoTaTiZrHf-HEA-DDRX-900C_TEM_DislocationCharacterization,arm1,ma_roma,direct,none,0,2004,2048,2004,2048,13,10000,73,affine,"[0.7663282871718867, 0.02765188733828478, 52.362837875540095, 0.06457874510706606, 0.8676861867957363, 186.45600913624975, 0.0, 0.0, 1.0]",231.841,235.177,1.68,ok,,overlay,bottom,188,188,1,91c8b6725ea5b3fd117257056f9c9236e5a4ce1c
eval_MoTaTiZrHf-HEA-DDRX-900C_TEM_DislocationCharacterization_0#9,eval_MoTaTiZrHf-HEA-DDRX-900C_TEM_DislocationCharacterization_0,DislocationCharacterization,MoTaTiZrHf-HEA-DDRX-900C_TEM_DislocationCharacterization,arm1,ma_roma,pyramid_v2,none,0,2004,2048,2004,2048,13,10000,73,affine@direct,"[0.7663282871718867, 0.02765188733828478, 52.362837875540095, 0.06457874510706606, 0.8676861867957363, 186.45600913624975, 0.0, 0.0, 1.0]",231.841,235.177,1.73,ok,,overlay,bottom,188,188,1,91c8b6725ea5b3fd117257056f9c9236e5a4ce1c
eval_MoTaTiZrHf-HEA-DDRX-900C_TEM_largeFOV-DislocationCharacterization_0#0,eval_MoTaTiZrHf-HEA-DDRX-900C_TEM_largeFOV-DislocationCharacterization_0,DislocationCharacterization,MoTaTiZrHf-HEA-DDRX-900C_TEM_largeFOV-DislocationCharacterization,arm1,ma_roma,direct,none,0,4009,4096,4009,4096,18,10000,1771,homography,"[1.0013674614816954, 0.0005758750961863795, 118.06439270721211, 0.002057719601887671, 1.0011319323911891, 491.4172133703428, 1.0977087470537916e-06, -7.470022180434428e-07, 1.0]",19.426,19.260,2.06,ok,,overlay,bottom,375,375,0,91c8b6725ea5b3fd117257056f9c9236e5a4ce1c
eval_MoTaTiZrHf-HEA-DDRX-900C_TEM_largeFOV-DislocationCharacterization_0#0,eval_MoTaTiZrHf-HEA-DDRX-900C_TEM_largeFOV-DislocationCharacterization_0,DislocationCharacterization,MoTaTiZrHf-HEA-DDRX-900C_TEM_largeFOV-DislocationCharacterization,arm1,ma_roma,pyramid_v2,none,0,4009,4096,4009,4096,18,10000,1771,homography@direct,"[1.0013674614816954, 0.0005758750961863795, 118.06439270721211, 0.002057719601887671, 1.0011319323911891, 491.4172133703428, 1.0977087470537916e-06, -7.470022180434428e-07, 1.0]",19.426,19.260,2.15,ok,,overlay,bottom,375,375,0,91c8b6725ea5b3fd117257056f9c9236e5a4ce1c
eval_MoTaTiZrHf-HEA-DDRX-900C_TEM_largeFOV-DislocationCharacterization_0#1,eval_MoTaTiZrHf-HEA-DDRX-900C_TEM_largeFOV-DislocationCharacterization_0,DislocationCharacterization,MoTaTiZrHf-HEA-DDRX-900C_TEM_largeFOV-DislocationCharacterization,arm1,ma_roma,direct,none,0,4009,4096,4009,4096,18,10000,47,homography,"[2.531955802608064, -0.12067674604707636, -572.4608458900734, 0.7583816821742444, 1.0546770649955017, -948.1553456255823, 0.00033214350513263913, 9.530029561060449e-05, 1.0]",871.583,940.217,2.19,ok,,overlay,bottom,375,375,0,91c8b6725ea5b3fd117257056f9c9236e5a4ce1c
eval_MoTaTiZrHf-HEA-DDRX-900C_TEM_largeFOV-DislocationCharacterization_0#1,eval_MoTaTiZrHf-HEA-DDRX-900C_TEM_largeFOV-DislocationCharacterization_0,DislocationCharacterization,MoTaTiZrHf-HEA-DDRX-900C_TEM_largeFOV-DislocationCharacterization,arm1,ma_roma,pyramid_v2,none,0,4009,4096,4009,4096,18,10000,25,homography@tile,"[0.4046377838782534, -0.7249622640349743, 1736.589290483825, -0.13180397339818414, 0.20370568665156455, 1052.0225364583948, -5.292359234534777e-05, -0.00015183125584394114, 0.9999999999999999]",589.172,427.543,6.11,ok,,overlay,bottom,375,375,0,91c8b6725ea5b3fd117257056f9c9236e5a4ce1c
eval_MoTaTiZrHf-HEA-DDRX-900C_TEM_largeFOV-DislocationCharacterization_0#10,eval_MoTaTiZrHf-HEA-DDRX-900C_TEM_largeFOV-DislocationCharacterization_0,DislocationCharacterization,MoTaTiZrHf-HEA-DDRX-900C_TEM_largeFOV-DislocationCharacterization,arm1,ma_roma,direct,none,0,4009,4096,4009,4096,27,10000,1433,affine,"[1.0073139852989756, 0.0022569570785841353, 183.24003120008433, -0.022923895582490982, 0.9951671539377202, 452.6717266675398, 0.0, 0.0, 1.0]",24.786,19.848,1.98,ok,,overlay,bottom,375,375,0,91c8b6725ea5b3fd117257056f9c9236e5a4ce1c
eval_MoTaTiZrHf-HEA-DDRX-900C_TEM_largeFOV-DislocationCharacterization_0#10,eval_MoTaTiZrHf-HEA-DDRX-900C_TEM_largeFOV-DislocationCharacterization_0,DislocationCharacterization,MoTaTiZrHf-HEA-DDRX-900C_TEM_largeFOV-DislocationCharacterization,arm1,ma_roma,pyramid_v2,none,0,4009,4096,4009,4096,27,10000,1433,affine@direct,"[1.0073139852989756, 0.0022569570785841353, 183.24003120008433, -0.022923895582490982, 0.9951671539377202, 452.6717266675398, 0.0, 0.0, 1.0]",24.786,19.848,2.22,ok,,overlay,bottom,375,375,0,91c8b6725ea5b3fd117257056f9c9236e5a4ce1c
eval_MoTaTiZrHf-HEA-DDRX-900C_TEM_largeFOV-DislocationCharacterization_0#11,eval_MoTaTiZrHf-HEA-DDRX-900C_TEM_largeFOV-DislocationCharacterization_0,DislocationCharacterization,MoTaTiZrHf-HEA-DDRX-900C_TEM_largeFOV-DislocationCharacterization,arm1,ma_roma,direct,none,0,4009,4096,4009,4096,27,10000,2147,affine,"[1.009341495719333, 0.0051570487156700606, 166.7535255984717, -0.015596304121877728, 0.9928218824809674, 442.0435288802976, 0.0, 0.0, 1.0]",24.401,19.885,2.03,ok,,overlay,bottom,375,375,0,91c8b6725ea5b3fd117257056f9c9236e5a4ce1c
eval_MoTaTiZrHf-HEA-DDRX-900C_TEM_largeFOV-DislocationCharacterization_0#11,eval_MoTaTiZrHf-HEA-DDRX-900C_TEM_largeFOV-DislocationCharacterization_0,DislocationCharacterization,MoTaTiZrHf-HEA-DDRX-900C_TEM_largeFOV-DislocationCharacterization,arm1,ma_roma,pyramid_v2,none,0,4009,4096,4009,4096,27,10000,2147,affine@direct,"[1.009341495719333, 0.0051570487156700606, 166.7535255984717, -0.015596304121877728, 0.9928218824809674, 442.0435288802976, 0.0, 0.0, 1.0]",24.401,19.885,2.15,ok,,overlay,bottom,375,375,0,91c8b6725ea5b3fd117257056f9c9236e5a4ce1c
eval_MoTaTiZrHf-HEA-DDRX-900C_TEM_largeFOV-DislocationCharacterization_0#12,eval_MoTaTiZrHf-HEA-DDRX-900C_TEM_largeFOV-DislocationCharacterization_0,DislocationCharacterization,MoTaTiZrHf-HEA-DDRX-900C_TEM_largeFOV-DislocationCharacterization,arm1,ma_roma,direct,none,0,4009,4096,4009,4096,18,10000,89,affine,"[1.0039123490715276, -0.04016807134673149, 141.72113345719436, 0.07836843640729008, 1.1067483612390034, 176.80100874404548, 0.0, 0.0, 1.0]",109.281,68.150,2.04,ok,,overlay,bottom,375,375,0,91c8b6725ea5b3fd117257056f9c9236e5a4ce1c
eval_MoTaTiZrHf-HEA-DDRX-900C_TEM_largeFOV-DislocationCharacterization_0#12,eval_MoTaTiZrHf-HEA-DDRX-900C_TEM_largeFOV-DislocationCharacterization_0,DislocationCharacterization,MoTaTiZrHf-HEA-DDRX-900C_TEM_largeFOV-DislocationCharacterization,arm1,ma_roma,pyramid_v2,none,0,4009,4096,4009,4096,18,10000,89,affine@direct,"[1.0039123490715276, -0.04016807134673149, 141.72113345719436, 0.07836843640729008, 1.1067483612390034, 176.80100874404548, 0.0, 0.0, 1.0]",109.281,68.150,2.14,ok,,overlay,bottom,375,375,0,91c8b6725ea5b3fd117257056f9c9236e5a4ce1c
eval_MoTaTiZrHf-HEA-DDRX-900C_TEM_largeFOV-DislocationCharacterization_0#13,eval_MoTaTiZrHf-HEA-DDRX-900C_TEM_largeFOV-DislocationCharacterization_0,DislocationCharacterization,MoTaTiZrHf-HEA-DDRX-900C_TEM_largeFOV-DislocationCharacterization,arm1,ma_roma,direct,none,0,4009,4096,4009,4096,18,10000,1003,homography,"[1.013279965215634, -0.005734656586172532, 108.70520763713544, 0.012770509468418834, 0.9850410966761691, 492.75685389455566, 5.5392110787923e-06, -6.831488386279916e-06, 1.0]",25.346,25.391,2.05,ok,,overlay,bottom,375,375,0,91c8b6725ea5b3fd117257056f9c9236e5a4ce1c
eval_MoTaTiZrHf-HEA-DDRX-900C_TEM_largeFOV-DislocationCharacterization_0#13,eval_MoTaTiZrHf-HEA-DDRX-900C_TEM_largeFOV-DislocationCharacterization_0,DislocationCharacterization,MoTaTiZrHf-HEA-DDRX-900C_TEM_largeFOV-DislocationCharacterization,arm1,ma_roma,pyramid_v2,none,0,4009,4096,4009,4096,18,10000,1003,homography@direct,"[1.013279965215634, -0.005734656586172532, 108.70520763713544, 0.012770509468418834, 0.9850410966761691, 492.75685389455566, 5.5392110787923e-06, -6.831488386279916e-06, 1.0]",25.346,25.391,2.15,ok,,overlay,bottom,375,375,0,91c8b6725ea5b3fd117257056f9c9236e5a4ce1c
eval_MoTaTiZrHf-HEA-DDRX-900C_TEM_largeFOV-DislocationCharacterization_0#14,eval_MoTaTiZrHf-HEA-DDRX-900C_TEM_largeFOV-DislocationCharacterization_0,DislocationCharacterization,MoTaTiZrHf-HEA-DDRX-900C_TEM_largeFOV-DislocationCharacterization,arm1,ma_roma,direct,none,0,4009,4096,4009,4096,18,10000,2021,affine,"[0.9990424212811381, -0.0037530029935587696, 127.77234652919128, 0.0010969155628629715, 1.0017140703987488, 492.6065249119083, 0.0, 0.0, 1.0]",19.216,16.436,1.82,ok,,overlay,bottom,375,375,0,91c8b6725ea5b3fd117257056f9c9236e5a4ce1c
eval_MoTaTiZrHf-HEA-DDRX-900C_TEM_largeFOV-DislocationCharacterization_0#14,eval_MoTaTiZrHf-HEA-DDRX-900C_TEM_largeFOV-DislocationCharacterization_0,DislocationCharacterization,MoTaTiZrHf-HEA-DDRX-900C_TEM_largeFOV-DislocationCharacterization,arm1,ma_roma,pyramid_v2,none,0,4009,4096,4009,4096,18,10000,2021,affine@direct,"[0.9990424212811381, -0.0037530029935587696, 127.77234652919128, 0.0010969155628629715, 1.0017140703987488, 492.6065249119083, 0.0, 0.0, 1.0]",19.216,16.436,2.02,ok,,overlay,bottom,375,375,0,91c8b6725ea5b3fd117257056f9c9236e5a4ce1c
eval_MoTaTiZrHf-HEA-DDRX-900C_TEM_largeFOV-DislocationCharacterization_0#15,eval_MoTaTiZrHf-HEA-DDRX-900C_TEM_largeFOV-DislocationCharacterization_0,DislocationCharacterization,MoTaTiZrHf-HEA-DDRX-900C_TEM_largeFOV-DislocationCharacterization,arm1,ma_roma,direct,none,0,4009,4096,4009,4096,27,10000,103,affine,"[0.6933807475917537, 0.03495511446686554, 868.2266708194189, 0.22402763332310474, 0.6748006085296883, 327.0575862645039, 0.0, 0.0, 1.0]",392.156,384.132,1.92,ok,,overlay,bottom,375,375,0,91c8b6725ea5b3fd117257056f9c9236e5a4ce1c
eval_MoTaTiZrHf-HEA-DDRX-900C_TEM_largeFOV-DislocationCharacterization_0#15,eval_MoTaTiZrHf-HEA-DDRX-900C_TEM_largeFOV-DislocationCharacterization_0,DislocationCharacterization,MoTaTiZrHf-HEA-DDRX-900C_TEM_largeFOV-DislocationCharacterization,arm1,ma_roma,pyramid_v2,none,0,4009,4096,4009,4096,27,10000,103,affine@direct,"[0.6933807475917537, 0.03495511446686554, 868.2266708194189, 0.22402763332310474, 0.6748006085296883, 327.0575862645039, 0.0, 0.0, 1.0]",392.156,384.132,2.89,ok,,overlay,bottom,375,375,0,91c8b6725ea5b3fd117257056f9c9236e5a4ce1c
eval_MoTaTiZrHf-HEA-DDRX-900C_TEM_largeFOV-DislocationCharacterization_0#16,eval_MoTaTiZrHf-HEA-DDRX-900C_TEM_largeFOV-DislocationCharacterization_0,DislocationCharacterization,MoTaTiZrHf-HEA-DDRX-900C_TEM_largeFOV-DislocationCharacterization,arm1,ma_roma,direct,none,0,4009,4096,4009,4096,27,10000,1133,affine,"[1.0009932806766313, -2.9016503705339047e-05, 207.48765349513542, -0.0045647409048626, 1.0045073962612945, 390.4776030528758, 0.0, 0.0, 1.0]",23.326,19.944,2.63,ok,,overlay,bottom,375,375,0,91c8b6725ea5b3fd117257056f9c9236e5a4ce1c
eval_MoTaTiZrHf-HEA-DDRX-900C_TEM_largeFOV-DislocationCharacterization_0#16,eval_MoTaTiZrHf-HEA-DDRX-900C_TEM_largeFOV-DislocationCharacterization_0,DislocationCharacterization,MoTaTiZrHf-HEA-DDRX-900C_TEM_largeFOV-DislocationCharacterization,arm1,ma_roma,pyramid_v2,none,0,4009,4096,4009,4096,27,10000,1133,affine@direct,"[1.0009932806766313, -2.9016503705339047e-05, 207.48765349513542, -0.0045647409048626, 1.0045073962612945, 390.4776030528758, 0.0, 0.0, 1.0]",23.326,19.944,3.23,ok,,overlay,bottom,375,375,0,91c8b6725ea5b3fd117257056f9c9236e5a4ce1c
eval_MoTaTiZrHf-HEA-DDRX-900C_TEM_largeFOV-DislocationCharacterization_0#17,eval_MoTaTiZrHf-HEA-DDRX-900C_TEM_largeFOV-DislocationCharacterization_0,DislocationCharacterization,MoTaTiZrHf-HEA-DDRX-900C_TEM_largeFOV-DislocationCharacterization,arm1,ma_roma,direct,none,0,4009,4096,4009,4096,27,10000,1346,homography,"[0.9978410263355507, 0.011046553736596904, 203.12864020131497, -0.008973689907736027, 1.0083311954965983, 391.44630824598613, -1.7400575594540524e-06, 4.01159908575248e-06, 1.0]",21.880,17.960,2.73,ok,,overlay,bottom,375,375,0,91c8b6725ea5b3fd117257056f9c9236e5a4ce1c
eval_MoTaTiZrHf-HEA-DDRX-900C_TEM_largeFOV-DislocationCharacterization_0#17,eval_MoTaTiZrHf-HEA-DDRX-900C_TEM_largeFOV-DislocationCharacterization_0,DislocationCharacterization,MoTaTiZrHf-HEA-DDRX-900C_TEM_largeFOV-DislocationCharacterization,arm1,ma_roma,pyramid_v2,none,0,4009,4096,4009,4096,27,10000,1346,homography@direct,"[0.9978410263355507, 0.011046553736596904, 203.12864020131497, -0.008973689907736027, 1.0083311954965983, 391.44630824598613, -1.7400575594540524e-06, 4.01159908575248e-06, 1.0]",21.880,17.960,3.40,ok,,overlay,bottom,375,375,0,91c8b6725ea5b3fd117257056f9c9236e5a4ce1c
eval_MoTaTiZrHf-HEA-DDRX-900C_TEM_largeFOV-DislocationCharacterization_0#2,eval_MoTaTiZrHf-HEA-DDRX-900C_TEM_largeFOV-DislocationCharacterization_0,DislocationCharacterization,MoTaTiZrHf-HEA-DDRX-900C_TEM_largeFOV-DislocationCharacterization,arm1,ma_roma,direct,none,0,4009,4096,4009,4096,18,10000,48,homography,"[-1.6872122181090354, -0.13527931024087633, 2777.191875392544, -0.10059006710178617, 0.08215012387033857, -33.318168330472325, -0.0008540332309434387, 3.376799251860595e-05, 1.0]",2679.749,2596.571,2.56,ok,,overlay,bottom,375,375,0,91c8b6725ea5b3fd117257056f9c9236e5a4ce1c
eval_MoTaTiZrHf-HEA-DDRX-900C_TEM_largeFOV-DislocationCharacterization_0#2,eval_MoTaTiZrHf-HEA-DDRX-900C_TEM_largeFOV-DislocationCharacterization_0,DislocationCharacterization,MoTaTiZrHf-HEA-DDRX-900C_TEM_largeFOV-DislocationCharacterization,arm1,ma_roma,pyramid_v2,none,0,4009,4096,4009,4096,18,10000,41,affine@tile,"[0.24011491039413912, 0.0025363187086096368, 593.7629303843663, -0.01921991673445163, 0.3609228122593248, 698.0830600519131, 0.0, 0.0, 1.0]",1658.301,1792.665,10.93,ok,,overlay,bottom,375,375,0,91c8b6725ea5b3fd117257056f9c9236e5a4ce1c
eval_MoTaTiZrHf-HEA-DDRX-900C_TEM_largeFOV-DislocationCharacterization_0#3,eval_MoTaTiZrHf-HEA-DDRX-900C_TEM_largeFOV-DislocationCharacterization_0,DislocationCharacterization,MoTaTiZrHf-HEA-DDRX-900C_TEM_largeFOV-DislocationCharacterization,arm1,ma_roma,direct,none,0,4009,4096,4009,4096,27,10000,1928,homography,"[0.9893958945230512, 0.014974516226228663, 209.04445963327714, 0.003012551299662505, 1.0192614678188452, 353.5989134718516, -3.290384312362364e-06, 5.757321525196636e-06, 1.0]",26.479,24.467,2.60,ok,,overlay,bottom,375,375,0,91c8b6725ea5b3fd117257056f9c9236e5a4ce1c
eval_MoTaTiZrHf-HEA-DDRX-900C_TEM_largeFOV-DislocationCharacterization_0#3,eval_MoTaTiZrHf-HEA-DDRX-900C_TEM_largeFOV-DislocationCharacterization_0,DislocationCharacterization,MoTaTiZrHf-HEA-DDRX-900C_TEM_largeFOV-DislocationCharacterization,arm1,ma_roma,pyramid_v2,none,0,4009,4096,4009,4096,27,10000,1928,homography@direct,"[0.9893958945230512, 0.014974516226228663, 209.04445963327714, 0.003012551299662505, 1.0192614678188452, 353.5989134718516, -3.290384312362364e-06, 5.757321525196636e-06, 1.0]",26.479,24.467,2.11,ok,,overlay,bottom,375,375,0,91c8b6725ea5b3fd117257056f9c9236e5a4ce1c
eval_MoTaTiZrHf-HEA-DDRX-900C_TEM_largeFOV-DislocationCharacterization_0#4,eval_MoTaTiZrHf-HEA-DDRX-900C_TEM_largeFOV-DislocationCharacterization_0,DislocationCharacterization,MoTaTiZrHf-HEA-DDRX-900C_TEM_largeFOV-DislocationCharacterization,arm1,ma_roma,direct,none,0,4009,4096,4009,4096,27,10000,32,affine,"[1.0343050432436751, -0.25629481426629663, 772.9759030612918, -0.07846960056411753, 1.3566692434267693, -442.58213887267357, 0.0, 0.0, 1.0]",420.561,391.118,1.93,ok,,overlay,bottom,375,375,0,91c8b6725ea5b3fd117257056f9c9236e5a4ce1c
eval_MoTaTiZrHf-HEA-DDRX-900C_TEM_largeFOV-DislocationCharacterization_0#4,eval_MoTaTiZrHf-HEA-DDRX-900C_TEM_largeFOV-DislocationCharacterization_0,DislocationCharacterization,MoTaTiZrHf-HEA-DDRX-900C_TEM_largeFOV-DislocationCharacterization,arm1,ma_roma,pyramid_v2,none,0,4009,4096,4009,4096,27,10000,32,affine@direct,"[1.0343050432436751, -0.25629481426629663, 772.9759030612918, -0.07846960056411753, 1.3566692434267693, -442.58213887267357, 0.0, 0.0, 1.0]",420.561,391.118,6.23,ok,,overlay,bottom,375,375,0,91c8b6725ea5b3fd117257056f9c9236e5a4ce1c
eval_MoTaTiZrHf-HEA-DDRX-900C_TEM_largeFOV-DislocationCharacterization_0#5,eval_MoTaTiZrHf-HEA-DDRX-900C_TEM_largeFOV-DislocationCharacterization_0,DislocationCharacterization,MoTaTiZrHf-HEA-DDRX-900C_TEM_largeFOV-DislocationCharacterization,arm1,ma_roma,direct,none,0,4009,4096,4009,4096,27,10000,67,homography,"[0.9193156803144978, 0.300341435060008, 220.71916534037013, 0.1238860117110745, 1.2581324381373749, -225.64587046851503, -7.839962210522447e-06, 7.627026196372078e-05, 1.0]",206.709,183.446,2.29,ok,,overlay,bottom,375,375,0,91c8b6725ea5b3fd117257056f9c9236e5a4ce1c
eval_MoTaTiZrHf-HEA-DDRX-900C_TEM_largeFOV-DislocationCharacterization_0#5,eval_MoTaTiZrHf-HEA-DDRX-900C_TEM_largeFOV-DislocationCharacterization_0,DislocationCharacterization,MoTaTiZrHf-HEA-DDRX-900C_TEM_largeFOV-DislocationCharacterization,arm1,ma_roma,pyramid_v2,none,0,4009,4096,4009,4096,27,10000,67,homography@direct,"[0.9193156803144978, 0.300341435060008, 220.71916534037013, 0.1238860117110745, 1.2581324381373749, -225.64587046851503, -7.839962210522447e-06, 7.627026196372078e-05, 1.0]",206.709,183.446,2.75,ok,,overlay,bottom,375,375,0,91c8b6725ea5b3fd117257056f9c9236e5a4ce1c
eval_MoTaTiZrHf-HEA-DDRX-900C_TEM_largeFOV-DislocationCharacterization_0#6,eval_MoTaTiZrHf-HEA-DDRX-900C_TEM_largeFOV-DislocationCharacterization_0,DislocationCharacterization,MoTaTiZrHf-HEA-DDRX-900C_TEM_largeFOV-DislocationCharacterization,arm1,ma_roma,direct,none,0,4009,4096,4009,4096,18,10000,116,affine,"[1.0012085920848306, -0.07521030232084347, 156.53510141852348, 0.08601162082026258, 1.0276186163571985, 183.33456465172185, 0.0, 0.0, 1.0]",125.579,124.071,2.45,ok,,overlay,bottom,375,375,0,91c8b6725ea5b3fd117257056f9c9236e5a4ce1c
eval_MoTaTiZrHf-HEA-DDRX-900C_TEM_largeFOV-DislocationCharacterization_0#6,eval_MoTaTiZrHf-HEA-DDRX-900C_TEM_largeFOV-DislocationCharacterization_0,DislocationCharacterization,MoTaTiZrHf-HEA-DDRX-900C_TEM_largeFOV-DislocationCharacterization,arm1,ma_roma,pyramid_v2,none,0,4009,4096,4009,4096,18,10000,116,affine@direct,"[1.0012085920848306, -0.07521030232084347, 156.53510141852348, 0.08601162082026258, 1.0276186163571985, 183.33456465172185, 0.0, 0.0, 1.0]",125.579,124.071,3.15,ok,,overlay,bottom,375,375,0,91c8b6725ea5b3fd117257056f9c9236e5a4ce1c
eval_MoTaTiZrHf-HEA-DDRX-900C_TEM_largeFOV-DislocationCharacterization_0#7,eval_MoTaTiZrHf-HEA-DDRX-900C_TEM_largeFOV-DislocationCharacterization_0,DislocationCharacterization,MoTaTiZrHf-HEA-DDRX-900C_TEM_largeFOV-DislocationCharacterization,arm1,ma_roma,direct,none,0,4009,4096,4009,4096,18,10000,191,homography,"[1.0013799215346022, -0.023007873277457947, 137.28113834939626, 0.0748307510679433, 0.952178718522749, 492.2052892581657, 2.656892745283175e-05, -1.8392490880511646e-05, 1.0]",125.288,101.641,2.31,ok,,overlay,bottom,375,375,0,91c8b6725ea5b3fd117257056f9c9236e5a4ce1c
eval_MoTaTiZrHf-HEA-DDRX-900C_TEM_largeFOV-DislocationCharacterization_0#7,eval_MoTaTiZrHf-HEA-DDRX-900C_TEM_largeFOV-DislocationCharacterization_0,DislocationCharacterization,MoTaTiZrHf-HEA-DDRX-900C_TEM_largeFOV-DislocationCharacterization,arm1,ma_roma,pyramid_v2,none,0,4009,4096,4009,4096,18,10000,191,homography@direct,"[1.0013799215346022, -0.023007873277457947, 137.28113834939626, 0.0748307510679433, 0.952178718522749, 492.2052892581657, 2.656892745283175e-05, -1.8392490880511646e-05, 1.0]",125.288,101.641,2.13,ok,,overlay,bottom,375,375,0,91c8b6725ea5b3fd117257056f9c9236e5a4ce1c
eval_MoTaTiZrHf-HEA-DDRX-900C_TEM_largeFOV-DislocationCharacterization_0#8,eval_MoTaTiZrHf-HEA-DDRX-900C_TEM_largeFOV-DislocationCharacterization_0,DislocationCharacterization,MoTaTiZrHf-HEA-DDRX-900C_TEM_largeFOV-DislocationCharacterization,arm1,ma_roma,direct,none,0,4009,4096,4009,4096,18,10000,1493,homography,"[0.9875911922545265, -0.011568863337496172, 137.43052687518775, -0.0012541821369378037, 0.9812985867317059, 496.81849751645103, -2.659622053250864e-06, -6.63735855642708e-06, 0.9999999999999999]",29.509,24.412,1.96,ok,,overlay,bottom,375,375,0,91c8b6725ea5b3fd117257056f9c9236e5a4ce1c
eval_MoTaTiZrHf-HEA-DDRX-900C_TEM_largeFOV-DislocationCharacterization_0#8,eval_MoTaTiZrHf-HEA-DDRX-900C_TEM_largeFOV-DislocationCharacterization_0,DislocationCharacterization,MoTaTiZrHf-HEA-DDRX-900C_TEM_largeFOV-DislocationCharacterization,arm1,ma_roma,pyramid_v2,none,0,4009,4096,4009,4096,18,10000,1493,homography@direct,"[0.9875911922545265, -0.011568863337496172, 137.43052687518775, -0.0012541821369378037, 0.9812985867317059, 496.81849751645103, -2.659622053250864e-06, -6.63735855642708e-06, 0.9999999999999999]",29.509,24.412,2.06,ok,,overlay,bottom,375,375,0,91c8b6725ea5b3fd117257056f9c9236e5a4ce1c
eval_MoTaTiZrHf-HEA-DDRX-900C_TEM_largeFOV-DislocationCharacterization_0#9,eval_MoTaTiZrHf-HEA-DDRX-900C_TEM_largeFOV-DislocationCharacterization_0,DislocationCharacterization,MoTaTiZrHf-HEA-DDRX-900C_TEM_largeFOV-DislocationCharacterization,arm1,ma_roma,direct,none,0,4009,4096,4009,4096,27,10000,47,affine,"[0.9161112120537068, 0.04322416084319092, 212.24943699606774, 0.038736161965869736, 0.6329198995824763, 515.9262139244815, 0.0, 0.0, 1.0]",498.651,479.333,1.88,ok,,overlay,bottom,375,375,0,91c8b6725ea5b3fd117257056f9c9236e5a4ce1c
eval_MoTaTiZrHf-HEA-DDRX-900C_TEM_largeFOV-DislocationCharacterization_0#9,eval_MoTaTiZrHf-HEA-DDRX-900C_TEM_largeFOV-DislocationCharacterization_0,DislocationCharacterization,MoTaTiZrHf-HEA-DDRX-900C_TEM_largeFOV-DislocationCharacterization,arm1,ma_roma,pyramid_v2,none,0,4009,4096,4009,4096,27,10000,39,affine@tile,"[0.8887500749937817, 0.15781006935914021, 39.85072620037408, -0.09079394703407567, 1.112506673286832, 259.37069470439883, 0.0, 0.0, 1.0]",178.357,139.167,7.23,ok,,overlay,bottom,375,375,0,91c8b6725ea5b3fd117257056f9c9236e5a4ce1c
eval_Ti3AlC2-MAX-Phase_TEM_DislocationCharacterization_0#0,eval_Ti3AlC2-MAX-Phase_TEM_DislocationCharacterization_0,DislocationCharacterization,Ti3AlC2-MAX-Phase_TEM_DislocationCharacterization,arm1,ma_roma,direct,none,0,294,293,294,292,46,10000,9913,affine,"[0.9913358983136712, -0.004836393369167433, 37.826336718690044, 0.006115327609955502, 1.0025395409039235, -64.96343652004498, 0.0, 0.0, 1.0]",2.045,1.632,1.02,ok,,none,,0,0,0,91c8b6725ea5b3fd117257056f9c9236e5a4ce1c
eval_Ti3AlC2-MAX-Phase_TEM_DislocationCharacterization_0#0,eval_Ti3AlC2-MAX-Phase_TEM_DislocationCharacterization_0,DislocationCharacterization,Ti3AlC2-MAX-Phase_TEM_DislocationCharacterization,arm1,ma_roma,pyramid_v2,none,0,294,293,294,292,46,10000,9913,affine@direct,"[0.9913358983136712, -0.004836393369167433, 37.826336718690044, 0.006115327609955502, 1.0025395409039235, -64.96343652004498, 0.0, 0.0, 1.0]",2.045,1.632,1.10,ok,,none,,0,0,0,91c8b6725ea5b3fd117257056f9c9236e5a4ce1c
eval_Ti3AlC2-MAX-Phase_TEM_DislocationCharacterization_0#1,eval_Ti3AlC2-MAX-Phase_TEM_DislocationCharacterization_0,DislocationCharacterization,Ti3AlC2-MAX-Phase_TEM_DislocationCharacterization,arm1,ma_roma,direct,none,0,294,294,294,293,47,10000,9988,affine,"[1.002298663453609, 0.0013848064115599369, 0.4061910317096533, -0.0016694650445429771, 0.9985537627815916, 0.4990187474177503, 0.0, 0.0, 1.0]",1.822,1.458,1.16,ok,,none,,0,0,0,91c8b6725ea5b3fd117257056f9c9236e5a4ce1c
eval_Ti3AlC2-MAX-Phase_TEM_DislocationCharacterization_0#1,eval_Ti3AlC2-MAX-Phase_TEM_DislocationCharacterization_0,DislocationCharacterization,Ti3AlC2-MAX-Phase_TEM_DislocationCharacterization,arm1,ma_roma,pyramid_v2,none,0,294,294,294,293,47,10000,9988,affine@direct,"[1.002298663453609, 0.0013848064115599369, 0.4061910317096533, -0.0016694650445429771, 0.9985537627815916, 0.4990187474177503, 0.0, 0.0, 1.0]",1.822,1.458,1.24,ok,,none,,0,0,0,91c8b6725ea5b3fd117257056f9c9236e5a4ce1c
eval_Ti3AlC2-MAX-Phase_TEM_DislocationCharacterization_0#2,eval_Ti3AlC2-MAX-Phase_TEM_DislocationCharacterization_0,DislocationCharacterization,Ti3AlC2-MAX-Phase_TEM_DislocationCharacterization,arm1,ma_roma,direct,none,0,293,294,294,293,38,10000,9990,homography,"[0.6118863612858096, -0.005195381416557833, 15.000170363604775, 0.004101060649387206, 0.6070291237929312, 87.30644107799752, -2.007349436165106e-06, 9.277535375948992e-06, 1.0]",1.263,1.212,1.08,ok,,none,,0,0,0,91c8b6725ea5b3fd117257056f9c9236e5a4ce1c
eval_Ti3AlC2-MAX-Phase_TEM_DislocationCharacterization_0#2,eval_Ti3AlC2-MAX-Phase_TEM_DislocationCharacterization_0,DislocationCharacterization,Ti3AlC2-MAX-Phase_TEM_DislocationCharacterization,arm1,ma_roma,pyramid_v2,none,0,293,294,294,293,38,10000,9990,homography@direct,"[0.6118863612858096, -0.005195381416557833, 15.000170363604775, 0.004101060649387206, 0.6070291237929312, 87.30644107799752, -2.007349436165106e-06, 9.277535375948992e-06, 1.0]",1.263,1.212,2.21,ok,,none,,0,0,0,91c8b6725ea5b3fd117257056f9c9236e5a4ce1c
eval_5842WCu-Spalled_SEM-SE_SEM-BSE_Multiscale_0#0,eval_5842WCu-Spalled_SEM-SE_SEM-BSE_Multiscale_0,Multiscale,5842WCu-Spalled_SEM-SE_SEM-BSE_Multiscale,arm1,ma_roma,direct,none,0,512,768,2048,3072,19,10000,1120,affine,"[0.0036535023785399866, -0.07403343268377595, 432.13970638312674, 0.004073894423594866, -0.016162332638606055, 240.5511316547545, 0.0, 0.0, 1.0]",110.994,113.243,1.53,ok,,none,,0,0,0,91c8b6725ea5b3fd117257056f9c9236e5a4ce1c
eval_5842WCu-Spalled_SEM-SE_SEM-BSE_Multiscale_0#0,eval_5842WCu-Spalled_SEM-SE_SEM-BSE_Multiscale_0,Multiscale,5842WCu-Spalled_SEM-SE_SEM-BSE_Multiscale,arm1,ma_roma,pyramid_v2,none,0,512,768,2048,3072,19,10000,2427,affine@direct+zoom,"[0.04875369600083954, -0.008318982197525082, 312.0138535121841, 0.00023544767697013613, 0.023595701250545515, 204.19340525153143, 0.0, 0.0, 1.0]",96.341,97.028,4.34,ok,,none,,0,0,0,91c8b6725ea5b3fd117257056f9c9236e5a4ce1c
eval_AF9628-Martensitic_SEM-SE-Stitch_EBSD_SameSlice_2#1,eval_AF9628-Martensitic_SEM-SE-Stitch_EBSD_SameSlice_2,SameSlice,AF9628-Martensitic_SEM-SE-Stitch_EBSD_SameSlice,arm1,ma_roma,direct,none,0,1995,4096,5142,8831,37,10000,805,affine,"[0.3843654883147816, -0.004196603591488448, 602.3912924322299, -0.006104807306210056, 0.3760046140531721, 19.164471075723327, 0.0, 0.0, 1.0]",36.176,35.166,2.28,ok,,none,,0,0,0,91c8b6725ea5b3fd117257056f9c9236e5a4ce1c
eval_AF9628-Martensitic_SEM-SE-Stitch_EBSD_SameSlice_2#1,eval_AF9628-Martensitic_SEM-SE-Stitch_EBSD_SameSlice_2,SameSlice,AF9628-Martensitic_SEM-SE-Stitch_EBSD_SameSlice,arm1,ma_roma,pyramid_v2,none,0,1995,4096,5142,8831,37,10000,805,affine@direct,"[0.3843654883147816, -0.004196603591488448, 602.3912924322299, -0.006104807306210056, 0.3760046140531721, 19.164471075723327, 0.0, 0.0, 1.0]",36.176,35.166,2.18,ok,,none,,0,0,0,91c8b6725ea5b3fd117257056f9c9236e5a4ce1c
eval_CoNi-AM67_SEM-EBSD_SameSliceSerialSectioning_0#0,eval_CoNi-AM67_SEM-EBSD_SameSliceSerialSectioning_0,SerialSectioning,CoNi-AM67_SEM-EBSD_SameSliceSerialSectioning,arm1,ma_roma,direct,none,0,2048,3072,611,721,17,10000,636,affine,"[2.670606157592257, -0.09979730762036158, 603.934874546112, 0.18922061640699106, 3.3777847185034413, -69.97189977249661, 0.0, 0.0, 1.0]",70.299,41.998,1.59,ok,,none,,0,0,0,91c8b6725ea5b3fd117257056f9c9236e5a4ce1c
eval_CoNi-AM67_SEM-EBSD_SameSliceSerialSectioning_0#0,eval_CoNi-AM67_SEM-EBSD_SameSliceSerialSectioning_0,SerialSectioning,CoNi-AM67_SEM-EBSD_SameSliceSerialSectioning,arm1,ma_roma,pyramid_v2,none,0,2048,3072,611,721,17,10000,636,affine@direct,"[2.670606157592257, -0.09979730762036158, 603.934874546112, 0.18922061640699106, 3.3777847185034413, -69.97189977249661, 0.0, 0.0, 1.0]",70.299,41.998,1.61,ok,,none,,0,0,0,91c8b6725ea5b3fd117257056f9c9236e5a4ce1c
eval_CoNi-AM67_SEM-EBSD_SameSliceSerialSectioning_0#4,eval_CoNi-AM67_SEM-EBSD_SameSliceSerialSectioning_0,SerialSectioning,CoNi-AM67_SEM-EBSD_SameSliceSerialSectioning,arm1,ma_roma,direct,none,0,2048,3072,611,721,17,10000,550,homography,"[2.7143900541428225, 0.03457990532793056, 583.0089067266599, -0.23603193326557595, 3.565533929958645, 113.69743267893888, -5.728829309569773e-05, 0.00011045036763637333, 1.0]",48.109,40.048,1.49,ok,,none,,0,0,0,91c8b6725ea5b3fd117257056f9c9236e5a4ce1c
eval_CoNi-AM67_SEM-EBSD_SameSliceSerialSectioning_0#4,eval_CoNi-AM67_SEM-EBSD_SameSliceSerialSectioning_0,SerialSectioning,CoNi-AM67_SEM-EBSD_SameSliceSerialSectioning,arm1,ma_roma,pyramid_v2,none,0,2048,3072,611,721,17,10000,550,homography@direct,"[2.7143900541428225, 0.03457990532793056, 583.0089067266599, -0.23603193326557595, 3.565533929958645, 113.69743267893888, -5.728829309569773e-05, 0.00011045036763637333, 1.0]",48.109,40.048,1.53,ok,,none,,0,0,0,91c8b6725ea5b3fd117257056f9c9236e5a4ce1c
eval_CoNi-AM67_SEM-EBSD_SameSliceSerialSectioning_1#4,eval_CoNi-AM67_SEM-EBSD_SameSliceSerialSectioning_1,SerialSectioning,CoNi-AM67_SEM-EBSD_SameSliceSerialSectioning,arm1,ma_roma,direct,none,0,2048,3072,534,587,14,10000,506,affine,"[2.6254910693944185, 0.02790433118142851, 679.8205611100459, -0.18601646210892786, 3.2278897012908265, 256.25187695974864, 0.0, 0.0, 1.0]",44.833,42.529,1.65,ok,,none,,0,0,0,91c8b6725ea5b3fd117257056f9c9236e5a4ce1c
eval_CoNi-AM67_SEM-EBSD_SameSliceSerialSectioning_1#4,eval_CoNi-AM67_SEM-EBSD_SameSliceSerialSectioning_1,SerialSectioning,CoNi-AM67_SEM-EBSD_SameSliceSerialSectioning,arm1,ma_roma,pyramid_v2,none,0,2048,3072,534,587,14,10000,506,affine@direct,"[2.6254910693944185, 0.02790433118142851, 679.8205611100459, -0.18601646210892786, 3.2278897012908265, 256.25187695974864, 0.0, 0.0, 1.0]",44.833,42.529,1.54,ok,,none,,0,0,0,91c8b6725ea5b3fd117257056f9c9236e5a4ce1c
eval_CoNi-AM67_SEM-EBSD_SameSliceSerialSectioning_2#1,eval_CoNi-AM67_SEM-EBSD_SameSliceSerialSectioning_2,SerialSectioning,CoNi-AM67_SEM-EBSD_SameSliceSerialSectioning,arm1,ma_roma,direct,none,0,2048,3072,534,587,18,10000,436,affine,"[3.4556288719101285, -0.13869781987241922, 608.7642911004275, -0.12732522149160153, 3.7531302299043223, 123.49414982237144, 0.0, 0.0, 1.0]",195.107,209.366,1.67,ok,,none,,0,0,0,91c8b6725ea5b3fd117257056f9c9236e5a4ce1c
eval_CoNi-AM67_SEM-EBSD_SameSliceSerialSectioning_2#1,eval_CoNi-AM67_SEM-EBSD_SameSliceSerialSectioning_2,SerialSectioning,CoNi-AM67_SEM-EBSD_SameSliceSerialSectioning,arm1,ma_roma,pyramid_v2,none,0,2048,3072,534,587,18,10000,436,affine@direct,"[3.4556288719101285, -0.13869781987241922, 608.7642911004275, -0.12732522149160153, 3.7531302299043223, 123.49414982237144, 0.0, 0.0, 1.0]",195.107,209.366,1.54,ok,,none,,0,0,0,91c8b6725ea5b3fd117257056f9c9236e5a4ce1c
eval_CoNi-AM90_OM-SEM_Multiscale_0#1,eval_CoNi-AM90_OM-SEM_Multiscale_0,Multiscale,CoNi-AM90_OM-SEM_Multiscale,arm1,ma_roma,direct,none,0,2048,3072,1320,1507,8,10000,8123,homography,"[0.8222529173892905, 0.014061689043001776, 543.7935919087681, -0.004682642758697129, 0.8218540238514477, 421.9857598252397, 1.978931151847828e-06, -2.356976649604644e-06, 1.0]",19.948,15.402,1.53,ok,,none,,0,0,0,91c8b6725ea5b3fd117257056f9c9236e5a4ce1c
eval_CoNi-AM90_OM-SEM_Multiscale_0#1,eval_CoNi-AM90_OM-SEM_Multiscale_0,Multiscale,CoNi-AM90_OM-SEM_Multiscale,arm1,ma_roma,pyramid_v2,none,0,2048,3072,1320,1507,8,10000,9789,homography@direct+zoom,"[0.8183475444738308, 0.013630655630038166, 545.2604706492901, -0.006079098815418464, 0.8200430866050843, 422.5102287207485, 4.138299806991277e-07, -2.6950474201595743e-06, 1.0]",19.582,14.678,5.03,ok,,none,,0,0,0,91c8b6725ea5b3fd117257056f9c9236e5a4ce1c
eval_CoNi-AM90_SEM-DIC_EBSD_SlipPartitioning_0#19,eval_CoNi-AM90_SEM-DIC_EBSD_SlipPartitioning_0,SlipPartitioning,CoNi-AM90_SEM-DIC_EBSD_SlipPartitioning,arm1,ma_roma,direct,none,0,1309,1493,13333,13333,20,10000,306,homography,"[0.11058007892854686, -0.004515357854885946, 32.81918290695057, -4.564095223346634e-05, 0.07518249285852982, -98.62876030640562, 2.5020340108212313e-06, -2.654298347883368e-06, 1.0]",297.914,244.428,7.07,ok,,none,,0,0,0,91c8b6725ea5b3fd117257056f9c9236e5a4ce1c
eval_CoNi-AM90_SEM-DIC_EBSD_SlipPartitioning_0#19,eval_CoNi-AM90_SEM-DIC_EBSD_SlipPartitioning_0,SlipPartitioning,CoNi-AM90_SEM-DIC_EBSD_SlipPartitioning,arm1,ma_roma,pyramid_v2,none,0,1309,1493,13333,13333,20,10000,306,homography@direct,"[0.11058007892854686, -0.004515357854885946, 32.81918290695057, -4.564095223346634e-05, 0.07518249285852982, -98.62876030640562, 2.5020340108212313e-06, -2.654298347883368e-06, 1.0]",297.914,244.428,7.25,ok,,none,,0,0,0,91c8b6725ea5b3fd117257056f9c9236e5a4ce1c
eval_CoNi-AM90_SEM-DIC_EBSD_SlipPartitioning_0#23,eval_CoNi-AM90_SEM-DIC_EBSD_SlipPartitioning_0,SlipPartitioning,CoNi-AM90_SEM-DIC_EBSD_SlipPartitioning,arm1,ma_roma,direct,none,0,1309,1493,13333,13333,20,10000,405,homography,"[0.3047888055219767, 0.0055387915880187955, -215.8747030482963, 0.09704727279037917, 0.26427170428777236, -1348.6286334766496, 2.486326340499537e-05, 7.051661996052117e-05, 1.0]",684.784,716.527,8.37,ok,,none,,0,0,0,91c8b6725ea5b3fd117257056f9c9236e5a4ce1c
eval_CoNi-AM90_SEM-DIC_EBSD_SlipPartitioning_0#23,eval_CoNi-AM90_SEM-DIC_EBSD_SlipPartitioning_0,SlipPartitioning,CoNi-AM90_SEM-DIC_EBSD_SlipPartitioning,arm1,ma_roma,pyramid_v2,none,0,1309,1493,13333,13333,20,10000,405,homography@direct,"[0.3047888055219767, 0.0055387915880187955, -215.8747030482963, 0.09704727279037917, 0.26427170428777236, -1348.6286334766496, 2.486326340499537e-05, 7.051661996052117e-05, 1.0]",684.784,716.527,7.51,ok,,none,,0,0,0,91c8b6725ea5b3fd117257056f9c9236e5a4ce1c
eval_CoNi-AM90_SEM-DIC_EBSD_SlipPartitioning_0#24,eval_CoNi-AM90_SEM-DIC_EBSD_SlipPartitioning_0,SlipPartitioning,CoNi-AM90_SEM-DIC_EBSD_SlipPartitioning,arm1,ma_roma,direct,none,0,1309,1493,13333,13333,20,10000,260,affine,"[0.06480377893341793, 0.025528477898632208, -70.90963575956278, -0.0021779169195652545, 0.0368963156363633, 36.29256777376099, 0.0, 0.0, 1.0]",464.946,452.845,8.12,ok,,none,,0,0,0,91c8b6725ea5b3fd117257056f9c9236e5a4ce1c
eval_CoNi-AM90_SEM-DIC_EBSD_SlipPartitioning_0#24,eval_CoNi-AM90_SEM-DIC_EBSD_SlipPartitioning_0,SlipPartitioning,CoNi-AM90_SEM-DIC_EBSD_SlipPartitioning,arm1,ma_roma,pyramid_v2,none,0,1309,1493,13333,13333,20,10000,260,affine@direct,"[0.06480377893341793, 0.025528477898632208, -70.90963575956278, -0.0021779169195652545, 0.0368963156363633, 36.29256777376099, 0.0, 0.0, 1.0]",464.946,452.845,11.85,ok,,none,,0,0,0,91c8b6725ea5b3fd117257056f9c9236e5a4ce1c
eval_CoNi-AM90_SEM-EBSD_SameSlice_0#4,eval_CoNi-AM90_SEM-EBSD_SameSlice_0,SameSlice,CoNi-AM90_SEM-EBSD_SameSlice,arm1,ma_roma,direct,none,0,1309,1493,12148,13089,47,10000,133,affine,"[0.15794172345648, 0.003602142478399158, -351.0309925096935, -0.008661404712736938, 0.14190322326318064, -281.66598647470255, 0.0, 0.0, 1.0]",215.228,225.075,6.74,ok,,none,,0,0,0,91c8b6725ea5b3fd117257056f9c9236e5a4ce1c
eval_CoNi-AM90_SEM-EBSD_SameSlice_0#4,eval_CoNi-AM90_SEM-EBSD_SameSlice_0,SameSlice,CoNi-AM90_SEM-EBSD_SameSlice,arm1,ma_roma,pyramid_v2,none,0,1309,1493,12148,13089,47,10000,133,affine@direct,"[0.15794172345648, 0.003602142478399158, -351.0309925096935, -0.008661404712736938, 0.14190322326318064, -281.66598647470255, 0.0, 0.0, 1.0]",215.228,225.075,6.86,ok,,none,,0,0,0,91c8b6725ea5b3fd117257056f9c9236e5a4ce1c
eval_In718-PrecipitationStrengthened_SEM-BSE_EBSD_SameSliceSerialSectioning_2#0,eval_In718-PrecipitationStrengthened_SEM-BSE_EBSD_SameSliceSerialSectioning_2,SerialSectioning,In718-PrecipitationStrengthened_SEM-BSE_EBSD_SameSliceSerialSectioning,arm1,ma_roma,direct,none,0,4096,6144,451,671,46,10000,1182,affine,"[5.400412079390038, 0.06360797205642672, 1862.6411054637476, -0.4054730866091669, 5.525476192524685, 318.60089023186936, 0.0, 0.0, 1.0]",19.644,16.085,1.79,ok,,none,,0,0,0,91c8b6725ea5b3fd117257056f9c9236e5a4ce1c
eval_In718-PrecipitationStrengthened_SEM-BSE_EBSD_SameSliceSerialSectioning_2#0,eval_In718-PrecipitationStrengthened_SEM-BSE_EBSD_SameSliceSerialSectioning_2,SerialSectioning,In718-PrecipitationStrengthened_SEM-BSE_EBSD_SameSliceSerialSectioning,arm1,ma_roma,pyramid_v2,none,0,4096,6144,451,671,46,10000,1652,affine@direct+zoom,"[5.3827623895434265, 0.05262651221498646, 1871.694248581633, -0.385707927864544, 5.533312794881987, 308.9342325451554, 0.0, 0.0, 1.0]",18.544,13.793,5.10,ok,,none,,0,0,0,91c8b6725ea5b3fd117257056f9c9236e5a4ce1c
eval_In718-PrecipitationStrengthened_SEM-DIC_EBSD_SlipPartitioning_0#0,eval_In718-PrecipitationStrengthened_SEM-DIC_EBSD_SlipPartitioning_0,SlipPartitioning,In718-PrecipitationStrengthened_SEM-DIC_EBSD_SlipPartitioning,arm1,ma_roma,direct,none,0,526,549,9058,9052,56,10000,1139,homography,"[0.013009726570998865, 0.003049313098903381, 225.0168137745123, -0.0002981167582051554, -0.016736782207506764, 361.5714127567003, 3.256114167901318e-05, -4.0971302898085714e-05, 1.0]",201.563,205.996,2.99,ok,,none,,0,0,0,91c8b6725ea5b3fd117257056f9c9236e5a4ce1c
eval_In718-PrecipitationStrengthened_SEM-DIC_EBSD_SlipPartitioning_0#0,eval_In718-PrecipitationStrengthened_SEM-DIC_EBSD_SlipPartitioning_0,SlipPartitioning,In718-PrecipitationStrengthened_SEM-DIC_EBSD_SlipPartitioning,arm1,ma_roma,pyramid_v2,none,0,526,549,9058,9052,56,10000,3352,homography@direct+zoom,"[0.017832601755634683, -0.007764750506936036, 206.0324081681783, -0.0024750521897232416, 0.0009573101790258256, 248.032479577049, -1.524344676181739e-05, -3.173788037587958e-05, 1.0]",158.921,172.593,12.13,ok,,none,,0,0,0,91c8b6725ea5b3fd117257056f9c9236e5a4ce1c
eval_In718-SolutionStrengthened_SEM-SE_EBSD_SameSliceSerialSectioning_0#3,eval_In718-SolutionStrengthened_SEM-SE_EBSD_SameSliceSerialSectioning_0,SerialSectioning,In718-SolutionStrengthened_SEM-SE_EBSD_SameSliceSerialSectioning,arm1,ma_roma,direct,none,0,433,512,1536,1024,39,10000,1153,affine,"[0.5057505636233013, -0.01405597168520762, 4.0368636518525705, 0.055444268956796064, 0.3461730536914798, -50.72795201268963, 0.0, 0.0, 1.0]",236.171,248.079,1.59,ok,,none,,0,0,0,91c8b6725ea5b3fd117257056f9c9236e5a4ce1c
eval_In718-SolutionStrengthened_SEM-SE_EBSD_SameSliceSerialSectioning_0#3,eval_In718-SolutionStrengthened_SEM-SE_EBSD_SameSliceSerialSectioning_0,SerialSectioning,In718-SolutionStrengthened_SEM-SE_EBSD_SameSliceSerialSectioning,arm1,ma_roma,pyramid_v2,none,0,433,512,1536,1024,39,10000,1153,affine@direct,"[0.5057505636233013, -0.01405597168520762, 4.0368636518525705, 0.055444268956796064, 0.3461730536914798, -50.72795201268963, 0.0, 0.0, 1.0]",236.171,248.079,1.49,ok,,none,,0,0,0,91c8b6725ea5b3fd117257056f9c9236e5a4ce1c
eval_TRIP1-Bainitic_LOM_SEM_EBSD_Multiscale_0#6,eval_TRIP1-Bainitic_LOM_SEM_EBSD_Multiscale_0,Multiscale,TRIP1-Bainitic_LOM_SEM_EBSD_Multiscale,arm1,ma_roma,direct,none,0,3479,3255,2452,2226,54,10000,836,affine,"[0.7477502697295088, -0.16389066530732263, -183.62216890372065, 0.14484671888927825, 0.7943277568804001, 751.2646492498775, 0.0, 0.0, 1.0]",72.031,66.201,1.68,ok,,none,,0,0,0,91c8b6725ea5b3fd117257056f9c9236e5a4ce1c
eval_TRIP1-Bainitic_LOM_SEM_EBSD_Multiscale_0#6,eval_TRIP1-Bainitic_LOM_SEM_EBSD_Multiscale_0,Multiscale,TRIP1-Bainitic_LOM_SEM_EBSD_Multiscale,arm1,ma_roma,pyramid_v2,none,0,3479,3255,2452,2226,54,10000,1651,affine@direct+zoom,"[0.7380066618756649, -0.13806001234786916, -201.33336855244465, 0.1447711227645031, 0.6825770824857424, 884.1699790005414, 0.0, 0.0, 1.0]",12.115,10.994,4.96,ok,,none,,0,0,0,91c8b6725ea5b3fd117257056f9c9236e5a4ce1c
eval_Ta-AM-Spalled_SEM-BSE_EBSD_SameSliceSerialSectioning_0#0,eval_Ta-AM-Spalled_SEM-BSE_EBSD_SameSliceSerialSectioning_0,SerialSectioning,Ta-AM-Spalled_SEM-BSE_EBSD_SameSliceSerialSectioning,arm1,ma_roma,direct,none,0,4096,6144,689,709,14,10000,743,affine,"[4.962976133490217, 0.07581402360429029, 1441.3453252005227, -0.4342746269969472, 6.9683950853835945, -305.9497322070624, 0.0, 0.0, 1.0]",80.280,45.970,1.75,ok,,none,,0,0,0,91c8b6725ea5b3fd117257056f9c9236e5a4ce1c
eval_Ta-AM-Spalled_SEM-BSE_EBSD_SameSliceSerialSectioning_0#0,eval_Ta-AM-Spalled_SEM-BSE_EBSD_SameSliceSerialSectioning_0,SerialSectioning,Ta-AM-Spalled_SEM-BSE_EBSD_SameSliceSerialSectioning,arm1,ma_roma,pyramid_v2,none,0,4096,6144,689,709,14,10000,743,affine@direct,"[4.962976133490217, 0.07581402360429029, 1441.3453252005227, -0.4342746269969472, 6.9683950853835945, -305.9497322070624, 0.0, 0.0, 1.0]",80.280,45.970,1.84,ok,,none,,0,0,0,91c8b6725ea5b3fd117257056f9c9236e5a4ce1c
eval_Ta-AM-Spalled_SEM-BSE_EBSD_SameSliceSerialSectioning_0#1,eval_Ta-AM-Spalled_SEM-BSE_EBSD_SameSliceSerialSectioning_0,SerialSectioning,Ta-AM-Spalled_SEM-BSE_EBSD_SameSliceSerialSectioning,arm1,ma_roma,direct,none,0,4096,6144,689,709,14,10000,644,affine,"[4.940340790871417, 0.027851521864580356, 1461.457627538553, -0.33161242775219457, 6.897861770405841, -311.92680716549876, 0.0, 0.0, 1.0]",79.058,40.319,1.77,ok,,none,,0,0,0,91c8b6725ea5b3fd117257056f9c9236e5a4ce1c
eval_Ta-AM-Spalled_SEM-BSE_EBSD_SameSliceSerialSectioning_0#1,eval_Ta-AM-Spalled_SEM-BSE_EBSD_SameSliceSerialSectioning_0,SerialSectioning,Ta-AM-Spalled_SEM-BSE_EBSD_SameSliceSerialSectioning,arm1,ma_roma,pyramid_v2,none,0,4096,6144,689,709,14,10000,644,affine@direct,"[4.940340790871417, 0.027851521864580356, 1461.457627538553, -0.33161242775219457, 6.897861770405841, -311.92680716549876, 0.0, 0.0, 1.0]",79.058,40.319,1.85,ok,,none,,0,0,0,91c8b6725ea5b3fd117257056f9c9236e5a4ce1c
eval_X2CrNi12-Ferritic_SEM-SE-Stitch_EBSD_Fatigue-SameSlice_0#1,eval_X2CrNi12-Ferritic_SEM-SE-Stitch_EBSD_Fatigue-SameSlice_0,SameSlice,X2CrNi12-Ferritic_SEM-SE-Stitch_EBSD_Fatigue-SameSlice,arm1,ma_roma,direct,none,0,4598,7000,1316,2048,100,10000,3051,affine,"[3.099448843311529, -0.041751204395298974, 617.793341324661, 0.10729033353293815, 3.0264331035341416, 515.5122280611424, 0.0, 0.0, 1.0]",24.454,18.908,1.91,ok,,none,,0,0,0,91c8b6725ea5b3fd117257056f9c9236e5a4ce1c
eval_X2CrNi12-Ferritic_SEM-SE-Stitch_EBSD_Fatigue-SameSlice_0#1,eval_X2CrNi12-Ferritic_SEM-SE-Stitch_EBSD_Fatigue-SameSlice_0,SameSlice,X2CrNi12-Ferritic_SEM-SE-Stitch_EBSD_Fatigue-SameSlice,arm1,ma_roma,pyramid_v2,none,0,4598,7000,1316,2048,100,10000,3051,affine@direct,"[3.099448843311529, -0.041751204395298974, 617.793341324661, 0.10729033353293815, 3.0264331035341416, 515.5122280611424, 0.0, 0.0, 1.0]",24.454,18.908,1.86,ok,,none,,0,0,0,91c8b6725ea5b3fd117257056f9c9236e5a4ce1c
eval_X2CrNi12-Ferritic_SEM-SE-Stitch_EBSD_Fatigue-SameSlice_0#2,eval_X2CrNi12-Ferritic_SEM-SE-Stitch_EBSD_Fatigue-SameSlice_0,SameSlice,X2CrNi12-Ferritic_SEM-SE-Stitch_EBSD_Fatigue-SameSlice,arm1,ma_roma,direct,none,0,4598,7000,1316,2048,100,10000,2300,affine,"[3.097882636224751, -0.026429151044482617, 610.7314623202842, 0.10689456857214463, 3.0378003947079733, 509.42125940208416, 0.0, 0.0, 1.0]",23.485,18.220,1.79,ok,,none,,0,0,0,91c8b6725ea5b3fd117257056f9c9236e5a4ce1c
eval_X2CrNi12-Ferritic_SEM-SE-Stitch_EBSD_Fatigue-SameSlice_0#2,eval_X2CrNi12-Ferritic_SEM-SE-Stitch_EBSD_Fatigue-SameSlice_0,SameSlice,X2CrNi12-Ferritic_SEM-SE-Stitch_EBSD_Fatigue-SameSlice,arm1,ma_roma,pyramid_v2,none,0,4598,7000,1316,2048,100,10000,2300,affine@direct,"[3.097882636224751, -0.026429151044482617, 610.7314623202842, 0.10689456857214463, 3.0378003947079733, 509.42125940208416, 0.0, 0.0, 1.0]",23.485,18.220,1.88,ok,,none,,0,0,0,91c8b6725ea5b3fd117257056f9c9236e5a4ce1c
eval_X2CrNi12-Ferritic_SEM-SE-Stitch_EBSD_Fatigue-SameSlice_0#4,eval_X2CrNi12-Ferritic_SEM-SE-Stitch_EBSD_Fatigue-SameSlice_0,SameSlice,X2CrNi12-Ferritic_SEM-SE-Stitch_EBSD_Fatigue-SameSlice,arm1,ma_roma,direct,none,0,4550,7000,1316,2048,129,10000,2181,affine,"[3.0631781083537715, -0.016431546511195317, 132.56676726822207, 0.08390835549444584, 2.9026177859509663, 581.9560307868319, 0.0, 0.0, 1.0]",33.920,17.090,1.95,ok,,none,,0,0,0,91c8b6725ea5b3fd117257056f9c9236e5a4ce1c
eval_X2CrNi12-Ferritic_SEM-SE-Stitch_EBSD_Fatigue-SameSlice_0#4,eval_X2CrNi12-Ferritic_SEM-SE-Stitch_EBSD_Fatigue-SameSlice_0,SameSlice,X2CrNi12-Ferritic_SEM-SE-Stitch_EBSD_Fatigue-SameSlice,arm1,ma_roma,pyramid_v2,none,0,4550,7000,1316,2048,129,10000,2181,affine@direct,"[3.0631781083537715, -0.016431546511195317, 132.56676726822207, 0.08390835549444584, 2.9026177859509663, 581.9560307868319, 0.0, 0.0, 1.0]",33.920,17.090,2.46,ok,,none,,0,0,0,91c8b6725ea5b3fd117257056f9c9236e5a4ce1c
eval_5842WCu-Spalled_SEM-SE_SEM-BSE_Multiscale_0#0,eval_5842WCu-Spalled_SEM-SE_SEM-BSE_Multiscale_0,Multiscale,5842WCu-Spalled_SEM-SE_SEM-BSE_Multiscale,arm1,ma_roma,direct,none,0,467,768,1871,3072,19,10000,461,homography,"[-0.20374724329601185, 0.059709885089922685, 735.9314374997764, 0.07538234565682772, -0.1476841716916975, 304.9293571025756, -3.2605661709821724e-07, 0.00019678378921857438, 1.0]",236.131,256.064,1.54,ok,,sham,bottom,45,177,1,91c8b6725ea5b3fd117257056f9c9236e5a4ce1c
eval_5842WCu-Spalled_SEM-SE_SEM-BSE_Multiscale_0#0,eval_5842WCu-Spalled_SEM-SE_SEM-BSE_Multiscale_0,Multiscale,5842WCu-Spalled_SEM-SE_SEM-BSE_Multiscale,arm1,ma_roma,pyramid_v2,none,0,467,768,1871,3072,19,10000,461,homography@direct,"[-0.20374724329601185, 0.059709885089922685, 735.9314374997764, 0.07538234565682772, -0.1476841716916975, 304.9293571025756, -3.2605661709821724e-07, 0.00019678378921857438, 1.0]",236.131,256.064,1.80,ok,,sham,bottom,45,177,1,91c8b6725ea5b3fd117257056f9c9236e5a4ce1c
eval_AF9628-Martensitic_SEM-SE-Stitch_EBSD_SameSlice_2#1,eval_AF9628-Martensitic_SEM-SE-Stitch_EBSD_SameSlice_2,SameSlice,AF9628-Martensitic_SEM-SE-Stitch_EBSD_SameSlice,arm1,ma_roma,direct,none,0,1823,4096,4699,8831,37,10000,1066,affine,"[0.3757430612834747, -0.003087810482118808, 610.8725803358591, -0.001561017367108357, 0.373175395556226, 18.93333990639985, 0.0, 0.0, 1.0]",5.377,5.453,2.61,ok,,sham,bottom,172,443,6,91c8b6725ea5b3fd117257056f9c9236e5a4ce1c
eval_AF9628-Martensitic_SEM-SE-Stitch_EBSD_SameSlice_2#1,eval_AF9628-Martensitic_SEM-SE-Stitch_EBSD_SameSlice_2,SameSlice,AF9628-Martensitic_SEM-SE-Stitch_EBSD_SameSlice,arm1,ma_roma,pyramid_v2,none,0,1823,4096,4699,8831,37,10000,1066,affine@direct,"[0.3757430612834747, -0.003087810482118808, 610.8725803358591, -0.001561017367108357, 0.373175395556226, 18.93333990639985, 0.0, 0.0, 1.0]",5.377,5.453,2.26,ok,,sham,bottom,172,443,6,91c8b6725ea5b3fd117257056f9c9236e5a4ce1c
eval_CoNi-AM67_SEM-EBSD_SameSliceSerialSectioning_0#0,eval_CoNi-AM67_SEM-EBSD_SameSliceSerialSectioning_0,SerialSectioning,CoNi-AM67_SEM-EBSD_SameSliceSerialSectioning,arm1,ma_roma,direct,none,0,1871,3072,558,721,17,10000,919,affine,"[2.671276992238836, -0.0526040880080284, 595.3208972041326, -0.0864884481752181, 3.6627135740635786, 25.959745372112593, 0.0, 0.0, 1.0]",37.837,19.595,1.52,ok,,sham,bottom,177,53,2,91c8b6725ea5b3fd117257056f9c9236e5a4ce1c
eval_CoNi-AM67_SEM-EBSD_SameSliceSerialSectioning_0#0,eval_CoNi-AM67_SEM-EBSD_SameSliceSerialSectioning_0,SerialSectioning,CoNi-AM67_SEM-EBSD_SameSliceSerialSectioning,arm1,ma_roma,pyramid_v2,none,0,1871,3072,558,721,17,10000,919,affine@direct,"[2.671276992238836, -0.0526040880080284, 595.3208972041326, -0.0864884481752181, 3.6627135740635786, 25.959745372112593, 0.0, 0.0, 1.0]",37.837,19.595,1.60,ok,,sham,bottom,177,53,2,91c8b6725ea5b3fd117257056f9c9236e5a4ce1c
eval_CoNi-AM67_SEM-EBSD_SameSliceSerialSectioning_0#4,eval_CoNi-AM67_SEM-EBSD_SameSliceSerialSectioning_0,SerialSectioning,CoNi-AM67_SEM-EBSD_SameSliceSerialSectioning,arm1,ma_roma,direct,none,0,1871,3072,558,721,17,10000,380,affine,"[2.321118447812386, -0.011369361161523062, 610.5170390266059, -0.04125985939804761, 3.5766048360737184, 74.22242999601735, 0.0, 0.0, 1.0]",126.576,143.879,1.55,ok,,sham,bottom,177,53,2,91c8b6725ea5b3fd117257056f9c9236e5a4ce1c
eval_CoNi-AM67_SEM-EBSD_SameSliceSerialSectioning_0#4,eval_CoNi-AM67_SEM-EBSD_SameSliceSerialSectioning_0,SerialSectioning,CoNi-AM67_SEM-EBSD_SameSliceSerialSectioning,arm1,ma_roma,pyramid_v2,none,0,1871,3072,558,721,17,10000,380,affine@direct,"[2.321118447812386, -0.011369361161523062, 610.5170390266059, -0.04125985939804761, 3.5766048360737184, 74.22242999601735, 0.0, 0.0, 1.0]",126.576,143.879,1.53,ok,,sham,bottom,177,53,2,91c8b6725ea5b3fd117257056f9c9236e5a4ce1c
eval_CoNi-AM67_SEM-EBSD_SameSliceSerialSectioning_1#4,eval_CoNi-AM67_SEM-EBSD_SameSliceSerialSectioning_1,SerialSectioning,CoNi-AM67_SEM-EBSD_SameSliceSerialSectioning,arm1,ma_roma,direct,none,0,1871,3072,488,587,14,10000,555,homography,"[3.4779432278857976, 0.23001348526284648, 628.1334720784737, 0.4045667541037133, 3.8918825825941754, 108.30068820804922, 0.0003783100630965391, 0.0001925743034909273, 1.0]",67.886,46.325,1.50,ok,,sham,bottom,177,46,1,91c8b6725ea5b3fd117257056f9c9236e5a4ce1c
eval_CoNi-AM67_SEM-EBSD_SameSliceSerialSectioning_1#4,eval_CoNi-AM67_SEM-EBSD_SameSliceSerialSectioning_1,SerialSectioning,CoNi-AM67_SEM-EBSD_SameSliceSerialSectioning,arm1,ma_roma,pyramid_v2,none,0,1871,3072,488,587,14,10000,555,homography@direct,"[3.4779432278857976, 0.23001348526284648, 628.1334720784737, 0.4045667541037133, 3.8918825825941754, 108.30068820804922, 0.0003783100630965391, 0.0001925743034909273, 1.0]",67.886,46.325,1.52,ok,,sham,bottom,177,46,1,91c8b6725ea5b3fd117257056f9c9236e5a4ce1c
eval_CoNi-AM67_SEM-EBSD_SameSliceSerialSectioning_2#1,eval_CoNi-AM67_SEM-EBSD_SameSliceSerialSectioning_2,SerialSectioning,CoNi-AM67_SEM-EBSD_SameSliceSerialSectioning,arm1,ma_roma,direct,none,0,1871,3072,488,587,18,10000,519,affine,"[3.0325081081144445, -0.19985918456788201, 749.8898901752741, 0.12946397829759293, 3.8439724073757913, 30.75253071186671, 0.0, 0.0, 1.0]",173.022,180.459,1.51,ok,,sham,bottom,177,46,1,91c8b6725ea5b3fd117257056f9c9236e5a4ce1c
eval_CoNi-AM67_SEM-EBSD_SameSliceSerialSectioning_2#1,eval_CoNi-AM67_SEM-EBSD_SameSliceSerialSectioning_2,SerialSectioning,CoNi-AM67_SEM-EBSD_SameSliceSerialSectioning,arm1,ma_roma,pyramid_v2,none,0,1871,3072,488,587,18,10000,519,affine@direct,"[3.0325081081144445, -0.19985918456788201, 749.8898901752741, 0.12946397829759293, 3.8439724073757913, 30.75253071186671, 0.0, 0.0, 1.0]",173.022,180.459,1.35,ok,,sham,bottom,177,46,1,91c8b6725ea5b3fd117257056f9c9236e5a4ce1c
eval_CoNi-AM90_OM-SEM_Multiscale_0#1,eval_CoNi-AM90_OM-SEM_Multiscale_0,Multiscale,CoNi-AM90_OM-SEM_Multiscale,arm1,ma_roma,direct,none,0,1871,3072,1206,1507,8,10000,5135,homography,"[0.8227840656598072, 0.011334618427049224, 543.4190718441772, -0.004050748764310008, 0.8180661696590991, 422.59356556801913, 2.5447333043211725e-06, -5.299441431877504e-06, 1.0]",20.247,16.211,1.29,ok,,sham,bottom,177,114,1,91c8b6725ea5b3fd117257056f9c9236e5a4ce1c
eval_CoNi-AM90_OM-SEM_Multiscale_0#1,eval_CoNi-AM90_OM-SEM_Multiscale_0,Multiscale,CoNi-AM90_OM-SEM_Multiscale,arm1,ma_roma,pyramid_v2,none,0,1871,3072,1206,1507,8,10000,9891,homography@direct+zoom,"[0.8177514379516574, 0.013358942054638475, 545.5014444210881, -0.006215826926506134, 0.8199429079848767, 422.42988972924474, 1.8535889439329545e-07, -2.86462597164597e-06, 1.0]",19.538,14.705,4.52,ok,,sham,bottom,177,114,1,91c8b6725ea5b3fd117257056f9c9236e5a4ce1c
eval_CoNi-AM90_SEM-DIC_EBSD_SlipPartitioning_0#19,eval_CoNi-AM90_SEM-DIC_EBSD_SlipPartitioning_0,SlipPartitioning,CoNi-AM90_SEM-DIC_EBSD_SlipPartitioning,arm1,ma_roma,direct,none,0,1196,1493,12186,13333,20,10000,299,homography,"[0.13366885767978756, -0.0007702520300098264, 8.3631324782867, 0.007513731009100144, 0.13186168918673985, -677.3800154730864, -6.525146702064702e-05, 5.7122191396051534e-05, 1.0]",828.223,695.065,9.42,ok,,sham,bottom,113,1147,0,91c8b6725ea5b3fd117257056f9c9236e5a4ce1c
eval_CoNi-AM90_SEM-DIC_EBSD_SlipPartitioning_0#19,eval_CoNi-AM90_SEM-DIC_EBSD_SlipPartitioning_0,SlipPartitioning,CoNi-AM90_SEM-DIC_EBSD_SlipPartitioning,arm1,ma_roma,pyramid_v2,none,0,1196,1493,12186,13333,20,10000,299,homography@direct,"[0.13366885767978756, -0.0007702520300098264, 8.3631324782867, 0.007513731009100144, 0.13186168918673985, -677.3800154730864, -6.525146702064702e-05, 5.7122191396051534e-05, 1.0]",828.223,695.065,8.43,ok,,sham,bottom,113,1147,0,91c8b6725ea5b3fd117257056f9c9236e5a4ce1c
eval_CoNi-AM90_SEM-DIC_EBSD_SlipPartitioning_0#23,eval_CoNi-AM90_SEM-DIC_EBSD_SlipPartitioning_0,SlipPartitioning,CoNi-AM90_SEM-DIC_EBSD_SlipPartitioning,arm1,ma_roma,direct,none,0,1196,1493,12186,13333,20,10000,367,homography,"[0.09896102862389931, -0.005382121924600234, 42.29895386990779, -0.002562155334954998, 0.10624335177446786, -154.7022835931361, -7.815434812498077e-06, -1.1227538118799027e-05, 1.0]",424.450,450.621,4.00,ok,,sham,bottom,113,1147,0,91c8b6725ea5b3fd117257056f9c9236e5a4ce1c
eval_CoNi-AM90_SEM-DIC_EBSD_SlipPartitioning_0#23,eval_CoNi-AM90_SEM-DIC_EBSD_SlipPartitioning_0,SlipPartitioning,CoNi-AM90_SEM-DIC_EBSD_SlipPartitioning,arm1,ma_roma,pyramid_v2,none,0,1196,1493,12186,13333,20,10000,367,homography@direct,"[0.09896102862389931, -0.005382121924600234, 42.29895386990779, -0.002562155334954998, 0.10624335177446786, -154.7022835931361, -7.815434812498077e-06, -1.1227538118799027e-05, 1.0]",424.450,450.621,8.55,ok,,sham,bottom,113,1147,0,91c8b6725ea5b3fd117257056f9c9236e5a4ce1c
eval_CoNi-AM90_SEM-DIC_EBSD_SlipPartitioning_0#24,eval_CoNi-AM90_SEM-DIC_EBSD_SlipPartitioning_0,SlipPartitioning,CoNi-AM90_SEM-DIC_EBSD_SlipPartitioning,arm1,ma_roma,direct,none,0,1196,1493,12186,13333,20,10000,365,affine,"[0.0570860254389804, 0.012400140307592749, 113.33562721566318, -0.006734332124706568, 0.0414720692744503, 94.22862431149042, 0.0, 0.0, 1.0]",386.442,382.861,8.85,ok,,sham,bottom,113,1147,0,91c8b6725ea5b3fd117257056f9c9236e5a4ce1c
eval_CoNi-AM90_SEM-DIC_EBSD_SlipPartitioning_0#24,eval_CoNi-AM90_SEM-DIC_EBSD_SlipPartitioning_0,SlipPartitioning,CoNi-AM90_SEM-DIC_EBSD_SlipPartitioning,arm1,ma_roma,pyramid_v2,none,0,1196,1493,12186,13333,20,10000,298,affine@direct+zoom,"[0.09716750598608004, -0.023901066811367014, 285.86525483772846, 0.020940554213790718, 0.05153200841639267, -453.3474657379465, 0.0, 0.0, 1.0]",510.364,489.420,24.88,ok,,sham,bottom,113,1147,0,91c8b6725ea5b3fd117257056f9c9236e5a4ce1c
eval_CoNi-AM90_SEM-EBSD_SameSlice_0#4,eval_CoNi-AM90_SEM-EBSD_SameSlice_0,SameSlice,CoNi-AM90_SEM-EBSD_SameSlice,arm1,ma_roma,direct,none,0,1196,1493,11103,13089,47,10000,484,affine,"[0.14031078554538728, 0.0030333020339749378, -183.67846119271246, 0.0002178325512741919, 0.10572878879544623, 44.489120770595775, 0.0, 0.0, 1.0]",121.326,114.900,7.61,ok,,sham,bottom,113,1045,4,91c8b6725ea5b3fd117257056f9c9236e5a4ce1c
eval_CoNi-AM90_SEM-EBSD_SameSlice_0#4,eval_CoNi-AM90_SEM-EBSD_SameSlice_0,SameSlice,CoNi-AM90_SEM-EBSD_SameSlice,arm1,ma_roma,pyramid_v2,none,0,1196,1493,11103,13089,47,10000,484,affine@direct,"[0.14031078554538728, 0.0030333020339749378, -183.67846119271246, 0.0002178325512741919, 0.10572878879544623, 44.489120770595775, 0.0, 0.0, 1.0]",121.326,114.900,7.65,ok,,sham,bottom,113,1045,4,91c8b6725ea5b3fd117257056f9c9236e5a4ce1c
eval_In718-PrecipitationStrengthened_SEM-BSE_EBSD_SameSliceSerialSectioning_2#0,eval_In718-PrecipitationStrengthened_SEM-BSE_EBSD_SameSliceSerialSectioning_2,SerialSectioning,In718-PrecipitationStrengthened_SEM-BSE_EBSD_SameSliceSerialSectioning,arm1,ma_roma,direct,none,0,3743,6144,412,671,46,10000,822,affine,"[5.408577969692033, 0.030838984202210408, 1862.3660418013194, -0.4471931965608214, 5.689333309219091, 308.76237334582834, 0.0, 0.0, 1.0]",35.545,34.436,2.31,ok,,sham,bottom,353,39,8,91c8b6725ea5b3fd117257056f9c9236e5a4ce1c
eval_In718-PrecipitationStrengthened_SEM-BSE_EBSD_SameSliceSerialSectioning_2#0,eval_In718-PrecipitationStrengthened_SEM-BSE_EBSD_SameSliceSerialSectioning_2,SerialSectioning,In718-PrecipitationStrengthened_SEM-BSE_EBSD_SameSliceSerialSectioning,arm1,ma_roma,pyramid_v2,none,0,3743,6144,412,671,46,10000,822,affine@direct,"[5.408577969692033, 0.030838984202210408, 1862.3660418013194, -0.4471931965608214, 5.689333309219091, 308.76237334582834, 0.0, 0.0, 1.0]",35.545,34.436,2.33,ok,,sham,bottom,353,39,8,91c8b6725ea5b3fd117257056f9c9236e5a4ce1c
eval_In718-PrecipitationStrengthened_SEM-DIC_EBSD_SlipPartitioning_0#0,eval_In718-PrecipitationStrengthened_SEM-DIC_EBSD_SlipPartitioning_0,SlipPartitioning,In718-PrecipitationStrengthened_SEM-DIC_EBSD_SlipPartitioning,arm1,ma_roma,direct,none,0,480,549,8279,9052,56,10000,1030,affine,"[0.008783986578189604, 0.019016108577160563, 192.06796381060704, -0.0035472486414400736, 0.01333405816417769, 213.95643593733047, 0.0, 0.0, 1.0]",168.236,188.454,4.38,ok,,sham,bottom,46,779,2,91c8b6725ea5b3fd117257056f9c9236e5a4ce1c
eval_In718-PrecipitationStrengthened_SEM-DIC_EBSD_SlipPartitioning_0#0,eval_In718-PrecipitationStrengthened_SEM-DIC_EBSD_SlipPartitioning_0,SlipPartitioning,In718-PrecipitationStrengthened_SEM-DIC_EBSD_SlipPartitioning,arm1,ma_roma,pyramid_v2,none,0,480,549,8279,9052,56,10000,1952,homography@direct+zoom,"[0.020945413559333874, -0.0044974356959459495, 159.2862831131584, -0.02776208891056856, 0.02921590758417936, 144.19871624829486, -7.260253849261491e-05, 3.2054951161354043e-06, 1.0]",133.943,121.545,9.15,ok,,sham,bottom,46,779,2,91c8b6725ea5b3fd117257056f9c9236e5a4ce1c
eval_In718-SolutionStrengthened_SEM-SE_EBSD_SameSliceSerialSectioning_0#3,eval_In718-SolutionStrengthened_SEM-SE_EBSD_SameSliceSerialSectioning_0,SerialSectioning,In718-SolutionStrengthened_SEM-SE_EBSD_SameSliceSerialSectioning,arm1,ma_roma,direct,none,0,395,512,1403,1024,39,10000,2594,affine,"[0.45256911931030236, -0.08979268183831166, 33.22451223172874, 0.01076065803687883, 0.26973633815372916, -47.90032637215494, 0.0, 0.0, 1.0]",231.329,232.395,1.42,ok,,sham,bottom,38,133,0,91c8b6725ea5b3fd117257056f9c9236e5a4ce1c
eval_In718-SolutionStrengthened_SEM-SE_EBSD_SameSliceSerialSectioning_0#3,eval_In718-SolutionStrengthened_SEM-SE_EBSD_SameSliceSerialSectioning_0,SerialSectioning,In718-SolutionStrengthened_SEM-SE_EBSD_SameSliceSerialSectioning,arm1,ma_roma,pyramid_v2,none,0,395,512,1403,1024,39,10000,2594,affine@direct,"[0.45256911931030236, -0.08979268183831166, 33.22451223172874, 0.01076065803687883, 0.26973633815372916, -47.90032637215494, 0.0, 0.0, 1.0]",231.329,232.395,1.42,ok,,sham,bottom,38,133,0,91c8b6725ea5b3fd117257056f9c9236e5a4ce1c
eval_TRIP1-Bainitic_LOM_SEM_EBSD_Multiscale_0#6,eval_TRIP1-Bainitic_LOM_SEM_EBSD_Multiscale_0,Multiscale,TRIP1-Bainitic_LOM_SEM_EBSD_Multiscale,arm1,ma_roma,direct,none,0,3179,3255,2241,2226,54,10000,1110,affine,"[0.7560039611331436, -0.22065727534824453, -126.14348955193367, 0.16451937445638573, 0.7078581187873758, 828.1181878698718, 0.0, 0.0, 1.0]",56.752,61.025,1.63,ok,,sham,bottom,300,211,5,91c8b6725ea5b3fd117257056f9c9236e5a4ce1c
eval_TRIP1-Bainitic_LOM_SEM_EBSD_Multiscale_0#6,eval_TRIP1-Bainitic_LOM_SEM_EBSD_Multiscale_0,Multiscale,TRIP1-Bainitic_LOM_SEM_EBSD_Multiscale,arm1,ma_roma,pyramid_v2,none,0,3179,3255,2241,2226,54,10000,1610,affine@direct+zoom,"[0.714188118871324, -0.1418191958447472, -170.6497750424246, 0.1660163097097209, 0.6826848356220658, 856.3249734947055, 0.0, 0.0, 1.0]",10.196,8.534,4.89,ok,,sham,bottom,300,211,5,91c8b6725ea5b3fd117257056f9c9236e5a4ce1c
eval_Ta-AM-Spalled_SEM-BSE_EBSD_SameSliceSerialSectioning_0#0,eval_Ta-AM-Spalled_SEM-BSE_EBSD_SameSliceSerialSectioning_0,SerialSectioning,Ta-AM-Spalled_SEM-BSE_EBSD_SameSliceSerialSectioning,arm1,ma_roma,direct,none,0,3743,6144,629,709,14,10000,749,affine,"[4.953837280655801, 0.02192122104173273, 1462.1026314541468, -0.26522929791014244, 6.614071436763031, -256.63689382483153, 0.0, 0.0, 1.0]",74.275,57.552,2.36,ok,,sham,bottom,353,60,3,91c8b6725ea5b3fd117257056f9c9236e5a4ce1c
eval_Ta-AM-Spalled_SEM-BSE_EBSD_SameSliceSerialSectioning_0#0,eval_Ta-AM-Spalled_SEM-BSE_EBSD_SameSliceSerialSectioning_0,SerialSectioning,Ta-AM-Spalled_SEM-BSE_EBSD_SameSliceSerialSectioning,arm1,ma_roma,pyramid_v2,none,0,3743,6144,629,709,14,10000,749,affine@direct,"[4.953837280655801, 0.02192122104173273, 1462.1026314541468, -0.26522929791014244, 6.614071436763031, -256.63689382483153, 0.0, 0.0, 1.0]",74.275,57.552,2.35,ok,,sham,bottom,353,60,3,91c8b6725ea5b3fd117257056f9c9236e5a4ce1c
eval_Ta-AM-Spalled_SEM-BSE_EBSD_SameSliceSerialSectioning_0#1,eval_Ta-AM-Spalled_SEM-BSE_EBSD_SameSliceSerialSectioning_0,SerialSectioning,Ta-AM-Spalled_SEM-BSE_EBSD_SameSliceSerialSectioning,arm1,ma_roma,direct,none,0,3743,6144,629,709,14,10000,542,affine,"[5.129546711724491, 0.0909660942970964, 1378.8498747241968, -0.31203547261313874, 6.621014327994919, -239.96267287364253, 0.0, 0.0, 1.0]",81.582,70.505,2.19,ok,,sham,bottom,353,60,3,91c8b6725ea5b3fd117257056f9c9236e5a4ce1c
eval_Ta-AM-Spalled_SEM-BSE_EBSD_SameSliceSerialSectioning_0#1,eval_Ta-AM-Spalled_SEM-BSE_EBSD_SameSliceSerialSectioning_0,SerialSectioning,Ta-AM-Spalled_SEM-BSE_EBSD_SameSliceSerialSectioning,arm1,ma_roma,pyramid_v2,none,0,3743,6144,629,709,14,10000,542,affine@direct,"[5.129546711724491, 0.0909660942970964, 1378.8498747241968, -0.31203547261313874, 6.621014327994919, -239.96267287364253, 0.0, 0.0, 1.0]",81.582,70.505,2.37,ok,,sham,bottom,353,60,3,91c8b6725ea5b3fd117257056f9c9236e5a4ce1c
eval_X2CrNi12-Ferritic_SEM-SE-Stitch_EBSD_Fatigue-SameSlice_0#1,eval_X2CrNi12-Ferritic_SEM-SE-Stitch_EBSD_Fatigue-SameSlice_0,SameSlice,X2CrNi12-Ferritic_SEM-SE-Stitch_EBSD_Fatigue-SameSlice,arm1,ma_roma,direct,none,0,4202,7000,1202,2048,100,10000,2281,affine,"[3.100165446717171, -0.023009605612586876, 607.6010169317242, 0.1043299294125885, 3.044280858311635, 509.66888128646474, 0.0, 0.0, 1.0]",24.092,17.383,2.76,ok,,sham,bottom,396,114,1,91c8b6725ea5b3fd117257056f9c9236e5a4ce1c
eval_X2CrNi12-Ferritic_SEM-SE-Stitch_EBSD_Fatigue-SameSlice_0#1,eval_X2CrNi12-Ferritic_SEM-SE-Stitch_EBSD_Fatigue-SameSlice_0,SameSlice,X2CrNi12-Ferritic_SEM-SE-Stitch_EBSD_Fatigue-SameSlice,arm1,ma_roma,pyramid_v2,none,0,4202,7000,1202,2048,100,10000,2281,affine@direct,"[3.100165446717171, -0.023009605612586876, 607.6010169317242, 0.1043299294125885, 3.044280858311635, 509.66888128646474, 0.0, 0.0, 1.0]",24.092,17.383,1.84,ok,,sham,bottom,396,114,1,91c8b6725ea5b3fd117257056f9c9236e5a4ce1c
eval_X2CrNi12-Ferritic_SEM-SE-Stitch_EBSD_Fatigue-SameSlice_0#2,eval_X2CrNi12-Ferritic_SEM-SE-Stitch_EBSD_Fatigue-SameSlice_0,SameSlice,X2CrNi12-Ferritic_SEM-SE-Stitch_EBSD_Fatigue-SameSlice,arm1,ma_roma,direct,none,0,4202,7000,1202,2048,100,10000,2323,affine,"[3.098203961999475, -0.045222628646467186, 623.3073478279266, 0.10847481283756853, 3.018366821706888, 520.7709006151917, 0.0, 0.0, 1.0]",25.119,18.911,1.77,ok,,sham,bottom,396,114,1,91c8b6725ea5b3fd117257056f9c9236e5a4ce1c
eval_X2CrNi12-Ferritic_SEM-SE-Stitch_EBSD_Fatigue-SameSlice_0#2,eval_X2CrNi12-Ferritic_SEM-SE-Stitch_EBSD_Fatigue-SameSlice_0,SameSlice,X2CrNi12-Ferritic_SEM-SE-Stitch_EBSD_Fatigue-SameSlice,arm1,ma_roma,pyramid_v2,none,0,4202,7000,1202,2048,100,10000,2323,affine@direct,"[3.098203961999475, -0.045222628646467186, 623.3073478279266, 0.10847481283756853, 3.018366821706888, 520.7709006151917, 0.0, 0.0, 1.0]",25.119,18.911,1.78,ok,,sham,bottom,396,114,1,91c8b6725ea5b3fd117257056f9c9236e5a4ce1c
eval_X2CrNi12-Ferritic_SEM-SE-Stitch_EBSD_Fatigue-SameSlice_0#4,eval_X2CrNi12-Ferritic_SEM-SE-Stitch_EBSD_Fatigue-SameSlice_0,SameSlice,X2CrNi12-Ferritic_SEM-SE-Stitch_EBSD_Fatigue-SameSlice,arm1,ma_roma,direct,none,0,4158,7000,1202,2048,129,10000,2264,affine,"[3.0780724544139186, -0.007190138085356288, 107.04664196241492, 0.10143234588736198, 3.029838303089516, 476.7537582218081, 0.0, 0.0, 1.0]",27.855,15.546,1.76,ok,,sham,bottom,392,114,1,91c8b6725ea5b3fd117257056f9c9236e5a4ce1c
eval_X2CrNi12-Ferritic_SEM-SE-Stitch_EBSD_Fatigue-SameSlice_0#4,eval_X2CrNi12-Ferritic_SEM-SE-Stitch_EBSD_Fatigue-SameSlice_0,SameSlice,X2CrNi12-Ferritic_SEM-SE-Stitch_EBSD_Fatigue-SameSlice,arm1,ma_roma,pyramid_v2,none,0,4158,7000,1202,2048,129,10000,2264,affine@direct,"[3.0780724544139186, -0.007190138085356288, 107.04664196241492, 0.10143234588736198, 3.029838303089516, 476.7537582218081, 0.0, 0.0, 1.0]",27.855,15.546,1.77,ok,,sham,bottom,392,114,1,91c8b6725ea5b3fd117257056f9c9236e5a4ce1c
